contestId,contestName,handle,rank,ratingUpdateTimeSeconds,oldRating,newRating
2040,Codeforces Round 992 (Div. 2),daniel6202,1,1733675700,0,999
2040,Codeforces Round 992 (Div. 2),younesg,2,1733675700,1593,2022
2040,Codeforces Round 992 (Div. 2),houseof,3,1733675700,1776,2109
2040,Codeforces Round 992 (Div. 2),HUST_USELESS,4,1733675700,1881,2214
2040,Codeforces Round 992 (Div. 2),FatihCihan,5,1733675700,1979,2214
2040,Codeforces Round 992 (Div. 2),chenlinxuan0226,6,1733675700,1896,2147
2040,Codeforces Round 992 (Div. 2),Constantor,7,1733675700,1409,1822
2040,Codeforces Round 992 (Div. 2),nai_he,8,1733675700,1883,2123
2040,Codeforces Round 992 (Div. 2),patatapum,9,1733675700,1708,2050
2040,Codeforces Round 992 (Div. 2),JOliva,10,1733675700,2045,2223
2040,Codeforces Round 992 (Div. 2),KKT_89,11,1733675700,1642,1946
2040,Codeforces Round 992 (Div. 2),lmao_ded1309,12,1733675700,1768,2020
2040,Codeforces Round 992 (Div. 2),RaresPoinaru,12,1733675700,1891,2103
2040,Codeforces Round 992 (Div. 2),zxc3,14,1733675700,1625,1922
2040,Codeforces Round 992 (Div. 2),sbugnf,15,1733675700,1922,2172
2040,Codeforces Round 992 (Div. 2),Mango2011,16,1733675700,2015,2178
2040,Codeforces Round 992 (Div. 2),OdtreeKing,17,1733675700,1287,1753
2040,Codeforces Round 992 (Div. 2),coach_daukah,18,1733675700,2080,2219
2040,Codeforces Round 992 (Div. 2),gxd,19,1733675700,1872,2071
2040,Codeforces Round 992 (Div. 2),XiaY,20,1733675700,2096,2225
2040,Codeforces Round 992 (Div. 2),EchoLisa,21,1733675700,1695,2001
2040,Codeforces Round 992 (Div. 2),chennie,22,1733675700,1989,2144
2040,Codeforces Round 992 (Div. 2),candy0014,23,1733675700,1835,2036
2040,Codeforces Round 992 (Div. 2),kasssa,24,1733675700,0,845
2040,Codeforces Round 992 (Div. 2),sechphanhaiminh,25,1733675700,1860,2105
2040,Codeforces Round 992 (Div. 2),MagnusCarlsen321,26,1733675700,2027,2165
2040,Codeforces Round 992 (Div. 2),mban259,27,1733675700,2096,2212
2040,Codeforces Round 992 (Div. 2),aastik231205,28,1733675700,1991,2136
2040,Codeforces Round 992 (Div. 2),chengke,29,1733675700,2033,2164
2040,Codeforces Round 992 (Div. 2),ZN-ACE,30,1733675700,1949,2103
2040,Codeforces Round 992 (Div. 2),ahmetalp,31,1733675700,2081,2194
2040,Codeforces Round 992 (Div. 2),aryan12,32,1733675700,2037,2161
2040,Codeforces Round 992 (Div. 2),p__ce1052,33,1733675700,1906,2068
2040,Codeforces Round 992 (Div. 2),nathanballman,34,1733675700,1758,1966
2040,Codeforces Round 992 (Div. 2),Shihaowen,35,1733675700,2077,2185
2040,Codeforces Round 992 (Div. 2),adsadsdsad,36,1733675700,1356,1701
2040,Codeforces Round 992 (Div. 2),8061Mercury,37,1733675700,1576,1890
2040,Codeforces Round 992 (Div. 2),baoziiQwQ,38,1733675700,1794,1984
2040,Codeforces Round 992 (Div. 2),Hurrikale,39,1733675700,2001,2126
2040,Codeforces Round 992 (Div. 2),SirOcylder,40,1733675700,787,1360
2040,Codeforces Round 992 (Div. 2),SilverReverie,41,1733675700,1075,1567
2040,Codeforces Round 992 (Div. 2),Nyyeous,42,1733675700,1964,2131
2040,Codeforces Round 992 (Div. 2),idtagirm,43,1733675700,1334,1677
2040,Codeforces Round 992 (Div. 2),oval_m,44,1733675700,2078,2174
2040,Codeforces Round 992 (Div. 2),HuaXinCai,44,1733675700,2003,2120
2040,Codeforces Round 992 (Div. 2),silverfish,46,1733675700,1855,2016
2040,Codeforces Round 992 (Div. 2),BigSmurf,47,1733675700,2072,2167
2040,Codeforces Round 992 (Div. 2),ji_114514,48,1733675700,2045,2147
2040,Codeforces Round 992 (Div. 2),Yourmomfat,49,1733675700,1876,2027
2040,Codeforces Round 992 (Div. 2),leolin0214,50,1733675700,1967,2089
2040,Codeforces Round 992 (Div. 2),wanggiaoxing,51,1733675700,2035,2137
2040,Codeforces Round 992 (Div. 2),Wildfire032,52,1733675700,2076,2165
2040,Codeforces Round 992 (Div. 2),MEDXXE,53,1733675700,2019,2123
2040,Codeforces Round 992 (Div. 2),oqmsac,54,1733675700,2096,2178
2040,Codeforces Round 992 (Div. 2),MrPython,55,1733675700,2046,2141
2040,Codeforces Round 992 (Div. 2),maxK99,56,1733675700,1926,2055
2040,Codeforces Round 992 (Div. 2),xiao__xiao,57,1733675700,1736,1923
2040,Codeforces Round 992 (Div. 2),klinac,58,1733675700,715,1291
2040,Codeforces Round 992 (Div. 2),Teja-Smart,58,1733675700,1956,2073
2040,Codeforces Round 992 (Div. 2),Asbjorn,60,1733675700,2021,2118
2040,Codeforces Round 992 (Div. 2),Ghulam_Junaid,61,1733675700,1801,1964
2040,Codeforces Round 992 (Div. 2),imgeeking,62,1733675700,813,1353
2040,Codeforces Round 992 (Div. 2),lixp,63,1733675700,1998,2100
2040,Codeforces Round 992 (Div. 2),UBory,64,1733675700,1961,2073
2040,Codeforces Round 992 (Div. 2),FangYifan,65,1733675700,1953,2065
2040,Codeforces Round 992 (Div. 2),Fantasy_Blue,65,1733675700,1996,2096
2040,Codeforces Round 992 (Div. 2),quio_,67,1733675700,1322,1708
2040,Codeforces Round 992 (Div. 2),Azm1t,68,1733675700,2021,2112
2040,Codeforces Round 992 (Div. 2),diordhd,69,1733675700,1850,1991
2040,Codeforces Round 992 (Div. 2),CrispyLobster,70,1733675700,1557,1843
2040,Codeforces Round 992 (Div. 2),swishy321,71,1733675700,1786,2007
2040,Codeforces Round 992 (Div. 2),motsuni04,72,1733675700,2007,2099
2040,Codeforces Round 992 (Div. 2),Inkyo,73,1733675700,1973,2074
2040,Codeforces Round 992 (Div. 2),pashkinpeter,74,1733675700,2089,2156
2040,Codeforces Round 992 (Div. 2),dongbin1999,74,1733675700,1840,1980
2040,Codeforces Round 992 (Div. 2),fermion5,76,1733675700,1768,1930
2040,Codeforces Round 992 (Div. 2),hahawang,77,1733675700,1857,1990
2040,Codeforces Round 992 (Div. 2),Void_Wu,77,1733675700,1940,2048
2040,Codeforces Round 992 (Div. 2),poorang,79,1733675700,1233,1638
2040,Codeforces Round 992 (Div. 2),smilences,80,1733675700,2032,2112
2040,Codeforces Round 992 (Div. 2),nohandle_5,81,1733675700,1851,1984
2040,Codeforces Round 992 (Div. 2),Donaldqian0712,82,1733675700,1892,2011
2040,Codeforces Round 992 (Div. 2),FelixDzerzhinsky,83,1733675700,1647,1843
2040,Codeforces Round 992 (Div. 2),Lehe,84,1733675700,1986,2076
2040,Codeforces Round 992 (Div. 2),sckrt,85,1733675700,1926,2033
2040,Codeforces Round 992 (Div. 2),rJ_ysenM,86,1733675700,1711,1884
2040,Codeforces Round 992 (Div. 2),dddxyyy,87,1733675700,2033,2108
2040,Codeforces Round 992 (Div. 2),Jenny_jsiadcsa,88,1733675700,0,774
2040,Codeforces Round 992 (Div. 2),tupsuzdaliyorum,89,1733675700,1989,2076
2040,Codeforces Round 992 (Div. 2),xxcdsg_plus,90,1733675700,2083,2143
2040,Codeforces Round 992 (Div. 2),xcxcx,91,1733675700,1957,2052
2040,Codeforces Round 992 (Div. 2),MedMdg_tired,92,1733675700,2048,2117
2040,Codeforces Round 992 (Div. 2),KIRIJIJI,93,1733675700,2078,2138
2040,Codeforces Round 992 (Div. 2),pikaka,94,1733675700,2093,2148
2040,Codeforces Round 992 (Div. 2),Maks_Simenkov,95,1733675700,1664,1848
2040,Codeforces Round 992 (Div. 2),lrjr24,96,1733675700,1904,2012
2040,Codeforces Round 992 (Div. 2),314tonick,97,1733675700,1878,1993
2040,Codeforces Round 992 (Div. 2),xiesx,98,1733675700,1431,1740
2040,Codeforces Round 992 (Div. 2),lucky__389,98,1733675700,2085,2139
2040,Codeforces Round 992 (Div. 2),RockSnow,98,1733675700,1956,2047
2040,Codeforces Round 992 (Div. 2),chllo777,101,1733675700,2023,2094
2040,Codeforces Round 992 (Div. 2),TLE_Automat,102,1733675700,1954,2044
2040,Codeforces Round 992 (Div. 2),huhu13,103,1733675700,1482,1773
2040,Codeforces Round 992 (Div. 2),sparsh_16,104,1733675700,1870,1984
2040,Codeforces Round 992 (Div. 2),mujigae,105,1733675700,1960,2047
2040,Codeforces Round 992 (Div. 2),tbank,106,1733675700,2095,2144
2040,Codeforces Round 992 (Div. 2),CUMTB_sillk,107,1733675700,2054,2113
2040,Codeforces Round 992 (Div. 2),friedel,108,1733675700,1871,1983
2040,Codeforces Round 992 (Div. 2),XiaoNanNan,109,1733675700,1805,1936
2040,Codeforces Round 992 (Div. 2),MojeDes,109,1733675700,1742,1892
2040,Codeforces Round 992 (Div. 2),LastingForever,111,1733675700,1866,1978
2040,Codeforces Round 992 (Div. 2),wprqxr,112,1733675700,1941,2066
2040,Codeforces Round 992 (Div. 2),Genteki,113,1733675700,1946,2033
2040,Codeforces Round 992 (Div. 2),Hyffff,114,1733675700,1771,1945
2040,Codeforces Round 992 (Div. 2),IssWan,115,1733675700,807,1316
2040,Codeforces Round 992 (Div. 2),Nagasaki_Soyo,116,1733675700,2056,2111
2040,Codeforces Round 992 (Div. 2),SussykinWantsNatalia,117,1733675700,1489,1718
2040,Codeforces Round 992 (Div. 2),revengeMik3,117,1733675700,1790,1977
2040,Codeforces Round 992 (Div. 2),cdx123456,119,1733675700,1980,2054
2040,Codeforces Round 992 (Div. 2),ocharin,119,1733675700,1992,2063
2040,Codeforces Round 992 (Div. 2),yeetholmes619,121,1733675700,1750,1893
2040,Codeforces Round 992 (Div. 2),Aziraphale,122,1733675700,2095,2137
2040,Codeforces Round 992 (Div. 2),freedom_bot,122,1733675700,0,755
2040,Codeforces Round 992 (Div. 2),rlidon2006,124,1733675700,1760,1898
2040,Codeforces Round 992 (Div. 2),HpSuda,125,1733675700,2002,2068
2040,Codeforces Round 992 (Div. 2),dawdoi,126,1733675700,1399,1706
2040,Codeforces Round 992 (Div. 2),kilkuwu,127,1733675700,2082,2125
2040,Codeforces Round 992 (Div. 2),TheRedStone,128,1733675700,1879,1980
2040,Codeforces Round 992 (Div. 2),KobicGend,129,1733675700,2092,2132
2040,Codeforces Round 992 (Div. 2),ShirayukiNoa,130,1733675700,2050,2101
2040,Codeforces Round 992 (Div. 2),Ashbourne,131,1733675700,2038,2092
2040,Codeforces Round 992 (Div. 2),aash8a9,132,1733675700,1747,1886
2040,Codeforces Round 992 (Div. 2),khoianh,133,1733675700,1933,2016
2040,Codeforces Round 992 (Div. 2),smallK233,134,1733675700,1690,1846
2040,Codeforces Round 992 (Div. 2),Prostoegor239,135,1733675700,2086,2125
2040,Codeforces Round 992 (Div. 2),IacobTudor,136,1733675700,2001,2063
2040,Codeforces Round 992 (Div. 2),FakeDuck,137,1733675700,1814,1930
2040,Codeforces Round 992 (Div. 2),gyuzacha,138,1733675700,1982,2049
2040,Codeforces Round 992 (Div. 2),ChinatsuKano,139,1733675700,1950,2025
2040,Codeforces Round 992 (Div. 2),Probka,140,1733675700,2097,2131
2040,Codeforces Round 992 (Div. 2),TheForsaking,141,1733675700,1967,2037
2040,Codeforces Round 992 (Div. 2),AlesL0,142,1733675700,1842,1948
2040,Codeforces Round 992 (Div. 2),nguyenquocthao00,143,1733675700,1965,2035
2040,Codeforces Round 992 (Div. 2),Savva228,144,1733675700,1813,1927
2040,Codeforces Round 992 (Div. 2),KING_VAMP,145,1733675700,2052,2097
2040,Codeforces Round 992 (Div. 2),FinrodF,146,1733675700,1948,2021
2040,Codeforces Round 992 (Div. 2),hyperion1019,147,1733675700,2009,2065
2040,Codeforces Round 992 (Div. 2),liveworldlike,148,1733675700,1878,1971
2040,Codeforces Round 992 (Div. 2),Srginit286,149,1733675700,1849,1950
2040,Codeforces Round 992 (Div. 2),tosbryanorz,150,1733675700,1712,1855
2040,Codeforces Round 992 (Div. 2),turgon314,151,1733675700,2053,2095
2040,Codeforces Round 992 (Div. 2),balakrishnan,152,1733675700,1973,2037
2040,Codeforces Round 992 (Div. 2),kian2009,153,1733675700,1838,1941
2040,Codeforces Round 992 (Div. 2),Mohammad-Parsa,154,1733675700,1971,2035
2040,Codeforces Round 992 (Div. 2),6_108,155,1733675700,1727,1863
2040,Codeforces Round 992 (Div. 2),lucas.mattioli,156,1733675700,1956,2024
2040,Codeforces Round 992 (Div. 2),yusuf12360,157,1733675700,1791,1907
2040,Codeforces Round 992 (Div. 2),AlRntn,158,1733675700,1861,1955
2040,Codeforces Round 992 (Div. 2),_helloLad,159,1733675700,1920,1996
2040,Codeforces Round 992 (Div. 2),Ngeces,159,1733675700,1949,2017
2040,Codeforces Round 992 (Div. 2),triccsr,159,1733675700,1975,2035
2040,Codeforces Round 992 (Div. 2),pupsicek,162,1733675700,1841,1940
2040,Codeforces Round 992 (Div. 2),Husanboy,163,1733675700,1829,1931
2040,Codeforces Round 992 (Div. 2),Sergio_10020022,164,1733675700,1971,2031
2040,Codeforces Round 992 (Div. 2),Aarush,164,1733675700,1841,1939
2040,Codeforces Round 992 (Div. 2),Sweetlemon,164,1733675700,2015,2063
2040,Codeforces Round 992 (Div. 2),mexomerf,167,1733675700,1811,1917
2040,Codeforces Round 992 (Div. 2),c326820068122,168,1733675700,1760,1916
2040,Codeforces Round 992 (Div. 2),Alex239,169,1733675700,1996,2048
2040,Codeforces Round 992 (Div. 2),Ali_07,170,1733675700,1986,2040
2040,Codeforces Round 992 (Div. 2),tcltk,171,1733675700,1615,1781
2040,Codeforces Round 992 (Div. 2),dutin,172,1733675700,2001,2051
2040,Codeforces Round 992 (Div. 2),OpKos,173,1733675700,2077,2106
2040,Codeforces Round 992 (Div. 2),NikoBaotic,174,1733675700,1766,1883
2040,Codeforces Round 992 (Div. 2),Sanae,175,1733675700,1943,2008
2040,Codeforces Round 992 (Div. 2),gigachau,176,1733675700,1874,1959
2040,Codeforces Round 992 (Div. 2),imoskovchenko,177,1733675700,1893,1972
2040,Codeforces Round 992 (Div. 2),Jeleyka,178,1733675700,1741,1865
2040,Codeforces Round 992 (Div. 2),picramide,179,1733675700,2027,2067
2040,Codeforces Round 992 (Div. 2),Bronya_H,180,1733675700,1905,1979
2040,Codeforces Round 992 (Div. 2),Bob_Wang,181,1733675700,1964,2021
2040,Codeforces Round 992 (Div. 2),crispy-tofu,182,1733675700,1886,1965
2040,Codeforces Round 992 (Div. 2),gs17005,183,1733675700,2051,2084
2040,Codeforces Round 992 (Div. 2),Nullptrs,184,1733675700,2032,2070
2040,Codeforces Round 992 (Div. 2),altnant,185,1733675700,2061,2091
2040,Codeforces Round 992 (Div. 2),mainyutin,186,1733675700,1913,1983
2040,Codeforces Round 992 (Div. 2),TeaRest,187,1733675700,2098,2154
2040,Codeforces Round 992 (Div. 2),Treks,188,1733675700,1795,1899
2040,Codeforces Round 992 (Div. 2),sjw712,188,1733675700,2094,2114
2040,Codeforces Round 992 (Div. 2),Noobelectro444,190,1733675700,2047,2079
2040,Codeforces Round 992 (Div. 2),Chifwin,190,1733675700,2018,2057
2040,Codeforces Round 992 (Div. 2),Hoshizaki_Akari,192,1733675700,1629,1837
2040,Codeforces Round 992 (Div. 2),jastaway,193,1733675700,1838,1928
2040,Codeforces Round 992 (Div. 2),99_wood,194,1733675700,1933,1995
2040,Codeforces Round 992 (Div. 2),ilgizarka,195,1733675700,1922,1987
2040,Codeforces Round 992 (Div. 2),Heaven_Coder,196,1733675700,610,1151
2040,Codeforces Round 992 (Div. 2),ris04hit,197,1733675700,1716,1841
2040,Codeforces Round 992 (Div. 2),rainboy,198,1733675700,1989,2034
2040,Codeforces Round 992 (Div. 2),ywc_,199,1733675700,1902,1971
2040,Codeforces Round 992 (Div. 2),jimmywang0417,199,1733675700,1791,1928
2040,Codeforces Round 992 (Div. 2),_Seele_Vollerei_,201,1733675700,1856,1938
2040,Codeforces Round 992 (Div. 2),captainburkinafaso,202,1733675700,1744,1859
2040,Codeforces Round 992 (Div. 2),potat,203,1733675700,1800,1898
2040,Codeforces Round 992 (Div. 2),lwm7708,204,1733675700,2017,2053
2040,Codeforces Round 992 (Div. 2),Blonde_On_B1onde,205,1733675700,1982,2028
2040,Codeforces Round 992 (Div. 2),xiaoxiaobaozi,206,1733675700,1938,1996
2040,Codeforces Round 992 (Div. 2),Vectors_Master,207,1733675700,2050,2077
2040,Codeforces Round 992 (Div. 2),TOMATO_MAT_TO,208,1733675700,2030,2062
2040,Codeforces Round 992 (Div. 2),N29,209,1733675700,1965,2014
2040,Codeforces Round 992 (Div. 2),Kouba64,210,1733675700,2039,2068
2040,Codeforces Round 992 (Div. 2),Kirina,211,1733675700,662,1182
2040,Codeforces Round 992 (Div. 2),der_Kaizer,212,1733675700,1968,2016
2040,Codeforces Round 992 (Div. 2),TomazGomes,213,1733675700,1885,1956
2040,Codeforces Round 992 (Div. 2),jeromah,214,1733675700,1773,1876
2040,Codeforces Round 992 (Div. 2),Vassu05,215,1733675700,1881,1952
2040,Codeforces Round 992 (Div. 2),FBI,216,1733675700,1959,2008
2040,Codeforces Round 992 (Div. 2),ebofan,217,1733675700,2041,2067
2040,Codeforces Round 992 (Div. 2),Z-wzy,218,1733675700,1633,1778
2040,Codeforces Round 992 (Div. 2),Prady,218,1733675700,1835,1919
2040,Codeforces Round 992 (Div. 2),x_n,220,1733675700,1561,1728
2040,Codeforces Round 992 (Div. 2),Tanzim_bn,221,1733675700,1650,1789
2040,Codeforces Round 992 (Div. 2),robinyqc,222,1733675700,2021,2052
2040,Codeforces Round 992 (Div. 2),PureRuby,223,1733675700,1772,1939
2040,Codeforces Round 992 (Div. 2),AshrafSustS19,224,1733675700,2039,2064
2040,Codeforces Round 992 (Div. 2),firstin0907,225,1733675700,1952,2001
2040,Codeforces Round 992 (Div. 2),I_LOVE_NUCJ,226,1733675700,1863,1937
2040,Codeforces Round 992 (Div. 2),deconstructionstar,227,1733675700,1657,1827
2040,Codeforces Round 992 (Div. 2),Rxret,228,1733675700,1821,1906
2040,Codeforces Round 992 (Div. 2),Haire,228,1733675700,1837,1917
2040,Codeforces Round 992 (Div. 2),LordVoIdebug,230,1733675700,2083,2095
2040,Codeforces Round 992 (Div. 2),mshandilya,231,1733675700,1788,1882
2040,Codeforces Round 992 (Div. 2),yaya,232,1733675700,1946,1995
2040,Codeforces Round 992 (Div. 2),yoru_sacri,233,1733675700,1874,1943
2040,Codeforces Round 992 (Div. 2),kunj_patel,234,1733675700,1716,1831
2040,Codeforces Round 992 (Div. 2),samnever,235,1733675700,2065,2081
2040,Codeforces Round 992 (Div. 2),_Hoks,236,1733675700,1692,1877
2040,Codeforces Round 992 (Div. 2),zxhaoao923,237,1733675700,1853,1963
2040,Codeforces Round 992 (Div. 2),Lolboyyyy,238,1733675700,1924,1977
2040,Codeforces Round 992 (Div. 2),Phantom_Peng,239,1733675700,1601,1804
2040,Codeforces Round 992 (Div. 2),daitai_akaunto,240,1733675700,1712,1827
2040,Codeforces Round 992 (Div. 2),ashwat_thama,241,1733675700,1782,1876
2040,Codeforces Round 992 (Div. 2),mikehung,242,1733675700,1297,1547
2040,Codeforces Round 992 (Div. 2),CDastrup,243,1733675700,757,1238
2040,Codeforces Round 992 (Div. 2),AhmetKaan,244,1733675700,2058,2074
2040,Codeforces Round 992 (Div. 2),prefix_sum,245,1733675700,1805,1891
2040,Codeforces Round 992 (Div. 2),always_grinding,246,1733675700,2017,2043
2040,Codeforces Round 992 (Div. 2),timer2023,247,1733675700,1906,1962
2040,Codeforces Round 992 (Div. 2),belkoverz,248,1733675700,1232,1574
2040,Codeforces Round 992 (Div. 2),LeftTwixStick,249,1733675700,1831,1908
2040,Codeforces Round 992 (Div. 2),DizzyGroovy,250,1733675700,2027,2050
2040,Codeforces Round 992 (Div. 2),Dragst,251,1733675700,1941,1987
2040,Codeforces Round 992 (Div. 2),Rusty_adept,252,1733675700,1918,1970
2040,Codeforces Round 992 (Div. 2),alexk07,253,1733675700,1977,2012
2040,Codeforces Round 992 (Div. 2),z1qqurbt,254,1733675700,1872,1936
2040,Codeforces Round 992 (Div. 2),Nurislam-S-016-24,255,1733675700,1690,1808
2040,Codeforces Round 992 (Div. 2),0gur4ik,256,1733675700,1752,1851
2040,Codeforces Round 992 (Div. 2),Iura_Shch,257,1733675700,1996,2026
2040,Codeforces Round 992 (Div. 2),too_rusty,258,1733675700,1938,1983
2040,Codeforces Round 992 (Div. 2),Byf23333,259,1733675700,1857,1925
2040,Codeforces Round 992 (Div. 2),hashman,260,1733675700,1896,1952
2040,Codeforces Round 992 (Div. 2),Maxduan,261,1733675700,1855,1923
2040,Codeforces Round 992 (Div. 2),ddh123,262,1733675700,1992,2022
2040,Codeforces Round 992 (Div. 2),harurun4635,263,1733675700,2070,2079
2040,Codeforces Round 992 (Div. 2),khangai11,264,1733675700,1925,1973
2040,Codeforces Round 992 (Div. 2),sdyakonov,265,1733675700,1965,2002
2040,Codeforces Round 992 (Div. 2),Azuken,266,1733675700,1733,1835
2040,Codeforces Round 992 (Div. 2),etian6795,267,1733675700,1904,1957
2040,Codeforces Round 992 (Div. 2),yupooh,268,1733675700,1934,1979
2040,Codeforces Round 992 (Div. 2),arthur_9548,269,1733675700,1953,1992
2040,Codeforces Round 992 (Div. 2),arnabmanna,270,1733675700,1636,1767
2040,Codeforces Round 992 (Div. 2),Trubiacy,271,1733675700,1714,1821
2040,Codeforces Round 992 (Div. 2),Aegleseekers,272,1733675700,2000,2025
2040,Codeforces Round 992 (Div. 2),fatalerror,273,1733675700,1874,1934
2040,Codeforces Round 992 (Div. 2),asupersalmon,274,1733675700,1772,1861
2040,Codeforces Round 992 (Div. 2),Kawaii,275,1733675700,1912,1961
2040,Codeforces Round 992 (Div. 2),Platinum__,276,1733675700,1847,1914
2040,Codeforces Round 992 (Div. 2),raresh30,276,1733675700,1650,1776
2040,Codeforces Round 992 (Div. 2),_pbrngw_,278,1733675700,1721,1860
2040,Codeforces Round 992 (Div. 2),waiting_for_the_sunset,279,1733675700,1707,1815
2040,Codeforces Round 992 (Div. 2),UWR_Tran,280,1733675700,2085,2086
2040,Codeforces Round 992 (Div. 2),sav,281,1733675700,1670,1789
2040,Codeforces Round 992 (Div. 2),gty314159,282,1733675700,1800,1879
2040,Codeforces Round 992 (Div. 2),acat,283,1733675700,2035,2049
2040,Codeforces Round 992 (Div. 2),jinsiqi1004,284,1733675700,1760,1908
2040,Codeforces Round 992 (Div. 2),lovees,285,1733675700,1679,1793
2040,Codeforces Round 992 (Div. 2),jvatsal79,286,1733675700,1780,1864
2040,Codeforces Round 992 (Div. 2),siuhou,286,1733675700,1607,1743
2040,Codeforces Round 992 (Div. 2),Mukundan314,288,1733675700,1950,1985
2040,Codeforces Round 992 (Div. 2),solix333,288,1733675700,1610,1799
2040,Codeforces Round 992 (Div. 2),grematter,290,1733675700,1782,1865
2040,Codeforces Round 992 (Div. 2),abhayg_07,291,1733675700,2095,2092
2040,Codeforces Round 992 (Div. 2),M_bolshakov,292,1733675700,2050,2059
2040,Codeforces Round 992 (Div. 2),AverageAmogusEnjoyer,293,1733675700,1981,2007
2040,Codeforces Round 992 (Div. 2),sad_lazier,293,1733675700,1809,1883
2040,Codeforces Round 992 (Div. 2),FHQY,295,1733675700,1982,2008
2040,Codeforces Round 992 (Div. 2),kavorka,296,1733675700,2005,2025
2040,Codeforces Round 992 (Div. 2),VahanAbraham,297,1733675700,1789,1868
2040,Codeforces Round 992 (Div. 2),chikel,297,1733675700,1676,1789
2040,Codeforces Round 992 (Div. 2),Holpens,299,1733675700,2043,2052
2040,Codeforces Round 992 (Div. 2),sashko123,299,1733675700,1915,1958
2040,Codeforces Round 992 (Div. 2),sniper_0101,301,1733675700,1746,1838
2040,Codeforces Round 992 (Div. 2),vsinitsynav,302,1733675700,1998,2019
2040,Codeforces Round 992 (Div. 2),absolut3,302,1733675700,1748,1838
2040,Codeforces Round 992 (Div. 2),thisIsMorningstar,304,1733675700,1919,1960
2040,Codeforces Round 992 (Div. 2),darkh_coder,305,1733675700,1883,1934
2040,Codeforces Round 992 (Div. 2),ripity,305,1733675700,2065,2067
2040,Codeforces Round 992 (Div. 2),tyrin.mikhail,307,1733675700,1718,1817
2040,Codeforces Round 992 (Div. 2),ball_of_wool,308,1733675700,2073,2072
2040,Codeforces Round 992 (Div. 2),Oz121,308,1733675700,1770,1852
2040,Codeforces Round 992 (Div. 2),Ak_16,310,1733675700,1637,1759
2040,Codeforces Round 992 (Div. 2),csk2005,310,1733675700,1777,1857
2040,Codeforces Round 992 (Div. 2),ttluczek,312,1733675700,1611,1741
2040,Codeforces Round 992 (Div. 2),2025K,313,1733675700,1982,2004
2040,Codeforces Round 992 (Div. 2),rahulb2809,314,1733675700,1579,1718
2040,Codeforces Round 992 (Div. 2),Qzong,315,1733675700,2019,2031
2040,Codeforces Round 992 (Div. 2),Red_oron,316,1733675700,1367,1625
2040,Codeforces Round 992 (Div. 2),ClearColdWater,317,1733675700,1443,1682
2040,Codeforces Round 992 (Div. 2),ColobocCodeforces,318,1733675700,1919,1958
2040,Codeforces Round 992 (Div. 2),shubhu_279,318,1733675700,1651,1767
2040,Codeforces Round 992 (Div. 2),smac_fan,320,1733675700,1799,1872
2040,Codeforces Round 992 (Div. 2),Rajat.18,321,1733675700,1669,1779
2040,Codeforces Round 992 (Div. 2),convective_rain,322,1733675700,1934,1968
2040,Codeforces Round 992 (Div. 2),PVM,323,1733675700,1476,1646
2040,Codeforces Round 992 (Div. 2),crossparallel,324,1733675700,1524,1713
2040,Codeforces Round 992 (Div. 2),AndrewNguyen,325,1733675700,1665,1776
2040,Codeforces Round 992 (Div. 2),anmattroi,326,1733675700,2036,2042
2040,Codeforces Round 992 (Div. 2),heaven2808h,327,1733675700,1874,1924
2040,Codeforces Round 992 (Div. 2),justin_g_20,328,1733675700,1893,1937
2040,Codeforces Round 992 (Div. 2),unclezhou,329,1733675700,1747,1832
2040,Codeforces Round 992 (Div. 2),Hirasawa,330,1733675700,2029,2037
2040,Codeforces Round 992 (Div. 2),0xarmin,331,1733675700,1786,1860
2040,Codeforces Round 992 (Div. 2),AcPlusOne,332,1733675700,1810,1877
2040,Codeforces Round 992 (Div. 2),pifagorgor,333,1733675700,1709,1805
2040,Codeforces Round 992 (Div. 2),XDEv11,334,1733675700,1836,1895
2040,Codeforces Round 992 (Div. 2),widsnoy,335,1733675700,1947,1975
2040,Codeforces Round 992 (Div. 2),autoastt,336,1733675700,1662,1771
2040,Codeforces Round 992 (Div. 2),Sir-Ahmed-Imran,337,1733675700,2045,2047
2040,Codeforces Round 992 (Div. 2),MMRZ,338,1733675700,1648,1761
2040,Codeforces Round 992 (Div. 2),Piashy,339,1733675700,1880,1926
2040,Codeforces Round 992 (Div. 2),coldwind9029,339,1733675700,1878,1924
2040,Codeforces Round 992 (Div. 2),summertime.sadness,341,1733675700,1847,1902
2040,Codeforces Round 992 (Div. 2),Lolicodedao,342,1733675700,1706,1801
2040,Codeforces Round 992 (Div. 2),Sovi_11,342,1733675700,1695,1793
2040,Codeforces Round 992 (Div. 2),kzyKT,344,1733675700,1973,1993
2040,Codeforces Round 992 (Div. 2),amokrousov,344,1733675700,1950,1975
2040,Codeforces Round 992 (Div. 2),GeoCalibur,346,1733675700,2099,2085
2040,Codeforces Round 992 (Div. 2),luka.heric,346,1733675700,1928,1959
2040,Codeforces Round 992 (Div. 2),Alexbrii,346,1733675700,1879,1923
2040,Codeforces Round 992 (Div. 2),Xh_QwQ,349,1733675700,1653,1763
2040,Codeforces Round 992 (Div. 2),licn090605,350,1733675700,1897,1936
2040,Codeforces Round 992 (Div. 2),v1et,350,1733675700,1748,1829
2040,Codeforces Round 992 (Div. 2),starryskycat,350,1733675700,2049,2048
2040,Codeforces Round 992 (Div. 2),pera2008,353,1733675700,1910,1945
2040,Codeforces Round 992 (Div. 2),AyuAnchor,353,1733675700,1853,1904
2040,Codeforces Round 992 (Div. 2),AdarshX,355,1733675700,1674,1777
2040,Codeforces Round 992 (Div. 2),ysahu,356,1733675700,1686,1785
2040,Codeforces Round 992 (Div. 2),Imagine.2019,357,1733675700,2025,2029
2040,Codeforces Round 992 (Div. 2),Mox_Taest3r,357,1733675700,1929,1959
2040,Codeforces Round 992 (Div. 2),Oanh_va_Khoi,359,1733675700,1838,1892
2040,Codeforces Round 992 (Div. 2),veljaodi,359,1733675700,1973,1991
2040,Codeforces Round 992 (Div. 2),Pirate-King,361,1733675700,1518,1667
2040,Codeforces Round 992 (Div. 2),Starheart,361,1733675700,1766,1840
2040,Codeforces Round 992 (Div. 2),cemil1234,363,1733675700,1747,1827
2040,Codeforces Round 992 (Div. 2),null_lambda,364,1733675700,1746,1826
2040,Codeforces Round 992 (Div. 2),-_TIMOFEY_-,365,1733675700,2016,2021
2040,Codeforces Round 992 (Div. 2),ProTeam15,365,1733675700,1724,1810
2040,Codeforces Round 992 (Div. 2),cancaneed,367,1733675700,1863,1909
2040,Codeforces Round 992 (Div. 2),Nephren_Sakura,368,1733675700,1890,1928
2040,Codeforces Round 992 (Div. 2),TomitaMatei,369,1733675700,1733,1815
2040,Codeforces Round 992 (Div. 2),tank0gradec,370,1733675700,1722,1808
2040,Codeforces Round 992 (Div. 2),stefanopulos,371,1733675700,2041,2039
2040,Codeforces Round 992 (Div. 2),AsiraeM,371,1733675700,1957,1976
2040,Codeforces Round 992 (Div. 2),IceWolf898,371,1733675700,1977,1991
2040,Codeforces Round 992 (Div. 2),SyedSohaib,374,1733675700,1672,1771
2040,Codeforces Round 992 (Div. 2),HuaZhaoBi,374,1733675700,1716,1838
2040,Codeforces Round 992 (Div. 2),TychoElling,376,1733675700,1965,1981
2040,Codeforces Round 992 (Div. 2),aiomi,376,1733675700,1496,1650
2040,Codeforces Round 992 (Div. 2),qwe1rt1yuiop1,378,1733675700,2035,2033
2040,Codeforces Round 992 (Div. 2),LovelyLife,378,1733675700,1515,1662
2040,Codeforces Round 992 (Div. 2),siyuan_giegie,378,1733675700,1881,1920
2040,Codeforces Round 992 (Div. 2),ibraheemkureshi,381,1733675700,1646,1753
2040,Codeforces Round 992 (Div. 2),simplesheep03,381,1733675700,1651,1756
2040,Codeforces Round 992 (Div. 2),sy-kid,383,1733675700,1688,1781
2040,Codeforces Round 992 (Div. 2),shrapnelzz,383,1733675700,1952,1971
2040,Codeforces Round 992 (Div. 2),constructive_hater,385,1733675700,1924,1950
2040,Codeforces Round 992 (Div. 2),BROVER29,385,1733675700,1525,1668
2040,Codeforces Round 992 (Div. 2),Emma194,385,1733675700,2071,2059
2040,Codeforces Round 992 (Div. 2),Restart_Again,385,1733675700,1625,1737
2040,Codeforces Round 992 (Div. 2),Yx_My,389,1733675700,1860,1903
2040,Codeforces Round 992 (Div. 2),Blaze035,389,1733675700,1972,1985
2040,Codeforces Round 992 (Div. 2),ruhan.habib39,391,1733675700,1907,1938
2040,Codeforces Round 992 (Div. 2),aIish,392,1733675700,1962,1978
2040,Codeforces Round 992 (Div. 2),TankYoung,393,1733675700,2006,2010
2040,Codeforces Round 992 (Div. 2),SLastChance,394,1733675700,1577,1702
2040,Codeforces Round 992 (Div. 2),Shu.Rong,394,1733675700,1778,1843
2040,Codeforces Round 992 (Div. 2),SuRiNonSul,394,1733675700,0,680
2040,Codeforces Round 992 (Div. 2),walterTheRock,397,1733675700,1823,1912
2040,Codeforces Round 992 (Div. 2),Trustfulcomic,397,1733675700,1856,1899
2040,Codeforces Round 992 (Div. 2),huanjua,399,1733675700,1910,1938
2040,Codeforces Round 992 (Div. 2),sqrteipi,400,1733675700,1792,1852
2040,Codeforces Round 992 (Div. 2),_XVIIVX,400,1733675700,1638,1743
2040,Codeforces Round 992 (Div. 2),Anshu019,400,1733675700,1294,1509
2040,Codeforces Round 992 (Div. 2),-VM-,400,1733675700,1975,1986
2040,Codeforces Round 992 (Div. 2),amirhozaifa,404,1733675700,1911,1939
2040,Codeforces Round 992 (Div. 2),shubhambhadada,405,1733675700,1639,1743
2040,Codeforces Round 992 (Div. 2),AIF_is_carving,406,1733675700,2025,2022
2040,Codeforces Round 992 (Div. 2),JanBobi,407,1733675700,1996,2000
2040,Codeforces Round 992 (Div. 2),SiberianKhatru,408,1733675700,1808,1863
2040,Codeforces Round 992 (Div. 2),MrAndria,409,1733675700,1924,1947
2040,Codeforces Round 992 (Div. 2),leonlian,410,1733675700,1627,1735
2040,Codeforces Round 992 (Div. 2),gyouzasushi,411,1733675700,2036,2029
2040,Codeforces Round 992 (Div. 2),junhyung9985,411,1733675700,1679,1770
2040,Codeforces Round 992 (Div. 2),onlytrall,411,1733675700,1929,1951
2040,Codeforces Round 992 (Div. 2),MongHwa,414,1733675700,1877,1912
2040,Codeforces Round 992 (Div. 2),Chtanda_El,414,1733675700,1894,1924
2040,Codeforces Round 992 (Div. 2),Necrohades,414,1733675700,1652,1751
2040,Codeforces Round 992 (Div. 2),cheyun,417,1733675700,1741,1814
2040,Codeforces Round 992 (Div. 2),RoomTemperatureIQ,418,1733675700,1988,1992
2040,Codeforces Round 992 (Div. 2),Mixnight,418,1733675700,1655,1753
2040,Codeforces Round 992 (Div. 2),manpantheo,418,1733675700,1002,1381
2040,Codeforces Round 992 (Div. 2),El_Medonho,421,1733675700,1856,1896
2040,Codeforces Round 992 (Div. 2),SpyrosAliv,422,1733675700,1725,1801
2040,Codeforces Round 992 (Div. 2),Faizal,422,1733675700,1853,1893
2040,Codeforces Round 992 (Div. 2),turska,424,1733675700,2063,2048
2040,Codeforces Round 992 (Div. 2),Luvinz,424,1733675700,1650,1748
2040,Codeforces Round 992 (Div. 2),Amirgjz,426,1733675700,1499,1643
2040,Codeforces Round 992 (Div. 2),BINYU,427,1733675700,1623,1729
2040,Codeforces Round 992 (Div. 2),Darsh_Jain,428,1733675700,1627,1731
2040,Codeforces Round 992 (Div. 2),Zawos,428,1733675700,1734,1807
2040,Codeforces Round 992 (Div. 2),vanvector,428,1733675700,1832,1878
2040,Codeforces Round 992 (Div. 2),cancan1234,431,1733675700,1835,1879
2040,Codeforces Round 992 (Div. 2),Astrayt,431,1733675700,1885,1915
2040,Codeforces Round 992 (Div. 2),Fremder,431,1733675700,1798,1852
2040,Codeforces Round 992 (Div. 2),Chicken_Game,431,1733675700,1729,1803
2040,Codeforces Round 992 (Div. 2),Aldiyar-S-001-2026,435,1733675700,2094,2070
2040,Codeforces Round 992 (Div. 2),arman_ferdous,435,1733675700,1944,1958
2040,Codeforces Round 992 (Div. 2),vikram108,437,1733675700,1710,1789
2040,Codeforces Round 992 (Div. 2),Ausp3x,437,1733675700,1726,1800
2040,Codeforces Round 992 (Div. 2),woruo27,437,1733675700,1903,1928
2040,Codeforces Round 992 (Div. 2),azuiny,440,1733675700,666,1137
2040,Codeforces Round 992 (Div. 2),42-the_answer,440,1733675700,1699,1781
2040,Codeforces Round 992 (Div. 2),MsDuckie,442,1733675700,1566,1742
2040,Codeforces Round 992 (Div. 2),aa2,443,1733675700,2026,2017
2040,Codeforces Round 992 (Div. 2),aryansanghi,443,1733675700,1486,1632
2040,Codeforces Round 992 (Div. 2),geckods,443,1733675700,1846,1886
2040,Codeforces Round 992 (Div. 2),dragonmuffin,446,1733675700,2028,2019
2040,Codeforces Round 992 (Div. 2),dumb_boi,447,1733675700,1984,1986
2040,Codeforces Round 992 (Div. 2),H-R-2004,447,1733675700,2061,2043
2040,Codeforces Round 992 (Div. 2),zhangtianhan,449,1733675700,2081,2059
2040,Codeforces Round 992 (Div. 2),__Morgan,450,1733675700,1964,1971
2040,Codeforces Round 992 (Div. 2),A_M_Namdar,450,1733675700,2012,2007
2040,Codeforces Round 992 (Div. 2),SkySummer,450,1733675700,2006,2002
2040,Codeforces Round 992 (Div. 2),leeminhduc2,453,1733675700,2030,2019
2040,Codeforces Round 992 (Div. 2),gameface_123,453,1733675700,1724,1796
2040,Codeforces Round 992 (Div. 2),patak,455,1733675700,1914,1934
2040,Codeforces Round 992 (Div. 2),www.com,456,1733675700,1859,1893
2040,Codeforces Round 992 (Div. 2),envariant,456,1733675700,1945,1956
2040,Codeforces Round 992 (Div. 2),punkitkumar,458,1733675700,1701,1780
2040,Codeforces Round 992 (Div. 2),lyongwolf,459,1733675700,1878,1906
2040,Codeforces Round 992 (Div. 2),vbsinha,460,1733675700,1864,1896
2040,Codeforces Round 992 (Div. 2),nhonyc,461,1733675700,1889,1914
2040,Codeforces Round 992 (Div. 2),Sigh,461,1733675700,1838,1878
2040,Codeforces Round 992 (Div. 2),sharvil.athaley,463,1733675700,1754,1817
2040,Codeforces Round 992 (Div. 2),MintCat,464,1733675700,1967,1972
2040,Codeforces Round 992 (Div. 2),kwm_t,464,1733675700,2096,2068
2040,Codeforces Round 992 (Div. 2),bqlp2,466,1733675700,0,670
2040,Codeforces Round 992 (Div. 2),dustb1n,467,1733675700,1343,1564
2040,Codeforces Round 992 (Div. 2),SupersonicMan12,468,1733675700,494,1015
2040,Codeforces Round 992 (Div. 2),br0n,468,1733675700,1632,1729
2040,Codeforces Round 992 (Div. 2),Janming,468,1733675700,1552,1673
2040,Codeforces Round 992 (Div. 2),Euphoria_07,468,1733675700,1625,1724
2040,Codeforces Round 992 (Div. 2),hyhcnzjsx,472,1733675700,1665,1753
2040,Codeforces Round 992 (Div. 2),dmitrievlk,473,1733675700,421,966
2040,Codeforces Round 992 (Div. 2),dalgu,473,1733675700,1962,1967
2040,Codeforces Round 992 (Div. 2),lsflsf2023,475,1733675700,1804,1850
2040,Codeforces Round 992 (Div. 2),hoangnguyen09022004,475,1733675700,1687,1767
2040,Codeforces Round 992 (Div. 2),scanner,475,1733675700,1628,1726
2040,Codeforces Round 992 (Div. 2),fanhuaxingyu,475,1733675700,1715,1787
2040,Codeforces Round 992 (Div. 2),krakar,479,1733675700,1640,1734
2040,Codeforces Round 992 (Div. 2),din2009siuc,480,1733675700,1846,1881
2040,Codeforces Round 992 (Div. 2),EastMaple,481,1733675700,1541,1720
2040,Codeforces Round 992 (Div. 2),Lzy_,481,1733675700,1999,1993
2040,Codeforces Round 992 (Div. 2),pajju04,483,1733675700,1617,1717
2040,Codeforces Round 992 (Div. 2),prz1213,484,1733675700,1850,1883
2040,Codeforces Round 992 (Div. 2),SaarthSingla,484,1733675700,1659,1746
2040,Codeforces Round 992 (Div. 2),dontforgetyourself,486,1733675700,1905,1923
2040,Codeforces Round 992 (Div. 2),kemi__o,486,1733675700,2015,2004
2040,Codeforces Round 992 (Div. 2),Crbubble,486,1733675700,1741,1804
2040,Codeforces Round 992 (Div. 2),bbc_ouo,486,1733675700,1602,1706
2040,Codeforces Round 992 (Div. 2),lce4113,490,1733675700,1774,1828
2040,Codeforces Round 992 (Div. 2),Daisuki.241_,490,1733675700,1713,1784
2040,Codeforces Round 992 (Div. 2),Deltaxab,490,1733675700,924,1316
2040,Codeforces Round 992 (Div. 2),smallbrainsovamain1,493,1733675700,1651,1739
2040,Codeforces Round 992 (Div. 2),kkksa01,493,1733675700,1647,1737
2040,Codeforces Round 992 (Div. 2),Jrke,493,1733675700,1735,1799
2040,Codeforces Round 992 (Div. 2),fooish,496,1733675700,1751,1810
2040,Codeforces Round 992 (Div. 2),dried_coke,497,1733675700,1464,1643
2040,Codeforces Round 992 (Div. 2),ssd_newbie,498,1733675700,1646,1735
2040,Codeforces Round 992 (Div. 2),duong3982,499,1733675700,1828,1865
2040,Codeforces Round 992 (Div. 2),shorya1835,500,1733675700,2054,2032
2040,Codeforces Round 992 (Div. 2),clutchgod65,501,1733675700,1693,1768
2040,Codeforces Round 992 (Div. 2),krishsingla06,502,1733675700,1531,1654
2040,Codeforces Round 992 (Div. 2),cleanser,502,1733675700,1726,1792
2040,Codeforces Round 992 (Div. 2),trqrizu,502,1733675700,1680,1759
2040,Codeforces Round 992 (Div. 2),theSkeleton,505,1733675700,1700,1772
2040,Codeforces Round 992 (Div. 2),code__ccc,505,1733675700,1793,1839
2040,Codeforces Round 992 (Div. 2),giga-bit,505,1733675700,1643,1732
2040,Codeforces Round 992 (Div. 2),dssfsuper2,505,1733675700,1371,1578
2040,Codeforces Round 992 (Div. 2),satyam343,509,1733675700,1824,1861
2040,Codeforces Round 992 (Div. 2),Not_Drama_Queen,509,1733675700,697,1149
2040,Codeforces Round 992 (Div. 2),Echp0chmak,509,1733675700,2018,2004
2040,Codeforces Round 992 (Div. 2),crzy22,512,1733675700,1812,1852
2040,Codeforces Round 992 (Div. 2),Timosh,513,1733675700,1888,1907
2040,Codeforces Round 992 (Div. 2),wyl__AC,513,1733675700,1841,1873
2040,Codeforces Round 992 (Div. 2),Konjac_16,513,1733675700,2005,1994
2040,Codeforces Round 992 (Div. 2),MODDI,513,1733675700,1906,1921
2040,Codeforces Round 992 (Div. 2),huangyuhan123456,517,1733675700,1604,1703
2040,Codeforces Round 992 (Div. 2),Max33Verstappen,517,1733675700,1619,1714
2040,Codeforces Round 992 (Div. 2),bushang2100bugaiming,519,1733675700,1756,1811
2040,Codeforces Round 992 (Div. 2),weirdflexbutok,520,1733675700,2065,2038
2040,Codeforces Round 992 (Div. 2),SopaconK,520,1733675700,1830,1864
2040,Codeforces Round 992 (Div. 2),csegura,522,1733675700,1871,1894
2040,Codeforces Round 992 (Div. 2),mj1000j,522,1733675700,1900,1915
2040,Codeforces Round 992 (Div. 2),jay_shirgupe,524,1733675700,0,661
2040,Codeforces Round 992 (Div. 2),dongggle,524,1733675700,1889,1907
2040,Codeforces Round 992 (Div. 2),dino_merlin,524,1733675700,2034,2014
2040,Codeforces Round 992 (Div. 2),HugeMouse,527,1733675700,1683,1758
2040,Codeforces Round 992 (Div. 2),Abdullah-Ishfaq,528,1733675700,1720,1784
2040,Codeforces Round 992 (Div. 2),keep1earning,528,1733675700,1864,1888
2040,Codeforces Round 992 (Div. 2),pizza53,528,1733675700,1607,1704
2040,Codeforces Round 992 (Div. 2),JakovJ,528,1733675700,1962,1960
2040,Codeforces Round 992 (Div. 2),conjectureguy,532,1733675700,1901,1915
2040,Codeforces Round 992 (Div. 2),classics,533,1733675700,0,659
2040,Codeforces Round 992 (Div. 2),yhang,533,1733675700,575,1080
2040,Codeforces Round 992 (Div. 2),v0s7er,533,1733675700,1988,1979
2040,Codeforces Round 992 (Div. 2),Waseem-Mustak,536,1733675700,1815,1851
2040,Codeforces Round 992 (Div. 2),Heliumeow,536,1733675700,1819,1854
2040,Codeforces Round 992 (Div. 2),hieptk,536,1733675700,1982,1974
2040,Codeforces Round 992 (Div. 2),Bajkinman,539,1733675700,1834,1865
2040,Codeforces Round 992 (Div. 2),Encounter_kk,539,1733675700,1726,1787
2040,Codeforces Round 992 (Div. 2),yatharthsinghal1,541,1733675700,2009,1994
2040,Codeforces Round 992 (Div. 2),JiangYS,541,1733675700,669,1126
2040,Codeforces Round 992 (Div. 2),starting_from_zero,543,1733675700,1621,1712
2040,Codeforces Round 992 (Div. 2),accord,544,1733675700,1686,1758
2040,Codeforces Round 992 (Div. 2),Alwoosh,545,1733675700,1855,1880
2040,Codeforces Round 992 (Div. 2),TimurKul,546,1733675700,1844,1872
2040,Codeforces Round 992 (Div. 2),DevangGarg,547,1733675700,1769,1817
2040,Codeforces Round 992 (Div. 2),frankly6,547,1733675700,1795,1836
2040,Codeforces Round 992 (Div. 2),ritikjainrj18,549,1733675700,1641,1725
2040,Codeforces Round 992 (Div. 2),Ayalla,549,1733675700,2068,2038
2040,Codeforces Round 992 (Div. 2),dmitriy_kolev,551,1733675700,1807,1844
2040,Codeforces Round 992 (Div. 2),FranSkarica,551,1733675700,1889,1904
2040,Codeforces Round 992 (Div. 2),lakkimsettisreyas,553,1733675700,1485,1616
2040,Codeforces Round 992 (Div. 2),MoonlightVillage,553,1733675700,0,657
2040,Codeforces Round 992 (Div. 2),FelixT,555,1733675700,895,1288
2040,Codeforces Round 992 (Div. 2),vrishavgarg28,556,1733675700,1576,1679
2040,Codeforces Round 992 (Div. 2),Haksell,557,1733675700,1989,1978
2040,Codeforces Round 992 (Div. 2),Ricardo03,558,1733675700,2057,2029
2040,Codeforces Round 992 (Div. 2),KimGiang,558,1733675700,1570,1731
2040,Codeforces Round 992 (Div. 2),DuongForeverAlone,558,1733675700,1830,1860
2040,Codeforces Round 992 (Div. 2),13336062586,561,1733675700,0,656
2040,Codeforces Round 992 (Div. 2),FilipL,562,1733675700,1855,1878
2040,Codeforces Round 992 (Div. 2),Munkh-Orgil416,562,1733675700,1704,1769
2040,Codeforces Round 992 (Div. 2),_Sherbiny,564,1733675700,1891,1904
2040,Codeforces Round 992 (Div. 2),Iobserver,564,1733675700,1827,1858
2040,Codeforces Round 992 (Div. 2),Raju_3,566,1733675700,1842,1868
2040,Codeforces Round 992 (Div. 2),Ansori,566,1733675700,1883,1898
2040,Codeforces Round 992 (Div. 2),Padle_bsdk,566,1733675700,1774,1819
2040,Codeforces Round 992 (Div. 2),123gjweq2,566,1733675700,1914,1920
2040,Codeforces Round 992 (Div. 2),AS23,570,1733675700,1709,1771
2040,Codeforces Round 992 (Div. 2),Pedrinho_Eu,570,1733675700,1761,1809
2040,Codeforces Round 992 (Div. 2),olegator2007,572,1733675700,1879,1895
2040,Codeforces Round 992 (Div. 2),El_Roge,572,1733675700,1682,1752
2040,Codeforces Round 992 (Div. 2),YourSistersHugeKidneys,574,1733675700,1571,1674
2040,Codeforces Round 992 (Div. 2),uttej_777,575,1733675700,1722,1780
2040,Codeforces Round 992 (Div. 2),ParsaGabadi,575,1733675700,1637,1720
2040,Codeforces Round 992 (Div. 2),S1eGa,577,1733675700,1638,1720
2040,Codeforces Round 992 (Div. 2),PoDuReMaN,577,1733675700,1777,1819
2040,Codeforces Round 992 (Div. 2),mihneacazan,579,1733675700,1904,1912
2040,Codeforces Round 992 (Div. 2),newsboy,579,1733675700,1376,1538
2040,Codeforces Round 992 (Div. 2),miav,581,1733675700,1021,1372
2040,Codeforces Round 992 (Div. 2),.-.-.-,582,1733675700,1670,1742
2040,Codeforces Round 992 (Div. 2),tourist_fan_57,582,1733675700,0,654
2040,Codeforces Round 992 (Div. 2),Habitus,584,1733675700,1732,1786
2040,Codeforces Round 992 (Div. 2),Zain,584,1733675700,1805,1839
2040,Codeforces Round 992 (Div. 2),kevaljain,584,1733675700,1950,1946
2040,Codeforces Round 992 (Div. 2),liujunyi2,587,1733675700,1830,1858
2040,Codeforces Round 992 (Div. 2),FinanceEngineer,588,1733675700,1766,1847
2040,Codeforces Round 992 (Div. 2),byebye10000,588,1733675700,1953,1948
2040,Codeforces Round 992 (Div. 2),lockedlock,588,1733675700,1762,1808
2040,Codeforces Round 992 (Div. 2),haihamabossu,591,1733675700,1782,1822
2040,Codeforces Round 992 (Div. 2),Why-Fi,591,1733675700,1694,1759
2040,Codeforces Round 992 (Div. 2),BaiLi_nya,591,1733675700,1639,1719
2040,Codeforces Round 992 (Div. 2),ortsac,594,1733675700,1761,1806
2040,Codeforces Round 992 (Div. 2),Werner,594,1733675700,1844,1867
2040,Codeforces Round 992 (Div. 2),Magnet1c,594,1733675700,1918,1921
2040,Codeforces Round 992 (Div. 2),Citrus_maxima,594,1733675700,1533,1644
2040,Codeforces Round 992 (Div. 2),wuguanghaik6,594,1733675700,1815,1845
2040,Codeforces Round 992 (Div. 2),Yu__Xi,599,1733675700,1626,1709
2040,Codeforces Round 992 (Div. 2),tiojuan,600,1733675700,1938,1935
2040,Codeforces Round 992 (Div. 2),Warriors_Lightning_eagle,601,1733675700,1459,1591
2040,Codeforces Round 992 (Div. 2),pengyixuan2007,601,1733675700,1957,1949
2040,Codeforces Round 992 (Div. 2),ABHIJEET_1125,601,1733675700,1679,1747
2040,Codeforces Round 992 (Div. 2),xuancx,601,1733675700,1779,1818
2040,Codeforces Round 992 (Div. 2),vako_P,601,1733675700,2092,2051
2040,Codeforces Round 992 (Div. 2),pupilemus,606,1733675700,1949,1943
2040,Codeforces Round 992 (Div. 2),PhirainEX,606,1733675700,1548,1719
2040,Codeforces Round 992 (Div. 2),Neev4321,608,1733675700,1665,1736
2040,Codeforces Round 992 (Div. 2),muel_imj,608,1733675700,1396,1608
2040,Codeforces Round 992 (Div. 2),Ruthvik2835,610,1733675700,1735,1786
2040,Codeforces Round 992 (Div. 2),matthewhutama503,611,1733675700,1507,1624
2040,Codeforces Round 992 (Div. 2),shogo314,611,1733675700,1794,1828
2040,Codeforces Round 992 (Div. 2),tyWu,613,1733675700,1636,1715
2040,Codeforces Round 992 (Div. 2),beiv,613,1733675700,1574,1671
2040,Codeforces Round 992 (Div. 2),Werdnight,615,1733675700,1522,1634
2040,Codeforces Round 992 (Div. 2),Geforgs,615,1733675700,1973,1959
2040,Codeforces Round 992 (Div. 2),cockatooo_2025GM,615,1733675700,2072,2035
2040,Codeforces Round 992 (Div. 2),jlkjasf,615,1733675700,1543,1649
2040,Codeforces Round 992 (Div. 2),MMihalev,619,1733675700,1618,1702
2040,Codeforces Round 992 (Div. 2),DivinePunishment,620,1733675700,1752,1797
2040,Codeforces Round 992 (Div. 2),snailbaron,620,1733675700,1706,1763
2040,Codeforces Round 992 (Div. 2),cp_first,620,1733675700,1815,1843
2040,Codeforces Round 992 (Div. 2),Thomasguo666,623,1733675700,1720,1774
2040,Codeforces Round 992 (Div. 2),eulmelk,623,1733675700,1758,1801
2040,Codeforces Round 992 (Div. 2),ahtoh_,625,1733675700,1610,1694
2040,Codeforces Round 992 (Div. 2),AST_TheCoder,625,1733675700,2003,1981
2040,Codeforces Round 992 (Div. 2),Scanffer,625,1733675700,1592,1682
2040,Codeforces Round 992 (Div. 2),why_not_175,628,1733675700,646,1099
2040,Codeforces Round 992 (Div. 2),malentropy,628,1733675700,1229,1488
2040,Codeforces Round 992 (Div. 2),nvr_give_up,630,1733675700,1670,1737
2040,Codeforces Round 992 (Div. 2),volochai,631,1733675700,1845,1864
2040,Codeforces Round 992 (Div. 2),poituk,632,1733675700,1925,1922
2040,Codeforces Round 992 (Div. 2),wuhudsm,632,1733675700,2077,2037
2040,Codeforces Round 992 (Div. 2),fang_baby,632,1733675700,1779,1815
2040,Codeforces Round 992 (Div. 2),AshutoshSingh10,635,1733675700,1776,1813
2040,Codeforces Round 992 (Div. 2),mika_uwu,636,1733675700,1922,1920
2040,Codeforces Round 992 (Div. 2),sjm150,637,1733675700,2029,2000
2040,Codeforces Round 992 (Div. 2),omega,637,1733675700,1618,1699
2040,Codeforces Round 992 (Div. 2),Mostima_Y,637,1733675700,1645,1718
2040,Codeforces Round 992 (Div. 2),hojanson0109,637,1733675700,1517,1628
2040,Codeforces Round 992 (Div. 2),Patta_gobhi_,637,1733675700,1880,1888
2040,Codeforces Round 992 (Div. 2),real_man,642,1733675700,1863,1876
2040,Codeforces Round 992 (Div. 2),marianoferesin,642,1733675700,1758,1799
2040,Codeforces Round 992 (Div. 2),paz15,644,1733675700,1868,1879
2040,Codeforces Round 992 (Div. 2),hasan_86,644,1733675700,1452,1582
2040,Codeforces Round 992 (Div. 2),reynaa,646,1733675700,1909,1909
2040,Codeforces Round 992 (Div. 2),ajinkya1p3,646,1733675700,2077,2036
2040,Codeforces Round 992 (Div. 2),Sogard,646,1733675700,1994,1973
2040,Codeforces Round 992 (Div. 2),mwilliam1234,646,1733675700,1587,1676
2040,Codeforces Round 992 (Div. 2),notSpad2e,650,1733675700,1743,1787
2040,Codeforces Round 992 (Div. 2),Focti20,650,1733675700,1800,1828
2040,Codeforces Round 992 (Div. 2),CaiXY06,652,1733675700,1766,1804
2040,Codeforces Round 992 (Div. 2),749291,652,1733675700,1873,1882
2040,Codeforces Round 992 (Div. 2),holl0w,654,1733675700,1640,1713
2040,Codeforces Round 992 (Div. 2),RustyGrill,655,1733675700,1375,1528
2040,Codeforces Round 992 (Div. 2),beidiaodadejht,656,1733675700,1720,1771
2040,Codeforces Round 992 (Div. 2),KaPe503,657,1733675700,1620,1699
2040,Codeforces Round 992 (Div. 2),codeprover,658,1733675700,1542,1643
2040,Codeforces Round 992 (Div. 2),4627488,658,1733675700,1718,1768
2040,Codeforces Round 992 (Div. 2),andrei_p,658,1733675700,1651,1720
2040,Codeforces Round 992 (Div. 2),RipeMango,661,1733675700,1758,1797
2040,Codeforces Round 992 (Div. 2),undercat,662,1733675700,1774,1809
2040,Codeforces Round 992 (Div. 2),Ozurie,662,1733675700,1795,1824
2040,Codeforces Round 992 (Div. 2),Pradhit,662,1733675700,1865,1875
2040,Codeforces Round 992 (Div. 2),__ASHISH__,662,1733675700,1807,1832
2040,Codeforces Round 992 (Div. 2),A_very_old_man,662,1733675700,1985,1964
2040,Codeforces Round 992 (Div. 2),alphax171,667,1733675700,1773,1807
2040,Codeforces Round 992 (Div. 2),Filikec,667,1733675700,1731,1777
2040,Codeforces Round 992 (Div. 2),Al-Hassan_Mohamed,669,1733675700,1536,1638
2040,Codeforces Round 992 (Div. 2),Keylime,670,1733675700,1855,1867
2040,Codeforces Round 992 (Div. 2),Kyon,671,1733675700,1612,1691
2040,Codeforces Round 992 (Div. 2),vinakaa,672,1733675700,1551,1648
2040,Codeforces Round 992 (Div. 2),Bedoo,672,1733675700,1906,1905
2040,Codeforces Round 992 (Div. 2),aluadodeb,674,1733675700,1461,1585
2040,Codeforces Round 992 (Div. 2),Hiraethsoul,674,1733675700,2015,1986
2040,Codeforces Round 992 (Div. 2),Nikita2038,674,1733675700,1627,1702
2040,Codeforces Round 992 (Div. 2),Abhishek_Srivastava,677,1733675700,1869,1877
2040,Codeforces Round 992 (Div. 2),YashiR,677,1733675700,1735,1779
2040,Codeforces Round 992 (Div. 2),igeee,679,1733675700,1958,1943
2040,Codeforces Round 992 (Div. 2),nikhil_thogaru,679,1733675700,1783,1813
2040,Codeforces Round 992 (Div. 2),limabeans,679,1733675700,1897,1897
2040,Codeforces Round 992 (Div. 2),dk10211,682,1733675700,1924,1917
2040,Codeforces Round 992 (Div. 2),cjZYZtjl,682,1733675700,1322,1542
2040,Codeforces Round 992 (Div. 2),DarksideForChen,682,1733675700,1766,1800
2040,Codeforces Round 992 (Div. 2),yyh603,685,1733675700,1873,1879
2040,Codeforces Round 992 (Div. 2),dragonoverlord3000,685,1733675700,1613,1691
2040,Codeforces Round 992 (Div. 2),monocrap,685,1733675700,1824,1843
2040,Codeforces Round 992 (Div. 2),karthi222528,688,1733675700,1720,1767
2040,Codeforces Round 992 (Div. 2),sainisiddharth99,689,1733675700,1638,1708
2040,Codeforces Round 992 (Div. 2),miya145592,690,1733675700,1889,1891
2040,Codeforces Round 992 (Div. 2),1.sh,690,1733675700,1609,1687
2040,Codeforces Round 992 (Div. 2),NullPointered,690,1733675700,1232,1429
2040,Codeforces Round 992 (Div. 2),VladiG,693,1733675700,1695,1748
2040,Codeforces Round 992 (Div. 2),TiLTovozzik,693,1733675700,2010,1981
2040,Codeforces Round 992 (Div. 2),CirnoNine,693,1733675700,1794,1820
2040,Codeforces Round 992 (Div. 2),qlwpc,693,1733675700,2004,1976
2040,Codeforces Round 992 (Div. 2),I_Love_Vianu,697,1733675700,1767,1800
2040,Codeforces Round 992 (Div. 2),AsukaSaito,697,1733675700,2021,1989
2040,Codeforces Round 992 (Div. 2),cwal,697,1733675700,1760,1795
2040,Codeforces Round 992 (Div. 2),Carucao,700,1733675700,1891,1891
2040,Codeforces Round 992 (Div. 2),7agag10,700,1733675700,1630,1701
2040,Codeforces Round 992 (Div. 2),kost,702,1733675700,2041,2004
2040,Codeforces Round 992 (Div. 2),Jensen123,703,1733675700,1628,1699
2040,Codeforces Round 992 (Div. 2),Scalm,703,1733675700,1910,1905
2040,Codeforces Round 992 (Div. 2),qwqXueman,705,1733675700,1663,1724
2040,Codeforces Round 992 (Div. 2),bebera,706,1733675700,1782,1810
2040,Codeforces Round 992 (Div. 2),samudri-bagula,706,1733675700,1385,1590
2040,Codeforces Round 992 (Div. 2),AgOH,706,1733675700,1693,1746
2040,Codeforces Round 992 (Div. 2),retu_io,706,1733675700,1619,1693
2040,Codeforces Round 992 (Div. 2),Ditamin,710,1733675700,1796,1820
2040,Codeforces Round 992 (Div. 2),Nonoze,711,1733675700,2082,2034
2040,Codeforces Round 992 (Div. 2),John316,711,1733675700,1631,1701
2040,Codeforces Round 992 (Div. 2),birsnot,711,1733675700,1977,1954
2040,Codeforces Round 992 (Div. 2),Itisa,711,1733675700,1928,1918
2040,Codeforces Round 992 (Div. 2),Thalisson_Alves,715,1733675700,1662,1723
2040,Codeforces Round 992 (Div. 2),rhydberg,715,1733675700,1501,1609
2040,Codeforces Round 992 (Div. 2),astitva_15,717,1733675700,1602,1680
2040,Codeforces Round 992 (Div. 2),Kiffaz,717,1733675700,1600,1678
2040,Codeforces Round 992 (Div. 2),new_start_of_sky,719,1733675700,1724,1803
2040,Codeforces Round 992 (Div. 2),Evan__Leo,720,1733675700,1299,1522
2040,Codeforces Round 992 (Div. 2),ntmin,721,1733675700,1676,1732
2040,Codeforces Round 992 (Div. 2),.E.M.T.,722,1733675700,1189,1450
2040,Codeforces Round 992 (Div. 2),BrotherCall,723,1733675700,1990,1963
2040,Codeforces Round 992 (Div. 2),pallavgoyal136,724,1733675700,1866,1871
2040,Codeforces Round 992 (Div. 2),Reina__,725,1733675700,1949,1932
2040,Codeforces Round 992 (Div. 2),ASB_,726,1733675700,1866,1870
2040,Codeforces Round 992 (Div. 2),Tourname,726,1733675700,0,638
2040,Codeforces Round 992 (Div. 2),4.5Tatami,726,1733675700,1904,1899
2040,Codeforces Round 992 (Div. 2),dark__69,729,1733675700,1526,1625
2040,Codeforces Round 992 (Div. 2),Woxuanyi,730,1733675700,1606,1681
2040,Codeforces Round 992 (Div. 2),jtrh,731,1733675700,1943,1927
2040,Codeforces Round 992 (Div. 2),Qiu_Qiu,731,1733675700,1634,1701
2040,Codeforces Round 992 (Div. 2),threebody,731,1733675700,1820,1836
2040,Codeforces Round 992 (Div. 2),purplelemon,734,1733675700,1876,1877
2040,Codeforces Round 992 (Div. 2),S4muraj,735,1733675700,1744,1780
2040,Codeforces Round 992 (Div. 2),emni_o,735,1733675700,1610,1684
2040,Codeforces Round 992 (Div. 2),slonik11111111,737,1733675700,1936,1921
2040,Codeforces Round 992 (Div. 2),CH23B050,737,1733675700,1267,1447
2040,Codeforces Round 992 (Div. 2),Leonardo_Paes,737,1733675700,1854,1861
2040,Codeforces Round 992 (Div. 2),Ghammaz-Hassan,740,1733675700,1526,1624
2040,Codeforces Round 992 (Div. 2),Roumak,741,1733675700,1771,1799
2040,Codeforces Round 992 (Div. 2),knightofshadow,741,1733675700,1561,1648
2040,Codeforces Round 992 (Div. 2),_p_a_r_s_a_1_3_,741,1733675700,2000,1970
2040,Codeforces Round 992 (Div. 2),_Shivom_,744,1733675700,1927,1914
2040,Codeforces Round 992 (Div. 2),gubidubi,744,1733675700,2030,1992
2040,Codeforces Round 992 (Div. 2),scopeInfinity,746,1733675700,1742,1778
2040,Codeforces Round 992 (Div. 2),iordache_,747,1733675700,1645,1707
2040,Codeforces Round 992 (Div. 2),hjh123445,747,1733675700,1998,1967
2040,Codeforces Round 992 (Div. 2),_WXZY,747,1733675700,1678,1731
2040,Codeforces Round 992 (Div. 2),daud04,750,1733675700,1673,1727
2040,Codeforces Round 992 (Div. 2),Amk_,750,1733675700,1215,1411
2040,Codeforces Round 992 (Div. 2),TunTunBeoPhi,752,1733675700,814,1210
2040,Codeforces Round 992 (Div. 2),deneribeiro10,753,1733675700,1791,1812
2040,Codeforces Round 992 (Div. 2),Just_mircal_from_jourfac,754,1733675700,0,635
2040,Codeforces Round 992 (Div. 2),hewhocodes,754,1733675700,1801,1820
2040,Codeforces Round 992 (Div. 2),pavook,756,1733675700,1800,1819
2040,Codeforces Round 992 (Div. 2),Buzdi,756,1733675700,1692,1741
2040,Codeforces Round 992 (Div. 2),_FCY_,758,1733675700,1932,1916
2040,Codeforces Round 992 (Div. 2),graustufen,758,1733675700,0,635
2040,Codeforces Round 992 (Div. 2),saba_goduadze,760,1733675700,1629,1695
2040,Codeforces Round 992 (Div. 2),kiwi_1,761,1733675700,1977,1951
2040,Codeforces Round 992 (Div. 2),sksshivam007,762,1733675700,1592,1669
2040,Codeforces Round 992 (Div. 2),chillguy69,763,1733675700,1521,1618
2040,Codeforces Round 992 (Div. 2),Md_Atik,763,1733675700,1761,1790
2040,Codeforces Round 992 (Div. 2),HackerGupta069,765,1733675700,1823,1836
2040,Codeforces Round 992 (Div. 2),milind0110,765,1733675700,1913,1902
2040,Codeforces Round 992 (Div. 2),Gustavo-d,767,1733675700,1556,1643
2040,Codeforces Round 992 (Div. 2),2445928989,768,1733675700,1556,1642
2040,Codeforces Round 992 (Div. 2),TanvirZihad,768,1733675700,1653,1712
2040,Codeforces Round 992 (Div. 2),DSZENITSU,768,1733675700,1508,1608
2040,Codeforces Round 992 (Div. 2),eepsilon,768,1733675700,1920,1907
2040,Codeforces Round 992 (Div. 2),kkkkush,772,1733675700,1669,1722
2040,Codeforces Round 992 (Div. 2),twosquares,772,1733675700,1710,1752
2040,Codeforces Round 992 (Div. 2),penguin2,772,1733675700,2082,2030
2040,Codeforces Round 992 (Div. 2),xyfern,775,1733675700,1803,1819
2040,Codeforces Round 992 (Div. 2),LuoxuanLove,775,1733675700,1683,1732
2040,Codeforces Round 992 (Div. 2),Knight_of_Nineteen,777,1733675700,1621,1688
2040,Codeforces Round 992 (Div. 2),frostdemon,778,1733675700,1707,1750
2040,Codeforces Round 992 (Div. 2),A.I.skeleton_,779,1733675700,1941,1922
2040,Codeforces Round 992 (Div. 2),CedricHung,780,1733675700,1565,1648
2040,Codeforces Round 992 (Div. 2),FallingRain,781,1733675700,1897,1889
2040,Codeforces Round 992 (Div. 2),LearningMachine,782,1733675700,1682,1731
2040,Codeforces Round 992 (Div. 2),wakanda-forever,783,1733675700,1539,1686
2040,Codeforces Round 992 (Div. 2),b00s,784,1733675700,1764,1790
2040,Codeforces Round 992 (Div. 2),Jawad.Akbar_JJ,784,1733675700,1955,1932
2040,Codeforces Round 992 (Div. 2),daoqi,786,1733675700,1913,1901
2040,Codeforces Round 992 (Div. 2),Arkhell,786,1733675700,1377,1516
2040,Codeforces Round 992 (Div. 2),dougalves,788,1733675700,1626,1690
2040,Codeforces Round 992 (Div. 2),happy_sisyphus,789,1733675700,1770,1794
2040,Codeforces Round 992 (Div. 2),value0,789,1733675700,1630,1693
2040,Codeforces Round 992 (Div. 2),gabrielfaure,789,1733675700,1600,1707
2040,Codeforces Round 992 (Div. 2),hnust_maoyiyun,789,1733675700,1703,1745
2040,Codeforces Round 992 (Div. 2),AutumnMist,793,1733675700,1638,1699
2040,Codeforces Round 992 (Div. 2),MahmoudBassem,794,1733675700,1655,1711
2040,Codeforces Round 992 (Div. 2),zhy156,795,1733675700,1371,1565
2040,Codeforces Round 992 (Div. 2),XYSND,795,1733675700,1863,1863
2040,Codeforces Round 992 (Div. 2),zabrouter,797,1733675700,1702,1745
2040,Codeforces Round 992 (Div. 2),Ferrriccc,798,1733675700,1685,1732
2040,Codeforces Round 992 (Div. 2),Cloudby,799,1733675700,1382,1518
2040,Codeforces Round 992 (Div. 2),dp_man,799,1733675700,1581,1657
2040,Codeforces Round 992 (Div. 2),decentcoder,799,1733675700,1634,1695
2040,Codeforces Round 992 (Div. 2),__AlephNuLL,802,1733675700,1634,1695
2040,Codeforces Round 992 (Div. 2),abiramee,802,1733675700,1348,1495
2040,Codeforces Round 992 (Div. 2),prabhavagrawal7,804,1733675700,1617,1683
2040,Codeforces Round 992 (Div. 2),AmazingL,804,1733675700,1722,1758
2040,Codeforces Round 992 (Div. 2),Etohari,804,1733675700,1833,1839
2040,Codeforces Round 992 (Div. 2),shendeliliang,804,1733675700,1816,1827
2040,Codeforces Round 992 (Div. 2),krism,808,1733675700,1707,1747
2040,Codeforces Round 992 (Div. 2),harshul97,809,1733675700,1377,1513
2040,Codeforces Round 992 (Div. 2),Zzxpy,810,1733675700,1832,1838
2040,Codeforces Round 992 (Div. 2),CutSandstone,811,1733675700,1724,1759
2040,Codeforces Round 992 (Div. 2),chandler1837,812,1733675700,1695,1738
2040,Codeforces Round 992 (Div. 2),dr.doom007,813,1733675700,1633,1693
2040,Codeforces Round 992 (Div. 2),dremlory,813,1733675700,1907,1894
2040,Codeforces Round 992 (Div. 2),bobnuu,815,1733675700,1547,1632
2040,Codeforces Round 992 (Div. 2),yeswanth,816,1733675700,1730,1763
2040,Codeforces Round 992 (Div. 2),Nitin2302,816,1733675700,1584,1658
2040,Codeforces Round 992 (Div. 2),vsidelnikov,818,1733675700,1697,1739
2040,Codeforces Round 992 (Div. 2),B0udy,819,1733675700,1566,1645
2040,Codeforces Round 992 (Div. 2),dpark3542,820,1733675700,1699,1740
2040,Codeforces Round 992 (Div. 2),TommiNguyen,821,1733675700,1348,1493
2040,Codeforces Round 992 (Div. 2),455a,822,1733675700,1644,1700
2040,Codeforces Round 992 (Div. 2),muxingyu,823,1733675700,1719,1754
2040,Codeforces Round 992 (Div. 2),hiteshmaurya,824,1733675700,1759,1783
2040,Codeforces Round 992 (Div. 2),PakinDioxide,825,1733675700,1413,1537
2040,Codeforces Round 992 (Div. 2),rishabhtwr07,825,1733675700,1648,1702
2040,Codeforces Round 992 (Div. 2),AlephZero01,825,1733675700,1739,1769
2040,Codeforces Round 992 (Div. 2),arrow_s,828,1733675700,1480,1583
2040,Codeforces Round 992 (Div. 2),MVB,829,1733675700,1641,1697
2040,Codeforces Round 992 (Div. 2),Palbudir,829,1733675700,2099,2038
2040,Codeforces Round 992 (Div. 2),k_san,831,1733675700,1613,1678
2040,Codeforces Round 992 (Div. 2),shinzanmono,832,1733675700,1873,1867
2040,Codeforces Round 992 (Div. 2),ILL1A,833,1733675700,1853,1852
2040,Codeforces Round 992 (Div. 2),Masterer,834,1733675700,1256,1430
2040,Codeforces Round 992 (Div. 2),wzl19371,834,1733675700,1634,1692
2040,Codeforces Round 992 (Div. 2),Morrison_Sec,836,1733675700,1854,1889
2040,Codeforces Round 992 (Div. 2),tianyouzi,837,1733675700,1787,1803
2040,Codeforces Round 992 (Div. 2),haruxne,838,1733675700,1143,1356
2040,Codeforces Round 992 (Div. 2),Luna_chan,839,1733675700,1086,1367
2040,Codeforces Round 992 (Div. 2),ksuksuksu,840,1733675700,1939,1916
2040,Codeforces Round 992 (Div. 2),_DuccNamm_,841,1733675700,1717,1751
2040,Codeforces Round 992 (Div. 2),MoRanFirstWife,841,1733675700,1927,1945
2040,Codeforces Round 992 (Div. 2),gopro2025master,843,1733675700,1663,1712
2040,Codeforces Round 992 (Div. 2),cuongson,843,1733675700,1830,1834
2040,Codeforces Round 992 (Div. 2),oliverpanda_,845,1733675700,1587,1657
2040,Codeforces Round 992 (Div. 2),Pishka12,845,1733675700,1595,1663
2040,Codeforces Round 992 (Div. 2),idkyk,847,1733675700,1628,1687
2040,Codeforces Round 992 (Div. 2),ash_00,848,1733675700,1395,1522
2040,Codeforces Round 992 (Div. 2),miniL,849,1733675700,1664,1713
2040,Codeforces Round 992 (Div. 2),SSYernar,849,1733675700,1904,1889
2040,Codeforces Round 992 (Div. 2),enwask,851,1733675700,1577,1649
2040,Codeforces Round 992 (Div. 2),Ankity_07,851,1733675700,1692,1732
2040,Codeforces Round 992 (Div. 2),agent_p,853,1733675700,1613,1675
2040,Codeforces Round 992 (Div. 2),Tan_Wei_Ye,854,1733675700,1619,1680
2040,Codeforces Round 992 (Div. 2),Kumarfeldspar,854,1733675700,1692,1732
2040,Codeforces Round 992 (Div. 2),vishal4556,856,1733675700,1861,1856
2040,Codeforces Round 992 (Div. 2),Jahshahauskdmw,856,1733675700,1818,1824
2040,Codeforces Round 992 (Div. 2),bnsczr,856,1733675700,1518,1607
2040,Codeforces Round 992 (Div. 2),Bloopz,859,1733675700,1499,1594
2040,Codeforces Round 992 (Div. 2),Glastrier,860,1733675700,1857,1853
2040,Codeforces Round 992 (Div. 2),ILVxianya,860,1733675700,1519,1608
2040,Codeforces Round 992 (Div. 2),lam022,862,1733675700,540,1002
2040,Codeforces Round 992 (Div. 2),just_Atta,863,1733675700,1553,1631
2040,Codeforces Round 992 (Div. 2),sumit_kk10,864,1733675700,1677,1721
2040,Codeforces Round 992 (Div. 2),Third_Thread,865,1733675700,1603,1667
2040,Codeforces Round 992 (Div. 2),tramp3,866,1733675700,1697,1735
2040,Codeforces Round 992 (Div. 2),zhaosongwen,867,1733675700,1952,1924
2040,Codeforces Round 992 (Div. 2),ace01,868,1733675700,1814,1820
2040,Codeforces Round 992 (Div. 2),shifangyan2022,869,1733675700,1119,1414
2040,Codeforces Round 992 (Div. 2),MongoAbe,870,1733675700,1632,1747
2040,Codeforces Round 992 (Div. 2),supreetmaurya77,871,1733675700,1617,1676
2040,Codeforces Round 992 (Div. 2),Headshooot,872,1733675700,1591,1658
2040,Codeforces Round 992 (Div. 2),dog_of_SoloRejudger,873,1733675700,1963,1932
2040,Codeforces Round 992 (Div. 2),BladeRunner,874,1733675700,2052,2000
2040,Codeforces Round 992 (Div. 2),I_love_maxaxaxaxa,875,1733675700,1849,1845
2040,Codeforces Round 992 (Div. 2),qingshangqaq,876,1733675700,1448,1557
2040,Codeforces Round 992 (Div. 2),SANKI,877,1733675700,1716,1748
2040,Codeforces Round 992 (Div. 2),Marusya_r,878,1733675700,1825,1828
2040,Codeforces Round 992 (Div. 2),VectorSmasher,879,1733675700,1641,1693
2040,Codeforces Round 992 (Div. 2),duongquanghai08,880,1733675700,1720,1751
2040,Codeforces Round 992 (Div. 2),VimLover,881,1733675700,1511,1600
2040,Codeforces Round 992 (Div. 2),mdfaabrar257,882,1733675700,1746,1769
2040,Codeforces Round 992 (Div. 2),JulSjlv,883,1733675700,1732,1759
2040,Codeforces Round 992 (Div. 2),TwoPointer123456,884,1733675700,0,623
2040,Codeforces Round 992 (Div. 2),samvar_0907,885,1733675700,1514,1602
2040,Codeforces Round 992 (Div. 2),QianJiayu,886,1733675700,1368,1501
2040,Codeforces Round 992 (Div. 2),LFTAYRI,887,1733675700,1369,1501
2040,Codeforces Round 992 (Div. 2),Linchh,888,1733675700,1677,1719
2040,Codeforces Round 992 (Div. 2),arnavra3,889,1733675700,1710,1743
2040,Codeforces Round 992 (Div. 2),susanzhishen,890,1733675700,1755,1775
2040,Codeforces Round 992 (Div. 2),protsenko.p,891,1733675700,1524,1609
2040,Codeforces Round 992 (Div. 2),Slanyara,892,1733675700,1494,1588
2040,Codeforces Round 992 (Div. 2),Fight_G,893,1733675700,1622,1714
2040,Codeforces Round 992 (Div. 2),nikoro256,894,1733675700,1853,1847
2040,Codeforces Round 992 (Div. 2),guesswhetherIamXJK,895,1733675700,1879,1867
2040,Codeforces Round 992 (Div. 2),_Duck_Dot_Dot_Happy,896,1733675700,1740,1764
2040,Codeforces Round 992 (Div. 2),HelloFromMars,897,1733675700,1476,1575
2040,Codeforces Round 992 (Div. 2),SwordDance,898,1733675700,1874,1863
2040,Codeforces Round 992 (Div. 2),CaCl2_H2O_CO2,899,1733675700,2037,1987
2040,Codeforces Round 992 (Div. 2),qptimusprime1,900,1733675700,1639,1750
2040,Codeforces Round 992 (Div. 2),ph2nkhang,901,1733675700,1021,1274
2040,Codeforces Round 992 (Div. 2),sunrise524288,901,1733675700,1525,1609
2040,Codeforces Round 992 (Div. 2),X_xp,903,1733675700,1756,1775
2040,Codeforces Round 992 (Div. 2),kinnikuma,904,1733675700,1967,1932
2040,Codeforces Round 992 (Div. 2),PaciukZvichainyi,905,1733675700,1975,1938
2040,Codeforces Round 992 (Div. 2),ViratKohliGoat,906,1733675700,1862,1853
2040,Codeforces Round 992 (Div. 2),risingstarr,907,1733675700,0,621
2040,Codeforces Round 992 (Div. 2),liugh,908,1733675700,1633,1685
2040,Codeforces Round 992 (Div. 2),XG0000,909,1733675700,1956,1924
2040,Codeforces Round 992 (Div. 2),iceylemon157,909,1733675700,2011,1966
2040,Codeforces Round 992 (Div. 2),tanishq2,911,1733675700,1843,1839
2040,Codeforces Round 992 (Div. 2),Enoch006,912,1733675700,1728,1754
2040,Codeforces Round 992 (Div. 2),Muhammad_Aneeq,913,1733675700,1818,1820
2040,Codeforces Round 992 (Div. 2),tkt0506tkt,914,1733675700,1823,1824
2040,Codeforces Round 992 (Div. 2),__yingbao,914,1733675700,1162,1442
2040,Codeforces Round 992 (Div. 2),pengin_2000,916,1733675700,1983,1944
2040,Codeforces Round 992 (Div. 2),yud08,917,1733675700,1884,1869
2040,Codeforces Round 992 (Div. 2),biximo,917,1733675700,2043,1990
2040,Codeforces Round 992 (Div. 2),romochka12,919,1733675700,0,620
2040,Codeforces Round 992 (Div. 2),qwq___qaq,919,1733675700,1548,1623
2040,Codeforces Round 992 (Div. 2),_morsmordre_,921,1733675700,1978,1940
2040,Codeforces Round 992 (Div. 2),brun0matheus,921,1733675700,1938,1909
2040,Codeforces Round 992 (Div. 2),GreySpecter,923,1733675700,1627,1680
2040,Codeforces Round 992 (Div. 2),kmchoi,924,1733675700,1750,1769
2040,Codeforces Round 992 (Div. 2),svntn.4vr,924,1733675700,1789,1798
2040,Codeforces Round 992 (Div. 2),tdiv,926,1733675700,1773,1786
2040,Codeforces Round 992 (Div. 2),kafamcokkaristi,927,1733675700,2092,2027
2040,Codeforces Round 992 (Div. 2),QwQ___,928,1733675700,1799,1882
2040,Codeforces Round 992 (Div. 2),Qumeric,928,1733675700,1868,1856
2040,Codeforces Round 992 (Div. 2),konghaojie,928,1733675700,1995,1953
2040,Codeforces Round 992 (Div. 2),PyIsTheBestLang,931,1733675700,1776,1788
2040,Codeforces Round 992 (Div. 2),aprohACk,931,1733675700,1949,1918
2040,Codeforces Round 992 (Div. 2),FZY0314,931,1733675700,1668,1709
2040,Codeforces Round 992 (Div. 2),__FlowerandYou,934,1733675700,1395,1578
2040,Codeforces Round 992 (Div. 2),C...c,934,1733675700,919,1211
2040,Codeforces Round 992 (Div. 2),Bilguungerelt_0717,936,1733675700,1703,1734
2040,Codeforces Round 992 (Div. 2),IcarusWing,937,1733675700,2026,1976
2040,Codeforces Round 992 (Div. 2),LaDeX,938,1733675700,2022,1972
2040,Codeforces Round 992 (Div. 2),alpha-1.1,939,1733675700,1511,1596
2040,Codeforces Round 992 (Div. 2),CyberCow,940,1733675700,1990,1948
2040,Codeforces Round 992 (Div. 2),ma_moutahid,941,1733675700,1939,1909
2040,Codeforces Round 992 (Div. 2),Pleitehuenas,942,1733675700,1661,1703
2040,Codeforces Round 992 (Div. 2),ando_copy,943,1733675700,1668,1708
2040,Codeforces Round 992 (Div. 2),XiaoretaW,944,1733675700,1512,1596
2040,Codeforces Round 992 (Div. 2),mark,945,1733675700,1950,1917
2040,Codeforces Round 992 (Div. 2),Iris1647,945,1733675700,1775,1786
2040,Codeforces Round 992 (Div. 2),yvbf,945,1733675700,1767,1780
2040,Codeforces Round 992 (Div. 2),akorton,945,1733675700,1772,1784
2040,Codeforces Round 992 (Div. 2),StrangePenguin,945,1733675700,1499,1587
2040,Codeforces Round 992 (Div. 2),sam990,945,1733675700,1710,1738
2040,Codeforces Round 992 (Div. 2),qinfengkl,951,1733675700,2076,2013
2040,Codeforces Round 992 (Div. 2),RighterTheOriginal,952,1733675700,1748,1765
2040,Codeforces Round 992 (Div. 2),AbelDE,952,1733675700,1772,1783
2040,Codeforces Round 992 (Div. 2),Inri,954,1733675700,1867,1854
2040,Codeforces Round 992 (Div. 2),Basargin,954,1733675700,1587,1648
2040,Codeforces Round 992 (Div. 2),Lihg,956,1733675700,1927,1899
2040,Codeforces Round 992 (Div. 2),pushp_deep,957,1733675700,1340,1475
2040,Codeforces Round 992 (Div. 2),kunalbhalgat,957,1733675700,1586,1648
2040,Codeforces Round 992 (Div. 2),ababa1,957,1733675700,0,618
2040,Codeforces Round 992 (Div. 2),JustinBeerHoi,960,1733675700,1522,1602
2040,Codeforces Round 992 (Div. 2),imsmoldik,960,1733675700,1559,1628
2040,Codeforces Round 992 (Div. 2),man-ray,962,1733675700,1807,1808
2040,Codeforces Round 992 (Div. 2),melonseeds,962,1733675700,1459,1557
2040,Codeforces Round 992 (Div. 2),Falcon_76,962,1733675700,1767,1779
2040,Codeforces Round 992 (Div. 2),tuananh238,965,1733675700,1788,1795
2040,Codeforces Round 992 (Div. 2),scyyyyyyyyyy,965,1733675700,1698,1728
2040,Codeforces Round 992 (Div. 2),henriqueramos.qs,967,1733675700,1908,1884
2040,Codeforces Round 992 (Div. 2),hardenisthegoat,968,1733675700,1963,1926
2040,Codeforces Round 992 (Div. 2),EldoSantos,968,1733675700,1844,1836
2040,Codeforces Round 992 (Div. 2),RedMinecrafter101,970,1733675700,1706,1733
2040,Codeforces Round 992 (Div. 2),psm9352,970,1733675700,1242,1408
2040,Codeforces Round 992 (Div. 2),MarioYC,970,1733675700,1962,1924
2040,Codeforces Round 992 (Div. 2),Meguhine,970,1733675700,1850,1840
2040,Codeforces Round 992 (Div. 2),vivivi,970,1733675700,1603,1659
2040,Codeforces Round 992 (Div. 2),haminh1092005,975,1733675700,1642,1687
2040,Codeforces Round 992 (Div. 2),rohan.p,975,1733675700,1656,1697
2040,Codeforces Round 992 (Div. 2),vangtrangtan,977,1733675700,1614,1666
2040,Codeforces Round 992 (Div. 2),Ban.kai,977,1733675700,1548,1619
2040,Codeforces Round 992 (Div. 2),Chika-aki,979,1733675700,1772,1781
2040,Codeforces Round 992 (Div. 2),Horka,979,1733675700,1927,1898
2040,Codeforces Round 992 (Div. 2),namsee1,981,1733675700,1717,1741
2040,Codeforces Round 992 (Div. 2),Nelt,981,1733675700,1676,1711
2040,Codeforces Round 992 (Div. 2),ankit_sahu18,981,1733675700,0,615
2040,Codeforces Round 992 (Div. 2),qfl-zzz,981,1733675700,1852,1841
2040,Codeforces Round 992 (Div. 2),apricity,985,1733675700,1966,1926
2040,Codeforces Round 992 (Div. 2),mariza_CY,985,1733675700,1890,1870
2040,Codeforces Round 992 (Div. 2),vijay_katari23,985,1733675700,1760,1773
2040,Codeforces Round 992 (Div. 2),Irate,988,1733675700,1759,1771
2040,Codeforces Round 992 (Div. 2),BYR_KKK,989,1733675700,1980,1938
2040,Codeforces Round 992 (Div. 2),practice.cpp1,990,1733675700,1738,1756
2040,Codeforces Round 992 (Div. 2),Dedibeat,990,1733675700,1781,1787
2040,Codeforces Round 992 (Div. 2),TheGoodest,992,1733675700,1601,1656
2040,Codeforces Round 992 (Div. 2),l88097442,992,1733675700,1550,1620
2040,Codeforces Round 992 (Div. 2),ctzm,994,1733675700,1479,1569
2040,Codeforces Round 992 (Div. 2),basebillions,994,1733675700,2039,1982
2040,Codeforces Round 992 (Div. 2),TRYING_To_Do_Better__,994,1733675700,1662,1700
2040,Codeforces Round 992 (Div. 2),mdolchik,997,1733675700,2039,1981
2040,Codeforces Round 992 (Div. 2),yitien0705,997,1733675700,1672,1707
2040,Codeforces Round 992 (Div. 2),AIpha_Q,997,1733675700,1732,1751
2040,Codeforces Round 992 (Div. 2),rupanugam,1000,1733675700,1858,1844
2040,Codeforces Round 992 (Div. 2),B00Legen,1001,1733675700,1835,1827
2040,Codeforces Round 992 (Div. 2),fbrunodr,1001,1733675700,1889,1867
2040,Codeforces Round 992 (Div. 2),Allergy527,1001,1733675700,1530,1604
2040,Codeforces Round 992 (Div. 2),_ljh,1001,1733675700,1759,1770
2040,Codeforces Round 992 (Div. 2),APMAH,1001,1733675700,2031,1975
2040,Codeforces Round 992 (Div. 2),Atri,1006,1733675700,1927,1896
2040,Codeforces Round 992 (Div. 2),ShadowPhoenix,1006,1733675700,1858,1844
2040,Codeforces Round 992 (Div. 2),Tenshi0x0,1006,1733675700,1859,1845
2040,Codeforces Round 992 (Div. 2),Queeee,1009,1733675700,1745,1760
2040,Codeforces Round 992 (Div. 2),seraphimstreets,1009,1733675700,1649,1689
2040,Codeforces Round 992 (Div. 2),brrroski,1011,1733675700,1574,1635
2040,Codeforces Round 992 (Div. 2),mu_hua,1012,1733675700,1381,1499
2040,Codeforces Round 992 (Div. 2),6216lxr,1012,1733675700,1457,1552
2040,Codeforces Round 992 (Div. 2),whans_,1012,1733675700,1755,1767
2040,Codeforces Round 992 (Div. 2),shade34,1015,1733675700,2094,2023
2040,Codeforces Round 992 (Div. 2),hung8A,1015,1733675700,1792,1794
2040,Codeforces Round 992 (Div. 2),royshubham,1015,1733675700,1792,1794
2040,Codeforces Round 992 (Div. 2),esh4,1018,1733675700,1491,1576
2040,Codeforces Round 992 (Div. 2),ShanuSingroha,1018,1733675700,1685,1715
2040,Codeforces Round 992 (Div. 2),darkus-_-,1018,1733675700,1824,1817
2040,Codeforces Round 992 (Div. 2),_Kee,1021,1733675700,1813,1809
2040,Codeforces Round 992 (Div. 2),MasterTaster,1021,1733675700,1663,1699
2040,Codeforces Round 992 (Div. 2),Guanexxx,1023,1733675700,1519,1595
2040,Codeforces Round 992 (Div. 2),niku_raaz,1023,1733675700,1350,1477
2040,Codeforces Round 992 (Div. 2),asdasdqwer,1023,1733675700,1915,1886
2040,Codeforces Round 992 (Div. 2),mulyam13986,1023,1733675700,1723,1742
2040,Codeforces Round 992 (Div. 2),Yooussef,1027,1733675700,1599,1652
2040,Codeforces Round 992 (Div. 2),rivenboom,1027,1733675700,2023,1967
2040,Codeforces Round 992 (Div. 2),HD0X_____,1027,1733675700,1416,1557
2040,Codeforces Round 992 (Div. 2),kazu_tech,1027,1733675700,1605,1656
2040,Codeforces Round 992 (Div. 2),coderup,1027,1733675700,1411,1518
2040,Codeforces Round 992 (Div. 2),abeot,1027,1733675700,1671,1704
2040,Codeforces Round 992 (Div. 2),rohitsomani,1033,1733675700,1664,1699
2040,Codeforces Round 992 (Div. 2),tibo413,1033,1733675700,1120,1403
2040,Codeforces Round 992 (Div. 2),ChandrashekharD,1033,1733675700,1780,1784
2040,Codeforces Round 992 (Div. 2),Desh01,1033,1733675700,1961,1920
2040,Codeforces Round 992 (Div. 2),kenkenken,1033,1733675700,1992,1943
2040,Codeforces Round 992 (Div. 2),Mehdi_Farhadian,1038,1733675700,1684,1713
2040,Codeforces Round 992 (Div. 2),Gourav,1038,1733675700,1398,1509
2040,Codeforces Round 992 (Div. 2),banti,1038,1733675700,1842,1830
2040,Codeforces Round 992 (Div. 2),__just_chilll,1038,1733675700,723,1119
2040,Codeforces Round 992 (Div. 2),240205,1038,1733675700,1758,1767
2040,Codeforces Round 992 (Div. 2),1.6180,1038,1733675700,1505,1583
2040,Codeforces Round 992 (Div. 2),Algolagon,1044,1733675700,1893,1868
2040,Codeforces Round 992 (Div. 2),Tian_Ming_Yo,1044,1733675700,1279,1461
2040,Codeforces Round 992 (Div. 2),__Niko__,1044,1733675700,0,611
2040,Codeforces Round 992 (Div. 2),Gnadenlos,1047,1733675700,1947,1909
2040,Codeforces Round 992 (Div. 2),zawatin,1048,1733675700,1866,1847
2040,Codeforces Round 992 (Div. 2),ImSarthak,1048,1733675700,1793,1793
2040,Codeforces Round 992 (Div. 2),Satyam_86770,1048,1733675700,1581,1637
2040,Codeforces Round 992 (Div. 2),khanter_,1048,1733675700,1431,1531
2040,Codeforces Round 992 (Div. 2),nnhzzz,1048,1733675700,1904,1875
2040,Codeforces Round 992 (Div. 2),wisp,1053,1733675700,1611,1659
2040,Codeforces Round 992 (Div. 2),baizongyu314,1053,1733675700,1780,1782
2040,Codeforces Round 992 (Div. 2),Lucifer_30,1053,1733675700,1606,1655
2040,Codeforces Round 992 (Div. 2),sergeev.PRO,1056,1733675700,2087,2015
2040,Codeforces Round 992 (Div. 2),xiachi,1056,1733675700,1844,1830
2040,Codeforces Round 992 (Div. 2),Privacy_Policy,1058,1733675700,1227,1391
2040,Codeforces Round 992 (Div. 2),d.o.,1058,1733675700,1776,1780
2040,Codeforces Round 992 (Div. 2),RSAMSD,1060,1733675700,1549,1614
2040,Codeforces Round 992 (Div. 2),yashk6767,1061,1733675700,1658,1692
2040,Codeforces Round 992 (Div. 2),Neffus,1061,1733675700,1700,1723
2040,Codeforces Round 992 (Div. 2),B_3,1063,1733675700,2040,1979
2040,Codeforces Round 992 (Div. 2),Mdominykas,1063,1733675700,1953,1912
2040,Codeforces Round 992 (Div. 2),Shahrad_Mirzaei,1063,1733675700,1883,1859
2040,Codeforces Round 992 (Div. 2),Reunite,1063,1733675700,2037,1976
2040,Codeforces Round 992 (Div. 2),LittleMoon,1067,1733675700,1712,1731
2040,Codeforces Round 992 (Div. 2),EnDeRBeaT,1067,1733675700,1955,1914
2040,Codeforces Round 992 (Div. 2),BacktrackerG,1067,1733675700,1510,1585
2040,Codeforces Round 992 (Div. 2),00001,1067,1733675700,1812,1805
2040,Codeforces Round 992 (Div. 2),ShinonomeKuro,1071,1733675700,1691,1716
2040,Codeforces Round 992 (Div. 2),ParthN27,1072,1733675700,1456,1547
2040,Codeforces Round 992 (Div. 2),Pe4enka_edych,1073,1733675700,1421,1522
2040,Codeforces Round 992 (Div. 2),clear1314,1073,1733675700,1924,1889
2040,Codeforces Round 992 (Div. 2),Zwixxy,1073,1733675700,1861,1841
2040,Codeforces Round 992 (Div. 2),wrau,1073,1733675700,1733,1746
2040,Codeforces Round 992 (Div. 2),MaxDYF,1077,1733675700,1788,1787
2040,Codeforces Round 992 (Div. 2),Nari0222,1077,1733675700,1455,1546
2040,Codeforces Round 992 (Div. 2),stillgrowing,1077,1733675700,1238,1449
2040,Codeforces Round 992 (Div. 2),Bobchik,1080,1733675700,1541,1607
2040,Codeforces Round 992 (Div. 2),C12AK,1080,1733675700,1702,1723
2040,Codeforces Round 992 (Div. 2),Newbie_QQH,1080,1733675700,1592,1643
2040,Codeforces Round 992 (Div. 2),StOlEn_KiNg,1080,1733675700,1455,1546
2040,Codeforces Round 992 (Div. 2),Pocochuk,1084,1733675700,1716,1734
2040,Codeforces Round 992 (Div. 2),potatmen,1084,1733675700,1743,1753
2040,Codeforces Round 992 (Div. 2),Kalix1110,1086,1733675700,1547,1611
2040,Codeforces Round 992 (Div. 2),_shriom_,1086,1733675700,1542,1607
2040,Codeforces Round 992 (Div. 2),cysssssssss,1088,1733675700,629,1047
2040,Codeforces Round 992 (Div. 2),CursedCraftsman,1088,1733675700,1590,1641
2040,Codeforces Round 992 (Div. 2),pianapolataa,1088,1733675700,1478,1561
2040,Codeforces Round 992 (Div. 2),WhoCareRating.,1088,1733675700,1617,1661
2040,Codeforces Round 992 (Div. 2),new_account_,1088,1733675700,1628,1705
2040,Codeforces Round 992 (Div. 2),minalb,1093,1733675700,1907,1876
2040,Codeforces Round 992 (Div. 2),redoak,1093,1733675700,1744,1753
2040,Codeforces Round 992 (Div. 2),SiddharthJoshi,1093,1733675700,1694,1716
2040,Codeforces Round 992 (Div. 2),Always_remember_begin,1093,1733675700,1711,1729
2040,Codeforces Round 992 (Div. 2),kanishkgupta071,1097,1733675700,1747,1755
2040,Codeforces Round 992 (Div. 2),ashishc1,1097,1733675700,1809,1801
2040,Codeforces Round 992 (Div. 2),fsj-o,1097,1733675700,1851,1832
2040,Codeforces Round 992 (Div. 2),EbrahimSaad,1097,1733675700,1828,1816
2040,Codeforces Round 992 (Div. 2),Rating_10101010,1101,1733675700,1837,1822
2040,Codeforces Round 992 (Div. 2),QwQ_newbie,1101,1733675700,1524,1593
2040,Codeforces Round 992 (Div. 2),Ianis,1103,1733675700,1683,1708
2040,Codeforces Round 992 (Div. 2),Chugunov_Alexander,1103,1733675700,1643,1679
2040,Codeforces Round 992 (Div. 2),sluki,1103,1733675700,1793,1789
2040,Codeforces Round 992 (Div. 2),VS-Codes,1106,1733675700,1748,1755
2040,Codeforces Round 992 (Div. 2),rubbish,1106,1733675700,1307,1441
2040,Codeforces Round 992 (Div. 2),DvX5,1106,1733675700,1677,1703
2040,Codeforces Round 992 (Div. 2),vereshchagin88,1106,1733675700,1751,1757
2040,Codeforces Round 992 (Div. 2),xina,1106,1733675700,1917,1882
2040,Codeforces Round 992 (Div. 2),EkkoTM,1106,1733675700,1426,1523
2040,Codeforces Round 992 (Div. 2),42i196,1112,1733675700,1718,1733
2040,Codeforces Round 992 (Div. 2),xprt_1,1112,1733675700,1590,1640
2040,Codeforces Round 992 (Div. 2),Umiyuri,1112,1733675700,1776,1775
2040,Codeforces Round 992 (Div. 2),hulean,1112,1733675700,1561,1618
2040,Codeforces Round 992 (Div. 2),Adrian_B,1112,1733675700,691,1090
2040,Codeforces Round 992 (Div. 2),OrangeAscent,1112,1733675700,1611,1654
2040,Codeforces Round 992 (Div. 2),vlk0,1112,1733675700,1640,1676
2040,Codeforces Round 992 (Div. 2),1DG,1112,1733675700,1622,1662
2040,Codeforces Round 992 (Div. 2),aiouniya,1120,1733675700,1631,1669
2040,Codeforces Round 992 (Div. 2),bobthestickman,1120,1733675700,1801,1794
2040,Codeforces Round 992 (Div. 2),Teto,1120,1733675700,1861,1839
2040,Codeforces Round 992 (Div. 2),Ashrayy,1120,1733675700,1612,1655
2040,Codeforces Round 992 (Div. 2),abrosimoveu,1120,1733675700,1593,1641
2040,Codeforces Round 992 (Div. 2),HuySky,1125,1733675700,1337,1460
2040,Codeforces Round 992 (Div. 2),og.kostya,1125,1733675700,1844,1826
2040,Codeforces Round 992 (Div. 2),duttasagnik,1125,1733675700,1463,1548
2040,Codeforces Round 992 (Div. 2),n_o_n_o_n,1128,1733675700,1905,1872
2040,Codeforces Round 992 (Div. 2),deepakkumar.nea10a,1128,1733675700,1479,1559
2040,Codeforces Round 992 (Div. 2),Ar4d,1130,1733675700,1756,1759
2040,Codeforces Round 992 (Div. 2),Javabetterthancpp,1130,1733675700,0,605
2040,Codeforces Round 992 (Div. 2),Leadd,1130,1733675700,1308,1440
2040,Codeforces Round 992 (Div. 2),naivewy,1130,1733675700,1848,1893
2040,Codeforces Round 992 (Div. 2),toshit3q34,1134,1733675700,1714,1729
2040,Codeforces Round 992 (Div. 2),Harsh-Bardolia,1134,1733675700,1654,1684
2040,Codeforces Round 992 (Div. 2),PMC_Wagner,1136,1733675700,454,921
2040,Codeforces Round 992 (Div. 2),DeterminedSage,1136,1733675700,1447,1536
2040,Codeforces Round 992 (Div. 2),MinioBuB,1136,1733675700,1707,1723
2040,Codeforces Round 992 (Div. 2),myx12345,1136,1733675700,1724,1736
2040,Codeforces Round 992 (Div. 2),cjoa,1136,1733675700,1763,1764
2040,Codeforces Round 992 (Div. 2),BpbjsGreen,1136,1733675700,1511,1581
2040,Codeforces Round 992 (Div. 2),LiYue_GanYu,1142,1733675700,1856,1834
2040,Codeforces Round 992 (Div. 2),suvrodroy_,1142,1733675700,1177,1385
2040,Codeforces Round 992 (Div. 2),lftroq,1142,1733675700,1864,1840
2040,Codeforces Round 992 (Div. 2),shubhamsagar2.0,1142,1733675700,1750,1754
2040,Codeforces Round 992 (Div. 2),jota_22,1142,1733675700,1559,1615
2040,Codeforces Round 992 (Div. 2),ovidiupita,1142,1733675700,1600,1644
2040,Codeforces Round 992 (Div. 2),silverstorm,1148,1733675700,1941,1898
2040,Codeforces Round 992 (Div. 2),priyansh13,1148,1733675700,1796,1788
2040,Codeforces Round 992 (Div. 2),ayushmittal007,1148,1733675700,1721,1733
2040,Codeforces Round 992 (Div. 2),SaiAnoop,1151,1733675700,1722,1734
2040,Codeforces Round 992 (Div. 2),MMG101,1152,1733675700,0,603
2040,Codeforces Round 992 (Div. 2),jincongcong,1152,1733675700,1461,1612
2040,Codeforces Round 992 (Div. 2),m0urnful,1152,1733675700,1673,1697
2040,Codeforces Round 992 (Div. 2),typeshit,1155,1733675700,1220,1469
2040,Codeforces Round 992 (Div. 2),mbez,1155,1733675700,0,603
2040,Codeforces Round 992 (Div. 2),anonymuspj,1155,1733675700,1688,1708
2040,Codeforces Round 992 (Div. 2),The_diya,1155,1733675700,0,603
2040,Codeforces Round 992 (Div. 2),zhuchenyao,1159,1733675700,1989,1934
2040,Codeforces Round 992 (Div. 2),Mikhango,1159,1733675700,1865,1840
2040,Codeforces Round 992 (Div. 2),Mousa_Aboubaker,1159,1733675700,1694,1712
2040,Codeforces Round 992 (Div. 2),Navier_boltzmann,1159,1733675700,1828,1811
2040,Codeforces Round 992 (Div. 2),Abdo-Atef,1163,1733675700,1493,1567
2040,Codeforces Round 992 (Div. 2),ritik_369,1163,1733675700,1913,1876
2040,Codeforces Round 992 (Div. 2),Announcement,1163,1733675700,516,962
2040,Codeforces Round 992 (Div. 2),franchu,1163,1733675700,2005,1946
2040,Codeforces Round 992 (Div. 2),WhyYouSmile,1163,1733675700,1373,1538
2040,Codeforces Round 992 (Div. 2),TheBeginning,1168,1733675700,634,1046
2040,Codeforces Round 992 (Div. 2),KluydQ,1168,1733675700,1805,1794
2040,Codeforces Round 992 (Div. 2),zengmaoyuan,1168,1733675700,1297,1430
2040,Codeforces Round 992 (Div. 2),sunchaoyi,1168,1733675700,1615,1654
2040,Codeforces Round 992 (Div. 2),hbg1345,1168,1733675700,1695,1712
2040,Codeforces Round 992 (Div. 2),khoad,1168,1733675700,1715,1727
2040,Codeforces Round 992 (Div. 2),Oleja123,1168,1733675700,1660,1687
2040,Codeforces Round 992 (Div. 2),niuzige,1175,1733675700,1519,1585
2040,Codeforces Round 992 (Div. 2),shrey71,1176,1733675700,1622,1659
2040,Codeforces Round 992 (Div. 2),Akshar_7,1176,1733675700,1570,1622
2040,Codeforces Round 992 (Div. 2),rgrgtgrf,1176,1733675700,1890,1858
2040,Codeforces Round 992 (Div. 2),-3en_7oras-,1179,1733675700,1871,1843
2040,Codeforces Round 992 (Div. 2),kmth.7z,1179,1733675700,1654,1682
2040,Codeforces Round 992 (Div. 2),i_love_qingyu,1179,1733675700,1712,1724
2040,Codeforces Round 992 (Div. 2),HooinKy0ma,1182,1733675700,1265,1460
2040,Codeforces Round 992 (Div. 2),KaiserYang,1183,1733675700,1660,1686
2040,Codeforces Round 992 (Div. 2),KurtSteinkraus,1183,1733675700,1430,1521
2040,Codeforces Round 992 (Div. 2),khf7000,1183,1733675700,1433,1558
2040,Codeforces Round 992 (Div. 2),VanshRA,1183,1733675700,1918,1878
2040,Codeforces Round 992 (Div. 2),miles_morales,1187,1733675700,1430,1521
2040,Codeforces Round 992 (Div. 2),_MyAngelGasai,1187,1733675700,1367,1477
2040,Codeforces Round 992 (Div. 2),maheshc1,1187,1733675700,1746,1749
2040,Codeforces Round 992 (Div. 2),PoonYaPat,1187,1733675700,1717,1727
2040,Codeforces Round 992 (Div. 2),_Filya_,1187,1733675700,1725,1733
2040,Codeforces Round 992 (Div. 2),PedroGallo,1187,1733675700,1878,1848
2040,Codeforces Round 992 (Div. 2),Ibad_gau,1187,1733675700,1159,1422
2040,Codeforces Round 992 (Div. 2),vidit_ag-2005,1194,1733675700,1454,1538
2040,Codeforces Round 992 (Div. 2),wlaten,1194,1733675700,1745,1748
2040,Codeforces Round 992 (Div. 2),losXxh,1196,1733675700,1703,1717
2040,Codeforces Round 992 (Div. 2),bezdarn0st,1196,1733675700,1786,1778
2040,Codeforces Round 992 (Div. 2),wjwweiwei,1196,1733675700,1591,1635
2040,Codeforces Round 992 (Div. 2),_greedy,1196,1733675700,1958,1908
2040,Codeforces Round 992 (Div. 2),ne_lublu_petuxov,1200,1733675700,1552,1678
2040,Codeforces Round 992 (Div. 2),Xgamer76,1201,1733675700,1494,1601
2040,Codeforces Round 992 (Div. 2),pushlpr,1201,1733675700,1713,1724
2040,Codeforces Round 992 (Div. 2),kamranm,1201,1733675700,1577,1625
2040,Codeforces Round 992 (Div. 2),kauperwood,1201,1733675700,1732,1738
2040,Codeforces Round 992 (Div. 2),__Spinel,1205,1733675700,558,989
2040,Codeforces Round 992 (Div. 2),Sinatbt,1205,1733675700,1607,1646
2040,Codeforces Round 992 (Div. 2),espr1t,1205,1733675700,2002,1941
2040,Codeforces Round 992 (Div. 2),tytytonyty,1205,1733675700,1229,1440
2040,Codeforces Round 992 (Div. 2),Rashoo,1209,1733675700,1708,1719
2040,Codeforces Round 992 (Div. 2),Mehrnoush_aa,1209,1733675700,1188,1387
2040,Codeforces Round 992 (Div. 2),_AdiYadav_,1209,1733675700,1732,1737
2040,Codeforces Round 992 (Div. 2),GreatSageEqualToHeaven,1212,1733675700,1458,1539
2040,Codeforces Round 992 (Div. 2),FugiPig,1212,1733675700,1942,1895
2040,Codeforces Round 992 (Div. 2),poi,1214,1733675700,1503,1571
2040,Codeforces Round 992 (Div. 2),nosef,1214,1733675700,1595,1637
2040,Codeforces Round 992 (Div. 2),Marselel,1214,1733675700,1390,1491
2040,Codeforces Round 992 (Div. 2),jayantjha1109,1214,1733675700,1822,1804
2040,Codeforces Round 992 (Div. 2),arham_doshi,1214,1733675700,1762,1760
2040,Codeforces Round 992 (Div. 2),woonder,1219,1733675700,1627,1660
2040,Codeforces Round 992 (Div. 2),hushmash,1219,1733675700,1636,1666
2040,Codeforces Round 992 (Div. 2),Loloka,1219,1733675700,1374,1479
2040,Codeforces Round 992 (Div. 2),snasibov05,1219,1733675700,1930,1886
2040,Codeforces Round 992 (Div. 2),isaacliu77,1219,1733675700,0,599
2040,Codeforces Round 992 (Div. 2),Floating_Duck,1219,1733675700,1933,1888
2040,Codeforces Round 992 (Div. 2),Hhaidang,1225,1733675700,1633,1664
2040,Codeforces Round 992 (Div. 2),rom777,1225,1733675700,1885,1851
2040,Codeforces Round 992 (Div. 2),Pavarishko,1225,1733675700,1954,1904
2040,Codeforces Round 992 (Div. 2),dmrmra,1225,1733675700,1655,1680
2040,Codeforces Round 992 (Div. 2),Nariman_MT,1225,1733675700,1630,1662
2040,Codeforces Round 992 (Div. 2),Neeki,1230,1733675700,1838,1815
2040,Codeforces Round 992 (Div. 2),KurockaGril2010,1230,1733675700,1669,1690
2040,Codeforces Round 992 (Div. 2),evwyb,1230,1733675700,1810,1794
2040,Codeforces Round 992 (Div. 2),gtheoden42,1230,1733675700,1808,1792
2040,Codeforces Round 992 (Div. 2),duyngadocton,1234,1733675700,1698,1711
2040,Codeforces Round 992 (Div. 2),jai_hanumant,1234,1733675700,1587,1630
2040,Codeforces Round 992 (Div. 2),micho,1234,1733675700,1755,1753
2040,Codeforces Round 992 (Div. 2),cike_bilibili,1234,1733675700,1892,1856
2040,Codeforces Round 992 (Div. 2),CodeLegendX,1234,1733675700,1722,1728
2040,Codeforces Round 992 (Div. 2),Awesomeness._.,1239,1733675700,1838,1815
2040,Codeforces Round 992 (Div. 2),K1o0n,1239,1733675700,1475,1549
2040,Codeforces Round 992 (Div. 2),pleaseusecodew2s,1239,1733675700,1254,1396
2040,Codeforces Round 992 (Div. 2),RD_TheCoder,1239,1733675700,1631,1661
2040,Codeforces Round 992 (Div. 2),nkny,1239,1733675700,1858,1830
2040,Codeforces Round 992 (Div. 2),Signior,1239,1733675700,1751,1750
2040,Codeforces Round 992 (Div. 2),ItHappends,1245,1733675700,798,1160
2040,Codeforces Round 992 (Div. 2),3042568013x,1245,1733675700,1451,1531
2040,Codeforces Round 992 (Div. 2),GuessForces,1245,1733675700,1725,1730
2040,Codeforces Round 992 (Div. 2),IamHereForFun,1245,1733675700,1646,1672
2040,Codeforces Round 992 (Div. 2),SM.22,1245,1733675700,1643,1670
2040,Codeforces Round 992 (Div. 2),Alireza,1245,1733675700,1768,1761
2040,Codeforces Round 992 (Div. 2),Alasco,1245,1733675700,1882,1847
2040,Codeforces Round 992 (Div. 2),Wuming_shi,1245,1733675700,1766,1761
2040,Codeforces Round 992 (Div. 2),-121,1245,1733675700,1318,1493
2040,Codeforces Round 992 (Div. 2),lingluya,1254,1733675700,1473,1547
2040,Codeforces Round 992 (Div. 2),s83757,1254,1733675700,1636,1664
2040,Codeforces Round 992 (Div. 2),tyagivaibhav,1254,1733675700,1615,1649
2040,Codeforces Round 992 (Div. 2),zhaoyiwei,1254,1733675700,0,596
2040,Codeforces Round 992 (Div. 2),ikunnnna,1254,1733675700,1722,1764
2040,Codeforces Round 992 (Div. 2),nikolashami,1254,1733675700,1505,1570
2040,Codeforces Round 992 (Div. 2),RajaVamshiNath,1260,1733675700,1593,1633
2040,Codeforces Round 992 (Div. 2),Stellar_Scripter,1261,1733675700,1431,1517
2040,Codeforces Round 992 (Div. 2),kukuforward,1261,1733675700,1527,1585
2040,Codeforces Round 992 (Div. 2),sahilkumar_1,1261,1733675700,1775,1767
2040,Codeforces Round 992 (Div. 2),flying_saucer,1261,1733675700,1814,1795
2040,Codeforces Round 992 (Div. 2),Herbert_lyw,1261,1733675700,1156,1330
2040,Codeforces Round 992 (Div. 2),arjun_t04,1261,1733675700,1426,1513
2040,Codeforces Round 992 (Div. 2),ivchenkoandrey2,1267,1733675700,1601,1638
2040,Codeforces Round 992 (Div. 2),gabriel,1267,1733675700,1662,1682
2040,Codeforces Round 992 (Div. 2),Orpheuson,1267,1733675700,1425,1512
2040,Codeforces Round 992 (Div. 2),CoderAbhi27,1267,1733675700,2017,1950
2040,Codeforces Round 992 (Div. 2),God_of_Thunder1,1267,1733675700,1446,1594
2040,Codeforces Round 992 (Div. 2),Nium2025,1272,1733675700,1677,1693
2040,Codeforces Round 992 (Div. 2),tokitsukaze,1272,1733675700,1954,1901
2040,Codeforces Round 992 (Div. 2),Grain_Depot08,1272,1733675700,1407,1499
2040,Codeforces Round 992 (Div. 2),ZhishengIE002,1272,1733675700,1496,1562
2040,Codeforces Round 992 (Div. 2),halqifibrax,1272,1733675700,1659,1680
2040,Codeforces Round 992 (Div. 2),Kmes,1272,1733675700,1824,1803
2040,Codeforces Round 992 (Div. 2),explainer,1278,1733675700,1793,1779
2040,Codeforces Round 992 (Div. 2),harshitkansal,1279,1733675700,1835,1811
2040,Codeforces Round 992 (Div. 2),ary65537,1279,1733675700,1694,1705
2040,Codeforces Round 992 (Div. 2),mrandal,1279,1733675700,1752,1748
2040,Codeforces Round 992 (Div. 2),CeHang,1282,1733675700,1247,1388
2040,Codeforces Round 992 (Div. 2),Leaves333,1282,1733675700,1557,1605
2040,Codeforces Round 992 (Div. 2),Daredevil_42,1282,1733675700,1399,1493
2040,Codeforces Round 992 (Div. 2),JahonaliX,1282,1733675700,1949,1897
2040,Codeforces Round 992 (Div. 2),kikkiko,1282,1733675700,1666,1684
2040,Codeforces Round 992 (Div. 2),BerSerKeR07,1282,1733675700,1627,1656
2040,Codeforces Round 992 (Div. 2),need_for_switch,1288,1733675700,1593,1631
2040,Codeforces Round 992 (Div. 2),Bigtaitus,1288,1733675700,996,1271
2040,Codeforces Round 992 (Div. 2),__Firefly,1288,1733675700,1744,1805
2040,Codeforces Round 992 (Div. 2),theharshit,1288,1733675700,1750,1747
2040,Codeforces Round 992 (Div. 2),Jingulu,1288,1733675700,1716,1721
2040,Codeforces Round 992 (Div. 2),Norbertgamote,1293,1733675700,1609,1643
2040,Codeforces Round 992 (Div. 2),RuchitJagodara,1293,1733675700,1701,1710
2040,Codeforces Round 992 (Div. 2),Sensiel,1293,1733675700,1616,1647
2040,Codeforces Round 992 (Div. 2),BBLDRIZZY,1293,1733675700,1171,1337
2040,Codeforces Round 992 (Div. 2),swater01,1293,1733675700,1493,1559
2040,Codeforces Round 992 (Div. 2),Albatross004,1298,1733675700,1598,1633
2040,Codeforces Round 992 (Div. 2),Dark_Knight_3,1298,1733675700,1423,1508
2040,Codeforces Round 992 (Div. 2),ChaosL,1298,1733675700,1563,1608
2040,Codeforces Round 992 (Div. 2),dhruv_2010,1298,1733675700,1623,1652
2040,Codeforces Round 992 (Div. 2),Krish_M,1298,1733675700,1675,1690
2040,Codeforces Round 992 (Div. 2),b7b_elgyaar,1298,1733675700,1199,1355
2040,Codeforces Round 992 (Div. 2),gaiercop,1298,1733675700,1520,1577
2040,Codeforces Round 992 (Div. 2),GMgrizo,1298,1733675700,1757,1751
2040,Codeforces Round 992 (Div. 2),OrinLoong,1298,1733675700,1325,1440
2040,Codeforces Round 992 (Div. 2),moksh_malhotra,1307,1733675700,1581,1621
2040,Codeforces Round 992 (Div. 2),Cheshulko,1307,1733675700,1571,1613
2040,Codeforces Round 992 (Div. 2),__yerazh__,1307,1733675700,1418,1504
2040,Codeforces Round 992 (Div. 2),covon,1307,1733675700,1622,1651
2040,Codeforces Round 992 (Div. 2),Zeno07,1307,1733675700,1613,1644
2040,Codeforces Round 992 (Div. 2),yjs,1307,1733675700,1416,1503
2040,Codeforces Round 992 (Div. 2),procodgok,1307,1733675700,1688,1699
2040,Codeforces Round 992 (Div. 2),ahilaan,1314,1733675700,1479,1547
2040,Codeforces Round 992 (Div. 2),stanirina,1314,1733675700,1711,1716
2040,Codeforces Round 992 (Div. 2),Raunil,1314,1733675700,1486,1552
2040,Codeforces Round 992 (Div. 2),Too_Weak_To_Anything,1317,1733675700,1935,1884
2040,Codeforces Round 992 (Div. 2),maslory,1317,1733675700,1936,1885
2040,Codeforces Round 992 (Div. 2),pruthvi0105,1317,1733675700,1588,1626
2040,Codeforces Round 992 (Div. 2),kidus72,1320,1733675700,1488,1553
2040,Codeforces Round 992 (Div. 2),coderbd,1320,1733675700,1634,1659
2040,Codeforces Round 992 (Div. 2),2nav,1320,1733675700,1367,1468
2040,Codeforces Round 992 (Div. 2),JiangShenLi,1320,1733675700,1543,1593
2040,Codeforces Round 992 (Div. 2),Rishabh__Jaiswal,1324,1733675700,1432,1513
2040,Codeforces Round 992 (Div. 2),AvoHado-_-,1324,1733675700,1510,1569
2040,Codeforces Round 992 (Div. 2),letritien,1324,1733675700,2020,1950
2040,Codeforces Round 992 (Div. 2),soullless,1324,1733675700,2072,1990
2040,Codeforces Round 992 (Div. 2),deepakk.xyz,1324,1733675700,1605,1637
2040,Codeforces Round 992 (Div. 2),cs21b081,1324,1733675700,1423,1507
2040,Codeforces Round 992 (Div. 2),mmdrzada,1330,1733675700,1770,1759
2040,Codeforces Round 992 (Div. 2),Kladrr,1330,1733675700,1841,1812
2040,Codeforces Round 992 (Div. 2),trraian,1330,1733675700,1766,1756
2040,Codeforces Round 992 (Div. 2),Gotsuhan,1330,1733675700,1714,1717
2040,Codeforces Round 992 (Div. 2),euph_math,1330,1733675700,1585,1622
2040,Codeforces Round 992 (Div. 2),i_liek_cheezits,1330,1733675700,1762,1753
2040,Codeforces Round 992 (Div. 2),soimportant,1330,1733675700,1612,1642
2040,Codeforces Round 992 (Div. 2),svinidla,1330,1733675700,1868,1833
2040,Codeforces Round 992 (Div. 2),roshanVerma,1330,1733675700,1596,1630
2040,Codeforces Round 992 (Div. 2),WhySoSerious16,1339,1733675700,1632,1656
2040,Codeforces Round 992 (Div. 2),Arup2002,1339,1733675700,1334,1444
2040,Codeforces Round 992 (Div. 2),MKasirloo,1339,1733675700,1665,1680
2040,Codeforces Round 992 (Div. 2),Prahasith_Pasnoor,1339,1733675700,1302,1422
2040,Codeforces Round 992 (Div. 2),my_little_pony_dora,1339,1733675700,1588,1624
2040,Codeforces Round 992 (Div. 2),Alfar-ABI,1339,1733675700,1469,1538
2040,Codeforces Round 992 (Div. 2),lucasomee006,1339,1733675700,1579,1618
2040,Codeforces Round 992 (Div. 2),namanbhardwaj1454,1339,1733675700,1657,1674
2040,Codeforces Round 992 (Div. 2),Vadim1111,1339,1733675700,1604,1635
2040,Codeforces Round 992 (Div. 2),ImReallyNotANoorik,1348,1733675700,1614,1643
2040,Codeforces Round 992 (Div. 2),Soulk,1348,1733675700,1623,1649
2040,Codeforces Round 992 (Div. 2),Fan.,1350,1733675700,1810,1788
2040,Codeforces Round 992 (Div. 2),StayDetermined,1350,1733675700,1366,1465
2040,Codeforces Round 992 (Div. 2),heesooyaam,1350,1733675700,1675,1687
2040,Codeforces Round 992 (Div. 2),cowthecow,1350,1733675700,1889,1848
2040,Codeforces Round 992 (Div. 2),rayenbbs,1350,1733675700,1436,1515
2040,Codeforces Round 992 (Div. 2),Umis,1355,1733675700,1652,1670
2040,Codeforces Round 992 (Div. 2),MNnazrul,1355,1733675700,1756,1747
2040,Codeforces Round 992 (Div. 2),Rajiun_nabi,1355,1733675700,1499,1559
2040,Codeforces Round 992 (Div. 2),Surge568,1355,1733675700,1560,1603
2040,Codeforces Round 992 (Div. 2),saikrishna17394,1355,1733675700,1606,1636
2040,Codeforces Round 992 (Div. 2),Lyamzin_alexandr,1355,1733675700,1816,1792
2040,Codeforces Round 992 (Div. 2),Roll_Num_44,1355,1733675700,1437,1515
2040,Codeforces Round 992 (Div. 2),burns7,1362,1733675700,1615,1642
2040,Codeforces Round 992 (Div. 2),amalverma,1362,1733675700,1397,1486
2040,Codeforces Round 992 (Div. 2),sushmanth.dampur8780,1362,1733675700,1823,1797
2040,Codeforces Round 992 (Div. 2),ghostVS,1362,1733675700,1526,1578
2040,Codeforces Round 992 (Div. 2),CodeG007,1366,1733675700,1186,1342
2040,Codeforces Round 992 (Div. 2),-Raspberry-,1366,1733675700,1960,1901
2040,Codeforces Round 992 (Div. 2),RaduM,1366,1733675700,1881,1841
2040,Codeforces Round 992 (Div. 2),icandothis__allday,1366,1733675700,1546,1592
2040,Codeforces Round 992 (Div. 2),wplllll,1366,1733675700,1771,1758
2040,Codeforces Round 992 (Div. 2),JohnNash01,1371,1733675700,1657,1673
2040,Codeforces Round 992 (Div. 2),Error_404--_--,1371,1733675700,1267,1396
2040,Codeforces Round 992 (Div. 2),bigsigh,1371,1733675700,1737,1732
2040,Codeforces Round 992 (Div. 2),Semyazi,1371,1733675700,1480,1545
2040,Codeforces Round 992 (Div. 2),MunkhturErdenebat,1371,1733675700,1553,1597
2040,Codeforces Round 992 (Div. 2),jakin2,1371,1733675700,1938,1884
2040,Codeforces Round 992 (Div. 2),raskitech,1377,1733675700,1743,1736
2040,Codeforces Round 992 (Div. 2),akshatsaxena552004.ss,1377,1733675700,876,1206
2040,Codeforces Round 992 (Div. 2),lamlaicuocdoi,1377,1733675700,1799,1778
2040,Codeforces Round 992 (Div. 2),jdyt11,1377,1733675700,1625,1649
2040,Codeforces Round 992 (Div. 2),weebyes,1377,1733675700,1633,1655
2040,Codeforces Round 992 (Div. 2),anurag_m,1377,1733675700,1629,1652
2040,Codeforces Round 992 (Div. 2),xingliu,1377,1733675700,1672,1683
2040,Codeforces Round 992 (Div. 2),Neketman,1377,1733675700,1673,1684
2040,Codeforces Round 992 (Div. 2),masoom_choudhury,1385,1733675700,498,936
2040,Codeforces Round 992 (Div. 2),Moral_and_Law,1385,1733675700,1065,1313
2040,Codeforces Round 992 (Div. 2),volkov179,1385,1733675700,1858,1823
2040,Codeforces Round 992 (Div. 2),ak728,1385,1733675700,872,1203
2040,Codeforces Round 992 (Div. 2),eternal1422,1385,1733675700,1564,1605
2040,Codeforces Round 992 (Div. 2),AkshatJ,1390,1733675700,1389,1479
2040,Codeforces Round 992 (Div. 2),a_rythm,1390,1733675700,1419,1500
2040,Codeforces Round 992 (Div. 2),wild.cherry,1390,1733675700,1317,1493
2040,Codeforces Round 992 (Div. 2),ankushbalse87,1393,1733675700,1462,1530
2040,Codeforces Round 992 (Div. 2),ilyaZg,1393,1733675700,1810,1786
2040,Codeforces Round 992 (Div. 2),Klaus26,1393,1733675700,1745,1737
2040,Codeforces Round 992 (Div. 2),NayemVai,1393,1733675700,1529,1579
2040,Codeforces Round 992 (Div. 2),xiuxiu2023,1393,1733675700,1179,1393
2040,Codeforces Round 992 (Div. 2),elate,1398,1733675700,1443,1516
2040,Codeforces Round 992 (Div. 2),Pi-Pikachu,1398,1733675700,1485,1547
2040,Codeforces Round 992 (Div. 2),cannotcan,1398,1733675700,1839,1808
2040,Codeforces Round 992 (Div. 2),iCanSeeForever,1398,1733675700,1767,1753
2040,Codeforces Round 992 (Div. 2),Kevin_Xu,1402,1733675700,1456,1525
2040,Codeforces Round 992 (Div. 2),Surya__1234,1402,1733675700,1332,1494
2040,Codeforces Round 992 (Div. 2),_Ciel,1402,1733675700,1566,1605
2040,Codeforces Round 992 (Div. 2),AlexJzG,1402,1733675700,1570,1607
2040,Codeforces Round 992 (Div. 2),ninjaHattori1,1402,1733675700,1534,1581
2040,Codeforces Round 992 (Div. 2),Muhammad-Zendy,1402,1733675700,1761,1748
2040,Codeforces Round 992 (Div. 2),pandeyaryann,1402,1733675700,1388,1477
2040,Codeforces Round 992 (Div. 2),VanyaM1,1402,1733675700,1910,1861
2040,Codeforces Round 992 (Div. 2),cheng-jian,1402,1733675700,1621,1645
2040,Codeforces Round 992 (Div. 2),Masan,1411,1733675700,1523,1573
2040,Codeforces Round 992 (Div. 2),Harshit_Singh,1411,1733675700,1489,1549
2040,Codeforces Round 992 (Div. 2),NullMeowference,1411,1733675700,1601,1630
2040,Codeforces Round 992 (Div. 2),ParasBedi298,1411,1733675700,1658,1672
2040,Codeforces Round 992 (Div. 2),ProfGiri,1415,1733675700,1544,1588
2040,Codeforces Round 992 (Div. 2),chnmasta05,1415,1733675700,1430,1507
2040,Codeforces Round 992 (Div. 2),Friren,1415,1733675700,1621,1681
2040,Codeforces Round 992 (Div. 2),Mosaab.,1418,1733675700,1504,1559
2040,Codeforces Round 992 (Div. 2),Glauco,1418,1733675700,1637,1656
2040,Codeforces Round 992 (Div. 2),amihkan,1418,1733675700,1344,1446
2040,Codeforces Round 992 (Div. 2),britishcat,1418,1733675700,1942,1885
2040,Codeforces Round 992 (Div. 2),yintaocheng,1418,1733675700,1452,1522
2040,Codeforces Round 992 (Div. 2),xuanthaibeou123,1418,1733675700,1545,1589
2040,Codeforces Round 992 (Div. 2),asom22,1418,1733675700,1767,1752
2040,Codeforces Round 992 (Div. 2),light161,1425,1733675700,1477,1598
2040,Codeforces Round 992 (Div. 2),willbur,1425,1733675700,1357,1455
2040,Codeforces Round 992 (Div. 2),nsk_98,1427,1733675700,1642,1659
2040,Codeforces Round 992 (Div. 2),pd_codes,1427,1733675700,1926,1873
2040,Codeforces Round 992 (Div. 2),naneosmic,1427,1733675700,1756,1743
2040,Codeforces Round 992 (Div. 2),Ernest0_0Abreu,1430,1733675700,1769,1753
2040,Codeforces Round 992 (Div. 2),khangnguyen1211,1430,1733675700,1567,1641
2040,Codeforces Round 992 (Div. 2),Sarvan_Yaduvanshi_,1432,1733675700,1271,1395
2040,Codeforces Round 992 (Div. 2),aakash_172,1432,1733675700,1620,1643
2040,Codeforces Round 992 (Div. 2),AngelOlan,1432,1733675700,1667,1677
2040,Codeforces Round 992 (Div. 2),Aditya.G_Kota,1435,1733675700,1266,1392
2040,Codeforces Round 992 (Div. 2),gvancak,1435,1733675700,1534,1580
2040,Codeforces Round 992 (Div. 2),Layn,1435,1733675700,2013,1939
2040,Codeforces Round 992 (Div. 2),Raihan_Freeze,1435,1733675700,1289,1407
2040,Codeforces Round 992 (Div. 2),MdAbedin,1439,1733675700,1631,1650
2040,Codeforces Round 992 (Div. 2),Moretti_Zaria,1439,1733675700,1707,1706
2040,Codeforces Round 992 (Div. 2),hrt_enjoyorrr,1439,1733675700,1347,1447
2040,Codeforces Round 992 (Div. 2),Anfi77,1439,1733675700,1429,1504
2040,Codeforces Round 992 (Div. 2),Pritam_19,1439,1733675700,1462,1528
2040,Codeforces Round 992 (Div. 2),DoNgocPhat,1439,1733675700,1327,1468
2040,Codeforces Round 992 (Div. 2),OMEGAftw,1439,1733675700,1682,1688
2040,Codeforces Round 992 (Div. 2),amr_abdelazim,1439,1733675700,1761,1747
2040,Codeforces Round 992 (Div. 2),colgate11,1447,1733675700,1303,1416
2040,Codeforces Round 992 (Div. 2),Ayis137,1447,1733675700,1780,1760
2040,Codeforces Round 992 (Div. 2),AloWarshik,1447,1733675700,1868,1827
2040,Codeforces Round 992 (Div. 2),landour,1447,1733675700,1745,1734
2040,Codeforces Round 992 (Div. 2),mateberishvili,1447,1733675700,1745,1734
2040,Codeforces Round 992 (Div. 2),Finale_Sirius,1447,1733675700,1398,1549
2040,Codeforces Round 992 (Div. 2),vats_cf,1447,1733675700,1656,1668
2040,Codeforces Round 992 (Div. 2),Arnur2937,1454,1733675700,1662,1672
2040,Codeforces Round 992 (Div. 2),d4got10,1454,1733675700,1459,1524
2040,Codeforces Round 992 (Div. 2),Rohit_kaushik,1454,1733675700,1522,1570
2040,Codeforces Round 992 (Div. 2),Valenz,1454,1733675700,1377,1466
2040,Codeforces Round 992 (Div. 2),mariibykova,1454,1733675700,1326,1431
2040,Codeforces Round 992 (Div. 2),bonk,1454,1733675700,1721,1715
2040,Codeforces Round 992 (Div. 2),namious,1454,1733675700,1387,1474
2040,Codeforces Round 992 (Div. 2),Sword1E1,1461,1733675700,1738,1728
2040,Codeforces Round 992 (Div. 2),PimpedButterfly,1461,1733675700,1471,1533
2040,Codeforces Round 992 (Div. 2),SWWW77,1461,1733675700,1623,1680
2040,Codeforces Round 992 (Div. 2),SlightlyEpic,1461,1733675700,1474,1535
2040,Codeforces Round 992 (Div. 2),KarrQwq239,1461,1733675700,1706,1767
2040,Codeforces Round 992 (Div. 2),Harsh_2410,1461,1733675700,1563,1599
2040,Codeforces Round 992 (Div. 2),Sveshnikov,1461,1733675700,1665,1674
2040,Codeforces Round 992 (Div. 2),ayushd2910,1461,1733675700,1539,1582
2040,Codeforces Round 992 (Div. 2),dsarules,1469,1733675700,1370,1461
2040,Codeforces Round 992 (Div. 2),Left0807,1469,1733675700,1890,1843
2040,Codeforces Round 992 (Div. 2),kumardaksshh,1469,1733675700,1499,1552
2040,Codeforces Round 992 (Div. 2),NamanKr,1469,1733675700,1742,1731
2040,Codeforces Round 992 (Div. 2),khalit7,1469,1733675700,1372,1462
2040,Codeforces Round 992 (Div. 2),Gaomer,1469,1733675700,1418,1495
2040,Codeforces Round 992 (Div. 2),morphinecode,1469,1733675700,1638,1654
2040,Codeforces Round 992 (Div. 2),siugi,1469,1733675700,1544,1585
2040,Codeforces Round 992 (Div. 2),Matbubble,1477,1733675700,978,1247
2040,Codeforces Round 992 (Div. 2),dulatcodes,1477,1733675700,1592,1620
2040,Codeforces Round 992 (Div. 2),kou_kou_kou,1477,1733675700,1675,1680
2040,Codeforces Round 992 (Div. 2),vedic86,1477,1733675700,1557,1594
2040,Codeforces Round 992 (Div. 2),lemac006,1477,1733675700,1416,1493
2040,Codeforces Round 992 (Div. 2),Romicro,1477,1733675700,1583,1613
2040,Codeforces Round 992 (Div. 2),AdithyaCh,1477,1733675700,1146,1309
2040,Codeforces Round 992 (Div. 2),i-love-ayase-momo,1484,1733675700,1593,1681
2040,Codeforces Round 992 (Div. 2),Burhan_Akkus,1484,1733675700,1427,1501
2040,Codeforces Round 992 (Div. 2),ZhengRuiqiu,1486,1733675700,1059,1302
2040,Codeforces Round 992 (Div. 2),Hanyu_23,1486,1733675700,1646,1659
2040,Codeforces Round 992 (Div. 2),Apurv_M,1486,1733675700,1624,1642
2040,Codeforces Round 992 (Div. 2),LauLLeLien,1486,1733675700,1711,1706
2040,Codeforces Round 992 (Div. 2),Jene1ht,1486,1733675700,1032,1236
2040,Codeforces Round 992 (Div. 2),junkquntom,1486,1733675700,1318,1424
2040,Codeforces Round 992 (Div. 2),Doncho_Bonboncho,1486,1733675700,1549,1588
2040,Codeforces Round 992 (Div. 2),Pirate_King_Luffy,1493,1733675700,1287,1402
2040,Codeforces Round 992 (Div. 2),SanathK,1493,1733675700,1883,1837
2040,Codeforces Round 992 (Div. 2),bkdn24.ntth,1493,1733675700,1429,1501
2040,Codeforces Round 992 (Div. 2),pradeep,1496,1733675700,1650,1661
2040,Codeforces Round 992 (Div. 2),0Arctic0,1496,1733675700,1569,1602
2040,Codeforces Round 992 (Div. 2),Apiram,1496,1733675700,1790,1766
2040,Codeforces Round 992 (Div. 2),dsfz202004,1496,1733675700,556,970
2040,Codeforces Round 992 (Div. 2),Krispy,1500,1733675700,1684,1686
2040,Codeforces Round 992 (Div. 2),aayush_001,1500,1733675700,1467,1528
2040,Codeforces Round 992 (Div. 2),anil_1,1500,1733675700,1455,1519
2040,Codeforces Round 992 (Div. 2),TosakaUCVV,1500,1733675700,1560,1595
2040,Codeforces Round 992 (Div. 2),starplatinumzawarudo,1500,1733675700,1746,1732
2040,Codeforces Round 992 (Div. 2),ram.bhakt,1505,1733675700,1752,1736
2040,Codeforces Round 992 (Div. 2),smooth_operator979,1505,1733675700,1639,1690
2040,Codeforces Round 992 (Div. 2),sunxiaomai2,1505,1733675700,1243,1372
2040,Codeforces Round 992 (Div. 2),koushikad,1505,1733675700,1383,1468
2040,Codeforces Round 992 (Div. 2),Quasar_iwnl,1509,1733675700,1395,1476
2040,Codeforces Round 992 (Div. 2),saraswat_,1509,1733675700,1846,1808
2040,Codeforces Round 992 (Div. 2),kim_jong_un_16,1509,1733675700,362,834
2040,Codeforces Round 992 (Div. 2),Raul2008487,1509,1733675700,1789,1765
2040,Codeforces Round 992 (Div. 2),Nsqk,1509,1733675700,1479,1536
2040,Codeforces Round 992 (Div. 2),MohamedSaeed,1514,1733675700,1519,1564
2040,Codeforces Round 992 (Div. 2),tourist-1,1514,1733675700,1143,1360
2040,Codeforces Round 992 (Div. 2),Swan416,1514,1733675700,1543,1582
2040,Codeforces Round 992 (Div. 2),liangzexian,1514,1733675700,1543,1655
2040,Codeforces Round 992 (Div. 2),YWKM,1514,1733675700,1463,1524
2040,Codeforces Round 992 (Div. 2),jia,1514,1733675700,1928,1869
2040,Codeforces Round 992 (Div. 2),Trn115,1514,1733675700,1571,1602
2040,Codeforces Round 992 (Div. 2),taddan,1514,1733675700,1890,1841
2040,Codeforces Round 992 (Div. 2),Roma_the_king,1514,1733675700,1659,1704
2040,Codeforces Round 992 (Div. 2),Kira_Dev,1514,1733675700,564,975
2040,Codeforces Round 992 (Div. 2),narku,1514,1733675700,1885,1836
2040,Codeforces Round 992 (Div. 2),AqaMath,1525,1733675700,1640,1652
2040,Codeforces Round 992 (Div. 2),Himan_S,1525,1733675700,1523,1567
2040,Codeforces Round 992 (Div. 2),zhouzelin,1525,1733675700,1547,1584
2040,Codeforces Round 992 (Div. 2),Amirmohammad.B,1528,1733675700,1585,1612
2040,Codeforces Round 992 (Div. 2),rmmukhesh,1528,1733675700,1305,1413
2040,Codeforces Round 992 (Div. 2),chiyaa_,1530,1733675700,1620,1637
2040,Codeforces Round 992 (Div. 2),gopi_108,1530,1733675700,1196,1339
2040,Codeforces Round 992 (Div. 2),AamodJain,1530,1733675700,1444,1510
2040,Codeforces Round 992 (Div. 2),Aditya_kh03,1530,1733675700,1577,1606
2040,Codeforces Round 992 (Div. 2),Drifter24,1530,1733675700,1572,1602
2040,Codeforces Round 992 (Div. 2),shengZzz,1530,1733675700,1645,1656
2040,Codeforces Round 992 (Div. 2),ProgMiner,1530,1733675700,1610,1630
2040,Codeforces Round 992 (Div. 2),adityaraj_19,1530,1733675700,1636,1649
2040,Codeforces Round 992 (Div. 2),thelonesailor,1538,1733675700,1536,1576
2040,Codeforces Round 992 (Div. 2),porcif,1538,1733675700,1640,1652
2040,Codeforces Round 992 (Div. 2),jjaewon,1538,1733675700,1801,1773
2040,Codeforces Round 992 (Div. 2),amarnathsama,1538,1733675700,1615,1633
2040,Codeforces Round 992 (Div. 2),PRO100PRO_McXerobrin2002,1542,1733675700,1564,1595
2040,Codeforces Round 992 (Div. 2),Meraj-Bokharaei,1542,1733675700,1488,1541
2040,Codeforces Round 992 (Div. 2),TheRedMoon,1542,1733675700,1541,1579
2040,Codeforces Round 992 (Div. 2),RoadToHappiness,1542,1733675700,1646,1656
2040,Codeforces Round 992 (Div. 2),mmaiti627,1542,1733675700,1597,1620
2040,Codeforces Round 992 (Div. 2),Answer42,1542,1733675700,1617,1635
2040,Codeforces Round 992 (Div. 2),infinitix,1548,1733675700,1712,1705
2040,Codeforces Round 992 (Div. 2),sleepingeight,1548,1733675700,1421,1492
2040,Codeforces Round 992 (Div. 2),sainibhavesh10,1548,1733675700,1327,1427
2040,Codeforces Round 992 (Div. 2),Karll,1551,1733675700,1624,1640
2040,Codeforces Round 992 (Div. 2),SRaimundo,1551,1733675700,1569,1599
2040,Codeforces Round 992 (Div. 2),Div1_slave,1551,1733675700,1813,1781
2040,Codeforces Round 992 (Div. 2),SoloSerenade,1551,1733675700,1758,1738
2040,Codeforces Round 992 (Div. 2),drexdelta,1551,1733675700,1774,1752
2040,Codeforces Round 992 (Div. 2),szj,1556,1733675700,1849,1808
2040,Codeforces Round 992 (Div. 2),_ville.claude__,1556,1733675700,1828,1792
2040,Codeforces Round 992 (Div. 2),EmmaWasson,1556,1733675700,1448,1511
2040,Codeforces Round 992 (Div. 2),tfgs,1556,1733675700,1926,1867
2040,Codeforces Round 992 (Div. 2),34z12000,1556,1733675700,1861,1817
2040,Codeforces Round 992 (Div. 2),hs215237czy,1556,1733675700,1506,1553
2040,Codeforces Round 992 (Div. 2),Rittin_Sehgal,1562,1733675700,1857,1814
2040,Codeforces Round 992 (Div. 2),Throckmorton,1562,1733675700,1703,1697
2040,Codeforces Round 992 (Div. 2),pyorz,1562,1733675700,1327,1426
2040,Codeforces Round 992 (Div. 2),iamaryankr,1562,1733675700,1642,1652
2040,Codeforces Round 992 (Div. 2),ChickenInKitchen,1566,1733675700,1669,1671
2040,Codeforces Round 992 (Div. 2),jeal0uspengu1n,1566,1733675700,1505,1552
2040,Codeforces Round 992 (Div. 2),raja003,1566,1733675700,1428,1497
2040,Codeforces Round 992 (Div. 2),dauletkiar,1566,1733675700,1476,1531
2040,Codeforces Round 992 (Div. 2),Luhem,1566,1733675700,1403,1479
2040,Codeforces Round 992 (Div. 2),T_Bone,1571,1733675700,1692,1688
2040,Codeforces Round 992 (Div. 2),arurocks,1571,1733675700,1418,1489
2040,Codeforces Round 992 (Div. 2),Eun_ha,1571,1733675700,1299,1406
2040,Codeforces Round 992 (Div. 2),efex12,1571,1733675700,1725,1713
2040,Codeforces Round 992 (Div. 2),srlabib,1571,1733675700,1589,1613
2040,Codeforces Round 992 (Div. 2),dmbnlazy,1571,1733675700,1650,1657
2040,Codeforces Round 992 (Div. 2),KrishnaSh1355,1571,1733675700,1617,1633
2040,Codeforces Round 992 (Div. 2),cheng_peng,1578,1733675700,1266,1383
2040,Codeforces Round 992 (Div. 2),seaways,1578,1733675700,1542,1577
2040,Codeforces Round 992 (Div. 2),Roy_2010,1578,1733675700,1031,1278
2040,Codeforces Round 992 (Div. 2),jxjjjj,1578,1733675700,1658,1663
2040,Codeforces Round 992 (Div. 2),faiz,1578,1733675700,1770,1747
2040,Codeforces Round 992 (Div. 2),Arvi_saleque,1578,1733675700,1412,1484
2040,Codeforces Round 992 (Div. 2),syntax_slayer,1578,1733675700,976,1196
2040,Codeforces Round 992 (Div. 2),gradnos,1578,1733675700,532,949
2040,Codeforces Round 992 (Div. 2),usaya,1578,1733675700,1489,1539
2040,Codeforces Round 992 (Div. 2),WonderofU,1578,1733675700,1289,1399
2040,Codeforces Round 992 (Div. 2),caustique,1588,1733675700,1448,1510
2040,Codeforces Round 992 (Div. 2),TheRealLeviAckerman,1588,1733675700,1486,1537
2040,Codeforces Round 992 (Div. 2),fshokripour,1588,1733675700,1384,1464
2040,Codeforces Round 992 (Div. 2),Kaile__,1588,1733675700,1438,1502
2040,Codeforces Round 992 (Div. 2),romi_sahari,1588,1733675700,1514,1557
2040,Codeforces Round 992 (Div. 2),Hushpuppy,1588,1733675700,1659,1663
2040,Codeforces Round 992 (Div. 2),gaurav_m7,1588,1733675700,1716,1705
2040,Codeforces Round 992 (Div. 2),DebNayak05,1588,1733675700,1544,1579
2040,Codeforces Round 992 (Div. 2),Hi_Hi_Hi,1596,1733675700,1221,1352
2040,Codeforces Round 992 (Div. 2),Nathan.Li,1596,1733675700,1613,1629
2040,Codeforces Round 992 (Div. 2),Raul_A,1596,1733675700,1819,1783
2040,Codeforces Round 992 (Div. 2),yeyou26,1596,1733675700,1447,1508
2040,Codeforces Round 992 (Div. 2),Egg_Knight,1596,1733675700,1734,1719
2040,Codeforces Round 992 (Div. 2),Saurabh124,1596,1733675700,1325,1423
2040,Codeforces Round 992 (Div. 2),CM_quick,1596,1733675700,1676,1675
2040,Codeforces Round 992 (Div. 2),pb2008,1603,1733675700,1547,1580
2040,Codeforces Round 992 (Div. 2),CST17017,1603,1733675700,1641,1649
2040,Codeforces Round 992 (Div. 2),CurrentEductaion,1603,1733675700,938,1237
2040,Codeforces Round 992 (Div. 2),ujjwalgupta146,1603,1733675700,1465,1521
2040,Codeforces Round 992 (Div. 2),DaiKhang,1607,1733675700,688,1060
2040,Codeforces Round 992 (Div. 2),bubbarob19,1607,1733675700,1669,1670
2040,Codeforces Round 992 (Div. 2),shuniko,1607,1733675700,1593,1614
2040,Codeforces Round 992 (Div. 2),cold_dragon,1607,1733675700,1265,1381
2040,Codeforces Round 992 (Div. 2),Raimond,1607,1733675700,1193,1332
2040,Codeforces Round 992 (Div. 2),hqhlxj,1612,1733675700,1580,1604
2040,Codeforces Round 992 (Div. 2),bitcoin,1612,1733675700,1670,1670
2040,Codeforces Round 992 (Div. 2),XG123321,1612,1733675700,1368,1451
2040,Codeforces Round 992 (Div. 2),Nanako7_ix,1612,1733675700,1701,1693
2040,Codeforces Round 992 (Div. 2),Mahedar_Reddy8,1612,1733675700,1541,1575
2040,Codeforces Round 992 (Div. 2),Overlord993,1612,1733675700,1668,1669
2040,Codeforces Round 992 (Div. 2),uleenneelu,1612,1733675700,1617,1631
2040,Codeforces Round 992 (Div. 2),so_tired,1612,1733675700,1496,1543
2040,Codeforces Round 992 (Div. 2),trandaihao5555,1612,1733675700,1797,1766
2040,Codeforces Round 992 (Div. 2),Vsg21,1612,1733675700,1900,1844
2040,Codeforces Round 992 (Div. 2),86.pushkar.24,1612,1733675700,1500,1546
2040,Codeforces Round 992 (Div. 2),Mystia_Lorelei,1623,1733675700,924,1226
2040,Codeforces Round 992 (Div. 2),MaxKon,1623,1733675700,1560,1588
2040,Codeforces Round 992 (Div. 2),reyhaneh01,1623,1733675700,1306,1408
2040,Codeforces Round 992 (Div. 2),uddhav_Nagar,1623,1733675700,1320,1418
2040,Codeforces Round 992 (Div. 2),Donwei,1623,1733675700,1535,1570
2040,Codeforces Round 992 (Div. 2),mathworker21,1623,1733675700,1744,1725
2040,Codeforces Round 992 (Div. 2),Pooda,1623,1733675700,1578,1602
2040,Codeforces Round 992 (Div. 2),Invincible745,1623,1733675700,1479,1530
2040,Codeforces Round 992 (Div. 2),NirbhayPaliwal,1631,1733675700,1720,1706
2040,Codeforces Round 992 (Div. 2),lrXac,1631,1733675700,1460,1516
2040,Codeforces Round 992 (Div. 2),wcwac,1631,1733675700,1920,1859
2040,Codeforces Round 992 (Div. 2),heavenly_principles,1631,1733675700,1662,1663
2040,Codeforces Round 992 (Div. 2),blankKyo,1631,1733675700,1792,1761
2040,Codeforces Round 992 (Div. 2),redcar,1631,1733675700,1414,1483
2040,Codeforces Round 992 (Div. 2),XuanCai,1631,1733675700,1478,1529
2040,Codeforces Round 992 (Div. 2),Enzinho,1638,1733675700,1533,1568
2040,Codeforces Round 992 (Div. 2),Nishu_2005,1638,1733675700,1619,1631
2040,Codeforces Round 992 (Div. 2),yosemite0,1638,1733675700,1275,1420
2040,Codeforces Round 992 (Div. 2),ali2241,1638,1733675700,1719,1706
2040,Codeforces Round 992 (Div. 2),dosaseung,1638,1733675700,1645,1651
2040,Codeforces Round 992 (Div. 2),buri_buri_zaemon21,1643,1733675700,1452,1509
2040,Codeforces Round 992 (Div. 2),chakshu2022,1643,1733675700,1864,1815
2040,Codeforces Round 992 (Div. 2),KushKushal,1643,1733675700,1570,1595
2040,Codeforces Round 992 (Div. 2),tsaiyilin,1643,1733675700,1385,1462
2040,Codeforces Round 992 (Div. 2),ilez_,1643,1733675700,1504,1547
2040,Codeforces Round 992 (Div. 2),tic_tac,1643,1733675700,1509,1550
2040,Codeforces Round 992 (Div. 2),not_tryin,1649,1733675700,0,575
2040,Codeforces Round 992 (Div. 2),sanyam2248,1650,1733675700,1516,1555
2040,Codeforces Round 992 (Div. 2),slayone_platelet,1650,1733675700,1529,1565
2040,Codeforces Round 992 (Div. 2),RockStar_14,1650,1733675700,1460,1515
2040,Codeforces Round 992 (Div. 2),vdesai07,1650,1733675700,1370,1451
2040,Codeforces Round 992 (Div. 2),nai0610,1650,1733675700,1226,1352
2040,Codeforces Round 992 (Div. 2),MJavad,1650,1733675700,1604,1620
2040,Codeforces Round 992 (Div. 2),noogler7,1650,1733675700,1381,1459
2040,Codeforces Round 992 (Div. 2),Oryshych,1650,1733675700,1556,1584
2040,Codeforces Round 992 (Div. 2),Snigdho1978,1650,1733675700,1454,1511
2040,Codeforces Round 992 (Div. 2),FuturisticVibe,1659,1733675700,1458,1513
2040,Codeforces Round 992 (Div. 2),Sg2108_,1659,1733675700,1049,1286
2040,Codeforces Round 992 (Div. 2),chill_guy_chimtu,1659,1733675700,1138,1293
2040,Codeforces Round 992 (Div. 2),k2106,1659,1733675700,1339,1429
2040,Codeforces Round 992 (Div. 2),imkindabad,1659,1733675700,1508,1549
2040,Codeforces Round 992 (Div. 2),guptaparth1911,1659,1733675700,1412,1480
2040,Codeforces Round 992 (Div. 2),BadalArya,1659,1733675700,1566,1591
2040,Codeforces Round 992 (Div. 2),wvn,1659,1733675700,1845,1800
2040,Codeforces Round 992 (Div. 2),dhxxiifv,1667,1733675700,1402,1473
2040,Codeforces Round 992 (Div. 2),vIkt0r0Ro,1667,1733675700,1499,1542
2040,Codeforces Round 992 (Div. 2),zanj0,1667,1733675700,1804,1769
2040,Codeforces Round 992 (Div. 2),namaay,1667,1733675700,1460,1514
2040,Codeforces Round 992 (Div. 2),Chen_HaiBing,1667,1733675700,1294,1397
2040,Codeforces Round 992 (Div. 2),Ivangog,1667,1733675700,1608,1622
2040,Codeforces Round 992 (Div. 2),CChord,1667,1733675700,1543,1574
2040,Codeforces Round 992 (Div. 2),MrCharlezzz,1674,1733675700,1555,1583
2040,Codeforces Round 992 (Div. 2),Dorkikann,1675,1733675700,1291,1450
2040,Codeforces Round 992 (Div. 2),Nyqe,1675,1733675700,1628,1636
2040,Codeforces Round 992 (Div. 2),taraneh_fakooran,1675,1733675700,1543,1574
2040,Codeforces Round 992 (Div. 2),mohit458,1675,1733675700,1544,1574
2040,Codeforces Round 992 (Div. 2),GooglerPraveen,1679,1733675700,1993,1914
2040,Codeforces Round 992 (Div. 2),karanagarwal12,1679,1733675700,1512,1551
2040,Codeforces Round 992 (Div. 2),sanjuguptasbg264,1679,1733675700,1550,1578
2040,Codeforces Round 992 (Div. 2),Kamikazee112,1679,1733675700,1516,1554
2040,Codeforces Round 992 (Div. 2),quynhit,1679,1733675700,1601,1616
2040,Codeforces Round 992 (Div. 2),Alphx2243,1679,1733675700,1328,1420
2040,Codeforces Round 992 (Div. 2),BFxue,1679,1733675700,1397,1469
2040,Codeforces Round 992 (Div. 2),HumbleRobo,1679,1733675700,1741,1721
2040,Codeforces Round 992 (Div. 2),djwcbac,1687,1733675700,1708,1695
2040,Codeforces Round 992 (Div. 2),emvy,1687,1733675700,1715,1700
2040,Codeforces Round 992 (Div. 2),JaneStreetBoi,1687,1733675700,1316,1412
2040,Codeforces Round 992 (Div. 2),ckling,1687,1733675700,1807,1770
2040,Codeforces Round 992 (Div. 2),rkb_rd,1687,1733675700,1635,1641
2040,Codeforces Round 992 (Div. 2),jatinxkirito,1687,1733675700,1527,1562
2040,Codeforces Round 992 (Div. 2),glnthd02,1693,1733675700,1350,1435
2040,Codeforces Round 992 (Div. 2),Thirvin,1693,1733675700,1512,1551
2040,Codeforces Round 992 (Div. 2),Radman_,1693,1733675700,1644,1647
2040,Codeforces Round 992 (Div. 2),Vinci_Goerge,1696,1733675700,1675,1670
2040,Codeforces Round 992 (Div. 2),SG2Alok,1696,1733675700,1831,1788
2040,Codeforces Round 992 (Div. 2),PedroPacoca,1696,1733675700,1513,1551
2040,Codeforces Round 992 (Div. 2),Snakefoot,1696,1733675700,1358,1440
2040,Codeforces Round 992 (Div. 2),He_ng,1696,1733675700,1385,1459
2040,Codeforces Round 992 (Div. 2),fedosbot123,1696,1733675700,1605,1618
2040,Codeforces Round 992 (Div. 2),Thorfinn10,1696,1733675700,1430,1527
2040,Codeforces Round 992 (Div. 2),_Kalys_Forever_,1696,1733675700,1774,1745
2040,Codeforces Round 992 (Div. 2),Gandalf_625,1696,1733675700,1390,1462
2040,Codeforces Round 992 (Div. 2),I_and_i,1696,1733675700,1647,1649
2040,Codeforces Round 992 (Div. 2),des3ns1tized_,1706,1733675700,1527,1561
2040,Codeforces Round 992 (Div. 2),Anonymous__User,1706,1733675700,0,572
2040,Codeforces Round 992 (Div. 2),ninjamayank,1706,1733675700,1850,1802
2040,Codeforces Round 992 (Div. 2),pulkit_garg14,1706,1733675700,1403,1472
2040,Codeforces Round 992 (Div. 2),aru123,1706,1733675700,1685,1677
2040,Codeforces Round 992 (Div. 2),goyal04,1706,1733675700,1520,1556
2040,Codeforces Round 992 (Div. 2),susvent,1706,1733675700,1840,1794
2040,Codeforces Round 992 (Div. 2),Not_Even_Trying,1713,1733675700,1456,1510
2040,Codeforces Round 992 (Div. 2),ArnavS05,1713,1733675700,1491,1534
2040,Codeforces Round 992 (Div. 2),prakhar_16_,1713,1733675700,1344,1430
2040,Codeforces Round 992 (Div. 2),Fikuss,1713,1733675700,1692,1682
2040,Codeforces Round 992 (Div. 2),RahulRM13,1717,1733675700,1515,1552
2040,Codeforces Round 992 (Div. 2),Galaxy_KW,1717,1733675700,1744,1721
2040,Codeforces Round 992 (Div. 2),zgla755,1717,1733675700,1688,1679
2040,Codeforces Round 992 (Div. 2),wudired_2,1717,1733675700,1802,1765
2040,Codeforces Round 992 (Div. 2),Yash_2310,1717,1733675700,1341,1427
2040,Codeforces Round 992 (Div. 2),elotelo,1717,1733675700,1569,1591
2040,Codeforces Round 992 (Div. 2),qwsxza,1717,1733675700,1663,1660
2040,Codeforces Round 992 (Div. 2),czx400,1724,1733675700,1540,1569
2040,Codeforces Round 992 (Div. 2),dev_kush,1724,1733675700,466,895
2040,Codeforces Round 992 (Div. 2),X_01,1724,1733675700,1437,1495
2040,Codeforces Round 992 (Div. 2),vukasinbabic06,1724,1733675700,1264,1374
2040,Codeforces Round 992 (Div. 2),salvini_god,1724,1733675700,1723,1705
2040,Codeforces Round 992 (Div. 2),ihavebigdick,1724,1733675700,1475,1522
2040,Codeforces Round 992 (Div. 2),Super_D_Man,1724,1733675700,1625,1631
2040,Codeforces Round 992 (Div. 2),Ashwaghosh__,1724,1733675700,1196,1380
2040,Codeforces Round 992 (Div. 2),Christine-,1732,1733675700,1645,1646
2040,Codeforces Round 992 (Div. 2),fycccccc,1732,1733675700,539,946
2040,Codeforces Round 992 (Div. 2),kaushikankit7610,1732,1733675700,1317,1466
2040,Codeforces Round 992 (Div. 2),lunarlity,1732,1733675700,1619,1627
2040,Codeforces Round 992 (Div. 2),anshu.mehta,1732,1733675700,1429,1489
2040,Codeforces Round 992 (Div. 2),twoplusthree,1732,1733675700,1699,1686
2040,Codeforces Round 992 (Div. 2),Nreyog,1738,1733675700,1928,1860
2040,Codeforces Round 992 (Div. 2),pagol,1738,1733675700,1324,1415
2040,Codeforces Round 992 (Div. 2),kaustabhmishra,1738,1733675700,1508,1546
2040,Codeforces Round 992 (Div. 2),sidpatil_123,1738,1733675700,1414,1478
2040,Codeforces Round 992 (Div. 2),xiadaba,1742,1733675700,1755,1729
2040,Codeforces Round 992 (Div. 2),HiddenSecret,1742,1733675700,928,1199
2040,Codeforces Round 992 (Div. 2),beishekeev,1742,1733675700,1893,1834
2040,Codeforces Round 992 (Div. 2),2730883287,1742,1733675700,1795,1759
2040,Codeforces Round 992 (Div. 2),Lost_Warrior,1742,1733675700,1447,1501
2040,Codeforces Round 992 (Div. 2),beunique18,1747,1733675700,1687,1677
2040,Codeforces Round 992 (Div. 2),chelek,1747,1733675700,1432,1490
2040,Codeforces Round 992 (Div. 2),deVICe7772,1747,1733675700,1610,1620
2040,Codeforces Round 992 (Div. 2),KuroLeaf,1747,1733675700,1535,1564
2040,Codeforces Round 992 (Div. 2),Aditya8676,1747,1733675700,1437,1494
2040,Codeforces Round 992 (Div. 2),Well1ngt0n,1747,1733675700,1768,1738
2040,Codeforces Round 992 (Div. 2),hhjk,1753,1733675700,1882,1825
2040,Codeforces Round 992 (Div. 2),jeshts27,1753,1733675700,1176,1313
2040,Codeforces Round 992 (Div. 2),stdfloat,1753,1733675700,1635,1638
2040,Codeforces Round 992 (Div. 2),TsotneSV,1753,1733675700,1541,1569
2040,Codeforces Round 992 (Div. 2),krutarthpatel929,1753,1733675700,1354,1435
2040,Codeforces Round 992 (Div. 2),_comeback_,1753,1733675700,1335,1421
2040,Codeforces Round 992 (Div. 2),unat__ti,1759,1733675700,1817,1775
2040,Codeforces Round 992 (Div. 2),dinhvietcuong,1759,1733675700,1329,1417
2040,Codeforces Round 992 (Div. 2),durduryu,1759,1733675700,1810,1770
2040,Codeforces Round 992 (Div. 2),thedemogorgan,1762,1733675700,1195,1325
2040,Codeforces Round 992 (Div. 2),_Sterben_,1762,1733675700,1493,1533
2040,Codeforces Round 992 (Div. 2),SeannH,1762,1733675700,1676,1668
2040,Codeforces Round 992 (Div. 2),likespro,1762,1733675700,1336,1422
2040,Codeforces Round 992 (Div. 2),xish,1762,1733675700,1680,1671
2040,Codeforces Round 992 (Div. 2),susenyang,1762,1733675700,1754,1727
2040,Codeforces Round 992 (Div. 2),wasd1234,1762,1733675700,1759,1731
2040,Codeforces Round 992 (Div. 2),boxlesscat,1762,1733675700,1638,1640
2040,Codeforces Round 992 (Div. 2),__fn__,1770,1733675700,1409,1473
2040,Codeforces Round 992 (Div. 2),Serikbay777,1770,1733675700,1604,1614
2040,Codeforces Round 992 (Div. 2),RainbowDash.,1770,1733675700,1599,1610
2040,Codeforces Round 992 (Div. 2),luv29,1770,1733675700,1638,1639
2040,Codeforces Round 992 (Div. 2),pavan1670,1770,1733675700,1559,1581
2040,Codeforces Round 992 (Div. 2),bachmanity_insanity,1770,1733675700,1280,1382
2040,Codeforces Round 992 (Div. 2),fenglaosir,1770,1733675700,1674,1666
2040,Codeforces Round 992 (Div. 2),STK,1777,1733675700,1385,1455
2040,Codeforces Round 992 (Div. 2),swat220905,1777,1733675700,1188,1320
2040,Codeforces Round 992 (Div. 2),Idam,1777,1733675700,1746,1720
2040,Codeforces Round 992 (Div. 2),dangcaominh,1777,1733675700,1380,1452
2040,Codeforces Round 992 (Div. 2),Mehul_zzz,1777,1733675700,1713,1695
2040,Codeforces Round 992 (Div. 2),Shnatan,1777,1733675700,1623,1628
2040,Codeforces Round 992 (Div. 2),smf,1783,1733675700,1495,1534
2040,Codeforces Round 992 (Div. 2),SIGMALORD,1783,1733675700,1304,1433
2040,Codeforces Round 992 (Div. 2),Maburb,1783,1733675700,1794,1756
2040,Codeforces Round 992 (Div. 2),zupey,1786,1733675700,1265,1371
2040,Codeforces Round 992 (Div. 2),mlicul,1786,1733675700,1732,1709
2040,Codeforces Round 992 (Div. 2),Th1nker,1786,1733675700,1432,1489
2040,Codeforces Round 992 (Div. 2),ShashiPreetam,1786,1733675700,1472,1518
2040,Codeforces Round 992 (Div. 2),Animal,1786,1733675700,1525,1556
2040,Codeforces Round 992 (Div. 2),sandwich,1791,1733675700,1551,1574
2040,Codeforces Round 992 (Div. 2),CuteWhite,1791,1733675700,1704,1688
2040,Codeforces Round 992 (Div. 2),Ar1hara_Nanami,1791,1733675700,1706,1689
2040,Codeforces Round 992 (Div. 2),runde,1791,1733675700,1469,1515
2040,Codeforces Round 992 (Div. 2),div7011,1791,1733675700,1569,1588
2040,Codeforces Round 992 (Div. 2),xjmxjm,1791,1733675700,1670,1662
2040,Codeforces Round 992 (Div. 2),nathu123,1791,1733675700,1427,1485
2040,Codeforces Round 992 (Div. 2),iuxan,1798,1733675700,1748,1721
2040,Codeforces Round 992 (Div. 2),another_fake_account,1798,1733675700,1440,1493
2040,Codeforces Round 992 (Div. 2),Heenpei,1798,1733675700,1558,1580
2040,Codeforces Round 992 (Div. 2),lilns1,1798,1733675700,1460,1508
2040,Codeforces Round 992 (Div. 2),Snigy9,1802,1733675700,1211,1334
2040,Codeforces Round 992 (Div. 2),The_Elephant,1802,1733675700,1465,1511
2040,Codeforces Round 992 (Div. 2),sanchitkumarsingh0988,1802,1733675700,993,1194
2040,Codeforces Round 992 (Div. 2),pitP,1802,1733675700,1847,1796
2040,Codeforces Round 992 (Div. 2),Ionut27,1802,1733675700,1583,1597
2040,Codeforces Round 992 (Div. 2),McLovin6,1802,1733675700,1479,1521
2040,Codeforces Round 992 (Div. 2),QXTXY,1802,1733675700,1524,1554
2040,Codeforces Round 992 (Div. 2),garyHost_,1809,1733675700,1548,1571
2040,Codeforces Round 992 (Div. 2),Rayquaza,1809,1733675700,1551,1574
2040,Codeforces Round 992 (Div. 2),hnust_pengjingyan,1809,1733675700,1765,1733
2040,Codeforces Round 992 (Div. 2),praneethnellutla,1809,1733675700,1255,1363
2040,Codeforces Round 992 (Div. 2),steamyfish,1809,1733675700,1224,1342
2040,Codeforces Round 992 (Div. 2),draxilorian,1809,1733675700,1577,1593
2040,Codeforces Round 992 (Div. 2),silentsword255,1815,1733675700,1434,1489
2040,Codeforces Round 992 (Div. 2),GlebKosachov,1815,1733675700,1609,1616
2040,Codeforces Round 992 (Div. 2),cjtsai,1815,1733675700,1745,1718
2040,Codeforces Round 992 (Div. 2),ykgupta2411,1815,1733675700,1647,1644
2040,Codeforces Round 992 (Div. 2),paragpatkulkar123,1815,1733675700,1221,1340
2040,Codeforces Round 992 (Div. 2),devangsvaghani,1815,1733675700,1800,1759
2040,Codeforces Round 992 (Div. 2),ayushmandhar195,1821,1733675700,1411,1472
2040,Codeforces Round 992 (Div. 2),Jst_U_N_Me,1821,1733675700,1457,1505
2040,Codeforces Round 992 (Div. 2),KarolZ,1821,1733675700,1766,1734
2040,Codeforces Round 992 (Div. 2),coderr112,1821,1733675700,1526,1555
2040,Codeforces Round 992 (Div. 2),knyazev_sv,1825,1733675700,1675,1664
2040,Codeforces Round 992 (Div. 2),uectic,1825,1733675700,1234,1382
2040,Codeforces Round 992 (Div. 2),qwerlty123,1825,1733675700,1698,1682
2040,Codeforces Round 992 (Div. 2),sidOP21,1825,1733675700,1584,1597
2040,Codeforces Round 992 (Div. 2),Nash_Okano,1825,1733675700,1576,1591
2040,Codeforces Round 992 (Div. 2),Lonewolf18,1825,1733675700,1451,1500
2040,Codeforces Round 992 (Div. 2),Totski,1825,1733675700,1516,1608
2040,Codeforces Round 992 (Div. 2),charanteja001,1825,1733675700,1205,1329
2040,Codeforces Round 992 (Div. 2),lew2018,1833,1733675700,1631,1632
2040,Codeforces Round 992 (Div. 2),akshin_,1833,1733675700,1579,1593
2040,Codeforces Round 992 (Div. 2),iwanmingsen,1835,1733675700,712,1067
2040,Codeforces Round 992 (Div. 2),-Rafid-,1835,1733675700,1683,1670
2040,Codeforces Round 992 (Div. 2),Rafiullah,1835,1733675700,1636,1635
2040,Codeforces Round 992 (Div. 2),awdec,1835,1733675700,1712,1692
2040,Codeforces Round 992 (Div. 2),Galaxy_Ivan,1835,1733675700,1871,1813
2040,Codeforces Round 992 (Div. 2),haitanghua,1835,1733675700,1254,1361
2040,Codeforces Round 992 (Div. 2),ulisses_ab,1835,1733675700,1324,1410
2040,Codeforces Round 992 (Div. 2),MegaBlaster505,1835,1733675700,1443,1494
2040,Codeforces Round 992 (Div. 2),TheGreatAntivirus,1843,1733675700,1528,1555
2040,Codeforces Round 992 (Div. 2),ThirteenFrames,1843,1733675700,1725,1702
2040,Codeforces Round 992 (Div. 2),antares2262,1843,1733675700,1780,1743
2040,Codeforces Round 992 (Div. 2),_sacred_021,1843,1733675700,1666,1657
2040,Codeforces Round 992 (Div. 2),liuwenke,1843,1733675700,1510,1542
2040,Codeforces Round 992 (Div. 2),AuroraLeaf,1843,1733675700,1376,1446
2040,Codeforces Round 992 (Div. 2),lenhanbounofficial,1843,1733675700,2018,1926
2040,Codeforces Round 992 (Div. 2),gauravpramodwadhai07,1850,1733675700,1479,1519
2040,Codeforces Round 992 (Div. 2),VIEinvisible,1850,1733675700,1393,1458
2040,Codeforces Round 992 (Div. 2),wuuuk,1850,1733675700,1601,1609
2040,Codeforces Round 992 (Div. 2),yimenglingfeng,1850,1733675700,1608,1613
2040,Codeforces Round 992 (Div. 2),luxemburger,1850,1733675700,1477,1518
2040,Codeforces Round 992 (Div. 2),man_in_the_hat_,1855,1733675700,1307,1397
2040,Codeforces Round 992 (Div. 2),risiroke,1855,1733675700,0,565
2040,Codeforces Round 992 (Div. 2),Djangle162857,1855,1733675700,1921,1850
2040,Codeforces Round 992 (Div. 2),TJacobus,1855,1733675700,1694,1677
2040,Codeforces Round 992 (Div. 2),APassingFool,1855,1733675700,1382,1450
2040,Codeforces Round 992 (Div. 2),xy122004921,1855,1733675700,1417,1475
2040,Codeforces Round 992 (Div. 2),Dogm_3,1861,1733675700,1379,1505
2040,Codeforces Round 992 (Div. 2),VaniSHadow,1861,1733675700,481,898
2040,Codeforces Round 992 (Div. 2),rockstar_an,1861,1733675700,1644,1640
2040,Codeforces Round 992 (Div. 2),MarioNathan,1861,1733675700,1335,1416
2040,Codeforces Round 992 (Div. 2),Architect_00,1861,1733675700,1499,1533
2040,Codeforces Round 992 (Div. 2),TeletubiGaim33,1861,1733675700,1718,1696
2040,Codeforces Round 992 (Div. 2),Fesdrer,1861,1733675700,1771,1774
2040,Codeforces Round 992 (Div. 2),Petricore,1861,1733675700,1683,1669
2040,Codeforces Round 992 (Div. 2),yatharthjain41,1861,1733675700,1683,1669
2040,Codeforces Round 992 (Div. 2),0mar,1861,1733675700,1677,1664
2040,Codeforces Round 992 (Div. 2),mahir1,1871,1733675700,1619,1621
2040,Codeforces Round 992 (Div. 2),twoo.zyy,1871,1733675700,1511,1541
2040,Codeforces Round 992 (Div. 2),Manasvi,1871,1733675700,1288,1383
2040,Codeforces Round 992 (Div. 2),algoskipper,1871,1733675700,1411,1470
2040,Codeforces Round 992 (Div. 2),khan_ali,1871,1733675700,1543,1565
2040,Codeforces Round 992 (Div. 2),clerisy47,1876,1733675700,1418,1474
2040,Codeforces Round 992 (Div. 2),Ar7e9,1876,1733675700,1424,1478
2040,Codeforces Round 992 (Div. 2),Lemonade_,1876,1733675700,1634,1632
2040,Codeforces Round 992 (Div. 2),cros107,1876,1733675700,1829,1779
2040,Codeforces Round 992 (Div. 2),Rishi23,1876,1733675700,457,881
2040,Codeforces Round 992 (Div. 2),George_Rubio,1876,1733675700,1847,1792
2040,Codeforces Round 992 (Div. 2),Tankard,1876,1733675700,1455,1501
2040,Codeforces Round 992 (Div. 2),allw,1876,1733675700,1613,1616
2040,Codeforces Round 992 (Div. 2),HeGoPlay,1876,1733675700,1483,1521
2040,Codeforces Round 992 (Div. 2),onepersonintheuniverse,1876,1733675700,977,1225
2040,Codeforces Round 992 (Div. 2),zjzhr,1876,1733675700,1341,1419
2040,Codeforces Round 992 (Div. 2),KushalBijarniya,1876,1733675700,1526,1552
2040,Codeforces Round 992 (Div. 2),JhdFarrell,1888,1733675700,1652,1645
2040,Codeforces Round 992 (Div. 2),Ricay,1888,1733675700,0,564
2040,Codeforces Round 992 (Div. 2),Fire_fox,1888,1733675700,1767,1731
2040,Codeforces Round 992 (Div. 2),shreyas333,1888,1733675700,1734,1707
2040,Codeforces Round 992 (Div. 2),TheTechieGuy,1888,1733675700,1469,1510
2040,Codeforces Round 992 (Div. 2),dark_ethics,1888,1733675700,1576,1588
2040,Codeforces Round 992 (Div. 2),namredips7,1888,1733675700,1410,1468
2040,Codeforces Round 992 (Div. 2),BoundlessBit,1888,1733675700,1208,1328
2040,Codeforces Round 992 (Div. 2),gurjar_boy,1888,1733675700,1225,1393
2040,Codeforces Round 992 (Div. 2),aryan_satija_1111,1888,1733675700,1531,1555
2040,Codeforces Round 992 (Div. 2),choudharymohit,1898,1733675700,1094,1338
2040,Codeforces Round 992 (Div. 2),Burning,1898,1733675700,1598,1604
2040,Codeforces Round 992 (Div. 2),yellowflash_,1898,1733675700,1507,1538
2040,Codeforces Round 992 (Div. 2),SomebodyCares,1898,1733675700,1335,1450
2040,Codeforces Round 992 (Div. 2),SunShine11,1898,1733675700,1532,1556
2040,Codeforces Round 992 (Div. 2),Aetherios,1898,1733675700,1483,1520
2040,Codeforces Round 992 (Div. 2),Gear6,1904,1733675700,1631,1628
2040,Codeforces Round 992 (Div. 2),takeonicky,1904,1733675700,1517,1544
2040,Codeforces Round 992 (Div. 2),the_last_smilodon,1904,1733675700,1652,1644
2040,Codeforces Round 992 (Div. 2),cflsfzh,1904,1733675700,1239,1402
2040,Codeforces Round 992 (Div. 2),dialectic_,1904,1733675700,1375,1500
2040,Codeforces Round 992 (Div. 2),based,1904,1733675700,1533,1556
2040,Codeforces Round 992 (Div. 2),BhavikYadav,1904,1733675700,1354,1427
2040,Codeforces Round 992 (Div. 2),DestroyerDhruv,1904,1733675700,522,926
2040,Codeforces Round 992 (Div. 2),fanemigo,1904,1733675700,1296,1387
2040,Codeforces Round 992 (Div. 2),ap00rva,1904,1733675700,1640,1635
2040,Codeforces Round 992 (Div. 2),pantom,1914,1733675700,1706,1685
2040,Codeforces Round 992 (Div. 2),mahendraakshansh,1914,1733675700,1554,1571
2040,Codeforces Round 992 (Div. 2),SzypkiBill,1914,1733675700,1552,1569
2040,Codeforces Round 992 (Div. 2),TheSensei,1914,1733675700,1579,1590
2040,Codeforces Round 992 (Div. 2),doyo,1914,1733675700,1661,1650
2040,Codeforces Round 992 (Div. 2),yvmr_33,1914,1733675700,1708,1686
2040,Codeforces Round 992 (Div. 2),ArtemMB,1914,1733675700,991,1187
2040,Codeforces Round 992 (Div. 2),Optoed,1921,1733675700,1464,1506
2040,Codeforces Round 992 (Div. 2),NepurnTyagi,1921,1733675700,1364,1434
2040,Codeforces Round 992 (Div. 2),ashish1729,1921,1733675700,1586,1595
2040,Codeforces Round 992 (Div. 2),alextigau,1921,1733675700,1475,1513
2040,Codeforces Round 992 (Div. 2),NewJeans,1925,1733675700,1417,1471
2040,Codeforces Round 992 (Div. 2),quarterbackpraying,1925,1733675700,1541,1561
2040,Codeforces Round 992 (Div. 2),supernove,1925,1733675700,1231,1341
2040,Codeforces Round 992 (Div. 2),Pinaka,1925,1733675700,1427,1479
2040,Codeforces Round 992 (Div. 2),Idonotknow555,1925,1733675700,1560,1575
2040,Codeforces Round 992 (Div. 2),hacaravaca,1925,1733675700,1440,1488
2040,Codeforces Round 992 (Div. 2),coderdhanraj,1931,1733675700,1861,1802
2040,Codeforces Round 992 (Div. 2),smilemask,1931,1733675700,1440,1488
2040,Codeforces Round 992 (Div. 2),CYFly,1931,1733675700,1413,1468
2040,Codeforces Round 992 (Div. 2),str_hj,1931,1733675700,1529,1552
2040,Codeforces Round 992 (Div. 2),twoo,1931,1733675700,1443,1489
2040,Codeforces Round 992 (Div. 2),Aisham,1931,1733675700,1443,1489
2040,Codeforces Round 992 (Div. 2),fapipotato,1931,1733675700,1655,1645
2040,Codeforces Round 992 (Div. 2),Citypop,1938,1733675700,1680,1663
2040,Codeforces Round 992 (Div. 2),_notwhoyouthink,1938,1733675700,1548,1566
2040,Codeforces Round 992 (Div. 2),im_Leo,1938,1733675700,1358,1429
2040,Codeforces Round 992 (Div. 2),xenonide,1938,1733675700,1308,1394
2040,Codeforces Round 992 (Div. 2),ParaB0Y,1938,1733675700,1447,1492
2040,Codeforces Round 992 (Div. 2),gamer11,1938,1733675700,1549,1566
2040,Codeforces Round 992 (Div. 2),pranavgarg.cs,1938,1733675700,1621,1619
2040,Codeforces Round 992 (Div. 2),SridharSuthapalli,1938,1733675700,1445,1491
2040,Codeforces Round 992 (Div. 2),kgoel,1938,1733675700,1454,1497
2040,Codeforces Round 992 (Div. 2),Shubham-V,1938,1733675700,1562,1576
2040,Codeforces Round 992 (Div. 2),Terror_404,1938,1733675700,1827,1775
2040,Codeforces Round 992 (Div. 2),cosmosking,1938,1733675700,1427,1477
2040,Codeforces Round 992 (Div. 2),ZhixingYi,1950,1733675700,1623,1621
2040,Codeforces Round 992 (Div. 2),TRB_going_miles,1950,1733675700,1569,1657
2040,Codeforces Round 992 (Div. 2),zhuangyun,1950,1733675700,1510,1538
2040,Codeforces Round 992 (Div. 2),Greyitis,1950,1733675700,1337,1414
2040,Codeforces Round 992 (Div. 2),Joey1060,1950,1733675700,901,1194
2040,Codeforces Round 992 (Div. 2),pythan,1955,1733675700,1701,1679
2040,Codeforces Round 992 (Div. 2),MilanThePleb,1955,1733675700,1354,1425
2040,Codeforces Round 992 (Div. 2),greenpizza12,1955,1733675700,1657,1646
2040,Codeforces Round 992 (Div. 2),BlizGale,1955,1733675700,1562,1575
2040,Codeforces Round 992 (Div. 2),shobyy,1955,1733675700,1724,1696
2040,Codeforces Round 992 (Div. 2),minsi,1955,1733675700,1621,1619
2040,Codeforces Round 992 (Div. 2),AloneMusk,1955,1733675700,1738,1707
2040,Codeforces Round 992 (Div. 2),Bardia_AB,1962,1733675700,1692,1672
2040,Codeforces Round 992 (Div. 2),FormulaBine,1962,1733675700,1192,1314
2040,Codeforces Round 992 (Div. 2),Siddarth_MSR,1962,1733675700,1694,1673
2040,Codeforces Round 992 (Div. 2),kyatatsu,1962,1733675700,1136,1327
2040,Codeforces Round 992 (Div. 2),puravjn,1962,1733675700,1404,1460
2040,Codeforces Round 992 (Div. 2),knight_coder_3872,1967,1733675700,1352,1423
2040,Codeforces Round 992 (Div. 2),F.H.C.,1967,1733675700,549,942
2040,Codeforces Round 992 (Div. 2),isocm,1967,1733675700,1478,1513
2040,Codeforces Round 992 (Div. 2),techtushar2002,1967,1733675700,1555,1570
2040,Codeforces Round 992 (Div. 2),slitvinov,1967,1733675700,1300,1387
2040,Codeforces Round 992 (Div. 2),nebula,1967,1733675700,1853,1794
2040,Codeforces Round 992 (Div. 2),_tan90_,1967,1733675700,1156,1289
2040,Codeforces Round 992 (Div. 2),GoogleDocs,1967,1733675700,1629,1624
2040,Codeforces Round 992 (Div. 2),I_am_Jacks_FOMO,1967,1733675700,1479,1514
2040,Codeforces Round 992 (Div. 2),ALESTA,1976,1733675700,1728,1699
2040,Codeforces Round 992 (Div. 2),k_shivam,1976,1733675700,1282,1374
2040,Codeforces Round 992 (Div. 2),ycperson,1976,1733675700,1412,1466
2040,Codeforces Round 992 (Div. 2),Raj_Singh,1976,1733675700,1422,1473
2040,Codeforces Round 992 (Div. 2),meetmeet,1980,1733675700,417,848
2040,Codeforces Round 992 (Div. 2),adrieledix,1980,1733675700,0,559
2040,Codeforces Round 992 (Div. 2),gozdrog,1980,1733675700,1131,1329
2040,Codeforces Round 992 (Div. 2),harrypang,1980,1733675700,1571,1581
2040,Codeforces Round 992 (Div. 2),CAL522,1980,1733675700,1305,1390
2040,Codeforces Round 992 (Div. 2),5phInX,1980,1733675700,1844,1787
2040,Codeforces Round 992 (Div. 2),Marrelia,1980,1733675700,1141,1330
2040,Codeforces Round 992 (Div. 2),Kartik-Singh,1987,1733675700,1392,1451
2040,Codeforces Round 992 (Div. 2),rahul_iitkgp,1987,1733675700,1507,1534
2040,Codeforces Round 992 (Div. 2),laxsingh9659,1987,1733675700,980,1223
2040,Codeforces Round 992 (Div. 2),UrosNedic,1987,1733675700,1674,1657
2040,Codeforces Round 992 (Div. 2),Krrishchanchal,1991,1733675700,1628,1623
2040,Codeforces Round 992 (Div. 2),yravidheeraj12,1991,1733675700,1372,1437
2040,Codeforces Round 992 (Div. 2),turikotura,1993,1733675700,1345,1417
2040,Codeforces Round 992 (Div. 2),feev1x,1993,1733675700,1627,1622
2040,Codeforces Round 992 (Div. 2),debangi_29,1993,1733675700,1383,1444
2040,Codeforces Round 992 (Div. 2),indresh_hErd,1993,1733675700,1715,1688
2040,Codeforces Round 992 (Div. 2),karunakar_516,1997,1733675700,1402,1457
2040,Codeforces Round 992 (Div. 2),SigmaGoku,1997,1733675700,1675,1658
2040,Codeforces Round 992 (Div. 2),nik_exists,1997,1733675700,1445,1488
2040,Codeforces Round 992 (Div. 2),adithyag1,1997,1733675700,1530,1550
2040,Codeforces Round 992 (Div. 2),Sandeep_coding,1997,1733675700,1380,1442
2040,Codeforces Round 992 (Div. 2),akash10rout,1997,1733675700,1536,1555
2040,Codeforces Round 992 (Div. 2),gabrielepure1109,1997,1733675700,1340,1414
2040,Codeforces Round 992 (Div. 2),liulj,2004,1733675700,1323,1401
2040,Codeforces Round 992 (Div. 2),kamalsharmaa9,2004,1733675700,1701,1677
2040,Codeforces Round 992 (Div. 2),farhan95104,2004,1733675700,1553,1567
2040,Codeforces Round 992 (Div. 2),Firefrog418,2004,1733675700,1487,1519
2040,Codeforces Round 992 (Div. 2),ineyok,2004,1733675700,1562,1573
2040,Codeforces Round 992 (Div. 2),p_motzi,2004,1733675700,1373,1437
2040,Codeforces Round 992 (Div. 2),guc_lzh,2004,1733675700,1403,1458
2040,Codeforces Round 992 (Div. 2),fattahovainur0,2011,1733675700,1287,1376
2040,Codeforces Round 992 (Div. 2),2021csb1107,2011,1733675700,1448,1490
2040,Codeforces Round 992 (Div. 2),zus1123,2011,1733675700,1198,1376
2040,Codeforces Round 992 (Div. 2),uday3421,2011,1733675700,1443,1486
2040,Codeforces Round 992 (Div. 2),hanchebj,2011,1733675700,383,823
2040,Codeforces Round 992 (Div. 2),BlueBlue,2011,1733675700,1781,1738
2040,Codeforces Round 992 (Div. 2),peiyangwjx,2017,1733675700,1859,1797
2040,Codeforces Round 992 (Div. 2),gursimarsinghmiglani,2017,1733675700,1514,1538
2040,Codeforces Round 992 (Div. 2),ExMachina_27452,2017,1733675700,1376,1438
2040,Codeforces Round 992 (Div. 2),shy_paper,2017,1733675700,1484,1516
2040,Codeforces Round 992 (Div. 2),kamyak,2017,1733675700,1698,1675
2040,Codeforces Round 992 (Div. 2),Sudip809,2017,1733675700,1621,1616
2040,Codeforces Round 992 (Div. 2),PrimeHunter,2017,1733675700,1387,1446
2040,Codeforces Round 992 (Div. 2),yzzwgyf,2017,1733675700,1795,1748
2040,Codeforces Round 992 (Div. 2),_s7,2017,1733675700,1635,1627
2040,Codeforces Round 992 (Div. 2),Atharva_Arya,2026,1733675700,1520,1541
2040,Codeforces Round 992 (Div. 2),kya_maal_hai_yaar,2026,1733675700,1601,1601
2040,Codeforces Round 992 (Div. 2),CraaazyShep,2026,1733675700,1655,1642
2040,Codeforces Round 992 (Div. 2),Ram_dukiya,2026,1733675700,1362,1428
2040,Codeforces Round 992 (Div. 2),PranavAdlinge,2026,1733675700,1293,1379
2040,Codeforces Round 992 (Div. 2),huangweiliang,2031,1733675700,1408,1460
2040,Codeforces Round 992 (Div. 2),Baby_Bird,2031,1733675700,1483,1515
2040,Codeforces Round 992 (Div. 2),_SSH_,2031,1733675700,1477,1511
2040,Codeforces Round 992 (Div. 2),iN_siDious,2034,1733675700,1553,1566
2040,Codeforces Round 992 (Div. 2),liuenci,2034,1733675700,1637,1628
2040,Codeforces Round 992 (Div. 2),ruban,2036,1733675700,1367,1431
2040,Codeforces Round 992 (Div. 2),risingStark,2036,1733675700,1394,1450
2040,Codeforces Round 992 (Div. 2),angle-bisector,2036,1733675700,1415,1465
2040,Codeforces Round 992 (Div. 2),alternn,2036,1733675700,1693,1670
2040,Codeforces Round 992 (Div. 2),suseelkumar2006,2036,1733675700,1386,1444
2040,Codeforces Round 992 (Div. 2),ff_U,2036,1733675700,1398,1511
2040,Codeforces Round 992 (Div. 2),AmartyaXphy,2036,1733675700,1553,1565
2040,Codeforces Round 992 (Div. 2),shashi_raj_1104,2043,1733675700,1445,1487
2040,Codeforces Round 992 (Div. 2),lueagzil,2043,1733675700,1669,1651
2040,Codeforces Round 992 (Div. 2),Fluffy.burd,2043,1733675700,1157,1286
2040,Codeforces Round 992 (Div. 2),elseecay,2043,1733675700,1434,1479
2040,Codeforces Round 992 (Div. 2),pheonix_2002,2047,1733675700,1393,1449
2040,Codeforces Round 992 (Div. 2),Segfaulted,2047,1733675700,1403,1456
2040,Codeforces Round 992 (Div. 2),kunalsurana,2047,1733675700,1223,1330
2040,Codeforces Round 992 (Div. 2),Scofield-05,2047,1733675700,1405,1457
2040,Codeforces Round 992 (Div. 2),not_from_iit_d,2047,1733675700,982,1221
2040,Codeforces Round 992 (Div. 2),mythribala,2047,1733675700,1529,1547
2040,Codeforces Round 992 (Div. 2),MaiHoonKaun,2047,1733675700,1365,1429
2040,Codeforces Round 992 (Div. 2),codingdudes,2047,1733675700,1211,1357
2040,Codeforces Round 992 (Div. 2),Jamil_Akbarov,2055,1733675700,618,994
2040,Codeforces Round 992 (Div. 2),ZH-170,2055,1733675700,1334,1407
2040,Codeforces Round 992 (Div. 2),Enatsu__8,2055,1733675700,1539,1555
2040,Codeforces Round 992 (Div. 2),Jnana_Sai,2058,1733675700,1054,1271
2040,Codeforces Round 992 (Div. 2),KartikSharma99,2058,1733675700,1367,1430
2040,Codeforces Round 992 (Div. 2),PorkythePig,2058,1733675700,1556,1567
2040,Codeforces Round 992 (Div. 2),miragee,2058,1733675700,1454,1492
2040,Codeforces Round 992 (Div. 2),register_account,2058,1733675700,1497,1524
2040,Codeforces Round 992 (Div. 2),Obi__Wan__Kenobi,2063,1733675700,1297,1380
2040,Codeforces Round 992 (Div. 2),Sp0idermon-Bitchless,2063,1733675700,1433,1513
2040,Codeforces Round 992 (Div. 2),Ali_Alp_Yazici,2063,1733675700,1639,1628
2040,Codeforces Round 992 (Div. 2),samkim21,2063,1733675700,1669,1715
2040,Codeforces Round 992 (Div. 2),Himanshu2125,2063,1733675700,1502,1527
2040,Codeforces Round 992 (Div. 2),boris_7,2063,1733675700,1634,1624
2040,Codeforces Round 992 (Div. 2),ericwww,2063,1733675700,1365,1428
2040,Codeforces Round 992 (Div. 2),AnAverageElectrician,2070,1733675700,1719,1688
2040,Codeforces Round 992 (Div. 2),hydra_cody,2070,1733675700,1735,1700
2040,Codeforces Round 992 (Div. 2),oyasumi_sion,2070,1733675700,1564,1572
2040,Codeforces Round 992 (Div. 2),Repsaj21o,2070,1733675700,1549,1561
2040,Codeforces Round 992 (Div. 2),umamaheswarareddy,2070,1733675700,1479,1510
2040,Codeforces Round 992 (Div. 2),Pras28,2070,1733675700,1878,1810
2040,Codeforces Round 992 (Div. 2),aryan8898,2070,1733675700,1287,1429
2040,Codeforces Round 992 (Div. 2),zhnb,2077,1733675700,1364,1427
2040,Codeforces Round 992 (Div. 2),Backstabber,2077,1733675700,1274,1364
2040,Codeforces Round 992 (Div. 2),patilmanishkishor,2077,1733675700,1429,1473
2040,Codeforces Round 992 (Div. 2),thebihari,2077,1733675700,1361,1425
2040,Codeforces Round 992 (Div. 2),alfaloo,2077,1733675700,1292,1443
2040,Codeforces Round 992 (Div. 2),Piyush_sahoo,2077,1733675700,1497,1523
2040,Codeforces Round 992 (Div. 2),_HarJlblu_Jluc_,2077,1733675700,487,893
2040,Codeforces Round 992 (Div. 2),CarlosDaniel111,2084,1733675700,1595,1595
2040,Codeforces Round 992 (Div. 2),skirtiman2985,2084,1733675700,1610,1606
2040,Codeforces Round 992 (Div. 2),Taha_adeel,2084,1733675700,1758,1717
2040,Codeforces Round 992 (Div. 2),ntt_not_found,2084,1733675700,1457,1493
2040,Codeforces Round 992 (Div. 2),div3_v,2084,1733675700,851,1153
2040,Codeforces Round 992 (Div. 2),atharv_tiwari,2084,1733675700,1819,1764
2040,Codeforces Round 992 (Div. 2),psy_2_2_2,2084,1733675700,1065,1225
2040,Codeforces Round 992 (Div. 2),rishixbatman,2091,1733675700,1473,1505
2040,Codeforces Round 992 (Div. 2),ilbro,2091,1733675700,1803,1751
2040,Codeforces Round 992 (Div. 2),YC_Huo,2091,1733675700,1392,1446
2040,Codeforces Round 992 (Div. 2),dauka,2091,1733675700,1465,1499
2040,Codeforces Round 992 (Div. 2),AAAAAZBX,2091,1733675700,1597,1595
2040,Codeforces Round 992 (Div. 2),Akrem_Ben_Zaoui,2091,1733675700,1578,1582
2040,Codeforces Round 992 (Div. 2),TMSniper,2091,1733675700,1649,1634
2040,Codeforces Round 992 (Div. 2),ydc666,2091,1733675700,1634,1623
2040,Codeforces Round 992 (Div. 2),uranus,2091,1733675700,1581,1584
2040,Codeforces Round 992 (Div. 2),ravi_sumit33,2100,1733675700,1387,1442
2040,Codeforces Round 992 (Div. 2),g-agan,2100,1733675700,1506,1528
2040,Codeforces Round 992 (Div. 2),Terrxzy,2100,1733675700,1439,1480
2040,Codeforces Round 992 (Div. 2),daneil892,2100,1733675700,1272,1361
2040,Codeforces Round 992 (Div. 2),aritro_pal,2100,1733675700,1550,1561
2040,Codeforces Round 992 (Div. 2),Shauryabot,2100,1733675700,1498,1522
2040,Codeforces Round 992 (Div. 2),AlphaGaurav,2100,1733675700,1927,1846
2040,Codeforces Round 992 (Div. 2),sodriet,2100,1733675700,1473,1504
2040,Codeforces Round 992 (Div. 2),winter_aespa,2100,1733675700,1556,1565
2040,Codeforces Round 992 (Div. 2),alls,2109,1733675700,1432,1474
2040,Codeforces Round 992 (Div. 2),Ertzyk,2109,1733675700,808,1121
2040,Codeforces Round 992 (Div. 2),darkquasar,2109,1733675700,1606,1601
2040,Codeforces Round 992 (Div. 2),BiaxialRay_,2109,1733675700,1679,1657
2040,Codeforces Round 992 (Div. 2),Daniel180610,2109,1733675700,1512,1532
2040,Codeforces Round 992 (Div. 2),_rengoku_,2109,1733675700,1454,1490
2040,Codeforces Round 992 (Div. 2),Amaterasu1601,2109,1733675700,1624,1615
2040,Codeforces Round 992 (Div. 2),SinaSP,2109,1733675700,1538,1551
2040,Codeforces Round 992 (Div. 2),armaansingh,2117,1733675700,1113,1254
2040,Codeforces Round 992 (Div. 2),Piyushkumar2004,2117,1733675700,1131,1266
2040,Codeforces Round 992 (Div. 2),ChocoKhongSuy,2117,1733675700,1557,1565
2040,Codeforces Round 992 (Div. 2),Green_Viper,2120,1733675700,1414,1461
2040,Codeforces Round 992 (Div. 2),__Maksik__,2120,1733675700,1655,1638
2040,Codeforces Round 992 (Div. 2),hell_hacker,2120,1733675700,1541,1553
2040,Codeforces Round 992 (Div. 2),abhishekpandey7842,2120,1733675700,1369,1429
2040,Codeforces Round 992 (Div. 2),go_mu,2124,1733675700,1640,1627
2040,Codeforces Round 992 (Div. 2),nr_p,2124,1733675700,1293,1375
2040,Codeforces Round 992 (Div. 2),close_fish,2124,1733675700,1561,1568
2040,Codeforces Round 992 (Div. 2),genshin-expert,2124,1733675700,1427,1470
2040,Codeforces Round 992 (Div. 2),Dorilex,2124,1733675700,1364,1425
2040,Codeforces Round 992 (Div. 2),Chugg,2129,1733675700,1640,1627
2040,Codeforces Round 992 (Div. 2),mahskas_17,2129,1733675700,1244,1341
2040,Codeforces Round 992 (Div. 2),dato_kv,2129,1733675700,1349,1414
2040,Codeforces Round 992 (Div. 2),iamnextbigthingshivang,2129,1733675700,1390,1443
2040,Codeforces Round 992 (Div. 2),mansur_the_best,2129,1733675700,1465,1498
2040,Codeforces Round 992 (Div. 2),Mimiron,2129,1733675700,524,918
2040,Codeforces Round 992 (Div. 2),pranav8,2129,1733675700,1570,1574
2040,Codeforces Round 992 (Div. 2),Hacker_Dt,2129,1733675700,1192,1306
2040,Codeforces Round 992 (Div. 2),_anu_,2129,1733675700,981,1216
2040,Codeforces Round 992 (Div. 2),Exiled_Code2022,2138,1733675700,1609,1603
2040,Codeforces Round 992 (Div. 2),Syrus,2138,1733675700,2054,1945
2040,Codeforces Round 992 (Div. 2),yshaq,2138,1733675700,1264,1354
2040,Codeforces Round 992 (Div. 2),yuktah,2138,1733675700,0,553
2040,Codeforces Round 992 (Div. 2),downfall,2138,1733675700,1780,1733
2040,Codeforces Round 992 (Div. 2),miku1,2138,1733675700,1348,1413
2040,Codeforces Round 992 (Div. 2),blackkarn,2144,1733675700,1424,1467
2040,Codeforces Round 992 (Div. 2),HYDRA_RITIK,2144,1733675700,1679,1656
2040,Codeforces Round 992 (Div. 2),AliArapov221,2144,1733675700,1782,1734
2040,Codeforces Round 992 (Div. 2),rvkshs731,2144,1733675700,1408,1456
2040,Codeforces Round 992 (Div. 2),Louie64,2144,1733675700,1281,1432
2040,Codeforces Round 992 (Div. 2),MadCoder031,2149,1733675700,1457,1491
2040,Codeforces Round 992 (Div. 2),abhin,2149,1733675700,1397,1447
2040,Codeforces Round 992 (Div. 2),brajesh_muwel17,2149,1733675700,1661,1641
2040,Codeforces Round 992 (Div. 2),pushkar_j123,2149,1733675700,1157,1281
2040,Codeforces Round 992 (Div. 2),ov0,2149,1733675700,1678,1655
2040,Codeforces Round 992 (Div. 2),devanshhhhhh,2149,1733675700,1670,1649
2040,Codeforces Round 992 (Div. 2),whitepunch,2149,1733675700,1631,1619
2040,Codeforces Round 992 (Div. 2),Kanata18,2149,1733675700,1460,1493
2040,Codeforces Round 992 (Div. 2),painless_147,2157,1733675700,1235,1334
2040,Codeforces Round 992 (Div. 2),hnust_kuanghaojie,2157,1733675700,1638,1624
2040,Codeforces Round 992 (Div. 2),abdo0_0ayman,2157,1733675700,1655,1637
2040,Codeforces Round 992 (Div. 2),aram.hosna,2157,1733675700,1470,1500
2040,Codeforces Round 992 (Div. 2),pastilia,2157,1733675700,1637,1623
2040,Codeforces Round 992 (Div. 2),totallyAugustus,2157,1733675700,1602,1597
2040,Codeforces Round 992 (Div. 2),King87arshia,2163,1733675700,1579,1580
2040,Codeforces Round 992 (Div. 2),FahimR,2163,1733675700,1499,1521
2040,Codeforces Round 992 (Div. 2),cfls_dpfs,2163,1733675700,1509,1565
2040,Codeforces Round 992 (Div. 2),Utkarsh_raj_ymca,2163,1733675700,1605,1599
2040,Codeforces Round 992 (Div. 2),ckk,2163,1733675700,1689,1662
2040,Codeforces Round 992 (Div. 2),Polar_,2163,1733675700,1405,1453
2040,Codeforces Round 992 (Div. 2),testdemo,2163,1733675700,1341,1407
2040,Codeforces Round 992 (Div. 2),ALL_TER,2170,1733675700,1422,1465
2040,Codeforces Round 992 (Div. 2),xiaozong855,2170,1733675700,1462,1494
2040,Codeforces Round 992 (Div. 2),rupanshiii,2170,1733675700,1486,1511
2040,Codeforces Round 992 (Div. 2),keep_it,2170,1733675700,1483,1509
2040,Codeforces Round 992 (Div. 2),woquneidi,2170,1733675700,1786,1735
2040,Codeforces Round 992 (Div. 2),n4k,2170,1733675700,1835,1773
2040,Codeforces Round 992 (Div. 2),Private_1729,2176,1733675700,1565,1569
2040,Codeforces Round 992 (Div. 2),Xmaoao,2176,1733675700,1375,1431
2040,Codeforces Round 992 (Div. 2),navneetk12,2176,1733675700,1492,1515
2040,Codeforces Round 992 (Div. 2),Vansh_Sohal,2176,1733675700,1538,1549
2040,Codeforces Round 992 (Div. 2),Mahf,2176,1733675700,1581,1581
2040,Codeforces Round 992 (Div. 2),shinjan99,2176,1733675700,1666,1645
2040,Codeforces Round 992 (Div. 2),vedantjain29,2182,1733675700,1867,1798
2040,Codeforces Round 992 (Div. 2),sky10w,2182,1733675700,1800,1746
2040,Codeforces Round 992 (Div. 2),Nikhil__14k,2182,1733675700,1477,1504
2040,Codeforces Round 992 (Div. 2),KeshavChib,2182,1733675700,1391,1442
2040,Codeforces Round 992 (Div. 2),YoussefSobhy30,2182,1733675700,1557,1563
2040,Codeforces Round 992 (Div. 2),askk27,2182,1733675700,1196,1306
2040,Codeforces Round 992 (Div. 2),ricky_ponting,2182,1733675700,1723,1687
2040,Codeforces Round 992 (Div. 2),JoelCH04,2189,1733675700,1582,1581
2040,Codeforces Round 992 (Div. 2),MayankBhakat,2189,1733675700,1588,1585
2040,Codeforces Round 992 (Div. 2),Stardenburdenhardenbart,2189,1733675700,1101,1243
2040,Codeforces Round 992 (Div. 2),AdiZer0,2189,1733675700,1439,1476
2040,Codeforces Round 992 (Div. 2),4elovek1543s,2189,1733675700,1437,1475
2040,Codeforces Round 992 (Div. 2),andrejikus,2189,1733675700,1663,1642
2040,Codeforces Round 992 (Div. 2),Jinzikai314,2195,1733675700,610,978
2040,Codeforces Round 992 (Div. 2),Matrosk1n,2195,1733675700,1529,1542
2040,Codeforces Round 992 (Div. 2),anshul169,2195,1733675700,1407,1453
2040,Codeforces Round 992 (Div. 2),Om_Singh_,2195,1733675700,1394,1444
2040,Codeforces Round 992 (Div. 2),leqkoplastir,2195,1733675700,1349,1411
2040,Codeforces Round 992 (Div. 2),Ragibshahrier123,2200,1733675700,1637,1622
2040,Codeforces Round 992 (Div. 2),Schmoov,2200,1733675700,1340,1405
2040,Codeforces Round 992 (Div. 2),mezzala,2202,1733675700,1716,1682
2040,Codeforces Round 992 (Div. 2),shvik,2203,1733675700,485,887
2040,Codeforces Round 992 (Div. 2),tsukumo,2203,1733675700,1524,1538
2040,Codeforces Round 992 (Div. 2),LittleDrinks,2203,1733675700,1452,1485
2040,Codeforces Round 992 (Div. 2),zhnrlv,2203,1733675700,1568,1570
2040,Codeforces Round 992 (Div. 2),lcdanya.,2203,1733675700,1505,1524
2040,Codeforces Round 992 (Div. 2),Seriously_Its_Sameer,2203,1733675700,1488,1511
2040,Codeforces Round 992 (Div. 2),imperator07,2209,1733675700,1632,1618
2040,Codeforces Round 992 (Div. 2),khoile25108,2209,1733675700,1331,1398
2040,Codeforces Round 992 (Div. 2),Lemonana,2209,1733675700,1616,1606
2040,Codeforces Round 992 (Div. 2),2000ms,2209,1733675700,1282,1364
2040,Codeforces Round 992 (Div. 2),maven07,2213,1733675700,869,1160
2040,Codeforces Round 992 (Div. 2),Coding............,2213,1733675700,1241,1335
2040,Codeforces Round 992 (Div. 2),RubenAshughyan,2213,1733675700,1901,1823
2040,Codeforces Round 992 (Div. 2),Suvrat6,2213,1733675700,1674,1649
2040,Codeforces Round 992 (Div. 2),bjei,2213,1733675700,1406,1451
2040,Codeforces Round 992 (Div. 2),sparkfire,2213,1733675700,1634,1619
2040,Codeforces Round 992 (Div. 2),akamizane,2213,1733675700,0,550
2040,Codeforces Round 992 (Div. 2),FoxMinusCat,2220,1733675700,1656,1636
2040,Codeforces Round 992 (Div. 2),darkcodercb12,2220,1733675700,1607,1599
2040,Codeforces Round 992 (Div. 2),counter98,2220,1733675700,1564,1567
2040,Codeforces Round 992 (Div. 2),zepopa,2220,1733675700,1631,1616
2040,Codeforces Round 992 (Div. 2),AJ148,2224,1733675700,1464,1493
2040,Codeforces Round 992 (Div. 2),Error303-CodeNotFound,2224,1733675700,1255,1345
2040,Codeforces Round 992 (Div. 2),lingmengcheng,2224,1733675700,1229,1326
2040,Codeforces Round 992 (Div. 2),RealAryan,2224,1733675700,1724,1687
2040,Codeforces Round 992 (Div. 2),Saivishwas,2224,1733675700,1563,1566
2040,Codeforces Round 992 (Div. 2),NeverSpot,2224,1733675700,1609,1600
2040,Codeforces Round 992 (Div. 2),hritikritesh,2230,1733675700,1319,1389
2040,Codeforces Round 992 (Div. 2),itzdenkivn,2230,1733675700,675,990
2040,Codeforces Round 992 (Div. 2),.I_.AM_.WEAK,2230,1733675700,1338,1438
2040,Codeforces Round 992 (Div. 2),vegnim,2230,1733675700,1370,1425
2040,Codeforces Round 992 (Div. 2),abhayverma1,2230,1733675700,1269,1354
2040,Codeforces Round 992 (Div. 2),anh2009,2230,1733675700,727,1060
2040,Codeforces Round 992 (Div. 2),taras_2_2,2236,1733675700,1365,1422
2040,Codeforces Round 992 (Div. 2),aditya_108,2236,1733675700,1851,1784
2040,Codeforces Round 992 (Div. 2),hiding_,2236,1733675700,1522,1535
2040,Codeforces Round 992 (Div. 2),Duv,2236,1733675700,1773,1724
2040,Codeforces Round 992 (Div. 2),grim.reaper.25,2240,1733675700,1467,1495
2040,Codeforces Round 992 (Div. 2),Il9,2240,1733675700,1842,1776
2040,Codeforces Round 992 (Div. 2),knatwila,2240,1733675700,1746,1703
2040,Codeforces Round 992 (Div. 2),alpha1324,2240,1733675700,1640,1622
2040,Codeforces Round 992 (Div. 2),Daemon_X,2244,1733675700,1098,1239
2040,Codeforces Round 992 (Div. 2),ayushpan,2244,1733675700,928,1175
2040,Codeforces Round 992 (Div. 2),abhinav_pratap,2244,1733675700,1365,1421
2040,Codeforces Round 992 (Div. 2),Heathen__,2247,1733675700,1542,1549
2040,Codeforces Round 992 (Div. 2),MFahim_,2247,1733675700,1511,1527
2040,Codeforces Round 992 (Div. 2),Hataru,2247,1733675700,1381,1432
2040,Codeforces Round 992 (Div. 2),gud_day,2247,1733675700,1990,1891
2040,Codeforces Round 992 (Div. 2),tnaito,2251,1733675700,1638,1620
2040,Codeforces Round 992 (Div. 2),sgfc,2251,1733675700,1413,1455
2040,Codeforces Round 992 (Div. 2),625005105,2251,1733675700,1411,1453
2040,Codeforces Round 992 (Div. 2),Akshat_Chaplot,2251,1733675700,1447,1479
2040,Codeforces Round 992 (Div. 2),virat.kohli,2251,1733675700,869,1159
2040,Codeforces Round 992 (Div. 2),Argentum47,2251,1733675700,1149,1272
2040,Codeforces Round 992 (Div. 2),g.devvrat11,2251,1733675700,1582,1579
2040,Codeforces Round 992 (Div. 2),Sahilence,2251,1733675700,1603,1595
2040,Codeforces Round 992 (Div. 2),Dragnoid99,2259,1733675700,1797,1741
2040,Codeforces Round 992 (Div. 2),hacker_003,2259,1733675700,1526,1537
2040,Codeforces Round 992 (Div. 2),phucthuhigh,2259,1733675700,1259,1346
2040,Codeforces Round 992 (Div. 2),pe4enka_play,2259,1733675700,1670,1645
2040,Codeforces Round 992 (Div. 2),zy_sy,2259,1733675700,1217,1317
2040,Codeforces Round 992 (Div. 2),ShelpAm,2259,1733675700,1689,1659
2040,Codeforces Round 992 (Div. 2),aaradhy__001,2259,1733675700,1327,1393
2040,Codeforces Round 992 (Div. 2),XING3523,2259,1733675700,1424,1462
2040,Codeforces Round 992 (Div. 2),lev1106,2259,1733675700,1816,1756
2040,Codeforces Round 992 (Div. 2),LingKerly,2268,1733675700,1592,1585
2040,Codeforces Round 992 (Div. 2),spiderwick_99,2268,1733675700,1242,1333
2040,Codeforces Round 992 (Div. 2),Ahmad_OS,2268,1733675700,1408,1451
2040,Codeforces Round 992 (Div. 2),Mr.Twink,2268,1733675700,1529,1539
2040,Codeforces Round 992 (Div. 2),detective...dots,2268,1733675700,1673,1647
2040,Codeforces Round 992 (Div. 2),rishabj_45,2268,1733675700,1295,1370
2040,Codeforces Round 992 (Div. 2),Suuii,2268,1733675700,1489,1509
2040,Codeforces Round 992 (Div. 2),klaus_07,2275,1733675700,1508,1523
2040,Codeforces Round 992 (Div. 2),Ironman25,2275,1733675700,1611,1599
2040,Codeforces Round 992 (Div. 2),parthz_2003,2275,1733675700,1599,1590
2040,Codeforces Round 992 (Div. 2),Jinxed,2275,1733675700,1444,1476
2040,Codeforces Round 992 (Div. 2),_..Mephisto_,2275,1733675700,1267,1351
2040,Codeforces Round 992 (Div. 2),21BCE239,2275,1733675700,1587,1582
2040,Codeforces Round 992 (Div. 2),sskumarcp,2275,1733675700,0,548
2040,Codeforces Round 992 (Div. 2),Wind_Flute,2275,1733675700,1539,1546
2040,Codeforces Round 992 (Div. 2),bjjvsrjjt,2283,1733675700,1583,1578
2040,Codeforces Round 992 (Div. 2),Christopher_Rdz,2283,1733675700,1455,1484
2040,Codeforces Round 992 (Div. 2),ikun2.5,2283,1733675700,1438,1472
2040,Codeforces Round 992 (Div. 2),rkgena,2283,1733675700,1471,1496
2040,Codeforces Round 992 (Div. 2),JustOK,2283,1733675700,1679,1651
2040,Codeforces Round 992 (Div. 2),l_a_l_u1234,2283,1733675700,1461,1488
2040,Codeforces Round 992 (Div. 2),avinashc,2283,1733675700,1212,1313
2040,Codeforces Round 992 (Div. 2),EvolutionzXD,2283,1733675700,1466,1492
2040,Codeforces Round 992 (Div. 2),blueslime,2283,1733675700,1340,1401
2040,Codeforces Round 992 (Div. 2),lequydon,2292,1733675700,1554,1556
2040,Codeforces Round 992 (Div. 2),MRasool,2292,1733675700,1319,1386
2040,Codeforces Round 992 (Div. 2),arjun_06_s,2292,1733675700,1592,1585
2040,Codeforces Round 992 (Div. 2),nandan-akshit,2292,1733675700,1816,1755
2040,Codeforces Round 992 (Div. 2),abcsumits,2292,1733675700,1410,1452
2040,Codeforces Round 992 (Div. 2),Fake-Hero,2292,1733675700,1715,1678
2040,Codeforces Round 992 (Div. 2),a0ms1n,2298,1733675700,1404,1447
2040,Codeforces Round 992 (Div. 2),Mirzaa,2298,1733675700,1546,1551
2040,Codeforces Round 992 (Div. 2),BPENSYJPIZQ,2298,1733675700,1565,1564
2040,Codeforces Round 992 (Div. 2),Almanion,2298,1733675700,989,1245
2040,Codeforces Round 992 (Div. 2),shreeram77,2298,1733675700,1264,1348
2040,Codeforces Round 992 (Div. 2),chillisauce,2298,1733675700,1497,1514
2040,Codeforces Round 992 (Div. 2),lakshyasinghal006,2298,1733675700,1412,1452
2040,Codeforces Round 992 (Div. 2),sandy2004,2298,1733675700,1338,1399
2040,Codeforces Round 992 (Div. 2),Danish_Jhanji,2298,1733675700,1869,1795
2040,Codeforces Round 992 (Div. 2),nikifkon,2307,1733675700,1332,1395
2040,Codeforces Round 992 (Div. 2),suffix_summ,2307,1733675700,1628,1611
2040,Codeforces Round 992 (Div. 2),Krainz,2307,1733675700,1119,1250
2040,Codeforces Round 992 (Div. 2),SajidAbdullah,2307,1733675700,1520,1531
2040,Codeforces Round 992 (Div. 2),phoenix_2232,2307,1733675700,1399,1443
2040,Codeforces Round 992 (Div. 2),stayhappy,2312,1733675700,1348,1406
2040,Codeforces Round 992 (Div. 2),LuckyOx,2312,1733675700,1604,1593
2040,Codeforces Round 992 (Div. 2),soup_,2312,1733675700,1741,1697
2040,Codeforces Round 992 (Div. 2),ossau,2312,1733675700,1611,1598
2040,Codeforces Round 992 (Div. 2),s4b3y,2312,1733675700,1200,1303
2040,Codeforces Round 992 (Div. 2),QBitTransfer,2312,1733675700,1256,1342
2040,Codeforces Round 992 (Div. 2),rinshine,2318,1733675700,1311,1380
2040,Codeforces Round 992 (Div. 2),notXtourist,2318,1733675700,1491,1509
2040,Codeforces Round 992 (Div. 2),Cool_ewrey_boy,2318,1733675700,1551,1553
2040,Codeforces Round 992 (Div. 2),chengyanghao,2318,1733675700,0,546
2040,Codeforces Round 992 (Div. 2),nisritha35,2318,1733675700,1604,1593
2040,Codeforces Round 992 (Div. 2),gaspar.kristijan,2318,1733675700,1902,1820
2040,Codeforces Round 992 (Div. 2),PranavVarmaDp,2318,1733675700,1340,1400
2040,Codeforces Round 992 (Div. 2),Artist04,2318,1733675700,1701,1666
2040,Codeforces Round 992 (Div. 2),kong_mda,2318,1733675700,1367,1419
2040,Codeforces Round 992 (Div. 2),Seismic_Toss,2318,1733675700,1607,1595
2040,Codeforces Round 992 (Div. 2),Tanmay1618,2318,1733675700,1689,1657
2040,Codeforces Round 992 (Div. 2),Kritin,2329,1733675700,1659,1634
2040,Codeforces Round 992 (Div. 2),insinerate818,2329,1733675700,1623,1607
2040,Codeforces Round 992 (Div. 2),tyrt,2329,1733675700,1505,1519
2040,Codeforces Round 992 (Div. 2),CH-YYF,2329,1733675700,1342,1401
2040,Codeforces Round 992 (Div. 2),saiswaroop8656,2329,1733675700,1124,1252
2040,Codeforces Round 992 (Div. 2),lalalajkl1,2329,1733675700,1606,1594
2040,Codeforces Round 992 (Div. 2),TranSiQuy,2329,1733675700,1539,1544
2040,Codeforces Round 992 (Div. 2),Kaddoo,2336,1733675700,1846,1777
2040,Codeforces Round 992 (Div. 2),loki185,2336,1733675700,1665,1638
2040,Codeforces Round 992 (Div. 2),Panda.exe,2336,1733675700,1374,1424
2040,Codeforces Round 992 (Div. 2),lanyinia,2336,1733675700,1534,1540
2040,Codeforces Round 992 (Div. 2),Empereur,2340,1733675700,1533,1539
2040,Codeforces Round 992 (Div. 2),alamsaibharath2005,2340,1733675700,1387,1433
2040,Codeforces Round 992 (Div. 2),amen.xa,2340,1733675700,1316,1383
2040,Codeforces Round 992 (Div. 2),Topaz2090,2340,1733675700,1427,1462
2040,Codeforces Round 992 (Div. 2),hatehate,2340,1733675700,1722,1681
2040,Codeforces Round 992 (Div. 2),VinhTapCode,2340,1733675700,1357,1411
2040,Codeforces Round 992 (Div. 2),KimberlyBruh,2340,1733675700,1353,1408
2040,Codeforces Round 992 (Div. 2),Kenpar,2340,1733675700,1482,1502
2040,Codeforces Round 992 (Div. 2),alpha_6124,2340,1733675700,1672,1643
2040,Codeforces Round 992 (Div. 2),MehtaSaheb,2349,1733675700,1427,1461
2040,Codeforces Round 992 (Div. 2),EndMyMisery,2349,1733675700,1369,1420
2040,Codeforces Round 992 (Div. 2),ImGrut,2349,1733675700,1005,1175
2040,Codeforces Round 992 (Div. 2),aceC0der,2349,1733675700,1487,1505
2040,Codeforces Round 992 (Div. 2),wsztbq,2349,1733675700,1614,1599
2040,Codeforces Round 992 (Div. 2),nbnbnbnbnb,2349,1733675700,1588,1580
2040,Codeforces Round 992 (Div. 2),FatemehSalimi,2355,1733675700,1268,1348
2040,Codeforces Round 992 (Div. 2),YudoTLE,2355,1733675700,1731,1688
2040,Codeforces Round 992 (Div. 2),ALSTON16,2355,1733675700,1392,1436
2040,Codeforces Round 992 (Div. 2),xyyxyxxy,2358,1733675700,1670,1641
2040,Codeforces Round 992 (Div. 2),doanducmanh8,2358,1733675700,492,886
2040,Codeforces Round 992 (Div. 2),_bardia_,2358,1733675700,1732,1688
2040,Codeforces Round 992 (Div. 2),Istiaque_ahmed,2358,1733675700,1345,1402
2040,Codeforces Round 992 (Div. 2),rahul4005,2358,1733675700,1744,1697
2040,Codeforces Round 992 (Div. 2),iasmimqf,2358,1733675700,1426,1460
2040,Codeforces Round 992 (Div. 2),ydsrw2x,2364,1733675700,1701,1665
2040,Codeforces Round 992 (Div. 2),shaayaan,2364,1733675700,1453,1480
2040,Codeforces Round 992 (Div. 2),Fookin_Blinders,2364,1733675700,1702,1665
2040,Codeforces Round 992 (Div. 2),mahiro_zcy,2364,1733675700,1596,1585
2040,Codeforces Round 992 (Div. 2),biniyamnegasa,2364,1733675700,1373,1422
2040,Codeforces Round 992 (Div. 2),zhuyifan,2364,1733675700,1144,1316
2040,Codeforces Round 992 (Div. 2),Tamzid_Tariq,2364,1733675700,1424,1459
2040,Codeforces Round 992 (Div. 2),Shoeib,2371,1733675700,1461,1485
2040,Codeforces Round 992 (Div. 2),The_Bharadwaj,2371,1733675700,1468,1527
2040,Codeforces Round 992 (Div. 2),Feijoa_Li,2371,1733675700,1481,1500
2040,Codeforces Round 992 (Div. 2),ydsrwex,2371,1733675700,1445,1474
2040,Codeforces Round 992 (Div. 2),43c65d1,2371,1733675700,1358,1411
2040,Codeforces Round 992 (Div. 2),yoki,2376,1733675700,1498,1512
2040,Codeforces Round 992 (Div. 2),sourabh_27,2376,1733675700,1209,1307
2040,Codeforces Round 992 (Div. 2),adilsadman60,2378,1733675700,1473,1494
2040,Codeforces Round 992 (Div. 2),wangxuyang,2378,1733675700,1142,1314
2040,Codeforces Round 992 (Div. 2),Rikhil,2378,1733675700,1150,1267
2040,Codeforces Round 992 (Div. 2),Mehul_Gupta,2381,1733675700,1675,1644
2040,Codeforces Round 992 (Div. 2),dealing,2381,1733675700,1569,1564
2040,Codeforces Round 992 (Div. 2),nazeeftham007,2381,1733675700,1490,1506
2040,Codeforces Round 992 (Div. 2),fu__youyufeng,2381,1733675700,442,849
2040,Codeforces Round 992 (Div. 2),fakePython,2381,1733675700,1183,1289
2040,Codeforces Round 992 (Div. 2),Bolaloon,2381,1733675700,1863,1788
2040,Codeforces Round 992 (Div. 2),Mahmud_Saikat,2381,1733675700,1708,1670
2040,Codeforces Round 992 (Div. 2),coder_ISM,2381,1733675700,1650,1625
2040,Codeforces Round 992 (Div. 2),Rachit_Bhalani,2389,1733675700,1255,1338
2040,Codeforces Round 992 (Div. 2),HeySite,2389,1733675700,906,1181
2040,Codeforces Round 992 (Div. 2),niranjanrajeev25,2389,1733675700,1727,1684
2040,Codeforces Round 992 (Div. 2),WindGuest,2389,1733675700,812,1113
2040,Codeforces Round 992 (Div. 2),ydhabc,2389,1733675700,1233,1323
2040,Codeforces Round 992 (Div. 2),Carits,2394,1733675700,1582,1574
2040,Codeforces Round 992 (Div. 2),Pawan_Sharma99,2394,1733675700,1485,1502
2040,Codeforces Round 992 (Div. 2),Jinansh_dalal,2394,1733675700,1063,1259
2040,Codeforces Round 992 (Div. 2),Arsh_Chand,2397,1733675700,1461,1484
2040,Codeforces Round 992 (Div. 2),practicepurple,2397,1733675700,1457,1482
2040,Codeforces Round 992 (Div. 2),Saleh_Nawar,2399,1733675700,1664,1635
2040,Codeforces Round 992 (Div. 2),liuzc,2399,1733675700,1439,1468
2040,Codeforces Round 992 (Div. 2),prakharpande2001,2399,1733675700,1432,1463
2040,Codeforces Round 992 (Div. 2),dip_10,2399,1733675700,1394,1436
2040,Codeforces Round 992 (Div. 2),liberprelude,2399,1733675700,1308,1374
2040,Codeforces Round 992 (Div. 2),himshu,2404,1733675700,1428,1460
2040,Codeforces Round 992 (Div. 2),sahasrad,2404,1733675700,1834,1765
2040,Codeforces Round 992 (Div. 2),cjl001,2406,1733675700,1367,1416
2040,Codeforces Round 992 (Div. 2),the_ZHER,2406,1733675700,1261,1341
2040,Codeforces Round 992 (Div. 2),Sora05,2406,1733675700,1309,1375
2040,Codeforces Round 992 (Div. 2),gamer_w1zard,2406,1733675700,850,1139
2040,Codeforces Round 992 (Div. 2),Quake04,2406,1733675700,1476,1495
2040,Codeforces Round 992 (Div. 2),disasterclass,2406,1733675700,1440,1469
2040,Codeforces Round 992 (Div. 2),wx03,2412,1733675700,1636,1614
2040,Codeforces Round 992 (Div. 2),whiitex,2412,1733675700,1678,1645
2040,Codeforces Round 992 (Div. 2),sa2i21,2412,1733675700,1310,1375
2040,Codeforces Round 992 (Div. 2),digital_vest,2412,1733675700,1616,1598
2040,Codeforces Round 992 (Div. 2),Nikita2121,2412,1733675700,1204,1302
2040,Codeforces Round 992 (Div. 2),Matsak,2412,1733675700,1615,1598
2040,Codeforces Round 992 (Div. 2),Marko,2412,1733675700,1633,1612
2040,Codeforces Round 992 (Div. 2),yuki_suou,2412,1733675700,1197,1297
2040,Codeforces Round 992 (Div. 2),aarsh_12,2412,1733675700,1518,1525
2040,Codeforces Round 992 (Div. 2),ujjawals159,2421,1733675700,1448,1474
2040,Codeforces Round 992 (Div. 2),jim,2421,1733675700,1627,1607
2040,Codeforces Round 992 (Div. 2),inport,2421,1733675700,1701,1663
2040,Codeforces Round 992 (Div. 2),aryanak_18,2421,1733675700,750,1068
2040,Codeforces Round 992 (Div. 2),eadr5334,2425,1733675700,1522,1528
2040,Codeforces Round 992 (Div. 2),Havefun_543,2425,1733675700,1175,1282
2040,Codeforces Round 992 (Div. 2),VijayBalaji,2427,1733675700,1547,1547
2040,Codeforces Round 992 (Div. 2),PlayDate,2427,1733675700,1605,1590
2040,Codeforces Round 992 (Div. 2),jamil_safi,2427,1733675700,1479,1496
2040,Codeforces Round 992 (Div. 2),varunguptha,2427,1733675700,1456,1480
2040,Codeforces Round 992 (Div. 2),satwik12345,2427,1733675700,1378,1423
2040,Codeforces Round 992 (Div. 2),TselmegKh,2427,1733675700,1655,1627
2040,Codeforces Round 992 (Div. 2),andreasn,2427,1733675700,1716,1674
2040,Codeforces Round 992 (Div. 2),Manjeet_Pathak,2434,1733675700,1382,1426
2040,Codeforces Round 992 (Div. 2),sanjeevh,2434,1733675700,1416,1450
2040,Codeforces Round 992 (Div. 2),_Akuma,2434,1733675700,1285,1357
2040,Codeforces Round 992 (Div. 2),HarishkumarMarni,2434,1733675700,1462,1484
2040,Codeforces Round 992 (Div. 2),Pathu123,2434,1733675700,1448,1473
2040,Codeforces Round 992 (Div. 2),xuanhao1,2434,1733675700,1398,1437
2040,Codeforces Round 992 (Div. 2),rumike,2440,1733675700,1642,1618
2040,Codeforces Round 992 (Div. 2),aditya0610,2440,1733675700,1538,1540
2040,Codeforces Round 992 (Div. 2),Servant_of_the_Lord,2440,1733675700,1554,1551
2040,Codeforces Round 992 (Div. 2),tan90cot0,2443,1733675700,1531,1534
2040,Codeforces Round 992 (Div. 2),Ronak_Ramuka,2443,1733675700,1723,1678
2040,Codeforces Round 992 (Div. 2),localmathdealer,2443,1733675700,1570,1563
2040,Codeforces Round 992 (Div. 2),the-NerdNinja,2443,1733675700,1566,1560
2040,Codeforces Round 992 (Div. 2),SAYEM_19,2443,1733675700,1428,1459
2040,Codeforces Round 992 (Div. 2),E-rK,2448,1733675700,1620,1600
2040,Codeforces Round 992 (Div. 2),luo.dong,2448,1733675700,489,880
2040,Codeforces Round 992 (Div. 2),abhitulya19,2448,1733675700,1370,1417
2040,Codeforces Round 992 (Div. 2),Sereinsky,2448,1733675700,1459,1481
2040,Codeforces Round 992 (Div. 2),void_09,2448,1733675700,1487,1501
2040,Codeforces Round 992 (Div. 2),Dhruv-Singh-Negi,2448,1733675700,1578,1569
2040,Codeforces Round 992 (Div. 2),cmy415,2448,1733675700,1490,1504
2040,Codeforces Round 992 (Div. 2),ABO_3iD,2455,1733675700,1403,1440
2040,Codeforces Round 992 (Div. 2),anishnaruto,2455,1733675700,1631,1609
2040,Codeforces Round 992 (Div. 2),NLHD_187,2455,1733675700,1507,1516
2040,Codeforces Round 992 (Div. 2),zhuge0,2455,1733675700,1535,1537
2040,Codeforces Round 992 (Div. 2),aypatrl04,2455,1733675700,1482,1498
2040,Codeforces Round 992 (Div. 2),centrifugal,2460,1733675700,1284,1355
2040,Codeforces Round 992 (Div. 2),dongts,2460,1733675700,1689,1652
2040,Codeforces Round 992 (Div. 2),thismagic,2460,1733675700,1308,1372
2040,Codeforces Round 992 (Div. 2),Marios.K.R.Marouditsis,2463,1733675700,1614,1595
2040,Codeforces Round 992 (Div. 2),Haagentus,2464,1733675700,1358,1443
2040,Codeforces Round 992 (Div. 2),Varun_3124,2464,1733675700,1230,1318
2040,Codeforces Round 992 (Div. 2),adibabakharat,2464,1733675700,1367,1414
2040,Codeforces Round 992 (Div. 2),O.M.69,2464,1733675700,1483,1498
2040,Codeforces Round 992 (Div. 2),_TheChosenOne_,2464,1733675700,1421,1453
2040,Codeforces Round 992 (Div. 2),Behrad.,2469,1733675700,1644,1618
2040,Codeforces Round 992 (Div. 2),1kun,2469,1733675700,1263,1340
2040,Codeforces Round 992 (Div. 2),bamogh,2471,1733675700,1699,1660
2040,Codeforces Round 992 (Div. 2),MejarKumar,2471,1733675700,1313,1375
2040,Codeforces Round 992 (Div. 2),Gorbach,2471,1733675700,1420,1451
2040,Codeforces Round 992 (Div. 2),littlemistake,2471,1733675700,1123,1304
2040,Codeforces Round 992 (Div. 2),aa008,2471,1733675700,1715,1672
2040,Codeforces Round 992 (Div. 2),tock,2471,1733675700,1388,1429
2040,Codeforces Round 992 (Div. 2),kanglr1013,2471,1733675700,1204,1355
2040,Codeforces Round 992 (Div. 2),I_feel_sorry_for_you,2478,1733675700,1530,1569
2040,Codeforces Round 992 (Div. 2),Kartikeya_Singh2004,2478,1733675700,1204,1300
2040,Codeforces Round 992 (Div. 2),NotNotNehal,2478,1733675700,454,854
2040,Codeforces Round 992 (Div. 2),av_01,2478,1733675700,1290,1359
2040,Codeforces Round 992 (Div. 2),monthudorff,2478,1733675700,1831,1760
2040,Codeforces Round 992 (Div. 2),SmartyNotchy,2478,1733675700,1444,1469
2040,Codeforces Round 992 (Div. 2),karinmnezevic,2478,1733675700,1492,1504
2040,Codeforces Round 992 (Div. 2),lnvictus,2478,1733675700,1396,1434
2040,Codeforces Round 992 (Div. 2),Tishow__Liuche,2486,1733675700,1237,1322
2040,Codeforces Round 992 (Div. 2),Scourge_Seraph,2486,1733675700,1412,1446
2040,Codeforces Round 992 (Div. 2),Marchell_Hii,2486,1733675700,1318,1379
2040,Codeforces Round 992 (Div. 2),ryucc,2489,1733675700,1888,1804
2040,Codeforces Round 992 (Div. 2),parcero_del_pepe,2489,1733675700,1392,1431
2040,Codeforces Round 992 (Div. 2),Mio0222,2489,1733675700,1398,1435
2040,Codeforces Round 992 (Div. 2),kr25161,2489,1733675700,1709,1667
2040,Codeforces Round 992 (Div. 2),sergio_gzz,2489,1733675700,1549,1546
2040,Codeforces Round 992 (Div. 2),Kushagra_Trivedi_IIITH,2494,1733675700,1079,1271
2040,Codeforces Round 992 (Div. 2),se_tsu_na,2494,1733675700,1304,1426
2040,Codeforces Round 992 (Div. 2),HaiPham05_YeusCode,2496,1733675700,1328,1385
2040,Codeforces Round 992 (Div. 2),sncocnew100,2496,1733675700,1429,1458
2040,Codeforces Round 992 (Div. 2),qxsama,2498,1733675700,1346,1398
2040,Codeforces Round 992 (Div. 2),lazyneuron,2498,1733675700,1470,1487
2040,Codeforces Round 992 (Div. 2),babgpipe_xpj,2498,1733675700,645,993
2040,Codeforces Round 992 (Div. 2),vyom_1225,2501,1733675700,1501,1510
2040,Codeforces Round 992 (Div. 2),stemdarrenyang,2501,1733675700,1602,1585
2040,Codeforces Round 992 (Div. 2),I_HATE_MD_DM,2503,1733675700,1328,1385
2040,Codeforces Round 992 (Div. 2),dord,2503,1733675700,1376,1419
2040,Codeforces Round 992 (Div. 2),notarmen,2503,1733675700,1339,1392
2040,Codeforces Round 992 (Div. 2),sreecharanreddypacharla,2503,1733675700,1199,1295
2040,Codeforces Round 992 (Div. 2),YoungLau,2503,1733675700,1531,1532
2040,Codeforces Round 992 (Div. 2),kartik4323,2508,1733675700,1303,1367
2040,Codeforces Round 992 (Div. 2),sridhanush1208,2508,1733675700,1345,1397
2040,Codeforces Round 992 (Div. 2),ShawnL14,2508,1733675700,1138,1254
2040,Codeforces Round 992 (Div. 2),ChiyoYuki,2511,1733675700,1530,1531
2040,Codeforces Round 992 (Div. 2),yumingsk,2511,1733675700,1651,1622
2040,Codeforces Round 992 (Div. 2),hgtfrdeswa,2511,1733675700,1339,1392
2040,Codeforces Round 992 (Div. 2),istoodunfazeed,2511,1733675700,1392,1490
2040,Codeforces Round 992 (Div. 2),LoveAyaka,2511,1733675700,1332,1387
2040,Codeforces Round 992 (Div. 2),_D-One_,2511,1733675700,1532,1532
2040,Codeforces Round 992 (Div. 2),gtgd,2511,1733675700,1616,1633
2040,Codeforces Round 992 (Div. 2),WillCi,2511,1733675700,1151,1263
2040,Codeforces Round 992 (Div. 2),MusicB,2519,1733675700,1466,1484
2040,Codeforces Round 992 (Div. 2),Ahmad45123,2519,1733675700,1497,1506
2040,Codeforces Round 992 (Div. 2),alifahmy1,2519,1733675700,1341,1393
2040,Codeforces Round 992 (Div. 2),winkhatri292004,2519,1733675700,0,539
2040,Codeforces Round 992 (Div. 2),tavuquangg,2523,1733675700,0,539
2040,Codeforces Round 992 (Div. 2),rmaltsev,2524,1733675700,1340,1393
2040,Codeforces Round 992 (Div. 2),concl,2525,1733675700,1770,1712
2040,Codeforces Round 992 (Div. 2),dhanushsai,2525,1733675700,1229,1315
2040,Codeforces Round 992 (Div. 2),h4cker3,2525,1733675700,1483,1496
2040,Codeforces Round 992 (Div. 2),Ne0B1ade,2525,1733675700,1353,1402
2040,Codeforces Round 992 (Div. 2),varun312,2525,1733675700,1275,1346
2040,Codeforces Round 992 (Div. 2),chenwenda316,2525,1733675700,1214,1304
2040,Codeforces Round 992 (Div. 2),aditya712001,2525,1733675700,1421,1451
2040,Codeforces Round 992 (Div. 2),guptaansh3349,2525,1733675700,1373,1475
2040,Codeforces Round 992 (Div. 2),luuia,2533,1733675700,1451,1472
2040,Codeforces Round 992 (Div. 2),pratap_s,2534,1733675700,1446,1469
2040,Codeforces Round 992 (Div. 2),Kaushal_ism,2534,1733675700,1617,1596
2040,Codeforces Round 992 (Div. 2),PreyPatel,2534,1733675700,1373,1415
2040,Codeforces Round 992 (Div. 2),alu097,2534,1733675700,1679,1643
2040,Codeforces Round 992 (Div. 2),abhishek763__,2538,1733675700,1256,1333
2040,Codeforces Round 992 (Div. 2),datma._coder,2538,1733675700,1477,1491
2040,Codeforces Round 992 (Div. 2),BlackCat_,2538,1733675700,1465,1482
2040,Codeforces Round 992 (Div. 2),Trinitas,2538,1733675700,1362,1408
2040,Codeforces Round 992 (Div. 2),lwrnc788,2538,1733675700,1412,1444
2040,Codeforces Round 992 (Div. 2),raveech,2538,1733675700,0,539
2040,Codeforces Round 992 (Div. 2),NinjaSenpai,2538,1733675700,1952,1854
2040,Codeforces Round 992 (Div. 2),efgsa430,2545,1733675700,1576,1564
2040,Codeforces Round 992 (Div. 2),zeroko,2545,1733675700,1281,1350
2040,Codeforces Round 992 (Div. 2),CipherNova,2545,1733675700,1637,1610
2040,Codeforces Round 992 (Div. 2),gupta_dhruv,2545,1733675700,450,849
2040,Codeforces Round 992 (Div. 2),Saketh_Komirishetty,2545,1733675700,1125,1244
2040,Codeforces Round 992 (Div. 2),qhyer,2545,1733675700,1755,1700
2040,Codeforces Round 992 (Div. 2),wlkmok369,2545,1733675700,1488,1499
2040,Codeforces Round 992 (Div. 2),shailesh_2004,2545,1733675700,1545,1541
2040,Codeforces Round 992 (Div. 2),MeowTea,2553,1733675700,1386,1424
2040,Codeforces Round 992 (Div. 2),Seer_2210,2553,1733675700,1632,1606
2040,Codeforces Round 992 (Div. 2),xsjpx,2553,1733675700,1419,1448
2040,Codeforces Round 992 (Div. 2),mobius.MB,2553,1733675700,1259,1334
2040,Codeforces Round 992 (Div. 2),aowuu,2553,1733675700,1476,1490
2040,Codeforces Round 992 (Div. 2),Nerey,2553,1733675700,1184,1283
2040,Codeforces Round 992 (Div. 2),Vallano,2553,1733675700,1419,1448
2040,Codeforces Round 992 (Div. 2),NightBird62,2553,1733675700,1619,1597
2040,Codeforces Round 992 (Div. 2),Dr_Zhang,2561,1733675700,1283,1351
2040,Codeforces Round 992 (Div. 2),OrionSour_05,2562,1733675700,1031,1231
2040,Codeforces Round 992 (Div. 2),sfiisf,2562,1733675700,1539,1536
2040,Codeforces Round 992 (Div. 2),__7781,2562,1733675700,1644,1615
2040,Codeforces Round 992 (Div. 2),aayudumb,2562,1733675700,1175,1311
2040,Codeforces Round 992 (Div. 2),aditya10prakash,2562,1733675700,1547,1542
2040,Codeforces Round 992 (Div. 2),Safawt,2562,1733675700,1466,1482
2040,Codeforces Round 992 (Div. 2),Koishii,2562,1733675700,1525,1526
2040,Codeforces Round 992 (Div. 2),_Sayantan,2569,1733675700,1654,1623
2040,Codeforces Round 992 (Div. 2),ludwigzxy,2569,1733675700,1399,1433
2040,Codeforces Round 992 (Div. 2),balalm10,2569,1733675700,1302,1364
2040,Codeforces Round 992 (Div. 2),9876879876,2569,1733675700,1447,1468
2040,Codeforces Round 992 (Div. 2),IceSerpent,2569,1733675700,1775,1715
2040,Codeforces Round 992 (Div. 2),jackrichard123,2574,1733675700,1258,1333
2040,Codeforces Round 992 (Div. 2),fruian,2574,1733675700,1496,1504
2040,Codeforces Round 992 (Div. 2),aaaaa114514,2574,1733675700,1484,1495
2040,Codeforces Round 992 (Div. 2),peepo,2577,1733675700,1598,1580
2040,Codeforces Round 992 (Div. 2),shubham021x,2577,1733675700,1202,1294
2040,Codeforces Round 992 (Div. 2),ObviouslyBhavya,2579,1733675700,1343,1393
2040,Codeforces Round 992 (Div. 2),3028598146,2579,1733675700,1135,1249
2040,Codeforces Round 992 (Div. 2),batpool,2579,1733675700,1205,1296
2040,Codeforces Round 992 (Div. 2),nikk54,2579,1733675700,1179,1279
2040,Codeforces Round 992 (Div. 2),Noluck_167,2583,1733675700,1321,1377
2040,Codeforces Round 992 (Div. 2),ok12,2583,1733675700,1352,1399
2040,Codeforces Round 992 (Div. 2),Xcaliburr,2583,1733675700,1378,1418
2040,Codeforces Round 992 (Div. 2),arnab_na,2586,1733675700,1263,1336
2040,Codeforces Round 992 (Div. 2),artcosec,2586,1733675700,1754,1698
2040,Codeforces Round 992 (Div. 2),Ahad_18,2586,1733675700,1430,1455
2040,Codeforces Round 992 (Div. 2),Xing_Kong_C,2586,1733675700,1364,1407
2040,Codeforces Round 992 (Div. 2),_masha,2586,1733675700,1503,1509
2040,Codeforces Round 992 (Div. 2),Kohinoor,2586,1733675700,1596,1578
2040,Codeforces Round 992 (Div. 2),dhanush050505,2592,1733675700,1188,1284
2040,Codeforces Round 992 (Div. 2),ikeha,2592,1733675700,1292,1356
2040,Codeforces Round 992 (Div. 2),Mycodeiskuina,2592,1733675700,1267,1338
2040,Codeforces Round 992 (Div. 2),satpura_na16,2592,1733675700,1427,1490
2040,Codeforces Round 992 (Div. 2),chaitu_thumbeti,2592,1733675700,1419,1447
2040,Codeforces Round 992 (Div. 2),crocell001,2592,1733675700,1358,1403
2040,Codeforces Round 992 (Div. 2),Ansh0216,2598,1733675700,1575,1562
2040,Codeforces Round 992 (Div. 2),ab_malek,2598,1733675700,1415,1444
2040,Codeforces Round 992 (Div. 2),poliglota,2600,1733675700,1408,1439
2040,Codeforces Round 992 (Div. 2),Minim,2600,1733675700,1320,1376
2040,Codeforces Round 992 (Div. 2),utsaghosh.04,2600,1733675700,1197,1290
2040,Codeforces Round 992 (Div. 2),wasim_394,2600,1733675700,1485,1495
2040,Codeforces Round 992 (Div. 2),xiasotingush,2604,1733675700,796,1094
2040,Codeforces Round 992 (Div. 2),EarlOfHycia,2604,1733675700,1248,1325
2040,Codeforces Round 992 (Div. 2),chhupgya,2604,1733675700,1466,1481
2040,Codeforces Round 992 (Div. 2),PMiguelez,2607,1733675700,1921,1827
2040,Codeforces Round 992 (Div. 2),Zerone.,2607,1733675700,1382,1420
2040,Codeforces Round 992 (Div. 2),mega_bot,2607,1733675700,1543,1538
2040,Codeforces Round 992 (Div. 2),GYPpro,2607,1733675700,1287,1420
2040,Codeforces Round 992 (Div. 2),YouKn0wMe2005,2611,1733675700,1485,1495
2040,Codeforces Round 992 (Div. 2),pranbunny,2612,1733675700,1500,1506
2040,Codeforces Round 992 (Div. 2),LiFar,2612,1733675700,1621,1596
2040,Codeforces Round 992 (Div. 2),michaleproff,2612,1733675700,1511,1514
2040,Codeforces Round 992 (Div. 2),lam017,2612,1733675700,1429,1454
2040,Codeforces Round 992 (Div. 2),thisisaltofpupil,2616,1733675700,1562,1589
2040,Codeforces Round 992 (Div. 2),Chandra___07,2616,1733675700,1437,1459
2040,Codeforces Round 992 (Div. 2),maxonic,2616,1733675700,1354,1399
2040,Codeforces Round 992 (Div. 2),momoforce,2616,1733675700,1229,1312
2040,Codeforces Round 992 (Div. 2),wly_sh,2616,1733675700,1467,1481
2040,Codeforces Round 992 (Div. 2),halfyy,2616,1733675700,1590,1572
2040,Codeforces Round 992 (Div. 2),ADivT_,2622,1733675700,1444,1464
2040,Codeforces Round 992 (Div. 2),Disciple,2622,1733675700,1220,1305
2040,Codeforces Round 992 (Div. 2),Holanda2103,2622,1733675700,1367,1409
2040,Codeforces Round 992 (Div. 2),sneha20006,2622,1733675700,487,873
2040,Codeforces Round 992 (Div. 2),Arilord,2622,1733675700,1392,1426
2040,Codeforces Round 992 (Div. 2),O.M.G,2627,1733675700,1465,1479
2040,Codeforces Round 992 (Div. 2),CWQLYK,2627,1733675700,1474,1486
2040,Codeforces Round 992 (Div. 2),AmirrezaShoon,2627,1733675700,1433,1456
2040,Codeforces Round 992 (Div. 2),galacticincinerator,2630,1733675700,471,861
2040,Codeforces Round 992 (Div. 2),kokcio,2631,1733675700,1385,1421
2040,Codeforces Round 992 (Div. 2),ttakk,2631,1733675700,1358,1402
2040,Codeforces Round 992 (Div. 2),IRON_CAT141,2631,1733675700,1056,1196
2040,Codeforces Round 992 (Div. 2),x3mka,2634,1733675700,1446,1465
2040,Codeforces Round 992 (Div. 2),itsraajjjuuuu,2634,1733675700,1396,1429
2040,Codeforces Round 992 (Div. 2),YEdh,2634,1733675700,1326,1379
2040,Codeforces Round 992 (Div. 2),buouuuu,2637,1733675700,1654,1620
2040,Codeforces Round 992 (Div. 2),nintwa,2637,1733675700,1663,1627
2040,Codeforces Round 992 (Div. 2),yyqjwyy,2637,1733675700,1485,1494
2040,Codeforces Round 992 (Div. 2),Dung2008,2637,1733675700,1119,1288
2040,Codeforces Round 992 (Div. 2),vasu52,2641,1733675700,1506,1509
2040,Codeforces Round 992 (Div. 2),ambrollins619,2642,1733675700,1659,1624
2040,Codeforces Round 992 (Div. 2),yilingzhixing,2643,1733675700,1371,1411
2040,Codeforces Round 992 (Div. 2),DzadzoD,2644,1733675700,1456,1473
2040,Codeforces Round 992 (Div. 2),krishuuu_p,2645,1733675700,1398,1430
2040,Codeforces Round 992 (Div. 2),PiyushBhatia,2646,1733675700,1509,1511
2040,Codeforces Round 992 (Div. 2),Cicada3301,2646,1733675700,1128,1242
2040,Codeforces Round 992 (Div. 2),ygggg123,2648,1733675700,423,826
2040,Codeforces Round 992 (Div. 2),arsh_2004,2649,1733675700,1414,1441
2040,Codeforces Round 992 (Div. 2),rachitp_,2649,1733675700,1130,1243
2040,Codeforces Round 992 (Div. 2),vermaparth04,2649,1733675700,1439,1460
2040,Codeforces Round 992 (Div. 2),ayushagg,2649,1733675700,1326,1378
2040,Codeforces Round 992 (Div. 2),XerxesSimon,2653,1733675700,1552,1543
2040,Codeforces Round 992 (Div. 2),lihansheng_super_boy,2653,1733675700,1235,1370
2040,Codeforces Round 992 (Div. 2),ArchieW42,2653,1733675700,0,535
2040,Codeforces Round 992 (Div. 2),FourthRateOne,2653,1733675700,1367,1408
2040,Codeforces Round 992 (Div. 2),ExtractStars,2657,1733675700,1617,1592
2040,Codeforces Round 992 (Div. 2),gagandeep.singh,2657,1733675700,1428,1451
2040,Codeforces Round 992 (Div. 2),Eke_bichi,2657,1733675700,1863,1780
2040,Codeforces Round 992 (Div. 2),xiaomo1001,2657,1733675700,1515,1515
2040,Codeforces Round 992 (Div. 2),morgorithm,2661,1733675700,1415,1442
2040,Codeforces Round 992 (Div. 2),CiKie,2661,1733675700,1403,1433
2040,Codeforces Round 992 (Div. 2),Drakiana,2661,1733675700,1384,1420
2040,Codeforces Round 992 (Div. 2),rajatpartani,2664,1733675700,1297,1357
2040,Codeforces Round 992 (Div. 2),Qiu-Sheng,2664,1733675700,1414,1440
2040,Codeforces Round 992 (Div. 2),bitter_glory_,2664,1733675700,1374,1412
2040,Codeforces Round 992 (Div. 2),sajal10,2664,1733675700,1205,1293
2040,Codeforces Round 992 (Div. 2),Crisix,2664,1733675700,1438,1458
2040,Codeforces Round 992 (Div. 2),pufferFishZJ,2664,1733675700,1527,1524
2040,Codeforces Round 992 (Div. 2),jag_3548,2664,1733675700,1246,1321
2040,Codeforces Round 992 (Div. 2),yuchern,2671,1733675700,1458,1473
2040,Codeforces Round 992 (Div. 2),neural_gainzz,2671,1733675700,1309,1365
2040,Codeforces Round 992 (Div. 2),sai_ravi,2673,1733675700,1267,1336
2040,Codeforces Round 992 (Div. 2),bittercof,2674,1733675700,1299,1358
2040,Codeforces Round 992 (Div. 2),shushukl,2674,1733675700,1591,1571
2040,Codeforces Round 992 (Div. 2),xjt01,2676,1733675700,1659,1623
2040,Codeforces Round 992 (Div. 2),d_mish09,2677,1733675700,1352,1395
2040,Codeforces Round 992 (Div. 2),eeeVeee,2678,1733675700,1343,1389
2040,Codeforces Round 992 (Div. 2),Astral_Plane,2678,1733675700,1353,1432
2040,Codeforces Round 992 (Div. 2),arisen37,2680,1733675700,1061,1197
2040,Codeforces Round 992 (Div. 2),Zhangyl,2681,1733675700,1455,1470
2040,Codeforces Round 992 (Div. 2),TrispdTit,2682,1733675700,1450,1467
2040,Codeforces Round 992 (Div. 2),if_test_AC,2682,1733675700,1615,1590
2040,Codeforces Round 992 (Div. 2),kaneki003,2684,1733675700,1324,1375
2040,Codeforces Round 992 (Div. 2),ChihChi21,2684,1733675700,1596,1575
2040,Codeforces Round 992 (Div. 2),A5HU705H,2684,1733675700,1394,1426
2040,Codeforces Round 992 (Div. 2),abhi003,2687,1733675700,1319,1372
2040,Codeforces Round 992 (Div. 2),lalid,2687,1733675700,1518,1516
2040,Codeforces Round 992 (Div. 2),nikunj1009,2687,1733675700,1510,1510
2040,Codeforces Round 992 (Div. 2),hwy2580,2687,1733675700,1709,1661
2040,Codeforces Round 992 (Div. 2),veda_manvith,2687,1733675700,1316,1370
2040,Codeforces Round 992 (Div. 2),Mousa,2687,1733675700,1621,1594
2040,Codeforces Round 992 (Div. 2),gopalkalawate,2693,1733675700,1315,1369
2040,Codeforces Round 992 (Div. 2),SkyWave2024,2694,1733675700,1616,1590
2040,Codeforces Round 992 (Div. 2),l234567,2694,1733675700,1147,1253
2040,Codeforces Round 992 (Div. 2),dhruvpansuriya05,2696,1733675700,1373,1410
2040,Codeforces Round 992 (Div. 2),no_its_becky,2696,1733675700,1272,1338
2040,Codeforces Round 992 (Div. 2),m_nature,2696,1733675700,1429,1451
2040,Codeforces Round 992 (Div. 2),_Tremor_,2699,1733675700,1193,1284
2040,Codeforces Round 992 (Div. 2),nottheonion,2700,1733675700,1272,1338
2040,Codeforces Round 992 (Div. 2),CallmeSourav,2700,1733675700,1546,1537
2040,Codeforces Round 992 (Div. 2),yongwhan,2702,1733675700,1731,1677
2040,Codeforces Round 992 (Div. 2),Shuo_O,2702,1733675700,1403,1432
2040,Codeforces Round 992 (Div. 2),a527duonghn,2704,1733675700,1171,1303
2040,Codeforces Round 992 (Div. 2),yoez123,2704,1733675700,1570,1555
2040,Codeforces Round 992 (Div. 2),xzzedsmr,2704,1733675700,1419,1504
2040,Codeforces Round 992 (Div. 2),ppmn_6,2707,1733675700,1609,1585
2040,Codeforces Round 992 (Div. 2),RuffLogix,2707,1733675700,1207,1293
2040,Codeforces Round 992 (Div. 2),fervor_w,2707,1733675700,1340,1386
2040,Codeforces Round 992 (Div. 2),hjxzq,2707,1733675700,1470,1480
2040,Codeforces Round 992 (Div. 2),loser_abhi,2711,1733675700,1467,1515
2040,Codeforces Round 992 (Div. 2),HardikChoudhary,2712,1733675700,1440,1459
2040,Codeforces Round 992 (Div. 2),zoro_ar_k,2713,1733675700,1277,1341
2040,Codeforces Round 992 (Div. 2),aococacao,2714,1733675700,411,815
2040,Codeforces Round 992 (Div. 2),krazy-8,2714,1733675700,1482,1489
2040,Codeforces Round 992 (Div. 2),Rakesh_Kedia,2716,1733675700,1222,1303
2040,Codeforces Round 992 (Div. 2),Harshil_6064,2717,1733675700,1200,1343
2040,Codeforces Round 992 (Div. 2),drowsywings,2717,1733675700,1086,1212
2040,Codeforces Round 992 (Div. 2),NishantBansal2003,2717,1733675700,1503,1504
2040,Codeforces Round 992 (Div. 2),hanimetv,2720,1733675700,802,1094
2040,Codeforces Round 992 (Div. 2),sHau.,2720,1733675700,1570,1554
2040,Codeforces Round 992 (Div. 2),dhuamanilu,2720,1733675700,1219,1301
2040,Codeforces Round 992 (Div. 2),keyansheng,2720,1733675700,1386,1419
2040,Codeforces Round 992 (Div. 2),Xeroficator,2720,1733675700,1304,1360
2040,Codeforces Round 992 (Div. 2),S4MI,2725,1733675700,1533,1526
2040,Codeforces Round 992 (Div. 2),Hide_on_bush,2726,1733675700,1250,1322
2040,Codeforces Round 992 (Div. 2),ruvxei,2727,1733675700,1504,1505
2040,Codeforces Round 992 (Div. 2),Maxima,2728,1733675700,1379,1413
2040,Codeforces Round 992 (Div. 2),IshanRJ,2729,1733675700,1305,1360
2040,Codeforces Round 992 (Div. 2),udaydubey,2729,1733675700,724,1039
2040,Codeforces Round 992 (Div. 2),manvendra21,2729,1733675700,1318,1370
2040,Codeforces Round 992 (Div. 2),A_deStroyeR,2732,1733675700,1348,1391
2040,Codeforces Round 992 (Div. 2),accismus_k,2732,1733675700,1464,1475
2040,Codeforces Round 992 (Div. 2),HosseinAbadan,2734,1733675700,1607,1582
2040,Codeforces Round 992 (Div. 2),forecircle,2735,1733675700,1725,1672
2040,Codeforces Round 992 (Div. 2),Dennis_Dang,2735,1733675700,1173,1303
2040,Codeforces Round 992 (Div. 2),Lincito_31,2737,1733675700,1541,1532
2040,Codeforces Round 992 (Div. 2),tongwk,2737,1733675700,1419,1442
2040,Codeforces Round 992 (Div. 2),isataygaygaygaygaygaygay,2739,1733675700,1150,1253
2040,Codeforces Round 992 (Div. 2),isma,2739,1733675700,1465,1476
2040,Codeforces Round 992 (Div. 2),naroto2022,2741,1733675700,1164,1316
2040,Codeforces Round 992 (Div. 2),not_serious_enough,2741,1733675700,1344,1387
2040,Codeforces Round 992 (Div. 2),Obviously__,2743,1733675700,426,825
2040,Codeforces Round 992 (Div. 2),ku_sh,2744,1733675700,1504,1504
2040,Codeforces Round 992 (Div. 2),An1kv,2745,1733675700,1242,1351
2040,Codeforces Round 992 (Div. 2),Ash_0702,2746,1733675700,1385,1417
2040,Codeforces Round 992 (Div. 2),halor,2746,1733675700,1299,1356
2040,Codeforces Round 992 (Div. 2),Norfor,2748,1733675700,1169,1266
2040,Codeforces Round 992 (Div. 2),harryle,2749,1733675700,850,1103
2040,Codeforces Round 992 (Div. 2),404-BrainNotFound,2750,1733675700,1364,1402
2040,Codeforces Round 992 (Div. 2),SC_newbie,2750,1733675700,1492,1495
2040,Codeforces Round 992 (Div. 2),Lost_from_Light,2752,1733675700,1296,1353
2040,Codeforces Round 992 (Div. 2),lkbv,2753,1733675700,885,1154
2040,Codeforces Round 992 (Div. 2),msab3f,2754,1733675700,1250,1321
2040,Codeforces Round 992 (Div. 2),0.0,2755,1733675700,1775,1709
2040,Codeforces Round 992 (Div. 2),Its_Dup_iD,2756,1733675700,1010,1162
2040,Codeforces Round 992 (Div. 2),sll00,2757,1733675700,1267,1333
2040,Codeforces Round 992 (Div. 2),coderRebooted,2758,1733675700,1122,1268
2040,Codeforces Round 992 (Div. 2),Lingyu0qwq,2758,1733675700,1279,1341
2040,Codeforces Round 992 (Div. 2),PokeSam9,2758,1733675700,0,532
2040,Codeforces Round 992 (Div. 2),aditya_h,2761,1733675700,1077,1255
2040,Codeforces Round 992 (Div. 2),coding_sucks_1001001,2762,1733675700,1444,1460
2040,Codeforces Round 992 (Div. 2),Suzuranovo,2762,1733675700,1663,1624
2040,Codeforces Round 992 (Div. 2),vitacpark,2764,1733675700,476,860
2040,Codeforces Round 992 (Div. 2),vu28082007,2764,1733675700,1504,1504
2040,Codeforces Round 992 (Div. 2),programandcode,2764,1733675700,1362,1460
2040,Codeforces Round 992 (Div. 2),siddhant7876,2767,1733675700,1499,1500
2040,Codeforces Round 992 (Div. 2),TRErnD,2767,1733675700,1708,1658
2040,Codeforces Round 992 (Div. 2),sergo895,2767,1733675700,1334,1380
2040,Codeforces Round 992 (Div. 2),BodaciousLord007,2770,1733675700,1454,1467
2040,Codeforces Round 992 (Div. 2),poroororoq,2770,1733675700,0,531
2040,Codeforces Round 992 (Div. 2),achyut88,2772,1733675700,1501,1501
2040,Codeforces Round 992 (Div. 2),khulegu,2773,1733675700,1360,1399
2040,Codeforces Round 992 (Div. 2),MarcosHernanz,2774,1733675700,1582,1562
2040,Codeforces Round 992 (Div. 2),solyamba,2774,1733675700,1773,1707
2040,Codeforces Round 992 (Div. 2),456niketkumar,2776,1733675700,1395,1423
2040,Codeforces Round 992 (Div. 2),AsemoGG,2777,1733675700,1406,1431
2040,Codeforces Round 992 (Div. 2),ByteBard16,2778,1733675700,1503,1503
2040,Codeforces Round 992 (Div. 2),cq__2436,2779,1733675700,1294,1351
2040,Codeforces Round 992 (Div. 2),Sherlocked_Potter,2780,1733675700,1389,1419
2040,Codeforces Round 992 (Div. 2),azizkhlify,2780,1733675700,1333,1379
2040,Codeforces Round 992 (Div. 2),xiacoke7708,2782,1733675700,1419,1441
2040,Codeforces Round 992 (Div. 2),fuddifinder,2783,1733675700,1000,1154
2040,Codeforces Round 992 (Div. 2),YZMyangziming,2784,1733675700,1460,1471
2040,Codeforces Round 992 (Div. 2),jalya,2785,1733675700,1299,1355
2040,Codeforces Round 992 (Div. 2),Waseem_Mustak,2785,1733675700,1630,1598
2040,Codeforces Round 992 (Div. 2),Chelovek12345,2787,1733675700,1218,1298
2040,Codeforces Round 992 (Div. 2),lJonathan,2788,1733675700,918,1104
2040,Codeforces Round 992 (Div. 2),Aditya__Rai,2789,1733675700,1320,1369
2040,Codeforces Round 992 (Div. 2),grishmak,2790,1733675700,1435,1452
2040,Codeforces Round 992 (Div. 2),anuragak021,2791,1733675700,1076,1202
2040,Codeforces Round 992 (Div. 2),RJ-1412,2791,1733675700,1313,1364
2040,Codeforces Round 992 (Div. 2),GMode,2793,1733675700,1738,1680
2040,Codeforces Round 992 (Div. 2),Sumith_chandra,2794,1733675700,1443,1458
2040,Codeforces Round 992 (Div. 2),LifeHardMode,2795,1733675700,1119,1283
2040,Codeforces Round 992 (Div. 2),harel,2795,1733675700,1449,1524
2040,Codeforces Round 992 (Div. 2),ajwesson0,2797,1733675700,1505,1503
2040,Codeforces Round 992 (Div. 2),greedyforces_,2797,1733675700,1612,1584
2040,Codeforces Round 992 (Div. 2),M.N0ThinG,2797,1733675700,1085,1208
2040,Codeforces Round 992 (Div. 2),darcaster,2800,1733675700,1073,1200
2040,Codeforces Round 992 (Div. 2),sugarmeomeo,2801,1733675700,1297,1388
2040,Codeforces Round 992 (Div. 2),Andimeo,2802,1733675700,1749,1688
2040,Codeforces Round 992 (Div. 2),SN0WM4N,2803,1733675700,1609,1582
2040,Codeforces Round 992 (Div. 2),akshay_1,2804,1733675700,1658,1619
2040,Codeforces Round 992 (Div. 2),vincent2,2805,1733675700,0,530
2040,Codeforces Round 992 (Div. 2),tin.le2,2806,1733675700,1643,1607
2040,Codeforces Round 992 (Div. 2),GHOST007x,2806,1733675700,978,1140
2040,Codeforces Round 992 (Div. 2),MithilaReich,2808,1733675700,1311,1362
2040,Codeforces Round 992 (Div. 2),NeverSayF,2809,1733675700,1409,1433
2040,Codeforces Round 992 (Div. 2),I-Nobody,2810,1733675700,540,892
2040,Codeforces Round 992 (Div. 2),Lithika,2811,1733675700,1046,1182
2040,Codeforces Round 992 (Div. 2),LaMbarghambar,2812,1733675700,1483,1486
2040,Codeforces Round 992 (Div. 2),Nappiz,2813,1733675700,1221,1299
2040,Codeforces Round 992 (Div. 2),yebaiii,2814,1733675700,0,530
2040,Codeforces Round 992 (Div. 2),Jvrco,2815,1733675700,1145,1247
2040,Codeforces Round 992 (Div. 2),black_hat_inside,2816,1733675700,1443,1457
2040,Codeforces Round 992 (Div. 2),blameazu.,2817,1733675700,1548,1535
2040,Codeforces Round 992 (Div. 2),amaruu,2818,1733675700,1769,1703
2040,Codeforces Round 992 (Div. 2),djawadmain,2819,1733675700,1743,1683
2040,Codeforces Round 992 (Div. 2),ss_loves_AC,2820,1733675700,1768,1702
2040,Codeforces Round 992 (Div. 2),EgorKush,2821,1733675700,1769,1703
2040,Codeforces Round 992 (Div. 2),ptyyy,2821,1733675700,1956,1849
2040,Codeforces Round 992 (Div. 2),Neoly,2821,1733675700,653,988
2040,Codeforces Round 992 (Div. 2),MayankSavaliya,2824,1733675700,1795,1723
2040,Codeforces Round 992 (Div. 2),AmirMakaM,2825,1733675700,1564,1547
2040,Codeforces Round 992 (Div. 2),PalD,2825,1733675700,1618,1588
2040,Codeforces Round 992 (Div. 2),dldlzjfs,2825,1733675700,1650,1612
2040,Codeforces Round 992 (Div. 2),yingling,2825,1733675700,560,919
2040,Codeforces Round 992 (Div. 2),Hectorungo_18,2829,1733675700,1884,1792
2040,Codeforces Round 992 (Div. 2),ZovuMeLuka,2829,1733675700,1533,1523
2040,Codeforces Round 992 (Div. 2),rajesh_d,2829,1733675700,1587,1564
2040,Codeforces Round 992 (Div. 2),ns0,2829,1733675700,1595,1570
2040,Codeforces Round 992 (Div. 2),Tangirkul,2829,1733675700,1733,1675
2040,Codeforces Round 992 (Div. 2),23122023,2829,1733675700,1496,1559
2040,Codeforces Round 992 (Div. 2),densainhoi,2829,1733675700,1240,1311
2040,Codeforces Round 992 (Div. 2),newbie234,2836,1733675700,1576,1593
2040,Codeforces Round 992 (Div. 2),QweQer,2836,1733675700,1765,1699
2040,Codeforces Round 992 (Div. 2),Newt_ScAmANdeR,2836,1733675700,1453,1464
2040,Codeforces Round 992 (Div. 2),NqkSyte,2836,1733675700,1648,1610
2040,Codeforces Round 992 (Div. 2),LeoZhang_2012,2840,1733675700,1303,1355
2040,Codeforces Round 992 (Div. 2),rakhimova,2840,1733675700,1377,1408
2040,Codeforces Round 992 (Div. 2),Morisz10,2840,1733675700,2086,1952
2040,Codeforces Round 992 (Div. 2),glycee,2840,1733675700,1816,1739
2040,Codeforces Round 992 (Div. 2),Le_Gusto,2840,1733675700,1633,1598
2040,Codeforces Round 992 (Div. 2),NeVzZo,2840,1733675700,1731,1673
2040,Codeforces Round 992 (Div. 2),OHIN2005,2840,1733675700,1405,1428
2040,Codeforces Round 992 (Div. 2),AnanasBanan,2840,1733675700,1802,1728
2040,Codeforces Round 992 (Div. 2),Arkanefury,2840,1733675700,1528,1519
2040,Codeforces Round 992 (Div. 2),ibrm,2849,1733675700,1904,1807
2040,Codeforces Round 992 (Div. 2),rhm_gan,2849,1733675700,1237,1309
2040,Codeforces Round 992 (Div. 2),RE_Prince,2849,1733675700,1533,1523
2040,Codeforces Round 992 (Div. 2),tetrahydropyranyl,2852,1733675700,1243,1348
2040,Codeforces Round 992 (Div. 2),ngocson295,2852,1733675700,1592,1567
2040,Codeforces Round 992 (Div. 2),Horse-chan,2852,1733675700,1572,1552
2040,Codeforces Round 992 (Div. 2),nsddrezsd,2852,1733675700,1538,1526
2040,Codeforces Round 992 (Div. 2),v1p3r_jr,2852,1733675700,1769,1702
2040,Codeforces Round 992 (Div. 2),ramazan777,2852,1733675700,1392,1419
2040,Codeforces Round 992 (Div. 2),TCS_Bhediya,2852,1733675700,1291,1346
2040,Codeforces Round 992 (Div. 2),overcompensate,2859,1733675700,0,528
2040,Codeforces Round 992 (Div. 2),pingvvin,2859,1733675700,1590,1565
2040,Codeforces Round 992 (Div. 2),uv123,2859,1733675700,1475,1479
2040,Codeforces Round 992 (Div. 2),qwerty_po,2859,1733675700,1461,1469
2040,Codeforces Round 992 (Div. 2),Pedreitorzelda,2859,1733675700,1475,1479
2040,Codeforces Round 992 (Div. 2),Linver,2859,1733675700,1703,1651
2040,Codeforces Round 992 (Div. 2),jj_star,2859,1733675700,1442,1455
2040,Codeforces Round 992 (Div. 2),Kaloqn1234,2866,1733675700,1646,1607
2040,Codeforces Round 992 (Div. 2),ThucLV,2866,1733675700,1833,1751
2040,Codeforces Round 992 (Div. 2),Yedige2,2866,1733675700,1219,1295
2040,Codeforces Round 992 (Div. 2),Jelly.bean,2866,1733675700,1471,1476
2040,Codeforces Round 992 (Div. 2),lensit,2866,1733675700,1169,1324
2040,Codeforces Round 992 (Div. 2),RandomThread,2866,1733675700,1439,1452
2040,Codeforces Round 992 (Div. 2),vidux,2866,1733675700,1581,1558
2040,Codeforces Round 992 (Div. 2),rebeeg,2866,1733675700,1354,1391
2040,Codeforces Round 992 (Div. 2),jakub.zip,2866,1733675700,1449,1459
2040,Codeforces Round 992 (Div. 2),_ThisisME,2866,1733675700,1527,1517
2040,Codeforces Round 992 (Div. 2),ParsaEs,2876,1733675700,1837,1754
2040,Codeforces Round 992 (Div. 2),Spectonifier,2876,1733675700,1055,1241
2040,Codeforces Round 992 (Div. 2),iLoveOru,2876,1733675700,1651,1611
2040,Codeforces Round 992 (Div. 2),LonggVuz,2876,1733675700,1328,1431
2040,Codeforces Round 992 (Div. 2),1127193030,2876,1733675700,1838,1755
2040,Codeforces Round 992 (Div. 2),bhavishya0149,2876,1733675700,1433,1448
2040,Codeforces Round 992 (Div. 2),Kuanyshh,2876,1733675700,1327,1371
2040,Codeforces Round 992 (Div. 2),utk_2809,2876,1733675700,1633,1597
2040,Codeforces Round 992 (Div. 2),Bebo,2876,1733675700,1539,1526
2040,Codeforces Round 992 (Div. 2),THE_._Prag,2876,1733675700,1577,1555
2040,Codeforces Round 992 (Div. 2),M_Rana,2886,1733675700,1651,1610
2040,Codeforces Round 992 (Div. 2),PirateKing16921,2886,1733675700,473,853
2040,Codeforces Round 992 (Div. 2),Rinnegone,2886,1733675700,1372,1402
2040,Codeforces Round 992 (Div. 2),DC_H,2886,1733675700,1604,1575
2040,Codeforces Round 992 (Div. 2),Naman_g17,2886,1733675700,1357,1392
2040,Codeforces Round 992 (Div. 2),_ll,2886,1733675700,1627,1592
2040,Codeforces Round 992 (Div. 2),suroptimist,2886,1733675700,1820,1740
2040,Codeforces Round 992 (Div. 2),Kolyanchick,2886,1733675700,1635,1598
2040,Codeforces Round 992 (Div. 2),lgm_,2886,1733675700,1279,1336
2040,Codeforces Round 992 (Div. 2),Nady__,2886,1733675700,0,527
2040,Codeforces Round 992 (Div. 2),Rafio,2886,1733675700,1892,1797
2040,Codeforces Round 992 (Div. 2),Cosminane,2886,1733675700,1343,1382
2040,Codeforces Round 992 (Div. 2),gbula,2886,1733675700,1684,1636
2040,Codeforces Round 992 (Div. 2),sarthakkjha,2886,1733675700,1699,1647
2040,Codeforces Round 992 (Div. 2),bary,2886,1733675700,1814,1736
2040,Codeforces Round 992 (Div. 2),nanani__fan,2886,1733675700,1835,1752
2040,Codeforces Round 992 (Div. 2),vbutenko,2886,1733675700,1610,1579
2040,Codeforces Round 992 (Div. 2),pnx,2903,1733675700,1265,1326
2040,Codeforces Round 992 (Div. 2),YoussefMorad1,2903,1733675700,1516,1508
2040,Codeforces Round 992 (Div. 2),Shivam_0001,2903,1733675700,1354,1389
2040,Codeforces Round 992 (Div. 2),sahilf637,2903,1733675700,1491,1490
2040,Codeforces Round 992 (Div. 2),RebibeMeJett,2903,1733675700,1470,1474
2040,Codeforces Round 992 (Div. 2),inalka32,2903,1733675700,1280,1337
2040,Codeforces Round 992 (Div. 2),fun_of_hashes,2903,1733675700,1466,1471
2040,Codeforces Round 992 (Div. 2),shibofish,2903,1733675700,1480,1481
2040,Codeforces Round 992 (Div. 2),MathQ_,2903,1733675700,1635,1598
2040,Codeforces Round 992 (Div. 2),Luu_Hai_Dang,2903,1733675700,1237,1363
2040,Codeforces Round 992 (Div. 2),jai_bansal_007,2903,1733675700,1315,1361
2040,Codeforces Round 992 (Div. 2),N0.ONE,2903,1733675700,1354,1389
2040,Codeforces Round 992 (Div. 2),DissonantHarmony,2915,1733675700,1681,1632
2040,Codeforces Round 992 (Div. 2),Soray2516,2915,1733675700,1332,1373
2040,Codeforces Round 992 (Div. 2),ng_jahkhanh39,2915,1733675700,1379,1407
2040,Codeforces Round 992 (Div. 2),md_ashraful_islam,2915,1733675700,1182,1268
2040,Codeforces Round 992 (Div. 2),pc19937,2915,1733675700,1565,1545
2040,Codeforces Round 992 (Div. 2),Binw,2915,1733675700,1541,1526
2040,Codeforces Round 992 (Div. 2),NahIdSolve,2915,1733675700,1405,1426
2040,Codeforces Round 992 (Div. 2),ayushsahu_123,2915,1733675700,1436,1448
2040,Codeforces Round 992 (Div. 2),heyuhao,2915,1733675700,1800,1724
2040,Codeforces Round 992 (Div. 2),Nalrimet,2915,1733675700,2030,1905
2040,Codeforces Round 992 (Div. 2),C00LC0DER,2915,1733675700,1359,1392
2040,Codeforces Round 992 (Div. 2),Vraj_Dobariya_95,2915,1733675700,1640,1601
2040,Codeforces Round 992 (Div. 2),Deep_1026,2915,1733675700,1657,1614
2040,Codeforces Round 992 (Div. 2),Ayush2272,2915,1733675700,1524,1513
2040,Codeforces Round 992 (Div. 2),ranxi,2915,1733675700,1571,1549
2040,Codeforces Round 992 (Div. 2),mm1046,2915,1733675700,1430,1444
2040,Codeforces Round 992 (Div. 2),Homie_Lander,2915,1733675700,1796,1721
2040,Codeforces Round 992 (Div. 2),cgnoooob,2915,1733675700,1397,1420
2040,Codeforces Round 992 (Div. 2),bitandas,2915,1733675700,1500,1496
2040,Codeforces Round 992 (Div. 2),tarsh.16052003,2915,1733675700,1343,1381
2040,Codeforces Round 992 (Div. 2),Yedige1,2935,1733675700,1428,1442
2040,Codeforces Round 992 (Div. 2),mer_on,2935,1733675700,1402,1423
2040,Codeforces Round 992 (Div. 2),NuDavayZaplach,2935,1733675700,0,526
2040,Codeforces Round 992 (Div. 2),Harsh_maheriya,2935,1733675700,1494,1491
2040,Codeforces Round 992 (Div. 2),Maciesz,2935,1733675700,1515,1506
2040,Codeforces Round 992 (Div. 2),VERYCOOL_BOY,2935,1733675700,1301,1350
2040,Codeforces Round 992 (Div. 2),justsurfing,2935,1733675700,1481,1481
2040,Codeforces Round 992 (Div. 2),Liooow,2935,1733675700,1326,1368
2040,Codeforces Round 992 (Div. 2),yongyan,2935,1733675700,503,874
2040,Codeforces Round 992 (Div. 2),Amiakhan,2935,1733675700,1657,1614
2040,Codeforces Round 992 (Div. 2),sixx_one,2935,1733675700,1610,1578
2040,Codeforces Round 992 (Div. 2),Bhuban,2935,1733675700,1340,1378
2040,Codeforces Round 992 (Div. 2),stakudog,2935,1733675700,1601,1572
2040,Codeforces Round 992 (Div. 2),Praim,2935,1733675700,1403,1424
2040,Codeforces Round 992 (Div. 2),atog_1905,2935,1733675700,1443,1453
2040,Codeforces Round 992 (Div. 2),rohajrohit,2935,1733675700,1474,1476
2040,Codeforces Round 992 (Div. 2),x_drifter,2935,1733675700,1761,1732
2040,Codeforces Round 992 (Div. 2),HuyVu,2952,1733675700,1562,1541
2040,Codeforces Round 992 (Div. 2),dhruvcodes423,2952,1733675700,1489,1486
2040,Codeforces Round 992 (Div. 2),CFfucker,2952,1733675700,1618,1583
2040,Codeforces Round 992 (Div. 2),qweoksdfjkldsf,2952,1733675700,1555,1535
2040,Codeforces Round 992 (Div. 2),TrisJB,2952,1733675700,1318,1421
2040,Codeforces Round 992 (Div. 2),rohitzerofour,2952,1733675700,1354,1387
2040,Codeforces Round 992 (Div. 2),DNZLREV,2952,1733675700,1376,1404
2040,Codeforces Round 992 (Div. 2),sdnu_lijiaheng,2952,1733675700,1729,1668
2040,Codeforces Round 992 (Div. 2),valen0k,2952,1733675700,1461,1465
2040,Codeforces Round 992 (Div. 2),zyademad,2952,1733675700,1310,1356
2040,Codeforces Round 992 (Div. 2),Ayush_soni,2952,1733675700,1429,1442
2040,Codeforces Round 992 (Div. 2),VectorVirtuoso,2952,1733675700,1613,1580
2040,Codeforces Round 992 (Div. 2),quqijiangbing,2952,1733675700,701,1014
2040,Codeforces Round 992 (Div. 2),Richard-Dyinman,2952,1733675700,1621,1586
2040,Codeforces Round 992 (Div. 2),Austin_Griffin2,2952,1733675700,1877,1783
2040,Codeforces Round 992 (Div. 2),SJMA_11723,2952,1733675700,1323,1365
2040,Codeforces Round 992 (Div. 2),winner2050,2952,1733675700,1619,1584
2040,Codeforces Round 992 (Div. 2),Coeldesu,2952,1733675700,1041,1223
2040,Codeforces Round 992 (Div. 2),jk__s,2952,1733675700,444,830
2040,Codeforces Round 992 (Div. 2),yc_dada,2952,1733675700,1537,1522
2040,Codeforces Round 992 (Div. 2),sabyr,2952,1733675700,1579,1554
2040,Codeforces Round 992 (Div. 2),MonoLith,2952,1733675700,1674,1626
2040,Codeforces Round 992 (Div. 2),leVi_,2952,1733675700,1131,1232
2040,Codeforces Round 992 (Div. 2),pora,2952,1733675700,1458,1464
2040,Codeforces Round 992 (Div. 2),SayMyName.Omar,2952,1733675700,1258,1319
2040,Codeforces Round 992 (Div. 2),RakibulIslam,2977,1733675700,1491,1487
2040,Codeforces Round 992 (Div. 2),meumarkhan,2977,1733675700,1743,1678
2040,Codeforces Round 992 (Div. 2),rishendraT,2977,1733675700,1467,1469
2040,Codeforces Round 992 (Div. 2),Abhishek12115047,2977,1733675700,1376,1402
2040,Codeforces Round 992 (Div. 2),hanbhai,2977,1733675700,1462,1465
2040,Codeforces Round 992 (Div. 2),nonanalyzer,2977,1733675700,1427,1440
2040,Codeforces Round 992 (Div. 2),narasimhareddy,2977,1733675700,1188,1270
2040,Codeforces Round 992 (Div. 2),alsoscrazy,2977,1733675700,1186,1303
2040,Codeforces Round 992 (Div. 2),_CrazyForCode_,2977,1733675700,1859,1768
2040,Codeforces Round 992 (Div. 2),MadhusudanKabra,2977,1733675700,1459,1463
2040,Codeforces Round 992 (Div. 2),m_s_t_y,2977,1733675700,1618,1583
2040,Codeforces Round 992 (Div. 2),Cannonbolt2704,2977,1733675700,1649,1606
2040,Codeforces Round 992 (Div. 2),dongqiyuan2005,2977,1733675700,1687,1635
2040,Codeforces Round 992 (Div. 2),not_insync,2977,1733675700,1623,1586
2040,Codeforces Round 992 (Div. 2),ktimur,2977,1733675700,1683,1632
2040,Codeforces Round 992 (Div. 2),EndlessDreamzz,2977,1733675700,1641,1600
2040,Codeforces Round 992 (Div. 2),Dan4Life,2977,1733675700,1976,1860
2040,Codeforces Round 992 (Div. 2),puniTT,2977,1733675700,1320,1362
2040,Codeforces Round 992 (Div. 2),bunker64,2977,1733675700,1218,1347
2040,Codeforces Round 992 (Div. 2),agov12,2977,1733675700,1523,1511
2040,Codeforces Round 992 (Div. 2),toma12,2977,1733675700,1261,1320
2040,Codeforces Round 992 (Div. 2),anuj_iit_kanpur,2977,1733675700,1446,1454
2040,Codeforces Round 992 (Div. 2),kartik_2005,2977,1733675700,1232,1300
2040,Codeforces Round 992 (Div. 2),NikaSard,2977,1733675700,1466,1468
2040,Codeforces Round 992 (Div. 2),Urtusea,2977,1733675700,1762,1693
2040,Codeforces Round 992 (Div. 2),Dif1rent,2977,1733675700,1414,1430
2040,Codeforces Round 992 (Div. 2),averageAlgoEnjoyer,2977,1733675700,1323,1364
2040,Codeforces Round 992 (Div. 2),long_our_unity,3004,1733675700,1429,1440
2040,Codeforces Round 992 (Div. 2),KiaRash24,3004,1733675700,1337,1374
2040,Codeforces Round 992 (Div. 2),SquareCylinder,3004,1733675700,1469,1470
2040,Codeforces Round 992 (Div. 2),VoidX1107,3004,1733675700,1223,1293
2040,Codeforces Round 992 (Div. 2),Black-Octopus,3004,1733675700,1532,1517
2040,Codeforces Round 992 (Div. 2),rushinshah_,3004,1733675700,1699,1644
2040,Codeforces Round 992 (Div. 2),shiv13,3004,1733675700,1619,1583
2040,Codeforces Round 992 (Div. 2),FDpencil3,3004,1733675700,1416,1431
2040,Codeforces Round 992 (Div. 2),anshgoel44,3004,1733675700,1399,1418
2040,Codeforces Round 992 (Div. 2),systempkey,3004,1733675700,1148,1304
2040,Codeforces Round 992 (Div. 2),1moon1,3004,1733675700,1387,1410
2040,Codeforces Round 992 (Div. 2),coder_ravan,3004,1733675700,1362,1392
2040,Codeforces Round 992 (Div. 2),Armaan48,3004,1733675700,1938,1830
2040,Codeforces Round 992 (Div. 2),zzhi,3004,1733675700,1123,1225
2040,Codeforces Round 992 (Div. 2),karock,3004,1733675700,1447,1454
2040,Codeforces Round 992 (Div. 2),quang.nh14,3004,1733675700,1563,1540
2040,Codeforces Round 992 (Div. 2),tiwaryadarsh692,3004,1733675700,801,1084
2040,Codeforces Round 992 (Div. 2),Iakimov_Roman_2003,3004,1733675700,1574,1549
2040,Codeforces Round 992 (Div. 2),gRaine,3004,1733675700,932,1103
2040,Codeforces Round 992 (Div. 2),Curlwiz,3004,1733675700,1384,1407
2040,Codeforces Round 992 (Div. 2),Y39Y,3004,1733675700,1354,1386
2040,Codeforces Round 992 (Div. 2),cleanup,3004,1733675700,1181,1264
2040,Codeforces Round 992 (Div. 2),b_like_karthik,3004,1733675700,1414,1429
2040,Codeforces Round 992 (Div. 2),bogdan09,3027,1733675700,1418,1432
2040,Codeforces Round 992 (Div. 2),te3fi,3027,1733675700,1340,1375
2040,Codeforces Round 992 (Div. 2),benzzzz,3027,1733675700,1255,1315
2040,Codeforces Round 992 (Div. 2),Pawello09,3027,1733675700,0,523
2040,Codeforces Round 992 (Div. 2),SmPkh,3027,1733675700,1458,1461
2040,Codeforces Round 992 (Div. 2),Nader_Osama,3027,1733675700,1500,1493
2040,Codeforces Round 992 (Div. 2),Aditya_singh_yadav,3027,1733675700,1239,1303
2040,Codeforces Round 992 (Div. 2),TD0210,3027,1733675700,1272,1327
2040,Codeforces Round 992 (Div. 2),dharampal,3027,1733675700,1201,1277
2040,Codeforces Round 992 (Div. 2),Mr.Software,3027,1733675700,1198,1275
2040,Codeforces Round 992 (Div. 2),amod_24,3027,1733675700,1264,1321
2040,Codeforces Round 992 (Div. 2),Codewritter,3027,1733675700,1280,1332
2040,Codeforces Round 992 (Div. 2),SegmentTree,3027,1733675700,1521,1508
2040,Codeforces Round 992 (Div. 2),Ramez_Emad,3027,1733675700,1473,1472
2040,Codeforces Round 992 (Div. 2),manideepnaidugorle,3027,1733675700,1485,1481
2040,Codeforces Round 992 (Div. 2),coder.cpp,3027,1733675700,1114,1279
2040,Codeforces Round 992 (Div. 2),FXY_AC,3027,1733675700,1413,1428
2040,Codeforces Round 992 (Div. 2),zeroxzp,3027,1733675700,1342,1376
2040,Codeforces Round 992 (Div. 2),shree_swami_samarth,3027,1733675700,1226,1294
2040,Codeforces Round 992 (Div. 2),deng_wo_ni_xi,3027,1733675700,1552,1532
2040,Codeforces Round 992 (Div. 2),ray-Z,3027,1733675700,0,523
2040,Codeforces Round 992 (Div. 2),Pankaj777,3027,1733675700,1367,1395
2040,Codeforces Round 992 (Div. 2),dbsptl,3027,1733675700,1675,1624
2040,Codeforces Round 992 (Div. 2),Arthur_zhang_rdfz,3050,1733675700,1238,1302
2040,Codeforces Round 992 (Div. 2),rishikush,3050,1733675700,1639,1597
2040,Codeforces Round 992 (Div. 2),Ryan.H,3050,1733675700,1291,1339
2040,Codeforces Round 992 (Div. 2),cozyvelocirapto,3050,1733675700,1287,1336
2040,Codeforces Round 992 (Div. 2),SkyWalker_01,3050,1733675700,1118,1220
2040,Codeforces Round 992 (Div. 2),FredLin,3050,1733675700,1289,1338
2040,Codeforces Round 992 (Div. 2),yuktaaa,3050,1733675700,1084,1198
2040,Codeforces Round 992 (Div. 2),reirugan,3050,1733675700,1667,1618
2040,Codeforces Round 992 (Div. 2),HarshBoghani,3050,1733675700,1501,1492
2040,Codeforces Round 992 (Div. 2),xorfftdp,3050,1733675700,1393,1413
2040,Codeforces Round 992 (Div. 2),Fourier_Transform,3050,1733675700,1502,1493
2040,Codeforces Round 992 (Div. 2),BUILDER_OP,3050,1733675700,1578,1550
2040,Codeforces Round 992 (Div. 2),Mogammad,3050,1733675700,1166,1252
2040,Codeforces Round 992 (Div. 2),arif049,3050,1733675700,1125,1225
2040,Codeforces Round 992 (Div. 2),NeoRise_,3050,1733675700,1412,1426
2040,Codeforces Round 992 (Div. 2),Law_Light,3050,1733675700,1208,1281
2040,Codeforces Round 992 (Div. 2),espacio,3050,1733675700,1145,1238
2040,Codeforces Round 992 (Div. 2),Oran_tree,3050,1733675700,959,1198
2040,Codeforces Round 992 (Div. 2),BLACKCOFFEE-420,3050,1733675700,1418,1431
2040,Codeforces Round 992 (Div. 2),MTA,3050,1733675700,1303,1347
2040,Codeforces Round 992 (Div. 2),XF062850,3050,1733675700,1118,1220
2040,Codeforces Round 992 (Div. 2),Horrible120,3050,1733675700,1658,1611
2040,Codeforces Round 992 (Div. 2),nem,3050,1733675700,1378,1402
2040,Codeforces Round 992 (Div. 2),just_shut_up,3050,1733675700,533,892
2040,Codeforces Round 992 (Div. 2),GodLoki,3050,1733675700,0,522
2040,Codeforces Round 992 (Div. 2),pranavachaitanyaballa,3050,1733675700,1521,1507
2040,Codeforces Round 992 (Div. 2),shaogy,3050,1733675700,1407,1423
2040,Codeforces Round 992 (Div. 2),Qrnqrncntst,3077,1733675700,1269,1323
2040,Codeforces Round 992 (Div. 2),henryyyh,3077,1733675700,1449,1453
2040,Codeforces Round 992 (Div. 2),Soumya_2k01,3077,1733675700,1149,1240
2040,Codeforces Round 992 (Div. 2),TheOx2,3077,1733675700,1589,1558
2040,Codeforces Round 992 (Div. 2),dpsvoyager.16,3077,1733675700,1195,1271
2040,Codeforces Round 992 (Div. 2),Ulugbek_ABDIMANABOV,3077,1733675700,1536,1517
2040,Codeforces Round 992 (Div. 2),Neelabhra,3077,1733675700,1317,1357
2040,Codeforces Round 992 (Div. 2),hatsunemiku11,3077,1733675700,1299,1344
2040,Codeforces Round 992 (Div. 2),khos,3077,1733675700,1649,1603
2040,Codeforces Round 992 (Div. 2),VOP-Ansish,3077,1733675700,1342,1375
2040,Codeforces Round 992 (Div. 2),qwyz,3077,1733675700,1482,1477
2040,Codeforces Round 992 (Div. 2),Cloud_Z3,3077,1733675700,1488,1482
2040,Codeforces Round 992 (Div. 2),MLK_eat_milk,3077,1733675700,1094,1262
2040,Codeforces Round 992 (Div. 2),Grav0910,3077,1733675700,1288,1336
2040,Codeforces Round 992 (Div. 2),neal27,3077,1733675700,1624,1584
2040,Codeforces Round 992 (Div. 2),ahiv.algnis,3077,1733675700,1245,1341
2040,Codeforces Round 992 (Div. 2),sarthak_nayyar,3077,1733675700,1350,1380
2040,Codeforces Round 992 (Div. 2),RT33,3077,1733675700,830,1102
2040,Codeforces Round 992 (Div. 2),.-__-.,3077,1733675700,1819,1734
2040,Codeforces Round 992 (Div. 2),Shikimoriii,3077,1733675700,870,1131
2040,Codeforces Round 992 (Div. 2),ABTurjo121,3077,1733675700,1439,1445
2040,Codeforces Round 992 (Div. 2),shashank2401,3077,1733675700,1406,1421
2040,Codeforces Round 992 (Div. 2),Hasspo,3077,1733675700,1445,1450
2040,Codeforces Round 992 (Div. 2),dk_g,3077,1733675700,1331,1367
2040,Codeforces Round 992 (Div. 2),1ANH6,3077,1733675700,1441,1447
2040,Codeforces Round 992 (Div. 2),zartaf.raza,3077,1733675700,1429,1438
2040,Codeforces Round 992 (Div. 2),Hrishikesh1107,3077,1733675700,1634,1592
2040,Codeforces Round 992 (Div. 2),MrChronoJester,3077,1733675700,1627,1587
2040,Codeforces Round 992 (Div. 2),StraddlePlanche,3077,1733675700,1620,1581
2040,Codeforces Round 992 (Div. 2),Skidzomaniac,3077,1733675700,1611,1574
2040,Codeforces Round 992 (Div. 2),hatim_zamir,3077,1733675700,1338,1372
2040,Codeforces Round 992 (Div. 2),ZHM4284,3108,1733675700,1410,1423
2040,Codeforces Round 992 (Div. 2),Kendieer,3108,1733675700,1360,1387
2040,Codeforces Round 992 (Div. 2),wbsbot,3108,1733675700,1450,1453
2040,Codeforces Round 992 (Div. 2),Arjunnarenreddy,3108,1733675700,1478,1474
2040,Codeforces Round 992 (Div. 2),SuPerMaCyboom,3108,1733675700,1387,1407
2040,Codeforces Round 992 (Div. 2),algebra,3108,1733675700,1323,1360
2040,Codeforces Round 992 (Div. 2),Logical_Mind,3108,1733675700,1335,1369
2040,Codeforces Round 992 (Div. 2),kathal404,3108,1733675700,1564,1538
2040,Codeforces Round 992 (Div. 2),nan-d3feng,3108,1733675700,1384,1404
2040,Codeforces Round 992 (Div. 2),Mikuchan,3108,1733675700,1165,1250
2040,Codeforces Round 992 (Div. 2),ashaz_khan,3108,1733675700,1477,1473
2040,Codeforces Round 992 (Div. 2),ApuYe,3108,1733675700,1552,1529
2040,Codeforces Round 992 (Div. 2),Muhammadali_2009,3108,1733675700,1477,1473
2040,Codeforces Round 992 (Div. 2),PipRa,3108,1733675700,1510,1497
2040,Codeforces Round 992 (Div. 2),jackle,3108,1733675700,1562,1537
2040,Codeforces Round 992 (Div. 2),516manav,3108,1733675700,1199,1273
2040,Codeforces Round 992 (Div. 2),Shi_07g,3108,1733675700,1647,1602
2040,Codeforces Round 992 (Div. 2),Shaheer.Old,3108,1733675700,1246,1306
2040,Codeforces Round 992 (Div. 2),ipavrus,3108,1733675700,1405,1420
2040,Codeforces Round 992 (Div. 2),darysani,3108,1733675700,1641,1597
2040,Codeforces Round 992 (Div. 2),twin_braids,3108,1733675700,1519,1504
2040,Codeforces Round 992 (Div. 2),Eous,3108,1733675700,1105,1210
2040,Codeforces Round 992 (Div. 2),sarang_123,3130,1733675700,1375,1397
2040,Codeforces Round 992 (Div. 2),Qpxwyzdfsbfsphiepsilon,3130,1733675700,1666,1615
2040,Codeforces Round 992 (Div. 2),Slingshot,3130,1733675700,1378,1399
2040,Codeforces Round 992 (Div. 2),lilmx,3130,1733675700,1425,1433
2040,Codeforces Round 992 (Div. 2),codewithprakhar,3130,1733675700,1371,1394
2040,Codeforces Round 992 (Div. 2),Jatin_prime,3130,1733675700,1478,1473
2040,Codeforces Round 992 (Div. 2),WilliamFung,3130,1733675700,1575,1546
2040,Codeforces Round 992 (Div. 2),atriyatuoli,3130,1733675700,1440,1445
2040,Codeforces Round 992 (Div. 2),vivekananda1001,3130,1733675700,1522,1505
2040,Codeforces Round 992 (Div. 2),Arbus,3130,1733675700,1180,1260
2040,Codeforces Round 992 (Div. 2),arahan_673,3130,1733675700,1866,1770
2040,Codeforces Round 992 (Div. 2),Pax_Soprana,3130,1733675700,0,520
2040,Codeforces Round 992 (Div. 2),Myanh_is_my_lover,3130,1733675700,951,1142
2040,Codeforces Round 992 (Div. 2),newusercf,3130,1733675700,1560,1534
2040,Codeforces Round 992 (Div. 2),Barkaat,3130,1733675700,1543,1522
2040,Codeforces Round 992 (Div. 2),takaou,3130,1733675700,1723,1659
2040,Codeforces Round 992 (Div. 2),aftab_AFZAL,3130,1733675700,1421,1431
2040,Codeforces Round 992 (Div. 2),Ravindra_Rinwa,3130,1733675700,1201,1274
2040,Codeforces Round 992 (Div. 2),GrayJack,3130,1733675700,1218,1285
2040,Codeforces Round 992 (Div. 2),mikhail,3130,1733675700,1352,1381
2040,Codeforces Round 992 (Div. 2),opal_Inwza007x,3130,1733675700,1624,1583
2040,Codeforces Round 992 (Div. 2),G_Penchev,3130,1733675700,1371,1394
2040,Codeforces Round 992 (Div. 2),ThreeSun,3130,1733675700,1546,1524
2040,Codeforces Round 992 (Div. 2),xingke233,3130,1733675700,772,1059
2040,Codeforces Round 992 (Div. 2),Gojo,3154,1733675700,1230,1293
2040,Codeforces Round 992 (Div. 2),Vaibhav_Gupta_22,3154,1733675700,1307,1347
2040,Codeforces Round 992 (Div. 2),conan45,3154,1733675700,1446,1448
2040,Codeforces Round 992 (Div. 2),Al-Fattah,3154,1733675700,1209,1279
2040,Codeforces Round 992 (Div. 2),tnaveen,3154,1733675700,1344,1374
2040,Codeforces Round 992 (Div. 2),Negationist,3154,1733675700,1411,1423
2040,Codeforces Round 992 (Div. 2),ndstab,3154,1733675700,1410,1422
2040,Codeforces Round 992 (Div. 2),jnmrtnz111__,3154,1733675700,1392,1409
2040,Codeforces Round 992 (Div. 2),oleinikowc,3154,1733675700,1547,1524
2040,Codeforces Round 992 (Div. 2),d2s2,3154,1733675700,1540,1519
2040,Codeforces Round 992 (Div. 2),shark25361,3154,1733675700,1296,1339
2040,Codeforces Round 992 (Div. 2),the_age_of_ducks,3154,1733675700,1386,1466
2040,Codeforces Round 992 (Div. 2),s1r,3154,1733675700,1749,1678
2040,Codeforces Round 992 (Div. 2),SSVCH_ink,3154,1733675700,1177,1256
2040,Codeforces Round 992 (Div. 2),Shohanur_1603020,3154,1733675700,1361,1386
2040,Codeforces Round 992 (Div. 2),maybebinarysearch,3154,1733675700,1146,1235
2040,Codeforces Round 992 (Div. 2),yuvraj_coder1,3154,1733675700,1496,1485
2040,Codeforces Round 992 (Div. 2),zerocloud01,3154,1733675700,1543,1521
2040,Codeforces Round 992 (Div. 2),vivek2711,3154,1733675700,1476,1471
2040,Codeforces Round 992 (Div. 2),karthikeya48,3154,1733675700,1508,1494
2040,Codeforces Round 992 (Div. 2),LHJ_y,3154,1733675700,1248,1305
2040,Codeforces Round 992 (Div. 2),rohithReddy_45,3154,1733675700,1397,1412
2040,Codeforces Round 992 (Div. 2),KevinDebruyne,3154,1733675700,1547,1524
2040,Codeforces Round 992 (Div. 2),BrutHawk,3154,1733675700,1343,1373
2040,Codeforces Round 992 (Div. 2),shubhodip_pal,3154,1733675700,1577,1547
2040,Codeforces Round 992 (Div. 2),dakoo_5541,3154,1733675700,1140,1231
2040,Codeforces Round 992 (Div. 2),CodeforcesADMlN,3154,1733675700,2005,1880
2040,Codeforces Round 992 (Div. 2),SKM,3154,1733675700,1606,1569
2040,Codeforces Round 992 (Div. 2),d_Dhruv_Tripathi,3154,1733675700,1335,1367
2040,Codeforces Round 992 (Div. 2),Ku5Hg,3183,1733675700,1586,1553
2040,Codeforces Round 992 (Div. 2),wadexin,3183,1733675700,1490,1480
2040,Codeforces Round 992 (Div. 2),Heshi,3183,1733675700,1483,1475
2040,Codeforces Round 992 (Div. 2),DaoDaoYu,3183,1733675700,1584,1551
2040,Codeforces Round 992 (Div. 2),nktan,3183,1733675700,1026,1209
2040,Codeforces Round 992 (Div. 2),AmitPandey-AP,3183,1733675700,1338,1368
2040,Codeforces Round 992 (Div. 2),ISMAILSHADOW,3183,1733675700,1383,1401
2040,Codeforces Round 992 (Div. 2),veljkootac,3183,1733675700,1454,1453
2040,Codeforces Round 992 (Div. 2),code_to_heaven,3183,1733675700,1491,1481
2040,Codeforces Round 992 (Div. 2),Skeptic.,3183,1733675700,1389,1405
2040,Codeforces Round 992 (Div. 2),jiuxiangqingfeng,3183,1733675700,1455,1454
2040,Codeforces Round 992 (Div. 2),alpha1215,3183,1733675700,1679,1623
2040,Codeforces Round 992 (Div. 2),phatchau317,3183,1733675700,1490,1480
2040,Codeforces Round 992 (Div. 2),truth,3183,1733675700,1484,1475
2040,Codeforces Round 992 (Div. 2),Peyman,3183,1733675700,1471,1466
2040,Codeforces Round 992 (Div. 2),SuperJimmy,3183,1733675700,1030,1158
2040,Codeforces Round 992 (Div. 2),position1324,3183,1733675700,1279,1362
2040,Codeforces Round 992 (Div. 2),pandakiller98,3183,1733675700,1219,1284
2040,Codeforces Round 992 (Div. 2),limx,3183,1733675700,1235,1352
2040,Codeforces Round 992 (Div. 2),Evil_Morty_,3183,1733675700,1396,1411
2040,Codeforces Round 992 (Div. 2),xrqqqqq,3183,1733675700,1432,1437
2040,Codeforces Round 992 (Div. 2),Mr_Coder7,3183,1733675700,1485,1476
2040,Codeforces Round 992 (Div. 2),DylanT,3183,1733675700,1285,1330
2040,Codeforces Round 992 (Div. 2),srijon_32,3183,1733675700,1241,1299
2040,Codeforces Round 992 (Div. 2),Tanvir2000,3183,1733675700,1384,1401
2040,Codeforces Round 992 (Div. 2),Sandeep_P,3183,1733675700,1670,1616
2040,Codeforces Round 992 (Div. 2),Slumio,3183,1733675700,1460,1458
2040,Codeforces Round 992 (Div. 2),deepakgoswami0552,3183,1733675700,1348,1376
2040,Codeforces Round 992 (Div. 2),il-pragadish-aak,3183,1733675700,1327,1360
2040,Codeforces Round 992 (Div. 2),au3799,3183,1733675700,1228,1290
2040,Codeforces Round 992 (Div. 2),txnb,3183,1733675700,1665,1613
2040,Codeforces Round 992 (Div. 2),i_m_swachha,3183,1733675700,1664,1612
2040,Codeforces Round 992 (Div. 2),Kartikey_M,3183,1733675700,1182,1258
2040,Codeforces Round 992 (Div. 2),..booom...,3183,1733675700,660,978
2040,Codeforces Round 992 (Div. 2),le0632,3183,1733675700,1038,1254
2040,Codeforces Round 992 (Div. 2),heyyyankit,3183,1733675700,1549,1525
2040,Codeforces Round 992 (Div. 2),animeshm,3183,1733675700,1388,1466
2040,Codeforces Round 992 (Div. 2),Ilya_D_14,3220,1733675700,1571,1540
2040,Codeforces Round 992 (Div. 2),_Ankesh,3220,1733675700,1134,1225
2040,Codeforces Round 992 (Div. 2),Anongoat,3220,1733675700,1433,1437
2040,Codeforces Round 992 (Div. 2),Newbie_T,3220,1733675700,1295,1337
2040,Codeforces Round 992 (Div. 2),george_droyd,3220,1733675700,1931,1819
2040,Codeforces Round 992 (Div. 2),sibashis_12,3220,1733675700,1289,1333
2040,Codeforces Round 992 (Div. 2),Derarinho,3220,1733675700,1570,1540
2040,Codeforces Round 992 (Div. 2),MJSoto,3220,1733675700,1505,1491
2040,Codeforces Round 992 (Div. 2),jokertao,3220,1733675700,1599,1562
2040,Codeforces Round 992 (Div. 2),harshitpareekk,3220,1733675700,1376,1395
2040,Codeforces Round 992 (Div. 2),sha_rdy,3220,1733675700,1664,1611
2040,Codeforces Round 992 (Div. 2),Little123,3220,1733675700,885,1109
2040,Codeforces Round 992 (Div. 2),Rashed_Raiyan_,3220,1733675700,1306,1344
2040,Codeforces Round 992 (Div. 2),journeyCowsHu,3220,1733675700,1254,1307
2040,Codeforces Round 992 (Div. 2),Cb127127,3220,1733675700,1386,1402
2040,Codeforces Round 992 (Div. 2),AU25NirFried,3220,1733675700,508,868
2040,Codeforces Round 992 (Div. 2),xuangou,3220,1733675700,1445,1446
2040,Codeforces Round 992 (Div. 2),buts,3220,1733675700,1444,1445
2040,Codeforces Round 992 (Div. 2),xiaojianhua1110,3220,1733675700,1225,1287
2040,Codeforces Round 992 (Div. 2),Shimu_Guyue,3220,1733675700,1154,1238
2040,Codeforces Round 992 (Div. 2),Archippus,3220,1733675700,1183,1258
2040,Codeforces Round 992 (Div. 2),ankur_27,3220,1733675700,1487,1477
2040,Codeforces Round 992 (Div. 2),Thomas_Shelby_1,3220,1733675700,1382,1399
2040,Codeforces Round 992 (Div. 2),Hritik0101,3220,1733675700,1407,1418
2040,Codeforces Round 992 (Div. 2),iamarman,3220,1733675700,1547,1522
2040,Codeforces Round 992 (Div. 2),ArcticFox,3220,1733675700,1154,1238
2040,Codeforces Round 992 (Div. 2),king_19,3220,1733675700,1364,1386
2040,Codeforces Round 992 (Div. 2),landoanhuuquang,3220,1733675700,1578,1546
2040,Codeforces Round 992 (Div. 2),lovs_code_lx,3220,1733675700,1078,1188
2040,Codeforces Round 992 (Div. 2),__HG,3220,1733675700,1369,1390
2040,Codeforces Round 992 (Div. 2),snakeonfire,3220,1733675700,1267,1387
2040,Codeforces Round 992 (Div. 2),Electro_,3220,1733675700,1075,1186
2040,Codeforces Round 992 (Div. 2),Shivam08,3252,1733675700,1300,1339
2040,Codeforces Round 992 (Div. 2),Anand_Bharti,3252,1733675700,1667,1613
2040,Codeforces Round 992 (Div. 2),mONESY07,3252,1733675700,824,1093
2040,Codeforces Round 992 (Div. 2),viciousvile123,3252,1733675700,901,1076
2040,Codeforces Round 992 (Div. 2),LindL.Taylor,3252,1733675700,552,900
2040,Codeforces Round 992 (Div. 2),zhuo__,3252,1733675700,1771,1693
2040,Codeforces Round 992 (Div. 2),soumybisht1242,3252,1733675700,1441,1442
2040,Codeforces Round 992 (Div. 2),__shubham1611,3252,1733675700,1247,1302
2040,Codeforces Round 992 (Div. 2),louiszhq,3252,1733675700,1274,1321
2040,Codeforces Round 992 (Div. 2),As1236,3252,1733675700,1364,1386
2040,Codeforces Round 992 (Div. 2),AkagiYuu,3252,1733675700,1183,1257
2040,Codeforces Round 992 (Div. 2),vedant_agarwal22,3252,1733675700,1297,1337
2040,Codeforces Round 992 (Div. 2),MugiWada07,3252,1733675700,1261,1370
2040,Codeforces Round 992 (Div. 2),Swarnadip_Kar,3252,1733675700,1358,1382
2040,Codeforces Round 992 (Div. 2),Moni_2,3252,1733675700,1473,1466
2040,Codeforces Round 992 (Div. 2),JA_Tausif,3252,1733675700,1334,1364
2040,Codeforces Round 992 (Div. 2),cutemiku,3252,1733675700,1091,1195
2040,Codeforces Round 992 (Div. 2),coderP860,3252,1733675700,1300,1339
2040,Codeforces Round 992 (Div. 2),sroid_03,3252,1733675700,1612,1571
2040,Codeforces Round 992 (Div. 2),Wageeh,3252,1733675700,1566,1536
2040,Codeforces Round 992 (Div. 2),devsharma1322,3252,1733675700,1441,1442
2040,Codeforces Round 992 (Div. 2),the_keshav.08,3273,1733675700,1437,1438
2040,Codeforces Round 992 (Div. 2),--strawberry--,3273,1733675700,1267,1315
2040,Codeforces Round 992 (Div. 2),arjun2024,3273,1733675700,1215,1279
2040,Codeforces Round 992 (Div. 2),cbl1224,3273,1733675700,1344,1370
2040,Codeforces Round 992 (Div. 2),aujasvit,3273,1733675700,1459,1455
2040,Codeforces Round 992 (Div. 2),OmarMoBadr,3273,1733675700,1540,1515
2040,Codeforces Round 992 (Div. 2),.Habiba.,3273,1733675700,1181,1255
2040,Codeforces Round 992 (Div. 2),StrayDog123,3273,1733675700,420,803
2040,Codeforces Round 992 (Div. 2),jxu,3273,1733675700,1728,1659
2040,Codeforces Round 992 (Div. 2),nibirjoydhar,3273,1733675700,1430,1433
2040,Codeforces Round 992 (Div. 2),mrashid_5919,3273,1733675700,1486,1474
2040,Codeforces Round 992 (Div. 2),ilija_IR_13,3273,1733675700,1419,1425
2040,Codeforces Round 992 (Div. 2),Dcoder10M,3273,1733675700,1484,1473
2040,Codeforces Round 992 (Div. 2),5reep4thy,3273,1733675700,1346,1371
2040,Codeforces Round 992 (Div. 2),Tide,3273,1733675700,1230,1289
2040,Codeforces Round 992 (Div. 2),minal.singh,3273,1733675700,1333,1362
2040,Codeforces Round 992 (Div. 2),human_itizm,3273,1733675700,1457,1453
2040,Codeforces Round 992 (Div. 2),valerio.ceccarelli,3273,1733675700,1043,1163
2040,Codeforces Round 992 (Div. 2),ritik02122002,3273,1733675700,1462,1456
2040,Codeforces Round 992 (Div. 2),subcoder,3273,1733675700,1119,1212
2040,Codeforces Round 992 (Div. 2),olizarowskib,3273,1733675700,1665,1610
2040,Codeforces Round 992 (Div. 2),giri_27,3273,1733675700,1188,1260
2040,Codeforces Round 992 (Div. 2),l0ne_walker,3273,1733675700,1370,1389
2040,Codeforces Round 992 (Div. 2),bkdn24._N_H_A_T_,3273,1733675700,1470,1462
2040,Codeforces Round 992 (Div. 2),moai06,3273,1733675700,1288,1330
2040,Codeforces Round 992 (Div. 2),HolyFuk,3273,1733675700,1197,1266
2040,Codeforces Round 992 (Div. 2),darkEye,3273,1733675700,1447,1445
2040,Codeforces Round 992 (Div. 2),23stuzyp,3273,1733675700,1331,1360
2040,Codeforces Round 992 (Div. 2),cubiuter,3273,1733675700,1211,1275
2040,Codeforces Round 992 (Div. 2),ConsW,3273,1733675700,1466,1459
2040,Codeforces Round 992 (Div. 2),iangz,3273,1733675700,1623,1578
2040,Codeforces Round 992 (Div. 2),Alexandr_White,3273,1733675700,1400,1411
2040,Codeforces Round 992 (Div. 2),genakol,3273,1733675700,1576,1542
2040,Codeforces Round 992 (Div. 2),dryeab,3273,1733675700,1620,1576
2040,Codeforces Round 992 (Div. 2),Kazi_Rasel,3273,1733675700,1286,1328
2040,Codeforces Round 992 (Div. 2),dhrxv._,3273,1733675700,1288,1330
2040,Codeforces Round 992 (Div. 2),merrychristmas911,3273,1733675700,1330,1360
2040,Codeforces Round 992 (Div. 2),S17861031019,3273,1733675700,1293,1333
2040,Codeforces Round 992 (Div. 2),Typed_SIGTERM,3273,1733675700,1146,1231
2040,Codeforces Round 992 (Div. 2),I_SMUFR_YOUR_PEAK,3273,1733675700,1045,1221
2040,Codeforces Round 992 (Div. 2),DEV-endra,3273,1733675700,1322,1354
2040,Codeforces Round 992 (Div. 2),Aber_Kadaber,3314,1733675700,1497,1482
2040,Codeforces Round 992 (Div. 2),suancai,3314,1733675700,1315,1348
2040,Codeforces Round 992 (Div. 2),Susshanth,3314,1733675700,1508,1490
2040,Codeforces Round 992 (Div. 2),ALOMGIR_27,3314,1733675700,1438,1438
2040,Codeforces Round 992 (Div. 2),koder404,3314,1733675700,1354,1376
2040,Codeforces Round 992 (Div. 2),stevengongg,3314,1733675700,1471,1462
2040,Codeforces Round 992 (Div. 2),BlackCatMagic,3314,1733675700,1353,1376
2040,Codeforces Round 992 (Div. 2),YouKnowCipher,3314,1733675700,1428,1431
2040,Codeforces Round 992 (Div. 2),Beblet,3314,1733675700,1186,1257
2040,Codeforces Round 992 (Div. 2),tanvir_005,3314,1733675700,1271,1317
2040,Codeforces Round 992 (Div. 2),170zhiyixi,3314,1733675700,1398,1408
2040,Codeforces Round 992 (Div. 2),TEFA,3314,1733675700,1335,1363
2040,Codeforces Round 992 (Div. 2),krish.mangal,3314,1733675700,1506,1489
2040,Codeforces Round 992 (Div. 2),5imp,3314,1733675700,1187,1258
2040,Codeforces Round 992 (Div. 2),Nomia,3314,1733675700,1329,1358
2040,Codeforces Round 992 (Div. 2),aayushkuloor,3314,1733675700,1236,1292
2040,Codeforces Round 992 (Div. 2),yashagrawal20,3314,1733675700,1227,1286
2040,Codeforces Round 992 (Div. 2),UD_071,3314,1733675700,1486,1474
2040,Codeforces Round 992 (Div. 2),perfume_,3314,1733675700,1259,1308
2040,Codeforces Round 992 (Div. 2),Valan_Tamil_Dasan,3314,1733675700,1398,1408
2040,Codeforces Round 992 (Div. 2),Daniyal.a,3314,1733675700,1368,1387
2040,Codeforces Round 992 (Div. 2),nithin0810,3314,1733675700,1455,1451
2040,Codeforces Round 992 (Div. 2),AdityaxBhatt,3314,1733675700,1247,1300
2040,Codeforces Round 992 (Div. 2),shiven-fan,3314,1733675700,1025,1241
2040,Codeforces Round 992 (Div. 2),OCDManiac,3314,1733675700,1019,1201
2040,Codeforces Round 992 (Div. 2),gungunsingh29,3314,1733675700,1582,1547
2040,Codeforces Round 992 (Div. 2),ihy,3314,1733675700,1025,1205
2040,Codeforces Round 992 (Div. 2),RohitYuvaraJJadekar,3341,1733675700,1191,1260
2040,Codeforces Round 992 (Div. 2),ag._.,3341,1733675700,1607,1564
2040,Codeforces Round 992 (Div. 2),kovid17,3341,1733675700,1332,1359
2040,Codeforces Round 992 (Div. 2),lwg,3341,1733675700,1428,1429
2040,Codeforces Round 992 (Div. 2),AU25_Chaim,3341,1733675700,0,514
2040,Codeforces Round 992 (Div. 2),afxhsjodo,3341,1733675700,1509,1490
2040,Codeforces Round 992 (Div. 2),14_divided_by_6,3341,1733675700,1352,1410
2040,Codeforces Round 992 (Div. 2),wapiex,3341,1733675700,1424,1427
2040,Codeforces Round 992 (Div. 2),SXZZ5,3341,1733675700,1368,1385
2040,Codeforces Round 992 (Div. 2),619,3341,1733675700,1625,1578
2040,Codeforces Round 992 (Div. 2),_upid__,3341,1733675700,1565,1532
2040,Codeforces Round 992 (Div. 2),Runneso,3341,1733675700,1050,1198
2040,Codeforces Round 992 (Div. 2),alienable,3341,1733675700,1521,1499
2040,Codeforces Round 992 (Div. 2),JR_Riyad,3341,1733675700,1218,1278
2040,Codeforces Round 992 (Div. 2),_ar07,3341,1733675700,1474,1464
2040,Codeforces Round 992 (Div. 2),adityaparmar9813,3341,1733675700,1423,1426
2040,Codeforces Round 992 (Div. 2),falcon_2002,3341,1733675700,1552,1523
2040,Codeforces Round 992 (Div. 2),utkarsh031,3341,1733675700,1090,1191
2040,Codeforces Round 992 (Div. 2),whn,3341,1733675700,1899,1791
2040,Codeforces Round 992 (Div. 2),keaucucal,3341,1733675700,1507,1488
2040,Codeforces Round 992 (Div. 2),Dreent,3341,1733675700,1285,1326
2040,Codeforces Round 992 (Div. 2),liza_denisova,3341,1733675700,1533,1508
2040,Codeforces Round 992 (Div. 2),poco_oi,3341,1733675700,1357,1438
2040,Codeforces Round 992 (Div. 2),y_a_s_2026,3341,1733675700,1256,1305
2040,Codeforces Round 992 (Div. 2),Newbie-1,3341,1733675700,1419,1423
2040,Codeforces Round 992 (Div. 2),Araceae,3341,1733675700,1396,1406
2040,Codeforces Round 992 (Div. 2),C_liar,3341,1733675700,1467,1458
2040,Codeforces Round 992 (Div. 2),Kakeru_Diachi,3341,1733675700,1377,1392
2040,Codeforces Round 992 (Div. 2),Mohamed_3nan,3341,1733675700,1337,1363
2040,Codeforces Round 992 (Div. 2),_Raunak_,3341,1733675700,1150,1232
2040,Codeforces Round 992 (Div. 2),Karabey17,3341,1733675700,1180,1252
2040,Codeforces Round 992 (Div. 2),wcarrotw,3341,1733675700,985,1124
2040,Codeforces Round 992 (Div. 2),emy33,3341,1733675700,1361,1380
2040,Codeforces Round 992 (Div. 2),mahirj23,3341,1733675700,1368,1385
2040,Codeforces Round 992 (Div. 2),zyxwv,3341,1733675700,1415,1420
2040,Codeforces Round 992 (Div. 2),Glitch007,3341,1733675700,1248,1299
2040,Codeforces Round 992 (Div. 2),Bugmakerr,3341,1733675700,1215,1276
2040,Codeforces Round 992 (Div. 2),crying_hamster,3341,1733675700,1067,1176
2040,Codeforces Round 992 (Div. 2),Bejoker,3379,1733675700,1748,1672
2040,Codeforces Round 992 (Div. 2),Home1ander,3379,1733675700,1256,1305
2040,Codeforces Round 992 (Div. 2),Future_Hustler,3379,1733675700,1620,1574
2040,Codeforces Round 992 (Div. 2),Eclipsed1.1,3379,1733675700,1408,1414
2040,Codeforces Round 992 (Div. 2),CharlotteTomoriNao,3379,1733675700,385,775
2040,Codeforces Round 992 (Div. 2),Ankit_1703,3379,1733675700,1327,1355
2040,Codeforces Round 992 (Div. 2),Senku,3379,1733675700,1606,1563
2040,Codeforces Round 992 (Div. 2),-HossaM-,3379,1733675700,1345,1368
2040,Codeforces Round 992 (Div. 2),trtduong301,3379,1733675700,1378,1392
2040,Codeforces Round 992 (Div. 2),big_hongbao1,3379,1733675700,504,861
2040,Codeforces Round 992 (Div. 2),Parmida,3379,1733675700,1408,1414
2040,Codeforces Round 992 (Div. 2),porcelli,3379,1733675700,1302,1337
2040,Codeforces Round 992 (Div. 2),Priyanshu95m,3379,1733675700,1178,1250
2040,Codeforces Round 992 (Div. 2),yarinys,3379,1733675700,1271,1315
2040,Codeforces Round 992 (Div. 2),Darshan_9405,3379,1733675700,1502,1484
2040,Codeforces Round 992 (Div. 2),Khushhal,3379,1733675700,1427,1428
2040,Codeforces Round 992 (Div. 2),Shiroha_Naruse,3379,1733675700,1247,1298
2040,Codeforces Round 992 (Div. 2),zhuzhengxin,3379,1733675700,1303,1338
2040,Codeforces Round 992 (Div. 2),nraj25,3379,1733675700,1337,1362
2040,Codeforces Round 992 (Div. 2),Kulakov_Artem,3379,1733675700,1157,1236
2040,Codeforces Round 992 (Div. 2),hangz,3379,1733675700,1333,1359
2040,Codeforces Round 992 (Div. 2),hardsinc,3379,1733675700,1447,1443
2040,Codeforces Round 992 (Div. 2),Goutham_ur,3379,1733675700,1328,1355
2040,Codeforces Round 992 (Div. 2),euyogi,3379,1733675700,1504,1485
2040,Codeforces Round 992 (Div. 2),jaiswalXKrish,3403,1733675700,1283,1322
2040,Codeforces Round 992 (Div. 2),MQMH,3403,1733675700,1195,1261
2040,Codeforces Round 992 (Div. 2),ricardo-s,3403,1733675700,1335,1360
2040,Codeforces Round 992 (Div. 2),stefR_2008,3403,1733675700,1424,1425
2040,Codeforces Round 992 (Div. 2),automac,3403,1733675700,1820,1727
2040,Codeforces Round 992 (Div. 2),TravisBickle,3403,1733675700,1516,1494
2040,Codeforces Round 992 (Div. 2),UItace,3403,1733675700,1518,1496
2040,Codeforces Round 992 (Div. 2),A.R.A,3403,1733675700,1511,1491
2040,Codeforces Round 992 (Div. 2),cthsm,3403,1733675700,1415,1418
2040,Codeforces Round 992 (Div. 2),_KingBob_,3403,1733675700,1453,1446
2040,Codeforces Round 992 (Div. 2),AnteTheDestroyer,3403,1733675700,1334,1359
2040,Codeforces Round 992 (Div. 2),manoj95713,3403,1733675700,1407,1412
2040,Codeforces Round 992 (Div. 2),keshav1602agarwal,3403,1733675700,963,1108
2040,Codeforces Round 992 (Div. 2),mub.ch,3403,1733675700,1639,1587
2040,Codeforces Round 992 (Div. 2),mrkanty,3403,1733675700,1603,1560
2040,Codeforces Round 992 (Div. 2),sunny_76,3403,1733675700,1351,1371
2040,Codeforces Round 992 (Div. 2),AyushRaj1205,3403,1733675700,1230,1285
2040,Codeforces Round 992 (Div. 2),chenhh_ddl,3403,1733675700,1048,1162
2040,Codeforces Round 992 (Div. 2),AraBahi,3403,1733675700,1139,1286
2040,Codeforces Round 992 (Div. 2),Lotuc_29,3403,1733675700,1033,1202
2040,Codeforces Round 992 (Div. 2),TheMarioFan102,3403,1733675700,1549,1519
2040,Codeforces Round 992 (Div. 2),0nmYWaY,3403,1733675700,1208,1270
2040,Codeforces Round 992 (Div. 2),dipaR,3403,1733675700,1387,1397
2040,Codeforces Round 992 (Div. 2),kartik__sethi,3403,1733675700,1620,1573
2040,Codeforces Round 992 (Div. 2),zsq_,3403,1733675700,1536,1509
2040,Codeforces Round 992 (Div. 2),chroot_,3403,1733675700,1530,1505
2040,Codeforces Round 992 (Div. 2),Alikhan228,3403,1733675700,1296,1331
2040,Codeforces Round 992 (Div. 2),Shanddosh,3403,1733675700,944,1096
2040,Codeforces Round 992 (Div. 2),nazibur175,3403,1733675700,1527,1502
2040,Codeforces Round 992 (Div. 2),dedseczayad,3403,1733675700,1203,1266
2040,Codeforces Round 992 (Div. 2),thak_gya_hun_vro,3403,1733675700,1406,1412
2040,Codeforces Round 992 (Div. 2),CodaDireitoMlk,3403,1733675700,1390,1462
2040,Codeforces Round 992 (Div. 2),jallow323,3403,1733675700,659,970
2040,Codeforces Round 992 (Div. 2),devbhutani10,3436,1733675700,1303,1336
2040,Codeforces Round 992 (Div. 2),manhstr208,3436,1733675700,990,1124
2040,Codeforces Round 992 (Div. 2),mad_tom_1,3436,1733675700,1428,1427
2040,Codeforces Round 992 (Div. 2),Supersidd,3436,1733675700,1482,1467
2040,Codeforces Round 992 (Div. 2),Xecutioner,3436,1733675700,0,511
2040,Codeforces Round 992 (Div. 2),IshiK,3436,1733675700,1488,1472
2040,Codeforces Round 992 (Div. 2),HCCoder,3436,1733675700,1208,1268
2040,Codeforces Round 992 (Div. 2),_Jovian,3436,1733675700,1196,1317
2040,Codeforces Round 992 (Div. 2),aadit59,3436,1733675700,1241,1292
2040,Codeforces Round 992 (Div. 2),Newtonabc,3436,1733675700,1488,1472
2040,Codeforces Round 992 (Div. 2),sagorahmedmunna,3436,1733675700,1487,1471
2040,Codeforces Round 992 (Div. 2),Eduardmm,3436,1733675700,1289,1326
2040,Codeforces Round 992 (Div. 2),TanYaoCong,3436,1733675700,1226,1281
2040,Codeforces Round 992 (Div. 2),adarshawasthi29,3436,1733675700,1172,1244
2040,Codeforces Round 992 (Div. 2),starback24,3436,1733675700,1752,1673
2040,Codeforces Round 992 (Div. 2),my_momhatesme,3436,1733675700,1194,1259
2040,Codeforces Round 992 (Div. 2),shubhamjee,3436,1733675700,1390,1399
2040,Codeforces Round 992 (Div. 2),E1e3_fan,3436,1733675700,1212,1272
2040,Codeforces Round 992 (Div. 2),f___off,3436,1733675700,1327,1353
2040,Codeforces Round 992 (Div. 2),Forty0909,3436,1733675700,1333,1357
2040,Codeforces Round 992 (Div. 2),Betelgeyze,3436,1733675700,1604,1560
2040,Codeforces Round 992 (Div. 2),Abhi050705,3436,1733675700,1271,1313
2040,Codeforces Round 992 (Div. 2),pranabmishra2602,3436,1733675700,1079,1181
2040,Codeforces Round 992 (Div. 2),Trust_me_Bro,3436,1733675700,825,1023
2040,Codeforces Round 992 (Div. 2),Muhammad-Mutahir,3436,1733675700,1127,1213
2040,Codeforces Round 992 (Div. 2),pvpwarrior,3436,1733675700,1262,1306
2040,Codeforces Round 992 (Div. 2),daviromao,3436,1733675700,1182,1250
2040,Codeforces Round 992 (Div. 2),borekking,3436,1733675700,1376,1389
2040,Codeforces Round 992 (Div. 2),disastrous_devil,3436,1733675700,1433,1431
2040,Codeforces Round 992 (Div. 2),Ahnaf.Shahriar.Asif,3436,1733675700,1424,1424
2040,Codeforces Round 992 (Div. 2),tamal_63,3436,1733675700,1278,1318
2040,Codeforces Round 992 (Div. 2),coord_axis,3436,1733675700,1272,1314
2040,Codeforces Round 992 (Div. 2),Ishan_420,3436,1733675700,1171,1243
2040,Codeforces Round 992 (Div. 2),PhotonRush,3436,1733675700,490,849
2040,Codeforces Round 992 (Div. 2),mkaran9721,3436,1733675700,1312,1342
2040,Codeforces Round 992 (Div. 2),___Y___,3436,1733675700,1540,1549
2040,Codeforces Round 992 (Div. 2),dubtikashti,3436,1733675700,1623,1574
2040,Codeforces Round 992 (Div. 2),SayMyName_,3473,1733675700,1433,1430
2040,Codeforces Round 992 (Div. 2),ZMUY,3473,1733675700,1303,1335
2040,Codeforces Round 992 (Div. 2),El_Farag,3473,1733675700,1435,1431
2040,Codeforces Round 992 (Div. 2),olimp666,3473,1733675700,1218,1274
2040,Codeforces Round 992 (Div. 2),death_01,3473,1733675700,1485,1468
2040,Codeforces Round 992 (Div. 2),Zhaoziper,3473,1733675700,0,510
2040,Codeforces Round 992 (Div. 2),lxer,3473,1733675700,1352,1370
2040,Codeforces Round 992 (Div. 2),htaal,3473,1733675700,969,1109
2040,Codeforces Round 992 (Div. 2),RegtLu,3473,1733675700,1252,1298
2040,Codeforces Round 992 (Div. 2),t_kr_sinha,3473,1733675700,1159,1299
2040,Codeforces Round 992 (Div. 2),arpan_patel,3473,1733675700,1455,1446
2040,Codeforces Round 992 (Div. 2),Saif_Ahmed008,3473,1733675700,1359,1375
2040,Codeforces Round 992 (Div. 2),Sameer_Raj,3473,1733675700,1404,1408
2040,Codeforces Round 992 (Div. 2),HouzMeIfYouCan,3473,1733675700,1324,1350
2040,Codeforces Round 992 (Div. 2),mostafaemad2007,3473,1733675700,1368,1382
2040,Codeforces Round 992 (Div. 2),Pramoddd,3473,1733675700,1227,1281
2040,Codeforces Round 992 (Div. 2),udkwho,3473,1733675700,0,510
2040,Codeforces Round 992 (Div. 2),Vardhan1729,3473,1733675700,1182,1249
2040,Codeforces Round 992 (Div. 2),AGcodes,3473,1733675700,1344,1364
2040,Codeforces Round 992 (Div. 2),msvardhan19,3473,1733675700,1564,1528
2040,Codeforces Round 992 (Div. 2),kubrick,3473,1733675700,725,1015
2040,Codeforces Round 992 (Div. 2),Hedjerford,3473,1733675700,1185,1251
2040,Codeforces Round 992 (Div. 2),delwar_03_,3473,1733675700,1371,1384
2040,Codeforces Round 992 (Div. 2),Chen_kl,3473,1733675700,1106,1198
2040,Codeforces Round 992 (Div. 2),Arc.,3473,1733675700,375,765
2040,Codeforces Round 992 (Div. 2),bayazit,3473,1733675700,1025,1177
2040,Codeforces Round 992 (Div. 2),m1ghtyc4ndl3,3473,1733675700,1071,1234
2040,Codeforces Round 992 (Div. 2),vlibrovs,3473,1733675700,447,816
2040,Codeforces Round 992 (Div. 2),DataMaverik,3473,1733675700,1183,1250
2040,Codeforces Round 992 (Div. 2),Ny0n,3473,1733675700,1255,1300
2040,Codeforces Round 992 (Div. 2),1926406757,3473,1733675700,1269,1311
2040,Codeforces Round 992 (Div. 2),Time__less,3473,1733675700,775,1050
2040,Codeforces Round 992 (Div. 2),aman_0001,3473,1733675700,1294,1328
2040,Codeforces Round 992 (Div. 2),LogN_26,3473,1733675700,1152,1284
2040,Codeforces Round 992 (Div. 2),NazmulGo,3473,1733675700,1148,1226
2040,Codeforces Round 992 (Div. 2),chaserxJ,3473,1733675700,1367,1381
2040,Codeforces Round 992 (Div. 2),zouzhuoang,3473,1733675700,1151,1228
2040,Codeforces Round 992 (Div. 2),cyanby2025,3473,1733675700,1188,1321
2040,Codeforces Round 992 (Div. 2),tmpy,3473,1733675700,1055,1215
2040,Codeforces Round 992 (Div. 2),chanakya208,3473,1733675700,1149,1227
2040,Codeforces Round 992 (Div. 2),chodoinguoiayveday,3473,1733675700,1426,1424
2040,Codeforces Round 992 (Div. 2),mnzb2000,3514,1733675700,1466,1453
2040,Codeforces Round 992 (Div. 2),_Akle,3514,1733675700,1419,1418
2040,Codeforces Round 992 (Div. 2),Bitumen,3514,1733675700,454,820
2040,Codeforces Round 992 (Div. 2),tenick,3514,1733675700,1379,1388
2040,Codeforces Round 992 (Div. 2),BkR_70,3514,1733675700,1173,1242
2040,Codeforces Round 992 (Div. 2),haveOlogntime,3514,1733675700,1286,1321
2040,Codeforces Round 992 (Div. 2),Muso228,3514,1733675700,1744,1665
2040,Codeforces Round 992 (Div. 2),Prabhupada,3514,1733675700,1173,1242
2040,Codeforces Round 992 (Div. 2),CCying444,3514,1733675700,1357,1372
2040,Codeforces Round 992 (Div. 2),lzpeye,3514,1733675700,1251,1296
2040,Codeforces Round 992 (Div. 2),Dipto_801,3514,1733675700,1260,1302
2040,Codeforces Round 992 (Div. 2),xiyangdaxia,3514,1733675700,1020,1140
2040,Codeforces Round 992 (Div. 2),brawler45,3514,1733675700,1491,1471
2040,Codeforces Round 992 (Div. 2),BlAckZeBrA155,3514,1733675700,1086,1235
2040,Codeforces Round 992 (Div. 2),wwwa233,3514,1733675700,1360,1374
2040,Codeforces Round 992 (Div. 2),arghyadhali,3514,1733675700,1429,1426
2040,Codeforces Round 992 (Div. 2),WildUtah,3514,1733675700,1792,1703
2040,Codeforces Round 992 (Div. 2),newhandone,3514,1733675700,1383,1391
2040,Codeforces Round 992 (Div. 2),Messenge2,3514,1733675700,1217,1272
2040,Codeforces Round 992 (Div. 2),arselium,3514,1733675700,1221,1333
2040,Codeforces Round 992 (Div. 2),mrikt,3514,1733675700,1381,1390
2040,Codeforces Round 992 (Div. 2),Gyanendra_512,3514,1733675700,1103,1194
2040,Codeforces Round 992 (Div. 2),Argelys,3514,1733675700,1807,1714
2040,Codeforces Round 992 (Div. 2),nguyenvietanhc2123,3514,1733675700,459,823
2040,Codeforces Round 992 (Div. 2),Mr.Perfect_,3514,1733675700,1414,1414
2040,Codeforces Round 992 (Div. 2),Hephaestus_X,3514,1733675700,1306,1335
2040,Codeforces Round 992 (Div. 2),suman0624,3514,1733675700,1245,1292
2040,Codeforces Round 992 (Div. 2),farhan_2204,3514,1733675700,1320,1345
2040,Codeforces Round 992 (Div. 2),whb569,3514,1733675700,1468,1454
2040,Codeforces Round 992 (Div. 2),ERin_cy,3514,1733675700,1246,1292
2040,Codeforces Round 992 (Div. 2),Milotic,3514,1733675700,1373,1384
2040,Codeforces Round 992 (Div. 2),prakhar7472pk,3514,1733675700,1266,1307
2040,Codeforces Round 992 (Div. 2),king_97,3514,1733675700,1183,1248
2040,Codeforces Round 992 (Div. 2),sweet007,3514,1733675700,1192,1255
2040,Codeforces Round 992 (Div. 2),XmHz,3514,1733675700,1128,1211
2040,Codeforces Round 992 (Div. 2),jkulanko,3514,1733675700,1400,1404
2040,Codeforces Round 992 (Div. 2),tejasvinig,3514,1733675700,1081,1180
2040,Codeforces Round 992 (Div. 2),Mrkimedo,3514,1733675700,1096,1189
2040,Codeforces Round 992 (Div. 2),singhpratyush1805,3514,1733675700,1276,1314
2040,Codeforces Round 992 (Div. 2),vasubhrdwj,3514,1733675700,1036,1150
2040,Codeforces Round 992 (Div. 2),cefegent,3514,1733675700,1229,1281
2040,Codeforces Round 992 (Div. 2),INGE10GRAY,3514,1733675700,1309,1337
2040,Codeforces Round 992 (Div. 2),aditya_patil71,3514,1733675700,1347,1365
2040,Codeforces Round 992 (Div. 2),subhammldlgh,3514,1733675700,1289,1323
2040,Codeforces Round 992 (Div. 2),_ViBhor_,3514,1733675700,1312,1340
2040,Codeforces Round 992 (Div. 2),ArturPP,3514,1733675700,1394,1399
2040,Codeforces Round 992 (Div. 2),_ayann_,3514,1733675700,1370,1382
2040,Codeforces Round 992 (Div. 2),thecloud,3514,1733675700,1609,1562
2040,Codeforces Round 992 (Div. 2),RedCree,3514,1733675700,999,1181
2040,Codeforces Round 992 (Div. 2),jatint_05,3563,1733675700,1372,1382
2040,Codeforces Round 992 (Div. 2),Jay_yadav93,3563,1733675700,1393,1398
2040,Codeforces Round 992 (Div. 2),SKRAY_059,3563,1733675700,1156,1229
2040,Codeforces Round 992 (Div. 2),daksh_singh,3563,1733675700,1232,1282
2040,Codeforces Round 992 (Div. 2),velzebub,3563,1733675700,1081,1178
2040,Codeforces Round 992 (Div. 2),srikar2429,3563,1733675700,1164,1234
2040,Codeforces Round 992 (Div. 2),kunalnishanttyagi,3563,1733675700,1070,1171
2040,Codeforces Round 992 (Div. 2),Virat__Kohli,3563,1733675700,1394,1399
2040,Codeforces Round 992 (Div. 2),adwikon,3563,1733675700,1340,1359
2040,Codeforces Round 992 (Div. 2),snowden_03,3563,1733675700,1199,1259
2040,Codeforces Round 992 (Div. 2),AtulKS,3563,1733675700,1350,1366
2040,Codeforces Round 992 (Div. 2),not_aayushbg,3563,1733675700,1280,1375
2040,Codeforces Round 992 (Div. 2),fuckyouhahaha,3563,1733675700,1537,1506
2040,Codeforces Round 992 (Div. 2),mayank_singal,3563,1733675700,467,829
2040,Codeforces Round 992 (Div. 2),milk81,3563,1733675700,1316,1342
2040,Codeforces Round 992 (Div. 2),Ashraqt_Muhammad,3563,1733675700,1221,1274
2040,Codeforces Round 992 (Div. 2),jack170,3563,1733675700,1633,1579
2040,Codeforces Round 992 (Div. 2),YASH_JAISWAL,3563,1733675700,1200,1259
2040,Codeforces Round 992 (Div. 2),mukhin_kostya,3563,1733675700,1585,1542
2040,Codeforces Round 992 (Div. 2),SnehDadhania,3563,1733675700,1332,1353
2040,Codeforces Round 992 (Div. 2),tt12,3563,1733675700,1787,1698
2040,Codeforces Round 992 (Div. 2),Xier,3563,1733675700,1760,1677
2040,Codeforces Round 992 (Div. 2),sumit_kum,3563,1733675700,1320,1344
2040,Codeforces Round 992 (Div. 2),Mk72,3563,1733675700,1510,1485
2040,Codeforces Round 992 (Div. 2),__CodeArtisan__,3563,1733675700,1128,1210
2040,Codeforces Round 992 (Div. 2),hethtina,3563,1733675700,1313,1339
2040,Codeforces Round 992 (Div. 2),goextreme,3563,1733675700,1012,1134
2040,Codeforces Round 992 (Div. 2),Basdy,3563,1733675700,1316,1342
2040,Codeforces Round 992 (Div. 2),kuaileqiewuyou,3563,1733675700,1184,1248
2040,Codeforces Round 992 (Div. 2),XoLeRyTeR,3563,1733675700,1645,1588
2040,Codeforces Round 992 (Div. 2),VoHT,3563,1733675700,1486,1467
2040,Codeforces Round 992 (Div. 2),tr25,3563,1733675700,1408,1409
2040,Codeforces Round 992 (Div. 2),gan_yu,3563,1733675700,1078,1176
2040,Codeforces Round 992 (Div. 2),Hanyilin,3563,1733675700,1249,1294
2040,Codeforces Round 992 (Div. 2),Thundervolt,3597,1733675700,1467,1452
2040,Codeforces Round 992 (Div. 2),dangdao123,3597,1733675700,799,1042
2040,Codeforces Round 992 (Div. 2),Yo_Yo_Yogi,3597,1733675700,1561,1523
2040,Codeforces Round 992 (Div. 2),joshthoo,3597,1733675700,0,507
2040,Codeforces Round 992 (Div. 2),CandidFlakes,3597,1733675700,1290,1321
2040,Codeforces Round 992 (Div. 2),shai_hulud,3597,1733675700,1236,1284
2040,Codeforces Round 992 (Div. 2),MK4624,3597,1733675700,1467,1452
2040,Codeforces Round 992 (Div. 2),donpaul2718,3597,1733675700,1580,1537
2040,Codeforces Round 992 (Div. 2),cout.flush,3597,1733675700,1350,1365
2040,Codeforces Round 992 (Div. 2),shaikjameelurrahaman,3597,1733675700,1143,1219
2040,Codeforces Round 992 (Div. 2),Morpheus117,3597,1733675700,0,507
2040,Codeforces Round 992 (Div. 2),dd22cs01048,3597,1733675700,1453,1441
2040,Codeforces Round 992 (Div. 2),kalkanivaibhav0927,3597,1733675700,1451,1440
2040,Codeforces Round 992 (Div. 2),mhieu0601,3597,1733675700,1588,1543
2040,Codeforces Round 992 (Div. 2),shiwani_shrivastava,3597,1733675700,1155,1227
2040,Codeforces Round 992 (Div. 2),wang_ye_xin,3597,1733675700,1106,1194
2040,Codeforces Round 992 (Div. 2),sacalgo,3597,1733675700,1178,1243
2040,Codeforces Round 992 (Div. 2),25-din-me-rating-double,3597,1733675700,1255,1297
2040,Codeforces Round 992 (Div. 2),pragati_iitk,3597,1733675700,1300,1329
2040,Codeforces Round 992 (Div. 2),Hotash_CP_Kore_Lav_Nai,3597,1733675700,1210,1265
2040,Codeforces Round 992 (Div. 2),Adarsh23078090,3597,1733675700,964,1102
2040,Codeforces Round 992 (Div. 2),nilan425,3597,1733675700,1485,1465
2040,Codeforces Round 992 (Div. 2),Abeke,3597,1733675700,1584,1540
2040,Codeforces Round 992 (Div. 2),Mikasa_Kira,3597,1733675700,1129,1209
2040,Codeforces Round 992 (Div. 2),salehin_076923,3597,1733675700,1216,1269
2040,Codeforces Round 992 (Div. 2),Snow_White,3597,1733675700,1106,1194
2040,Codeforces Round 992 (Div. 2),cubinguy,3597,1733675700,925,1126
2040,Codeforces Round 992 (Div. 2),BayernForce,3597,1733675700,1436,1428
2040,Codeforces Round 992 (Div. 2),GaiyaMoo,3597,1733675700,1574,1533
2040,Codeforces Round 992 (Div. 2),RevanTheGreat,3597,1733675700,0,507
2040,Codeforces Round 992 (Div. 2),Jache,3597,1733675700,1158,1229
2040,Codeforces Round 992 (Div. 2),atharvmandpe2,3597,1733675700,1560,1522
2040,Codeforces Round 992 (Div. 2),RainZhong,3597,1733675700,1149,1223
2040,Codeforces Round 992 (Div. 2),Sakshamjain545,3597,1733675700,1317,1341
2040,Codeforces Round 992 (Div. 2),MiHiR_Kr.,3597,1733675700,1351,1366
2040,Codeforces Round 992 (Div. 2),varun-1728,3597,1733675700,1263,1302
2040,Codeforces Round 992 (Div. 2),vaibhavyadavv32,3597,1733675700,1305,1333
2040,Codeforces Round 992 (Div. 2),tony4875,3597,1733675700,1215,1269
2040,Codeforces Round 992 (Div. 2),HardikG12,3597,1733675700,1563,1524
2040,Codeforces Round 992 (Div. 2),mg_05,3597,1733675700,1463,1449
2040,Codeforces Round 992 (Div. 2),RVAN1102,3597,1733675700,699,992
2040,Codeforces Round 992 (Div. 2),naromil,3597,1733675700,1137,1270
2040,Codeforces Round 992 (Div. 2),alyosha,3597,1733675700,1370,1380
2040,Codeforces Round 992 (Div. 2),T.a.c.h.y.o.n.,3640,1733675700,1367,1377
2040,Codeforces Round 992 (Div. 2),reembirawi,3640,1733675700,1312,1337
2040,Codeforces Round 992 (Div. 2),King_lsyuan,3640,1733675700,1086,1179
2040,Codeforces Round 992 (Div. 2),aksharpathak897,3640,1733675700,1188,1249
2040,Codeforces Round 992 (Div. 2),Hasib.13,3640,1733675700,1269,1306
2040,Codeforces Round 992 (Div. 2),bazaraa,3640,1733675700,1301,1329
2040,Codeforces Round 992 (Div. 2),BzzzR,3640,1733675700,1578,1535
2040,Codeforces Round 992 (Div. 2),xanderxanderfto,3640,1733675700,704,995
2040,Codeforces Round 992 (Div. 2),Quantum_Beast,3640,1733675700,1258,1298
2040,Codeforces Round 992 (Div. 2),VicMac,3640,1733675700,1431,1424
2040,Codeforces Round 992 (Div. 2),B4NK0R1L053,3640,1733675700,1273,1309
2040,Codeforces Round 992 (Div. 2),shivank_dixit,3640,1733675700,1097,1186
2040,Codeforces Round 992 (Div. 2),Unknown_rebound,3640,1733675700,1240,1285
2040,Codeforces Round 992 (Div. 2),noob_coder19,3640,1733675700,1270,1306
2040,Codeforces Round 992 (Div. 2),_ASRafi__,3640,1733675700,1281,1314
2040,Codeforces Round 992 (Div. 2),arpit900shukla,3640,1733675700,1238,1284
2040,Codeforces Round 992 (Div. 2),Peaky_Grinder,3640,1733675700,1607,1557
2040,Codeforces Round 992 (Div. 2),tspradley,3640,1733675700,1258,1298
2040,Codeforces Round 992 (Div. 2),soumya_jeet,3640,1733675700,1081,1176
2040,Codeforces Round 992 (Div. 2),Mostafa_Alaa99,3640,1733675700,1391,1394
2040,Codeforces Round 992 (Div. 2),Fehtor,3640,1733675700,1184,1246
2040,Codeforces Round 992 (Div. 2),Jim_X,3640,1733675700,919,1120
2040,Codeforces Round 992 (Div. 2),Moamenato,3640,1733675700,1180,1243
2040,Codeforces Round 992 (Div. 2),Lincoll_coco,3640,1733675700,453,816
2040,Codeforces Round 992 (Div. 2),Q1anAnAn,3640,1733675700,1071,1169
2040,Codeforces Round 992 (Div. 2),cc150119,3640,1733675700,917,1072
2040,Codeforces Round 992 (Div. 2),shivam1222,3640,1733675700,1317,1340
2040,Codeforces Round 992 (Div. 2),hellopersonglobal,3640,1733675700,1215,1303
2040,Codeforces Round 992 (Div. 2),skill_Issued,3640,1733675700,1620,1567
2040,Codeforces Round 992 (Div. 2),LastExecutioner,3640,1733675700,1390,1394
2040,Codeforces Round 992 (Div. 2),TheArcticWolf,3640,1733675700,1392,1395
2040,Codeforces Round 992 (Div. 2),j.colada,3640,1733675700,1170,1237
2040,Codeforces Round 992 (Div. 2),kunj_kheni,3640,1733675700,1470,1453
2040,Codeforces Round 992 (Div. 2),gymcherish,3640,1733675700,1116,1263
2040,Codeforces Round 992 (Div. 2),petuk75,3674,1733675700,1361,1371
2040,Codeforces Round 992 (Div. 2),rishu_sharma,3674,1733675700,1100,1187
2040,Codeforces Round 992 (Div. 2),Aman_27p,3674,1733675700,1197,1254
2040,Codeforces Round 992 (Div. 2),Adhoc,3674,1733675700,1460,1444
2040,Codeforces Round 992 (Div. 2),ZalenoToTo,3674,1733675700,1366,1375
2040,Codeforces Round 992 (Div. 2),102301635fushijie,3674,1733675700,1440,1429
2040,Codeforces Round 992 (Div. 2),Jerester,3674,1733675700,1137,1212
2040,Codeforces Round 992 (Div. 2),rishitverma,3674,1733675700,1149,1221
2040,Codeforces Round 992 (Div. 2),prasukbajaj08,3674,1733675700,1212,1264
2040,Codeforces Round 992 (Div. 2),Ranjeet_yadav,3674,1733675700,1245,1287
2040,Codeforces Round 992 (Div. 2),chandanrupal8122,3674,1733675700,1382,1386
2040,Codeforces Round 992 (Div. 2),the_only_noob,3674,1733675700,1763,1677
2040,Codeforces Round 992 (Div. 2),Aditya_Anand,3674,1733675700,1540,1505
2040,Codeforces Round 992 (Div. 2),The_Chosen_One666,3674,1733675700,1572,1529
2040,Codeforces Round 992 (Div. 2),Faisal-Saqib,3674,1733675700,1862,1754
2040,Codeforces Round 992 (Div. 2),div2__,3674,1733675700,968,1153
2040,Codeforces Round 992 (Div. 2),LordPranjay,3674,1733675700,1397,1398
2040,Codeforces Round 992 (Div. 2),anonim.tzw.gall,3674,1733675700,0,505
2040,Codeforces Round 992 (Div. 2),zilvren,3674,1733675700,1461,1445
2040,Codeforces Round 992 (Div. 2),RyuzakiLight,3674,1733675700,1139,1214
2040,Codeforces Round 992 (Div. 2),fermatt,3674,1733675700,1326,1346
2040,Codeforces Round 992 (Div. 2),walter_white9,3674,1733675700,367,753
2040,Codeforces Round 992 (Div. 2),_Mizanur,3674,1733675700,1290,1320
2040,Codeforces Round 992 (Div. 2),coderzzz_123,3674,1733675700,492,844
2040,Codeforces Round 992 (Div. 2),mohit_saharan,3674,1733675700,1511,1483
2040,Codeforces Round 992 (Div. 2),Diaa-Srouji,3674,1733675700,1418,1413
2040,Codeforces Round 992 (Div. 2),Progabber,3674,1733675700,1216,1267
2040,Codeforces Round 992 (Div. 2),Player_209,3674,1733675700,440,806
2040,Codeforces Round 992 (Div. 2),Dominater09,3674,1733675700,1258,1297
2040,Codeforces Round 992 (Div. 2),100GODMOON,3674,1733675700,1153,1224
2040,Codeforces Round 992 (Div. 2),akhil,3674,1733675700,1572,1529
2040,Codeforces Round 992 (Div. 2),akshit5638,3674,1733675700,1659,1596
2040,Codeforces Round 992 (Div. 2),abcd_4321,3674,1733675700,1332,1350
2040,Codeforces Round 992 (Div. 2),Usef_Hussein,3674,1733675700,1388,1391
2040,Codeforces Round 992 (Div. 2),Shaker_32,3674,1733675700,1207,1261
2040,Codeforces Round 992 (Div. 2),CrashCoder,3674,1733675700,0,505
2040,Codeforces Round 992 (Div. 2),dweepmodi2311,3674,1733675700,1523,1492
2040,Codeforces Round 992 (Div. 2),yangyangyang2224,3674,1733675700,1326,1346
2040,Codeforces Round 992 (Div. 2),S____V,3674,1733675700,1599,1550
2040,Codeforces Round 992 (Div. 2),omar1312,3674,1733675700,1466,1449
2040,Codeforces Round 992 (Div. 2),Stark0509,3674,1733675700,1316,1339
2040,Codeforces Round 992 (Div. 2),a_ho,3674,1733675700,1298,1326
2040,Codeforces Round 992 (Div. 2),Azzay_11,3674,1733675700,1283,1314
2040,Codeforces Round 992 (Div. 2),_Rounak,3674,1733675700,1421,1415
2040,Codeforces Round 992 (Div. 2),AGENT-007,3674,1733675700,1258,1297
2040,Codeforces Round 992 (Div. 2),cffelh,3674,1733675700,450,813
2040,Codeforces Round 992 (Div. 2),Sankalp_Bahad,3674,1733675700,1039,1147
2040,Codeforces Round 992 (Div. 2),srishtinagpal,3721,1733675700,1245,1286
2040,Codeforces Round 992 (Div. 2),ashraftanvir01,3721,1733675700,1353,1364
2040,Codeforces Round 992 (Div. 2),Adilkhan855,3721,1733675700,1361,1370
2040,Codeforces Round 992 (Div. 2),GetDownHere,3721,1733675700,1305,1329
2040,Codeforces Round 992 (Div. 2),Spartacus_1,3721,1733675700,1343,1357
2040,Codeforces Round 992 (Div. 2),RUOHUI,3721,1733675700,1422,1415
2040,Codeforces Round 992 (Div. 2),cocofhu,3721,1733675700,1122,1265
2040,Codeforces Round 992 (Div. 2),yumkam,3721,1733675700,1427,1419
2040,Codeforces Round 992 (Div. 2),Sanoy-si,3721,1733675700,1333,1350
2040,Codeforces Round 992 (Div. 2),tahm_id,3721,1733675700,1333,1350
2040,Codeforces Round 992 (Div. 2),San_jida,3721,1733675700,1508,1480
2040,Codeforces Round 992 (Div. 2),Devourize,3721,1733675700,1373,1379
2040,Codeforces Round 992 (Div. 2),Arisbek,3721,1733675700,1306,1330
2040,Codeforces Round 992 (Div. 2),2weeks,3721,1733675700,1442,1430
2040,Codeforces Round 992 (Div. 2),trinhduyhung,3721,1733675700,1199,1254
2040,Codeforces Round 992 (Div. 2),algoridam61,3721,1733675700,1118,1253
2040,Codeforces Round 992 (Div. 2),dantesishawt,3721,1733675700,1312,1334
2040,Codeforces Round 992 (Div. 2),Shafin01,3721,1733675700,1269,1304
2040,Codeforces Round 992 (Div. 2),anirudh.vijan,3721,1733675700,1196,1252
2040,Codeforces Round 992 (Div. 2),piyush4434,3721,1733675700,1111,1194
2040,Codeforces Round 992 (Div. 2),Rinker,3721,1733675700,1085,1229
2040,Codeforces Round 992 (Div. 2),automaton24,3721,1733675700,1454,1439
2040,Codeforces Round 992 (Div. 2),ErmiCodeforce,3721,1733675700,1305,1329
2040,Codeforces Round 992 (Div. 2),Garvit100,3721,1733675700,1149,1220
2040,Codeforces Round 992 (Div. 2),rainy_,3721,1733675700,1470,1451
2040,Codeforces Round 992 (Div. 2),tonak,3721,1733675700,1361,1370
2040,Codeforces Round 992 (Div. 2),Introl,3721,1733675700,1248,1289
2040,Codeforces Round 992 (Div. 2),sathvik_666,3721,1733675700,1351,1363
2040,Codeforces Round 992 (Div. 2),alexfinger21,3721,1733675700,1368,1375
2040,Codeforces Round 992 (Div. 2),Positronn,3721,1733675700,1368,1375
2040,Codeforces Round 992 (Div. 2),divyateja,3721,1733675700,1441,1429
2040,Codeforces Round 992 (Div. 2),AbhijatSahu,3721,1733675700,1247,1288
2040,Codeforces Round 992 (Div. 2),GVSaiPraneeth,3753,1733675700,1412,1407
2040,Codeforces Round 992 (Div. 2),caiogmello,3753,1733675700,1107,1190
2040,Codeforces Round 992 (Div. 2),Bruce_wayne__,3753,1733675700,1355,1365
2040,Codeforces Round 992 (Div. 2),Devil_Kira,3753,1733675700,717,1001
2040,Codeforces Round 992 (Div. 2),unstoppable_satyam,3753,1733675700,1304,1328
2040,Codeforces Round 992 (Div. 2),XxX_Egor239_XxX,3753,1733675700,865,1080
2040,Codeforces Round 992 (Div. 2),zlen07,3753,1733675700,1216,1265
2040,Codeforces Round 992 (Div. 2),Milil,3753,1733675700,1303,1327
2040,Codeforces Round 992 (Div. 2),HonaNguyen,3753,1733675700,1554,1514
2040,Codeforces Round 992 (Div. 2),Sunkist_fan,3753,1733675700,877,1118
2040,Codeforces Round 992 (Div. 2),playmaker123,3753,1733675700,1344,1357
2040,Codeforces Round 992 (Div. 2),rasil,3753,1733675700,1262,1297
2040,Codeforces Round 992 (Div. 2),muser,3753,1733675700,1129,1205
2040,Codeforces Round 992 (Div. 2),kirill_spiridonov,3753,1733675700,842,1092
2040,Codeforces Round 992 (Div. 2),ritvij611,3753,1733675700,1353,1363
2040,Codeforces Round 992 (Div. 2),dkkoder,3753,1733675700,1382,1385
2040,Codeforces Round 992 (Div. 2),faxweb,3753,1733675700,1204,1256
2040,Codeforces Round 992 (Div. 2),Daniel-Y,3753,1733675700,1246,1286
2040,Codeforces Round 992 (Div. 2),KK7,3753,1733675700,1065,1162
2040,Codeforces Round 992 (Div. 2),professor_kumar,3753,1733675700,1127,1203
2040,Codeforces Round 992 (Div. 2),tan_delhi,3753,1733675700,1506,1478
2040,Codeforces Round 992 (Div. 2),Vitamin_B,3753,1733675700,1477,1455
2040,Codeforces Round 992 (Div. 2),ZanpakutoOfSina,3753,1733675700,1353,1363
2040,Codeforces Round 992 (Div. 2),BitBender0,3753,1733675700,1341,1354
2040,Codeforces Round 992 (Div. 2),Himal_Rana,3753,1733675700,1150,1219
2040,Codeforces Round 992 (Div. 2),TRollingHash,3753,1733675700,1368,1374
2040,Codeforces Round 992 (Div. 2),koderz20,3753,1733675700,468,824
2040,Codeforces Round 992 (Div. 2),ansh2226,3753,1733675700,1464,1445
2040,Codeforces Round 992 (Div. 2),absx,3753,1733675700,1241,1282
2040,Codeforces Round 992 (Div. 2),Samarth_Udagi,3753,1733675700,1161,1227
2040,Codeforces Round 992 (Div. 2),akiten,3753,1733675700,1240,1282
2040,Codeforces Round 992 (Div. 2),gromovag,3753,1733675700,1392,1392
2040,Codeforces Round 992 (Div. 2),_ezra_,3753,1733675700,350,739
2040,Codeforces Round 992 (Div. 2),antosz420,3753,1733675700,490,840
2040,Codeforces Round 992 (Div. 2),cwcr6315,3753,1733675700,1338,1352
2040,Codeforces Round 992 (Div. 2),Mahendra_Nath,3753,1733675700,1500,1473
2040,Codeforces Round 992 (Div. 2),sambodhi7,3753,1733675700,1105,1188
2040,Codeforces Round 992 (Div. 2),RobertoArcieri,3753,1733675700,945,1136
2040,Codeforces Round 992 (Div. 2),_isomorphism,3753,1733675700,1125,1202
2040,Codeforces Round 992 (Div. 2),tanmay-8,3753,1733675700,1245,1286
2040,Codeforces Round 992 (Div. 2),feyre,3753,1733675700,912,1065
2040,Codeforces Round 992 (Div. 2),mayankagrwl_13,3753,1733675700,1459,1441
2040,Codeforces Round 992 (Div. 2),_dk_07_,3795,1733675700,1208,1258
2040,Codeforces Round 992 (Div. 2),Priyanshu_1.618031,3795,1733675700,1409,1403
2040,Codeforces Round 992 (Div. 2),AyushAggarwal600,3795,1733675700,985,1109
2040,Codeforces Round 992 (Div. 2),TheOrangeNyan,3795,1733675700,1538,1501
2040,Codeforces Round 992 (Div. 2),Teamangay,3795,1733675700,772,1039
2040,Codeforces Round 992 (Div. 2),ring_chips,3795,1733675700,1113,1192
2040,Codeforces Round 992 (Div. 2),notaBot101,3795,1733675700,1200,1252
2040,Codeforces Round 992 (Div. 2),Picassooo,3795,1733675700,1345,1356
2040,Codeforces Round 992 (Div. 2),Mamba_AI,3795,1733675700,1205,1256
2040,Codeforces Round 992 (Div. 2),fibbonugget,3795,1733675700,1208,1316
2040,Codeforces Round 992 (Div. 2),de3d_inside,3795,1733675700,1468,1448
2040,Codeforces Round 992 (Div. 2),Timey,3795,1733675700,1261,1295
2040,Codeforces Round 992 (Div. 2),CRACKA,3795,1733675700,763,1009
2040,Codeforces Round 992 (Div. 2),bada_bheem,3795,1733675700,1114,1193
2040,Codeforces Round 992 (Div. 2),loh,3795,1733675700,1120,1197
2040,Codeforces Round 992 (Div. 2),Syzygia,3795,1733675700,1008,1179
2040,Codeforces Round 992 (Div. 2),Diego_Mucha,3795,1733675700,1104,1186
2040,Codeforces Round 992 (Div. 2),andaimark,3795,1733675700,1142,1278
2040,Codeforces Round 992 (Div. 2),suzakudry,3795,1733675700,1148,1216
2040,Codeforces Round 992 (Div. 2),utkarshag_20,3795,1733675700,1386,1386
2040,Codeforces Round 992 (Div. 2),Ly-Tweedlerustle,3795,1733675700,1371,1375
2040,Codeforces Round 992 (Div. 2),shivang_04,3795,1733675700,1563,1520
2040,Codeforces Round 992 (Div. 2),FrederickG_,3795,1733675700,1371,1375
2040,Codeforces Round 992 (Div. 2),zhaoyingwei,3795,1733675700,1611,1557
2040,Codeforces Round 992 (Div. 2),Shalini_Y,3795,1733675700,1084,1173
2040,Codeforces Round 992 (Div. 2),sachin1829,3795,1733675700,1369,1374
2040,Codeforces Round 992 (Div. 2),jagathkari801,3795,1733675700,0,502
2040,Codeforces Round 992 (Div. 2),usstzzj,3795,1733675700,1145,1280
2040,Codeforces Round 992 (Div. 2),sahilanand,3795,1733675700,1479,1456
2040,Codeforces Round 992 (Div. 2),CUST_GIAO_ZE,3795,1733675700,1603,1550
2040,Codeforces Round 992 (Div. 2),krohit22,3795,1733675700,1048,1149
2040,Codeforces Round 992 (Div. 2),Sookeyy,3795,1733675700,1291,1317
2040,Codeforces Round 992 (Div. 2),-WhiteDeath-,3795,1733675700,1238,1279
2040,Codeforces Round 992 (Div. 2),mindmappe,3795,1733675700,1377,1380
2040,Codeforces Round 992 (Div. 2),yingshao666666,3795,1733675700,955,1137
2040,Codeforces Round 992 (Div. 2),Youssef_7,3795,1733675700,1280,1309
2040,Codeforces Round 992 (Div. 2),DxKinG,3795,1733675700,1348,1358
2040,Codeforces Round 992 (Div. 2),sphogat444,3795,1733675700,1294,1319
2040,Codeforces Round 992 (Div. 2),Boe_Jiden,3795,1733675700,1363,1370
2040,Codeforces Round 992 (Div. 2),vtiptop,3795,1733675700,1252,1289
2040,Codeforces Round 992 (Div. 2),vaibhavkgupta.2004,3795,1733675700,1132,1205
2040,Codeforces Round 992 (Div. 2),Enigma_2005,3795,1733675700,1177,1236
2040,Codeforces Round 992 (Div. 2),1943zz,3795,1733675700,0,502
2040,Codeforces Round 992 (Div. 2),William_ChenZiMo,3795,1733675700,1268,1300
2040,Codeforces Round 992 (Div. 2),Icarus_X,3795,1733675700,1375,1378
2040,Codeforces Round 992 (Div. 2),-PATO,3795,1733675700,1280,1309
2040,Codeforces Round 992 (Div. 2),iShowSpeedForces,3795,1733675700,1394,1392
2040,Codeforces Round 992 (Div. 2),sulohesh,3795,1733675700,1168,1230
2040,Codeforces Round 992 (Div. 2),Abdul_Munaim,3795,1733675700,1223,1268
2040,Codeforces Round 992 (Div. 2),fakerachit31,3795,1733675700,1311,1331
2040,Codeforces Round 992 (Div. 2),habijabi101,3845,1733675700,0,501
2040,Codeforces Round 992 (Div. 2),AbuElias,3845,1733675700,1254,1290
2040,Codeforces Round 992 (Div. 2),Aspirebugs,3845,1733675700,1241,1280
2040,Codeforces Round 992 (Div. 2),ParthP3,3845,1733675700,826,1078
2040,Codeforces Round 992 (Div. 2),bingo,3845,1733675700,1507,1477
2040,Codeforces Round 992 (Div. 2),guoxm1,3845,1733675700,726,1005
2040,Codeforces Round 992 (Div. 2),_sudhanshu,3845,1733675700,988,1110
2040,Codeforces Round 992 (Div. 2),Abdo_Hussain,3845,1733675700,1381,1382
2040,Codeforces Round 992 (Div. 2),Shagoto1234567890,3845,1733675700,1029,1136
2040,Codeforces Round 992 (Div. 2),amrutanshumishra607,3845,1733675700,1337,1350
2040,Codeforces Round 992 (Div. 2),djs2904,3845,1733675700,1281,1309
2040,Codeforces Round 992 (Div. 2),C0s2,3845,1733675700,1308,1365
2040,Codeforces Round 992 (Div. 2),4Rt8,3845,1733675700,1292,1317
2040,Codeforces Round 992 (Div. 2),LazzyLeopard,3845,1733675700,1401,1397
2040,Codeforces Round 992 (Div. 2),AdoringArray,3845,1733675700,1204,1290
2040,Codeforces Round 992 (Div. 2),anonymousdv,3845,1733675700,1311,1367
2040,Codeforces Round 992 (Div. 2),nyist_gsb,3845,1733675700,0,501
2040,Codeforces Round 992 (Div. 2),R0NN,3845,1733675700,1127,1201
2040,Codeforces Round 992 (Div. 2),so_hungry,3845,1733675700,784,1047
2040,Codeforces Round 992 (Div. 2),guanghere,3845,1733675700,0,501
2040,Codeforces Round 992 (Div. 2),kmsmsms0514,3845,1733675700,1312,1368
2040,Codeforces Round 992 (Div. 2),zhang123456889,3845,1733675700,1312,1331
2040,Codeforces Round 992 (Div. 2),hsn8086,3845,1733675700,1368,1372
2040,Codeforces Round 992 (Div. 2),Sukhbir_bachhal,3845,1733675700,1079,1169
2040,Codeforces Round 992 (Div. 2),gmmaster,3845,1733675700,533,870
2040,Codeforces Round 992 (Div. 2),2031816285,3845,1733675700,1347,1357
2040,Codeforces Round 992 (Div. 2),James_bond_067,3845,1733675700,1237,1278
2040,Codeforces Round 992 (Div. 2),As_dm,3845,1733675700,1313,1332
2040,Codeforces Round 992 (Div. 2),NAHID.,3873,1733675700,1104,1184
2040,Codeforces Round 992 (Div. 2),Yori_,3873,1733675700,1395,1391
2040,Codeforces Round 992 (Div. 2),haihaichibaola,3873,1733675700,1192,1245
2040,Codeforces Round 992 (Div. 2),practiceOnly,3873,1733675700,914,1062
2040,Codeforces Round 992 (Div. 2),AceTaffy258,3873,1733675700,1191,1244
2040,Codeforces Round 992 (Div. 2),Manas_P,3873,1733675700,1187,1241
2040,Codeforces Round 992 (Div. 2),harshit7650,3873,1733675700,1468,1446
2040,Codeforces Round 992 (Div. 2),Tolu,3873,1733675700,1258,1291
2040,Codeforces Round 992 (Div. 2),KichhuMichhu,3873,1733675700,1310,1329
2040,Codeforces Round 992 (Div. 2),chi_hiro,3873,1733675700,1184,1239
2040,Codeforces Round 992 (Div. 2),RP_21,3873,1733675700,1433,1419
2040,Codeforces Round 992 (Div. 2),taishogun,3873,1733675700,1714,1634
2040,Codeforces Round 992 (Div. 2),abhidoescoding,3873,1733675700,1361,1366
2040,Codeforces Round 992 (Div. 2),ayush_rider,3873,1733675700,1123,1231
2040,Codeforces Round 992 (Div. 2),afterlight,3873,1733675700,1240,1278
2040,Codeforces Round 992 (Div. 2),krypnokart,3873,1733675700,1204,1253
2040,Codeforces Round 992 (Div. 2),Md_Faique_Ibrahimi,3873,1733675700,1412,1404
2040,Codeforces Round 992 (Div. 2),fist_fight,3873,1733675700,1212,1329
2040,Codeforces Round 992 (Div. 2),Hayan,3873,1733675700,1482,1457
2040,Codeforces Round 992 (Div. 2),fffffy,3873,1733675700,1277,1305
2040,Codeforces Round 992 (Div. 2),KindaGoodGames,3873,1733675700,1554,1511
2040,Codeforces Round 992 (Div. 2),codingmania066,3873,1733675700,1417,1407
2040,Codeforces Round 992 (Div. 2),shuzerainty,3873,1733675700,471,823
2040,Codeforces Round 992 (Div. 2),sunnysathwik,3873,1733675700,1415,1406
2040,Codeforces Round 992 (Div. 2),Yessimkhan,3873,1733675700,1335,1347
2040,Codeforces Round 992 (Div. 2),singhmohit98689,3873,1733675700,1167,1228
2040,Codeforces Round 992 (Div. 2),Youssef_H,3873,1733675700,1361,1366
2040,Codeforces Round 992 (Div. 2),Saikot,3873,1733675700,1261,1293
2040,Codeforces Round 992 (Div. 2),parth22nov,3873,1733675700,1323,1338
2040,Codeforces Round 992 (Div. 2),Awaann,3873,1733675700,1299,1320
2040,Codeforces Round 992 (Div. 2),pcheloveks,3873,1733675700,1145,1247
2040,Codeforces Round 992 (Div. 2),shohag.shadow,3873,1733675700,1366,1370
2040,Codeforces Round 992 (Div. 2),zc_cf,3873,1733675700,1288,1313
2040,Codeforces Round 992 (Div. 2),Lazy_Philosopher,3873,1733675700,1622,1563
2040,Codeforces Round 992 (Div. 2),rrushikesh959,3873,1733675700,1346,1355
2040,Codeforces Round 992 (Div. 2),STU_pjy,3873,1733675700,853,1097
2040,Codeforces Round 992 (Div. 2),Kumar_Abhay,3873,1733675700,1241,1279
2040,Codeforces Round 992 (Div. 2),quavoou,3873,1733675700,1063,1157
2040,Codeforces Round 992 (Div. 2),just,3873,1733675700,1114,1191
2040,Codeforces Round 992 (Div. 2),Aryan_Jaiswal28,3873,1733675700,1451,1433
2040,Codeforces Round 992 (Div. 2),ShraJX,3873,1733675700,1208,1256
2040,Codeforces Round 992 (Div. 2),imcelery,3873,1733675700,1567,1521
2040,Codeforces Round 992 (Div. 2),Pi19,3873,1733675700,1070,1162
2040,Codeforces Round 992 (Div. 2),lhc0707,3873,1733675700,1223,1302
2040,Codeforces Round 992 (Div. 2),Bhanu0p,3873,1733675700,1309,1328
2040,Codeforces Round 992 (Div. 2),Gandji,3918,1733675700,1401,1395
2040,Codeforces Round 992 (Div. 2),wxy_7,3918,1733675700,1232,1272
2040,Codeforces Round 992 (Div. 2),Stranger626,3918,1733675700,1322,1336
2040,Codeforces Round 992 (Div. 2),shiv14,3918,1733675700,1332,1344
2040,Codeforces Round 992 (Div. 2),grc-04,3918,1733675700,1148,1213
2040,Codeforces Round 992 (Div. 2),hyperVJ,3918,1733675700,1434,1419
2040,Codeforces Round 992 (Div. 2),EzzEldeen_Ali,3918,1733675700,1601,1546
2040,Codeforces Round 992 (Div. 2),KrishBhimani,3918,1733675700,1500,1469
2040,Codeforces Round 992 (Div. 2),WhydoYoucare,3918,1733675700,1124,1197
2040,Codeforces Round 992 (Div. 2),hanekaeru,3918,1733675700,1390,1386
2040,Codeforces Round 992 (Div. 2),Badrawy,3918,1733675700,1173,1230
2040,Codeforces Round 992 (Div. 2),Rabbi_hasan162,3918,1733675700,1254,1287
2040,Codeforces Round 992 (Div. 2),hari_krishna_reddy,3918,1733675700,1335,1346
2040,Codeforces Round 992 (Div. 2),Shikharraj,3918,1733675700,1216,1260
2040,Codeforces Round 992 (Div. 2),_MShadow_,3918,1733675700,912,1105
2040,Codeforces Round 992 (Div. 2),Rafi_Sama,3918,1733675700,1038,1139
2040,Codeforces Round 992 (Div. 2),vsstejas_777,3918,1733675700,1140,1208
2040,Codeforces Round 992 (Div. 2),mhr_emon,3918,1733675700,1187,1240
2040,Codeforces Round 992 (Div. 2),Bot1FIGM,3918,1733675700,1264,1294
2040,Codeforces Round 992 (Div. 2),Surge226,3918,1733675700,1386,1383
2040,Codeforces Round 992 (Div. 2),Chandru_99,3918,1733675700,1086,1171
2040,Codeforces Round 992 (Div. 2),_Curly_Brace_,3918,1733675700,1324,1338
2040,Codeforces Round 992 (Div. 2),Yatinn,3918,1733675700,1199,1248
2040,Codeforces Round 992 (Div. 2),xiaoping3418,3918,1733675700,1335,1346
2040,Codeforces Round 992 (Div. 2),klzka,3918,1733675700,1333,1344
2040,Codeforces Round 992 (Div. 2),n74470048,3918,1733675700,1252,1286
2040,Codeforces Round 992 (Div. 2),xhf,3918,1733675700,1035,1189
2040,Codeforces Round 992 (Div. 2),Leeeee,3918,1733675700,1388,1385
2040,Codeforces Round 992 (Div. 2),Jon_Snow.,3918,1733675700,1404,1397
2040,Codeforces Round 992 (Div. 2),yzy123443,3918,1733675700,1373,1374
2040,Codeforces Round 992 (Div. 2),_Yux_,3918,1733675700,945,1131
2040,Codeforces Round 992 (Div. 2),LzjNotFound,3918,1733675700,1883,1766
2040,Codeforces Round 992 (Div. 2),roshanlakra19122000,3918,1733675700,1189,1241
2040,Codeforces Round 992 (Div. 2),kanavchoudhary.ind,3918,1733675700,1214,1259
2040,Codeforces Round 992 (Div. 2),Anisha_07,3918,1733675700,1143,1210
2040,Codeforces Round 992 (Div. 2),Sankalp05,3918,1733675700,1167,1226
2040,Codeforces Round 992 (Div. 2),suyasho786,3918,1733675700,1657,1589
2040,Codeforces Round 992 (Div. 2),BIR,3918,1733675700,1312,1329
2040,Codeforces Round 992 (Div. 2),bihnehminduh,3918,1733675700,1281,1307
2040,Codeforces Round 992 (Div. 2),mayankkushwaha,3918,1733675700,1098,1179
2040,Codeforces Round 992 (Div. 2),ZISAN,3958,1733675700,1107,1184
2040,Codeforces Round 992 (Div. 2),Hezov,3958,1733675700,1328,1340
2040,Codeforces Round 992 (Div. 2),Raghav999,3958,1733675700,1273,1299
2040,Codeforces Round 992 (Div. 2),Jay_Hanuman_Ji,3958,1733675700,1267,1295
2040,Codeforces Round 992 (Div. 2),Max_Rosul,3958,1733675700,1400,1393
2040,Codeforces Round 992 (Div. 2),Champ_x78,3958,1733675700,458,812
2040,Codeforces Round 992 (Div. 2),samsoom,3958,1733675700,1392,1387
2040,Codeforces Round 992 (Div. 2),przwl,3958,1733675700,1470,1446
2040,Codeforces Round 992 (Div. 2),jigglypuffpro,3958,1733675700,1315,1330
2040,Codeforces Round 992 (Div. 2),_habi,3958,1733675700,1314,1329
2040,Codeforces Round 992 (Div. 2),yogi3926,3958,1733675700,1626,1565
2040,Codeforces Round 992 (Div. 2),Bhawna_Chauhan_,3958,1733675700,1125,1196
2040,Codeforces Round 992 (Div. 2),DDato,3958,1733675700,1620,1560
2040,Codeforces Round 992 (Div. 2),rana_2406,3958,1733675700,1114,1189
2040,Codeforces Round 992 (Div. 2),Nogaybica,3958,1733675700,1062,1187
2040,Codeforces Round 992 (Div. 2),Nasif273,3958,1733675700,1336,1345
2040,Codeforces Round 992 (Div. 2),Tanya_,3958,1733675700,1273,1299
2040,Codeforces Round 992 (Div. 2),GrassDew,3958,1733675700,0,498
2040,Codeforces Round 992 (Div. 2),crep_,3958,1733675700,1310,1326
2040,Codeforces Round 992 (Div. 2),PhoenixRises,3958,1733675700,1279,1304
2040,Codeforces Round 992 (Div. 2),YouKnowWhat,3958,1733675700,1295,1316
2040,Codeforces Round 992 (Div. 2),secondUsername,3958,1733675700,1309,1325
2040,Codeforces Round 992 (Div. 2),N_Abubakr09,3958,1733675700,1416,1405
2040,Codeforces Round 992 (Div. 2),vivekyadavnitt,3958,1733675700,1236,1273
2040,Codeforces Round 992 (Div. 2),Short_Bit,3958,1733675700,1735,1648
2040,Codeforces Round 992 (Div. 2),AIGAL30H7WM97CI,3958,1733675700,467,818
2040,Codeforces Round 992 (Div. 2),iandresgt,3958,1733675700,1138,1205
2040,Codeforces Round 992 (Div. 2),MAFIA29,3958,1733675700,1153,1215
2040,Codeforces Round 992 (Div. 2),Umar_Sk,3958,1733675700,1238,1275
2040,Codeforces Round 992 (Div. 2),keshav_singhal04,3958,1733675700,989,1156
2040,Codeforces Round 992 (Div. 2),YashK2803,3958,1733675700,1299,1318
2040,Codeforces Round 992 (Div. 2),lyrrr,3958,1733675700,1530,1491
2040,Codeforces Round 992 (Div. 2),XoXoHarsh,3958,1733675700,1421,1408
2040,Codeforces Round 992 (Div. 2),MasterMuskan,3958,1733675700,1422,1409
2040,Codeforces Round 992 (Div. 2),rishiraj_729,3958,1733675700,1218,1261
2040,Codeforces Round 992 (Div. 2),exorcise,3958,1733675700,0,498
2040,Codeforces Round 992 (Div. 2),thunderboltt_,3958,1733675700,1259,1290
2040,Codeforces Round 992 (Div. 2),zzzzzzzz,3958,1733675700,1376,1375
2040,Codeforces Round 992 (Div. 2),Wikidere,3958,1733675700,1066,1209
2040,Codeforces Round 992 (Div. 2),metellus,3958,1733675700,1128,1198
2040,Codeforces Round 992 (Div. 2),I.dot,3958,1733675700,1269,1297
2040,Codeforces Round 992 (Div. 2),Badr_Masaaf,3958,1733675700,892,1093
2040,Codeforces Round 992 (Div. 2),Leomi,3958,1733675700,1515,1480
2040,Codeforces Round 992 (Div. 2),pain.limit.exceeded,3958,1733675700,800,1056
2040,Codeforces Round 992 (Div. 2),mmodi1610,3958,1733675700,427,789
2040,Codeforces Round 992 (Div. 2),Denominator06969,3958,1733675700,1322,1335
2040,Codeforces Round 992 (Div. 2),ton_ngo_khong,3958,1733675700,739,1011
2040,Codeforces Round 992 (Div. 2),uditmehta,4005,1733675700,1530,1490
2040,Codeforces Round 992 (Div. 2),Dinesh_k40,4005,1733675700,1144,1208
2040,Codeforces Round 992 (Div. 2),sanjeetkumar6178,4005,1733675700,1348,1353
2040,Codeforces Round 992 (Div. 2),andre_rei,4005,1733675700,1496,1464
2040,Codeforces Round 992 (Div. 2),aslkdjjsa,4005,1733675700,1381,1377
2040,Codeforces Round 992 (Div. 2),kirillnn,4005,1733675700,1419,1406
2040,Codeforces Round 992 (Div. 2),Spicy_Syntax,4005,1733675700,1286,1308
2040,Codeforces Round 992 (Div. 2),loser_seele,4005,1733675700,1461,1438
2040,Codeforces Round 992 (Div. 2),lakkshyag,4005,1733675700,1562,1514
2040,Codeforces Round 992 (Div. 2),Meherab_05,4005,1733675700,1213,1255
2040,Codeforces Round 992 (Div. 2),sparsh__03,4005,1733675700,1477,1450
2040,Codeforces Round 992 (Div. 2),kodesky,4005,1733675700,1374,1372
2040,Codeforces Round 992 (Div. 2),iknownothing13,4005,1733675700,1007,1116
2040,Codeforces Round 992 (Div. 2),tanvir078,4005,1733675700,1343,1349
2040,Codeforces Round 992 (Div. 2),phnxfr,4005,1733675700,0,497
2040,Codeforces Round 992 (Div. 2),arun_7,4005,1733675700,1136,1202
2040,Codeforces Round 992 (Div. 2),sssatty,4005,1733675700,1401,1392
2040,Codeforces Round 992 (Div. 2),Md_Abu_Taleb,4005,1733675700,1447,1427
2040,Codeforces Round 992 (Div. 2),hussainbastamia,4005,1733675700,1189,1239
2040,Codeforces Round 992 (Div. 2),the_bigShort,4005,1733675700,1338,1345
2040,Codeforces Round 992 (Div. 2),RiveringDusk,4005,1733675700,1334,1343
2040,Codeforces Round 992 (Div. 2),yzdu,4005,1733675700,1495,1464
2040,Codeforces Round 992 (Div. 2),GauravBilotia,4005,1733675700,1632,1568
2040,Codeforces Round 992 (Div. 2),zhuqing,4005,1733675700,1061,1185
2040,Codeforces Round 992 (Div. 2),abhirishal,4005,1733675700,1192,1241
2040,Codeforces Round 992 (Div. 2),lockinffs,4005,1733675700,1098,1176
2040,Codeforces Round 992 (Div. 2),NiGhT-h-MaRe,4005,1733675700,1460,1437
2040,Codeforces Round 992 (Div. 2),AhmedReda11,4005,1733675700,1512,1476
2040,Codeforces Round 992 (Div. 2),bithal,4005,1733675700,1341,1348
2040,Codeforces Round 992 (Div. 2),wizard_24,4005,1733675700,1190,1240
2040,Codeforces Round 992 (Div. 2),ph03iA_,4005,1733675700,1393,1386
2040,Codeforces Round 992 (Div. 2),IamShadowFighter,4005,1733675700,1259,1288
2040,Codeforces Round 992 (Div. 2),City_Hunter,4005,1733675700,1416,1403
2040,Codeforces Round 992 (Div. 2),shashwat010,4005,1733675700,1407,1396
2040,Codeforces Round 992 (Div. 2),Pranshu_kedia,4005,1733675700,1414,1402
2040,Codeforces Round 992 (Div. 2),flux0k,4005,1733675700,1108,1183
2040,Codeforces Round 992 (Div. 2),kakoujt,4005,1733675700,1273,1299
2040,Codeforces Round 992 (Div. 2),prateekm_04,4005,1733675700,764,1028
2040,Codeforces Round 992 (Div. 2),Sora213,4005,1733675700,1402,1393
2040,Codeforces Round 992 (Div. 2),ZROUNDF,4005,1733675700,1658,1588
2040,Codeforces Round 992 (Div. 2),Vkarp,4005,1733675700,1170,1226
2040,Codeforces Round 992 (Div. 2),dolboyezh,4005,1733675700,1197,1244
2040,Codeforces Round 992 (Div. 2),panwarji,4005,1733675700,1224,1264
2040,Codeforces Round 992 (Div. 2),Sauron06_,4005,1733675700,1347,1352
2040,Codeforces Round 992 (Div. 2),akshatpratapsingh2022,4005,1733675700,1276,1301
2040,Codeforces Round 992 (Div. 2),ShivaQuode,4005,1733675700,1375,1373
2040,Codeforces Round 992 (Div. 2),aa231508,4005,1733675700,807,1060
2040,Codeforces Round 992 (Div. 2),Psychotic_A,4052,1733675700,1122,1191
2040,Codeforces Round 992 (Div. 2),What-next,4052,1733675700,1092,1171
2040,Codeforces Round 992 (Div. 2),fornaxx,4052,1733675700,1336,1343
2040,Codeforces Round 992 (Div. 2),Atul_2301,4052,1733675700,1267,1293
2040,Codeforces Round 992 (Div. 2),nem-E-sis,4052,1733675700,1281,1303
2040,Codeforces Round 992 (Div. 2),thalacodes_77,4052,1733675700,404,770
2040,Codeforces Round 992 (Div. 2),reileen00,4052,1733675700,1007,1115
2040,Codeforces Round 992 (Div. 2),hungtien2202,4052,1733675700,1500,1466
2040,Codeforces Round 992 (Div. 2),faritu_23,4052,1733675700,1049,1142
2040,Codeforces Round 992 (Div. 2),ray1457,4052,1733675700,998,1109
2040,Codeforces Round 992 (Div. 2),ryuzakiDis,4052,1733675700,1728,1641
2040,Codeforces Round 992 (Div. 2),Radius,4052,1733675700,1369,1367
2040,Codeforces Round 992 (Div. 2),astronom1cal,4052,1733675700,1507,1471
2040,Codeforces Round 992 (Div. 2),timostar1,4052,1733675700,1453,1431
2040,Codeforces Round 992 (Div. 2),Muyuxii,4052,1733675700,1198,1244
2040,Codeforces Round 992 (Div. 2),shinigami777,4052,1733675700,1193,1240
2040,Codeforces Round 992 (Div. 2),Pinakaa,4052,1733675700,682,968
2040,Codeforces Round 992 (Div. 2),Chui0,4052,1733675700,1267,1293
2040,Codeforces Round 992 (Div. 2),cvz,4052,1733675700,1214,1255
2040,Codeforces Round 992 (Div. 2),YashaswiR,4052,1733675700,1425,1409
2040,Codeforces Round 992 (Div. 2),Leo25Darklight,4052,1733675700,1511,1474
2040,Codeforces Round 992 (Div. 2),qidao,4052,1733675700,1301,1318
2040,Codeforces Round 992 (Div. 2),hnust_youyong,4052,1733675700,1260,1288
2040,Codeforces Round 992 (Div. 2),Advtik,4052,1733675700,1238,1272
2040,Codeforces Round 992 (Div. 2),ccwcew,4052,1733675700,1268,1294
2040,Codeforces Round 992 (Div. 2),Huygd,4052,1733675700,1199,1316
2040,Codeforces Round 992 (Div. 2),Ph0en1x_,4052,1733675700,1274,1298
2040,Codeforces Round 992 (Div. 2),tomaso,4052,1733675700,1251,1282
2040,Codeforces Round 992 (Div. 2),PravinGlitch_12,4052,1733675700,1063,1152
2040,Codeforces Round 992 (Div. 2),phoenix81,4052,1733675700,1522,1521
2040,Codeforces Round 992 (Div. 2),duff7965,4052,1733675700,0,496
2040,Codeforces Round 992 (Div. 2),AhmedZedan,4052,1733675700,1160,1217
2040,Codeforces Round 992 (Div. 2),Shimotsuki,4052,1733675700,1404,1393
2040,Codeforces Round 992 (Div. 2),Heet.Patel,4052,1733675700,1247,1279
2040,Codeforces Round 992 (Div. 2),Yagami_Light,4052,1733675700,1343,1348
2040,Codeforces Round 992 (Div. 2),kushagra24,4052,1733675700,690,974
2040,Codeforces Round 992 (Div. 2),VespertineFlower,4052,1733675700,1230,1267
2040,Codeforces Round 992 (Div. 2),Ahmad_Abdullah,4052,1733675700,1259,1287
2040,Codeforces Round 992 (Div. 2),_GGhost_,4052,1733675700,1061,1150
2040,Codeforces Round 992 (Div. 2),BriftyNeeze,4052,1733675700,1191,1309
2040,Codeforces Round 992 (Div. 2),kathanshah743,4052,1733675700,1093,1172
2040,Codeforces Round 992 (Div. 2),princeakanerd,4052,1733675700,1187,1294
2040,Codeforces Round 992 (Div. 2),Pavan9320,4052,1733675700,1331,1339
2040,Codeforces Round 992 (Div. 2),wisteria-camellia,4052,1733675700,1103,1178
2040,Codeforces Round 992 (Div. 2),Safwan_brahim,4052,1733675700,1284,1305
2040,Codeforces Round 992 (Div. 2),seeforty4040,4097,1733675700,1281,1302
2040,Codeforces Round 992 (Div. 2),sl0an,4097,1733675700,708,986
2040,Codeforces Round 992 (Div. 2),chirag_unision,4097,1733675700,1262,1288
2040,Codeforces Round 992 (Div. 2),m1losz1,4097,1733675700,1295,1349
2040,Codeforces Round 992 (Div. 2),905200545887wsy,4097,1733675700,1280,1301
2040,Codeforces Round 992 (Div. 2),L._.,4097,1733675700,1296,1313
2040,Codeforces Round 992 (Div. 2),Chinmay_2004,4097,1733675700,1390,1382
2040,Codeforces Round 992 (Div. 2),hsuya_ramuk,4097,1733675700,1211,1252
2040,Codeforces Round 992 (Div. 2),Zelenusik,4097,1733675700,978,1095
2040,Codeforces Round 992 (Div. 2),cp_hater,4097,1733675700,1475,1446
2040,Codeforces Round 992 (Div. 2),Royboy01,4097,1733675700,1393,1384
2040,Codeforces Round 992 (Div. 2),Hp_11,4097,1733675700,1565,1515
2040,Codeforces Round 992 (Div. 2),fuwad,4097,1733675700,1497,1463
2040,Codeforces Round 992 (Div. 2),Shamil_Basayev,4097,1733675700,1218,1257
2040,Codeforces Round 992 (Div. 2),Khkazz,4097,1733675700,1157,1214
2040,Codeforces Round 992 (Div. 2),arklual,4097,1733675700,0,495
2040,Codeforces Round 992 (Div. 2),Bardho,4097,1733675700,1428,1410
2040,Codeforces Round 992 (Div. 2),Nanaanaaa,4097,1733675700,1616,1554
2040,Codeforces Round 992 (Div. 2),sandeep31,4097,1733675700,1231,1267
2040,Codeforces Round 992 (Div. 2),Nisarg_2005,4097,1733675700,1157,1214
2040,Codeforces Round 992 (Div. 2),HaRsH_sHUKlA-,4097,1733675700,1169,1223
2040,Codeforces Round 992 (Div. 2),Arj0n.G0d,4097,1733675700,1212,1253
2040,Codeforces Round 992 (Div. 2),kishores.cse2023,4097,1733675700,1037,1133
2040,Codeforces Round 992 (Div. 2),Yuvraj_Rathod,4097,1733675700,1013,1118
2040,Codeforces Round 992 (Div. 2),roshan_p_b,4097,1733675700,1330,1338
2040,Codeforces Round 992 (Div. 2),peacefinder19,4097,1733675700,1235,1269
2040,Codeforces Round 992 (Div. 2),ilyakryukov,4097,1733675700,1207,1249
2040,Codeforces Round 992 (Div. 2),pushpa_kumar,4097,1733675700,953,1132
2040,Codeforces Round 992 (Div. 2),prabal8899,4097,1733675700,1293,1311
2040,Codeforces Round 992 (Div. 2),bigfan_of_jiangly,4097,1733675700,1307,1358
2040,Codeforces Round 992 (Div. 2),MOH_LazyCoder_HSN,4097,1733675700,1109,1181
2040,Codeforces Round 992 (Div. 2),Hz___,4097,1733675700,1284,1304
2040,Codeforces Round 992 (Div. 2),QLluck,4097,1733675700,1083,1164
2040,Codeforces Round 992 (Div. 2),Salazar,4097,1733675700,1141,1203
2040,Codeforces Round 992 (Div. 2),T_500XIN,4097,1733675700,1336,1342
2040,Codeforces Round 992 (Div. 2),utkarsh.37,4097,1733675700,1246,1277
2040,Codeforces Round 992 (Div. 2),sashwat_482002,4097,1733675700,1280,1301
2040,Codeforces Round 992 (Div. 2),Ramzi9,4097,1733675700,1167,1222
2040,Codeforces Round 992 (Div. 2),genka.,4097,1733675700,0,495
2040,Codeforces Round 992 (Div. 2),AmrElkhodari,4097,1733675700,1186,1235
2040,Codeforces Round 992 (Div. 2),Aylup,4137,1733675700,1600,1541
2040,Codeforces Round 992 (Div. 2),Prathmeshcodes,4137,1733675700,1362,1360
2040,Codeforces Round 992 (Div. 2),dilLegyikudi,4137,1733675700,1265,1290
2040,Codeforces Round 992 (Div. 2),adiroy2,4137,1733675700,1159,1214
2040,Codeforces Round 992 (Div. 2),EliteSharma17,4137,1733675700,1102,1176
2040,Codeforces Round 992 (Div. 2),ElNChou,4137,1733675700,1335,1341
2040,Codeforces Round 992 (Div. 2),podsivalenkodiana,4137,1733675700,1025,1176
2040,Codeforces Round 992 (Div. 2),nanahoshi,4137,1733675700,1192,1238
2040,Codeforces Round 992 (Div. 2),EIR94326,4137,1733675700,1076,1158
2040,Codeforces Round 992 (Div. 2),sbarreto,4137,1733675700,1129,1194
2040,Codeforces Round 992 (Div. 2),PanZverski,4137,1733675700,1505,1468
2040,Codeforces Round 992 (Div. 2),justforcp01,4137,1733675700,1282,1338
2040,Codeforces Round 992 (Div. 2),lfeikb,4137,1733675700,1103,1176
2040,Codeforces Round 992 (Div. 2),DesiGendmaster,4137,1733675700,1372,1431
2040,Codeforces Round 992 (Div. 2),deadly21,4137,1733675700,925,1061
2040,Codeforces Round 992 (Div. 2),wampo007,4137,1733675700,681,965
2040,Codeforces Round 992 (Div. 2),gully_gurl,4137,1733675700,1267,1291
2040,Codeforces Round 992 (Div. 2),transporter,4137,1733675700,1216,1255
2040,Codeforces Round 992 (Div. 2),Mauricio_Cruz,4137,1733675700,1141,1203
2040,Codeforces Round 992 (Div. 2),hridyansh2809,4137,1733675700,1659,1586
2040,Codeforces Round 992 (Div. 2),Ayham_Alsalman,4137,1733675700,1381,1375
2040,Codeforces Round 992 (Div. 2),Clownfish.,4137,1733675700,1418,1402
2040,Codeforces Round 992 (Div. 2),zhaozi192,4137,1733675700,840,1009
2040,Codeforces Round 992 (Div. 2),Runntime_terrorr,4137,1733675700,1294,1311
2040,Codeforces Round 992 (Div. 2),dragoonSlayer,4137,1733675700,1583,1528
2040,Codeforces Round 992 (Div. 2),SsyHow,4137,1733675700,469,816
2040,Codeforces Round 992 (Div. 2),Mynamic,4137,1733675700,1402,1390
2040,Codeforces Round 992 (Div. 2),sujay_2006,4137,1733675700,1283,1303
2040,Codeforces Round 992 (Div. 2),Nuclear_05,4137,1733675700,1222,1259
2040,Codeforces Round 992 (Div. 2),Alfred_124,4137,1733675700,1218,1256
2040,Codeforces Round 992 (Div. 2),Saarthak1,4137,1733675700,1266,1290
2040,Codeforces Round 992 (Div. 2),NeuralKnight,4137,1733675700,1084,1164
2040,Codeforces Round 992 (Div. 2),22bec021,4137,1733675700,1275,1297
2040,Codeforces Round 992 (Div. 2),garvitjain.og,4137,1733675700,1345,1348
2040,Codeforces Round 992 (Div. 2),Tiglon,4137,1733675700,1293,1310
2040,Codeforces Round 992 (Div. 2),rohitt26,4137,1733675700,1127,1193
2040,Codeforces Round 992 (Div. 2),jai_hanuman_orz,4137,1733675700,1349,1351
2040,Codeforces Round 992 (Div. 2),Don_quixxote,4174,1733675700,1292,1308
2040,Codeforces Round 992 (Div. 2),ghruank,4174,1733675700,937,1067
2040,Codeforces Round 992 (Div. 2),hefu1234,4174,1733675700,1170,1222
2040,Codeforces Round 992 (Div. 2),raj8963,4174,1733675700,1096,1171
2040,Codeforces Round 992 (Div. 2),SilviuC25,4174,1733675700,1247,1276
2040,Codeforces Round 992 (Div. 2),Krashna_23,4174,1733675700,1201,1243
2040,Codeforces Round 992 (Div. 2),Mota_Manush,4174,1733675700,1317,1363
2040,Codeforces Round 992 (Div. 2),RohitRahulDey,4174,1733675700,1238,1269
2040,Codeforces Round 992 (Div. 2),khanhminh,4174,1733675700,1378,1371
2040,Codeforces Round 992 (Div. 2),keshav003,4174,1733675700,1102,1175
2040,Codeforces Round 992 (Div. 2),paasha_bhai,4174,1733675700,1022,1121
2040,Codeforces Round 992 (Div. 2),HashRash786,4174,1733675700,1148,1206
2040,Codeforces Round 992 (Div. 2),mdhlimonmia,4174,1733675700,1214,1252
2040,Codeforces Round 992 (Div. 2),yashhwe,4174,1733675700,1268,1291
2040,Codeforces Round 992 (Div. 2),sreeharshithagaddam,4174,1733675700,1186,1232
2040,Codeforces Round 992 (Div. 2),045_Joval,4174,1733675700,1288,1305
2040,Codeforces Round 992 (Div. 2),dev3456,4174,1733675700,1291,1307
2040,Codeforces Round 992 (Div. 2),ghostmagic,4174,1733675700,1226,1261
2040,Codeforces Round 992 (Div. 2),Filip1221,4174,1733675700,1297,1312
2040,Codeforces Round 992 (Div. 2),soham_c04,4174,1733675700,1677,1599
2040,Codeforces Round 992 (Div. 2),krishrb2517_,4174,1733675700,1506,1468
2040,Codeforces Round 992 (Div. 2),ManiacAyu,4174,1733675700,1397,1385
2040,Codeforces Round 992 (Div. 2),unkonwn,4174,1733675700,443,795
2040,Codeforces Round 992 (Div. 2),GreetTheCosmos,4174,1733675700,1369,1365
2040,Codeforces Round 992 (Div. 2),drk16072000,4174,1733675700,1258,1284
2040,Codeforces Round 992 (Div. 2),thiennhan11a1,4174,1733675700,1392,1382
2040,Codeforces Round 992 (Div. 2),tanvee,4174,1733675700,1154,1210
2040,Codeforces Round 992 (Div. 2),posiedon_7,4174,1733675700,1462,1435
2040,Codeforces Round 992 (Div. 2),xubaichuan,4174,1733675700,798,1049
2040,Codeforces Round 992 (Div. 2),BalaramanM,4174,1733675700,1114,1183
2040,Codeforces Round 992 (Div. 2),Rakib_18,4174,1733675700,1111,1181
2040,Codeforces Round 992 (Div. 2),azizbek_,4174,1733675700,1367,1363
2040,Codeforces Round 992 (Div. 2),nettinho,4174,1733675700,335,717
2040,Codeforces Round 992 (Div. 2),Another_Isamatdin,4174,1733675700,1431,1411
2040,Codeforces Round 992 (Div. 2),AmirTYR,4174,1733675700,1303,1316
2040,Codeforces Round 992 (Div. 2),wstcube,4174,1733675700,1095,1170
2040,Codeforces Round 992 (Div. 2),sathvikreddy853,4174,1733675700,1209,1249
2040,Codeforces Round 992 (Div. 2),Dark_Coderrr,4174,1733675700,1609,1547
2040,Codeforces Round 992 (Div. 2),OGGYYY,4174,1733675700,1330,1336
2040,Codeforces Round 992 (Div. 2),xianya,4174,1733675700,1346,1348
2040,Codeforces Round 992 (Div. 2),ayush_kumar20,4214,1733675700,1082,1160
2040,Codeforces Round 992 (Div. 2),Dali358,4214,1733675700,1538,1491
2040,Codeforces Round 992 (Div. 2),scarywitcher,4214,1733675700,1246,1274
2040,Codeforces Round 992 (Div. 2),7AM,4214,1733675700,1113,1180
2040,Codeforces Round 992 (Div. 2),paardarshee,4214,1733675700,1148,1204
2040,Codeforces Round 992 (Div. 2),abdoooo20,4214,1733675700,1325,1331
2040,Codeforces Round 992 (Div. 2),roshi,4214,1733675700,981,1093
2040,Codeforces Round 992 (Div. 2),rohithdarlanka,4214,1733675700,1157,1211
2040,Codeforces Round 992 (Div. 2),gMr,4214,1733675700,1850,1734
2040,Codeforces Round 992 (Div. 2),69stranger69,4214,1733675700,1194,1237
2040,Codeforces Round 992 (Div. 2),kaitou1k41i2d,4214,1733675700,1313,1322
2040,Codeforces Round 992 (Div. 2),L_thelostone,4214,1733675700,1062,1146
2040,Codeforces Round 992 (Div. 2),bad_imagination,4214,1733675700,1488,1453
2040,Codeforces Round 992 (Div. 2),LuvSran,4214,1733675700,1433,1412
2040,Codeforces Round 992 (Div. 2),Shravan6398,4214,1733675700,1120,1186
2040,Codeforces Round 992 (Div. 2),banziya,4214,1733675700,1150,1206
2040,Codeforces Round 992 (Div. 2),Tratoplay,4214,1733675700,1197,1239
2040,Codeforces Round 992 (Div. 2),AmrYounes,4214,1733675700,1052,1140
2040,Codeforces Round 992 (Div. 2),tc_adventureking,4214,1733675700,1365,1360
2040,Codeforces Round 992 (Div. 2),wangtianze,4214,1733675700,841,1080
2040,Codeforces Round 992 (Div. 2),ANIKET_IITB,4214,1733675700,1305,1316
2040,Codeforces Round 992 (Div. 2),Mikesinister,4214,1733675700,1011,1113
2040,Codeforces Round 992 (Div. 2),MMA,4214,1733675700,1341,1343
2040,Codeforces Round 992 (Div. 2),Areal27,4214,1733675700,1117,1183
2040,Codeforces Round 992 (Div. 2),twilkis,4214,1733675700,1078,1157
2040,Codeforces Round 992 (Div. 2),prasannakasar,4214,1733675700,930,1061
2040,Codeforces Round 992 (Div. 2),Andrew055,4214,1733675700,1260,1284
2040,Codeforces Round 992 (Div. 2),m0ttzyM,4214,1733675700,1202,1278
2040,Codeforces Round 992 (Div. 2),why1,4214,1733675700,1477,1444
2040,Codeforces Round 992 (Div. 2),bcryptic,4214,1733675700,1428,1408
2040,Codeforces Round 992 (Div. 2),akash_kumar_gupta,4214,1733675700,1135,1196
2040,Codeforces Round 992 (Div. 2),priyansh3468,4214,1733675700,1163,1215
2040,Codeforces Round 992 (Div. 2),Nguyendinhbach,4214,1733675700,1284,1301
2040,Codeforces Round 992 (Div. 2),NKhanh106,4214,1733675700,1256,1281
2040,Codeforces Round 992 (Div. 2),9ine,4214,1733675700,1436,1414
2040,Codeforces Round 992 (Div. 2),iftekhar,4214,1733675700,1197,1239
2040,Codeforces Round 992 (Div. 2),atigdng,4214,1733675700,978,1091
2040,Codeforces Round 992 (Div. 2),Ruban_Denic,4214,1733675700,1199,1240
2040,Codeforces Round 992 (Div. 2),lcb2022027,4214,1733675700,998,1154
2040,Codeforces Round 992 (Div. 2),Plutopro,4214,1733675700,1489,1454
2040,Codeforces Round 992 (Div. 2),chensunyishuo,4214,1733675700,776,1032
2040,Codeforces Round 992 (Div. 2),chinnu0312,4214,1733675700,1309,1319
2040,Codeforces Round 992 (Div. 2),google_1234,4214,1733675700,1253,1279
2040,Codeforces Round 992 (Div. 2),KeNanjun,4214,1733675700,1289,1305
2040,Codeforces Round 992 (Div. 2),o1154,4214,1733675700,1298,1311
2040,Codeforces Round 992 (Div. 2),theheatcoder,4214,1733675700,1270,1291
2040,Codeforces Round 992 (Div. 2),sahaun,4214,1733675700,1624,1557
2040,Codeforces Round 992 (Div. 2),nish001,4214,1733675700,1081,1159
2040,Codeforces Round 992 (Div. 2),HarshSingh,4214,1733675700,1282,1299
2040,Codeforces Round 992 (Div. 2),Sutariya_18,4214,1733675700,1093,1167
2040,Codeforces Round 992 (Div. 2),zundamochi,4214,1733675700,1349,1349
2040,Codeforces Round 992 (Div. 2),JobairHasib,4214,1733675700,1416,1398
2040,Codeforces Round 992 (Div. 2),Puthinator_light_switch,4214,1733675700,1414,1397
2040,Codeforces Round 992 (Div. 2),rikka4153,4214,1733675700,1222,1256
2040,Codeforces Round 992 (Div. 2),Slim-Sulek,4214,1733675700,1344,1345
2040,Codeforces Round 992 (Div. 2),omraki216746,4269,1733675700,1252,1277
2040,Codeforces Round 992 (Div. 2),singhcoder694,4269,1733675700,1141,1199
2040,Codeforces Round 992 (Div. 2),PownShanYu,4269,1733675700,1114,1180
2040,Codeforces Round 992 (Div. 2),black_swan,4269,1733675700,1122,1186
2040,Codeforces Round 992 (Div. 2),beejee,4269,1733675700,1239,1268
2040,Codeforces Round 992 (Div. 2),D4RK99,4269,1733675700,1201,1241
2040,Codeforces Round 992 (Div. 2),Agen,4269,1733675700,1325,1330
2040,Codeforces Round 992 (Div. 2),Kaushal_26,4269,1733675700,1360,1356
2040,Codeforces Round 992 (Div. 2),agentrico09_09,4269,1733675700,1180,1226
2040,Codeforces Round 992 (Div. 2),taherboudriga23,4269,1733675700,1117,1182
2040,Codeforces Round 992 (Div. 2),VexedVectors101,4269,1733675700,1334,1337
2040,Codeforces Round 992 (Div. 2),Prababamaba,4269,1733675700,1200,1240
2040,Codeforces Round 992 (Div. 2),SNOJ,4269,1733675700,1372,1365
2040,Codeforces Round 992 (Div. 2),s_bhavesh,4269,1733675700,1131,1192
2040,Codeforces Round 992 (Div. 2),silvup,4269,1733675700,1531,1485
2040,Codeforces Round 992 (Div. 2),ytt123123,4269,1733675700,876,1073
2040,Codeforces Round 992 (Div. 2),GavinCQTD,4269,1733675700,962,1080
2040,Codeforces Round 992 (Div. 2),_.Manish._,4269,1733675700,1237,1266
2040,Codeforces Round 992 (Div. 2),EagleEyeRaider,4269,1733675700,1275,1293
2040,Codeforces Round 992 (Div. 2),parth121004,4269,1733675700,1384,1374
2040,Codeforces Round 992 (Div. 2),Cuber-26,4269,1733675700,1427,1406
2040,Codeforces Round 992 (Div. 2),infinite8,4269,1733675700,1162,1213
2040,Codeforces Round 992 (Div. 2),VIVEK6416,4269,1733675700,1370,1363
2040,Codeforces Round 992 (Div. 2),louisjohns32,4269,1733675700,1511,1470
2040,Codeforces Round 992 (Div. 2),Buuuuuuuu,4269,1733675700,835,1002
2040,Codeforces Round 992 (Div. 2),hunney27,4269,1733675700,1397,1383
2040,Codeforces Round 992 (Div. 2),SystemTesting,4269,1733675700,1318,1325
2040,Codeforces Round 992 (Div. 2),ashborn,4269,1733675700,1121,1185
2040,Codeforces Round 992 (Div. 2),AarushiAgarwal515,4269,1733675700,1430,1408
2040,Codeforces Round 992 (Div. 2),JiaxuanChen,4269,1733675700,419,776
2040,Codeforces Round 992 (Div. 2),sumit10,4269,1733675700,1408,1391
2040,Codeforces Round 992 (Div. 2),Hossain_Ahmed,4269,1733675700,970,1085
2040,Codeforces Round 992 (Div. 2),lovejsn,4269,1733675700,1304,1315
2040,Codeforces Round 992 (Div. 2),Violet.E,4269,1733675700,0,491
2040,Codeforces Round 992 (Div. 2),Arnold_21,4269,1733675700,1012,1112
2040,Codeforces Round 992 (Div. 2),Neymar_Jr_31,4269,1733675700,1363,1358
2040,Codeforces Round 992 (Div. 2),k.chaitanya.rag11318,4269,1733675700,1191,1233
2040,Codeforces Round 992 (Div. 2),suryateja2003411,4269,1733675700,683,964
2040,Codeforces Round 992 (Div. 2),Aviral_Jain7,4269,1733675700,1168,1217
2040,Codeforces Round 992 (Div. 2),MrSurfer,4269,1733675700,0,491
2040,Codeforces Round 992 (Div. 2),JpsZs,4309,1733675700,1278,1295
2040,Codeforces Round 992 (Div. 2),Shun-kun,4309,1733675700,1073,1152
2040,Codeforces Round 992 (Div. 2),Subio,4309,1733675700,1343,1342
2040,Codeforces Round 992 (Div. 2),tempturing,4309,1733675700,1561,1507
2040,Codeforces Round 992 (Div. 2),GaiaKing,4309,1733675700,1216,1250
2040,Codeforces Round 992 (Div. 2),rohansai2104,4309,1733675700,1039,1162
2040,Codeforces Round 992 (Div. 2),keshav.sai0311,4309,1733675700,1550,1499
2040,Codeforces Round 992 (Div. 2),desparado,4309,1733675700,1277,1294
2040,Codeforces Round 992 (Div. 2),abcyz,4309,1733675700,1737,1644
2040,Codeforces Round 992 (Div. 2),Satya.akeA,4309,1733675700,1317,1323
2040,Codeforces Round 992 (Div. 2),Sukantadatta18,4309,1733675700,982,1092
2040,Codeforces Round 992 (Div. 2),Osama_S10,4309,1733675700,1558,1505
2040,Codeforces Round 992 (Div. 2),patel_niraj,4309,1733675700,1161,1212
2040,Codeforces Round 992 (Div. 2),roy454880,4309,1733675700,1147,1202
2040,Codeforces Round 992 (Div. 2),lwdfks,4309,1733675700,1192,1269
2040,Codeforces Round 992 (Div. 2),_princegrewal,4309,1733675700,1321,1326
2040,Codeforces Round 992 (Div. 2),Rafsan18,4309,1733675700,1340,1340
2040,Codeforces Round 992 (Div. 2),you.shall.not.pass,4309,1733675700,1420,1400
2040,Codeforces Round 992 (Div. 2),theriseofahero,4309,1733675700,1231,1321
2040,Codeforces Round 992 (Div. 2),m30VV,4309,1733675700,1096,1222
2040,Codeforces Round 992 (Div. 2),Tarela4ka,4309,1733675700,1026,1120
2040,Codeforces Round 992 (Div. 2),kdisback,4309,1733675700,1330,1333
2040,Codeforces Round 992 (Div. 2),mayank_manas,4309,1733675700,1278,1295
2040,Codeforces Round 992 (Div. 2),Binary-Brigade,4309,1733675700,1253,1277
2040,Codeforces Round 992 (Div. 2),NayanVerma14,4309,1733675700,1310,1318
2040,Codeforces Round 992 (Div. 2),quater_nion,4309,1733675700,1519,1475
2040,Codeforces Round 992 (Div. 2),saitama_69,4309,1733675700,1206,1243
2040,Codeforces Round 992 (Div. 2),Dima357,4309,1733675700,1159,1210
2040,Codeforces Round 992 (Div. 2),__armani,4309,1733675700,1217,1287
2040,Codeforces Round 992 (Div. 2),hritikkaushik,4338,1733675700,1373,1364
2040,Codeforces Round 992 (Div. 2),thewoahguy24,4338,1733675700,1394,1379
2040,Codeforces Round 992 (Div. 2),_arrow_,4338,1733675700,1525,1479
2040,Codeforces Round 992 (Div. 2),TahsinArafat,4338,1733675700,1872,1750
2040,Codeforces Round 992 (Div. 2),cod3_trav3ll3r,4338,1733675700,818,1060
2040,Codeforces Round 992 (Div. 2),Reagger,4338,1733675700,1176,1221
2040,Codeforces Round 992 (Div. 2),AdamHDhayfa,4338,1733675700,1260,1281
2040,Codeforces Round 992 (Div. 2),Saarc,4338,1733675700,1143,1198
2040,Codeforces Round 992 (Div. 2),Power_Rangers_,4338,1733675700,1317,1322
2040,Codeforces Round 992 (Div. 2),Sparkus,4338,1733675700,1248,1272
2040,Codeforces Round 992 (Div. 2),cube_escape,4338,1733675700,1339,1338
2040,Codeforces Round 992 (Div. 2),lianxuhanshu,4338,1733675700,1473,1439
2040,Codeforces Round 992 (Div. 2),silicalet,4338,1733675700,1280,1295
2040,Codeforces Round 992 (Div. 2),talont,4338,1733675700,446,794
2040,Codeforces Round 992 (Div. 2),liuyan1217,4338,1733675700,882,1075
2040,Codeforces Round 992 (Div. 2),l_yzzz,4338,1733675700,1468,1435
2040,Codeforces Round 992 (Div. 2),shivamchp2,4338,1733675700,1086,1159
2040,Codeforces Round 992 (Div. 2),esports-always-save,4338,1733675700,1282,1297
2040,Codeforces Round 992 (Div. 2),Ronaknayak01,4338,1733675700,399,759
2040,Codeforces Round 992 (Div. 2),SouhailMightWin,4338,1733675700,1194,1234
2040,Codeforces Round 992 (Div. 2),oldcatsthecat,4338,1733675700,1221,1253
2040,Codeforces Round 992 (Div. 2),KRMZKRMZ,4338,1733675700,1355,1350
2040,Codeforces Round 992 (Div. 2),Krokenbush,4338,1733675700,1404,1387
2040,Codeforces Round 992 (Div. 2),tvvister,4338,1733675700,1438,1412
2040,Codeforces Round 992 (Div. 2),sotezsojib,4338,1733675700,1153,1205
2040,Codeforces Round 992 (Div. 2),kazialim12,4338,1733675700,995,1099
2040,Codeforces Round 992 (Div. 2),BaarishBoy,4338,1733675700,1336,1336
2040,Codeforces Round 992 (Div. 2),Voga,4338,1733675700,1511,1468
2040,Codeforces Round 992 (Div. 2),nkg206,4338,1733675700,1308,1316
2040,Codeforces Round 992 (Div. 2),radhekrishna24,4338,1733675700,1245,1270
2040,Codeforces Round 992 (Div. 2),Sazzad14802,4338,1733675700,1281,1296
2040,Codeforces Round 992 (Div. 2),nayak401,4338,1733675700,1105,1172
2040,Codeforces Round 992 (Div. 2),truongdoanbaotuan20204,4338,1733675700,1106,1173
2040,Codeforces Round 992 (Div. 2),Chankya123,4338,1733675700,1359,1353
2040,Codeforces Round 992 (Div. 2),Caikun_chen,4338,1733675700,1295,1306
2040,Codeforces Round 992 (Div. 2),Ujjawal_05,4338,1733675700,1384,1371
2040,Codeforces Round 992 (Div. 2),Vinayak_RZ,4338,1733675700,1074,1151
2040,Codeforces Round 992 (Div. 2),uditsh03,4338,1733675700,1382,1370
2040,Codeforces Round 992 (Div. 2),ArchitDwivedi,4338,1733675700,1097,1166
2040,Codeforces Round 992 (Div. 2),ZuiLeiTianShan,4338,1733675700,1318,1323
2040,Codeforces Round 992 (Div. 2),vdp,4338,1733675700,1302,1311
2040,Codeforces Round 992 (Div. 2),timrin06,4338,1733675700,880,1074
2040,Codeforces Round 992 (Div. 2),jovanmihov2,4338,1733675700,1270,1288
2040,Codeforces Round 992 (Div. 2),meetsarvan,4338,1733675700,1533,1485
2040,Codeforces Round 992 (Div. 2),chu_K,4338,1733675700,1163,1282
2040,Codeforces Round 992 (Div. 2),hsy23333,4338,1733675700,1388,1375
2040,Codeforces Round 992 (Div. 2),sparse_brainer,4338,1733675700,1121,1183
2040,Codeforces Round 992 (Div. 2),RajdeepSingh_23,4385,1733675700,1016,1111
2040,Codeforces Round 992 (Div. 2),goddddgg,4385,1733675700,1112,1210
2040,Codeforces Round 992 (Div. 2),md.noor.hassnain.01,4385,1733675700,1123,1183
2040,Codeforces Round 992 (Div. 2),Abdullah_78,4385,1733675700,1156,1206
2040,Codeforces Round 992 (Div. 2),hardeeparekh,4385,1733675700,1205,1240
2040,Codeforces Round 992 (Div. 2),hrishabhpatel09,4385,1733675700,1203,1239
2040,Codeforces Round 992 (Div. 2),Abbas1,4385,1733675700,1403,1385
2040,Codeforces Round 992 (Div. 2),GlebTop,4385,1733675700,1250,1309
2040,Codeforces Round 992 (Div. 2),ReachExpertRedeemMyself,4385,1733675700,1403,1385
2040,Codeforces Round 992 (Div. 2),asitis,4385,1733675700,1395,1379
2040,Codeforces Round 992 (Div. 2),silvermete0r,4385,1733675700,1247,1270
2040,Codeforces Round 992 (Div. 2),waterComplex,4385,1733675700,1298,1307
2040,Codeforces Round 992 (Div. 2),bilboque,4385,1733675700,700,972
2040,Codeforces Round 992 (Div. 2),Omipotent65,4385,1733675700,1119,1180
2040,Codeforces Round 992 (Div. 2),champgk13,4385,1733675700,1307,1314
2040,Codeforces Round 992 (Div. 2),Lakshay_2021059,4385,1733675700,1401,1383
2040,Codeforces Round 992 (Div. 2),hells_angel,4385,1733675700,621,925
2040,Codeforces Round 992 (Div. 2),Mega6776,4385,1733675700,1281,1295
2040,Codeforces Round 992 (Div. 2),sabino1,4385,1733675700,1732,1638
2040,Codeforces Round 992 (Div. 2),_NabeelAhsan_,4385,1733675700,1208,1242
2040,Codeforces Round 992 (Div. 2),Sisyphus123,4385,1733675700,1175,1219
2040,Codeforces Round 992 (Div. 2),omarsaifeldeen2000,4385,1733675700,1162,1210
2040,Codeforces Round 992 (Div. 2),Bhed_811,4385,1733675700,1236,1262
2040,Codeforces Round 992 (Div. 2),jagadeesh1734,4385,1733675700,1210,1243
2040,Codeforces Round 992 (Div. 2),gau_r_av,4385,1733675700,1212,1245
2040,Codeforces Round 992 (Div. 2),Belayed,4385,1733675700,1081,1154
2040,Codeforces Round 992 (Div. 2),dayzee,4385,1733675700,1405,1467
2040,Codeforces Round 992 (Div. 2),sumit2018das2004,4385,1733675700,1195,1233
2040,Codeforces Round 992 (Div. 2),___divi__,4385,1733675700,1110,1174
2040,Codeforces Round 992 (Div. 2),VedantChichmalkar,4385,1733675700,1068,1146
2040,Codeforces Round 992 (Div. 2),perfectionism,4385,1733675700,1114,1244
2040,Codeforces Round 992 (Div. 2),Joaquin144,4385,1733675700,1282,1296
2040,Codeforces Round 992 (Div. 2),KocherginDaniil,4385,1733675700,1455,1425
2040,Codeforces Round 992 (Div. 2),terra_sapien,4385,1733675700,1263,1281
2040,Codeforces Round 992 (Div. 2),minus_zero-2,4385,1733675700,1291,1302
2040,Codeforces Round 992 (Div. 2),anujtr_455,4385,1733675700,1257,1277
2040,Codeforces Round 992 (Div. 2),_JAMES_,4385,1733675700,1317,1321
2040,Codeforces Round 992 (Div. 2),ankur_310,4385,1733675700,1282,1296
2040,Codeforces Round 992 (Div. 2),anonymous08,4385,1733675700,1338,1337
2040,Codeforces Round 992 (Div. 2),K_Tumi_Bakul,4385,1733675700,1153,1204
2040,Codeforces Round 992 (Div. 2),NegarT,4385,1733675700,1187,1227
2040,Codeforces Round 992 (Div. 2),fraserdab,4385,1733675700,1217,1248
2040,Codeforces Round 992 (Div. 2),HuynhMinh,4385,1733675700,1044,1130
2040,Codeforces Round 992 (Div. 2),123cfx,4385,1733675700,1140,1195
2040,Codeforces Round 992 (Div. 2),samarp1001,4385,1733675700,1221,1252
2040,Codeforces Round 992 (Div. 2),hahahaaa,4430,1733675700,1356,1349
2040,Codeforces Round 992 (Div. 2),PulkitJoshi,4430,1733675700,1058,1200
2040,Codeforces Round 992 (Div. 2),its_vk,4430,1733675700,1354,1347
2040,Codeforces Round 992 (Div. 2),mrBelka,4430,1733675700,1165,1211
2040,Codeforces Round 992 (Div. 2),pvr04,4430,1733675700,1406,1386
2040,Codeforces Round 992 (Div. 2),XKZL-WTY,4430,1733675700,600,908
2040,Codeforces Round 992 (Div. 2),Wcy6,4430,1733675700,1059,1201
2040,Codeforces Round 992 (Div. 2),ArturoR2D2,4430,1733675700,1217,1248
2040,Codeforces Round 992 (Div. 2),rahulstudy1000,4430,1733675700,918,1048
2040,Codeforces Round 992 (Div. 2),xfp_17,4430,1733675700,1635,1561
2040,Codeforces Round 992 (Div. 2),The_Yeagerist,4430,1733675700,1526,1478
2040,Codeforces Round 992 (Div. 2),choudharyshivam200,4430,1733675700,1103,1168
2040,Codeforces Round 992 (Div. 2),NoisyBooyyyy,4430,1733675700,1304,1310
2040,Codeforces Round 992 (Div. 2),M905,4430,1733675700,1098,1165
2040,Codeforces Round 992 (Div. 2),Selvaarumugam,4430,1733675700,1328,1328
2040,Codeforces Round 992 (Div. 2),bikram_gupta,4430,1733675700,1058,1138
2040,Codeforces Round 992 (Div. 2),Westie,4430,1733675700,1363,1354
2040,Codeforces Round 992 (Div. 2),shiinamashiro_,4430,1733675700,1576,1516
2040,Codeforces Round 992 (Div. 2),Afflatun,4430,1733675700,451,795
2040,Codeforces Round 992 (Div. 2),hwx66,4430,1733675700,1231,1258
2040,Codeforces Round 992 (Div. 2),ArjunMahadik,4430,1733675700,1064,1142
2040,Codeforces Round 992 (Div. 2),krishnagopal2004,4430,1733675700,1489,1449
2040,Codeforces Round 992 (Div. 2),rinshikumari1711,4430,1733675700,1230,1257
2040,Codeforces Round 992 (Div. 2),kashyap_2005,4430,1733675700,1054,1135
2040,Codeforces Round 992 (Div. 2),qilif,4430,1733675700,775,962
2040,Codeforces Round 992 (Div. 2),santoshswansi_,4430,1733675700,1383,1369
2040,Codeforces Round 992 (Div. 2),AlexFraind,4430,1733675700,1311,1316
2040,Codeforces Round 992 (Div. 2),Gopal2210,4430,1733675700,1102,1167
2040,Codeforces Round 992 (Div. 2),Dhruv_98959,4430,1733675700,1099,1165
2040,Codeforces Round 992 (Div. 2),elysia_miao,4430,1733675700,1016,1143
2040,Codeforces Round 992 (Div. 2),olegazz,4430,1733675700,1219,1249
2040,Codeforces Round 992 (Div. 2),TomaHawk04,4430,1733675700,1280,1293
2040,Codeforces Round 992 (Div. 2),yuri.barbashov,4430,1733675700,936,1111
2040,Codeforces Round 992 (Div. 2),dhruvil_9198,4430,1733675700,1103,1168
2040,Codeforces Round 992 (Div. 2),siddhant139,4430,1733675700,1226,1254
2040,Codeforces Round 992 (Div. 2),nguyentrongtin09,4430,1733675700,660,943
2040,Codeforces Round 992 (Div. 2),RoyalChalengersBanglore,4430,1733675700,973,1082
2040,Codeforces Round 992 (Div. 2),1412neerujjain,4430,1733675700,1333,1332
2040,Codeforces Round 992 (Div. 2),JaiSwarup,4430,1733675700,1387,1372
2040,Codeforces Round 992 (Div. 2),0410shubham,4430,1733675700,1073,1148
2040,Codeforces Round 992 (Div. 2),amumu123,4430,1733675700,1019,1145
2040,Codeforces Round 992 (Div. 2),noob_coder10,4430,1733675700,1118,1178
2040,Codeforces Round 992 (Div. 2),SaiKrishna_101,4430,1733675700,1331,1330
2040,Codeforces Round 992 (Div. 2),krishsaini_777,4430,1733675700,1055,1136
2040,Codeforces Round 992 (Div. 2),Supraj_2004,4430,1733675700,1360,1352
2040,Codeforces Round 992 (Div. 2),OneIndexed,4475,1733675700,1354,1347
2040,Codeforces Round 992 (Div. 2),amcace,4475,1733675700,1108,1170
2040,Codeforces Round 992 (Div. 2),parekh,4475,1733675700,1210,1241
2040,Codeforces Round 992 (Div. 2),gauravkrgupta0954,4475,1733675700,1159,1205
2040,Codeforces Round 992 (Div. 2),Tulip,4475,1733675700,1356,1348
2040,Codeforces Round 992 (Div. 2),piyushjain14,4475,1733675700,1567,1508
2040,Codeforces Round 992 (Div. 2),tanya-degurechaff,4475,1733675700,1353,1383
2040,Codeforces Round 992 (Div. 2),rohangarg1446,4475,1733675700,1365,1354
2040,Codeforces Round 992 (Div. 2),Dark_543,4475,1733675700,1490,1449
2040,Codeforces Round 992 (Div. 2),Teckza,4475,1733675700,1379,1365
2040,Codeforces Round 992 (Div. 2),prtxdongare,4475,1733675700,1308,1312
2040,Codeforces Round 992 (Div. 2),Alpha_04.,4475,1733675700,1272,1286
2040,Codeforces Round 992 (Div. 2),Hrishi_,4475,1733675700,914,1044
2040,Codeforces Round 992 (Div. 2),voidheart,4475,1733675700,1304,1309
2040,Codeforces Round 992 (Div. 2),KatzzZZ,4475,1733675700,916,1096
2040,Codeforces Round 992 (Div. 2),linux_mint,4475,1733675700,990,1149
2040,Codeforces Round 992 (Div. 2),ambak,4475,1733675700,1719,1626
2040,Codeforces Round 992 (Div. 2),learning_386,4475,1733675700,991,1150
2040,Codeforces Round 992 (Div. 2),tlyashok,4475,1733675700,996,1096
2040,Codeforces Round 992 (Div. 2),sabbir_063,4475,1733675700,1176,1217
2040,Codeforces Round 992 (Div. 2),rick3300,4475,1733675700,1128,1184
2040,Codeforces Round 992 (Div. 2),sumitt_yadav,4475,1733675700,1352,1345
2040,Codeforces Round 992 (Div. 2),Beat-O-O-Heat,4475,1733675700,1073,1147
2040,Codeforces Round 992 (Div. 2),Vrushil_Patel,4475,1733675700,864,1013
2040,Codeforces Round 992 (Div. 2),mishra_lokesh,4475,1733675700,1325,1325
2040,Codeforces Round 992 (Div. 2),John314,4475,1733675700,1725,1631
2040,Codeforces Round 992 (Div. 2),JustNoobkkk,4475,1733675700,1069,1144
2040,Codeforces Round 992 (Div. 2),digvijayy,4475,1733675700,1464,1429
2040,Codeforces Round 992 (Div. 2),Shah_Makhdum,4475,1733675700,1116,1175
2040,Codeforces Round 992 (Div. 2),Bardia10,4475,1733675700,1055,1134
2040,Codeforces Round 992 (Div. 2),BofMeAstaroth,4475,1733675700,1206,1239
2040,Codeforces Round 992 (Div. 2),Suppandi,4475,1733675700,768,957
2040,Codeforces Round 992 (Div. 2),ashwinimishra666,4475,1733675700,1204,1237
2040,Codeforces Round 992 (Div. 2),wa_kings,4475,1733675700,1335,1332
2040,Codeforces Round 992 (Div. 2),anabolx,4475,1733675700,1604,1537
2040,Codeforces Round 992 (Div. 2),abhi_yo,4475,1733675700,1006,1102
2040,Codeforces Round 992 (Div. 2),ibrosh,4475,1733675700,1389,1372
2040,Codeforces Round 992 (Div. 2),ranasujay,4475,1733675700,1408,1387
2040,Codeforces Round 992 (Div. 2),tourist_fantasy,4475,1733675700,1229,1255
2040,Codeforces Round 992 (Div. 2),xuexiaoyun,4475,1733675700,1043,1127
2040,Codeforces Round 992 (Div. 2),erikpe,4475,1733675700,444,789
2040,Codeforces Round 992 (Div. 2),Ten-year-veteran,4475,1733675700,1178,1219
2040,Codeforces Round 992 (Div. 2),ZhaoV1,4475,1733675700,1370,1358
2040,Codeforces Round 992 (Div. 2),aryansingh1208,4475,1733675700,833,1037
2040,Codeforces Round 992 (Div. 2),Kartikey_Tanwar,4475,1733675700,1078,1150
2040,Codeforces Round 992 (Div. 2),CELD_07,4520,1733675700,1674,1590
2040,Codeforces Round 992 (Div. 2),tartaglia_,4520,1733675700,1548,1492
2040,Codeforces Round 992 (Div. 2),mdkhaledmhamud220,4520,1733675700,1405,1384
2040,Codeforces Round 992 (Div. 2),ek_gupta,4520,1733675700,1283,1293
2040,Codeforces Round 992 (Div. 2),want_something,4520,1733675700,1476,1437
2040,Codeforces Round 992 (Div. 2),MICRONAME,4520,1733675700,1248,1267
2040,Codeforces Round 992 (Div. 2),ayushydv23,4520,1733675700,1239,1261
2040,Codeforces Round 992 (Div. 2),Yuhaowei,4520,1733675700,1314,1316
2040,Codeforces Round 992 (Div. 2),Milton_098,4520,1733675700,1278,1289
2040,Codeforces Round 992 (Div. 2),bibimoni,4520,1733675700,1579,1516
2040,Codeforces Round 992 (Div. 2),Skryy,4520,1733675700,1118,1232
2040,Codeforces Round 992 (Div. 2),Beautiful_War,4520,1733675700,1473,1435
2040,Codeforces Round 992 (Div. 2),Eftekhar_Nahim,4520,1733675700,1465,1429
2040,Codeforces Round 992 (Div. 2),polysolene,4520,1733675700,780,1027
2040,Codeforces Round 992 (Div. 2),Rakshit_1,4520,1733675700,1449,1417
2040,Codeforces Round 992 (Div. 2),garvit_0407,4520,1733675700,1224,1250
2040,Codeforces Round 992 (Div. 2),1sp7stonic,4520,1733675700,1264,1279
2040,Codeforces Round 992 (Div. 2),kalp_shah_19,4520,1733675700,1011,1104
2040,Codeforces Round 992 (Div. 2),slices,4520,1733675700,1668,1585
2040,Codeforces Round 992 (Div. 2),william0,4520,1733675700,1209,1239
2040,Codeforces Round 992 (Div. 2),eshanahmed108,4520,1733675700,1031,1117
2040,Codeforces Round 992 (Div. 2),WingSpan,4520,1733675700,1685,1598
2040,Codeforces Round 992 (Div. 2),SUVU01,4520,1733675700,1650,1571
2040,Codeforces Round 992 (Div. 2),Supr_01,4520,1733675700,1397,1377
2040,Codeforces Round 992 (Div. 2),NazarM,4520,1733675700,1129,1183
2040,Codeforces Round 992 (Div. 2),nszkay,4520,1733675700,0,485
2040,Codeforces Round 992 (Div. 2),ydong,4520,1733675700,1081,1151
2040,Codeforces Round 992 (Div. 2),Satyamyadav77512,4520,1733675700,1223,1249
2040,Codeforces Round 992 (Div. 2),Adu3108,4520,1733675700,1319,1319
2040,Codeforces Round 992 (Div. 2),Ronak1808,4520,1733675700,1664,1582
2040,Codeforces Round 992 (Div. 2),Mr5_X,4520,1733675700,1114,1173
2040,Codeforces Round 992 (Div. 2),Felix_Felicis23,4520,1733675700,1472,1434
2040,Codeforces Round 992 (Div. 2),Beibit-B-014-28,4520,1733675700,1122,1178
2040,Codeforces Round 992 (Div. 2),n1kiLL,4520,1733675700,1138,1190
2040,Codeforces Round 992 (Div. 2),kam001,4520,1733675700,1574,1512
2040,Codeforces Round 992 (Div. 2),Andromeda007,4520,1733675700,1406,1384
2040,Codeforces Round 992 (Div. 2),kunjbhuva69,4520,1733675700,1419,1394
2040,Codeforces Round 992 (Div. 2),Woojt_,4520,1733675700,966,1075
2040,Codeforces Round 992 (Div. 2),bera_474,4520,1733675700,1610,1540
2040,Codeforces Round 992 (Div. 2),datshroud,4520,1733675700,1117,1175
2040,Codeforces Round 992 (Div. 2),titan_2,4520,1733675700,1321,1321
2040,Codeforces Round 992 (Div. 2),mrnoobington,4520,1733675700,1033,1171
2040,Codeforces Round 992 (Div. 2),melody_rules,4520,1733675700,1315,1317
2040,Codeforces Round 992 (Div. 2),Divyam_Sharad,4520,1733675700,1398,1378
2040,Codeforces Round 992 (Div. 2),wb11111,4520,1733675700,928,1103
2040,Codeforces Round 992 (Div. 2),unrealassembler,4520,1733675700,859,1054
2040,Codeforces Round 992 (Div. 2),Rushi_Vivek,4520,1733675700,1300,1305
2040,Codeforces Round 992 (Div. 2),178094221___jxaynz,4520,1733675700,1263,1278
2040,Codeforces Round 992 (Div. 2),hasanjakir,4520,1733675700,1286,1295
2040,Codeforces Round 992 (Div. 2),yoCandy,4520,1733675700,1057,1134
2040,Codeforces Round 992 (Div. 2),UpdDevansh,4520,1733675700,957,1069
2040,Codeforces Round 992 (Div. 2),baniphar350,4520,1733675700,1371,1358
2040,Codeforces Round 992 (Div. 2),harshith__98,4572,1733675700,1094,1214
2040,Codeforces Round 992 (Div. 2),aneesh2002,4572,1733675700,1216,1244
2040,Codeforces Round 992 (Div. 2),Vrushil009,4572,1733675700,0,484
2040,Codeforces Round 992 (Div. 2),Harsh_cf,4572,1733675700,1342,1336
2040,Codeforces Round 992 (Div. 2),p4r4d0_x,4572,1733675700,1232,1255
2040,Codeforces Round 992 (Div. 2),sarbojit_007,4572,1733675700,1104,1165
2040,Codeforces Round 992 (Div. 2),AhmedQassem_,4572,1733675700,1294,1300
2040,Codeforces Round 992 (Div. 2),Don_Raj,4572,1733675700,0,484
2040,Codeforces Round 992 (Div. 2),Mr_Cheeeeeze,4572,1733675700,1460,1425
2040,Codeforces Round 992 (Div. 2),Akshay_x,4572,1733675700,1137,1245
2040,Codeforces Round 992 (Div. 2),parshiv.kapoor,4572,1733675700,891,1027
2040,Codeforces Round 992 (Div. 2),adityap22,4572,1733675700,683,956
2040,Codeforces Round 992 (Div. 2),abhi_cf26,4572,1733675700,1195,1265
2040,Codeforces Round 992 (Div. 2),Muhammad-Talha,4572,1733675700,1168,1210
2040,Codeforces Round 992 (Div. 2),bhishek239,4572,1733675700,884,1023
2040,Codeforces Round 992 (Div. 2),TiwoeeM,4572,1733675700,1450,1417
2040,Codeforces Round 992 (Div. 2),seaSmoke,4572,1733675700,1394,1375
2040,Codeforces Round 992 (Div. 2),Prabhdeep-24,4572,1733675700,985,1087
2040,Codeforces Round 992 (Div. 2),strikingarrow,4572,1733675700,1539,1485
2040,Codeforces Round 992 (Div. 2),Adarsh_singh,4572,1733675700,1074,1145
2040,Codeforces Round 992 (Div. 2),kulkarnichaitanya665,4572,1733675700,1261,1276
2040,Codeforces Round 992 (Div. 2),404404,4572,1733675700,919,1044
2040,Codeforces Round 992 (Div. 2),sinnay,4572,1733675700,1178,1217
2040,Codeforces Round 992 (Div. 2),_vthong,4572,1733675700,1572,1510
2040,Codeforces Round 992 (Div. 2),suraj15102003,4572,1733675700,1622,1549
2040,Codeforces Round 992 (Div. 2),yurril,4572,1733675700,1248,1267
2040,Codeforces Round 992 (Div. 2),what_to_code,4572,1733675700,1031,1116
2040,Codeforces Round 992 (Div. 2),timelimited,4572,1733675700,832,1065
2040,Codeforces Round 992 (Div. 2),rehanmm,4572,1733675700,1416,1391
2040,Codeforces Round 992 (Div. 2),Infinity06,4572,1733675700,1352,1343
2040,Codeforces Round 992 (Div. 2),ccr230110900501,4572,1733675700,1298,1303
2040,Codeforces Round 992 (Div. 2),KP__,4572,1733675700,1346,1338
2040,Codeforces Round 992 (Div. 2),liwag403,4572,1733675700,0,484
2040,Codeforces Round 992 (Div. 2),sambhavseth1806,4605,1733675700,1226,1250
2040,Codeforces Round 992 (Div. 2),nsquarepart1,4605,1733675700,994,1091
2040,Codeforces Round 992 (Div. 2),mohaali482,4605,1733675700,1243,1262
2040,Codeforces Round 992 (Div. 2),wiedergeboren,4605,1733675700,1489,1446
2040,Codeforces Round 992 (Div. 2),Zchary_R,4605,1733675700,1051,1129
2040,Codeforces Round 992 (Div. 2),KomarovEgor,4605,1733675700,1451,1417
2040,Codeforces Round 992 (Div. 2),doctorPrime,4605,1733675700,1341,1334
2040,Codeforces Round 992 (Div. 2),huanyizhiyuan,4605,1733675700,1467,1429
2040,Codeforces Round 992 (Div. 2),itz_Akshay,4605,1733675700,1144,1249
2040,Codeforces Round 992 (Div. 2),sanketag23,4605,1733675700,1325,1322
2040,Codeforces Round 992 (Div. 2),PerryThePlaytypus,4605,1733675700,1475,1435
2040,Codeforces Round 992 (Div. 2),__SADMAN__,4605,1733675700,1188,1223
2040,Codeforces Round 992 (Div. 2),Lathika_priya,4605,1733675700,1126,1179
2040,Codeforces Round 992 (Div. 2),arnab_baishnab,4605,1733675700,1736,1637
2040,Codeforces Round 992 (Div. 2),Algo__rhythm,4605,1733675700,1336,1330
2040,Codeforces Round 992 (Div. 2),Alencryenfo,4605,1733675700,0,483
2040,Codeforces Round 992 (Div. 2),Godsword,4605,1733675700,1204,1234
2040,Codeforces Round 992 (Div. 2),NinjaDeepak,4605,1733675700,1458,1422
2040,Codeforces Round 992 (Div. 2),Anda130249,4605,1733675700,1115,1172
2040,Codeforces Round 992 (Div. 2),bhagwandai,4605,1733675700,1463,1426
2040,Codeforces Round 992 (Div. 2),bharatjain14,4605,1733675700,1289,1295
2040,Codeforces Round 992 (Div. 2),Mehul-Raj,4605,1733675700,1171,1211
2040,Codeforces Round 992 (Div. 2),JohanXLiebert,4605,1733675700,1401,1379
2040,Codeforces Round 992 (Div. 2),Ahmed05,4605,1733675700,1480,1439
2040,Codeforces Round 992 (Div. 2),parsa_mso,4605,1733675700,1103,1163
2040,Codeforces Round 992 (Div. 2),pradeepkmaran,4605,1733675700,1288,1295
2040,Codeforces Round 992 (Div. 2),prashant___,4605,1733675700,1194,1227
2040,Codeforces Round 992 (Div. 2),VALiiANT,4605,1733675700,827,987
2040,Codeforces Round 992 (Div. 2),A_ngle05,4605,1733675700,1024,1110
2040,Codeforces Round 992 (Div. 2),amineriwa,4605,1733675700,1654,1573
2040,Codeforces Round 992 (Div. 2),STInverSpinel,4605,1733675700,1261,1275
2040,Codeforces Round 992 (Div. 2),kindmango,4605,1733675700,1844,1723
2040,Codeforces Round 992 (Div. 2),1435730,4605,1733675700,1400,1378
2040,Codeforces Round 992 (Div. 2),Harshal_Kanani,4605,1733675700,1096,1159
2040,Codeforces Round 992 (Div. 2),ckfy,4605,1733675700,1117,1241
2040,Codeforces Round 992 (Div. 2),_Priyank,4605,1733675700,1229,1252
2040,Codeforces Round 992 (Div. 2),EboTheGreat,4605,1733675700,1127,1180
2040,Codeforces Round 992 (Div. 2),aditya_1605,4605,1733675700,863,1053
2040,Codeforces Round 992 (Div. 2),Sahil-IITH,4605,1733675700,1260,1274
2040,Codeforces Round 992 (Div. 2),Duong_,4605,1733675700,1335,1329
2040,Codeforces Round 992 (Div. 2),oryshych.d,4605,1733675700,1305,1307
2040,Codeforces Round 992 (Div. 2),Eris.sd,4605,1733675700,1148,1194
2040,Codeforces Round 992 (Div. 2),weatherwise,4605,1733675700,1294,1299
2040,Codeforces Round 992 (Div. 2),KostyaSmirnov,4605,1733675700,1170,1210
2040,Codeforces Round 992 (Div. 2),Andy102,4605,1733675700,1183,1219
2040,Codeforces Round 992 (Div. 2),ironman263,4605,1733675700,1477,1436
2040,Codeforces Round 992 (Div. 2),K.E.R.O,4605,1733675700,1304,1306
2040,Codeforces Round 992 (Div. 2),kp_s33,4605,1733675700,1165,1206
2040,Codeforces Round 992 (Div. 2),_MAG_CS_,4605,1733675700,1534,1480
2040,Codeforces Round 992 (Div. 2),iMurat,4654,1733675700,1481,1439
2040,Codeforces Round 992 (Div. 2),qwqqaq,4654,1733675700,1279,1287
2040,Codeforces Round 992 (Div. 2),DEtermination21,4654,1733675700,1222,1246
2040,Codeforces Round 992 (Div. 2),Abid_Shahriar_Sakif,4654,1733675700,1221,1245
2040,Codeforces Round 992 (Div. 2),Renko114,4654,1733675700,1209,1236
2040,Codeforces Round 992 (Div. 2),Jeevith_P,4654,1733675700,1149,1194
2040,Codeforces Round 992 (Div. 2),abhayaj806,4654,1733675700,1262,1275
2040,Codeforces Round 992 (Div. 2),tianzhishengren,4654,1733675700,497,825
2040,Codeforces Round 992 (Div. 2),Rasa.mo,4654,1733675700,1234,1254
2040,Codeforces Round 992 (Div. 2),manoharsingh2402,4654,1733675700,1163,1204
2040,Codeforces Round 992 (Div. 2),_Bakr,4654,1733675700,1383,1364
2040,Codeforces Round 992 (Div. 2),wjl2023,4654,1733675700,1030,1113
2040,Codeforces Round 992 (Div. 2),Ryland_Grace,4654,1733675700,1472,1432
2040,Codeforces Round 992 (Div. 2),weizixuan,4654,1733675700,1175,1212
2040,Codeforces Round 992 (Div. 2),vignesh_1324,4654,1733675700,1160,1202
2040,Codeforces Round 992 (Div. 2),tan074,4654,1733675700,1244,1262
2040,Codeforces Round 992 (Div. 2),ravigod22,4654,1733675700,1450,1415
2040,Codeforces Round 992 (Div. 2),aleke,4654,1733675700,1511,1462
2040,Codeforces Round 992 (Div. 2),bogdan.tlny,4654,1733675700,1282,1290
2040,Codeforces Round 992 (Div. 2),Mostafa_Yassin,4654,1733675700,1336,1329
2040,Codeforces Round 992 (Div. 2),FNSCAR,4654,1733675700,1142,1224
2040,Codeforces Round 992 (Div. 2),ananya_2704,4654,1733675700,1074,1143
2040,Codeforces Round 992 (Div. 2),shanxinhan1,4654,1733675700,1212,1275
2040,Codeforces Round 992 (Div. 2),L1419GHT,4654,1733675700,1261,1274
2040,Codeforces Round 992 (Div. 2),Draedon,4654,1733675700,739,994
2040,Codeforces Round 992 (Div. 2),dumbest_golu,4654,1733675700,851,1078
2040,Codeforces Round 992 (Div. 2),siddharth10111,4654,1733675700,1136,1185
2040,Codeforces Round 992 (Div. 2),Gits_oel,4654,1733675700,1474,1433
2040,Codeforces Round 992 (Div. 2),Icarus___,4654,1733675700,1058,1132
2040,Codeforces Round 992 (Div. 2),wagle_s,4654,1733675700,1336,1329
2040,Codeforces Round 992 (Div. 2),ArminAfzali,4654,1733675700,1131,1182
2040,Codeforces Round 992 (Div. 2),codebuster_121,4654,1733675700,1460,1423
2040,Codeforces Round 992 (Div. 2),pikino,4654,1733675700,1421,1393
2040,Codeforces Round 992 (Div. 2),ArianKG,4654,1733675700,1166,1206
2040,Codeforces Round 992 (Div. 2),Rishhabh,4654,1733675700,1392,1371
2040,Codeforces Round 992 (Div. 2),The_Suhriday_72,4654,1733675700,1191,1224
2040,Codeforces Round 992 (Div. 2),dijkstra_bull,4654,1733675700,1268,1279
2040,Codeforces Round 992 (Div. 2),Daki-sa,4654,1733675700,1376,1359
2040,Codeforces Round 992 (Div. 2),brutal_pirate,4654,1733675700,1150,1195
2040,Codeforces Round 992 (Div. 2),metadev,4654,1733675700,975,1077
2040,Codeforces Round 992 (Div. 2),yuanhen...,4654,1733675700,929,1048
2040,Codeforces Round 992 (Div. 2),ss321,4695,1733675700,1042,1120
2040,Codeforces Round 992 (Div. 2),TanRai,4695,1733675700,714,975
2040,Codeforces Round 992 (Div. 2),SlightlySinister,4695,1733675700,1527,1473
2040,Codeforces Round 992 (Div. 2),boomfire,4695,1733675700,1470,1429
2040,Codeforces Round 992 (Div. 2),Damn_man,4695,1733675700,869,1010
2040,Codeforces Round 992 (Div. 2),joca113,4695,1733675700,1145,1190
2040,Codeforces Round 992 (Div. 2),prashikk0,4695,1733675700,1307,1307
2040,Codeforces Round 992 (Div. 2),_sjy_,4695,1733675700,1625,1549
2040,Codeforces Round 992 (Div. 2),2341341,4695,1733675700,1308,1307
2040,Codeforces Round 992 (Div. 2),MiaoYu404,4695,1733675700,1132,1238
2040,Codeforces Round 992 (Div. 2),Alvaro_Quispe,4695,1733675700,1095,1212
2040,Codeforces Round 992 (Div. 2),parni6ka0,4695,1733675700,1108,1165
2040,Codeforces Round 992 (Div. 2),lwenkai,4695,1733675700,1382,1362
2040,Codeforces Round 992 (Div. 2),charlie89,4695,1733675700,1470,1429
2040,Codeforces Round 992 (Div. 2),Crai0n,4695,1733675700,1500,1452
2040,Codeforces Round 992 (Div. 2),ritesh_raj_tiwari,4695,1733675700,965,1070
2040,Codeforces Round 992 (Div. 2),wolverine7,4695,1733675700,1139,1186
2040,Codeforces Round 992 (Div. 2),siam-35862,4695,1733675700,1318,1315
2040,Codeforces Round 992 (Div. 2),Kapibara,4695,1733675700,1589,1521
2040,Codeforces Round 992 (Div. 2),T-Hunter,4695,1733675700,1120,1173
2040,Codeforces Round 992 (Div. 2),-NOT,4695,1733675700,896,1026
2040,Codeforces Round 992 (Div. 2),harsh_1806,4695,1733675700,1149,1193
2040,Codeforces Round 992 (Div. 2),just_chillax,4695,1733675700,1593,1523
2040,Codeforces Round 992 (Div. 2),theunicat,4695,1733675700,1512,1461
2040,Codeforces Round 992 (Div. 2),nikaa123,4695,1733675700,1451,1415
2040,Codeforces Round 992 (Div. 2),Z-yx,4695,1733675700,1276,1284
2040,Codeforces Round 992 (Div. 2),randombernie,4695,1733675700,1312,1310
2040,Codeforces Round 992 (Div. 2),Whusyki,4695,1733675700,1165,1204
2040,Codeforces Round 992 (Div. 2),Rohan.D.Skaria,4695,1733675700,1319,1315
2040,Codeforces Round 992 (Div. 2),prosaniac,4695,1733675700,1224,1282
2040,Codeforces Round 992 (Div. 2),gourav_27,4695,1733675700,1073,1141
2040,Codeforces Round 992 (Div. 2),Yash_Maniya,4695,1733675700,1397,1374
2040,Codeforces Round 992 (Div. 2),Mossad00,4695,1733675700,1369,1353
2040,Codeforces Round 992 (Div. 2),RahulAhuja2901,4695,1733675700,1490,1445
2040,Codeforces Round 992 (Div. 2),vikashgorai985276,4695,1733675700,1131,1180
2040,Codeforces Round 992 (Div. 2),kundan_sai,4695,1733675700,1124,1176
2040,Codeforces Round 992 (Div. 2),NieYing,4695,1733675700,453,791
2040,Codeforces Round 992 (Div. 2),keshavbhalotia149,4695,1733675700,1259,1271
2040,Codeforces Round 992 (Div. 2),jane_1234,4695,1733675700,1009,1098
2040,Codeforces Round 992 (Div. 2),aryan0xo,4695,1733675700,1516,1464
2040,Codeforces Round 992 (Div. 2),Ice_cream_A,4695,1733675700,1398,1375
2040,Codeforces Round 992 (Div. 2),Fawkes4494d3,4695,1733675700,1178,1213
2040,Codeforces Round 992 (Div. 2),griffith911,4695,1733675700,1483,1439
2040,Codeforces Round 992 (Div. 2),himmi_r10,4695,1733675700,1037,1117
2040,Codeforces Round 992 (Div. 2),bobby222222222,4695,1733675700,1505,1456
2040,Codeforces Round 992 (Div. 2),spami,4740,1733675700,1039,1117
2040,Codeforces Round 992 (Div. 2),raghavgoyal,4740,1733675700,1334,1326
2040,Codeforces Round 992 (Div. 2),newway,4740,1733675700,440,780
2040,Codeforces Round 992 (Div. 2),Kattsyn,4740,1733675700,1233,1252
2040,Codeforces Round 992 (Div. 2),tAatreya7,4740,1733675700,746,998
2040,Codeforces Round 992 (Div. 2),monubhargav,4740,1733675700,1532,1476
2040,Codeforces Round 992 (Div. 2),unsung__,4740,1733675700,1471,1429
2040,Codeforces Round 992 (Div. 2),og.Sumail,4740,1733675700,1413,1385
2040,Codeforces Round 992 (Div. 2),CongMinh2002,4740,1733675700,1053,1126
2040,Codeforces Round 992 (Div. 2),Ay1n_Das,4740,1733675700,1201,1228
2040,Codeforces Round 992 (Div. 2),__rose,4740,1733675700,1384,1363
2040,Codeforces Round 992 (Div. 2),ayagrwl1080,4740,1733675700,1575,1509
2040,Codeforces Round 992 (Div. 2),bhambureaniruddha,4740,1733675700,1072,1139
2040,Codeforces Round 992 (Div. 2),Phnx29,4740,1733675700,1314,1311
2040,Codeforces Round 992 (Div. 2),Heixow,4740,1733675700,1246,1261
2040,Codeforces Round 992 (Div. 2),Muhammad_Osama_Fahim,4740,1733675700,1238,1255
2040,Codeforces Round 992 (Div. 2),Saket03,4740,1733675700,1335,1326
2040,Codeforces Round 992 (Div. 2),RB19,4740,1733675700,1124,1175
2040,Codeforces Round 992 (Div. 2),bodhijain9425,4740,1733675700,1437,1403
2040,Codeforces Round 992 (Div. 2),55HOSTRY55,4740,1733675700,1148,1191
2040,Codeforces Round 992 (Div. 2),Dragon_Krissash,4740,1733675700,1122,1173
2040,Codeforces Round 992 (Div. 2),surya_majhi,4740,1733675700,1297,1298
2040,Codeforces Round 992 (Div. 2),Unlock_U,4740,1733675700,1582,1553
2040,Codeforces Round 992 (Div. 2),robayed_110,4740,1733675700,1147,1191
2040,Codeforces Round 992 (Div. 2),AnubhavKishoreAnand,4740,1733675700,1058,1130
2040,Codeforces Round 992 (Div. 2),yaduvanshi_23,4740,1733675700,621,907
2040,Codeforces Round 992 (Div. 2),nnviswanath,4740,1733675700,485,814
2040,Codeforces Round 992 (Div. 2),NiK_KiTa5,4740,1733675700,1008,1096
2040,Codeforces Round 992 (Div. 2),arya_20,4740,1733675700,1035,1114
2040,Codeforces Round 992 (Div. 2),elmatador55,4740,1733675700,1137,1184
2040,Codeforces Round 992 (Div. 2),seasmoke_,4740,1733675700,1109,1165
2040,Codeforces Round 992 (Div. 2),invwjy,4740,1733675700,574,882
2040,Codeforces Round 992 (Div. 2),codetheus,4740,1733675700,987,1083
2040,Codeforces Round 992 (Div. 2),Surtr_4242,4740,1733675700,1152,1194
2040,Codeforces Round 992 (Div. 2),_hmt,4740,1733675700,1455,1417
2040,Codeforces Round 992 (Div. 2),Fahmid-404,4740,1733675700,982,1079
2040,Codeforces Round 992 (Div. 2),akshat_yadav_5,4740,1733675700,1206,1232
2040,Codeforces Round 992 (Div. 2),Kevin_FOS,4740,1733675700,1391,1406
2040,Codeforces Round 992 (Div. 2),qi-wanfeng,4778,1733675700,1381,1360
2040,Codeforces Round 992 (Div. 2),yogesh2025,4778,1733675700,0,480
2040,Codeforces Round 992 (Div. 2),singhanjesh2005,4778,1733675700,1022,1104
2040,Codeforces Round 992 (Div. 2),ssl0728,4778,1733675700,1067,1134
2040,Codeforces Round 992 (Div. 2),vasanth1491,4778,1733675700,1151,1192
2040,Codeforces Round 992 (Div. 2),singlenerd_13,4778,1733675700,1484,1439
2040,Codeforces Round 992 (Div. 2),Euphoriababy,4778,1733675700,1434,1400
2040,Codeforces Round 992 (Div. 2),LittleMiracle,4778,1733675700,1148,1190
2040,Codeforces Round 992 (Div. 2),Marwanthe0,4778,1733675700,1018,1102
2040,Codeforces Round 992 (Div. 2),Thangakumaran,4778,1733675700,934,1047
2040,Codeforces Round 992 (Div. 2),pshan,4778,1733675700,1307,1305
2040,Codeforces Round 992 (Div. 2),CodeDominator123,4778,1733675700,1208,1233
2040,Codeforces Round 992 (Div. 2),AwLty,4778,1733675700,1364,1347
2040,Codeforces Round 992 (Div. 2),akdaww,4778,1733675700,1269,1277
2040,Codeforces Round 992 (Div. 2),009_Ajeet,4778,1733675700,1370,1351
2040,Codeforces Round 992 (Div. 2),Sharit_2846,4778,1733675700,1231,1249
2040,Codeforces Round 992 (Div. 2),ls_y,4778,1733675700,903,1079
2040,Codeforces Round 992 (Div. 2),the_real_dummy,4778,1733675700,1453,1415
2040,Codeforces Round 992 (Div. 2),fxnb,4778,1733675700,1040,1116
2040,Codeforces Round 992 (Div. 2),Ayanokojii,4778,1733675700,1131,1235
2040,Codeforces Round 992 (Div. 2),ashank_22,4778,1733675700,1152,1193
2040,Codeforces Round 992 (Div. 2),Raj_3,4778,1733675700,1080,1143
2040,Codeforces Round 992 (Div. 2),jevesh2905,4778,1733675700,1243,1258
2040,Codeforces Round 992 (Div. 2),VelajZmaj,4778,1733675700,1206,1231
2040,Codeforces Round 992 (Div. 2),__DopamIne,4778,1733675700,1332,1323
2040,Codeforces Round 992 (Div. 2),ac1nonx,4778,1733675700,939,1105
2040,Codeforces Round 992 (Div. 2),newvortex,4778,1733675700,1061,1130
2040,Codeforces Round 992 (Div. 2),_Baron_,4778,1733675700,979,1076
2040,Codeforces Round 992 (Div. 2),go_j0,4778,1733675700,1327,1319
2040,Codeforces Round 992 (Div. 2),abncdf,4778,1733675700,1026,1107
2040,Codeforces Round 992 (Div. 2),0XBit,4778,1733675700,429,771
2040,Codeforces Round 992 (Div. 2),amanpatel04,4778,1733675700,921,1039
2040,Codeforces Round 992 (Div. 2),H_a_r_M_i_t,4778,1733675700,1582,1514
2040,Codeforces Round 992 (Div. 2),ahmed_jaki,4778,1733675700,1265,1274
2040,Codeforces Round 992 (Div. 2),Varun_171,4778,1733675700,1353,1338
2040,Codeforces Round 992 (Div. 2),lingchen107,4778,1733675700,1095,1153
2040,Codeforces Round 992 (Div. 2),Akshat_Miskin,4778,1733675700,1387,1365
2040,Codeforces Round 992 (Div. 2),PanShpek,4778,1733675700,686,952
2040,Codeforces Round 992 (Div. 2),toplion7,4778,1733675700,859,1001
2040,Codeforces Round 992 (Div. 2),iamsazidh,4778,1733675700,1077,1175
2040,Codeforces Round 992 (Div. 2),hhjjer,4778,1733675700,1337,1327
2040,Codeforces Round 992 (Div. 2),The_Lost_Amulet,4778,1733675700,1120,1171
2040,Codeforces Round 992 (Div. 2),Behesht,4778,1733675700,1247,1261
2040,Codeforces Round 992 (Div. 2),ayushk1227,4778,1733675700,665,938
2040,Codeforces Round 992 (Div. 2),puriVaii07,4778,1733675700,1090,1150
2040,Codeforces Round 992 (Div. 2),Xeqr,4778,1733675700,1151,1192
2040,Codeforces Round 992 (Div. 2),Rudra_24,4778,1733675700,1069,1136
2040,Codeforces Round 992 (Div. 2),un_available,4778,1733675700,1143,1187
2040,Codeforces Round 992 (Div. 2),Vithesh_2215,4826,1733675700,1331,1321
2040,Codeforces Round 992 (Div. 2),A_Coder_AS,4826,1733675700,1312,1307
2040,Codeforces Round 992 (Div. 2),amrahs_tihcnas,4826,1733675700,492,818
2040,Codeforces Round 992 (Div. 2),shadow4739,4826,1733675700,1229,1322
2040,Codeforces Round 992 (Div. 2),Yellowlion,4826,1733675700,1020,1102
2040,Codeforces Round 992 (Div. 2),naivedyam,4826,1733675700,1350,1336
2040,Codeforces Round 992 (Div. 2),binaryCoder_191,4826,1733675700,1103,1158
2040,Codeforces Round 992 (Div. 2),_hsn_,4826,1733675700,1475,1431
2040,Codeforces Round 992 (Div. 2),udayan8,4826,1733675700,1405,1377
2040,Codeforces Round 992 (Div. 2),Cracker_323,4826,1733675700,1182,1213
2040,Codeforces Round 992 (Div. 2),Ermi_007,4826,1733675700,1322,1315
2040,Codeforces Round 992 (Div. 2),BishopE6,4826,1733675700,1345,1332
2040,Codeforces Round 992 (Div. 2),Sum1ran,4826,1733675700,1187,1217
2040,Codeforces Round 992 (Div. 2),AU25_AdiPassover,4826,1733675700,0,479
2040,Codeforces Round 992 (Div. 2),Lever,4826,1733675700,1407,1379
2040,Codeforces Round 992 (Div. 2),RFDd,4826,1733675700,1373,1353
2040,Codeforces Round 992 (Div. 2),qbaiyu,4826,1733675700,1205,1229
2040,Codeforces Round 992 (Div. 2),llawliet030874,4826,1733675700,1086,1146
2040,Codeforces Round 992 (Div. 2),niu-zh,4826,1733675700,964,1122
2040,Codeforces Round 992 (Div. 2),La_Casa_Blanca,4826,1733675700,1128,1175
2040,Codeforces Round 992 (Div. 2),Salah7_a,4826,1733675700,1631,1551
2040,Codeforces Round 992 (Div. 2),LaukiSubg,4826,1733675700,1342,1368
2040,Codeforces Round 992 (Div. 2),Mk_Rahi,4826,1733675700,1065,1132
2040,Codeforces Round 992 (Div. 2),xu12138,4826,1733675700,1352,1337
2040,Codeforces Round 992 (Div. 2),spigi,4826,1733675700,1290,1291
2040,Codeforces Round 992 (Div. 2),vivek0707,4826,1733675700,926,1095
2040,Codeforces Round 992 (Div. 2),butterfly14,4826,1733675700,984,1078
2040,Codeforces Round 992 (Div. 2),23337456,4826,1733675700,1497,1447
2040,Codeforces Round 992 (Div. 2),Syntax2503,4826,1733675700,1385,1362
2040,Codeforces Round 992 (Div. 2),LOKESH200606,4826,1733675700,1052,1123
2040,Codeforces Round 992 (Div. 2),Raman-Luhach,4826,1733675700,1015,1099
2040,Codeforces Round 992 (Div. 2),pallav_ag,4826,1733675700,1116,1167
2040,Codeforces Round 992 (Div. 2),TJLhhhhss,4826,1733675700,1194,1222
2040,Codeforces Round 992 (Div. 2),bhimanshu7274,4826,1733675700,1095,1152
2040,Codeforces Round 992 (Div. 2),airat102,4826,1733675700,1420,1389
2040,Codeforces Round 992 (Div. 2),CuKu,4826,1733675700,1194,1222
2040,Codeforces Round 992 (Div. 2),Yaichi,4826,1733675700,1091,1150
2040,Codeforces Round 992 (Div. 2),__napa,4826,1733675700,1335,1324
2040,Codeforces Round 992 (Div. 2),Jazaba,4826,1733675700,1173,1207
2040,Codeforces Round 992 (Div. 2),TheWestWings,4826,1733675700,1315,1310
2040,Codeforces Round 992 (Div. 2),CITLALI_,4866,1733675700,1631,1550
2040,Codeforces Round 992 (Div. 2),raha2008,4866,1733675700,1533,1474
2040,Codeforces Round 992 (Div. 2),Jaan_Mustafa,4866,1733675700,1135,1179
2040,Codeforces Round 992 (Div. 2),Ahmed_Abdelmegeed,4866,1733675700,1803,1686
2040,Codeforces Round 992 (Div. 2),AynazRoAy,4866,1733675700,1306,1302
2040,Codeforces Round 992 (Div. 2),Sanat0412,4866,1733675700,1132,1177
2040,Codeforces Round 992 (Div. 2),SongXianKun,4866,1733675700,1048,1174
2040,Codeforces Round 992 (Div. 2),slAJd,4866,1733675700,1299,1297
2040,Codeforces Round 992 (Div. 2),Harsh_Agrawal_12,4866,1733675700,1255,1265
2040,Codeforces Round 992 (Div. 2),Cevat123,4866,1733675700,1442,1405
2040,Codeforces Round 992 (Div. 2),maxpawgdbs,4866,1733675700,838,1030
2040,Codeforces Round 992 (Div. 2),Mohammad_Arif,4866,1733675700,1157,1194
2040,Codeforces Round 992 (Div. 2),petrenslavik,4866,1733675700,1338,1326
2040,Codeforces Round 992 (Div. 2),zapwiz22,4866,1733675700,953,1057
2040,Codeforces Round 992 (Div. 2),Ishant0016,4866,1733675700,1113,1164
2040,Codeforces Round 992 (Div. 2),ShinChan_00,4866,1733675700,1470,1426
2040,Codeforces Round 992 (Div. 2),opius_005,4866,1733675700,1599,1525
2040,Codeforces Round 992 (Div. 2),harmlesshulk,4866,1733675700,1447,1408
2040,Codeforces Round 992 (Div. 2),takipuki,4866,1733675700,1155,1193
2040,Codeforces Round 992 (Div. 2),kaakashi_,4866,1733675700,1261,1269
2040,Codeforces Round 992 (Div. 2),hsqgrjs,4866,1733675700,1326,1317
2040,Codeforces Round 992 (Div. 2),dip0123,4866,1733675700,1039,1114
2040,Codeforces Round 992 (Div. 2),_buddha_01,4866,1733675700,1003,1089
2040,Codeforces Round 992 (Div. 2),Mayank_kumar1710,4866,1733675700,838,1031
2040,Codeforces Round 992 (Div. 2),prit_zalavadiya,4866,1733675700,991,1082
2040,Codeforces Round 992 (Div. 2),Awwab_coder123,4866,1733675700,965,1065
2040,Codeforces Round 992 (Div. 2),nguyendinhanh1508,4866,1733675700,1209,1231
2040,Codeforces Round 992 (Div. 2),-0.50,4866,1733675700,1100,1155
2040,Codeforces Round 992 (Div. 2),raghu,4866,1733675700,1275,1279
2040,Codeforces Round 992 (Div. 2),Zyphon2004,4866,1733675700,1383,1360
2040,Codeforces Round 992 (Div. 2),sujal1234,4866,1733675700,1182,1212
2040,Codeforces Round 992 (Div. 2),kyhhrfj,4866,1733675700,1017,1099
2040,Codeforces Round 992 (Div. 2),mounikakasa72,4866,1733675700,800,963
2040,Codeforces Round 992 (Div. 2),bomaydjtgay,4866,1733675700,1135,1179
2040,Codeforces Round 992 (Div. 2),yumu,4866,1733675700,1368,1349
2040,Codeforces Round 992 (Div. 2),rezowanology,4866,1733675700,1013,1096
2040,Codeforces Round 992 (Div. 2),Xannora,4866,1733675700,1317,1310
2040,Codeforces Round 992 (Div. 2),ac75,4866,1733675700,1145,1186
2040,Codeforces Round 992 (Div. 2),kartik_kalani077,4866,1733675700,1078,1140
2040,Codeforces Round 992 (Div. 2),AyushWani,4905,1733675700,1344,1329
2040,Codeforces Round 992 (Div. 2),AboRady,4905,1733675700,1317,1309
2040,Codeforces Round 992 (Div. 2),Niko916,4905,1733675700,1716,1685
2040,Codeforces Round 992 (Div. 2),_ryuko,4905,1733675700,1200,1224
2040,Codeforces Round 992 (Div. 2),lh_doge1,4905,1733675700,1304,1299
2040,Codeforces Round 992 (Div. 2),b_AHA_r,4905,1733675700,1350,1334
2040,Codeforces Round 992 (Div. 2),211hunter166,4905,1733675700,1285,1285
2040,Codeforces Round 992 (Div. 2),MAAHICK,4905,1733675700,1137,1179
2040,Codeforces Round 992 (Div. 2),lry_342,4905,1733675700,1267,1273
2040,Codeforces Round 992 (Div. 2),sin_of_greed,4905,1733675700,0,477
2040,Codeforces Round 992 (Div. 2),prince2245,4905,1733675700,1007,1125
2040,Codeforces Round 992 (Div. 2),s_tapan099,4905,1733675700,1235,1249
2040,Codeforces Round 992 (Div. 2),1.b3,4905,1733675700,1044,1116
2040,Codeforces Round 992 (Div. 2),praveen_sr1,4905,1733675700,1255,1263
2040,Codeforces Round 992 (Div. 2),sgement,4905,1733675700,1334,1322
2040,Codeforces Round 992 (Div. 2),SongXinYang,4905,1733675700,1186,1213
2040,Codeforces Round 992 (Div. 2),Frosted_maze,4905,1733675700,1395,1368
2040,Codeforces Round 992 (Div. 2),RickyQaQ,4905,1733675700,1359,1340
2040,Codeforces Round 992 (Div. 2),Gianamtong0502,4905,1733675700,1149,1188
2040,Codeforces Round 992 (Div. 2),Shiva___,4905,1733675700,989,1079
2040,Codeforces Round 992 (Div. 2),peeroguy12,4905,1733675700,1486,1437
2040,Codeforces Round 992 (Div. 2),YouZ,4905,1733675700,1274,1277
2040,Codeforces Round 992 (Div. 2),keepitreal7,4905,1733675700,1165,1199
2040,Codeforces Round 992 (Div. 2),nilesh_gup,4905,1733675700,1206,1228
2040,Codeforces Round 992 (Div. 2),AlgoFreak,4905,1733675700,1137,1179
2040,Codeforces Round 992 (Div. 2),wetryiii,4905,1733675700,1383,1359
2040,Codeforces Round 992 (Div. 2),Phoebe_N,4905,1733675700,1192,1218
2040,Codeforces Round 992 (Div. 2),Utham_tham,4905,1733675700,1145,1185
2040,Codeforces Round 992 (Div. 2),bagchi.sounak,4905,1733675700,1096,1151
2040,Codeforces Round 992 (Div. 2),nachiketa,4905,1733675700,1110,1160
2040,Codeforces Round 992 (Div. 2),Noyon_Mozumder,4905,1733675700,1127,1172
2040,Codeforces Round 992 (Div. 2),PranavSharma26,4905,1733675700,1162,1197
2040,Codeforces Round 992 (Div. 2),fast_nd_steady,4905,1733675700,1008,1092
2040,Codeforces Round 992 (Div. 2),zhou_gy1022,4905,1733675700,1179,1209
2040,Codeforces Round 992 (Div. 2),truong_8502,4905,1733675700,996,1084
2040,Codeforces Round 992 (Div. 2),sudhanshu_ranjan,4905,1733675700,1315,1308
2040,Codeforces Round 992 (Div. 2),pranav8055,4905,1733675700,1239,1252
2040,Codeforces Round 992 (Div. 2),FangXia,4905,1733675700,1484,1436
2040,Codeforces Round 992 (Div. 2),JiangZhuang,4905,1733675700,727,980
2040,Codeforces Round 992 (Div. 2),Place_Holder,4905,1733675700,1207,1229
2040,Codeforces Round 992 (Div. 2),-shreyash_d_coder-,4905,1733675700,1266,1272
2040,Codeforces Round 992 (Div. 2),Magical-Cat-Man,4905,1733675700,1155,1192
2040,Codeforces Round 992 (Div. 2),cookie0322,4905,1733675700,986,1136
2040,Codeforces Round 992 (Div. 2),Born_To_Laugh,4905,1733675700,969,1117
2040,Codeforces Round 992 (Div. 2),hollence,4905,1733675700,1237,1250
2040,Codeforces Round 992 (Div. 2),lmj,4905,1733675700,1812,1692
2040,Codeforces Round 992 (Div. 2),gadagedegadagadao,4905,1733675700,1438,1401
2040,Codeforces Round 992 (Div. 2),PRANIT_4166,4905,1733675700,1212,1232
2040,Codeforces Round 992 (Div. 2),apricot648,4905,1733675700,404,749
2040,Codeforces Round 992 (Div. 2),Himanshu_Yadav94,4905,1733675700,1223,1240
2040,Codeforces Round 992 (Div. 2),_62_warsi_,4905,1733675700,1255,1263
2040,Codeforces Round 992 (Div. 2),GalacticNova,4905,1733675700,1151,1189
2040,Codeforces Round 992 (Div. 2),vraj_kalariya,4957,1733675700,1137,1178
2040,Codeforces Round 992 (Div. 2),vinifr,4957,1733675700,0,477
2040,Codeforces Round 992 (Div. 2),Hirasawaa,4957,1733675700,1578,1507
2040,Codeforces Round 992 (Div. 2),Anndy_bonus,4957,1733675700,1659,1570
2040,Codeforces Round 992 (Div. 2),himanshu12102004,4957,1733675700,1088,1144
2040,Codeforces Round 992 (Div. 2),Durga_456,4957,1733675700,1288,1287
2040,Codeforces Round 992 (Div. 2),Raman20,4957,1733675700,971,1066
2040,Codeforces Round 992 (Div. 2),Dogeon188,4957,1733675700,438,774
2040,Codeforces Round 992 (Div. 2),AH_lusho,4957,1733675700,1180,1208
2040,Codeforces Round 992 (Div. 2),3lo1129,4957,1733675700,386,735
2040,Codeforces Round 992 (Div. 2),Shahriar.Opu,4957,1733675700,933,1042
2040,Codeforces Round 992 (Div. 2),Jyotiraditya_harichandan,4957,1733675700,1336,1322
2040,Codeforces Round 992 (Div. 2),my_account88,4957,1733675700,727,979
2040,Codeforces Round 992 (Div. 2),laodaaikoubi666,4957,1733675700,1367,1346
2040,Codeforces Round 992 (Div. 2),A-yang,4957,1733675700,1212,1231
2040,Codeforces Round 992 (Div. 2),awesohame,4957,1733675700,1386,1360
2040,Codeforces Round 992 (Div. 2),Starry_Sky.,4957,1733675700,1075,1170
2040,Codeforces Round 992 (Div. 2),Ectonurite,4957,1733675700,1230,1244
2040,Codeforces Round 992 (Div. 2),gambit001,4957,1733675700,1363,1343
2040,Codeforces Round 992 (Div. 2),CodeCorn55,4957,1733675700,1107,1214
2040,Codeforces Round 992 (Div. 2),learner_22,4957,1733675700,1339,1325
2040,Codeforces Round 992 (Div. 2),Yibambe,4957,1733675700,976,1128
2040,Codeforces Round 992 (Div. 2),2300520100118,4957,1733675700,934,1043
2040,Codeforces Round 992 (Div. 2),vibhushit,4957,1733675700,1241,1252
2040,Codeforces Round 992 (Div. 2),divya8080,4957,1733675700,1270,1273
2040,Codeforces Round 992 (Div. 2),kevin_26,4957,1733675700,353,711
2040,Codeforces Round 992 (Div. 2),Aurora__,4957,1733675700,1461,1417
2040,Codeforces Round 992 (Div. 2),gauravantil,4957,1733675700,1442,1403
2040,Codeforces Round 992 (Div. 2),jay_jani_0011,4957,1733675700,1342,1327
2040,Codeforces Round 992 (Div. 2),sujalagrawal,4957,1733675700,1307,1301
2040,Codeforces Round 992 (Div. 2),Kangroo,4957,1733675700,1147,1185
2040,Codeforces Round 992 (Div. 2),__AL-AMIN__,4957,1733675700,1163,1196
2040,Codeforces Round 992 (Div. 2),Dzhudan,4957,1733675700,971,1066
2040,Codeforces Round 992 (Div. 2),I_Always_Come_Back,4957,1733675700,1248,1257
2040,Codeforces Round 992 (Div. 2),beanomahto,4957,1733675700,1120,1166
2040,Codeforces Round 992 (Div. 2),parth_mishra23,4957,1733675700,1388,1362
2040,Codeforces Round 992 (Div. 2),Pena,4957,1733675700,1024,1101
2040,Codeforces Round 992 (Div. 2),p3n_ph1,4957,1733675700,1309,1302
2040,Codeforces Round 992 (Div. 2),Fuehrer7,4957,1733675700,1385,1360
2040,Codeforces Round 992 (Div. 2),luckkk,4957,1733675700,1243,1254
2040,Codeforces Round 992 (Div. 2),Voraith,4957,1733675700,1127,1229
2040,Codeforces Round 992 (Div. 2),Aliiii,4957,1733675700,1379,1355
2040,Codeforces Round 992 (Div. 2),RetiredTreaper,4957,1733675700,1245,1256
2040,Codeforces Round 992 (Div. 2),horsewars,5000,1733675700,1189,1214
2040,Codeforces Round 992 (Div. 2),shubh_aps,5000,1733675700,1457,1414
2040,Codeforces Round 992 (Div. 2),sabermyking,5000,1733675700,1226,1240
2040,Codeforces Round 992 (Div. 2),not_Bekzhan_Aldiyar,5000,1733675700,1313,1304
2040,Codeforces Round 992 (Div. 2),linn,5000,1733675700,1743,1636
2040,Codeforces Round 992 (Div. 2),Ryuzaki02,5000,1733675700,1045,1114
2040,Codeforces Round 992 (Div. 2),miaomiaomiao555,5000,1733675700,1087,1142
2040,Codeforces Round 992 (Div. 2),uditmehra3224,5000,1733675700,1199,1221
2040,Codeforces Round 992 (Div. 2),iamgeet,5000,1733675700,898,1019
2040,Codeforces Round 992 (Div. 2),yuan200,5000,1733675700,738,986
2040,Codeforces Round 992 (Div. 2),Presents,5000,1733675700,1035,1107
2040,Codeforces Round 992 (Div. 2),chaitanya_2408,5000,1733675700,1160,1193
2040,Codeforces Round 992 (Div. 2),Error503,5000,1733675700,1150,1186
2040,Codeforces Round 992 (Div. 2),Yuanyin26,5000,1733675700,1553,1487
2040,Codeforces Round 992 (Div. 2),ar2quick,5000,1733675700,939,1100
2040,Codeforces Round 992 (Div. 2),Homz,5000,1733675700,1249,1257
2040,Codeforces Round 992 (Div. 2),StathisKons,5000,1733675700,961,1091
2040,Codeforces Round 992 (Div. 2),UjjwalBharti13,5000,1733675700,1301,1295
2040,Codeforces Round 992 (Div. 2),Siddhant_90,5000,1733675700,1214,1232
2040,Codeforces Round 992 (Div. 2),eddycael,5000,1733675700,1348,1330
2040,Codeforces Round 992 (Div. 2),Heliuss,5000,1733675700,1221,1273
2040,Codeforces Round 992 (Div. 2),MacQuy,5000,1733675700,1303,1297
2040,Codeforces Round 992 (Div. 2),arthteerth93,5000,1733675700,902,1021
2040,Codeforces Round 992 (Div. 2),Pranad,5000,1733675700,1206,1226
2040,Codeforces Round 992 (Div. 2),HemantSingh,5000,1733675700,1622,1541
2040,Codeforces Round 992 (Div. 2),testoyam,5000,1733675700,445,778
2040,Codeforces Round 992 (Div. 2),NaAlOH4,5000,1733675700,909,1078
2040,Codeforces Round 992 (Div. 2),Sarowar11,5000,1733675700,993,1079
2040,Codeforces Round 992 (Div. 2),samosa16,5000,1733675700,1105,1155
2040,Codeforces Round 992 (Div. 2),susman,5000,1733675700,1082,1139
2040,Codeforces Round 992 (Div. 2),zsjzsjzsjzsj,5000,1733675700,1075,1134
2040,Codeforces Round 992 (Div. 2),ONNN1234,5000,1733675700,965,1061
2040,Codeforces Round 992 (Div. 2),abhimanyu_ganguly,5000,1733675700,1119,1165
2040,Codeforces Round 992 (Div. 2),Agarwal,5000,1733675700,1210,1229
2040,Codeforces Round 992 (Div. 2),mufengrx,5000,1733675700,1412,1379
2040,Codeforces Round 992 (Div. 2),RishabhXHecker,5000,1733675700,1138,1178
2040,Codeforces Round 992 (Div. 2),arnvj,5000,1733675700,1096,1149
2040,Codeforces Round 992 (Div. 2),therealkirito,5000,1733675700,1284,1283
2040,Codeforces Round 992 (Div. 2),fadeelkhan,5000,1733675700,1136,1176
2040,Codeforces Round 992 (Div. 2),pleasekillme,5000,1733675700,1244,1253
2040,Codeforces Round 992 (Div. 2),anshika.yadav.mat22,5000,1733675700,1095,1148
2040,Codeforces Round 992 (Div. 2),freshlysquozen,5000,1733675700,1394,1365
2040,Codeforces Round 992 (Div. 2),Precizne,5000,1733675700,1536,1474
2040,Codeforces Round 992 (Div. 2),kryptx,5000,1733675700,1303,1297
2040,Codeforces Round 992 (Div. 2),Fu_Yun024,5044,1733675700,1173,1201
2040,Codeforces Round 992 (Div. 2),Codesystem,5044,1733675700,1297,1292
2040,Codeforces Round 992 (Div. 2),mohamed-hani,5044,1733675700,1307,1299
2040,Codeforces Round 992 (Div. 2),_DoYouKnowMe_,5044,1733675700,1223,1237
2040,Codeforces Round 992 (Div. 2),happy1705,5044,1733675700,988,1075
2040,Codeforces Round 992 (Div. 2),kuchhalananya,5044,1733675700,1165,1196
2040,Codeforces Round 992 (Div. 2),Sambhav1607,5044,1733675700,1113,1159
2040,Codeforces Round 992 (Div. 2),Raficodeforces,5044,1733675700,1036,1107
2040,Codeforces Round 992 (Div. 2),Abdo.,5044,1733675700,1223,1237
2040,Codeforces Round 992 (Div. 2),irfan6321,5044,1733675700,1139,1177
2040,Codeforces Round 992 (Div. 2),01hcaijiahao,5044,1733675700,1205,1224
2040,Codeforces Round 992 (Div. 2),arham_13,5044,1733675700,1121,1165
2040,Codeforces Round 992 (Div. 2),Ktoxz,5044,1733675700,1364,1342
2040,Codeforces Round 992 (Div. 2),jyy1101,5044,1733675700,1336,1385
2040,Codeforces Round 992 (Div. 2),nahin.binkaysar,5044,1733675700,1245,1253
2040,Codeforces Round 992 (Div. 2),200319200220,5044,1733675700,1265,1268
2040,Codeforces Round 992 (Div. 2),gymAddict,5044,1733675700,1683,1588
2040,Codeforces Round 992 (Div. 2),DevandCoder,5044,1733675700,851,1036
2040,Codeforces Round 992 (Div. 2),lkt,5044,1733675700,1541,1477
2040,Codeforces Round 992 (Div. 2),256ska,5044,1733675700,1257,1262
2040,Codeforces Round 992 (Div. 2),IAMGROOT156,5044,1733675700,1121,1165
2040,Codeforces Round 992 (Div. 2),Agupta_23,5044,1733675700,1229,1242
2040,Codeforces Round 992 (Div. 2),NinetyBac,5044,1733675700,664,931
2040,Codeforces Round 992 (Div. 2),kushwanth_sistu,5044,1733675700,1488,1436
2040,Codeforces Round 992 (Div. 2),wdsk,5044,1733675700,1114,1160
2040,Codeforces Round 992 (Div. 2),Draw_My_Solution,5044,1733675700,1282,1280
2040,Codeforces Round 992 (Div. 2),tahmids55,5044,1733675700,1139,1177
2040,Codeforces Round 992 (Div. 2),safin17.8,5044,1733675700,1280,1279
2040,Codeforces Round 992 (Div. 2),raazsharma155,5044,1733675700,1325,1312
2040,Codeforces Round 992 (Div. 2),El7abal,5044,1733675700,1307,1299
2040,Codeforces Round 992 (Div. 2),mdashrafsuhad1,5044,1733675700,1074,1133
2040,Codeforces Round 992 (Div. 2),jyotiradityz,5044,1733675700,722,973
2040,Codeforces Round 992 (Div. 2),Bennjay_mygo,5044,1733675700,1320,1309
2040,Codeforces Round 992 (Div. 2),lghan211,5044,1733675700,456,786
2040,Codeforces Round 992 (Div. 2),Shepherdz,5044,1733675700,1328,1315
2040,Codeforces Round 992 (Div. 2),Hakai12,5044,1733675700,387,734
2040,Codeforces Round 992 (Div. 2),lavishsingal12,5044,1733675700,444,776
2040,Codeforces Round 992 (Div. 2),thangwibu,5044,1733675700,0,475
2040,Codeforces Round 992 (Div. 2),rohit738,5044,1733675700,1052,1172
2040,Codeforces Round 992 (Div. 2),cat_coder,5044,1733675700,1053,1118
2040,Codeforces Round 992 (Div. 2),arafat7r5,5084,1733675700,1191,1213
2040,Codeforces Round 992 (Div. 2),barashek_singer,5084,1733675700,1341,1324
2040,Codeforces Round 992 (Div. 2),_FREESTYLE_,5084,1733675700,1411,1377
2040,Codeforces Round 992 (Div. 2),U_L_T-Paoku,5084,1733675700,1461,1415
2040,Codeforces Round 992 (Div. 2),code_conquer,5084,1733675700,529,840
2040,Codeforces Round 992 (Div. 2),harith-s,5084,1733675700,944,1102
2040,Codeforces Round 992 (Div. 2),fogsail,5084,1733675700,1236,1246
2040,Codeforces Round 992 (Div. 2),SDD_22_12_09,5084,1733675700,1032,1103
2040,Codeforces Round 992 (Div. 2),gaurav7376,5084,1733675700,1266,1268
2040,Codeforces Round 992 (Div. 2),13_pihul,5084,1733675700,1068,1127
2040,Codeforces Round 992 (Div. 2),vdsathvikreddy,5084,1733675700,1038,1107
2040,Codeforces Round 992 (Div. 2),jkk62391,5084,1733675700,1144,1180
2040,Codeforces Round 992 (Div. 2),Dhruv2705,5084,1733675700,1209,1226
2040,Codeforces Round 992 (Div. 2),YULKET,5084,1733675700,1317,1305
2040,Codeforces Round 992 (Div. 2),pritam1293,5084,1733675700,1194,1215
2040,Codeforces Round 992 (Div. 2),shwetanshusinha13,5084,1733675700,1030,1102
2040,Codeforces Round 992 (Div. 2),vanshgarg8683,5084,1733675700,348,704
2040,Codeforces Round 992 (Div. 2),nicholasdezai,5084,1733675700,891,1059
2040,Codeforces Round 992 (Div. 2),ymh06,5084,1733675700,1151,1185
2040,Codeforces Round 992 (Div. 2),deekshith_17,5084,1733675700,1271,1271
2040,Codeforces Round 992 (Div. 2),shikhar_8935,5084,1733675700,1280,1278
2040,Codeforces Round 992 (Div. 2),miral58,5084,1733675700,1236,1246
2040,Codeforces Round 992 (Div. 2),Bajtozaur,5084,1733675700,828,1052
2040,Codeforces Round 992 (Div. 2),_Niyati_32,5084,1733675700,1139,1235
2040,Codeforces Round 992 (Div. 2),TanvirAhmed10,5084,1733675700,1374,1349
2040,Codeforces Round 992 (Div. 2),code_n_coffee,5084,1733675700,1423,1386
2040,Codeforces Round 992 (Div. 2),Nirved431,5084,1733675700,1083,1138
2040,Codeforces Round 992 (Div. 2),Abdur_Rahman_Russel,5084,1733675700,1223,1236
2040,Codeforces Round 992 (Div. 2),_is_on_hiatus,5084,1733675700,1156,1188
2040,Codeforces Round 992 (Div. 2),ibanez2000,5084,1733675700,1432,1392
2040,Codeforces Round 992 (Div. 2),codeddresser,5084,1733675700,1280,1278
2040,Codeforces Round 992 (Div. 2),SamarthSS,5084,1733675700,1026,1099
2040,Codeforces Round 992 (Div. 2),rakim_,5084,1733675700,1222,1236
2040,Codeforces Round 992 (Div. 2),md_afique,5084,1733675700,1066,1126
2040,Codeforces Round 992 (Div. 2),shorefulislam01732254306,5084,1733675700,975,1065
2040,Codeforces Round 992 (Div. 2),senatenikhil,5084,1733675700,1073,1131
2040,Codeforces Round 992 (Div. 2),Vladelets_Vselennoy,5084,1733675700,887,1056
2040,Codeforces Round 992 (Div. 2),CautiousCoder,5084,1733675700,1020,1095
2040,Codeforces Round 992 (Div. 2),shreyk,5084,1733675700,1477,1427
2040,Codeforces Round 992 (Div. 2),W0LVeRiNE,5084,1733675700,1124,1224
2040,Codeforces Round 992 (Div. 2),karthik_chittoor,5084,1733675700,1416,1380
2040,Codeforces Round 992 (Div. 2),Walter_White_Sr,5084,1733675700,0,474
2040,Codeforces Round 992 (Div. 2),dipeshpatidar,5084,1733675700,1081,1136
2040,Codeforces Round 992 (Div. 2),HoshinoAkuamarin,5084,1733675700,1198,1219
2040,Codeforces Round 992 (Div. 2),Rosh_29,5084,1733675700,1277,1275
2040,Codeforces Round 992 (Div. 2),wjh1234,5084,1733675700,1111,1157
2040,Codeforces Round 992 (Div. 2),coderbodrul,5084,1733675700,1161,1192
2040,Codeforces Round 992 (Div. 2),Hardi_Rakholiya,5131,1733675700,1051,1115
2040,Codeforces Round 992 (Div. 2),kesavakarthikr,5131,1733675700,1032,1102
2040,Codeforces Round 992 (Div. 2),Lost_Zoro,5131,1733675700,1346,1326
2040,Codeforces Round 992 (Div. 2),vg.2003,5131,1733675700,0,473
2040,Codeforces Round 992 (Div. 2),21BCE238,5131,1733675700,1095,1202
2040,Codeforces Round 992 (Div. 2),Shreyas_545,5131,1733675700,1052,1115
2040,Codeforces Round 992 (Div. 2),PIKACHU_01,5131,1733675700,1171,1198
2040,Codeforces Round 992 (Div. 2),mehrona,5131,1733675700,977,1066
2040,Codeforces Round 992 (Div. 2),gerem,5131,1733675700,1350,1330
2040,Codeforces Round 992 (Div. 2),dubey_7200,5131,1733675700,984,1070
2040,Codeforces Round 992 (Div. 2),PTY_Bertram,5131,1733675700,1174,1200
2040,Codeforces Round 992 (Div. 2),TrinhDuongHoan,5131,1733675700,1416,1379
2040,Codeforces Round 992 (Div. 2),shannu213,5131,1733675700,1490,1436
2040,Codeforces Round 992 (Div. 2),Heistist420,5131,1733675700,1139,1176
2040,Codeforces Round 992 (Div. 2),sgirish_1204,5131,1733675700,1171,1198
2040,Codeforces Round 992 (Div. 2),HumanThe1st,5131,1733675700,1003,1135
2040,Codeforces Round 992 (Div. 2),rakshit2611,5131,1733675700,1212,1227
2040,Codeforces Round 992 (Div. 2),aryan_gupta_iitg,5131,1733675700,1195,1215
2040,Codeforces Round 992 (Div. 2),Akshay2025,5131,1733675700,1354,1333
2040,Codeforces Round 992 (Div. 2),teddyfotos,5131,1733675700,1048,1113
2040,Codeforces Round 992 (Div. 2),kush02,5131,1733675700,1299,1291
2040,Codeforces Round 992 (Div. 2),muzammil-1008,5131,1733675700,1123,1164
2040,Codeforces Round 992 (Div. 2),savaliyadishant3,5131,1733675700,1130,1169
2040,Codeforces Round 992 (Div. 2),HarshitKumarGupta,5131,1733675700,1109,1154
2040,Codeforces Round 992 (Div. 2),Shakline,5131,1733675700,1265,1266
2040,Codeforces Round 992 (Div. 2),JS7,5131,1733675700,985,1070
2040,Codeforces Round 992 (Div. 2),loller4ik,5131,1733675700,783,1016
2040,Codeforces Round 992 (Div. 2),_jaynill.g,5131,1733675700,1186,1209
2040,Codeforces Round 992 (Div. 2),rahul_sharma123,5131,1733675700,1027,1162
2040,Codeforces Round 992 (Div. 2),IncredibleJ,5131,1733675700,1320,1307
2040,Codeforces Round 992 (Div. 2),alokkr_,5131,1733675700,1133,1171
2040,Codeforces Round 992 (Div. 2),WelCo_,5131,1733675700,855,1037
2040,Codeforces Round 992 (Div. 2),Akil_Newaz_Chy,5131,1733675700,1137,1174
2040,Codeforces Round 992 (Div. 2),trishal_13,5131,1733675700,1153,1185
2040,Codeforces Round 992 (Div. 2),rohittondak38,5131,1733675700,1085,1138
2040,Codeforces Round 992 (Div. 2),Heisenberg_2004,5131,1733675700,1154,1186
2040,Codeforces Round 992 (Div. 2),ravii_codes,5131,1733675700,1333,1316
2040,Codeforces Round 992 (Div. 2),Petertromso,5131,1733675700,1432,1392
2040,Codeforces Round 992 (Div. 2),chhattanichirag478,5131,1733675700,1041,1108
2040,Codeforces Round 992 (Div. 2),EL__Sherbiny,5131,1733675700,1310,1299
2040,Codeforces Round 992 (Div. 2),1135Taran,5131,1733675700,1072,1129
2040,Codeforces Round 992 (Div. 2),reblade,5131,1733675700,1355,1333
2040,Codeforces Round 992 (Div. 2),outlander,5131,1733675700,1281,1278
2040,Codeforces Round 992 (Div. 2),_YourCodeIsMine_,5131,1733675700,1078,1133
2040,Codeforces Round 992 (Div. 2),BoYarin_,5131,1733675700,1113,1157
2040,Codeforces Round 992 (Div. 2),mahatoabhishek872,5131,1733675700,1046,1111
2040,Codeforces Round 992 (Div. 2),RoloChan,5177,1733675700,1329,1313
2040,Codeforces Round 992 (Div. 2),slowcoder48,5177,1733675700,1137,1173
2040,Codeforces Round 992 (Div. 2),yasdf,5177,1733675700,1284,1279
2040,Codeforces Round 992 (Div. 2),imSkandTG,5177,1733675700,1086,1137
2040,Codeforces Round 992 (Div. 2),SysTaker,5177,1733675700,1387,1357
2040,Codeforces Round 992 (Div. 2),kakshayiitk,5177,1733675700,1207,1223
2040,Codeforces Round 992 (Div. 2),time_to_dual,5177,1733675700,1329,1313
2040,Codeforces Round 992 (Div. 2),yurp,5177,1733675700,1664,1570
2040,Codeforces Round 992 (Div. 2),maorui,5177,1733675700,1194,1213
2040,Codeforces Round 992 (Div. 2),dungktgg,5177,1733675700,1005,1083
2040,Codeforces Round 992 (Div. 2),TZeger,5177,1733675700,1138,1209
2040,Codeforces Round 992 (Div. 2),cgpa,5177,1733675700,927,1081
2040,Codeforces Round 992 (Div. 2),abhinavpt405,5177,1733675700,1121,1162
2040,Codeforces Round 992 (Div. 2),Keerthiharan_2004,5177,1733675700,1401,1367
2040,Codeforces Round 992 (Div. 2),Nikhil_Kumar_Marati,5177,1733675700,1220,1232
2040,Codeforces Round 992 (Div. 2),krishnaverma,5177,1733675700,1270,1269
2040,Codeforces Round 992 (Div. 2),g-sensei,5177,1733675700,1301,1329
2040,Codeforces Round 992 (Div. 2),knockcat,5177,1733675700,1139,1174
2040,Codeforces Round 992 (Div. 2),Almahrouky,5177,1733675700,1479,1427
2040,Codeforces Round 992 (Div. 2),ayush25khanna,5177,1733675700,1130,1168
2040,Codeforces Round 992 (Div. 2),Noor_here,5177,1733675700,1073,1129
2040,Codeforces Round 992 (Div. 2),kratos22,5177,1733675700,1086,1137
2040,Codeforces Round 992 (Div. 2),d7xy7,5177,1733675700,1272,1270
2040,Codeforces Round 992 (Div. 2),DanilSh,5177,1733675700,1285,1280
2040,Codeforces Round 992 (Div. 2),AlainOP,5177,1733675700,1199,1217
2040,Codeforces Round 992 (Div. 2),huffy,5177,1733675700,1017,1091
2040,Codeforces Round 992 (Div. 2),mdraihanhossen,5177,1733675700,1071,1127
2040,Codeforces Round 992 (Div. 2),rish_993,5177,1733675700,937,1039
2040,Codeforces Round 992 (Div. 2),ryu2005,5177,1733675700,1327,1311
2040,Codeforces Round 992 (Div. 2),Ayush1012,5177,1733675700,1089,1140
2040,Codeforces Round 992 (Div. 2),Sahil_284,5177,1733675700,1197,1216
2040,Codeforces Round 992 (Div. 2),SURU_SRI_MUKHESH,5177,1733675700,1444,1400
2040,Codeforces Round 992 (Div. 2),P1R2I6,5177,1733675700,1169,1196
2040,Codeforces Round 992 (Div. 2),rkarpractice,5177,1733675700,1022,1094
2040,Codeforces Round 992 (Div. 2),ZoRoxLUFFY,5177,1733675700,1519,1458
2040,Codeforces Round 992 (Div. 2),007_17,5177,1733675700,1167,1194
2040,Codeforces Round 992 (Div. 2),dummyactforaskingdoubts,5177,1733675700,937,1039
2040,Codeforces Round 992 (Div. 2),invincible_,5177,1733675700,1156,1186
2040,Codeforces Round 992 (Div. 2),Afjal_Sayed,5177,1733675700,1179,1203
2040,Codeforces Round 992 (Div. 2),godAngryOver,5216,1733675700,1125,1221
2040,Codeforces Round 992 (Div. 2),_perfect,5216,1733675700,1480,1427
2040,Codeforces Round 992 (Div. 2),HMatinal,5216,1733675700,1194,1212
2040,Codeforces Round 992 (Div. 2),dangerouszombie,5216,1733675700,1136,1171
2040,Codeforces Round 992 (Div. 2),AndrewNikon,5216,1733675700,1193,1212
2040,Codeforces Round 992 (Div. 2),Dulal_169,5216,1733675700,1296,1287
2040,Codeforces Round 992 (Div. 2),Piorit-H,5216,1733675700,989,1071
2040,Codeforces Round 992 (Div. 2),simple_model,5216,1733675700,1104,1149
2040,Codeforces Round 992 (Div. 2),i_hate_no_2,5216,1733675700,0,471
2040,Codeforces Round 992 (Div. 2),jqbqdnjy,5216,1733675700,463,788
2040,Codeforces Round 992 (Div. 2),wayward_blu,5216,1733675700,1208,1223
2040,Codeforces Round 992 (Div. 2),17vineet,5216,1733675700,1277,1273
2040,Codeforces Round 992 (Div. 2),diamond5687,5216,1733675700,1430,1388
2040,Codeforces Round 992 (Div. 2),Ls110916,5216,1733675700,1288,1281
2040,Codeforces Round 992 (Div. 2),PremBhugraIITD,5216,1733675700,1090,1139
2040,Codeforces Round 992 (Div. 2),dhairya_1105,5216,1733675700,1134,1170
2040,Codeforces Round 992 (Div. 2),agarwalpratham,5216,1733675700,1095,1143
2040,Codeforces Round 992 (Div. 2),S____H,5216,1733675700,1195,1213
2040,Codeforces Round 992 (Div. 2),shadonra,5216,1733675700,1673,1577
2040,Codeforces Round 992 (Div. 2),1stbit,5216,1733675700,1069,1180
2040,Codeforces Round 992 (Div. 2),tauseef187,5216,1733675700,1028,1097
2040,Codeforces Round 992 (Div. 2),468itisorisit,5216,1733675700,992,1125
2040,Codeforces Round 992 (Div. 2),mayankparmar0708,5216,1733675700,1256,1257
2040,Codeforces Round 992 (Div. 2),Srikar_246,5216,1733675700,1205,1220
2040,Codeforces Round 992 (Div. 2),ritik__yadav,5216,1733675700,1278,1274
2040,Codeforces Round 992 (Div. 2),graham_dodd,5216,1733675700,1233,1241
2040,Codeforces Round 992 (Div. 2),unbtble,5216,1733675700,1212,1225
2040,Codeforces Round 992 (Div. 2),Nahif_Reza_99,5216,1733675700,973,1060
2040,Codeforces Round 992 (Div. 2),Ostentatious,5216,1733675700,1091,1140
2040,Codeforces Round 992 (Div. 2),HosseinMomeni,5216,1733675700,1298,1288
2040,Codeforces Round 992 (Div. 2),SeanDictionary,5216,1733675700,0,471
2040,Codeforces Round 992 (Div. 2),Unnati_2003,5216,1733675700,901,1104
2040,Codeforces Round 992 (Div. 2),zhuxy,5216,1733675700,800,1028
2040,Codeforces Round 992 (Div. 2),arushiaro,5216,1733675700,1340,1320
2040,Codeforces Round 992 (Div. 2),reyleigh,5216,1733675700,1356,1332
2040,Codeforces Round 992 (Div. 2),C01d,5216,1733675700,1339,1319
2040,Codeforces Round 992 (Div. 2),ayushdreams147,5216,1733675700,1284,1278
2040,Codeforces Round 992 (Div. 2),uttamkumarreddy123,5216,1733675700,1344,1323
2040,Codeforces Round 992 (Div. 2),deadbeat_,5216,1733675700,1199,1216
2040,Codeforces Round 992 (Div. 2),ZauntExe,5216,1733675700,1459,1411
2040,Codeforces Round 992 (Div. 2),Ilyin,5216,1733675700,1205,1220
2040,Codeforces Round 992 (Div. 2),amorphous_burrito,5216,1733675700,0,471
2040,Codeforces Round 992 (Div. 2),JainUjjwal,5216,1733675700,1316,1302
2040,Codeforces Round 992 (Div. 2),JoyBoy56,5216,1733675700,1202,1218
2040,Codeforces Round 992 (Div. 2),SuhailBWN,5216,1733675700,1386,1355
2040,Codeforces Round 992 (Div. 2),WanRryanZz,5216,1733675700,1040,1105
2040,Codeforces Round 992 (Div. 2),SILVER_13,5216,1733675700,0,471
2040,Codeforces Round 992 (Div. 2),flyasdfvcxz,5263,1733675700,1538,1471
2040,Codeforces Round 992 (Div. 2),Gold_Digger_,5263,1733675700,1205,1220
2040,Codeforces Round 992 (Div. 2),a_y_u_s_h7,5263,1733675700,1037,1102
2040,Codeforces Round 992 (Div. 2),aadarshg087,5263,1733675700,1138,1172
2040,Codeforces Round 992 (Div. 2),Hridoy23,5263,1733675700,1563,1490
2040,Codeforces Round 992 (Div. 2),dorjderem,5263,1733675700,1573,1498
2040,Codeforces Round 992 (Div. 2),saklecha_priyansh_29,5263,1733675700,1139,1172
2040,Codeforces Round 992 (Div. 2),pulkitdarky,5263,1733675700,1121,1160
2040,Codeforces Round 992 (Div. 2),Invinc3,5263,1733675700,1284,1277
2040,Codeforces Round 992 (Div. 2),BMT,5263,1733675700,1214,1226
2040,Codeforces Round 992 (Div. 2),slayder,5263,1733675700,1027,1095
2040,Codeforces Round 992 (Div. 2),lakshmisahithi.vunnava,5263,1733675700,1365,1338
2040,Codeforces Round 992 (Div. 2),viveksharma004,5263,1733675700,887,1005
2040,Codeforces Round 992 (Div. 2),_idcpc_,5263,1733675700,1196,1213
2040,Codeforces Round 992 (Div. 2),adityarcks786,5263,1733675700,1342,1321
2040,Codeforces Round 992 (Div. 2),SG_11,5263,1733675700,1203,1218
2040,Codeforces Round 992 (Div. 2),Leinod,5263,1733675700,1329,1311
2040,Codeforces Round 992 (Div. 2),gunnuhemanth,5263,1733675700,1134,1169
2040,Codeforces Round 992 (Div. 2),hackerraushan,5263,1733675700,963,1053
2040,Codeforces Round 992 (Div. 2),sai_chandu47,5263,1733675700,1232,1239
2040,Codeforces Round 992 (Div. 2),Nitindo,5263,1733675700,1278,1273
2040,Codeforces Round 992 (Div. 2),one657,5263,1733675700,0,471
2040,Codeforces Round 992 (Div. 2),Nishant_2728,5263,1733675700,1318,1303
2040,Codeforces Round 992 (Div. 2),supremeace,5263,1733675700,0,471
2040,Codeforces Round 992 (Div. 2),MI_Shafi,5263,1733675700,999,1077
2040,Codeforces Round 992 (Div. 2),yashaher481,5263,1733675700,1134,1169
2040,Codeforces Round 992 (Div. 2),yes_It_Is_accepted,5263,1733675700,645,912
2040,Codeforces Round 992 (Div. 2),srijansarkar19092004,5263,1733675700,969,1057
2040,Codeforces Round 992 (Div. 2),_code_3170,5263,1733675700,1239,1244
2040,Codeforces Round 992 (Div. 2),ayush_295,5263,1733675700,937,1037
2040,Codeforces Round 992 (Div. 2),harshroy,5263,1733675700,1304,1292
2040,Codeforces Round 992 (Div. 2),ER3N_Yager,5263,1733675700,1295,1285
2040,Codeforces Round 992 (Div. 2),Pop_Corn_,5263,1733675700,1228,1298
2040,Codeforces Round 992 (Div. 2),abhibak10,5263,1733675700,441,770
2040,Codeforces Round 992 (Div. 2),YeSXX...,5263,1733675700,1041,1170
2040,Codeforces Round 992 (Div. 2),61123,5263,1733675700,945,1099
2040,Codeforces Round 992 (Div. 2),EnAnsari,5263,1733675700,1191,1209
2040,Codeforces Round 992 (Div. 2),SummitClimbingDevil,5263,1733675700,1451,1404
2040,Codeforces Round 992 (Div. 2),Abhishek_Abbi,5301,1733675700,1085,1134
2040,Codeforces Round 992 (Div. 2),gangto,5301,1733675700,1244,1247
2040,Codeforces Round 992 (Div. 2),birds3345,5301,1733675700,1330,1311
2040,Codeforces Round 992 (Div. 2),harshkankhar1,5301,1733675700,1304,1291
2040,Codeforces Round 992 (Div. 2),Jaman_khan,5301,1733675700,1397,1362
2040,Codeforces Round 992 (Div. 2),Sw_M,5301,1733675700,686,941
2040,Codeforces Round 992 (Div. 2),lonelyTraveller,5301,1733675700,1426,1384
2040,Codeforces Round 992 (Div. 2),shreyansh1410,5301,1733675700,1065,1120
2040,Codeforces Round 992 (Div. 2),TheMesterus,5301,1733675700,0,470
2040,Codeforces Round 992 (Div. 2),Triscoma,5301,1733675700,1390,1356
2040,Codeforces Round 992 (Div. 2),orangesTO,5301,1733675700,1487,1431
2040,Codeforces Round 992 (Div. 2),coder_1718,5301,1733675700,1201,1216
2040,Codeforces Round 992 (Div. 2),theShadow-0,5301,1733675700,398,737
2040,Codeforces Round 992 (Div. 2),golam_kibriya_fahim,5301,1733675700,1030,1096
2040,Codeforces Round 992 (Div. 2),ittou_shura,5301,1733675700,965,1053
2040,Codeforces Round 992 (Div. 2),suheb,5301,1733675700,979,1063
2040,Codeforces Round 992 (Div. 2),Vadimchik133,5301,1733675700,673,932
2040,Codeforces Round 992 (Div. 2),shrav_04,5301,1733675700,762,968
2040,Codeforces Round 992 (Div. 2),MMonirHossain,5301,1733675700,1370,1341
2040,Codeforces Round 992 (Div. 2),Shiro_Oni,5301,1733675700,1392,1358
2040,Codeforces Round 992 (Div. 2),FHH,5301,1733675700,654,918
2040,Codeforces Round 992 (Div. 2),_kaitokid,5301,1733675700,1540,1472
2040,Codeforces Round 992 (Div. 2),mantryan,5301,1733675700,1157,1184
2040,Codeforces Round 992 (Div. 2),mightBeSumit,5301,1733675700,1325,1307
2040,Codeforces Round 992 (Div. 2),Al_Faiaj_Anon,5301,1733675700,1026,1094
2040,Codeforces Round 992 (Div. 2),IbnuAmin4,5301,1733675700,1175,1197
2040,Codeforces Round 992 (Div. 2),Mo2stafahassan,5301,1733675700,1300,1288
2040,Codeforces Round 992 (Div. 2),cegua,5301,1733675700,1311,1296
2040,Codeforces Round 992 (Div. 2),Anonymous_HF,5301,1733675700,1328,1309
2040,Codeforces Round 992 (Div. 2),Thirdeye9850,5301,1733675700,1113,1153
2040,Codeforces Round 992 (Div. 2),Kodakandla_Manideep,5301,1733675700,1127,1198
2040,Codeforces Round 992 (Div. 2),ImGooD,5301,1733675700,1056,1181
2040,Codeforces Round 992 (Div. 2),Prudhveee,5301,1733675700,1363,1336
2040,Codeforces Round 992 (Div. 2),mardog666,5301,1733675700,1130,1165
2040,Codeforces Round 992 (Div. 2),AkShukla,5301,1733675700,1477,1423
2040,Codeforces Round 992 (Div. 2),HE1SEN8ERG,5301,1733675700,413,748
2040,Codeforces Round 992 (Div. 2),Aslaan_Khan,5301,1733675700,1006,1080
2040,Codeforces Round 992 (Div. 2),ankan_0610,5301,1733675700,1315,1299
2040,Codeforces Round 992 (Div. 2),amanak_07,5301,1733675700,1267,1264
2040,Codeforces Round 992 (Div. 2),vajaniharsh124,5301,1733675700,1247,1249
2040,Codeforces Round 992 (Div. 2),Jes124,5301,1733675700,1338,1317
2040,Codeforces Round 992 (Div. 2),Masud_Abdullah,5301,1733675700,1095,1141
2040,Codeforces Round 992 (Div. 2),Ankit_singh_sisodya,5301,1733675700,1482,1427
2040,Codeforces Round 992 (Div. 2),EnlishVN,5344,1733675700,977,1060
2040,Codeforces Round 992 (Div. 2),SevenRedSuns,5344,1733675700,1059,1115
2040,Codeforces Round 992 (Div. 2),arkphaleus,5344,1733675700,1125,1160
2040,Codeforces Round 992 (Div. 2),_xguagua_Firefly_,5344,1733675700,1083,1132
2040,Codeforces Round 992 (Div. 2),Zoror,5344,1733675700,968,1054
2040,Codeforces Round 992 (Div. 2),-CHUNU-,5344,1733675700,1345,1321
2040,Codeforces Round 992 (Div. 2),Kr.omniscient,5344,1733675700,1248,1249
2040,Codeforces Round 992 (Div. 2),Alicemagic,5344,1733675700,1532,1465
2040,Codeforces Round 992 (Div. 2),TuanMinhDo123,5344,1733675700,1131,1165
2040,Codeforces Round 992 (Div. 2),bimat,5344,1733675700,1081,1130
2040,Codeforces Round 992 (Div. 2),Reshab_100,5344,1733675700,1410,1371
2040,Codeforces Round 992 (Div. 2),KisuraOP,5344,1733675700,1740,1628
2040,Codeforces Round 992 (Div. 2),RitaKofGokkan,5344,1733675700,1149,1178
2040,Codeforces Round 992 (Div. 2),abdullahelshebrawy,5344,1733675700,1071,1123
2040,Codeforces Round 992 (Div. 2),Heisenberg.cp,5344,1733675700,848,979
2040,Codeforces Round 992 (Div. 2),Pavan_Aravapalli_1,5344,1733675700,1181,1261
2040,Codeforces Round 992 (Div. 2),catci142,5344,1733675700,1188,1242
2040,Codeforces Round 992 (Div. 2),klayy,5344,1733675700,1169,1252
2040,Codeforces Round 992 (Div. 2),abcnitrr,5344,1733675700,735,976
2040,Codeforces Round 992 (Div. 2),B-127,5344,1733675700,1193,1209
2040,Codeforces Round 992 (Div. 2),aryamahendraker,5344,1733675700,1456,1406
2040,Codeforces Round 992 (Div. 2),asterisk11,5344,1733675700,1642,1550
2040,Codeforces Round 992 (Div. 2),RAG27,5344,1733675700,819,1040
2040,Codeforces Round 992 (Div. 2),I_am_Heisenberg,5344,1733675700,1272,1267
2040,Codeforces Round 992 (Div. 2),deepanshu_dhakate,5344,1733675700,1167,1190
2040,Codeforces Round 992 (Div. 2),particle_fever,5344,1733675700,967,1113
2040,Codeforces Round 992 (Div. 2),vladimir_medvedev,5344,1733675700,1030,1095
2040,Codeforces Round 992 (Div. 2),Zaphl,5344,1733675700,1175,1196
2040,Codeforces Round 992 (Div. 2),ChineseBheL,5344,1733675700,1363,1335
2040,Codeforces Round 992 (Div. 2),_aaaa_27,5344,1733675700,1300,1288
2040,Codeforces Round 992 (Div. 2),imabhishek028,5344,1733675700,1013,1118
2040,Codeforces Round 992 (Div. 2),Dark_knight174,5344,1733675700,1568,1493
2040,Codeforces Round 992 (Div. 2),bharat_bardiya,5344,1733675700,1187,1205
2040,Codeforces Round 992 (Div. 2),Mehemmed.nabiyev,5344,1733675700,1002,1077
2040,Codeforces Round 992 (Div. 2),UNKNOWN747,5344,1733675700,1670,1573
2040,Codeforces Round 992 (Div. 2),Dynamyte,5379,1733675700,1364,1335
2040,Codeforces Round 992 (Div. 2),Zzzzqwq,5379,1733675700,1443,1395
2040,Codeforces Round 992 (Div. 2),15vk,5379,1733675700,0,468
2040,Codeforces Round 992 (Div. 2),ratatatata,5379,1733675700,397,735
2040,Codeforces Round 992 (Div. 2),wosuxh,5379,1733675700,1118,1155
2040,Codeforces Round 992 (Div. 2),ShadowMonarch137,5379,1733675700,516,825
2040,Codeforces Round 992 (Div. 2),Muhammad-Shahzaib,5379,1733675700,1189,1205
2040,Codeforces Round 992 (Div. 2),Saransh_30,5379,1733675700,1265,1261
2040,Codeforces Round 992 (Div. 2),classen_prince,5379,1733675700,1042,1103
2040,Codeforces Round 992 (Div. 2),TMQuitten,5379,1733675700,1289,1279
2040,Codeforces Round 992 (Div. 2),Krit,5379,1733675700,1430,1386
2040,Codeforces Round 992 (Div. 2),Alice486,5379,1733675700,1207,1218
2040,Codeforces Round 992 (Div. 2),dip_sam,5379,1733675700,1008,1080
2040,Codeforces Round 992 (Div. 2),ntr0py,5379,1733675700,1201,1214
2040,Codeforces Round 992 (Div. 2),vagabondage,5379,1733675700,886,1053
2040,Codeforces Round 992 (Div. 2),ShadowMonarch,5379,1733675700,1102,1144
2040,Codeforces Round 992 (Div. 2),CPsuckz,5379,1733675700,974,1057
2040,Codeforces Round 992 (Div. 2),harsh2005sara,5379,1733675700,998,1073
2040,Codeforces Round 992 (Div. 2),badvelcp,5379,1733675700,956,1104
2040,Codeforces Round 992 (Div. 2),chikapika04,5379,1733675700,1153,1239
2040,Codeforces Round 992 (Div. 2),Juan_Pa,5379,1733675700,1149,1177
2040,Codeforces Round 992 (Div. 2),kjwle7,5379,1733675700,882,1050
2040,Codeforces Round 992 (Div. 2),fruitfulRivalry,5379,1733675700,989,1067
2040,Codeforces Round 992 (Div. 2),nikshaykataria3,5379,1733675700,1098,1141
2040,Codeforces Round 992 (Div. 2),hhello,5379,1733675700,1110,1149
2040,Codeforces Round 992 (Div. 2),HeitorMelo,5379,1733675700,376,719
2040,Codeforces Round 992 (Div. 2),lian_zi_xian,5379,1733675700,1252,1251
2040,Codeforces Round 992 (Div. 2),arivaatral,5379,1733675700,385,726
2040,Codeforces Round 992 (Div. 2),nonamexishere,5379,1733675700,1396,1360
2040,Codeforces Round 992 (Div. 2),monkeymister352222,5379,1733675700,1035,1098
2040,Codeforces Round 992 (Div. 2),MysticMavericks,5379,1733675700,1146,1175
2040,Codeforces Round 992 (Div. 2),m4_yomna_,5379,1733675700,1200,1213
2040,Codeforces Round 992 (Div. 2),Poojan_Shrestha_,5379,1733675700,667,926
2040,Codeforces Round 992 (Div. 2),TanMinati,5379,1733675700,1207,1218
2040,Codeforces Round 992 (Div. 2),vishal231,5379,1733675700,1220,1228
2040,Codeforces Round 992 (Div. 2),movlan,5379,1733675700,1404,1366
2040,Codeforces Round 992 (Div. 2),jigyasu_kalyan,5379,1733675700,1085,1132
2040,Codeforces Round 992 (Div. 2),Mourad_Mahgoub,5379,1733675700,1224,1230
2040,Codeforces Round 992 (Div. 2),QUANT_X_CODER,5417,1733675700,1048,1106
2040,Codeforces Round 992 (Div. 2),btech10135.21,5417,1733675700,1170,1191
2040,Codeforces Round 992 (Div. 2),BloomingSummerEnding,5417,1733675700,1248,1247
2040,Codeforces Round 992 (Div. 2),madmax5559,5417,1733675700,1321,1302
2040,Codeforces Round 992 (Div. 2),MrBarHat,5417,1733675700,950,1073
2040,Codeforces Round 992 (Div. 2),Engle10,5417,1733675700,1112,1150
2040,Codeforces Round 992 (Div. 2),xf519ffi77,5417,1733675700,895,1054
2040,Codeforces Round 992 (Div. 2),sinojouni,5417,1733675700,1183,1200
2040,Codeforces Round 992 (Div. 2),d4d,5417,1733675700,1193,1207
2040,Codeforces Round 992 (Div. 2),2020ucs0082,5417,1733675700,1172,1192
2040,Codeforces Round 992 (Div. 2),amitrathore,5417,1733675700,1277,1269
2040,Codeforces Round 992 (Div. 2),kunal10200,5417,1733675700,1160,1184
2040,Codeforces Round 992 (Div. 2),Hardikaswal,5417,1733675700,1496,1435
2040,Codeforces Round 992 (Div. 2),G_aurav,5417,1733675700,1184,1201
2040,Codeforces Round 992 (Div. 2),CuteJerry,5417,1733675700,1732,1620
2040,Codeforces Round 992 (Div. 2),Delhack,5417,1733675700,977,1059
2040,Codeforces Round 992 (Div. 2),alphastriker,5417,1733675700,1110,1184
2040,Codeforces Round 992 (Div. 2),elisey786,5417,1733675700,940,1035
2040,Codeforces Round 992 (Div. 2),polka_rat,5417,1733675700,1019,1086
2040,Codeforces Round 992 (Div. 2),DreamChaserB,5417,1733675700,915,1112
2040,Codeforces Round 992 (Div. 2),Shubham5090,5417,1733675700,1167,1225
2040,Codeforces Round 992 (Div. 2),hemanthreddy2747,5417,1733675700,1043,1102
2040,Codeforces Round 992 (Div. 2),Lentreo,5417,1733675700,991,1067
2040,Codeforces Round 992 (Div. 2),abey_priyanshu,5417,1733675700,1614,1527
2040,Codeforces Round 992 (Div. 2),anujkumarsinghcoder,5417,1733675700,1268,1262
2040,Codeforces Round 992 (Div. 2),tong_qi,5417,1733675700,1034,1151
2040,Codeforces Round 992 (Div. 2),OmarRashid147,5417,1733675700,1008,1079
2040,Codeforces Round 992 (Div. 2),FWhiteMoS,5417,1733675700,1058,1112
2040,Codeforces Round 992 (Div. 2),Cheater_,5417,1733675700,815,957
2040,Codeforces Round 992 (Div. 2),DylanMyers,5417,1733675700,1071,1121
2040,Codeforces Round 992 (Div. 2),fallinthesky,5417,1733675700,1462,1409
2040,Codeforces Round 992 (Div. 2),Ashtsssssh,5417,1733675700,933,1030
2040,Codeforces Round 992 (Div. 2),TODINSON,5417,1733675700,1235,1238
2040,Codeforces Round 992 (Div. 2),ringku_,5417,1733675700,1242,1243
2040,Codeforces Round 992 (Div. 2),Adarsh_Pandey1145,5417,1733675700,1042,1102
2040,Codeforces Round 992 (Div. 2),CodeSniperMan,5417,1733675700,1087,1132
2040,Codeforces Round 992 (Div. 2),tek-wizard,5417,1733675700,1168,1189
2040,Codeforces Round 992 (Div. 2),yokoso_dattebayo,5417,1733675700,404,739
2040,Codeforces Round 992 (Div. 2),goel_jhanvi,5417,1733675700,1088,1133
2040,Codeforces Round 992 (Div. 2),curiousbeast,5417,1733675700,1440,1392
2040,Codeforces Round 992 (Div. 2),shanekiran2,5417,1733675700,1265,1260
2040,Codeforces Round 992 (Div. 2),Mayank_g4104,5417,1733675700,444,769
2040,Codeforces Round 992 (Div. 2),Saumya_Karnwal,5459,1733675700,1230,1233
2040,Codeforces Round 992 (Div. 2),shashanksinghania120,5459,1733675700,1103,1200
2040,Codeforces Round 992 (Div. 2),broiampro,5459,1733675700,1279,1269
2040,Codeforces Round 992 (Div. 2),Emperor_N,5459,1733675700,1314,1295
2040,Codeforces Round 992 (Div. 2),Mathavaroopan,5459,1733675700,1470,1415
2040,Codeforces Round 992 (Div. 2),raag_dengre,5459,1733675700,1119,1154
2040,Codeforces Round 992 (Div. 2),BritoAlv,5459,1733675700,1409,1368
2040,Codeforces Round 992 (Div. 2),aditya.aparadh,5459,1733675700,967,1051
2040,Codeforces Round 992 (Div. 2),vlomaczk,5459,1733675700,755,989
2040,Codeforces Round 992 (Div. 2),anonymous_5006,5459,1733675700,1194,1207
2040,Codeforces Round 992 (Div. 2),jainil24,5459,1733675700,1417,1374
2040,Codeforces Round 992 (Div. 2),bura_t1,5459,1733675700,1149,1175
2040,Codeforces Round 992 (Div. 2),nishant_hardy,5459,1733675700,1241,1241
2040,Codeforces Round 992 (Div. 2),portiaa,5459,1733675700,1209,1218
2040,Codeforces Round 992 (Div. 2),galaxy_kitty,5459,1733675700,1089,1133
2040,Codeforces Round 992 (Div. 2),Godmino,5459,1733675700,1448,1398
2040,Codeforces Round 992 (Div. 2),wzhmhxn,5459,1733675700,1292,1279
2040,Codeforces Round 992 (Div. 2),Diarkis,5459,1733675700,942,1034
2040,Codeforces Round 992 (Div. 2),Koustav_Kundu,5459,1733675700,1266,1260
2040,Codeforces Round 992 (Div. 2),raghuwanshi313,5459,1733675700,1063,1115
2040,Codeforces Round 992 (Div. 2),sahisnu32,5459,1733675700,913,1016
2040,Codeforces Round 992 (Div. 2),ninilo97,5459,1733675700,1230,1233
2040,Codeforces Round 992 (Div. 2),Jayanthdvv,5459,1733675700,1254,1251
2040,Codeforces Round 992 (Div. 2),justplaygame,5459,1733675700,1225,1230
2040,Codeforces Round 992 (Div. 2),unlimited_ovo,5459,1733675700,718,962
2040,Codeforces Round 992 (Div. 2),khaini3c,5459,1733675700,1556,1481
2040,Codeforces Round 992 (Div. 2),newbie0,5459,1733675700,1421,1377
2040,Codeforces Round 992 (Div. 2),Anmol4161820,5459,1733675700,1207,1217
2040,Codeforces Round 992 (Div. 2),BadmaashAryan25,5459,1733675700,1126,1194
2040,Codeforces Round 992 (Div. 2),lakshkyada22,5459,1733675700,1072,1121
2040,Codeforces Round 992 (Div. 2),muhil18,5459,1733675700,1300,1285
2040,Codeforces Round 992 (Div. 2),5amia,5459,1733675700,1149,1175
2040,Codeforces Round 992 (Div. 2),gerogeVT,5459,1733675700,1315,1297
2040,Codeforces Round 992 (Div. 2),crazy0215,5459,1733675700,1107,1181
2040,Codeforces Round 992 (Div. 2),huytenrang1607,5459,1733675700,1372,1405
2040,Codeforces Round 992 (Div. 2),ayush.rtr,5459,1733675700,1063,1115
2040,Codeforces Round 992 (Div. 2),RichaMishra,5459,1733675700,1062,1114
2040,Codeforces Round 992 (Div. 2),oyy_owen,5459,1733675700,1121,1155
2040,Codeforces Round 992 (Div. 2),AdityaLuthra,5459,1733675700,1407,1366
2040,Codeforces Round 992 (Div. 2),tzc_zzc,5459,1733675700,1182,1198
2040,Codeforces Round 992 (Div. 2),Poatan,5499,1733675700,1315,1295
2040,Codeforces Round 992 (Div. 2),LostStar,5499,1733675700,1130,1160
2040,Codeforces Round 992 (Div. 2),SOLY,5499,1733675700,1133,1163
2040,Codeforces Round 992 (Div. 2),VedantG99,5499,1733675700,1332,1309
2040,Codeforces Round 992 (Div. 2),aloo,5499,1733675700,1372,1339
2040,Codeforces Round 992 (Div. 2),bhaskarjyoti_21,5499,1733675700,1332,1309
2040,Codeforces Round 992 (Div. 2),Sambit27,5499,1733675700,1383,1347
2040,Codeforces Round 992 (Div. 2),Awhriiinium,5499,1733675700,1047,1103
2040,Codeforces Round 992 (Div. 2),C_c-c_C,5499,1733675700,1496,1434
2040,Codeforces Round 992 (Div. 2),Dynamic_landing,5499,1733675700,1166,1186
2040,Codeforces Round 992 (Div. 2),iamtaran,5499,1733675700,852,1026
2040,Codeforces Round 992 (Div. 2),AR009,5499,1733675700,889,1047
2040,Codeforces Round 992 (Div. 2),dauzee,5499,1733675700,1107,1145
2040,Codeforces Round 992 (Div. 2),ViAnton,5499,1733675700,854,978
2040,Codeforces Round 992 (Div. 2),praneethgarre,5499,1733675700,1087,1130
2040,Codeforces Round 992 (Div. 2),Rahyl,5499,1733675700,1055,1108
2040,Codeforces Round 992 (Div. 2),avi258719,5499,1733675700,1186,1200
2040,Codeforces Round 992 (Div. 2),vivek2997,5499,1733675700,1308,1290
2040,Codeforces Round 992 (Div. 2),mustafadarweish136,5499,1733675700,896,1004
2040,Codeforces Round 992 (Div. 2),green_heaven,5499,1733675700,1440,1391
2040,Codeforces Round 992 (Div. 2),zekeyeager18,5499,1733675700,1196,1208
2040,Codeforces Round 992 (Div. 2),Hamo123,5499,1733675700,1364,1333
2040,Codeforces Round 992 (Div. 2),kakake,5499,1733675700,1044,1101
2040,Codeforces Round 992 (Div. 2),Sri_05,5499,1733675700,1097,1208
2040,Codeforces Round 992 (Div. 2),dhruvranka16,5499,1733675700,1222,1227
2040,Codeforces Round 992 (Div. 2),MHN-JFRN,5499,1733675700,1326,1304
2040,Codeforces Round 992 (Div. 2),QRQRQR,5499,1733675700,1469,1413
2040,Codeforces Round 992 (Div. 2),MKS_Rajput,5499,1733675700,904,1009
2040,Codeforces Round 992 (Div. 2),FahadxSurma,5499,1733675700,1364,1333
2040,Codeforces Round 992 (Div. 2),akshat04_,5499,1733675700,1299,1283
2040,Codeforces Round 992 (Div. 2),yangyunzhe,5499,1733675700,1052,1107
2040,Codeforces Round 992 (Div. 2),koushik79,5499,1733675700,978,1057
2040,Codeforces Round 992 (Div. 2),Encode_Hridoy,5499,1733675700,1300,1284
2040,Codeforces Round 992 (Div. 2),not_kushxd,5499,1733675700,496,807
2040,Codeforces Round 992 (Div. 2),ritik85,5499,1733675700,1188,1202
2040,Codeforces Round 992 (Div. 2),_Samurai,5499,1733675700,1113,1148
2040,Codeforces Round 992 (Div. 2),Niranjan_Sirgoji,5499,1733675700,919,1019
2040,Codeforces Round 992 (Div. 2),ozner77,5499,1733675700,1030,1091
2040,Codeforces Round 992 (Div. 2),1529117986,5499,1733675700,1129,1195
2040,Codeforces Round 992 (Div. 2),AC796,5499,1733675700,781,976
2040,Codeforces Round 992 (Div. 2),AbhiRam27,5499,1733675700,1237,1237
2040,Codeforces Round 992 (Div. 2),A_Normal_Guy_,5499,1733675700,1028,1090
2040,Codeforces Round 992 (Div. 2),tarek14,5499,1733675700,1079,1125
2040,Codeforces Round 992 (Div. 2),Riya_Chaudhry,5542,1733675700,1234,1235
2040,Codeforces Round 992 (Div. 2),M_Yahia,5542,1733675700,1217,1222
2040,Codeforces Round 992 (Div. 2),Kush_Agrawal,5542,1733675700,1254,1249
2040,Codeforces Round 992 (Div. 2),ankur_ankur,5542,1733675700,1196,1207
2040,Codeforces Round 992 (Div. 2),Vedant_22,5542,1733675700,1066,1115
2040,Codeforces Round 992 (Div. 2),goodboypratyush,5542,1733675700,1288,1275
2040,Codeforces Round 992 (Div. 2),phanquangminh070707,5542,1733675700,1048,1103
2040,Codeforces Round 992 (Div. 2),Jinx_Ackerman,5542,1733675700,1140,1167
2040,Codeforces Round 992 (Div. 2),Menial,5542,1733675700,464,782
2040,Codeforces Round 992 (Div. 2),vchand0808,5542,1733675700,423,751
2040,Codeforces Round 992 (Div. 2),aalokkr_raj,5542,1733675700,1211,1218
2040,Codeforces Round 992 (Div. 2),_tryagain_,5542,1733675700,685,935
2040,Codeforces Round 992 (Div. 2),convict_of_HM,5542,1733675700,965,1108
2040,Codeforces Round 992 (Div. 2),Max48,5542,1733675700,1275,1265
2040,Codeforces Round 992 (Div. 2),kx04,5542,1733675700,1285,1272
2040,Codeforces Round 992 (Div. 2),vishal_lala,5542,1733675700,1059,1110
2040,Codeforces Round 992 (Div. 2),Biologist,5542,1733675700,1066,1115
2040,Codeforces Round 992 (Div. 2),UndrEstM8ed_Beast,5542,1733675700,1340,1314
2040,Codeforces Round 992 (Div. 2),I_lOVE_ROMAN,5542,1733675700,1054,1107
2040,Codeforces Round 992 (Div. 2),Ferdousi_53,5542,1733675700,1059,1110
2040,Codeforces Round 992 (Div. 2),AC_Panda,5542,1733675700,963,1147
2040,Codeforces Round 992 (Div. 2),my_id_96,5542,1733675700,1181,1196
2040,Codeforces Round 992 (Div. 2),chenjunfft,5542,1733675700,0,466
2040,Codeforces Round 992 (Div. 2),ShorifulSoumic,5542,1733675700,1501,1437
2040,Codeforces Round 992 (Div. 2),07suryansh,5542,1733675700,1159,1180
2040,Codeforces Round 992 (Div. 2),Rakusama,5542,1733675700,1065,1114
2040,Codeforces Round 992 (Div. 2),Nemaleswang,5542,1733675700,1405,1363
2040,Codeforces Round 992 (Div. 2),kanhaiya07,5542,1733675700,849,1023
2040,Codeforces Round 992 (Div. 2),harshpreet,5542,1733675700,982,1059
2040,Codeforces Round 992 (Div. 2),Than0s_op,5542,1733675700,1234,1235
2040,Codeforces Round 992 (Div. 2),BhairabGorai,5572,1733675700,1159,1179
2040,Codeforces Round 992 (Div. 2),renmq,5572,1733675700,1450,1397
2040,Codeforces Round 992 (Div. 2),migmigmig,5572,1733675700,1005,1073
2040,Codeforces Round 992 (Div. 2),FrontMan.,5572,1733675700,1361,1329
2040,Codeforces Round 992 (Div. 2),Diksha_goyal,5572,1733675700,1312,1292
2040,Codeforces Round 992 (Div. 2),Rantan,5572,1733675700,1466,1409
2040,Codeforces Round 992 (Div. 2),redsoon,5572,1733675700,1388,1350
2040,Codeforces Round 992 (Div. 2),rahmanmehraj627,5572,1733675700,1117,1149
2040,Codeforces Round 992 (Div. 2),adarsh01_22,5572,1733675700,1153,1175
2040,Codeforces Round 992 (Div. 2),Discens,5572,1733675700,1322,1300
2040,Codeforces Round 992 (Div. 2),rahulreddypurmani123,5572,1733675700,1158,1179
2040,Codeforces Round 992 (Div. 2),Ishan_21,5572,1733675700,1059,1109
2040,Codeforces Round 992 (Div. 2),sriyukthika,5572,1733675700,982,1057
2040,Codeforces Round 992 (Div. 2),mangal_2004,5572,1733675700,1158,1179
2040,Codeforces Round 992 (Div. 2),one_punch_Moon,5572,1733675700,1103,1140
2040,Codeforces Round 992 (Div. 2),rishabhluv,5572,1733675700,1595,1510
2040,Codeforces Round 992 (Div. 2),jiankiyo,5572,1733675700,1091,1131
2040,Codeforces Round 992 (Div. 2),mayoswsad,5572,1733675700,1193,1204
2040,Codeforces Round 992 (Div. 2),LogicLooper,5572,1733675700,1226,1228
2040,Codeforces Round 992 (Div. 2),pablo-acha,5572,1733675700,1120,1152
2040,Codeforces Round 992 (Div. 2),denis_usik,5572,1733675700,982,1057
2040,Codeforces Round 992 (Div. 2),TeraNanoByte,5572,1733675700,0,465
2040,Codeforces Round 992 (Div. 2),Daksh_Mor,5572,1733675700,1232,1232
2040,Codeforces Round 992 (Div. 2),felipeft,5572,1733675700,1144,1169
2040,Codeforces Round 992 (Div. 2),shubham002_again,5572,1733675700,1431,1382
2040,Codeforces Round 992 (Div. 2),magiciaimer,5572,1733675700,1208,1215
2040,Codeforces Round 992 (Div. 2),tbd108,5572,1733675700,870,1037
2040,Codeforces Round 992 (Div. 2),Claucenater_,5572,1733675700,1277,1265
2040,Codeforces Round 992 (Div. 2),akhanchick,5572,1733675700,1321,1299
2040,Codeforces Round 992 (Div. 2),BinderiyaT,5572,1733675700,1272,1261
2040,Codeforces Round 992 (Div. 2),PixelsInParadox555,5572,1733675700,1183,1197
2040,Codeforces Round 992 (Div. 2),architagoyal_,5572,1733675700,1139,1201
2040,Codeforces Round 992 (Div. 2),ritvik2004,5572,1733675700,1206,1213
2040,Codeforces Round 992 (Div. 2),adold_op,5572,1733675700,1139,1165
2040,Codeforces Round 992 (Div. 2),Sharif_Math,5572,1733675700,1188,1200
2040,Codeforces Round 992 (Div. 2),oneMoreHandle,5572,1733675700,0,465
2040,Codeforces Round 992 (Div. 2),a2965983970,5572,1733675700,1365,1332
2040,Codeforces Round 992 (Div. 2),w2321,5572,1733675700,778,1004
2040,Codeforces Round 992 (Div. 2),jayesh_khare,5572,1733675700,1040,1097
2040,Codeforces Round 992 (Div. 2),BlackIce666,5572,1733675700,1679,1576
2040,Codeforces Round 992 (Div. 2),baahubali7781,5572,1733675700,1248,1244
2040,Codeforces Round 992 (Div. 2),sahuaanshuman,5572,1733675700,892,999
2040,Codeforces Round 992 (Div. 2),Identity_Imbalance,5572,1733675700,1132,1160
2040,Codeforces Round 992 (Div. 2),Ahil_Khan_IITB,5572,1733675700,1348,1319
2040,Codeforces Round 992 (Div. 2),nohope,5572,1733675700,1177,1192
2040,Codeforces Round 992 (Div. 2),notacallforhelp,5572,1733675700,1226,1228
2040,Codeforces Round 992 (Div. 2),_Hridoy_,5572,1733675700,1427,1379
2040,Codeforces Round 992 (Div. 2),namanagarwal578,5572,1733675700,1568,1489
2040,Codeforces Round 992 (Div. 2),sparshsinghbhatia339,5620,1733675700,1074,1119
2040,Codeforces Round 992 (Div. 2),notbfs,5620,1733675700,1225,1226
2040,Codeforces Round 992 (Div. 2),Dongo1,5620,1733675700,1046,1100
2040,Codeforces Round 992 (Div. 2),Sajjad_Jisun,5620,1733675700,953,1038
2040,Codeforces Round 992 (Div. 2),gopalsin2910,5620,1733675700,1171,1187
2040,Codeforces Round 992 (Div. 2),1018lll,5620,1733675700,1311,1291
2040,Codeforces Round 992 (Div. 2),kstheking,5620,1733675700,1381,1344
2040,Codeforces Round 992 (Div. 2),Andreas0x07,5620,1733675700,1195,1204
2040,Codeforces Round 992 (Div. 2),LXYYYY_,5620,1733675700,1351,1359
2040,Codeforces Round 992 (Div. 2),Basori,5620,1733675700,1710,1600
2040,Codeforces Round 992 (Div. 2),Frozen_H,5620,1733675700,1165,1183
2040,Codeforces Round 992 (Div. 2),GermanGladkikh,5620,1733675700,803,944
2040,Codeforces Round 992 (Div. 2),erickaiser24,5620,1733675700,1236,1234
2040,Codeforces Round 992 (Div. 2),yushmita_bisu_18,5620,1733675700,1212,1217
2040,Codeforces Round 992 (Div. 2),Kavya.2005,5620,1733675700,943,1031
2040,Codeforces Round 992 (Div. 2),vaibhavg26,5620,1733675700,828,1041
2040,Codeforces Round 992 (Div. 2),vansh.pa77,5620,1733675700,676,927
2040,Codeforces Round 992 (Div. 2),si.wen,5620,1733675700,1126,1155
2040,Codeforces Round 992 (Div. 2),Semyon187,5620,1733675700,1205,1248
2040,Codeforces Round 992 (Div. 2),-Jarvis-,5620,1733675700,1101,1138
2040,Codeforces Round 992 (Div. 2),sujalmeshram,5620,1733675700,1279,1266
2040,Codeforces Round 992 (Div. 2),KrAuAg,5620,1733675700,1285,1270
2040,Codeforces Round 992 (Div. 2),octa_bos,5620,1733675700,1369,1334
2040,Codeforces Round 992 (Div. 2),devalsinghal,5620,1733675700,1195,1204
2040,Codeforces Round 992 (Div. 2),Accclk,5620,1733675700,1096,1134
2040,Codeforces Round 992 (Div. 2),ashab.tanim,5620,1733675700,1061,1110
2040,Codeforces Round 992 (Div. 2),Ayanokouji_Gojo,5620,1733675700,1106,1257
2040,Codeforces Round 992 (Div. 2),vishwas_37,5620,1733675700,1333,1307
2040,Codeforces Round 992 (Div. 2),Hannyx,5620,1733675700,1166,1259
2040,Codeforces Round 992 (Div. 2),mrreda1,5620,1733675700,1030,1089
2040,Codeforces Round 992 (Div. 2),tsoydeniis,5620,1733675700,1199,1207
2040,Codeforces Round 992 (Div. 2),Zzw_gcu,5620,1733675700,1090,1130
2040,Codeforces Round 992 (Div. 2),aryanth,5652,1733675700,1467,1409
2040,Codeforces Round 992 (Div. 2),confirgante,5652,1733675700,1059,1107
2040,Codeforces Round 992 (Div. 2),pvsmcr_97,5652,1733675700,1150,1171
2040,Codeforces Round 992 (Div. 2),HarshitSPakhariya,5652,1733675700,1535,1462
2040,Codeforces Round 992 (Div. 2),sanchiitvijay,5652,1733675700,1029,1153
2040,Codeforces Round 992 (Div. 2),linj_1,5652,1733675700,799,1019
2040,Codeforces Round 992 (Div. 2),mnik1011,5652,1733675700,1193,1202
2040,Codeforces Round 992 (Div. 2),2prithviraj.2,5652,1733675700,1010,1074
2040,Codeforces Round 992 (Div. 2),xcjACMdxcj,5652,1733675700,1182,1194
2040,Codeforces Round 992 (Div. 2),AnriArkania,5652,1733675700,1034,1090
2040,Codeforces Round 992 (Div. 2),YiMuyAn,5652,1733675700,1172,1187
2040,Codeforces Round 992 (Div. 2),H.YUN.SS,5652,1733675700,1124,1153
2040,Codeforces Round 992 (Div. 2),hardikkaurav7,5652,1733675700,945,1031
2040,Codeforces Round 992 (Div. 2),striver_tj,5652,1733675700,904,1037
2040,Codeforces Round 992 (Div. 2),Azhar07,5652,1733675700,1219,1221
2040,Codeforces Round 992 (Div. 2),aarushh,5652,1733675700,1177,1191
2040,Codeforces Round 992 (Div. 2),Mehryad,5652,1733675700,1194,1203
2040,Codeforces Round 992 (Div. 2),Skyonex,5652,1733675700,1230,1229
2040,Codeforces Round 992 (Div. 2),chcopie,5652,1733675700,1296,1278
2040,Codeforces Round 992 (Div. 2),au33,5652,1733675700,1413,1368
2040,Codeforces Round 992 (Div. 2),ak10rn,5652,1733675700,1280,1266
2040,Codeforces Round 992 (Div. 2),ai_cheng_zi,5652,1733675700,1320,1297
2040,Codeforces Round 992 (Div. 2),jalajapalli9,5652,1733675700,1235,1233
2040,Codeforces Round 992 (Div. 2),vusal,5652,1733675700,1221,1223
2040,Codeforces Round 992 (Div. 2),Chelick_pjvpjvpjv1,5652,1733675700,1082,1158
2040,Codeforces Round 992 (Div. 2),Expert_U.P,5652,1733675700,1028,1153
2040,Codeforces Round 992 (Div. 2),De_Coder_Rohan,5652,1733675700,1040,1094
2040,Codeforces Round 992 (Div. 2),kushiluv,5652,1733675700,1282,1268
2040,Codeforces Round 992 (Div. 2),Pranav_006,5652,1733675700,405,735
2040,Codeforces Round 992 (Div. 2),Cxyao,5652,1733675700,1207,1212
2040,Codeforces Round 992 (Div. 2),prasaddsahil07,5652,1733675700,1308,1288
2040,Codeforces Round 992 (Div. 2),Candy.man,5652,1733675700,1053,1103
2040,Codeforces Round 992 (Div. 2),Zamel,5652,1733675700,1401,1358
2040,Codeforces Round 992 (Div. 2),brain_dead_47,5652,1733675700,1159,1178
2040,Codeforces Round 992 (Div. 2),xinzer,5652,1733675700,1291,1274
2040,Codeforces Round 992 (Div. 2),NguyenTriDung,5652,1733675700,1221,1223
2040,Codeforces Round 992 (Div. 2),agentdeath,5652,1733675700,1243,1239
2040,Codeforces Round 992 (Div. 2),brigde,5652,1733675700,1205,1211
2040,Codeforces Round 992 (Div. 2),hkl1010,5652,1733675700,1404,1360
2040,Codeforces Round 992 (Div. 2),fail,5652,1733675700,1357,1325
2040,Codeforces Round 992 (Div. 2),NOOBPOOK,5652,1733675700,398,730
2040,Codeforces Round 992 (Div. 2),mengh04,5693,1733675700,1212,1215
2040,Codeforces Round 992 (Div. 2),M.R.Hadian,5693,1733675700,1261,1251
2040,Codeforces Round 992 (Div. 2),Batyi-A-019-28,5693,1733675700,1344,1314
2040,Codeforces Round 992 (Div. 2),Chintu__123,5693,1733675700,914,1010
2040,Codeforces Round 992 (Div. 2),ByteKnight2005,5693,1733675700,1057,1105
2040,Codeforces Round 992 (Div. 2),miemiejiuming,5693,1733675700,1375,1337
2040,Codeforces Round 992 (Div. 2),IamAddictedtoCP,5693,1733675700,1318,1295
2040,Codeforces Round 992 (Div. 2),AMIRIOX,5693,1733675700,1053,1102
2040,Codeforces Round 992 (Div. 2),coldheart361,5693,1733675700,705,947
2040,Codeforces Round 992 (Div. 2),wbhhabib,5693,1733675700,1028,1085
2040,Codeforces Round 992 (Div. 2),lequangloc2006.hl,5693,1733675700,422,748
2040,Codeforces Round 992 (Div. 2),tuanbess,5693,1733675700,961,1041
2040,Codeforces Round 992 (Div. 2),Buri_Buri_Zaemon493,5693,1733675700,1123,1187
2040,Codeforces Round 992 (Div. 2),Vova2010,5693,1733675700,643,901
2040,Codeforces Round 992 (Div. 2),gauravmishra_iitr,5693,1733675700,1008,1072
2040,Codeforces Round 992 (Div. 2),blazzingrocky,5693,1733675700,1125,1152
2040,Codeforces Round 992 (Div. 2),proxychainz,5693,1733675700,1112,1202
2040,Codeforces Round 992 (Div. 2),Dhruv26102005,5693,1733675700,865,1031
2040,Codeforces Round 992 (Div. 2),EternalMangekyo,5693,1733675700,1203,1208
2040,Codeforces Round 992 (Div. 2),itz_jeel05,5693,1733675700,988,1092
2040,Codeforces Round 992 (Div. 2),loumock,5693,1733675700,1419,1371
2040,Codeforces Round 992 (Div. 2),Pallab827,5693,1733675700,1133,1158
2040,Codeforces Round 992 (Div. 2),Varun3773,5693,1733675700,415,742
2040,Codeforces Round 992 (Div. 2),Labib_tc,5693,1733675700,1379,1340
2040,Codeforces Round 992 (Div. 2),gomuj,5693,1733675700,998,1065
2040,Codeforces Round 992 (Div. 2),Celestial26,5693,1733675700,888,994
2040,Codeforces Round 992 (Div. 2),ShareefAfzal,5693,1733675700,1005,1070
2040,Codeforces Round 992 (Div. 2),Shahed_Bawadekji,5693,1733675700,1384,1344
2040,Codeforces Round 992 (Div. 2),glowbigger,5693,1733675700,1335,1307
2040,Codeforces Round 992 (Div. 2),Vilas713,5693,1733675700,918,1013
2040,Codeforces Round 992 (Div. 2),v4der,5693,1733675700,1239,1235
2040,Codeforces Round 992 (Div. 2),belugaUwU,5693,1733675700,960,1073
2040,Codeforces Round 992 (Div. 2),zye73,5693,1733675700,884,991
2040,Codeforces Round 992 (Div. 2),utkarsh_s_sood,5693,1733675700,1238,1234
2040,Codeforces Round 992 (Div. 2),AliGhaleb,5693,1733675700,1105,1138
2040,Codeforces Round 992 (Div. 2),king2008,5693,1733675700,1432,1381
2040,Codeforces Round 992 (Div. 2),Berton2L,5693,1733675700,1299,1279
2040,Codeforces Round 992 (Div. 2),priyabratass64,5693,1733675700,1092,1129
2040,Codeforces Round 992 (Div. 2),darknight_il,5693,1733675700,1704,1594
2040,Codeforces Round 992 (Div. 2),v1296,5693,1733675700,1008,1072
2040,Codeforces Round 992 (Div. 2),Mankirat_Singh,5693,1733675700,1261,1251
2040,Codeforces Round 992 (Div. 2),Quartz_Blocks,5693,1733675700,1116,1146
2040,Codeforces Round 992 (Div. 2),w1ss,5693,1733675700,1407,1362
2040,Codeforces Round 992 (Div. 2),lad1chka,5736,1733675700,1719,1605
2040,Codeforces Round 992 (Div. 2),_Kamisato_Ayaka_,5736,1733675700,1001,1066
2040,Codeforces Round 992 (Div. 2),Swayam78,5736,1733675700,1419,1371
2040,Codeforces Round 992 (Div. 2),BrokenSword1402,5736,1733675700,965,1042
2040,Codeforces Round 992 (Div. 2),Devanshu__Sharma,5736,1733675700,1276,1261
2040,Codeforces Round 992 (Div. 2),ExtraStageLover,5736,1733675700,1620,1527
2040,Codeforces Round 992 (Div. 2),gafgadfdfvswe,5736,1733675700,1292,1273
2040,Codeforces Round 992 (Div. 2),yvtian,5736,1733675700,1052,1101
2040,Codeforces Round 992 (Div. 2),No0_BiE,5736,1733675700,1001,1066
2040,Codeforces Round 992 (Div. 2),omynous_,5736,1733675700,1262,1251
2040,Codeforces Round 992 (Div. 2),mcuadros,5736,1733675700,1638,1540
2040,Codeforces Round 992 (Div. 2),Wonder_of_U_,5736,1733675700,1447,1392
2040,Codeforces Round 992 (Div. 2),im_Vignan,5736,1733675700,1312,1289
2040,Codeforces Round 992 (Div. 2),operator32,5736,1733675700,1324,1298
2040,Codeforces Round 992 (Div. 2),VentiLyre,5736,1733675700,1277,1262
2040,Codeforces Round 992 (Div. 2),parteekoncode,5736,1733675700,933,1021
2040,Codeforces Round 992 (Div. 2),_ye_1,5736,1733675700,1205,1209
2040,Codeforces Round 992 (Div. 2),SadikMR,5736,1733675700,1205,1209
2040,Codeforces Round 992 (Div. 2),literally-bug-creator,5736,1733675700,995,1096
2040,Codeforces Round 992 (Div. 2),frozen_king,5736,1733675700,1055,1103
2040,Codeforces Round 992 (Div. 2),cAtte_,5736,1733675700,986,1119
2040,Codeforces Round 992 (Div. 2),astabakasta,5736,1733675700,1381,1341
2040,Codeforces Round 992 (Div. 2),adi_tya11,5736,1733675700,1190,1198
2040,Codeforces Round 992 (Div. 2),entitled,5736,1733675700,1189,1197
2040,Codeforces Round 992 (Div. 2),Muhammadsolih,5736,1733675700,935,1023
2040,Codeforces Round 992 (Div. 2),yashvardhanj,5736,1733675700,1148,1168
2040,Codeforces Round 992 (Div. 2),melsayed845,5736,1733675700,1121,1149
2040,Codeforces Round 992 (Div. 2),chethan78,5736,1733675700,1454,1397
2040,Codeforces Round 992 (Div. 2),Abdelkarim_,5736,1733675700,1209,1212
2040,Codeforces Round 992 (Div. 2),auddy,5736,1733675700,1187,1196
2040,Codeforces Round 992 (Div. 2),alyosha.313,5736,1733675700,440,760
2040,Codeforces Round 992 (Div. 2),lokeshgonthina,5736,1733675700,953,1034
2040,Codeforces Round 992 (Div. 2),ita_kanha,5736,1733675700,793,934
2040,Codeforces Round 992 (Div. 2),Maximilian_Rumi,5736,1733675700,0,461
2040,Codeforces Round 992 (Div. 2),kanshuman,5736,1733675700,1116,1145
2040,Codeforces Round 992 (Div. 2),Jeet024,5736,1733675700,977,1084
2040,Codeforces Round 992 (Div. 2),attaboy.ds,5736,1733675700,1247,1240
2040,Codeforces Round 992 (Div. 2),PioX,5736,1733675700,1188,1197
2040,Codeforces Round 992 (Div. 2),lamp28042023,5736,1733675700,894,1051
2040,Codeforces Round 992 (Div. 2),rishavk,5736,1733675700,958,1038
2040,Codeforces Round 992 (Div. 2),SHK,5736,1733675700,1543,1466
2040,Codeforces Round 992 (Div. 2),selmik,5736,1733675700,1122,1149
2040,Codeforces Round 992 (Div. 2),SyamSriBalajiT,5736,1733675700,1239,1234
2040,Codeforces Round 992 (Div. 2),CoderVinit,5779,1733675700,1093,1128
2040,Codeforces Round 992 (Div. 2),Sudhanshu_M,5779,1733675700,1107,1138
2040,Codeforces Round 992 (Div. 2),Manan2303,5779,1733675700,1017,1076
2040,Codeforces Round 992 (Div. 2),beacon7,5779,1733675700,1140,1197
2040,Codeforces Round 992 (Div. 2),matt_murdock343,5779,1733675700,1166,1180
2040,Codeforces Round 992 (Div. 2),suryarao551,5779,1733675700,0,461
2040,Codeforces Round 992 (Div. 2),aman_14as,5779,1733675700,1049,1098
2040,Codeforces Round 992 (Div. 2),animesh2107,5779,1733675700,1060,1105
2040,Codeforces Round 992 (Div. 2),amharshit45,5779,1733675700,1390,1348
2040,Codeforces Round 992 (Div. 2),codingnoobie,5779,1733675700,1170,1183
2040,Codeforces Round 992 (Div. 2),DX_3906,5779,1733675700,740,971
2040,Codeforces Round 992 (Div. 2),jainilj05,5779,1733675700,1229,1226
2040,Codeforces Round 992 (Div. 2),big_mike,5779,1733675700,724,959
2040,Codeforces Round 992 (Div. 2),Code.runner,5779,1733675700,1405,1359
2040,Codeforces Round 992 (Div. 2),pookiie,5779,1733675700,1205,1208
2040,Codeforces Round 992 (Div. 2),Sandeep_Tiwari_09,5779,1733675700,859,974
2040,Codeforces Round 992 (Div. 2),Krishnaansh,5779,1733675700,1101,1134
2040,Codeforces Round 992 (Div. 2),orsiomatlez73,5779,1733675700,1160,1237
2040,Codeforces Round 992 (Div. 2),rpratik27,5779,1733675700,1375,1336
2040,Codeforces Round 992 (Div. 2),pchelka12,5779,1733675700,1340,1309
2040,Codeforces Round 992 (Div. 2),KK923,5779,1733675700,1229,1226
2040,Codeforces Round 992 (Div. 2),arnavraghuvanshi,5779,1733675700,415,741
2040,Codeforces Round 992 (Div. 2),usv0308,5779,1733675700,1080,1119
2040,Codeforces Round 992 (Div. 2),Binary_Crusader2503,5779,1733675700,455,771
2040,Codeforces Round 992 (Div. 2),Mariuana,5779,1733675700,0,461
2040,Codeforces Round 992 (Div. 2),blakshay_810,5779,1733675700,1214,1215
2040,Codeforces Round 992 (Div. 2),daulet.sabden,5779,1733675700,1230,1227
2040,Codeforces Round 992 (Div. 2),Steve_sup,5779,1733675700,1158,1174
2040,Codeforces Round 992 (Div. 2),Ramos-San,5779,1733675700,1029,1084
2040,Codeforces Round 992 (Div. 2),LeGrosss,5808,1733675700,1113,1142
2040,Codeforces Round 992 (Div. 2),bunny57,5808,1733675700,961,1038
2040,Codeforces Round 992 (Div. 2),ArrayKnight,5808,1733675700,1405,1358
2040,Codeforces Round 992 (Div. 2),bighn3xhh,5808,1733675700,1496,1429
2040,Codeforces Round 992 (Div. 2),berojgar1905,5808,1733675700,1340,1309
2040,Codeforces Round 992 (Div. 2),layston,5808,1733675700,1154,1171
2040,Codeforces Round 992 (Div. 2),Tanmay_Mankar,5808,1733675700,1033,1086
2040,Codeforces Round 992 (Div. 2),Imdadul_Hasan,5808,1733675700,1285,1267
2040,Codeforces Round 992 (Div. 2),Boss_NHP,5808,1733675700,0,461
2040,Codeforces Round 992 (Div. 2),Lalith1312,5808,1733675700,0,461
2040,Codeforces Round 992 (Div. 2),vishnuyash,5808,1733675700,1248,1239
2040,Codeforces Round 992 (Div. 2),InvinsibleChampion,5808,1733675700,963,1039
2040,Codeforces Round 992 (Div. 2),rb.doyen,5808,1733675700,1222,1220
2040,Codeforces Round 992 (Div. 2),KINGofSPADE,5808,1733675700,1050,1098
2040,Codeforces Round 992 (Div. 2),b_v_dheeraj__reddy,5808,1733675700,1161,1176
2040,Codeforces Round 992 (Div. 2),sojapookie,5808,1733675700,498,803
2040,Codeforces Round 992 (Div. 2),Rohan_Jhanwar,5808,1733675700,1041,1148
2040,Codeforces Round 992 (Div. 2),en_passant_16,5808,1733675700,1162,1177
2040,Codeforces Round 992 (Div. 2),abhaydubey22112004,5808,1733675700,1223,1221
2040,Codeforces Round 992 (Div. 2),dorabhi,5808,1733675700,744,974
2040,Codeforces Round 992 (Div. 2),zzzssz,5808,1733675700,1146,1165
2040,Codeforces Round 992 (Div. 2),srk472006,5808,1733675700,1097,1130
2040,Codeforces Round 992 (Div. 2),ashutosh_84,5808,1733675700,887,1045
2040,Codeforces Round 992 (Div. 2),bazik163,5808,1733675700,433,754
2040,Codeforces Round 992 (Div. 2),AbhishekMaheshwari123,5808,1733675700,790,931
2040,Codeforces Round 992 (Div. 2),LittleBurningO,5808,1733675700,951,1031
2040,Codeforces Round 992 (Div. 2),nagajahnavidann1,5808,1733675700,991,1092
2040,Codeforces Round 992 (Div. 2),Tyler8,5808,1733675700,1304,1282
2040,Codeforces Round 992 (Div. 2),pi_pi_pikachu,5808,1733675700,1204,1207
2040,Codeforces Round 992 (Div. 2),VSK18,5808,1733675700,1064,1107
2040,Codeforces Round 992 (Div. 2),Tsuki_w,5808,1733675700,1280,1263
2040,Codeforces Round 992 (Div. 2),Ahnaf_Akib_Tanim,5808,1733675700,1307,1284
2040,Codeforces Round 992 (Div. 2),Nahid_Hasan_29,5808,1733675700,1056,1102
2040,Codeforces Round 992 (Div. 2),emanuel2700,5808,1733675700,1310,1286
2040,Codeforces Round 992 (Div. 2),wojtekm4726,5808,1733675700,0,461
2040,Codeforces Round 992 (Div. 2),chiragxarora,5808,1733675700,1199,1203
2040,Codeforces Round 992 (Div. 2),chapstick,5844,1733675700,1074,1114
2040,Codeforces Round 992 (Div. 2),akshitgupta_,5844,1733675700,1267,1253
2040,Codeforces Round 992 (Div. 2),xanderkuksov,5844,1733675700,606,871
2040,Codeforces Round 992 (Div. 2),Karthik_Gutti,5844,1733675700,1115,1142
2040,Codeforces Round 992 (Div. 2),Vaibhavv1703,5844,1733675700,973,1107
2040,Codeforces Round 992 (Div. 2),Arpit_2301,5844,1733675700,951,1031
2040,Codeforces Round 992 (Div. 2),Loquacious,5844,1733675700,1583,1496
2040,Codeforces Round 992 (Div. 2),NP_1110,5844,1733675700,1198,1202
2040,Codeforces Round 992 (Div. 2),blok,5844,1733675700,1090,1125
2040,Codeforces Round 992 (Div. 2),Sink_7,5844,1733675700,1053,1099
2040,Codeforces Round 992 (Div. 2),UI-Shashank,5844,1733675700,1147,1165
2040,Codeforces Round 992 (Div. 2),unk0wn,5844,1733675700,1107,1195
2040,Codeforces Round 992 (Div. 2),abhi_71,5844,1733675700,838,1009
2040,Codeforces Round 992 (Div. 2),muhammad_humayun,5844,1733675700,1250,1240
2040,Codeforces Round 992 (Div. 2),ae_jethiyaaa,5844,1733675700,1193,1198
2040,Codeforces Round 992 (Div. 2),codemankv,5844,1733675700,1137,1158
2040,Codeforces Round 992 (Div. 2),_SIEG_,5844,1733675700,1204,1207
2040,Codeforces Round 992 (Div. 2),DCODER_13,5844,1733675700,1628,1531
2040,Codeforces Round 992 (Div. 2),bhujbalaniket2003,5844,1733675700,1163,1177
2040,Codeforces Round 992 (Div. 2),NFS_Rivals,5844,1733675700,957,1087
2040,Codeforces Round 992 (Div. 2),MeteorYe,5844,1733675700,1405,1358
2040,Codeforces Round 992 (Div. 2),Kirn123,5844,1733675700,995,1114
2040,Codeforces Round 992 (Div. 2),red_army98,5844,1733675700,1178,1187
2040,Codeforces Round 992 (Div. 2),vladislavkruglikov,5844,1733675700,1237,1231
2040,Codeforces Round 992 (Div. 2),Dark_Lord_Binoy,5844,1733675700,1391,1347
2040,Codeforces Round 992 (Div. 2),Frozen-Heart,5844,1733675700,1049,1097
2040,Codeforces Round 992 (Div. 2),PriyanshuSingh18,5844,1733675700,460,773
2040,Codeforces Round 992 (Div. 2),woogly,5844,1733675700,643,898
2040,Codeforces Round 992 (Div. 2),MaybeExpert,5844,1733675700,1034,1086
2040,Codeforces Round 992 (Div. 2),Logic_Ninja,5844,1733675700,430,751
2040,Codeforces Round 992 (Div. 2),quziy,5844,1733675700,1117,1144
2040,Codeforces Round 992 (Div. 2),krishnamoorthy,5844,1733675700,1276,1260
2040,Codeforces Round 992 (Div. 2),kbiitk,5844,1733675700,928,1066
2040,Codeforces Round 992 (Div. 2),Chiot,5877,1733675700,455,769
2040,Codeforces Round 992 (Div. 2),soubhadra,5877,1733675700,0,459
2040,Codeforces Round 992 (Div. 2),Rukendo,5877,1733675700,955,1032
2040,Codeforces Round 992 (Div. 2),sosuke23,5877,1733675700,1423,1371
2040,Codeforces Round 992 (Div. 2),sonugupta07,5877,1733675700,1436,1381
2040,Codeforces Round 992 (Div. 2),alahunovahmad,5877,1733675700,918,1008
2040,Codeforces Round 992 (Div. 2),wta,5877,1733675700,1248,1238
2040,Codeforces Round 992 (Div. 2),thakuremon,5877,1733675700,1479,1415
2040,Codeforces Round 992 (Div. 2),yairr,5877,1733675700,1210,1210
2040,Codeforces Round 992 (Div. 2),yanshao,5877,1733675700,376,709
2040,Codeforces Round 992 (Div. 2),Arpit_Upadhyay,5877,1733675700,1100,1131
2040,Codeforces Round 992 (Div. 2),Rookie-Card,5877,1733675700,1203,1205
2040,Codeforces Round 992 (Div. 2),lyzhe_,5877,1733675700,1576,1490
2040,Codeforces Round 992 (Div. 2),AdityaDSingh,5877,1733675700,1421,1369
2040,Codeforces Round 992 (Div. 2),GreatestEver,5877,1733675700,1146,1163
2040,Codeforces Round 992 (Div. 2),Revelio,5877,1733675700,534,829
2040,Codeforces Round 992 (Div. 2),bras,5877,1733675700,1446,1389
2040,Codeforces Round 992 (Div. 2),I_am_Mahi,5877,1733675700,1351,1316
2040,Codeforces Round 992 (Div. 2),Echo2,5877,1733675700,1284,1265
2040,Codeforces Round 992 (Div. 2),AVC369,5877,1733675700,1320,1292
2040,Codeforces Round 992 (Div. 2),maxglushkov561,5877,1733675700,1385,1342
2040,Codeforces Round 992 (Div. 2),SidM007,5877,1733675700,1350,1315
2040,Codeforces Round 992 (Div. 2),narendra9079,5877,1733675700,1230,1225
2040,Codeforces Round 992 (Div. 2),Eric_cc,5877,1733675700,986,1053
2040,Codeforces Round 992 (Div. 2),ShivamKapoor23,5877,1733675700,1269,1254
2040,Codeforces Round 992 (Div. 2),1--la,5877,1733675700,1194,1198
2040,Codeforces Round 992 (Div. 2),EmKaanTheKing,5877,1733675700,1121,1205
2040,Codeforces Round 992 (Div. 2),Mohammed_Rabei,5877,1733675700,1096,1128
2040,Codeforces Round 992 (Div. 2),_Cylinder,5877,1733675700,984,1051
2040,Codeforces Round 992 (Div. 2),noob_kush,5877,1733675700,1037,1087
2040,Codeforces Round 992 (Div. 2),siam5ell,5877,1733675700,1283,1264
2040,Codeforces Round 992 (Div. 2),2188535244qq,5877,1733675700,1171,1181
2040,Codeforces Round 992 (Div. 2),vanshagarwal,5877,1733675700,1274,1258
2040,Codeforces Round 992 (Div. 2),pradeepsingh30,5877,1733675700,959,1035
2040,Codeforces Round 992 (Div. 2),shane-gomes-7,5877,1733675700,400,727
2040,Codeforces Round 992 (Div. 2),manipulatedBit,5877,1733675700,1421,1369
2040,Codeforces Round 992 (Div. 2),LD-RW,5877,1733675700,1302,1279
2040,Codeforces Round 992 (Div. 2),CopperRoger,5914,1733675700,1257,1244
2040,Codeforces Round 992 (Div. 2),osource,5914,1733675700,1700,1587
2040,Codeforces Round 992 (Div. 2),nilkant_rk2,5914,1733675700,1358,1321
2040,Codeforces Round 992 (Div. 2),hamzaahmadkhan_24,5914,1733675700,791,928
2040,Codeforces Round 992 (Div. 2),cnawal07,5914,1733675700,1270,1254
2040,Codeforces Round 992 (Div. 2),elSaf,5914,1733675700,1305,1280
2040,Codeforces Round 992 (Div. 2),Lynia,5914,1733675700,1409,1360
2040,Codeforces Round 992 (Div. 2),ritwik_69,5914,1733675700,1264,1249
2040,Codeforces Round 992 (Div. 2),yash2007panchal,5914,1733675700,1019,1074
2040,Codeforces Round 992 (Div. 2),bastenahamad,5914,1733675700,1102,1132
2040,Codeforces Round 992 (Div. 2),lonely101325,5914,1733675700,1169,1179
2040,Codeforces Round 992 (Div. 2),rohitkeshri,5914,1733675700,809,940
2040,Codeforces Round 992 (Div. 2),kapillohani023,5914,1733675700,1138,1157
2040,Codeforces Round 992 (Div. 2),liwanling,5914,1733675700,886,987
2040,Codeforces Round 992 (Div. 2),JT_007,5914,1733675700,1093,1125
2040,Codeforces Round 992 (Div. 2),IvanKarinskii,5914,1733675700,346,686
2040,Codeforces Round 992 (Div. 2),jvhaooooo,5914,1733675700,678,922
2040,Codeforces Round 992 (Div. 2),EmotionlessTragic9yoGirl,5914,1733675700,1274,1257
2040,Codeforces Round 992 (Div. 2),Jaswanth_Prudhvi,5914,1733675700,1319,1291
2040,Codeforces Round 992 (Div. 2),QZW.math,5914,1733675700,1391,1346
2040,Codeforces Round 992 (Div. 2),linyisu,5914,1733675700,1085,1155
2040,Codeforces Round 992 (Div. 2),NSr_wang,5914,1733675700,1183,1190
2040,Codeforces Round 992 (Div. 2),Kingller,5914,1733675700,880,1037
2040,Codeforces Round 992 (Div. 2),HeKaBi,5914,1733675700,985,1051
2040,Codeforces Round 992 (Div. 2),AmILazy,5914,1733675700,1116,1141
2040,Codeforces Round 992 (Div. 2),SourabhYelluru,5914,1733675700,1451,1392
2040,Codeforces Round 992 (Div. 2),scc9811,5914,1733675700,1415,1365
2040,Codeforces Round 992 (Div. 2),Neckt00,5914,1733675700,1274,1257
2040,Codeforces Round 992 (Div. 2),chotonbarmon3.0,5914,1733675700,442,758
2040,Codeforces Round 992 (Div. 2),Satvik891,5914,1733675700,1011,1069
2040,Codeforces Round 992 (Div. 2),Preetham98,5914,1733675700,1388,1344
2040,Codeforces Round 992 (Div. 2),stealth003,5945,1733675700,878,1013
2040,Codeforces Round 992 (Div. 2),thengoipham,5945,1733675700,919,1065
2040,Codeforces Round 992 (Div. 2),bharath_23,5945,1733675700,1151,1166
2040,Codeforces Round 992 (Div. 2),Nasif_Iqbal,5945,1733675700,1145,1161
2040,Codeforces Round 992 (Div. 2),MeowPandit,5945,1733675700,1101,1130
2040,Codeforces Round 992 (Div. 2),Retudal,5945,1733675700,1188,1192
2040,Codeforces Round 992 (Div. 2),cooldudes69,5945,1733675700,1338,1305
2040,Codeforces Round 992 (Div. 2),Ether,5945,1733675700,1163,1174
2040,Codeforces Round 992 (Div. 2),flowerri,5945,1733675700,915,1004
2040,Codeforces Round 992 (Div. 2),Srajan21,5945,1733675700,1141,1158
2040,Codeforces Round 992 (Div. 2),RaHuL-IsLaM,5945,1733675700,1041,1088
2040,Codeforces Round 992 (Div. 2),dark_horse_029,5945,1733675700,1130,1151
2040,Codeforces Round 992 (Div. 2),shredder69,5945,1733675700,1171,1180
2040,Codeforces Round 992 (Div. 2),arpitsrivastava529,5945,1733675700,1103,1131
2040,Codeforces Round 992 (Div. 2),AbHiNAv_N_,5945,1733675700,1196,1198
2040,Codeforces Round 992 (Div. 2),Monkey._.D._.Luffy,5945,1733675700,1200,1201
2040,Codeforces Round 992 (Div. 2),__Who_Am_I,5945,1733675700,837,956
2040,Codeforces Round 992 (Div. 2),velazqua,5945,1733675700,1351,1315
2040,Codeforces Round 992 (Div. 2),ashish02.aks,5945,1733675700,1042,1089
2040,Codeforces Round 992 (Div. 2),YASH_VENOM,5945,1733675700,991,1055
2040,Codeforces Round 992 (Div. 2),Harsheys_07,5945,1733675700,1109,1136
2040,Codeforces Round 992 (Div. 2),applezk,5945,1733675700,1201,1202
2040,Codeforces Round 992 (Div. 2),fiwka,5945,1733675700,1171,1180
2040,Codeforces Round 992 (Div. 2),harshdev625,5945,1733675700,1357,1319
2040,Codeforces Round 992 (Div. 2),dinosaur_eats,5945,1733675700,1461,1399
2040,Codeforces Round 992 (Div. 2),_Darkrai_,5945,1733675700,1393,1346
2040,Codeforces Round 992 (Div. 2),KareemHesham_,5945,1733675700,1365,1325
2040,Codeforces Round 992 (Div. 2),_asunaa,5945,1733675700,1220,1216
2040,Codeforces Round 992 (Div. 2),priyanshu950,5945,1733675700,1079,1115
2040,Codeforces Round 992 (Div. 2),meligy122,5945,1733675700,1084,1118
2040,Codeforces Round 992 (Div. 2),Vector37,5945,1733675700,512,811
2040,Codeforces Round 992 (Div. 2),Kuonj1_C4t,5945,1733675700,944,1024
2040,Codeforces Round 992 (Div. 2),zhaoyang666,5945,1733675700,1105,1133
2040,Codeforces Round 992 (Div. 2),jisanAgain,5978,1733675700,1049,1093
2040,Codeforces Round 992 (Div. 2),LogNMaster,5978,1733675700,1359,1320
2040,Codeforces Round 992 (Div. 2),Termiinator,5978,1733675700,1214,1211
2040,Codeforces Round 992 (Div. 2),M_Elgamal,5978,1733675700,1193,1196
2040,Codeforces Round 992 (Div. 2),Aryanwastaken,5978,1733675700,1011,1102
2040,Codeforces Round 992 (Div. 2),dsp_geek51,5978,1733675700,1136,1154
2040,Codeforces Round 992 (Div. 2),DanilGoose,5978,1733675700,1302,1315
2040,Codeforces Round 992 (Div. 2),nasa07,5978,1733675700,1268,1251
2040,Codeforces Round 992 (Div. 2),inverno_yt,5978,1733675700,955,1030
2040,Codeforces Round 992 (Div. 2),kuljit,5978,1733675700,1064,1104
2040,Codeforces Round 992 (Div. 2),tt_daithang_stph,5978,1733675700,1110,1136
2040,Codeforces Round 992 (Div. 2),nish_ads,5978,1733675700,1266,1250
2040,Codeforces Round 992 (Div. 2),BLUmOOn,5978,1733675700,1361,1322
2040,Codeforces Round 992 (Div. 2),oojamchaudhary,5978,1733675700,1164,1211
2040,Codeforces Round 992 (Div. 2),Einsam,5978,1733675700,1344,1309
2040,Codeforces Round 992 (Div. 2),Jianyu13052015,5978,1733675700,751,977
2040,Codeforces Round 992 (Div. 2),Siddhant_555,5978,1733675700,1106,1133
2040,Codeforces Round 992 (Div. 2),Thorfin_ll,5978,1733675700,1103,1131
2040,Codeforces Round 992 (Div. 2),RobiulHasanJisan,5978,1733675700,1113,1198
2040,Codeforces Round 992 (Div. 2),iwillgo,5978,1733675700,963,1035
2040,Codeforces Round 992 (Div. 2),codexzx,5978,1733675700,1113,1138
2040,Codeforces Round 992 (Div. 2),kokozzz,5978,1733675700,930,1013
2040,Codeforces Round 992 (Div. 2),Damirem,5978,1733675700,1342,1307
2040,Codeforces Round 992 (Div. 2),TLEGrandMaster,5978,1733675700,1168,1177
2040,Codeforces Round 992 (Div. 2),Ragib100,5978,1733675700,1180,1186
2040,Codeforces Round 992 (Div. 2),shshnk.m,6003,1733675700,1052,1094
2040,Codeforces Round 992 (Div. 2),MohamedAboOkail,6003,1733675700,1340,1305
2040,Codeforces Round 992 (Div. 2),ParsaFarin,6003,1733675700,1637,1536
2040,Codeforces Round 992 (Div. 2),jais_arush43,6003,1733675700,838,1041
2040,Codeforces Round 992 (Div. 2),samyakjain677,6003,1733675700,1344,1308
2040,Codeforces Round 992 (Div. 2),Haoyuehx,6003,1733675700,1145,1159
2040,Codeforces Round 992 (Div. 2),Future_Polymath,6003,1733675700,994,1054
2040,Codeforces Round 992 (Div. 2),NapSaq,6003,1733675700,1657,1551
2040,Codeforces Round 992 (Div. 2),__ALBION__,6003,1733675700,1481,1413
2040,Codeforces Round 992 (Div. 2),yuchuan666,6003,1733675700,718,950
2040,Codeforces Round 992 (Div. 2),sep_15_23,6003,1733675700,1134,1152
2040,Codeforces Round 992 (Div. 2),Abhinav_singh09,6003,1733675700,1044,1088
2040,Codeforces Round 992 (Div. 2),Soikot22,6003,1733675700,1052,1094
2040,Codeforces Round 992 (Div. 2),charmander_24,6003,1733675700,441,755
2040,Codeforces Round 992 (Div. 2),pramodha5,6003,1733675700,1009,1065
2040,Codeforces Round 992 (Div. 2),aditya_11_singh,6003,1733675700,1298,1273
2040,Codeforces Round 992 (Div. 2),lscratchm,6003,1733675700,1109,1134
2040,Codeforces Round 992 (Div. 2),vanshgambhir,6003,1733675700,998,1057
2040,Codeforces Round 992 (Div. 2),leinoob,6003,1733675700,1196,1196
2040,Codeforces Round 992 (Div. 2),DSKroc,6003,1733675700,1008,1064
2040,Codeforces Round 992 (Div. 2),NiamulKarim,6003,1733675700,1090,1120
2040,Codeforces Round 992 (Div. 2),azapro179,6003,1733675700,1094,1123
2040,Codeforces Round 992 (Div. 2),naitik.ntn2001,6003,1733675700,1445,1385
2040,Codeforces Round 992 (Div. 2),Chet1398,6003,1733675700,1100,1127
2040,Codeforces Round 992 (Div. 2),BLUEJOKE,6003,1733675700,1266,1248
2040,Codeforces Round 992 (Div. 2),Dipun_1,6003,1733675700,933,1014
2040,Codeforces Round 992 (Div. 2),flightzz,6003,1733675700,1001,1059
2040,Codeforces Round 992 (Div. 2),Tanmay010,6003,1733675700,1088,1119
2040,Codeforces Round 992 (Div. 2),clifong2002,6003,1733675700,1090,1120
2040,Codeforces Round 992 (Div. 2),LazyLambda,6003,1733675700,1123,1144
2040,Codeforces Round 992 (Div. 2),Tumour,6003,1733675700,1270,1251
2040,Codeforces Round 992 (Div. 2),Omino_95,6003,1733675700,1117,1199
2040,Codeforces Round 992 (Div. 2),Jaya_Chaitanya,6003,1733675700,1181,1186
2040,Codeforces Round 992 (Div. 2),Tudor19,6003,1733675700,1305,1278
2040,Codeforces Round 992 (Div. 2),copycat69,6003,1733675700,995,1121
2040,Codeforces Round 992 (Div. 2),cym2023,6003,1733675700,1116,1138
2040,Codeforces Round 992 (Div. 2),sktodow,6003,1733675700,1207,1205
2040,Codeforces Round 992 (Div. 2),divyanshvasesi,6003,1733675700,1000,1058
2040,Codeforces Round 992 (Div. 2),IndianCoder123,6003,1733675700,1064,1102
2040,Codeforces Round 992 (Div. 2),kyataca,6003,1733675700,759,906
2040,Codeforces Round 992 (Div. 2),Jubayed5604,6003,1733675700,941,1019
2040,Codeforces Round 992 (Div. 2),SuperNenc,6003,1733675700,1240,1229
2040,Codeforces Round 992 (Div. 2),jipije,6003,1733675700,1116,1138
2040,Codeforces Round 992 (Div. 2),abvctha602,6003,1733675700,1495,1424
2040,Codeforces Round 992 (Div. 2),rishabh_638413,6003,1733675700,1228,1220
2040,Codeforces Round 992 (Div. 2),pr_tam,6003,1733675700,1121,1142
2040,Codeforces Round 992 (Div. 2),om_agg,6003,1733675700,1068,1140
2040,Codeforces Round 992 (Div. 2),Prakash_OP,6003,1733675700,1100,1127
2040,Codeforces Round 992 (Div. 2),akshnotfound,6003,1733675700,1153,1165
2040,Codeforces Round 992 (Div. 2),obitoUchiha,6003,1733675700,1481,1413
2040,Codeforces Round 992 (Div. 2),delight,6003,1733675700,1068,1105
2040,Codeforces Round 992 (Div. 2),yuanyulin,6003,1733675700,1106,1132
2040,Codeforces Round 992 (Div. 2),IResh,6003,1733675700,1294,1270
2040,Codeforces Round 992 (Div. 2),Aayush1003,6003,1733675700,793,972
2040,Codeforces Round 992 (Div. 2),xiehc,6003,1733675700,888,985
2040,Codeforces Round 992 (Div. 2),Resorcinol,6003,1733675700,1015,1069
2040,Codeforces Round 992 (Div. 2),nitish_j27,6003,1733675700,1271,1252
2040,Codeforces Round 992 (Div. 2),Arriveddd,6003,1733675700,1151,1164
2040,Codeforces Round 992 (Div. 2),Destroyer2_4_3,6003,1733675700,1182,1186
2040,Codeforces Round 992 (Div. 2),Hasnat0006,6003,1733675700,1326,1294
2040,Codeforces Round 992 (Div. 2),nullbrain79,6063,1733675700,1274,1254
2040,Codeforces Round 992 (Div. 2),ZeoDraxyl,6063,1733675700,1264,1246
2040,Codeforces Round 992 (Div. 2),param_hans,6063,1733675700,1041,1085
2040,Codeforces Round 992 (Div. 2),drizzydrake,6063,1733675700,1109,1168
2040,Codeforces Round 992 (Div. 2),Luca0506,6063,1733675700,883,1035
2040,Codeforces Round 992 (Div. 2),Harshzz,6063,1733675700,1333,1298
2040,Codeforces Round 992 (Div. 2),Near_The_Void,6063,1733675700,1501,1428
2040,Codeforces Round 992 (Div. 2),shitcoder,6063,1733675700,1265,1246
2040,Codeforces Round 992 (Div. 2),avinash_0504,6063,1733675700,1158,1168
2040,Codeforces Round 992 (Div. 2),wannabeagoodcoder,6063,1733675700,1375,1330
2040,Codeforces Round 992 (Div. 2),tonyhawkcxx,6063,1733675700,1225,1217
2040,Codeforces Round 992 (Div. 2),Vondarr,6063,1733675700,855,1015
2040,Codeforces Round 992 (Div. 2),Rajnesh34698,6063,1733675700,1094,1122
2040,Codeforces Round 992 (Div. 2),Hrithik,6063,1733675700,1112,1135
2040,Codeforces Round 992 (Div. 2),arpittt,6063,1733675700,1351,1312
2040,Codeforces Round 992 (Div. 2),professorik,6063,1733675700,1518,1441
2040,Codeforces Round 992 (Div. 2),aakarsh009,6063,1733675700,1233,1223
2040,Codeforces Round 992 (Div. 2),yuv_raj_08,6063,1733675700,1161,1169
2040,Codeforces Round 992 (Div. 2),anup__,6063,1733675700,874,975
2040,Codeforces Round 992 (Div. 2),harshit_chauhan,6063,1733675700,1442,1382
2040,Codeforces Round 992 (Div. 2),jets_psd,6063,1733675700,1409,1356
2040,Codeforces Round 992 (Div. 2),Tannyyyyy12,6063,1733675700,1365,1323
2040,Codeforces Round 992 (Div. 2),harsha_medicharla,6063,1733675700,1042,1086
2040,Codeforces Round 992 (Div. 2),ashwinisingh27,6063,1733675700,1120,1200
2040,Codeforces Round 992 (Div. 2),fy0d0r_20,6063,1733675700,1434,1376
2040,Codeforces Round 992 (Div. 2),EmmanuelRojas,6063,1733675700,1206,1203
2040,Codeforces Round 992 (Div. 2),KaSo06,6063,1733675700,1065,1102
2040,Codeforces Round 992 (Div. 2),AMBUJ_2003,6063,1733675700,1258,1241
2040,Codeforces Round 992 (Div. 2),Ayan_samanta,6063,1733675700,1205,1202
2040,Codeforces Round 992 (Div. 2),Ahmed-Sahlol,6063,1733675700,1230,1220
2040,Codeforces Round 992 (Div. 2),Ranjith_J,6063,1733675700,1201,1199
2040,Codeforces Round 992 (Div. 2),ZapLucky,6063,1733675700,461,770
2040,Codeforces Round 992 (Div. 2),ankitbansal17,6063,1733675700,1501,1428
2040,Codeforces Round 992 (Div. 2),NeelBasak,6063,1733675700,640,891
2040,Codeforces Round 992 (Div. 2),ModiNator,6063,1733675700,703,937
2040,Codeforces Round 992 (Div. 2),Kannayya,6063,1733675700,1479,1411
2040,Codeforces Round 992 (Div. 2),ry1772856,6063,1733675700,1566,1518
2040,Codeforces Round 992 (Div. 2),AaryeshBaleri,6063,1733675700,1071,1106
2040,Codeforces Round 992 (Div. 2),Chinni_Sai_Mohan,6063,1733675700,970,1037
2040,Codeforces Round 992 (Div. 2),udaysr17,6063,1733675700,1105,1130
2040,Codeforces Round 992 (Div. 2),kanish.narolia,6063,1733675700,703,937
2040,Codeforces Round 992 (Div. 2),Coding_Ninja01,6063,1733675700,1202,1200
2040,Codeforces Round 992 (Div. 2),_Chishiya,6063,1733675700,767,986
2040,Codeforces Round 992 (Div. 2),Saurabh_1729,6063,1733675700,1255,1239
2040,Codeforces Round 992 (Div. 2),Bosscoder,6063,1733675700,1205,1202
2040,Codeforces Round 992 (Div. 2),Laxman_padamati,6063,1733675700,945,1021
2040,Codeforces Round 992 (Div. 2),snapdragon123,6063,1733675700,1156,1166
2040,Codeforces Round 992 (Div. 2),EZDUBS,6063,1733675700,1628,1528
2040,Codeforces Round 992 (Div. 2),azureboy,6063,1733675700,1357,1317
2040,Codeforces Round 992 (Div. 2),Rishi_Kumar_Singh,6063,1733675700,1622,1523
2040,Codeforces Round 992 (Div. 2),a_Miraitowa,6063,1733675700,1064,1101
2040,Codeforces Round 992 (Div. 2),KalinaS,6063,1733675700,1131,1209
2040,Codeforces Round 992 (Div. 2),_FaTTMaN,6063,1733675700,1102,1128
2040,Codeforces Round 992 (Div. 2),huyleisme,6063,1733675700,1257,1240
2040,Codeforces Round 992 (Div. 2),Ali_Hussain,6063,1733675700,1189,1190
2040,Codeforces Round 992 (Div. 2),Siyam_Talukder,6063,1733675700,1232,1222
2040,Codeforces Round 992 (Div. 2),Srujan_B,6063,1733675700,1158,1168
2040,Codeforces Round 992 (Div. 2),BigLacis,6120,1733675700,1093,1120
2040,Codeforces Round 992 (Div. 2),Usami_Renko,6120,1733675700,1241,1228
2040,Codeforces Round 992 (Div. 2),rythmchawla621,6120,1733675700,908,996
2040,Codeforces Round 992 (Div. 2),xiaoxiaoye159357,6120,1733675700,1143,1156
2040,Codeforces Round 992 (Div. 2),Rarma,6120,1733675700,1192,1192
2040,Codeforces Round 992 (Div. 2),Markio,6120,1733675700,353,687
2040,Codeforces Round 992 (Div. 2),ebenkemisty,6120,1733675700,1211,1206
2040,Codeforces Round 992 (Div. 2),duongpham_2027,6120,1733675700,938,1048
2040,Codeforces Round 992 (Div. 2),Mezo_ZK,6120,1733675700,1334,1298
2040,Codeforces Round 992 (Div. 2),Pri13,6120,1733675700,1096,1158
2040,Codeforces Round 992 (Div. 2),srivastavaaryanalc76,6120,1733675700,1092,1120
2040,Codeforces Round 992 (Div. 2),Sourav.VK18,6120,1733675700,1150,1161
2040,Codeforces Round 992 (Div. 2),xienda,6120,1733675700,665,909
2040,Codeforces Round 992 (Div. 2),dv_not_found,6120,1733675700,824,992
2040,Codeforces Round 992 (Div. 2),atik2610,6120,1733675700,1144,1157
2040,Codeforces Round 992 (Div. 2),jimmy_2021,6120,1733675700,1580,1489
2040,Codeforces Round 992 (Div. 2),redcoderITM,6120,1733675700,1258,1241
2040,Codeforces Round 992 (Div. 2),moksh_mangal,6120,1733675700,1358,1317
2040,Codeforces Round 992 (Div. 2),praveen2912,6120,1733675700,1084,1114
2040,Codeforces Round 992 (Div. 2),Devotte_Of_Lord_Hanuman,6120,1733675700,440,753
2040,Codeforces Round 992 (Div. 2),BitMonk,6120,1733675700,1034,1114
2040,Codeforces Round 992 (Div. 2),kushanava_ghosh,6120,1733675700,1442,1381
2040,Codeforces Round 992 (Div. 2),Light.3108,6120,1733675700,1471,1404
2040,Codeforces Round 992 (Div. 2),suchitgupta,6120,1733675700,1222,1214
2040,Codeforces Round 992 (Div. 2),LLsynth,6120,1733675700,1272,1252
2040,Codeforces Round 992 (Div. 2),pyrocoder_03,6120,1733675700,1223,1215
2040,Codeforces Round 992 (Div. 2),Deepanshu_Pundir1709,6120,1733675700,1058,1096
2040,Codeforces Round 992 (Div. 2),Twits10,6120,1733675700,960,1030
2040,Codeforces Round 992 (Div. 2),kunj_bhesaniya,6120,1733675700,912,998
2040,Codeforces Round 992 (Div. 2),PunitSukhani,6149,1733675700,1271,1250
2040,Codeforces Round 992 (Div. 2),PurvaS15,6149,1733675700,1023,1071
2040,Codeforces Round 992 (Div. 2),_slytherin7,6149,1733675700,1170,1175
2040,Codeforces Round 992 (Div. 2),j_mayan7,6149,1733675700,0,455
2040,Codeforces Round 992 (Div. 2),hehe_123,6149,1733675700,1025,1141
2040,Codeforces Round 992 (Div. 2),lomdi,6149,1733675700,1055,1093
2040,Codeforces Round 992 (Div. 2),reyhannn,6149,1733675700,1079,1110
2040,Codeforces Round 992 (Div. 2),devansh2020raulo,6149,1733675700,1070,1104
2040,Codeforces Round 992 (Div. 2),shariful99,6149,1733675700,1033,1078
2040,Codeforces Round 992 (Div. 2),ahmed-07,6149,1733675700,1058,1095
2040,Codeforces Round 992 (Div. 2),HelloKitty-y,6149,1733675700,928,1008
2040,Codeforces Round 992 (Div. 2),Choto_Shafi,6149,1733675700,385,711
2040,Codeforces Round 992 (Div. 2),rajat_srvstv,6149,1733675700,1100,1125
2040,Codeforces Round 992 (Div. 2),DamonX,6149,1733675700,1204,1200
2040,Codeforces Round 992 (Div. 2),youcando,6149,1733675700,917,1001
2040,Codeforces Round 992 (Div. 2),Hossain0012,6149,1733675700,1124,1142
2040,Codeforces Round 992 (Div. 2),JCYoung,6149,1733675700,0,455
2040,Codeforces Round 992 (Div. 2),_EmonX_,6149,1733675700,1072,1106
2040,Codeforces Round 992 (Div. 2),HarshJaju,6149,1733675700,977,1040
2040,Codeforces Round 992 (Div. 2),OMAR_JR,6149,1733675700,1450,1388
2040,Codeforces Round 992 (Div. 2),AmakeArKhujoNa,6149,1733675700,1113,1170
2040,Codeforces Round 992 (Div. 2),Deadpool_11,6149,1733675700,920,1062
2040,Codeforces Round 992 (Div. 2),NikhilMahadik,6149,1733675700,1206,1202
2040,Codeforces Round 992 (Div. 2),mssaketsaii45,6149,1733675700,1285,1261
2040,Codeforces Round 992 (Div. 2),SleepDeprived_MSK,6173,1733675700,355,687
2040,Codeforces Round 992 (Div. 2),gn25,6173,1733675700,1036,1080
2040,Codeforces Round 992 (Div. 2),waring,6173,1733675700,1147,1158
2040,Codeforces Round 992 (Div. 2),_gal1le0_,6173,1733675700,894,1082
2040,Codeforces Round 992 (Div. 2),balaudaya3,6173,1733675700,1115,1135
2040,Codeforces Round 992 (Div. 2),Eqedos,6173,1733675700,703,936
2040,Codeforces Round 992 (Div. 2),Pernicious_Parth,6173,1733675700,1328,1293
2040,Codeforces Round 992 (Div. 2),animesh11,6173,1733675700,1213,1206
2040,Codeforces Round 992 (Div. 2),RAMODER,6173,1733675700,1251,1234
2040,Codeforces Round 992 (Div. 2),Shivraj13,6173,1733675700,1165,1171
2040,Codeforces Round 992 (Div. 2),dobrevp,6173,1733675700,1147,1158
2040,Codeforces Round 992 (Div. 2),Dilaylay,6173,1733675700,1450,1387
2040,Codeforces Round 992 (Div. 2),GENERATIONAL_TALENT,6173,1733675700,1044,1155
2040,Codeforces Round 992 (Div. 2),uropeltidae,6173,1733675700,1234,1222
2040,Codeforces Round 992 (Div. 2),22501a4258,6173,1733675700,362,693
2040,Codeforces Round 992 (Div. 2),-practicer-,6173,1733675700,1180,1244
2040,Codeforces Round 992 (Div. 2),bam,6173,1733675700,1439,1378
2040,Codeforces Round 992 (Div. 2),BabaSambar,6173,1733675700,989,1048
2040,Codeforces Round 992 (Div. 2),WeirdoWithSmolBrain,6173,1733675700,1060,1096
2040,Codeforces Round 992 (Div. 2),NandosIsOk,6173,1733675700,902,991
2040,Codeforces Round 992 (Div. 2),bludC,6173,1733675700,827,944
2040,Codeforces Round 992 (Div. 2),yemingzhou2,6173,1733675700,1299,1271
2040,Codeforces Round 992 (Div. 2),_Wolfpack_,6173,1733675700,1046,1086
2040,Codeforces Round 992 (Div. 2),lvl1kewk,6173,1733675700,999,1121
2040,Codeforces Round 992 (Div. 2),IC0CI,6173,1733675700,0,454
2040,Codeforces Round 992 (Div. 2),rookieforcoding,6173,1733675700,1112,1133
2040,Codeforces Round 992 (Div. 2),Ljyang,6173,1733675700,970,1035
2040,Codeforces Round 992 (Div. 2),gullu51,6173,1733675700,864,966
2040,Codeforces Round 992 (Div. 2),Subhankar744,6173,1733675700,1172,1176
2040,Codeforces Round 992 (Div. 2),Muhammad-Ahmad,6173,1733675700,1203,1199
2040,Codeforces Round 992 (Div. 2),korez,6173,1733675700,433,747
2040,Codeforces Round 992 (Div. 2),Meow777,6173,1733675700,0,454
2040,Codeforces Round 992 (Div. 2),atulcf24,6205,1733675700,1304,1274
2040,Codeforces Round 992 (Div. 2),Mehedy_Hasan_Alvee,6205,1733675700,1333,1296
2040,Codeforces Round 992 (Div. 2),code_jnv,6205,1733675700,901,989
2040,Codeforces Round 992 (Div. 2),SUDHANVA7,6205,1733675700,1164,1169
2040,Codeforces Round 992 (Div. 2),newaz234,6205,1733675700,1160,1167
2040,Codeforces Round 992 (Div. 2),abar_submit_de,6205,1733675700,1276,1253
2040,Codeforces Round 992 (Div. 2),wjz20241208,6205,1733675700,0,454
2040,Codeforces Round 992 (Div. 2),Abhiroop_11,6205,1733675700,1012,1062
2040,Codeforces Round 992 (Div. 2),nandan_sa,6205,1733675700,1043,1084
2040,Codeforces Round 992 (Div. 2),bit.stress,6205,1733675700,696,930
2040,Codeforces Round 992 (Div. 2),rajanraj,6205,1733675700,901,989
2040,Codeforces Round 992 (Div. 2),sanmor.,6205,1733675700,1255,1237
2040,Codeforces Round 992 (Div. 2),cpismayilmmdv985,6205,1733675700,1170,1174
2040,Codeforces Round 992 (Div. 2),Zoz,6205,1733675700,1535,1453
2040,Codeforces Round 992 (Div. 2),penguinsAreCool,6205,1733675700,1321,1287
2040,Codeforces Round 992 (Div. 2),krishna_08,6205,1733675700,1246,1230
2040,Codeforces Round 992 (Div. 2),anand2004,6205,1733675700,788,963
2040,Codeforces Round 992 (Div. 2),Alonso_zz,6205,1733675700,1101,1124
2040,Codeforces Round 992 (Div. 2),utsu_boy,6205,1733675700,1123,1140
2040,Codeforces Round 992 (Div. 2),qqc211,6205,1733675700,1221,1211
2040,Codeforces Round 992 (Div. 2),DPrashu,6205,1733675700,1016,1065
2040,Codeforces Round 992 (Div. 2),Zjh88035540,6205,1733675700,1049,1145
2040,Codeforces Round 992 (Div. 2),Lavender,6205,1733675700,985,1044
2040,Codeforces Round 992 (Div. 2),Daniyal,6205,1733675700,1127,1142
2040,Codeforces Round 992 (Div. 2),productsystem,6205,1733675700,1135,1148
2040,Codeforces Round 992 (Div. 2),BurgerGuy,6205,1733675700,1277,1254
2040,Codeforces Round 992 (Div. 2),_PD_,6205,1733675700,1308,1277
2040,Codeforces Round 992 (Div. 2),madhavxmiglani,6205,1733675700,1051,1089
2040,Codeforces Round 992 (Div. 2),123xc,6205,1733675700,1061,1096
2040,Codeforces Round 992 (Div. 2),VaibhavRajDwivedi,6205,1733675700,1019,1067
2040,Codeforces Round 992 (Div. 2),zhangchunbo,6205,1733675700,1008,1060
2040,Codeforces Round 992 (Div. 2),rishiupadhayay67,6205,1733675700,950,1021
2040,Codeforces Round 992 (Div. 2),Otherwordly,6205,1733675700,1292,1265
2040,Codeforces Round 992 (Div. 2),WorldBias,6205,1733675700,1843,1698
2040,Codeforces Round 992 (Div. 2),60605max,6239,1733675700,735,927
2040,Codeforces Round 992 (Div. 2),Sanyam_Kansal01,6239,1733675700,1073,1104
2040,Codeforces Round 992 (Div. 2),Alay231,6239,1733675700,1063,1097
2040,Codeforces Round 992 (Div. 2),feelme,6239,1733675700,1373,1326
2040,Codeforces Round 992 (Div. 2),mohammadamiri05,6239,1733675700,939,1074
2040,Codeforces Round 992 (Div. 2),filankes,6239,1733675700,782,995
2040,Codeforces Round 992 (Div. 2),valkyrie_l,6239,1733675700,1135,1148
2040,Codeforces Round 992 (Div. 2),HarshDSingh_2004,6239,1733675700,1104,1126
2040,Codeforces Round 992 (Div. 2),data-overflow,6239,1733675700,915,997
2040,Codeforces Round 992 (Div. 2),otabek_kholmirzaev,6239,1733675700,1279,1255
2040,Codeforces Round 992 (Div. 2),Ryei,6239,1733675700,1240,1225
2040,Codeforces Round 992 (Div. 2),spideyady,6239,1733675700,1242,1226
2040,Codeforces Round 992 (Div. 2),htyakhsaj,6239,1733675700,1633,1529
2040,Codeforces Round 992 (Div. 2),M.Phoenix,6239,1733675700,1398,1345
2040,Codeforces Round 992 (Div. 2),nilayeah,6239,1733675700,1004,1112
2040,Codeforces Round 992 (Div. 2),Avi_Pandey,6239,1733675700,1098,1121
2040,Codeforces Round 992 (Div. 2),AaryanSriram,6239,1733675700,1008,1059
2040,Codeforces Round 992 (Div. 2),abhinavkumar03,6239,1733675700,1394,1342
2040,Codeforces Round 992 (Div. 2),Ashish_,6239,1733675700,1425,1366
2040,Codeforces Round 992 (Div. 2),Jesse_Pinkman_bch,6239,1733675700,1064,1133
2040,Codeforces Round 992 (Div. 2),smitbhansali7,6239,1733675700,1239,1224
2040,Codeforces Round 992 (Div. 2),adityapatil00707,6239,1733675700,1070,1137
2040,Codeforces Round 992 (Div. 2),Boogeyman912,6239,1733675700,1218,1208
2040,Codeforces Round 992 (Div. 2),lordamara,6239,1733675700,1236,1222
2040,Codeforces Round 992 (Div. 2),ninja_987,6239,1733675700,1069,1101
2040,Codeforces Round 992 (Div. 2),shahebaj,6239,1733675700,833,946
2040,Codeforces Round 992 (Div. 2),3sideddice,6239,1733675700,0,453
2040,Codeforces Round 992 (Div. 2),moaaz35,6239,1733675700,958,1025
2040,Codeforces Round 992 (Div. 2),zirikato,6239,1733675700,1090,1116
2040,Codeforces Round 992 (Div. 2),PunIsher_11,6239,1733675700,1122,1138
2040,Codeforces Round 992 (Div. 2),qovoq,6239,1733675700,1436,1375
2040,Codeforces Round 992 (Div. 2),MikuMiku5e5,6270,1733675700,810,1016
2040,Codeforces Round 992 (Div. 2),arvindchoudhary054,6270,1733675700,1101,1123
2040,Codeforces Round 992 (Div. 2),Praneeth288,6270,1733675700,1074,1104
2040,Codeforces Round 992 (Div. 2),staticGeek,6270,1733675700,1061,1095
2040,Codeforces Round 992 (Div. 2),binary1213,6270,1733675700,1141,1152
2040,Codeforces Round 992 (Div. 2),_gajju,6270,1733675700,1251,1232
2040,Codeforces Round 992 (Div. 2),Eanid,6270,1733675700,766,982
2040,Codeforces Round 992 (Div. 2),Himanshu_Nainwal,6270,1733675700,1214,1205
2040,Codeforces Round 992 (Div. 2),rAGEx,6270,1733675700,1050,1087
2040,Codeforces Round 992 (Div. 2),Jahid_hasan_Mahmud,6270,1733675700,1186,1184
2040,Codeforces Round 992 (Div. 2),atishay_j27,6270,1733675700,1298,1268
2040,Codeforces Round 992 (Div. 2),Jay_vardhan_vashishtha,6270,1733675700,1146,1155
2040,Codeforces Round 992 (Div. 2),SanSahu,6270,1733675700,1143,1153
2040,Codeforces Round 992 (Div. 2),harshscool9532,6270,1733675700,1130,1144
2040,Codeforces Round 992 (Div. 2),Readky,6270,1733675700,1195,1191
2040,Codeforces Round 992 (Div. 2),Mohamed_Makram,6270,1733675700,1032,1075
2040,Codeforces Round 992 (Div. 2),naymur.iu,6270,1733675700,900,987
2040,Codeforces Round 992 (Div. 2),RanaBharath_2712,6270,1733675700,1202,1196
2040,Codeforces Round 992 (Div. 2),theoldregime,6270,1733675700,0,453
2040,Codeforces Round 992 (Div. 2),Kartikvats,6270,1733675700,1222,1211
2040,Codeforces Round 992 (Div. 2),_-_--_-_,6270,1733675700,1122,1213
2040,Codeforces Round 992 (Div. 2),Artem.cpp,6270,1733675700,1041,1138
2040,Codeforces Round 992 (Div. 2),cp_31,6270,1733675700,1249,1231
2040,Codeforces Round 992 (Div. 2),rohitmatrix2005,6270,1733675700,1361,1355
2040,Codeforces Round 992 (Div. 2),pawanrock5756,6270,1733675700,1208,1200
2040,Codeforces Round 992 (Div. 2),Sadat999,6270,1733675700,1308,1276
2040,Codeforces Round 992 (Div. 2),ComplexityMaestro,6270,1733675700,1115,1133
2040,Codeforces Round 992 (Div. 2),GenShin-impact-start,6270,1733675700,1035,1146
2040,Codeforces Round 992 (Div. 2),wjh123000,6270,1733675700,1226,1214
2040,Codeforces Round 992 (Div. 2),newRH,6270,1733675700,957,1087
2040,Codeforces Round 992 (Div. 2),singharpit2492,6270,1733675700,1304,1273
2040,Codeforces Round 992 (Div. 2),SarafatHossain_II,6301,1733675700,384,707
2040,Codeforces Round 992 (Div. 2),TejasavaSrivastava,6301,1733675700,399,718
2040,Codeforces Round 992 (Div. 2),Nanromi,6301,1733675700,931,1067
2040,Codeforces Round 992 (Div. 2),rudra_826,6301,1733675700,632,826
2040,Codeforces Round 992 (Div. 2),sayan_mandal,6301,1733675700,1067,1098
2040,Codeforces Round 992 (Div. 2),olzhas1,6301,1733675700,935,1009
2040,Codeforces Round 992 (Div. 2),sel68,6301,1733675700,1137,1148
2040,Codeforces Round 992 (Div. 2),ruby_0131,6301,1733675700,1245,1227
2040,Codeforces Round 992 (Div. 2),HungLPdz,6301,1733675700,1018,1064
2040,Codeforces Round 992 (Div. 2),subham_3009,6301,1733675700,758,975
2040,Codeforces Round 992 (Div. 2),BeQuiet,6301,1733675700,1007,1057
2040,Codeforces Round 992 (Div. 2),david0623,6301,1733675700,446,754
2040,Codeforces Round 992 (Div. 2),DSTycoon,6301,1733675700,1029,1072
2040,Codeforces Round 992 (Div. 2),jimaa_,6301,1733675700,1196,1191
2040,Codeforces Round 992 (Div. 2),harikumar3868,6301,1733675700,1299,1268
2040,Codeforces Round 992 (Div. 2),Chill-guy,6301,1733675700,1239,1223
2040,Codeforces Round 992 (Div. 2),wubian231,6301,1733675700,971,1032
2040,Codeforces Round 992 (Div. 2),yuban233,6301,1733675700,1318,1283
2040,Codeforces Round 992 (Div. 2),noobcoder1275,6301,1733675700,958,1088
2040,Codeforces Round 992 (Div. 2),gqc4722,6301,1733675700,1238,1222
2040,Codeforces Round 992 (Div. 2),v1shal,6301,1733675700,1416,1358
2040,Codeforces Round 992 (Div. 2),Shailendr_a,6301,1733675700,934,1008
2040,Codeforces Round 992 (Div. 2),_sanyam,6301,1733675700,1224,1212
2040,Codeforces Round 992 (Div. 2),Dessa,6301,1733675700,1362,1317
2040,Codeforces Round 992 (Div. 2),dalaicern_,6301,1733675700,1045,1083
2040,Codeforces Round 992 (Div. 2),successfulsanta,6301,1733675700,387,709
2040,Codeforces Round 992 (Div. 2),von2401,6301,1733675700,1267,1244
2040,Codeforces Round 992 (Div. 2),cse,6301,1733675700,1047,1084
2040,Codeforces Round 992 (Div. 2),apcodes97,6301,1733675700,686,921
2040,Codeforces Round 992 (Div. 2),quarterback,6301,1733675700,1182,1181
2040,Codeforces Round 992 (Div. 2),_Code_No.Name_,6301,1733675700,1125,1139
2040,Codeforces Round 992 (Div. 2),Shahd37,6301,1733675700,1134,1146
2040,Codeforces Round 992 (Div. 2),Danielo83,6301,1733675700,1340,1300
2040,Codeforces Round 992 (Div. 2),chenhr,6301,1733675700,1102,1123
2040,Codeforces Round 992 (Div. 2),Saurabh_Lucifer_pathak,6335,1733675700,928,1003
2040,Codeforces Round 992 (Div. 2),tryNextTime,6335,1733675700,995,1115
2040,Codeforces Round 992 (Div. 2),Lvl_Insane,6335,1733675700,1282,1255
2040,Codeforces Round 992 (Div. 2),apoorv_1112,6335,1733675700,1111,1129
2040,Codeforces Round 992 (Div. 2),divypareek09,6335,1733675700,1016,1062
2040,Codeforces Round 992 (Div. 2),SeerLite,6335,1733675700,794,919
2040,Codeforces Round 992 (Div. 2),Parikshit_Namdev,6335,1733675700,1090,1114
2040,Codeforces Round 992 (Div. 2),dhruvg06,6335,1733675700,1179,1178
2040,Codeforces Round 992 (Div. 2),artuu,6335,1733675700,949,1017
2040,Codeforces Round 992 (Div. 2),The_Sandeep_22,6335,1733675700,1540,1454
2040,Codeforces Round 992 (Div. 2),sreelekha_22,6335,1733675700,925,1001
2040,Codeforces Round 992 (Div. 2),pawansharma48,6335,1733675700,1207,1198
2040,Codeforces Round 992 (Div. 2),harish1108,6335,1733675700,1067,1097
2040,Codeforces Round 992 (Div. 2),dakdak143,6335,1733675700,1236,1220
2040,Codeforces Round 992 (Div. 2),neeluroy,6335,1733675700,1500,1462
2040,Codeforces Round 992 (Div. 2),KRISTY2006,6335,1733675700,1254,1234
2040,Codeforces Round 992 (Div. 2),Mosken,6335,1733675700,1081,1166
2040,Codeforces Round 992 (Div. 2),moankaee,6335,1733675700,915,995
2040,Codeforces Round 992 (Div. 2),hardik_shreyas,6335,1733675700,994,1047
2040,Codeforces Round 992 (Div. 2),git_refresh,6335,1733675700,1268,1282
2040,Codeforces Round 992 (Div. 2),RajatxSilver,6335,1733675700,1043,1081
2040,Codeforces Round 992 (Div. 2),Aakrishtsingh,6335,1733675700,1079,1106
2040,Codeforces Round 992 (Div. 2),jashwantra,6335,1733675700,1299,1268
2040,Codeforces Round 992 (Div. 2),Ank110,6335,1733675700,1207,1198
2040,Codeforces Round 992 (Div. 2),KAKAROT__01,6335,1733675700,1127,1140
2040,Codeforces Round 992 (Div. 2),_GH0ST,6335,1733675700,1210,1201
2040,Codeforces Round 992 (Div. 2),rrohitsy0h0,6335,1733675700,1153,1159
2040,Codeforces Round 992 (Div. 2),zatch123,6335,1733675700,1053,1088
2040,Codeforces Round 992 (Div. 2),Umesh_Krishna,6335,1733675700,1151,1157
2040,Codeforces Round 992 (Div. 2),__TAMIM,6335,1733675700,1161,1165
2040,Codeforces Round 992 (Div. 2),HarshR_,6365,1733675700,1179,1177
2040,Codeforces Round 992 (Div. 2),codrrr32,6365,1733675700,1264,1241
2040,Codeforces Round 992 (Div. 2),aryannegi1820,6365,1733675700,1244,1290
2040,Codeforces Round 992 (Div. 2),touhid19,6365,1733675700,1044,1081
2040,Codeforces Round 992 (Div. 2),the_chosen_one,6365,1733675700,1110,1127
2040,Codeforces Round 992 (Div. 2),Code_Climber,6365,1733675700,1061,1093
2040,Codeforces Round 992 (Div. 2),seetianjiangzhiwu,6365,1733675700,1080,1106
2040,Codeforces Round 992 (Div. 2),aleolmedo,6365,1733675700,933,1006
2040,Codeforces Round 992 (Div. 2),Parth_3406,6365,1733675700,1213,1203
2040,Codeforces Round 992 (Div. 2),shashanksinghyadav,6365,1733675700,508,801
2040,Codeforces Round 992 (Div. 2),deep_tricks,6365,1733675700,1275,1249
2040,Codeforces Round 992 (Div. 2),lucifer3.1415,6365,1733675700,951,1018
2040,Codeforces Round 992 (Div. 2),Parth1636,6365,1733675700,1191,1186
2040,Codeforces Round 992 (Div. 2),TrushChauhan,6365,1733675700,1369,1321
2040,Codeforces Round 992 (Div. 2),anish.wagle,6365,1733675700,934,1007
2040,Codeforces Round 992 (Div. 2),_prxkhr_,6365,1733675700,1087,1111
2040,Codeforces Round 992 (Div. 2),Cp_die,6365,1733675700,1336,1296
2040,Codeforces Round 992 (Div. 2),zetrocodes,6365,1733675700,1101,1121
2040,Codeforces Round 992 (Div. 2),kphoenix,6365,1733675700,1294,1264
2040,Codeforces Round 992 (Div. 2),ssborse,6365,1733675700,1097,1118
2040,Codeforces Round 992 (Div. 2),horiboss,6365,1733675700,1111,1128
2040,Codeforces Round 992 (Div. 2),koushik_rebba,6365,1733675700,1198,1191
2040,Codeforces Round 992 (Div. 2),be3gapb,6365,1733675700,1231,1216
2040,Codeforces Round 992 (Div. 2),watermelonsha,6365,1733675700,917,995
2040,Codeforces Round 992 (Div. 2),sathvik1729,6365,1733675700,990,1099
2040,Codeforces Round 992 (Div. 2),mig,6365,1733675700,1453,1386
2040,Codeforces Round 992 (Div. 2),risverhambha,6365,1733675700,1107,1125
2040,Codeforces Round 992 (Div. 2),Rohan_Mahakur,6365,1733675700,1247,1228
2040,Codeforces Round 992 (Div. 2),Dalle,6393,1733675700,1230,1214
2040,Codeforces Round 992 (Div. 2),.Judy.Hopps.,6393,1733675700,1426,1364
2040,Codeforces Round 992 (Div. 2),AnuCool01,6393,1733675700,939,1009
2040,Codeforces Round 992 (Div. 2),TimurTimuryich,6393,1733675700,1029,1070
2040,Codeforces Round 992 (Div. 2),andrija15051505,6393,1733675700,1217,1204
2040,Codeforces Round 992 (Div. 2),_shanks_7,6393,1733675700,878,1026
2040,Codeforces Round 992 (Div. 2),Ayxan007,6393,1733675700,1364,1316
2040,Codeforces Round 992 (Div. 2),zanifa_zini,6393,1733675700,959,1022
2040,Codeforces Round 992 (Div. 2),ThanhABC,6393,1733675700,1402,1346
2040,Codeforces Round 992 (Div. 2),Game.Changer,6393,1733675700,1140,1148
2040,Codeforces Round 992 (Div. 2),_Lan_,6393,1733675700,999,1049
2040,Codeforces Round 992 (Div. 2),aryan16205,6393,1733675700,1202,1193
2040,Codeforces Round 992 (Div. 2),unerring_coder,6393,1733675700,1172,1171
2040,Codeforces Round 992 (Div. 2),sr2706,6393,1733675700,1555,1465
2040,Codeforces Round 992 (Div. 2),anushka,6393,1733675700,909,989
2040,Codeforces Round 992 (Div. 2),_bverma512,6393,1733675700,1525,1442
2040,Codeforces Round 992 (Div. 2),rahmaheni,6393,1733675700,900,984
2040,Codeforces Round 992 (Div. 2),ishitjain0690,6393,1733675700,1202,1193
2040,Codeforces Round 992 (Div. 2),emptyUser,6393,1733675700,1262,1239
2040,Codeforces Round 992 (Div. 2),metarudra28,6393,1733675700,965,1026
2040,Codeforces Round 992 (Div. 2),himanshu_iiit,6393,1733675700,815,976
2040,Codeforces Round 992 (Div. 2),Rajbagri10,6393,1733675700,1086,1109
2040,Codeforces Round 992 (Div. 2),houyupeng,6393,1733675700,1186,1182
2040,Codeforces Round 992 (Div. 2),Ahamed_Mosa,6393,1733675700,1164,1165
2040,Codeforces Round 992 (Div. 2),zhuifengqu,6393,1733675700,1080,1164
2040,Codeforces Round 992 (Div. 2),yashptl630,6393,1733675700,1333,1293
2040,Codeforces Round 992 (Div. 2),Maybe0_0,6393,1733675700,1096,1152
2040,Codeforces Round 992 (Div. 2),cloudsworld,6393,1733675700,1104,1158
2040,Codeforces Round 992 (Div. 2),chirag786,6393,1733675700,1125,1137
2040,Codeforces Round 992 (Div. 2),Faker196,6393,1733675700,392,711
2040,Codeforces Round 992 (Div. 2),walkingsky1,6393,1733675700,1020,1063
2040,Codeforces Round 992 (Div. 2),yuvi3030,6393,1733675700,1274,1247
2040,Codeforces Round 992 (Div. 2),krahulkr11,6393,1733675700,1016,1061
2040,Codeforces Round 992 (Div. 2),Tanzim639,6393,1733675700,1449,1382
2040,Codeforces Round 992 (Div. 2),namokaul,6393,1733675700,1315,1279
2040,Codeforces Round 992 (Div. 2),testingbot123,6393,1733675700,1174,1173
2040,Codeforces Round 992 (Div. 2),vishu1204,6393,1733675700,1161,1163
2040,Codeforces Round 992 (Div. 2),Utsav82,6430,1733675700,1662,1550
2040,Codeforces Round 992 (Div. 2),Shariatism-_-,6430,1733675700,1022,1064
2040,Codeforces Round 992 (Div. 2),shade-space,6430,1733675700,1373,1323
2040,Codeforces Round 992 (Div. 2),demon_12,6430,1733675700,916,1045
2040,Codeforces Round 992 (Div. 2),Nikhilj22,6430,1733675700,0,450
2040,Codeforces Round 992 (Div. 2),Aniket54,6430,1733675700,1386,1333
2040,Codeforces Round 992 (Div. 2),22211a05f8,6430,1733675700,824,982
2040,Codeforces Round 992 (Div. 2),coder_imran00,6430,1733675700,1024,1065
2040,Codeforces Round 992 (Div. 2),Fengmi_123,6430,1733675700,1126,1137
2040,Codeforces Round 992 (Div. 2),ar_ag,6430,1733675700,1241,1222
2040,Codeforces Round 992 (Div. 2),yolo.lyc,6430,1733675700,1639,1531
2040,Codeforces Round 992 (Div. 2),Adilet.,6430,1733675700,1122,1134
2040,Codeforces Round 992 (Div. 2),boluowang,6430,1733675700,1168,1168
2040,Codeforces Round 992 (Div. 2),eduinlight,6430,1733675700,739,959
2040,Codeforces Round 992 (Div. 2),Muskann_22,6430,1733675700,1184,1180
2040,Codeforces Round 992 (Div. 2),JoyBoyIsHere,6430,1733675700,1128,1138
2040,Codeforces Round 992 (Div. 2),Mirror_Of_Ahsanul_Imam,6430,1733675700,1038,1075
2040,Codeforces Round 992 (Div. 2),garv_123,6430,1733675700,1354,1308
2040,Codeforces Round 992 (Div. 2),XMAN12321,6430,1733675700,1253,1296
2040,Codeforces Round 992 (Div. 2),DinAce,6430,1733675700,1145,1151
2040,Codeforces Round 992 (Div. 2),Bits_bytes_01,6430,1733675700,969,1028
2040,Codeforces Round 992 (Div. 2),Sumeet_maurya,6430,1733675700,721,873
2040,Codeforces Round 992 (Div. 2),Mauryavardhan_Singh,6430,1733675700,1275,1248
2040,Codeforces Round 992 (Div. 2),Puppeter,6430,1733675700,1113,1128
2040,Codeforces Round 992 (Div. 2),chunga,6430,1733675700,967,1027
2040,Codeforces Round 992 (Div. 2),Calypsoo,6430,1733675700,1148,1153
2040,Codeforces Round 992 (Div. 2),TAMIM_CSE_53,6430,1733675700,1203,1194
2040,Codeforces Round 992 (Div. 2),chef_gladiator,6457,1733675700,1371,1321
2040,Codeforces Round 992 (Div. 2),aastik243,6457,1733675700,1121,1133
2040,Codeforces Round 992 (Div. 2),Alraaafi,6457,1733675700,1151,1155
2040,Codeforces Round 992 (Div. 2),N0va_N3bula,6457,1733675700,1137,1145
2040,Codeforces Round 992 (Div. 2),legendav007,6457,1733675700,1126,1137
2040,Codeforces Round 992 (Div. 2),emoboy_,6457,1733675700,1750,1619
2040,Codeforces Round 992 (Div. 2),vaishnavi.pandey.ece22,6457,1733675700,1092,1112
2040,Codeforces Round 992 (Div. 2),Muhammed-Sh-019-28,6457,1733675700,1274,1247
2040,Codeforces Round 992 (Div. 2),SkyFail,6457,1733675700,1313,1277
2040,Codeforces Round 992 (Div. 2),CipherWizard,6457,1733675700,1208,1197
2040,Codeforces Round 992 (Div. 2),goldenboy1,6457,1733675700,1025,1100
2040,Codeforces Round 992 (Div. 2),NotMyFault,6457,1733675700,1703,1582
2040,Codeforces Round 992 (Div. 2),LOLMES,6457,1733675700,863,959
2040,Codeforces Round 992 (Div. 2),t122329,6457,1733675700,1135,1143
2040,Codeforces Round 992 (Div. 2),Neo00,6457,1733675700,1248,1227
2040,Codeforces Round 992 (Div. 2),ilove_cp3000,6457,1733675700,1051,1083
2040,Codeforces Round 992 (Div. 2),Kerna,6457,1733675700,396,713
2040,Codeforces Round 992 (Div. 2),Maddy_Great,6457,1733675700,0,449
2040,Codeforces Round 992 (Div. 2),Mymuna__,6457,1733675700,984,1037
2040,Codeforces Round 992 (Div. 2),wiza_rd,6457,1733675700,1126,1137
2040,Codeforces Round 992 (Div. 2),TaufiQ,6457,1733675700,1067,1095
2040,Codeforces Round 992 (Div. 2),rudra_chase,6457,1733675700,1154,1157
2040,Codeforces Round 992 (Div. 2),Erbolat-R-019-28,6457,1733675700,1330,1290
2040,Codeforces Round 992 (Div. 2),peasantbird,6457,1733675700,1234,1216
2040,Codeforces Round 992 (Div. 2),GhassanHasan,6457,1733675700,823,1022
2040,Codeforces Round 992 (Div. 2),mojtaba1386,6457,1733675700,0,449
2040,Codeforces Round 992 (Div. 2),priyanshu2384chaudhary,6457,1733675700,1261,1237
2040,Codeforces Round 992 (Div. 2),FBI_,6457,1733675700,965,1025
2040,Codeforces Round 992 (Div. 2),elnazeskandariasl,6457,1733675700,1006,1052
2040,Codeforces Round 992 (Div. 2),SHUBH_PRIYANK,6457,1733675700,976,1032
2040,Codeforces Round 992 (Div. 2),wekey,6457,1733675700,664,901
2040,Codeforces Round 992 (Div. 2),pandharkardeep,6457,1733675700,1203,1193
2040,Codeforces Round 992 (Div. 2),anim901,6489,1733675700,1013,1057
2040,Codeforces Round 992 (Div. 2),Eyes_on_me,6489,1733675700,1336,1293
2040,Codeforces Round 992 (Div. 2),028_Chandan,6489,1733675700,1063,1091
2040,Codeforces Round 992 (Div. 2),shubhxtech,6489,1733675700,1071,1097
2040,Codeforces Round 992 (Div. 2),_Abhinavv_,6489,1733675700,1114,1127
2040,Codeforces Round 992 (Div. 2),gullu42,6489,1733675700,1003,1050
2040,Codeforces Round 992 (Div. 2),dima_gorobets,6489,1733675700,893,977
2040,Codeforces Round 992 (Div. 2),Darsh07,6489,1733675700,821,932
2040,Codeforces Round 992 (Div. 2),Dhairya_Shah,6489,1733675700,1288,1257
2040,Codeforces Round 992 (Div. 2),Hiro-Hamada,6489,1733675700,1047,1080
2040,Codeforces Round 992 (Div. 2),ANOnymou5,6489,1733675700,898,1031
2040,Codeforces Round 992 (Div. 2),Ebnesamit,6489,1733675700,867,960
2040,Codeforces Round 992 (Div. 2),ferrocene,6489,1733675700,920,994
2040,Codeforces Round 992 (Div. 2),chwiz,6489,1733675700,1001,1048
2040,Codeforces Round 992 (Div. 2),Invincible108,6489,1733675700,1088,1109
2040,Codeforces Round 992 (Div. 2),utkarshtyagi_438,6489,1733675700,1088,1109
2040,Codeforces Round 992 (Div. 2),Kimaru,6489,1733675700,500,793
2040,Codeforces Round 992 (Div. 2),staque,6489,1733675700,1034,1071
2040,Codeforces Round 992 (Div. 2),Shreyansh_70,6489,1733675700,742,959
2040,Codeforces Round 992 (Div. 2),imritik21,6489,1733675700,988,1040
2040,Codeforces Round 992 (Div. 2),GTGCodes,6489,1733675700,1395,1339
2040,Codeforces Round 992 (Div. 2),ShayahmetovAskar,6489,1733675700,1378,1326
2040,Codeforces Round 992 (Div. 2),smittcodes,6489,1733675700,1228,1211
2040,Codeforces Round 992 (Div. 2),vegret,6489,1733675700,1131,1140
2040,Codeforces Round 992 (Div. 2),huyngodzzz,6489,1733675700,1085,1166
2040,Codeforces Round 992 (Div. 2),Maverick_Vishal,6489,1733675700,1012,1056
2040,Codeforces Round 992 (Div. 2),kaylent13,6489,1733675700,1000,1116
2040,Codeforces Round 992 (Div. 2),HassanAdel0,6489,1733675700,1353,1306
2040,Codeforces Round 992 (Div. 2),F_Hasan,6517,1733675700,1038,1073
2040,Codeforces Round 992 (Div. 2),kalpitgnagar,6517,1733675700,1293,1260
2040,Codeforces Round 992 (Div. 2),Nasr74,6517,1733675700,1232,1214
2040,Codeforces Round 992 (Div. 2),1_I_I,6517,1733675700,1257,1233
2040,Codeforces Round 992 (Div. 2),hungcf,6517,1733675700,1186,1217
2040,Codeforces Round 992 (Div. 2),Kalagh,6517,1733675700,1017,1059
2040,Codeforces Round 992 (Div. 2),nbu236004120,6517,1733675700,787,994
2040,Codeforces Round 992 (Div. 2),subconsciousmind1,6517,1733675700,1080,1103
2040,Codeforces Round 992 (Div. 2),HajdeIk,6517,1733675700,1142,1147
2040,Codeforces Round 992 (Div. 2),Toukennn,6517,1733675700,756,936
2040,Codeforces Round 992 (Div. 2),callmeback0,6517,1733675700,1174,1250
2040,Codeforces Round 992 (Div. 2),Bekss,6517,1733675700,1275,1246
2040,Codeforces Round 992 (Div. 2),htkhanh05,6517,1733675700,1096,1114
2040,Codeforces Round 992 (Div. 2),BruteForceBevarsi,6517,1733675700,1184,1178
2040,Codeforces Round 992 (Div. 2),adityasaah,6517,1733675700,938,1006
2040,Codeforces Round 992 (Div. 2),shecodestoo,6517,1733675700,1006,1107
2040,Codeforces Round 992 (Div. 2),ganhatchuyenhagiang,6517,1733675700,1281,1289
2040,Codeforces Round 992 (Div. 2),ngakanbagus18,6517,1733675700,1019,1130
2040,Codeforces Round 992 (Div. 2),Valentina_19,6517,1733675700,0,449
2040,Codeforces Round 992 (Div. 2),sumitjha65,6517,1733675700,1106,1157
2040,Codeforces Round 992 (Div. 2),gauravsharma.200410,6517,1733675700,1061,1089
2040,Codeforces Round 992 (Div. 2),voyager_G,6517,1733675700,1115,1128
2040,Codeforces Round 992 (Div. 2),chinu0512,6517,1733675700,876,1022
2040,Codeforces Round 992 (Div. 2),ali1386dehghani,6540,1733675700,1105,1119
2040,Codeforces Round 992 (Div. 2),_halfBloodPrince_,6540,1733675700,1156,1193
2040,Codeforces Round 992 (Div. 2),bubuwu,6540,1733675700,1723,1597
2040,Codeforces Round 992 (Div. 2),Tobzhan,6540,1733675700,1480,1404
2040,Codeforces Round 992 (Div. 2),Fly_stupid_pig,6540,1733675700,1585,1487
2040,Codeforces Round 992 (Div. 2),Frictional,6540,1733675700,351,678
2040,Codeforces Round 992 (Div. 2),Ram_34,6540,1733675700,1279,1249
2040,Codeforces Round 992 (Div. 2),Suzit_Datta,6540,1733675700,1063,1090
2040,Codeforces Round 992 (Div. 2),luv_Emilia,6540,1733675700,1142,1146
2040,Codeforces Round 992 (Div. 2),RUN-FUN,6540,1733675700,1295,1261
2040,Codeforces Round 992 (Div. 2),deepsalunkhee,6540,1733675700,932,1001
2040,Codeforces Round 992 (Div. 2),a_foolish_OIer,6540,1733675700,1234,1253
2040,Codeforces Round 992 (Div. 2),xiongdx,6540,1733675700,1078,1101
2040,Codeforces Round 992 (Div. 2),evssubramanyam,6540,1733675700,1209,1196
2040,Codeforces Round 992 (Div. 2),plain_wave,6540,1733675700,722,944
2040,Codeforces Round 992 (Div. 2),aashcharyagorakh,6540,1733675700,1026,1064
2040,Codeforces Round 992 (Div. 2),is_Starrism,6540,1733675700,1417,1355
2040,Codeforces Round 992 (Div. 2),bgnr,6540,1733675700,927,997
2040,Codeforces Round 992 (Div. 2),ornaldo7,6540,1733675700,1085,1105
2040,Codeforces Round 992 (Div. 2),checking_out,6540,1733675700,1374,1322
2040,Codeforces Round 992 (Div. 2),Pop_951,6540,1733675700,1077,1100
2040,Codeforces Round 992 (Div. 2),Cloudstill,6540,1733675700,1115,1127
2040,Codeforces Round 992 (Div. 2),_abhishek_55_,6540,1733675700,1449,1380
2040,Codeforces Round 992 (Div. 2),NoAbility,6540,1733675700,998,1114
2040,Codeforces Round 992 (Div. 2),nanugupta275,6540,1733675700,650,889
2040,Codeforces Round 992 (Div. 2),tyler101,6540,1733675700,974,1063
2040,Codeforces Round 992 (Div. 2),jai021,6540,1733675700,965,1023
2040,Codeforces Round 992 (Div. 2),gentlecoder29,6540,1733675700,1030,1067
2040,Codeforces Round 992 (Div. 2),JuanDiegoGallego,6540,1733675700,805,1007
2040,Codeforces Round 992 (Div. 2),mkkkkkkkk,6540,1733675700,1681,1563
2040,Codeforces Round 992 (Div. 2),yoshithabellam5,6540,1733675700,994,1042
2040,Codeforces Round 992 (Div. 2),manish36,6540,1733675700,986,1037
2040,Codeforces Round 992 (Div. 2),mayankmanchanda2005,6540,1733675700,1237,1217
2040,Codeforces Round 992 (Div. 2),SearchMeLater,6540,1733675700,1284,1253
2040,Codeforces Round 992 (Div. 2),Stillstudy,6574,1733675700,1244,1222
2040,Codeforces Round 992 (Div. 2),Tirtha_Manan_Das,6574,1733675700,1270,1241
2040,Codeforces Round 992 (Div. 2),carlosainz1,6574,1733675700,1218,1202
2040,Codeforces Round 992 (Div. 2),laptopdesk,6574,1733675700,1228,1209
2040,Codeforces Round 992 (Div. 2),c-e-GJ2,6574,1733675700,840,994
2040,Codeforces Round 992 (Div. 2),ashikstenny,6574,1733675700,954,1015
2040,Codeforces Round 992 (Div. 2),52525,6574,1733675700,1579,1482
2040,Codeforces Round 992 (Div. 2),haohuihui,6574,1733675700,984,1034
2040,Codeforces Round 992 (Div. 2),atharva_n29,6574,1733675700,1122,1131
2040,Codeforces Round 992 (Div. 2),nitesh_49p,6574,1733675700,1175,1170
2040,Codeforces Round 992 (Div. 2),Xw1.0,6574,1733675700,1119,1129
2040,Codeforces Round 992 (Div. 2),peymar,6574,1733675700,1205,1192
2040,Codeforces Round 992 (Div. 2),tmz09,6574,1733675700,773,900
2040,Codeforces Round 992 (Div. 2),codrac,6574,1733675700,1358,1347
2040,Codeforces Round 992 (Div. 2),fankswy,6574,1733675700,865,957
2040,Codeforces Round 992 (Div. 2),valen.volatile,6574,1733675700,1012,1089
2040,Codeforces Round 992 (Div. 2),SATY-_-,6574,1733675700,949,1011
2040,Codeforces Round 992 (Div. 2),Tahim,6574,1733675700,1281,1250
2040,Codeforces Round 992 (Div. 2),huycoal2025,6574,1733675700,1002,1082
2040,Codeforces Round 992 (Div. 2),zameerkhan,6574,1733675700,1041,1074
2040,Codeforces Round 992 (Div. 2),FARHADUL_ISLAM,6574,1733675700,1041,1074
2040,Codeforces Round 992 (Div. 2),dazaij,6574,1733675700,1092,1146
2040,Codeforces Round 992 (Div. 2),lost_user,6574,1733675700,0,448
2040,Codeforces Round 992 (Div. 2),Kishansingh47,6574,1733675700,1361,1311
2040,Codeforces Round 992 (Div. 2),_WizzzNamPat_,6574,1733675700,1074,1156
2040,Codeforces Round 992 (Div. 2),kartikepic99,6574,1733675700,1303,1267
2040,Codeforces Round 992 (Div. 2),seeeeoh,6574,1733675700,887,1029
2040,Codeforces Round 992 (Div. 2),sepsepakal,6574,1733675700,760,937
2040,Codeforces Round 992 (Div. 2),budangfeiwu,6574,1733675700,1263,1236
2040,Codeforces Round 992 (Div. 2),ZenithHacker,6574,1733675700,924,1047
2040,Codeforces Round 992 (Div. 2),BakTR,6604,1733675700,1064,1089
2040,Codeforces Round 992 (Div. 2),vibhav175,6604,1733675700,1063,1088
2040,Codeforces Round 992 (Div. 2),R-yya,6604,1733675700,1244,1221
2040,Codeforces Round 992 (Div. 2),Firaol_Bulo,6604,1733675700,1223,1205
2040,Codeforces Round 992 (Div. 2),kickgrey,6604,1733675700,1049,1079
2040,Codeforces Round 992 (Div. 2),prajwalk97,6604,1733675700,892,973
2040,Codeforces Round 992 (Div. 2),ahsanhabibsadik123,6604,1733675700,1091,1108
2040,Codeforces Round 992 (Div. 2),The_One_Who,6604,1733675700,1241,1219
2040,Codeforces Round 992 (Div. 2),olid_,6604,1733675700,1177,1171
2040,Codeforces Round 992 (Div. 2),yashgarg887,6604,1733675700,713,935
2040,Codeforces Round 992 (Div. 2),Chess_Addict,6604,1733675700,1248,1224
2040,Codeforces Round 992 (Div. 2),satyam_1909,6604,1733675700,1269,1240
2040,Codeforces Round 992 (Div. 2),MH_Nazmul,6604,1733675700,1291,1257
2040,Codeforces Round 992 (Div. 2),padmanabh10,6604,1733675700,1053,1081
2040,Codeforces Round 992 (Div. 2),codevode,6604,1733675700,1228,1274
2040,Codeforces Round 992 (Div. 2),_respect.,6604,1733675700,1096,1112
2040,Codeforces Round 992 (Div. 2),Rishi_677,6604,1733675700,1102,1116
2040,Codeforces Round 992 (Div. 2),DeathLurker,6604,1733675700,1372,1319
2040,Codeforces Round 992 (Div. 2),hemang,6604,1733675700,1222,1204
2040,Codeforces Round 992 (Div. 2),AsishKumar,6604,1733675700,1318,1277
2040,Codeforces Round 992 (Div. 2),013_Aman,6604,1733675700,1384,1328
2040,Codeforces Round 992 (Div. 2),arpit45_8,6604,1733675700,626,870
2040,Codeforces Round 992 (Div. 2),Tushar_Khandelwal,6604,1733675700,1138,1220
2040,Codeforces Round 992 (Div. 2),serdenk,6604,1733675700,714,936
2040,Codeforces Round 992 (Div. 2),kingbass,6604,1733675700,1625,1518
2040,Codeforces Round 992 (Div. 2),snakey_13,6604,1733675700,929,1030
2040,Codeforces Round 992 (Div. 2),AJAY,6604,1733675700,1060,1086
2040,Codeforces Round 992 (Div. 2),Rishitata,6604,1733675700,973,1026
2040,Codeforces Round 992 (Div. 2),curlyhair1710,6604,1733675700,1022,1060
2040,Codeforces Round 992 (Div. 2),shannu123456,6604,1733675700,891,972
2040,Codeforces Round 992 (Div. 2),sanvik_6789,6604,1733675700,1308,1270
2040,Codeforces Round 992 (Div. 2),Nohatr,6604,1733675700,1347,1300
2040,Codeforces Round 992 (Div. 2),samriddhiguptaiitk,6604,1733675700,1163,1160
2040,Codeforces Round 992 (Div. 2),nomyzs.kemada,6604,1733675700,1082,1162
2040,Codeforces Round 992 (Div. 2),sk_143,6604,1733675700,1507,1424
2040,Codeforces Round 992 (Div. 2),ramendra.11n.,6604,1733675700,940,1058
2040,Codeforces Round 992 (Div. 2),devansh_arora,6640,1733675700,424,731
2040,Codeforces Round 992 (Div. 2),Raiden_Ei,6640,1733675700,1231,1211
2040,Codeforces Round 992 (Div. 2),sharanyabaidya2020,6640,1733675700,1123,1131
2040,Codeforces Round 992 (Div. 2),RAGNAR_007,6640,1733675700,1060,1086
2040,Codeforces Round 992 (Div. 2),suzumeyosano,6640,1733675700,1248,1224
2040,Codeforces Round 992 (Div. 2),The_Obsessed_Coder,6640,1733675700,1078,1099
2040,Codeforces Round 992 (Div. 2),Just_chill_,6640,1733675700,1479,1402
2040,Codeforces Round 992 (Div. 2),devkothiya,6640,1733675700,1286,1252
2040,Codeforces Round 992 (Div. 2),whilst_somebody,6640,1733675700,1019,1057
2040,Codeforces Round 992 (Div. 2),Pursuit_Of_AIR_1,6640,1733675700,1247,1223
2040,Codeforces Round 992 (Div. 2),sakshammishra112,6640,1733675700,913,986
2040,Codeforces Round 992 (Div. 2),bhartigarg,6640,1733675700,1241,1256
2040,Codeforces Round 992 (Div. 2),harshitupreti18,6640,1733675700,1178,1171
2040,Codeforces Round 992 (Div. 2),andrewc173,6640,1733675700,0,446
2040,Codeforces Round 992 (Div. 2),Adminh,6640,1733675700,807,1007
2040,Codeforces Round 992 (Div. 2),expo_S,6640,1733675700,1063,1088
2040,Codeforces Round 992 (Div. 2),varun_l_m,6640,1733675700,0,446
2040,Codeforces Round 992 (Div. 2),muntasir_3301,6640,1733675700,992,1038
2040,Codeforces Round 992 (Div. 2),Hardy_10,6640,1733675700,1358,1375
2040,Codeforces Round 992 (Div. 2),atharva24_,6640,1733675700,1066,1090
2040,Codeforces Round 992 (Div. 2),siddhesh__56,6640,1733675700,1308,1270
2040,Codeforces Round 992 (Div. 2),duss_duss,6640,1733675700,1105,1118
2040,Codeforces Round 992 (Div. 2),raneatharva,6640,1733675700,1136,1140
2040,Codeforces Round 992 (Div. 2),Alpha_114,6640,1733675700,791,995
2040,Codeforces Round 992 (Div. 2),D1stance,6640,1733675700,1224,1205
2040,Codeforces Round 992 (Div. 2),Elite_Dragon,6640,1733675700,1286,1252
2040,Codeforces Round 992 (Div. 2),ahmedismail_20,6666,1733675700,1046,1075
2040,Codeforces Round 992 (Div. 2),lonewolf15,6666,1733675700,1221,1202
2040,Codeforces Round 992 (Div. 2),concacsieubu,6666,1733675700,1110,1157
2040,Codeforces Round 992 (Div. 2),wonderful_answer,6666,1733675700,1330,1286
2040,Codeforces Round 992 (Div. 2),hyp0pharynxcafe,6666,1733675700,988,1035
2040,Codeforces Round 992 (Div. 2),swamimayank77,6666,1733675700,871,1016
2040,Codeforces Round 992 (Div. 2),naman14nov,6666,1733675700,1049,1078
2040,Codeforces Round 992 (Div. 2),thorfinnnn,6666,1733675700,1054,1081
2040,Codeforces Round 992 (Div. 2),bubniak,6666,1733675700,1264,1235
2040,Codeforces Round 992 (Div. 2),xylalala,6666,1733675700,889,970
2040,Codeforces Round 992 (Div. 2),Alikhan-D-019-28,6666,1733675700,1209,1193
2040,Codeforces Round 992 (Div. 2),vayer2005,6666,1733675700,741,922
2040,Codeforces Round 992 (Div. 2),Spacebar_,6666,1733675700,895,974
2040,Codeforces Round 992 (Div. 2),Shounak_25,6666,1733675700,1306,1268
2040,Codeforces Round 992 (Div. 2),sanvi.jain2806,6666,1733675700,432,737
2040,Codeforces Round 992 (Div. 2),bjd_rocks,6666,1733675700,1306,1268
2040,Codeforces Round 992 (Div. 2),Hoba,6666,1733675700,1445,1375
2040,Codeforces Round 992 (Div. 2),trimurtigautam,6666,1733675700,662,896
2040,Codeforces Round 992 (Div. 2),garvit27,6666,1733675700,1231,1210
2040,Codeforces Round 992 (Div. 2),Nyxius,6666,1733675700,1201,1187
2040,Codeforces Round 992 (Div. 2),Hezao,6666,1733675700,982,1031
2040,Codeforces Round 992 (Div. 2),ThunderBlaze,6666,1733675700,1044,1074
2040,Codeforces Round 992 (Div. 2),tihonhomyshen,6666,1733675700,922,1025
2040,Codeforces Round 992 (Div. 2),asadullo_1111,6666,1733675700,1201,1187
2040,Codeforces Round 992 (Div. 2),a1b1a2b2,6666,1733675700,1059,1085
2040,Codeforces Round 992 (Div. 2),code_demon073,6691,1733675700,799,1000
2040,Codeforces Round 992 (Div. 2),_zah,6691,1733675700,790,907
2040,Codeforces Round 992 (Div. 2),ww16,6691,1733675700,814,973
2040,Codeforces Round 992 (Div. 2),hongming,6691,1733675700,822,1018
2040,Codeforces Round 992 (Div. 2),Naveen264,6691,1733675700,1223,1203
2040,Codeforces Round 992 (Div. 2),Louis_zxLiu,6691,1733675700,1057,1082
2040,Codeforces Round 992 (Div. 2),tfgkk,6691,1733675700,854,947
2040,Codeforces Round 992 (Div. 2),ToruGrid,6691,1733675700,0,446
2040,Codeforces Round 992 (Div. 2),chandandutt44,6691,1733675700,1040,1071
2040,Codeforces Round 992 (Div. 2),Calciferll,6691,1733675700,1340,1293
2040,Codeforces Round 992 (Div. 2),-Absam-,6691,1733675700,1281,1248
2040,Codeforces Round 992 (Div. 2),Krritin,6691,1733675700,1160,1157
2040,Codeforces Round 992 (Div. 2),myselfshoibashis123,6691,1733675700,1335,1289
2040,Codeforces Round 992 (Div. 2),Codezilla1211,6691,1733675700,1226,1206
2040,Codeforces Round 992 (Div. 2),ShriyamAvasthi,6691,1733675700,1055,1081
2040,Codeforces Round 992 (Div. 2),babaci,6691,1733675700,0,446
2040,Codeforces Round 992 (Div. 2),Taherr,6691,1733675700,1251,1225
2040,Codeforces Round 992 (Div. 2),dahaghin.mn,6691,1733675700,787,954
2040,Codeforces Round 992 (Div. 2),EvanLu,6691,1733675700,1285,1317
2040,Codeforces Round 992 (Div. 2),pa1_Kum4r,6691,1733675700,1018,1112
2040,Codeforces Round 992 (Div. 2),yuvraj_thapa,6691,1733675700,1194,1182
2040,Codeforces Round 992 (Div. 2),alex-gberg,6691,1733675700,916,1048
2040,Codeforces Round 992 (Div. 2),anay293,6691,1733675700,1342,1294
2040,Codeforces Round 992 (Div. 2),kartikey10,6691,1733675700,1488,1408
2040,Codeforces Round 992 (Div. 2),alibaba17,6691,1733675700,1352,1302
2040,Codeforces Round 992 (Div. 2),_Munshi_,6691,1733675700,1397,1337
2040,Codeforces Round 992 (Div. 2),avacatocapt,6691,1733675700,1508,1424
2040,Codeforces Round 992 (Div. 2),Ahmad_Hasan,6691,1733675700,929,995
2040,Codeforces Round 992 (Div. 2),ajeetsingha2255,6691,1733675700,1019,1056
2040,Codeforces Round 992 (Div. 2),Krish_Naik,6691,1733675700,1059,1084
2040,Codeforces Round 992 (Div. 2),harshbksp98,6691,1733675700,1307,1267
2040,Codeforces Round 992 (Div. 2),Saksham_or_smth,6722,1733675700,0,445
2040,Codeforces Round 992 (Div. 2),srikar3010,6722,1733675700,1306,1266
2040,Codeforces Round 992 (Div. 2),lmalik-mohmed-sadis,6722,1733675700,899,1027
2040,Codeforces Round 992 (Div. 2),nikele,6722,1733675700,382,698
2040,Codeforces Round 992 (Div. 2),stinca,6722,1733675700,979,1028
2040,Codeforces Round 992 (Div. 2),eknumber,6722,1733675700,362,683
2040,Codeforces Round 992 (Div. 2),cuong00000000000,6722,1733675700,1075,1095
2040,Codeforces Round 992 (Div. 2),3AWDI_BOY,6722,1733675700,484,776
2040,Codeforces Round 992 (Div. 2),deveshbhu,6722,1733675700,934,998
2040,Codeforces Round 992 (Div. 2),AlluSaikiran,6722,1733675700,1295,1258
2040,Codeforces Round 992 (Div. 2),omkarb1516,6722,1733675700,1048,1076
2040,Codeforces Round 992 (Div. 2),atoh_ihan,6722,1733675700,1146,1146
2040,Codeforces Round 992 (Div. 2),AzaLE,6722,1733675700,1419,1354
2040,Codeforces Round 992 (Div. 2),_vhagar,6722,1733675700,827,977
2040,Codeforces Round 992 (Div. 2),propulse_7969,6722,1733675700,872,958
2040,Codeforces Round 992 (Div. 2),keye,6722,1733675700,970,1022
2040,Codeforces Round 992 (Div. 2),liuby,6722,1733675700,1035,1066
2040,Codeforces Round 992 (Div. 2),daukhoi,6722,1733675700,963,1017
2040,Codeforces Round 992 (Div. 2),aryan.jais20,6722,1733675700,1106,1117
2040,Codeforces Round 992 (Div. 2),mansimayank2002,6722,1733675700,1183,1173
2040,Codeforces Round 992 (Div. 2),SHANKS_17,6722,1733675700,934,998
2040,Codeforces Round 992 (Div. 2),vicky168,6722,1733675700,1115,1123
2040,Codeforces Round 992 (Div. 2),Coolcalm,6722,1733675700,1408,1345
2040,Codeforces Round 992 (Div. 2),Devanshm23,6722,1733675700,1105,1116
2040,Codeforces Round 992 (Div. 2),Judy_Wafai,6722,1733675700,1343,1295
2040,Codeforces Round 992 (Div. 2),yasir2225,6722,1733675700,1123,1129
2040,Codeforces Round 992 (Div. 2),Adriano4fk,6722,1733675700,1044,1073
2040,Codeforces Round 992 (Div. 2),elurisreelakshmi04,6749,1733675700,954,1045
2040,Codeforces Round 992 (Div. 2),elden.samuel.n,6749,1733675700,643,880
2040,Codeforces Round 992 (Div. 2),rishijha00007,6749,1733675700,1183,1172
2040,Codeforces Round 992 (Div. 2),Khandeh_h,6749,1733675700,897,1006
2040,Codeforces Round 992 (Div. 2),parlerler,6749,1733675700,1071,1091
2040,Codeforces Round 992 (Div. 2),pri_13,6749,1733675700,0,445
2040,Codeforces Round 992 (Div. 2),2020ugcs091,6749,1733675700,1390,1331
2040,Codeforces Round 992 (Div. 2),Fancy73,6749,1733675700,1112,1120
2040,Codeforces Round 992 (Div. 2),Nobita_Nobi,6749,1733675700,1246,1220
2040,Codeforces Round 992 (Div. 2),_ryomen_sukuna_,6749,1733675700,1368,1313
2040,Codeforces Round 992 (Div. 2),platinumdragon,6749,1733675700,1374,1318
2040,Codeforces Round 992 (Div. 2),dolimcom,6749,1733675700,1105,1115
2040,Codeforces Round 992 (Div. 2),zenitsu_11,6749,1733675700,1075,1094
2040,Codeforces Round 992 (Div. 2),hariomehra,6749,1733675700,984,1086
2040,Codeforces Round 992 (Div. 2),chessmaniitg30,6749,1733675700,1029,1096
2040,Codeforces Round 992 (Div. 2),SXC_ch,6749,1733675700,392,705
2040,Codeforces Round 992 (Div. 2),KatyPerrryy,6749,1733675700,1247,1221
2040,Codeforces Round 992 (Div. 2),mohammadmahdi8444,6749,1733675700,1123,1128
2040,Codeforces Round 992 (Div. 2),Hoshino_gua,6749,1733675700,753,928
2040,Codeforces Round 992 (Div. 2),silent_coder987,6749,1733675700,0,445
2040,Codeforces Round 992 (Div. 2),pranprocodes,6749,1733675700,939,1065
2040,Codeforces Round 992 (Div. 2),theFaith,6749,1733675700,1203,1187
2040,Codeforces Round 992 (Div. 2),Mahmoud095,6749,1733675700,909,981
2040,Codeforces Round 992 (Div. 2),Goggins,6749,1733675700,1235,1212
2040,Codeforces Round 992 (Div. 2),STGWinteam,6749,1733675700,937,1033
2040,Codeforces Round 992 (Div. 2),niteshsingh.se,6749,1733675700,376,693
2040,Codeforces Round 992 (Div. 2),haspeem,6749,1733675700,1010,1105
2040,Codeforces Round 992 (Div. 2),ethanhunt1729,6749,1733675700,1087,1102
2040,Codeforces Round 992 (Div. 2),Mushfiq,6749,1733675700,1353,1302
2040,Codeforces Round 992 (Div. 2),Jassi.32,6749,1733675700,865,952
2040,Codeforces Round 992 (Div. 2),NandaniAgrawal_23,6749,1733675700,1004,1045
2040,Codeforces Round 992 (Div. 2),nnpuyen07hcm,6749,1733675700,380,696
2040,Codeforces Round 992 (Div. 2),Boom_Wuhuhu,6749,1733675700,1001,1077
2040,Codeforces Round 992 (Div. 2),himanshu_sheoran,6749,1733675700,1056,1080
2040,Codeforces Round 992 (Div. 2),Godschild10,6749,1733675700,984,1031
2040,Codeforces Round 992 (Div. 2),GTNHdinner,6784,1733675700,1168,1241
2040,Codeforces Round 992 (Div. 2),gaurav0177,6784,1733675700,862,1047
2040,Codeforces Round 992 (Div. 2),AryanGoel575,6784,1733675700,1129,1132
2040,Codeforces Round 992 (Div. 2),goofy_v,6784,1733675700,1210,1192
2040,Codeforces Round 992 (Div. 2),Jinil_Savaj,6784,1733675700,1220,1200
2040,Codeforces Round 992 (Div. 2),hellboy2200,6784,1733675700,1271,1238
2040,Codeforces Round 992 (Div. 2),b0nkimch0ndro,6784,1733675700,964,1016
2040,Codeforces Round 992 (Div. 2),samnotfound404,6784,1733675700,854,1000
2040,Codeforces Round 992 (Div. 2),spardhyer,6784,1733675700,1623,1514
2040,Codeforces Round 992 (Div. 2),imran67,6784,1733675700,1239,1214
2040,Codeforces Round 992 (Div. 2),Chirkir,6784,1733675700,1493,1411
2040,Codeforces Round 992 (Div. 2),SakshamSaldhi123,6784,1733675700,966,1018
2040,Codeforces Round 992 (Div. 2),ukupadhyay6789,6784,1733675700,713,932
2040,Codeforces Round 992 (Div. 2),rkd1801,6784,1733675700,1048,1074
2040,Codeforces Round 992 (Div. 2),CrimsonMarauderr,6784,1733675700,1066,1087
2040,Codeforces Round 992 (Div. 2),togeppi,6784,1733675700,422,727
2040,Codeforces Round 992 (Div. 2),dazai05,6784,1733675700,984,1030
2040,Codeforces Round 992 (Div. 2),_soul_scriptor_,6784,1733675700,1208,1190
2040,Codeforces Round 992 (Div. 2),Tanmay10,6784,1733675700,914,984
2040,Codeforces Round 992 (Div. 2),stop_it,6784,1733675700,1093,1106
2040,Codeforces Round 992 (Div. 2),kgpra,6784,1733675700,1127,1131
2040,Codeforces Round 992 (Div. 2),mohassan.dev,6784,1733675700,1225,1204
2040,Codeforces Round 992 (Div. 2),ram-ki,6784,1733675700,1111,1119
2040,Codeforces Round 992 (Div. 2),FZANOTFOUND,6784,1733675700,1167,1224
2040,Codeforces Round 992 (Div. 2),L_______,6784,1733675700,1354,1302
2040,Codeforces Round 992 (Div. 2),tranvnguyen0910,6809,1733675700,766,936
2040,Codeforces Round 992 (Div. 2),lucasaamorim,6809,1733675700,1328,1282
2040,Codeforces Round 992 (Div. 2),strategist123,6809,1733675700,0,444
2040,Codeforces Round 992 (Div. 2),ahmd_ibraaa,6809,1733675700,1150,1147
2040,Codeforces Round 992 (Div. 2),Queue69,6809,1733675700,1032,1062
2040,Codeforces Round 992 (Div. 2),get-gud,6809,1733675700,1235,1211
2040,Codeforces Round 992 (Div. 2),king_fei,6809,1733675700,1319,1275
2040,Codeforces Round 992 (Div. 2),Devyani_Tyagi,6809,1733675700,882,962
2040,Codeforces Round 992 (Div. 2),denisvlasov,6809,1733675700,1166,1159
2040,Codeforces Round 992 (Div. 2),Krishna_26,6809,1733675700,772,941
2040,Codeforces Round 992 (Div. 2),Kyrillos_Ashraf,6809,1733675700,1214,1194
2040,Codeforces Round 992 (Div. 2),f20212947,6809,1733675700,1111,1196
2040,Codeforces Round 992 (Div. 2),KAVIYANS,6809,1733675700,951,1007
2040,Codeforces Round 992 (Div. 2),noxface3,6809,1733675700,0,444
2040,Codeforces Round 992 (Div. 2),marcohe,6809,1733675700,913,1034
2040,Codeforces Round 992 (Div. 2),hushed_dev,6809,1733675700,1070,1089
2040,Codeforces Round 992 (Div. 2),darshil2208,6809,1733675700,1254,1225
2040,Codeforces Round 992 (Div. 2),AlgoAce2004,6809,1733675700,1085,1100
2040,Codeforces Round 992 (Div. 2),yongfu,6809,1733675700,1247,1220
2040,Codeforces Round 992 (Div. 2),wshwshwsh,6809,1733675700,1115,1121
2040,Codeforces Round 992 (Div. 2),abhipandey11,6809,1733675700,1205,1188
2040,Codeforces Round 992 (Div. 2),mohitagarwal_24,6809,1733675700,1151,1148
2040,Codeforces Round 992 (Div. 2),Legend4321,6809,1733675700,1360,1306
2040,Codeforces Round 992 (Div. 2),ImPiyushK,6809,1733675700,1011,1048
2040,Codeforces Round 992 (Div. 2),SYED.ARHAM.SAROOSH,6809,1733675700,795,907
2040,Codeforces Round 992 (Div. 2),1.e4,6809,1733675700,1167,1159
2040,Codeforces Round 992 (Div. 2),AnupamsinghIITBHU,6809,1733675700,988,1032
2040,Codeforces Round 992 (Div. 2),vegeta_2907,6809,1733675700,1168,1160
2040,Codeforces Round 992 (Div. 2),ShubhamSinghalSWM,6809,1733675700,1060,1082
2040,Codeforces Round 992 (Div. 2),kutu,6838,1733675700,1262,1231
2040,Codeforces Round 992 (Div. 2),Infinity_Aura,6838,1733675700,1358,1304
2040,Codeforces Round 992 (Div. 2),WAan,6838,1733675700,1081,1097
2040,Codeforces Round 992 (Div. 2),misscursed,6838,1733675700,1141,1140
2040,Codeforces Round 992 (Div. 2),EyeSpirit,6838,1733675700,1046,1072
2040,Codeforces Round 992 (Div. 2),ITBlockZ,6838,1733675700,1226,1203
2040,Codeforces Round 992 (Div. 2),nitinkundu,6838,1733675700,936,1061
2040,Codeforces Round 992 (Div. 2),InvincibleWatermelon,6838,1733675700,393,704
2040,Codeforces Round 992 (Div. 2),Swi-ft,6838,1733675700,1156,1151
2040,Codeforces Round 992 (Div. 2),Abu-Alhoss,6838,1733675700,1348,1297
2040,Codeforces Round 992 (Div. 2),Goku_makoto,6838,1733675700,1084,1099
2040,Codeforces Round 992 (Div. 2),adhityakant,6838,1733675700,1256,1226
2040,Codeforces Round 992 (Div. 2),random_function,6838,1733675700,925,1053
2040,Codeforces Round 992 (Div. 2),Greninja08,6838,1733675700,1408,1343
2040,Codeforces Round 992 (Div. 2),vishalvish_93,6838,1733675700,969,1019
2040,Codeforces Round 992 (Div. 2),Pappapig,6838,1733675700,1321,1276
2040,Codeforces Round 992 (Div. 2),Yinksmeister,6838,1733675700,667,896
2040,Codeforces Round 992 (Div. 2),thanh20092007,6838,1733675700,1186,1173
2040,Codeforces Round 992 (Div. 2),des1re52,6838,1733675700,0,443
2040,Codeforces Round 992 (Div. 2),phamngocphuc2008,6838,1733675700,1276,1241
2040,Codeforces Round 992 (Div. 2),Pi213,6838,1733675700,1256,1226
2040,Codeforces Round 992 (Div. 2),RKabra_7,6838,1733675700,1054,1077
2040,Codeforces Round 992 (Div. 2),ZGZ.ABL,6838,1733675700,0,443
2040,Codeforces Round 992 (Div. 2),whtth,6838,1733675700,1294,1255
2040,Codeforces Round 992 (Div. 2),BELAL_FAWZY_,6862,1733675700,1014,1048
2040,Codeforces Round 992 (Div. 2),TatoNaranjo,6862,1733675700,926,989
2040,Codeforces Round 992 (Div. 2),riya_batra,6862,1733675700,1350,1297
2040,Codeforces Round 992 (Div. 2),Clclclcl,6862,1733675700,1285,1247
2040,Codeforces Round 992 (Div. 2),starplatinumxd,6862,1733675700,1457,1381
2040,Codeforces Round 992 (Div. 2),play_like_you_never_win,6862,1733675700,1351,1299
2040,Codeforces Round 992 (Div. 2),Ramith04,6862,1733675700,805,912
2040,Codeforces Round 992 (Div. 2),sachinjangid1016,6862,1733675700,1166,1158
2040,Codeforces Round 992 (Div. 2),nissan_1709,6862,1733675700,1036,1064
2040,Codeforces Round 992 (Div. 2),student_iiitl,6862,1733675700,794,905
2040,Codeforces Round 992 (Div. 2),kumar_mk,6862,1733675700,1218,1197
2040,Codeforces Round 992 (Div. 2),giridhar123456,6862,1733675700,1416,1349
2040,Codeforces Round 992 (Div. 2),Abdelhadi.,6862,1733675700,1166,1158
2040,Codeforces Round 992 (Div. 2),ArunReddy9,6862,1733675700,712,930
2040,Codeforces Round 992 (Div. 2),Pavan009,6862,1733675700,663,893
2040,Codeforces Round 992 (Div. 2),harshitanand3012,6862,1733675700,1229,1205
2040,Codeforces Round 992 (Div. 2),shreyanpandey30,6862,1733675700,989,1032
2040,Codeforces Round 992 (Div. 2),Adddd,6862,1733675700,1210,1190
2040,Codeforces Round 992 (Div. 2),Toronto.Tokyo,6862,1733675700,938,997
2040,Codeforces Round 992 (Div. 2),24user_code,6862,1733675700,1178,1167
2040,Codeforces Round 992 (Div. 2),prattay56,6862,1733675700,1052,1075
2040,Codeforces Round 992 (Div. 2),dance_with_the_devil,6862,1733675700,1267,1234
2040,Codeforces Round 992 (Div. 2),Soumya1712,6862,1733675700,1358,1304
2040,Codeforces Round 992 (Div. 2),J.Ahmed,6862,1733675700,1125,1128
2040,Codeforces Round 992 (Div. 2),QuantumAlgo,6862,1733675700,0,443
2040,Codeforces Round 992 (Div. 2),paulo.pr,6862,1733675700,1171,1161
2040,Codeforces Round 992 (Div. 2),hofung614,6862,1733675700,1082,1097
2040,Codeforces Round 992 (Div. 2),KunjParikh,6862,1733675700,1057,1079
2040,Codeforces Round 992 (Div. 2),freyaaa,6862,1733675700,728,866
2040,Codeforces Round 992 (Div. 2),MrSadariya,6891,1733675700,1397,1334
2040,Codeforces Round 992 (Div. 2),IgrisTheRed,6891,1733675700,1529,1437
2040,Codeforces Round 992 (Div. 2),abhaysy80,6891,1733675700,1227,1203
2040,Codeforces Round 992 (Div. 2),kiero,6891,1733675700,1312,1268
2040,Codeforces Round 992 (Div. 2),prince0007,6891,1733675700,0,442
2040,Codeforces Round 992 (Div. 2),2077devwave,6891,1733675700,1238,1211
2040,Codeforces Round 992 (Div. 2),Rumplestitskin,6891,1733675700,1059,1080
2040,Codeforces Round 992 (Div. 2),Professor_4u,6891,1733675700,1161,1153
2040,Codeforces Round 992 (Div. 2),Teamleader001,6891,1733675700,1031,1060
2040,Codeforces Round 992 (Div. 2),RePoh,6891,1733675700,1134,1134
2040,Codeforces Round 992 (Div. 2),its.the.ayush.kumar,6891,1733675700,1302,1261
2040,Codeforces Round 992 (Div. 2),icecreamy,6891,1733675700,963,1013
2040,Codeforces Round 992 (Div. 2),hiyodori,6891,1733675700,1266,1233
2040,Codeforces Round 992 (Div. 2),dothanhhau,6891,1733675700,1248,1219
2040,Codeforces Round 992 (Div. 2),sinifaa,6891,1733675700,936,995
2040,Codeforces Round 992 (Div. 2),churos,6891,1733675700,1262,1230
2040,Codeforces Round 992 (Div. 2),rhk,6891,1733675700,971,1074
2040,Codeforces Round 992 (Div. 2),sankeerth_katta,6891,1733675700,999,1038
2040,Codeforces Round 992 (Div. 2),syerule61,6891,1733675700,1420,1352
2040,Codeforces Round 992 (Div. 2),Hssaan_SundarSTEM,6891,1733675700,1172,1162
2040,Codeforces Round 992 (Div. 2),balaji_pugaz,6891,1733675700,1168,1159
2040,Codeforces Round 992 (Div. 2),amongsus,6891,1733675700,1327,1279
2040,Codeforces Round 992 (Div. 2),The_Bill_Collector,6891,1733675700,436,736
2040,Codeforces Round 992 (Div. 2),chandelankit001,6891,1733675700,1082,1096
2040,Codeforces Round 992 (Div. 2),Drkway,6891,1733675700,919,984
2040,Codeforces Round 992 (Div. 2),SEGFaultED1,6891,1733675700,1103,1111
2040,Codeforces Round 992 (Div. 2),adityak0810,6891,1733675700,914,981
2040,Codeforces Round 992 (Div. 2),advaitpat9,6891,1733675700,1038,1065
2040,Codeforces Round 992 (Div. 2),waKey_waKey,6919,1733675700,1456,1380
2040,Codeforces Round 992 (Div. 2),hardikrana439,6919,1733675700,1408,1342
2040,Codeforces Round 992 (Div. 2),The_DeepDas,6919,1733675700,1039,1065
2040,Codeforces Round 992 (Div. 2),BharatTaneja01,6919,1733675700,1443,1369
2040,Codeforces Round 992 (Div. 2),MiracleInvoker,6919,1733675700,966,1070
2040,Codeforces Round 992 (Div. 2),plusULTRAA,6919,1733675700,416,721
2040,Codeforces Round 992 (Div. 2),codnokers,6919,1733675700,1095,1105
2040,Codeforces Round 992 (Div. 2),Dick007,6919,1733675700,1285,1247
2040,Codeforces Round 992 (Div. 2),AdityaGupta16565,6919,1733675700,1169,1159
2040,Codeforces Round 992 (Div. 2),M.Haggag,6919,1733675700,1135,1134
2040,Codeforces Round 992 (Div. 2),Ashutosh_Sharma_77,6919,1733675700,1083,1096
2040,Codeforces Round 992 (Div. 2),mamgaingaurav14,6919,1733675700,1082,1095
2040,Codeforces Round 992 (Div. 2),legendneverdied,6919,1733675700,950,1004
2040,Codeforces Round 992 (Div. 2),tamer__,6919,1733675700,1156,1149
2040,Codeforces Round 992 (Div. 2),__rohit,6919,1733675700,0,442
2040,Codeforces Round 992 (Div. 2),naeem28,6919,1733675700,977,1022
2040,Codeforces Round 992 (Div. 2),Dan1c,6919,1733675700,979,1024
2040,Codeforces Round 992 (Div. 2),Akaza_3,6919,1733675700,891,1025
2040,Codeforces Round 992 (Div. 2),abhinashgunreddy,6919,1733675700,668,896
2040,Codeforces Round 992 (Div. 2),Tillion,6919,1733675700,1008,1043
2040,Codeforces Round 992 (Div. 2),malekgolf,6919,1733675700,843,983
2040,Codeforces Round 992 (Div. 2),mintu_007,6919,1733675700,1355,1340
2040,Codeforces Round 992 (Div. 2),codingismaths6969,6919,1733675700,922,985
2040,Codeforces Round 992 (Div. 2),Kortex,6919,1733675700,1343,1291
2040,Codeforces Round 992 (Div. 2),tornikeshubitidze,6919,1733675700,918,1046
2040,Codeforces Round 992 (Div. 2),c2me,6944,1733675700,769,972
2040,Codeforces Round 992 (Div. 2),shishi_maru,6944,1733675700,1260,1227
2040,Codeforces Round 992 (Div. 2),Mephiston,6944,1733675700,951,1004
2040,Codeforces Round 992 (Div. 2),Binarybeast24,6944,1733675700,728,863
2040,Codeforces Round 992 (Div. 2),light01,6944,1733675700,1107,1113
2040,Codeforces Round 992 (Div. 2),uibgbkbfbsfbs,6944,1733675700,1282,1244
2040,Codeforces Round 992 (Div. 2),SlimShady313,6944,1733675700,1302,1259
2040,Codeforces Round 992 (Div. 2),Defylogicguy,6944,1733675700,1078,1153
2040,Codeforces Round 992 (Div. 2),Sine_function,6944,1733675700,1232,1206
2040,Codeforces Round 992 (Div. 2),its_good_to_be_newbie,6944,1733675700,1203,1222
2040,Codeforces Round 992 (Div. 2),vhaohao,6944,1733675700,818,1010
2040,Codeforces Round 992 (Div. 2),m_e_dk,6944,1733675700,1150,1144
2040,Codeforces Round 992 (Div. 2),MOUDX,6944,1733675700,1224,1200
2040,Codeforces Round 992 (Div. 2),DreamerShrimp,6944,1733675700,1246,1217
2040,Codeforces Round 992 (Div. 2),jsmes_arther,6944,1733675700,876,955
2040,Codeforces Round 992 (Div. 2),Shivansh_24,6944,1733675700,927,988
2040,Codeforces Round 992 (Div. 2),ALVADREZ,6944,1733675700,0,442
2040,Codeforces Round 992 (Div. 2),adityacodes11,6944,1733675700,1107,1113
2040,Codeforces Round 992 (Div. 2),expertaq,6944,1733675700,1531,1438
2040,Codeforces Round 992 (Div. 2),srikarthikkanithi,6944,1733675700,983,1026
2040,Codeforces Round 992 (Div. 2),__LOOP__,6944,1733675700,1179,1166
2040,Codeforces Round 992 (Div. 2),marshile,6944,1733675700,0,442
2040,Codeforces Round 992 (Div. 2),GabrielSpd,6944,1733675700,1127,1127
2040,Codeforces Round 992 (Div. 2),WickedWango,6944,1733675700,1265,1231
2040,Codeforces Round 992 (Div. 2),Tirex20,6944,1733675700,1103,1110
2040,Codeforces Round 992 (Div. 2),shourya.veer,6944,1733675700,830,925
2040,Codeforces Round 992 (Div. 2),charged_creeper,6944,1733675700,942,1032
2040,Codeforces Round 992 (Div. 2),ITS_ROH,6944,1733675700,943,999
2040,Codeforces Round 992 (Div. 2),xingyunri,6972,1733675700,1259,1226
2040,Codeforces Round 992 (Div. 2),Abhinav_Yadav112005,6972,1733675700,745,953
2040,Codeforces Round 992 (Div. 2),FailX,6972,1733675700,1418,1349
2040,Codeforces Round 992 (Div. 2),Rishi1085,6972,1733675700,1126,1163
2040,Codeforces Round 992 (Div. 2),_AhmedTarek_,6972,1733675700,1084,1096
2040,Codeforces Round 992 (Div. 2),cereouz,6972,1733675700,1134,1132
2040,Codeforces Round 992 (Div. 2),sujal_appa,6972,1733675700,976,1020
2040,Codeforces Round 992 (Div. 2),dermale,6972,1733675700,1066,1083
2040,Codeforces Round 992 (Div. 2),MinValgen,6972,1733675700,1265,1230
2040,Codeforces Round 992 (Div. 2),jokerraja0503,6972,1733675700,875,1012
2040,Codeforces Round 992 (Div. 2),shauryaSinghhh,6972,1733675700,977,1055
2040,Codeforces Round 992 (Div. 2),suyal_19,6972,1733675700,955,1006
2040,Codeforces Round 992 (Div. 2),registeredFaxDefender,6972,1733675700,1301,1258
2040,Codeforces Round 992 (Div. 2),VivekSahu,6972,1733675700,933,991
2040,Codeforces Round 992 (Div. 2),G-DFS-CP-NEW-1,6972,1733675700,0,441
2040,Codeforces Round 992 (Div. 2),goo_l,6972,1733675700,1429,1357
2040,Codeforces Round 992 (Div. 2),wdakc,6972,1733675700,1335,1284
2040,Codeforces Round 992 (Div. 2),nawneetupadhyay1,6972,1733675700,1156,1148
2040,Codeforces Round 992 (Div. 2),Vbaquero,6972,1733675700,988,1028
2040,Codeforces Round 992 (Div. 2),Abu_Sadat,6972,1733675700,959,1009
2040,Codeforces Round 992 (Div. 2),qingdian,6972,1733675700,1288,1248
2040,Codeforces Round 992 (Div. 2),BitManipulated,6972,1733675700,1184,1169
2040,Codeforces Round 992 (Div. 2),TusharSachdeva29,6972,1733675700,1212,1190
2040,Codeforces Round 992 (Div. 2),Shuvo2023,6972,1733675700,1124,1125
2040,Codeforces Round 992 (Div. 2),saiful_islam_bk,6972,1733675700,1342,1290
2040,Codeforces Round 992 (Div. 2),Conan1302,6972,1733675700,1100,1107
2040,Codeforces Round 992 (Div. 2),DrSid,6972,1733675700,1224,1199
2040,Codeforces Round 992 (Div. 2),aggarwal_abhinav7,6972,1733675700,1252,1221
2040,Codeforces Round 992 (Div. 2),AM_YEAD-27,6972,1733675700,875,953
2040,Codeforces Round 992 (Div. 2),Dragon_Master,6972,1733675700,959,1009
2040,Codeforces Round 992 (Div. 2),8Xtreme,6972,1733675700,1085,1096
2040,Codeforces Round 992 (Div. 2),amit_roy,6972,1733675700,1202,1182
2040,Codeforces Round 992 (Div. 2),KritarthSinghal,6972,1733675700,1157,1149
2040,Codeforces Round 992 (Div. 2),Trinity2206,7005,1733675700,1092,1101
2040,Codeforces Round 992 (Div. 2),ByteBlade2104,7005,1733675700,1118,1120
2040,Codeforces Round 992 (Div. 2),Cysheper,7005,1733675700,1100,1106
2040,Codeforces Round 992 (Div. 2),Arantx1,7005,1733675700,1299,1256
2040,Codeforces Round 992 (Div. 2),harsh_1503,7005,1733675700,1390,1326
2040,Codeforces Round 992 (Div. 2),LONGTIANYI,7005,1733675700,1105,1110
2040,Codeforces Round 992 (Div. 2),zoidzium,7005,1733675700,1492,1406
2040,Codeforces Round 992 (Div. 2),ClydeArrowny2016,7005,1733675700,986,1096
2040,Codeforces Round 992 (Div. 2),-newbie-,7005,1733675700,1088,1098
2040,Codeforces Round 992 (Div. 2),MOKH2002,7005,1733675700,1031,1057
2040,Codeforces Round 992 (Div. 2),MUZI_TAT,7005,1733675700,701,919
2040,Codeforces Round 992 (Div. 2),PrantoBala,7005,1733675700,1143,1138
2040,Codeforces Round 992 (Div. 2),Diana07Bello,7005,1733675700,1069,1084
2040,Codeforces Round 992 (Div. 2),kousik123,7005,1733675700,1412,1344
2040,Codeforces Round 992 (Div. 2),edean,7005,1733675700,1218,1194
2040,Codeforces Round 992 (Div. 2),D_coder11,7005,1733675700,1020,1050
2040,Codeforces Round 992 (Div. 2),zhongwenzhen,7005,1733675700,1099,1106
2040,Codeforces Round 992 (Div. 2),CainSmith,7005,1733675700,460,753
2040,Codeforces Round 992 (Div. 2),nokia,7005,1733675700,1151,1144
2040,Codeforces Round 992 (Div. 2),Naim21,7005,1733675700,1213,1190
2040,Codeforces Round 992 (Div. 2),atuljha2004,7005,1733675700,1170,1157
2040,Codeforces Round 992 (Div. 2),iamvhk,7005,1733675700,972,1017
2040,Codeforces Round 992 (Div. 2),lovya_006,7005,1733675700,995,1067
2040,Codeforces Round 992 (Div. 2),Okletscodenowabhi,7005,1733675700,1414,1345
2040,Codeforces Round 992 (Div. 2),QH08,7005,1733675700,1206,1250
2040,Codeforces Round 992 (Div. 2),samarsodhi,7005,1733675700,525,804
2040,Codeforces Round 992 (Div. 2),muskan_pastor,7005,1733675700,804,908
2040,Codeforces Round 992 (Div. 2),_Code_Demon_,7005,1733675700,445,741
2040,Codeforces Round 992 (Div. 2),aadi_paaji,7005,1733675700,1027,1054
2040,Codeforces Round 992 (Div. 2),Doomed,7005,1733675700,962,1010
2040,Codeforces Round 992 (Div. 2),Bhoovesh_vyas,7005,1733675700,1025,1053
2040,Codeforces Round 992 (Div. 2),satyam_bittu,7005,1733675700,917,980
2040,Codeforces Round 992 (Div. 2),fstlrnr,7005,1733675700,1296,1292
2040,Codeforces Round 992 (Div. 2),ritton,7005,1733675700,1178,1164
2040,Codeforces Round 992 (Div. 2),_Fahmy,7039,1733675700,970,1015
2040,Codeforces Round 992 (Div. 2),sakshamchitkara,7039,1733675700,1482,1399
2040,Codeforces Round 992 (Div. 2),amanverma06012004,7039,1733675700,1049,1069
2040,Codeforces Round 992 (Div. 2),IvanT23,7039,1733675700,1077,1089
2040,Codeforces Round 992 (Div. 2),whos_vic,7039,1733675700,1173,1224
2040,Codeforces Round 992 (Div. 2),udaycodeforcess,7039,1733675700,1078,1090
2040,Codeforces Round 992 (Div. 2),dhynincoding2004,7039,1733675700,1069,1084
2040,Codeforces Round 992 (Div. 2),Jayprakash12,7039,1733675700,1049,1069
2040,Codeforces Round 992 (Div. 2),priyanshuuno12,7039,1733675700,1086,1096
2040,Codeforces Round 992 (Div. 2),SAVYAGOEL,7039,1733675700,1094,1102
2040,Codeforces Round 992 (Div. 2),j-v,7039,1733675700,1087,1097
2040,Codeforces Round 992 (Div. 2),bauhandle,7039,1733675700,868,1006
2040,Codeforces Round 992 (Div. 2),abhishekh_9,7039,1733675700,900,968
2040,Codeforces Round 992 (Div. 2),tanasaradu3,7039,1733675700,1067,1082
2040,Codeforces Round 992 (Div. 2),B.Haki,7039,1733675700,1068,1083
2040,Codeforces Round 992 (Div. 2),arin_chandurkar,7039,1733675700,390,699
2040,Codeforces Round 992 (Div. 2),AnubhavSaha,7039,1733675700,1292,1317
2040,Codeforces Round 992 (Div. 2),dhirajpatil2346,7039,1733675700,1542,1446
2040,Codeforces Round 992 (Div. 2),mohdfaiz.72,7039,1733675700,1196,1177
2040,Codeforces Round 992 (Div. 2),GREAT_ONE,7039,1733675700,1363,1305
2040,Codeforces Round 992 (Div. 2),Hohlistro,7039,1733675700,995,1067
2040,Codeforces Round 992 (Div. 2),Tudor_11,7039,1733675700,641,810
2040,Codeforces Round 992 (Div. 2),angad_2002,7061,1733675700,1254,1221
2040,Codeforces Round 992 (Div. 2),ksarda06,7061,1733675700,931,988
2040,Codeforces Round 992 (Div. 2),aryanssraut,7061,1733675700,0,440
2040,Codeforces Round 992 (Div. 2),XRomanticCatX,7061,1733675700,1273,1235
2040,Codeforces Round 992 (Div. 2),goketo,7061,1733675700,1019,1106
2040,Codeforces Round 992 (Div. 2),taihoanglongnguyen,7061,1733675700,625,860
2040,Codeforces Round 992 (Div. 2),prince_019,7061,1733675700,968,1013
2040,Codeforces Round 992 (Div. 2),isagiiiii,7061,1733675700,0,440
2040,Codeforces Round 992 (Div. 2),Mahfuz22,7061,1733675700,1093,1100
2040,Codeforces Round 992 (Div. 2),ACR909d,7061,1733675700,1115,1116
2040,Codeforces Round 992 (Div. 2),royshaoncse508,7061,1733675700,1165,1153
2040,Codeforces Round 992 (Div. 2),sp_mehedi,7061,1733675700,1081,1092
2040,Codeforces Round 992 (Div. 2),A_a_s_h_u_,7061,1733675700,956,1005
2040,Codeforces Round 992 (Div. 2),Harly24,7061,1733675700,1024,1051
2040,Codeforces Round 992 (Div. 2),gde_papa,7061,1733675700,875,951
2040,Codeforces Round 992 (Div. 2),franky_314,7061,1733675700,1055,1073
2040,Codeforces Round 992 (Div. 2),RockStar132,7061,1733675700,1014,1044
2040,Codeforces Round 992 (Div. 2),Dipto.4D,7061,1733675700,1187,1169
2040,Codeforces Round 992 (Div. 2),Deep_2005,7061,1733675700,951,1001
2040,Codeforces Round 992 (Div. 2),mohityadaviitb,7061,1733675700,887,959
2040,Codeforces Round 992 (Div. 2),kevinjoythomas,7061,1733675700,1018,1047
2040,Codeforces Round 992 (Div. 2),Radient_Bit,7061,1733675700,1314,1267
2040,Codeforces Round 992 (Div. 2),kksona2004,7061,1733675700,977,1019
2040,Codeforces Round 992 (Div. 2),mustakimmahde,7061,1733675700,1010,1077
2040,Codeforces Round 992 (Div. 2),19Doors,7061,1733675700,1139,1134
2040,Codeforces Round 992 (Div. 2),jbhayet,7061,1733675700,1212,1189
2040,Codeforces Round 992 (Div. 2),nikhil21229,7061,1733675700,1142,1136
2040,Codeforces Round 992 (Div. 2),e1567,7061,1733675700,1099,1105
2040,Codeforces Round 992 (Div. 2),VulpisFoglia,7089,1733675700,1115,1116
2040,Codeforces Round 992 (Div. 2),Valmor_x,7089,1733675700,1223,1197
2040,Codeforces Round 992 (Div. 2),dipdeveloper,7089,1733675700,424,724
2040,Codeforces Round 992 (Div. 2),zvemiw9,7089,1733675700,1034,1117
2040,Codeforces Round 992 (Div. 2),IceHydra,7089,1733675700,1608,1498
2040,Codeforces Round 992 (Div. 2),samarthbellam,7089,1733675700,0,439
2040,Codeforces Round 992 (Div. 2),raj.shaibya,7089,1733675700,913,975
2040,Codeforces Round 992 (Div. 2),anonymous_uzbek,7089,1733675700,0,439
2040,Codeforces Round 992 (Div. 2),ayush_092005,7089,1733675700,989,1027
2040,Codeforces Round 992 (Div. 2),Metalyric,7089,1733675700,864,1002
2040,Codeforces Round 992 (Div. 2),jod0wot,7089,1733675700,734,943
2040,Codeforces Round 992 (Div. 2),Multazam_mahmud,7089,1733675700,1034,1058
2040,Codeforces Round 992 (Div. 2),Terminator-7,7089,1733675700,790,897
2040,Codeforces Round 992 (Div. 2),Listener1379,7089,1733675700,979,1089
2040,Codeforces Round 992 (Div. 2),Testing_me,7089,1733675700,1166,1153
2040,Codeforces Round 992 (Div. 2),XX_taha_,7089,1733675700,949,999
2040,Codeforces Round 992 (Div. 2),Nadella_Mohith,7089,1733675700,1072,1121
2040,Codeforces Round 992 (Div. 2),verto_29,7089,1733675700,1295,1252
2040,Codeforces Round 992 (Div. 2),Manthan_Parmar,7089,1733675700,862,942
2040,Codeforces Round 992 (Div. 2),selvaganesh12p,7089,1733675700,1090,1134
2040,Codeforces Round 992 (Div. 2),Keshav.Goyal,7089,1733675700,645,875
2040,Codeforces Round 992 (Div. 2),hemanshinidesai,7110,1733675700,975,1017
2040,Codeforces Round 992 (Div. 2),Rohan1875,7110,1733675700,1142,1136
2040,Codeforces Round 992 (Div. 2),JaspreetG,7110,1733675700,951,1055
2040,Codeforces Round 992 (Div. 2),trap_sh4010,7110,1733675700,860,999
2040,Codeforces Round 992 (Div. 2),danny.wang,7110,1733675700,922,1046
2040,Codeforces Round 992 (Div. 2),Coder_Sumeet,7110,1733675700,1121,1120
2040,Codeforces Round 992 (Div. 2),Jericho_98,7110,1733675700,1125,1123
2040,Codeforces Round 992 (Div. 2),Mihretthe,7110,1733675700,1129,1126
2040,Codeforces Round 992 (Div. 2),anikett_guptaa,7110,1733675700,1018,1046
2040,Codeforces Round 992 (Div. 2),karimov,7110,1733675700,1358,1300
2040,Codeforces Round 992 (Div. 2),Mostatil,7110,1733675700,1207,1184
2040,Codeforces Round 992 (Div. 2),akshaykrgupta7,7110,1733675700,500,730
2040,Codeforces Round 992 (Div. 2),Subh_1843,7110,1733675700,1161,1149
2040,Codeforces Round 992 (Div. 2),Black_Eye_001,7110,1733675700,1108,1110
2040,Codeforces Round 992 (Div. 2),blaster2398,7110,1733675700,1065,1079
2040,Codeforces Round 992 (Div. 2),redcoder_122,7110,1733675700,1450,1372
2040,Codeforces Round 992 (Div. 2),Bhanu1312,7110,1733675700,1210,1186
2040,Codeforces Round 992 (Div. 2),avikantk94,7110,1733675700,1198,1177
2040,Codeforces Round 992 (Div. 2),babababablacksheep,7110,1733675700,0,439
2040,Codeforces Round 992 (Div. 2),Bug_Noir,7110,1733675700,1226,1199
2040,Codeforces Round 992 (Div. 2),k_sid,7110,1733675700,388,696
2040,Codeforces Round 992 (Div. 2),LOGAN.X,7110,1733675700,1070,1083
2040,Codeforces Round 992 (Div. 2),whu_yx,7132,1733675700,1334,1281
2040,Codeforces Round 992 (Div. 2),praveenLakhara,7132,1733675700,1546,1448
2040,Codeforces Round 992 (Div. 2),noneoyourbusiness,7132,1733675700,866,944
2040,Codeforces Round 992 (Div. 2),khan.daniyal1329,7132,1733675700,1182,1165
2040,Codeforces Round 992 (Div. 2),hi_hii004,7132,1733675700,642,872
2040,Codeforces Round 992 (Div. 2),NedVed,7132,1733675700,1116,1116
2040,Codeforces Round 992 (Div. 2),abdelrahmansaied,7132,1733675700,1310,1263
2040,Codeforces Round 992 (Div. 2),zsy0237,7132,1733675700,745,951
2040,Codeforces Round 992 (Div. 2),ohjun,7132,1733675700,1295,1251
2040,Codeforces Round 992 (Div. 2),milindpanchalmm,7132,1733675700,0,439
2040,Codeforces Round 992 (Div. 2),ButterChickenn,7132,1733675700,989,1026
2040,Codeforces Round 992 (Div. 2),d15ha,7132,1733675700,1088,1096
2040,Codeforces Round 992 (Div. 2),xiaotianjing,7132,1733675700,1176,1160
2040,Codeforces Round 992 (Div. 2),Harsiii,7132,1733675700,381,690
2040,Codeforces Round 992 (Div. 2),dhruvrajmerchant.123,7132,1733675700,927,984
2040,Codeforces Round 992 (Div. 2),C0mmuter,7132,1733675700,933,988
2040,Codeforces Round 992 (Div. 2),Ayushman_05,7148,1733675700,895,962
2040,Codeforces Round 992 (Div. 2),E3320198,7148,1733675700,958,1038
2040,Codeforces Round 992 (Div. 2),Hercules_A,7148,1733675700,946,996
2040,Codeforces Round 992 (Div. 2),Cetacean.,7148,1733675700,0,438
2040,Codeforces Round 992 (Div. 2),talentestors,7148,1733675700,1157,1145
2040,Codeforces Round 992 (Div. 2),Abdur_Rahman_ISM,7148,1733675700,891,960
2040,Codeforces Round 992 (Div. 2),Monarch_Monster,7148,1733675700,740,947
2040,Codeforces Round 992 (Div. 2),alg0maniac,7148,1733675700,1453,1374
2040,Codeforces Round 992 (Div. 2),wlmrh,7148,1733675700,1460,1379
2040,Codeforces Round 992 (Div. 2),maityankan10,7148,1733675700,1252,1217
2040,Codeforces Round 992 (Div. 2),Trying__97,7148,1733675700,984,1056
2040,Codeforces Round 992 (Div. 2),sumitmandaliitr,7148,1733675700,1034,1056
2040,Codeforces Round 992 (Div. 2),Mohammed_Abdalkreem,7148,1733675700,1252,1217
2040,Codeforces Round 992 (Div. 2),Zaxas,7148,1733675700,1462,1380
2040,Codeforces Round 992 (Div. 2),chintaviraj09,7148,1733675700,982,1055
2040,Codeforces Round 992 (Div. 2),maddybhanu2511,7148,1733675700,1445,1367
2040,Codeforces Round 992 (Div. 2),ayush_77,7148,1733675700,699,915
2040,Codeforces Round 992 (Div. 2),Rush.cpp,7148,1733675700,959,1004
2040,Codeforces Round 992 (Div. 2),DenzilJD,7148,1733675700,1199,1177
2040,Codeforces Round 992 (Div. 2),Kshitij_Patel,7148,1733675700,1338,1284
2040,Codeforces Round 992 (Div. 2),PXLXTA,7148,1733675700,1180,1163
2040,Codeforces Round 992 (Div. 2),LeisurelyLogic,7148,1733675700,1276,1236
2040,Codeforces Round 992 (Div. 2),lhlephuocdao,7148,1733675700,1364,1304
2040,Codeforces Round 992 (Div. 2),AhuraKz,7148,1733675700,1551,1451
2040,Codeforces Round 992 (Div. 2),ozwonek,7148,1733675700,412,713
2040,Codeforces Round 992 (Div. 2),vasasaumya3084,7148,1733675700,1177,1160
2040,Codeforces Round 992 (Div. 2),huang__wu,7148,1733675700,0,438
2040,Codeforces Round 992 (Div. 2),Erro_R,7148,1733675700,892,960
2040,Codeforces Round 992 (Div. 2),laniu,7148,1733675700,1304,1257
2040,Codeforces Round 992 (Div. 2),InvMod,7148,1733675700,1648,1529
2040,Codeforces Round 992 (Div. 2),liuchengen,7148,1733675700,945,995
2040,Codeforces Round 992 (Div. 2),Moiz_Ali,7148,1733675700,1141,1134
2040,Codeforces Round 992 (Div. 2),madhavnt006,7148,1733675700,997,1031
2040,Codeforces Round 992 (Div. 2),vivekkumar30,7148,1733675700,1094,1099
2040,Codeforces Round 992 (Div. 2),ambargogia,7182,1733675700,1070,1081
2040,Codeforces Round 992 (Div. 2),MOAZ_KING,7182,1733675700,1268,1229
2040,Codeforces Round 992 (Div. 2),pyoro,7182,1733675700,1305,1258
2040,Codeforces Round 992 (Div. 2),MARSHALMATHERS,7182,1733675700,1133,1127
2040,Codeforces Round 992 (Div. 2),selenophilee,7182,1733675700,1214,1188
2040,Codeforces Round 992 (Div. 2),Lee_OIer,7182,1733675700,814,909
2040,Codeforces Round 992 (Div. 2),Frange,7182,1733675700,793,987
2040,Codeforces Round 992 (Div. 2),VaibhavVarshney,7182,1733675700,1068,1080
2040,Codeforces Round 992 (Div. 2),_abhishek_07_,7182,1733675700,1139,1131
2040,Codeforces Round 992 (Div. 2),Endy3032,7182,1733675700,946,1050
2040,Codeforces Round 992 (Div. 2),SerajOmar,7182,1733675700,1064,1077
2040,Codeforces Round 992 (Div. 2),hippotumux,7182,1733675700,1612,1499
2040,Codeforces Round 992 (Div. 2),yashraj_mishra247,7182,1733675700,1261,1224
2040,Codeforces Round 992 (Div. 2),dhruvi_patel,7182,1733675700,1141,1133
2040,Codeforces Round 992 (Div. 2),Mikhil,7182,1733675700,1148,1138
2040,Codeforces Round 992 (Div. 2),rasboy,7182,1733675700,1211,1186
2040,Codeforces Round 992 (Div. 2),Mr_Gupta,7182,1733675700,1119,1116
2040,Codeforces Round 992 (Div. 2),JorgeMartinez,7182,1733675700,1139,1131
2040,Codeforces Round 992 (Div. 2),Lowpena1ty,7182,1733675700,1049,1127
2040,Codeforces Round 992 (Div. 2),Groud,7182,1733675700,1037,1058
2040,Codeforces Round 992 (Div. 2),CAMUS_,7182,1733675700,1111,1111
2040,Codeforces Round 992 (Div. 2),Angel54,7182,1733675700,1167,1152
2040,Codeforces Round 992 (Div. 2),lcwx,7182,1733675700,0,438
2040,Codeforces Round 992 (Div. 2),shubhraj625,7182,1733675700,1286,1243
2040,Codeforces Round 992 (Div. 2),2pac,7182,1733675700,1255,1219
2040,Codeforces Round 992 (Div. 2),Theoriser,7182,1733675700,0,438
2040,Codeforces Round 992 (Div. 2),LHH_Team,7182,1733675700,837,980
2040,Codeforces Round 992 (Div. 2),abhishek._nigam_158,7182,1733675700,1078,1087
2040,Codeforces Round 992 (Div. 2),wwwsssyyywsy,7182,1733675700,1232,1202
2040,Codeforces Round 992 (Div. 2),yuvi_768,7182,1733675700,1194,1173
2040,Codeforces Round 992 (Div. 2),sumit228,7182,1733675700,1186,1205
2040,Codeforces Round 992 (Div. 2),Dynamo_14,7182,1733675700,814,963
2040,Codeforces Round 992 (Div. 2),Sathya_325,7182,1733675700,1158,1145
2040,Codeforces Round 992 (Div. 2),I-amVengeance,7182,1733675700,1088,1094
2040,Codeforces Round 992 (Div. 2),-ChunChunMaru-,7216,1733675700,1593,1484
2040,Codeforces Round 992 (Div. 2),urs_satyam,7216,1733675700,992,1026
2040,Codeforces Round 992 (Div. 2),s_prakh,7216,1733675700,1107,1107
2040,Codeforces Round 992 (Div. 2),Utsavgajera15,7216,1733675700,925,980
2040,Codeforces Round 992 (Div. 2),scarecrow689,7216,1733675700,1134,1164
2040,Codeforces Round 992 (Div. 2),aryanbajwan,7216,1733675700,777,936
2040,Codeforces Round 992 (Div. 2),fahim903,7216,1733675700,918,975
2040,Codeforces Round 992 (Div. 2),Arko408,7216,1733675700,985,1021
2040,Codeforces Round 992 (Div. 2),darkpulse_10,7216,1733675700,1222,1193
2040,Codeforces Round 992 (Div. 2),quietsnake,7216,1733675700,864,940
2040,Codeforces Round 992 (Div. 2),monu_17,7216,1733675700,846,978
2040,Codeforces Round 992 (Div. 2),tennis,7216,1733675700,1398,1329
2040,Codeforces Round 992 (Div. 2),levelNext,7216,1733675700,976,1015
2040,Codeforces Round 992 (Div. 2),n_jh,7216,1733675700,0,437
2040,Codeforces Round 992 (Div. 2),Blanket_blackness,7216,1733675700,1292,1247
2040,Codeforces Round 992 (Div. 2),Ishan2004,7216,1733675700,1425,1351
2040,Codeforces Round 992 (Div. 2),mistertfy64,7216,1733675700,1201,1178
2040,Codeforces Round 992 (Div. 2),KushLahoti,7216,1733675700,1110,1109
2040,Codeforces Round 992 (Div. 2),swaradapb113,7216,1733675700,1192,1171
2040,Codeforces Round 992 (Div. 2),Govind_Singh_Rajput,7216,1733675700,1004,1034
2040,Codeforces Round 992 (Div. 2),yashvardhan3,7216,1733675700,950,997
2040,Codeforces Round 992 (Div. 2),AanCloud,7216,1733675700,1153,1141
2040,Codeforces Round 992 (Div. 2),A_R_Adnan,7216,1733675700,1198,1175
2040,Codeforces Round 992 (Div. 2),Shash133,7216,1733675700,980,1017
2040,Codeforces Round 992 (Div. 2),isluzin,7216,1733675700,1401,1332
2040,Codeforces Round 992 (Div. 2),anushkat021,7216,1733675700,1147,1137
2040,Codeforces Round 992 (Div. 2),BlueWhale898,7216,1733675700,1100,1102
2040,Codeforces Round 992 (Div. 2),Joy2002,7216,1733675700,1075,1084
2040,Codeforces Round 992 (Div. 2),Sieucup2024_hieeuj,7216,1733675700,1145,1135
2040,Codeforces Round 992 (Div. 2),Shamim_khandakar,7216,1733675700,1250,1215
2040,Codeforces Round 992 (Div. 2),arsany_adel,7216,1733675700,999,1030
2040,Codeforces Round 992 (Div. 2),kha420,7216,1733675700,1203,1179
2040,Codeforces Round 992 (Div. 2),K_M_ZIAUR,7216,1733675700,1074,1083
2040,Codeforces Round 992 (Div. 2),_kritagya_,7249,1733675700,1060,1072
2040,Codeforces Round 992 (Div. 2),Coddoc,7249,1733675700,1101,1102
2040,Codeforces Round 992 (Div. 2),Shimu155,7249,1733675700,933,985
2040,Codeforces Round 992 (Div. 2),king_vsv,7249,1733675700,1079,1148
2040,Codeforces Round 992 (Div. 2),sakash_sirohi,7249,1733675700,1027,1049
2040,Codeforces Round 992 (Div. 2),sujoymondal,7249,1733675700,1133,1125
2040,Codeforces Round 992 (Div. 2),nightwalker440,7249,1733675700,1070,1080
2040,Codeforces Round 992 (Div. 2),23CS02002,7249,1733675700,1202,1178
2040,Codeforces Round 992 (Div. 2),mr_anuragkumar,7249,1733675700,1026,1049
2040,Codeforces Round 992 (Div. 2),PRAJESH14,7249,1733675700,748,914
2040,Codeforces Round 992 (Div. 2),emresaro,7249,1733675700,1103,1104
2040,Codeforces Round 992 (Div. 2),so-called-iitian,7249,1733675700,637,866
2040,Codeforces Round 992 (Div. 2),sonthaile2002,7249,1733675700,1300,1253
2040,Codeforces Round 992 (Div. 2),sumitsaw,7249,1733675700,889,956
2040,Codeforces Round 992 (Div. 2),Hamza_Taigo,7249,1733675700,991,1024
2040,Codeforces Round 992 (Div. 2),yug_lakhani,7249,1733675700,899,1015
2040,Codeforces Round 992 (Div. 2),mikkmos,7249,1733675700,1092,1096
2040,Codeforces Round 992 (Div. 2),salazar070406,7249,1733675700,923,978
2040,Codeforces Round 992 (Div. 2),outwitter,7249,1733675700,1517,1423
2040,Codeforces Round 992 (Div. 2),rikashisu,7249,1733675700,1048,1140
2040,Codeforces Round 992 (Div. 2),ayush_mnag,7249,1733675700,689,906
2040,Codeforces Round 992 (Div. 2),dhruva_k04,7249,1733675700,1159,1145
2040,Codeforces Round 992 (Div. 2),aLTtt,7249,1733675700,643,871
2040,Codeforces Round 992 (Div. 2),Sayan0p,7249,1733675700,407,708
2040,Codeforces Round 992 (Div. 2),_nightsweet,7249,1733675700,962,1073
2040,Codeforces Round 992 (Div. 2),shruti15,7249,1733675700,1193,1171
2040,Codeforces Round 992 (Div. 2),archit55,7249,1733675700,1209,1183
2040,Codeforces Round 992 (Div. 2),XAH3ORus54,7249,1733675700,1199,1175
2040,Codeforces Round 992 (Div. 2),Momit_Mahir,7249,1733675700,1242,1208
2040,Codeforces Round 992 (Div. 2),Shresth_Sharma,7249,1733675700,0,437
2040,Codeforces Round 992 (Div. 2),Mostafa_Mokhtar,7279,1733675700,928,981
2040,Codeforces Round 992 (Div. 2),Pa_tien_ce,7279,1733675700,1071,1080
2040,Codeforces Round 992 (Div. 2),HamLigar555,7279,1733675700,1150,1176
2040,Codeforces Round 992 (Div. 2),ByteVerse_,7279,1733675700,1110,1108
2040,Codeforces Round 992 (Div. 2),Orange_2006,7279,1733675700,674,894
2040,Codeforces Round 992 (Div. 2),arafat03,7279,1733675700,1066,1077
2040,Codeforces Round 992 (Div. 2),badmash_yash,7279,1733675700,0,436
2040,Codeforces Round 992 (Div. 2),umme_habiba17,7279,1733675700,981,1017
2040,Codeforces Round 992 (Div. 2),priynshu444,7279,1733675700,999,1064
2040,Codeforces Round 992 (Div. 2),zihad535,7279,1733675700,832,918
2040,Codeforces Round 992 (Div. 2),why_nt,7279,1733675700,935,986
2040,Codeforces Round 992 (Div. 2),bestows,7279,1733675700,920,976
2040,Codeforces Round 992 (Div. 2),om.asalkar,7279,1733675700,1243,1208
2040,Codeforces Round 992 (Div. 2),Wyx776161,7279,1733675700,1220,1191
2040,Codeforces Round 992 (Div. 2),pushkar3009,7279,1733675700,962,1004
2040,Codeforces Round 992 (Div. 2),anveshgandotra_,7279,1733675700,1214,1186
2040,Codeforces Round 992 (Div. 2),akshaya_siri,7279,1733675700,996,1027
2040,Codeforces Round 992 (Div. 2),not-knowing,7279,1733675700,1038,1057
2040,Codeforces Round 992 (Div. 2),tharun,7279,1733675700,1318,1266
2040,Codeforces Round 992 (Div. 2),0and1,7279,1733675700,1016,1041
2040,Codeforces Round 992 (Div. 2),Aiz3n,7279,1733675700,751,953
2040,Codeforces Round 992 (Div. 2),ntom_ok,7279,1733675700,1115,1112
2040,Codeforces Round 992 (Div. 2),ShonenDev,7301,1733675700,1098,1099
2040,Codeforces Round 992 (Div. 2),Ram_2809,7301,1733675700,1231,1199
2040,Codeforces Round 992 (Div. 2),Haagen-Dazsta,7301,1733675700,923,1042
2040,Codeforces Round 992 (Div. 2),0xaL4te,7301,1733675700,953,997
2040,Codeforces Round 992 (Div. 2),nwblanton,7301,1733675700,0,436
2040,Codeforces Round 992 (Div. 2),BillyJay,7301,1733675700,1513,1419
2040,Codeforces Round 992 (Div. 2),vigza,7301,1733675700,1392,1323
2040,Codeforces Round 992 (Div. 2),Mariam_Elshahat,7301,1733675700,1146,1134
2040,Codeforces Round 992 (Div. 2),Farfazon,7301,1733675700,736,859
2040,Codeforces Round 992 (Div. 2),Ricsae,7301,1733675700,762,961
2040,Codeforces Round 992 (Div. 2),nipunk6,7301,1733675700,0,436
2040,Codeforces Round 992 (Div. 2),pawanmsr,7301,1733675700,1461,1378
2040,Codeforces Round 992 (Div. 2),khanshamim8134,7301,1733675700,819,909
2040,Codeforces Round 992 (Div. 2),atul_004,7301,1733675700,1091,1094
2040,Codeforces Round 992 (Div. 2),goodby,7301,1733675700,1100,1101
2040,Codeforces Round 992 (Div. 2),bruh05,7301,1733675700,451,741
2040,Codeforces Round 992 (Div. 2),Igris78,7301,1733675700,965,1062
2040,Codeforces Round 992 (Div. 2),CodeNhieuViDeoCoGauOm,7301,1733675700,1292,1246
2040,Codeforces Round 992 (Div. 2),Galymov,7301,1733675700,939,988
2040,Codeforces Round 992 (Div. 2),asifluhar,7301,1733675700,1154,1140
2040,Codeforces Round 992 (Div. 2),codeunnati09,7301,1733675700,390,694
2040,Codeforces Round 992 (Div. 2),sunstarkkk,7301,1733675700,1167,1150
2040,Codeforces Round 992 (Div. 2),andrew.peng.canada,7301,1733675700,0,436
2040,Codeforces Round 992 (Div. 2),julien0704,7301,1733675700,945,1047
2040,Codeforces Round 992 (Div. 2),RoadToLGM_CF,7301,1733675700,1343,1285
2040,Codeforces Round 992 (Div. 2),aditya_5240,7301,1733675700,1108,1106
2040,Codeforces Round 992 (Div. 2),krishnamurari.roy0110,7301,1733675700,646,872
2040,Codeforces Round 992 (Div. 2),rahulsingh2003,7301,1733675700,1305,1256
2040,Codeforces Round 992 (Div. 2),JHON_THE_DON,7301,1733675700,897,960
2040,Codeforces Round 992 (Div. 2),Vinayyyyy,7330,1733675700,951,995
2040,Codeforces Round 992 (Div. 2),TryingButNewbie,7330,1733675700,1141,1130
2040,Codeforces Round 992 (Div. 2),tben,7330,1733675700,1037,1055
2040,Codeforces Round 992 (Div. 2),Amankumar__4,7330,1733675700,371,679
2040,Codeforces Round 992 (Div. 2),ctrl_binary,7330,1733675700,954,997
2040,Codeforces Round 992 (Div. 2),xiuoo0104,7330,1733675700,1159,1208
2040,Codeforces Round 992 (Div. 2),GoBananas69,7330,1733675700,1077,1145
2040,Codeforces Round 992 (Div. 2),vuthuychi,7330,1733675700,834,975
2040,Codeforces Round 992 (Div. 2),shadowmonarch_,7330,1733675700,1045,1060
2040,Codeforces Round 992 (Div. 2),harsh___mishra,7330,1733675700,1263,1223
2040,Codeforces Round 992 (Div. 2),nihao_codeforces,7330,1733675700,1319,1334
2040,Codeforces Round 992 (Div. 2),lucaski2,7330,1733675700,1305,1255
2040,Codeforces Round 992 (Div. 2),piyal12066,7330,1733675700,1110,1107
2040,Codeforces Round 992 (Div. 2),Solankisarkar,7330,1733675700,974,1011
2040,Codeforces Round 992 (Div. 2),poyiray,7330,1733675700,676,895
2040,Codeforces Round 992 (Div. 2),Deepak_7240,7330,1733675700,972,1009
2040,Codeforces Round 992 (Div. 2),garv1t_sharma,7330,1733675700,1116,1149
2040,Codeforces Round 992 (Div. 2),kiranardhi134,7330,1733675700,1091,1094
2040,Codeforces Round 992 (Div. 2),Andercau_Vasile,7330,1733675700,432,726
2040,Codeforces Round 992 (Div. 2),__TianShu__,7330,1733675700,1096,1160
2040,Codeforces Round 992 (Div. 2),sunny_0502,7330,1733675700,1209,1182
2040,Codeforces Round 992 (Div. 2),ChanNguyen,7330,1733675700,799,949
2040,Codeforces Round 992 (Div. 2),uwbt17,7330,1733675700,1432,1355
2040,Codeforces Round 992 (Div. 2),Somefolk,7330,1733675700,1152,1138
2040,Codeforces Round 992 (Div. 2),qqq3231,7354,1733675700,1076,1083
2040,Codeforces Round 992 (Div. 2),Acin03,7354,1733675700,1083,1149
2040,Codeforces Round 992 (Div. 2),MASRAFI221,7354,1733675700,1042,1058
2040,Codeforces Round 992 (Div. 2),kirill.uyangulov,7354,1733675700,1142,1168
2040,Codeforces Round 992 (Div. 2),irony101,7354,1733675700,673,892
2040,Codeforces Round 992 (Div. 2),Sarvagya73,7354,1733675700,377,683
2040,Codeforces Round 992 (Div. 2),ACandGold,7354,1733675700,588,828
2040,Codeforces Round 992 (Div. 2),noobra1,7354,1733675700,852,929
2040,Codeforces Round 992 (Div. 2),PringlePop12,7354,1733675700,651,875
2040,Codeforces Round 992 (Div. 2),muditlodha.3,7354,1733675700,1323,1269
2040,Codeforces Round 992 (Div. 2),It_Was__Chapter,7354,1733675700,1171,1152
2040,Codeforces Round 992 (Div. 2),divyansh237,7354,1733675700,1292,1245
2040,Codeforces Round 992 (Div. 2),mohit0011,7354,1733675700,798,895
2040,Codeforces Round 992 (Div. 2),Anubhav_Pandey,7354,1733675700,1439,1360
2040,Codeforces Round 992 (Div. 2),Kartik_Pasari,7354,1733675700,0,435
2040,Codeforces Round 992 (Div. 2),hmz,7354,1733675700,1294,1246
2040,Codeforces Round 992 (Div. 2),headerush,7354,1733675700,1249,1212
2040,Codeforces Round 992 (Div. 2),sprftw,7354,1733675700,871,1002
2040,Codeforces Round 992 (Div. 2),jaggudixit686,7354,1733675700,1063,1073
2040,Codeforces Round 992 (Div. 2),Vedanttttt_Pandey,7354,1733675700,1163,1146
2040,Codeforces Round 992 (Div. 2),Simp_lord,7354,1733675700,521,796
2040,Codeforces Round 992 (Div. 2),ishank_96,7375,1733675700,1069,1077
2040,Codeforces Round 992 (Div. 2),AU25_shira,7375,1733675700,0,435
2040,Codeforces Round 992 (Div. 2),Sapihahaha,7375,1733675700,936,984
2040,Codeforces Round 992 (Div. 2),adithya19,7375,1733675700,1270,1227
2040,Codeforces Round 992 (Div. 2),Sahil..,7375,1733675700,1223,1257
2040,Codeforces Round 992 (Div. 2),pranay_1237,7375,1733675700,1375,1309
2040,Codeforces Round 992 (Div. 2),Shahod,7375,1733675700,1551,1449
2040,Codeforces Round 992 (Div. 2),Andriy57,7375,1733675700,1163,1146
2040,Codeforces Round 992 (Div. 2),lusakanower,7375,1733675700,1021,1043
2040,Codeforces Round 992 (Div. 2),CED147,7375,1733675700,1014,1038
2040,Codeforces Round 992 (Div. 2),_shadow_18,7375,1733675700,1316,1263
2040,Codeforces Round 992 (Div. 2),karthikeyachanda,7375,1733675700,1115,1110
2040,Codeforces Round 992 (Div. 2),noah6,7375,1733675700,1116,1111
2040,Codeforces Round 992 (Div. 2),KohibariKurumi,7375,1733675700,1577,1469
2040,Codeforces Round 992 (Div. 2),kathan.parikh,7375,1733675700,1172,1152
2040,Codeforces Round 992 (Div. 2),vishal1620,7375,1733675700,1120,1114
2040,Codeforces Round 992 (Div. 2),AyanshSrivastava,7375,1733675700,1306,1255
2040,Codeforces Round 992 (Div. 2),YMW060612,7375,1733675700,937,1019
2040,Codeforces Round 992 (Div. 2),mythikos,7375,1733675700,1024,1119
2040,Codeforces Round 992 (Div. 2),UnsignedLine,7375,1733675700,1041,1057
2040,Codeforces Round 992 (Div. 2),phantomstar3.14,7375,1733675700,1248,1211
2040,Codeforces Round 992 (Div. 2),Hemanshu2003,7375,1733675700,1018,1040
2040,Codeforces Round 992 (Div. 2),fhsine,7375,1733675700,997,1025
2040,Codeforces Round 992 (Div. 2),praful_132002,7398,1733675700,992,1021
2040,Codeforces Round 992 (Div. 2),Simarjeeet_05,7398,1733675700,943,988
2040,Codeforces Round 992 (Div. 2),Shahriar_Imran,7398,1733675700,1260,1219
2040,Codeforces Round 992 (Div. 2),RIFAT048,7398,1733675700,1215,1185
2040,Codeforces Round 992 (Div. 2),_bahut__dukh_,7398,1733675700,1351,1290
2040,Codeforces Round 992 (Div. 2),5um,7398,1733675700,1447,1365
2040,Codeforces Round 992 (Div. 2),_Jahongir_,7398,1733675700,1149,1135
2040,Codeforces Round 992 (Div. 2),nanhkhang23ti,7398,1733675700,1056,1067
2040,Codeforces Round 992 (Div. 2),prolibek,7398,1733675700,1283,1237
2040,Codeforces Round 992 (Div. 2),Orion_2004,7398,1733675700,1290,1242
2040,Codeforces Round 992 (Div. 2),harsh-iiti,7398,1733675700,917,971
2040,Codeforces Round 992 (Div. 2),sholuistic.,7398,1733675700,1085,1088
2040,Codeforces Round 992 (Div. 2),bhavesh_aswani,7398,1733675700,1031,1049
2040,Codeforces Round 992 (Div. 2),theapexpredator_10,7398,1733675700,1232,1198
2040,Codeforces Round 992 (Div. 2),Pronoy_Deb,7398,1733675700,1276,1232
2040,Codeforces Round 992 (Div. 2),mehulsaini249,7398,1733675700,998,1061
2040,Codeforces Round 992 (Div. 2),RMaple,7398,1733675700,1069,1076
2040,Codeforces Round 992 (Div. 2),nayan_2207,7398,1733675700,1205,1177
2040,Codeforces Round 992 (Div. 2),WajdAlmadi,7398,1733675700,1068,1076
2040,Codeforces Round 992 (Div. 2),SidA003,7398,1733675700,1297,1248
2040,Codeforces Round 992 (Div. 2),tnwrshubham52,7398,1733675700,1232,1198
2040,Codeforces Round 992 (Div. 2),mr.grory,7398,1733675700,1018,1040
2040,Codeforces Round 992 (Div. 2),Tianyu_miao,7398,1733675700,1376,1309
2040,Codeforces Round 992 (Div. 2),turjokhan535,7421,1733675700,1038,1053
2040,Codeforces Round 992 (Div. 2),Ivanov_Slava,7421,1733675700,1147,1133
2040,Codeforces Round 992 (Div. 2),TRfirst,7421,1733675700,1424,1347
2040,Codeforces Round 992 (Div. 2),abdikadyr,7421,1733675700,1131,1121
2040,Codeforces Round 992 (Div. 2),codecoy,7421,1733675700,1013,1036
2040,Codeforces Round 992 (Div. 2),MitaliG,7421,1733675700,1047,1060
2040,Codeforces Round 992 (Div. 2),Akin2010,7421,1733675700,1318,1264
2040,Codeforces Round 992 (Div. 2),impupil1207,7421,1733675700,979,1012
2040,Codeforces Round 992 (Div. 2),Bald1nD,7421,1733675700,1429,1351
2040,Codeforces Round 992 (Div. 2),xxxx1234,7421,1733675700,1052,1063
2040,Codeforces Round 992 (Div. 2),Priyanshu275,7421,1733675700,1168,1148
2040,Codeforces Round 992 (Div. 2),artin.mz,7421,1733675700,1177,1155
2040,Codeforces Round 992 (Div. 2),kranjis,7421,1733675700,1143,1130
2040,Codeforces Round 992 (Div. 2),Noppo6,7421,1733675700,1060,1069
2040,Codeforces Round 992 (Div. 2),Dhanraj_12,7421,1733675700,1036,1052
2040,Codeforces Round 992 (Div. 2),christmas964,7421,1733675700,1352,1291
2040,Codeforces Round 992 (Div. 2),abhiraj_CF,7421,1733675700,959,1068
2040,Codeforces Round 992 (Div. 2),pa22_,7421,1733675700,927,977
2040,Codeforces Round 992 (Div. 2),jaipkapoor,7421,1733675700,1190,1166
2040,Codeforces Round 992 (Div. 2),S.A.ALIF,7421,1733675700,980,1013
2040,Codeforces Round 992 (Div. 2),rishinotfound,7421,1733675700,928,1011
2040,Codeforces Round 992 (Div. 2),Vara_vpr,7421,1733675700,1081,1084
2040,Codeforces Round 992 (Div. 2),Norway_,7421,1733675700,832,915
2040,Codeforces Round 992 (Div. 2),Unstoppable_Aman,7421,1733675700,1024,1044
2040,Codeforces Round 992 (Div. 2),30yardstopbin,7421,1733675700,1215,1184
2040,Codeforces Round 992 (Div. 2),tdkhai,7421,1733675700,1577,1468
2040,Codeforces Round 992 (Div. 2),pratyush.k,7421,1733675700,929,978
2040,Codeforces Round 992 (Div. 2),TheHero29,7448,1733675700,1185,1161
2040,Codeforces Round 992 (Div. 2),dammuchaitanya,7448,1733675700,1048,1060
2040,Codeforces Round 992 (Div. 2),TERRA2k5,7448,1733675700,1191,1166
2040,Codeforces Round 992 (Div. 2),aneesh_bansal30,7448,1733675700,1027,1081
2040,Codeforces Round 992 (Div. 2),chenyanhan,7448,1733675700,1040,1054
2040,Codeforces Round 992 (Div. 2),samkitj,7448,1733675700,1028,1046
2040,Codeforces Round 992 (Div. 2),creazydiamond,7448,1733675700,768,924
2040,Codeforces Round 992 (Div. 2),Dharya42,7448,1733675700,1178,1156
2040,Codeforces Round 992 (Div. 2),gamer205,7448,1733675700,1116,1109
2040,Codeforces Round 992 (Div. 2),eragon_shadeslayer,7448,1733675700,1167,1148
2040,Codeforces Round 992 (Div. 2),hark,7448,1733675700,930,978
2040,Codeforces Round 992 (Div. 2),sania.rajabi,7448,1733675700,1187,1163
2040,Codeforces Round 992 (Div. 2),arf01,7448,1733675700,1106,1102
2040,Codeforces Round 992 (Div. 2),supriyakumari82982,7448,1733675700,1009,1032
2040,Codeforces Round 992 (Div. 2),Enryue,7448,1733675700,1165,1146
2040,Codeforces Round 992 (Div. 2),pomposka,7448,1733675700,843,979
2040,Codeforces Round 992 (Div. 2),In_Shaa_Allah_I_can,7448,1733675700,0,434
2040,Codeforces Round 992 (Div. 2),raj_tilak,7448,1733675700,1027,1045
2040,Codeforces Round 992 (Div. 2),saimadhav,7448,1733675700,1126,1117
2040,Codeforces Round 992 (Div. 2),22bec031,7448,1733675700,787,886
2040,Codeforces Round 992 (Div. 2),Kaytbay,7448,1733675700,1128,1118
2040,Codeforces Round 992 (Div. 2),Vineyard9,7448,1733675700,0,434
2040,Codeforces Round 992 (Div. 2),At_tiwari078,7448,1733675700,999,1084
2040,Codeforces Round 992 (Div. 2),am_aadvik,7448,1733675700,1453,1369
2040,Codeforces Round 992 (Div. 2),lcs2023056,7448,1733675700,0,434
2040,Codeforces Round 992 (Div. 2),O_C,7448,1733675700,0,434
2040,Codeforces Round 992 (Div. 2),suryajyoti02,7448,1733675700,1490,1399
2040,Codeforces Round 992 (Div. 2),yuanxinping,7448,1733675700,1110,1105
2040,Codeforces Round 992 (Div. 2),saisriramdodda1302,7476,1733675700,1191,1165
2040,Codeforces Round 992 (Div. 2),imsurya_156,7476,1733675700,937,982
2040,Codeforces Round 992 (Div. 2),devess,7476,1733675700,1150,1134
2040,Codeforces Round 992 (Div. 2),bgt,7476,1733675700,1009,1032
2040,Codeforces Round 992 (Div. 2),SHOEBILL,7476,1733675700,872,1001
2040,Codeforces Round 992 (Div. 2),longg_08,7476,1733675700,0,433
2040,Codeforces Round 992 (Div. 2),uint32_t,7476,1733675700,1035,1126
2040,Codeforces Round 992 (Div. 2),Hanuman_2763,7476,1733675700,1056,1143
2040,Codeforces Round 992 (Div. 2),FaroukM,7476,1733675700,1124,1115
2040,Codeforces Round 992 (Div. 2),_shivam123_,7476,1733675700,1042,1055
2040,Codeforces Round 992 (Div. 2),_DUCKUP_,7476,1733675700,1078,1081
2040,Codeforces Round 992 (Div. 2),traveler_47,7476,1733675700,1473,1385
2040,Codeforces Round 992 (Div. 2),RK_27.push,7476,1733675700,1018,1038
2040,Codeforces Round 992 (Div. 2),devansh2624,7476,1733675700,973,1007
2040,Codeforces Round 992 (Div. 2),dpmaharathy,7476,1733675700,1231,1196
2040,Codeforces Round 992 (Div. 2),MilkMangoTea754,7476,1733675700,545,813
2040,Codeforces Round 992 (Div. 2),Deadly_,7476,1733675700,979,1011
2040,Codeforces Round 992 (Div. 2),n_k_003,7476,1733675700,1416,1379
2040,Codeforces Round 992 (Div. 2),cqsabc,7476,1733675700,1087,1088
2040,Codeforces Round 992 (Div. 2),mohitonly,7476,1733675700,1156,1139
2040,Codeforces Round 992 (Div. 2),_Vimal,7476,1733675700,1097,1095
2040,Codeforces Round 992 (Div. 2),hananononisaku,7476,1733675700,1117,1110
2040,Codeforces Round 992 (Div. 2),Tiny_Coder69,7498,1733675700,943,1055
2040,Codeforces Round 992 (Div. 2),AfterTheWinter,7498,1733675700,1358,1294
2040,Codeforces Round 992 (Div. 2),hoonbae,7498,1733675700,1088,1088
2040,Codeforces Round 992 (Div. 2),Black_Panthera,7498,1733675700,1143,1129
2040,Codeforces Round 992 (Div. 2),_UV,7498,1733675700,1115,1108
2040,Codeforces Round 992 (Div. 2),tanisha_d,7498,1733675700,603,836
2040,Codeforces Round 992 (Div. 2),ChinmayA_G,7498,1733675700,1403,1330
2040,Codeforces Round 992 (Div. 2),Liushenwuzhu,7498,1733675700,1407,1332
2040,Codeforces Round 992 (Div. 2),Fengye1095,7498,1733675700,450,738
2040,Codeforces Round 992 (Div. 2),cxx20050211,7498,1733675700,1018,1038
2040,Codeforces Round 992 (Div. 2),wangfuliang13181354616,7498,1733675700,1083,1084
2040,Codeforces Round 992 (Div. 2),Chandu_Lakkimsetti,7498,1733675700,1060,1068
2040,Codeforces Round 992 (Div. 2),sj0123,7498,1733675700,927,1009
2040,Codeforces Round 992 (Div. 2),Shresth_Rai,7498,1733675700,1061,1068
2040,Codeforces Round 992 (Div. 2),ApurvGangavane,7498,1733675700,935,1014
2040,Codeforces Round 992 (Div. 2),tsengang,7498,1733675700,1259,1217
2040,Codeforces Round 992 (Div. 2),CaioFleury,7498,1733675700,361,668
2040,Codeforces Round 992 (Div. 2),jan1337,7498,1733675700,1204,1175
2040,Codeforces Round 992 (Div. 2),yemenlander,7498,1733675700,1227,1192
2040,Codeforces Round 992 (Div. 2),onlynewpeace,7498,1733675700,0,433
2040,Codeforces Round 992 (Div. 2),ShivanandH,7518,1733675700,961,997
2040,Codeforces Round 992 (Div. 2),ankur_04,7518,1733675700,1022,1040
2040,Codeforces Round 992 (Div. 2),niloychowdhury,7518,1733675700,1147,1131
2040,Codeforces Round 992 (Div. 2),-Medo-,7518,1733675700,708,836
2040,Codeforces Round 992 (Div. 2),adilakhmetov,7518,1733675700,1111,1141
2040,Codeforces Round 992 (Div. 2),Jayket,7518,1733675700,1508,1412
2040,Codeforces Round 992 (Div. 2),JosephMehdiyev,7518,1733675700,955,993
2040,Codeforces Round 992 (Div. 2),Razzle,7518,1733675700,1242,1203
2040,Codeforces Round 992 (Div. 2),Uzumaki123,7518,1733675700,1105,1100
2040,Codeforces Round 992 (Div. 2),Shadid_H_Niloy,7518,1733675700,729,849
2040,Codeforces Round 992 (Div. 2),Rushii007,7518,1733675700,366,672
2040,Codeforces Round 992 (Div. 2),Anonymous8942,7518,1733675700,726,846
2040,Codeforces Round 992 (Div. 2),Sa3dny,7518,1733675700,996,1022
2040,Codeforces Round 992 (Div. 2),alter__,7518,1733675700,1098,1095
2040,Codeforces Round 992 (Div. 2),avichan,7518,1733675700,1062,1069
2040,Codeforces Round 992 (Div. 2),averagecper,7518,1733675700,1269,1224
2040,Codeforces Round 992 (Div. 2),dream_chaser_,7518,1733675700,1204,1174
2040,Codeforces Round 992 (Div. 2),ja-twe,7518,1733675700,681,895
2040,Codeforces Round 992 (Div. 2),Nikhildeshmukh,7518,1733675700,1118,1109
2040,Codeforces Round 992 (Div. 2),foonssk,7518,1733675700,1104,1099
2040,Codeforces Round 992 (Div. 2),sunga25,7518,1733675700,651,872
2040,Codeforces Round 992 (Div. 2),_kaal__,7518,1733675700,1367,1301
2040,Codeforces Round 992 (Div. 2),mitzzg,7518,1733675700,937,981
2040,Codeforces Round 992 (Div. 2),kubayaxi,7518,1733675700,986,1015
2040,Codeforces Round 992 (Div. 2),gargayush845,7518,1733675700,0,433
2040,Codeforces Round 992 (Div. 2),ProfessorSS,7518,1733675700,1278,1231
2040,Codeforces Round 992 (Div. 2),revper,7518,1733675700,1420,1342
2040,Codeforces Round 992 (Div. 2),madara_uchiha_5,7518,1733675700,1140,1125
2040,Codeforces Round 992 (Div. 2),mithileshsingh040,7518,1733675700,992,1092
2040,Codeforces Round 992 (Div. 2),miriyalasurya090,7547,1733675700,1142,1127
2040,Codeforces Round 992 (Div. 2),mrysn,7547,1733675700,1014,1034
2040,Codeforces Round 992 (Div. 2),p_2626,7547,1733675700,1087,1123
2040,Codeforces Round 992 (Div. 2),Masteguy,7547,1733675700,865,1038
2040,Codeforces Round 992 (Div. 2),erm_what_the_sigma,7547,1733675700,918,1035
2040,Codeforces Round 992 (Div. 2),lithiumpilled,7547,1733675700,1174,1151
2040,Codeforces Round 992 (Div. 2),peakyPirate,7547,1733675700,965,1057
2040,Codeforces Round 992 (Div. 2),tejbir_7,7547,1733675700,634,859
2040,Codeforces Round 992 (Div. 2),schmOple,7547,1733675700,981,1011
2040,Codeforces Round 992 (Div. 2),NoobyCoder3.14,7547,1733675700,1129,1181
2040,Codeforces Round 992 (Div. 2),Zwist,7547,1733675700,882,944
2040,Codeforces Round 992 (Div. 2),Ropraite,7547,1733675700,1080,1081
2040,Codeforces Round 992 (Div. 2),RahulBisht,7547,1733675700,912,964
2040,Codeforces Round 992 (Div. 2),ritiksrivastav773,7547,1733675700,944,985
2040,Codeforces Round 992 (Div. 2),rajkhowamadhujya0,7547,1733675700,1030,1106
2040,Codeforces Round 992 (Div. 2),mmislam,7547,1733675700,993,1019
2040,Codeforces Round 992 (Div. 2),rahulcancode,7547,1733675700,442,730
2040,Codeforces Round 992 (Div. 2),vishal2043,7547,1733675700,1227,1191
2040,Codeforces Round 992 (Div. 2),Tarang_Agrawal,7547,1733675700,1448,1364
2040,Codeforces Round 992 (Div. 2),vasude_v,7547,1733675700,1194,1166
2040,Codeforces Round 992 (Div. 2),PiiiiiiG,7547,1733675700,360,666
2040,Codeforces Round 992 (Div. 2),Rizzle_Whizzle90,7547,1733675700,943,985
2040,Codeforces Round 992 (Div. 2),wangzs,7547,1733675700,1145,1129
2040,Codeforces Round 992 (Div. 2),HadesKraken,7547,1733675700,1009,1030
2040,Codeforces Round 992 (Div. 2),Samay_Raina,7547,1733675700,1234,1197
2040,Codeforces Round 992 (Div. 2),atul_21,7547,1733675700,1139,1124
2040,Codeforces Round 992 (Div. 2),VaibhavVerma,7547,1733675700,1311,1257
2040,Codeforces Round 992 (Div. 2),Forge,7574,1733675700,1383,1312
2040,Codeforces Round 992 (Div. 2),Chabchoubii,7574,1733675700,831,968
2040,Codeforces Round 992 (Div. 2),b.piash,7574,1733675700,1109,1102
2040,Codeforces Round 992 (Div. 2),__MAYURA_08__,7574,1733675700,0,432
2040,Codeforces Round 992 (Div. 2),Harsh_Sharawat,7574,1733675700,1187,1161
2040,Codeforces Round 992 (Div. 2),9Kitsune,7574,1733675700,1397,1323
2040,Codeforces Round 992 (Div. 2),maks_k,7574,1733675700,425,717
2040,Codeforces Round 992 (Div. 2),Tackletoe,7574,1733675700,1022,1039
2040,Codeforces Round 992 (Div. 2),user8885Vp,7574,1733675700,1115,1106
2040,Codeforces Round 992 (Div. 2),aleC_aleC,7574,1733675700,1072,1075
2040,Codeforces Round 992 (Div. 2),codeforkoushik,7574,1733675700,1162,1142
2040,Codeforces Round 992 (Div. 2),tooourist,7574,1733675700,1252,1210
2040,Codeforces Round 992 (Div. 2),a29896000,7574,1733675700,1197,1234
2040,Codeforces Round 992 (Div. 2),sachinkashi21,7574,1733675700,393,692
2040,Codeforces Round 992 (Div. 2),Alsidius,7574,1733675700,1041,1053
2040,Codeforces Round 992 (Div. 2),mayiyuzhe,7574,1733675700,703,911
2040,Codeforces Round 992 (Div. 2),prabha36,7574,1733675700,783,880
2040,Codeforces Round 992 (Div. 2),Shauryacious,7591,1733675700,1146,1129
2040,Codeforces Round 992 (Div. 2),Yugsharma_iitr,7591,1733675700,1049,1094
2040,Codeforces Round 992 (Div. 2),Refaat.,7591,1733675700,1184,1158
2040,Codeforces Round 992 (Div. 2),FA19,7591,1733675700,1022,1039
2040,Codeforces Round 992 (Div. 2),CypherSage,7591,1733675700,1198,1207
2040,Codeforces Round 992 (Div. 2),Abhishek_16_06,7591,1733675700,605,836
2040,Codeforces Round 992 (Div. 2),ankit9362,7591,1733675700,1102,1096
2040,Codeforces Round 992 (Div. 2),paramj,7591,1733675700,1191,1163
2040,Codeforces Round 992 (Div. 2),lmtimsy,7591,1733675700,951,989
2040,Codeforces Round 992 (Div. 2),ywb_x,7591,1733675700,1501,1405
2040,Codeforces Round 992 (Div. 2),Parthtaneja,7591,1733675700,879,941
2040,Codeforces Round 992 (Div. 2),pkm_1226,7591,1733675700,1116,1107
2040,Codeforces Round 992 (Div. 2),yarathealmighty,7591,1733675700,910,1015
2040,Codeforces Round 992 (Div. 2),Muhammad__Ali,7591,1733675700,1140,1124
2040,Codeforces Round 992 (Div. 2),nidemingziyibeideng,7591,1733675700,681,894
2040,Codeforces Round 992 (Div. 2),Slime_sensei,7591,1733675700,1072,1074
2040,Codeforces Round 992 (Div. 2),saq_6072ahmed,7591,1733675700,974,1005
2040,Codeforces Round 992 (Div. 2),vs412803,7591,1733675700,1028,1043
2040,Codeforces Round 992 (Div. 2),I_am_waqib_,7591,1733675700,990,1016
2040,Codeforces Round 992 (Div. 2),AyBarnwal,7591,1733675700,745,856
2040,Codeforces Round 992 (Div. 2),HemantPathak,7591,1733675700,1130,1117
2040,Codeforces Round 992 (Div. 2),Errorspect19,7591,1733675700,1321,1263
2040,Codeforces Round 992 (Div. 2),Achintya4113,7591,1733675700,1096,1092
2040,Codeforces Round 992 (Div. 2),Olonge,7614,1733675700,1199,1169
2040,Codeforces Round 992 (Div. 2),PR713,7614,1733675700,995,1019
2040,Codeforces Round 992 (Div. 2),toxik,7614,1733675700,1145,1128
2040,Codeforces Round 992 (Div. 2),mostly.optimistic,7614,1733675700,1502,1406
2040,Codeforces Round 992 (Div. 2),sootymeerkat_17,7614,1733675700,1042,1089
2040,Codeforces Round 992 (Div. 2),Ra7_aljaml_bima_7aml,7614,1733675700,1268,1222
2040,Codeforces Round 992 (Div. 2),parsisor,7614,1733675700,1171,1147
2040,Codeforces Round 992 (Div. 2),sriharsharaoc06,7614,1733675700,376,678
2040,Codeforces Round 992 (Div. 2),One_Head,7614,1733675700,1278,1230
2040,Codeforces Round 992 (Div. 2),2019266,7614,1733675700,860,961
2040,Codeforces Round 992 (Div. 2),dhiru.4211,7614,1733675700,993,1018
2040,Codeforces Round 992 (Div. 2),chethan_10,7614,1733675700,950,988
2040,Codeforces Round 992 (Div. 2),priyanshu.codejee123,7614,1733675700,844,918
2040,Codeforces Round 992 (Div. 2),aviO7,7614,1733675700,868,933
2040,Codeforces Round 992 (Div. 2),BK_sky,7614,1733675700,1457,1370
2040,Codeforces Round 992 (Div. 2),lmphuong07hcm,7614,1733675700,382,683
2040,Codeforces Round 992 (Div. 2),CheeseUncia,7614,1733675700,414,708
2040,Codeforces Round 992 (Div. 2),Suman_Mandol,7614,1733675700,1230,1193
2040,Codeforces Round 992 (Div. 2),ArnavSharma,7614,1733675700,1170,1147
2040,Codeforces Round 992 (Div. 2),NagaRohithKumar,7614,1733675700,1051,1059
2040,Codeforces Round 992 (Div. 2),3_days,7614,1733675700,1187,1160
2040,Codeforces Round 992 (Div. 2),Legendary_GrandTiger,7635,1733675700,1087,1084
2040,Codeforces Round 992 (Div. 2),karmakarishan2004,7635,1733675700,1127,1114
2040,Codeforces Round 992 (Div. 2),Krishna-7,7635,1733675700,1146,1128
2040,Codeforces Round 992 (Div. 2),ishowmeat,7635,1733675700,855,985
2040,Codeforces Round 992 (Div. 2),your_name16,7635,1733675700,958,993
2040,Codeforces Round 992 (Div. 2),EeSalaCupNamde,7635,1733675700,966,1070
2040,Codeforces Round 992 (Div. 2),shivam.kaushik0,7635,1733675700,884,943
2040,Codeforces Round 992 (Div. 2),Chaitanya38,7635,1733675700,1080,1079
2040,Codeforces Round 992 (Div. 2),MEYSAM.pd,7635,1733675700,0,431
2040,Codeforces Round 992 (Div. 2),Dileep_Gampala,7635,1733675700,1004,1025
2040,Codeforces Round 992 (Div. 2),skjskj,7635,1733675700,738,937
2040,Codeforces Round 992 (Div. 2),KaedeharaKazuha,7635,1733675700,1245,1204
2040,Codeforces Round 992 (Div. 2),alokprince,7635,1733675700,1227,1189
2040,Codeforces Round 992 (Div. 2),Kolli_Kesav,7635,1733675700,1161,1140
2040,Codeforces Round 992 (Div. 2),shrey2003,7635,1733675700,1289,1277
2040,Codeforces Round 992 (Div. 2),virtualAdarsh,7635,1733675700,1254,1210
2040,Codeforces Round 992 (Div. 2),satyagyasingh,7635,1733675700,1337,1275
2040,Codeforces Round 992 (Div. 2),jaivardhanrao,7635,1733675700,922,968
2040,Codeforces Round 992 (Div. 2),ArminAmirfatahi,7635,1733675700,1235,1196
2040,Codeforces Round 992 (Div. 2),viraj_217,7635,1733675700,593,826
2040,Codeforces Round 992 (Div. 2),alokkumar25062005,7635,1733675700,1016,1033
2040,Codeforces Round 992 (Div. 2),PonbaPanda,7635,1733675700,782,931
2040,Codeforces Round 992 (Div. 2),arnabpachal2004,7635,1733675700,1023,1038
2040,Codeforces Round 992 (Div. 2),vulture1005,7635,1733675700,404,700
2040,Codeforces Round 992 (Div. 2),TheSentro,7635,1733675700,952,989
2040,Codeforces Round 992 (Div. 2),sethiyaharshal,7635,1733675700,1030,1043
2040,Codeforces Round 992 (Div. 2),1_Erkanat_1,7635,1733675700,1278,1229
2040,Codeforces Round 992 (Div. 2),AryanG01,7635,1733675700,812,896
2040,Codeforces Round 992 (Div. 2),-naveen-,7635,1733675700,1083,1081
2040,Codeforces Round 992 (Div. 2),Love_Elaina,7635,1733675700,1455,1368
2040,Codeforces Round 992 (Div. 2),Bill35,7635,1733675700,1046,1055
2040,Codeforces Round 992 (Div. 2),mamali,7635,1733675700,943,982
2040,Codeforces Round 992 (Div. 2),justaguywhoissleeping,7667,1733675700,1003,1023
2040,Codeforces Round 992 (Div. 2),mahesh2005a,7667,1733675700,1017,1033
2040,Codeforces Round 992 (Div. 2),Lavox,7667,1733675700,876,1001
2040,Codeforces Round 992 (Div. 2),khushi_mishra,7667,1733675700,1140,1123
2040,Codeforces Round 992 (Div. 2),susamogus154,7667,1733675700,1136,1185
2040,Codeforces Round 992 (Div. 2),your_dream,7667,1733675700,1334,1272
2040,Codeforces Round 992 (Div. 2),PriyanshuRaj1000,7667,1733675700,1073,1074
2040,Codeforces Round 992 (Div. 2),10086s,7667,1733675700,1215,1180
2040,Codeforces Round 992 (Div. 2),GOW1455,7667,1733675700,1177,1189
2040,Codeforces Round 992 (Div. 2),RamezRagaay,7667,1733675700,1282,1232
2040,Codeforces Round 992 (Div. 2),sandeshpandey2032,7667,1733675700,987,1013
2040,Codeforces Round 992 (Div. 2),AdarshDagur,7667,1733675700,954,989
2040,Codeforces Round 992 (Div. 2),INFINI1Y,7667,1733675700,925,1004
2040,Codeforces Round 992 (Div. 2),shank_on_,7667,1733675700,996,1019
2040,Codeforces Round 992 (Div. 2),.sempai,7667,1733675700,967,998
2040,Codeforces Round 992 (Div. 2),khan3575,7667,1733675700,1111,1101
2040,Codeforces Round 992 (Div. 2),Manwella_Emad,7667,1733675700,875,936
2040,Codeforces Round 992 (Div. 2),noari,7667,1733675700,1304,1249
2040,Codeforces Round 992 (Div. 2),L_theKira,7667,1733675700,0,431
2040,Codeforces Round 992 (Div. 2),k.i.t,7667,1733675700,715,836
2040,Codeforces Round 992 (Div. 2),Isa231,7667,1733675700,614,841
2040,Codeforces Round 992 (Div. 2),Vrinda_156,7688,1733675700,807,948
2040,Codeforces Round 992 (Div. 2),MR.ISMAYIL,7688,1733675700,955,1047
2040,Codeforces Round 992 (Div. 2),0987azaaz65,7688,1733675700,939,979
2040,Codeforces Round 992 (Div. 2),Beholder_1010,7688,1733675700,1188,1159
2040,Codeforces Round 992 (Div. 2),nnVADIMnn,7688,1733675700,0,430
2040,Codeforces Round 992 (Div. 2),safe1,7688,1733675700,966,1032
2040,Codeforces Round 992 (Div. 2),codesuv,7688,1733675700,1258,1213
2040,Codeforces Round 992 (Div. 2),roger_goat_div,7688,1733675700,661,877
2040,Codeforces Round 992 (Div. 2),suraj_soni999,7688,1733675700,1063,1066
2040,Codeforces Round 992 (Div. 2),Black_Rock_8025,7688,1733675700,975,1003
2040,Codeforces Round 992 (Div. 2),hslk,7688,1733675700,1353,1287
2040,Codeforces Round 992 (Div. 2),harilakshman24,7688,1733675700,953,988
2040,Codeforces Round 992 (Div. 2),zsqqqqq,7688,1733675700,0,430
2040,Codeforces Round 992 (Div. 2),posthellar,7688,1733675700,1075,1075
2040,Codeforces Round 992 (Div. 2),Tasin23,7688,1733675700,753,859
2040,Codeforces Round 992 (Div. 2),madhav_g,7688,1733675700,725,842
2040,Codeforces Round 992 (Div. 2),shikhar_the_beginner,7688,1733675700,1023,1037
2040,Codeforces Round 992 (Div. 2),Legendary_king,7688,1733675700,1202,1170
2040,Codeforces Round 992 (Div. 2),I_So_Honry,7688,1733675700,0,430
2040,Codeforces Round 992 (Div. 2),tejaskk.13,7688,1733675700,1212,1177
2040,Codeforces Round 992 (Div. 2),RahulSinha2003,7688,1733675700,361,665
2040,Codeforces Round 992 (Div. 2),hsharda,7688,1733675700,427,716
2040,Codeforces Round 992 (Div. 2),Saiya-jin_x07,7688,1733675700,1118,1188
2040,Codeforces Round 992 (Div. 2),Zpk9blm,7688,1733675700,1181,1154
2040,Codeforces Round 992 (Div. 2),zzx8770,7688,1733675700,1190,1227
2040,Codeforces Round 992 (Div. 2),grandwarden,7688,1733675700,1202,1170
2040,Codeforces Round 992 (Div. 2),pranjalchabra0,7714,1733675700,1164,1179
2040,Codeforces Round 992 (Div. 2),Egor220807,7714,1733675700,1045,1052
2040,Codeforces Round 992 (Div. 2),Tamal_Ghosh,7714,1733675700,850,919
2040,Codeforces Round 992 (Div. 2),__Frank__,7714,1733675700,0,430
2040,Codeforces Round 992 (Div. 2),SudoKuder,7714,1733675700,1106,1135
2040,Codeforces Round 992 (Div. 2),thesparshgoyal,7714,1733675700,1125,1111
2040,Codeforces Round 992 (Div. 2),Apoorv_Dubey,7714,1733675700,1280,1230
2040,Codeforces Round 992 (Div. 2),krikera,7714,1733675700,1106,1135
2040,Codeforces Round 992 (Div. 2),Ahir_Alam,7714,1733675700,1349,1283
2040,Codeforces Round 992 (Div. 2),RCSohan_06,7714,1733675700,399,694
2040,Codeforces Round 992 (Div. 2),Huhh_,7714,1733675700,1078,1076
2040,Codeforces Round 992 (Div. 2),L_eonardo_,7714,1733675700,1167,1143
2040,Codeforces Round 992 (Div. 2),dishankkkkkkk,7714,1733675700,390,687
2040,Codeforces Round 992 (Div. 2),ebenlim08,7714,1733675700,1002,1022
2040,Codeforces Round 992 (Div. 2),vishal.y,7714,1733675700,1092,1087
2040,Codeforces Round 992 (Div. 2),mumm00z,7714,1733675700,1115,1104
2040,Codeforces Round 992 (Div. 2),Kai_06,7714,1733675700,1036,1107
2040,Codeforces Round 992 (Div. 2),fggggsdf,7714,1733675700,950,986
2040,Codeforces Round 992 (Div. 2),ladnoooo,7714,1733675700,1069,1070
2040,Codeforces Round 992 (Div. 2),Cuant_guy,7714,1733675700,1312,1254
2040,Codeforces Round 992 (Div. 2),penne,7734,1733675700,432,720
2040,Codeforces Round 992 (Div. 2),xiao14ren,7734,1733675700,1417,1337
2040,Codeforces Round 992 (Div. 2),Cooldude8646,7734,1733675700,670,883
2040,Codeforces Round 992 (Div. 2),EpicFailure404,7734,1733675700,990,1013
2040,Codeforces Round 992 (Div. 2),amishak___,7734,1733675700,1184,1155
2040,Codeforces Round 992 (Div. 2),vivekpal24,7734,1733675700,1144,1163
2040,Codeforces Round 992 (Div. 2),harshkaushik2507,7734,1733675700,877,1000
2040,Codeforces Round 992 (Div. 2),devSarvik-iitd,7734,1733675700,0,430
2040,Codeforces Round 992 (Div. 2),mamine27,7734,1733675700,844,915
2040,Codeforces Round 992 (Div. 2),sahil_beck,7734,1733675700,1502,1404
2040,Codeforces Round 992 (Div. 2),AA7med_N3GEH,7734,1733675700,1248,1204
2040,Codeforces Round 992 (Div. 2),Nitin_Bansal,7734,1733675700,886,942
2040,Codeforces Round 992 (Div. 2),Mustain98,7734,1733675700,0,430
2040,Codeforces Round 992 (Div. 2),tushar_sharma45,7734,1733675700,587,820
2040,Codeforces Round 992 (Div. 2),shorif274,7734,1733675700,952,987
2040,Codeforces Round 992 (Div. 2),nazeer18,7734,1733675700,1269,1221
2040,Codeforces Round 992 (Div. 2),subado,7734,1733675700,978,1005
2040,Codeforces Round 992 (Div. 2),noonomyen,7734,1733675700,817,897
2040,Codeforces Round 992 (Div. 2),liquidiced,7734,1733675700,382,681
2040,Codeforces Round 992 (Div. 2),chaoslong,7753,1733675700,1482,1388
2040,Codeforces Round 992 (Div. 2),samvidpundir799,7753,1733675700,1363,1294
2040,Codeforces Round 992 (Div. 2),Sart_Adi,7753,1733675700,1353,1286
2040,Codeforces Round 992 (Div. 2),Darshill,7753,1733675700,1569,1458
2040,Codeforces Round 992 (Div. 2),gk_,7753,1733675700,1013,1029
2040,Codeforces Round 992 (Div. 2),Ayikong,7753,1733675700,1171,1145
2040,Codeforces Round 992 (Div. 2),vanshJA2052,7753,1733675700,889,1009
2040,Codeforces Round 992 (Div. 2),F.H.Pantho,7753,1733675700,669,807
2040,Codeforces Round 992 (Div. 2),ajay.116,7753,1733675700,1371,1300
2040,Codeforces Round 992 (Div. 2),Ord1Nary,7753,1733675700,1269,1220
2040,Codeforces Round 992 (Div. 2),kchhillar13,7753,1733675700,952,1043
2040,Codeforces Round 992 (Div. 2),Sajal69,7753,1733675700,941,1013
2040,Codeforces Round 992 (Div. 2),Straw_Head,7753,1733675700,992,1014
2040,Codeforces Round 992 (Div. 2),Bashir_Swed,7753,1733675700,1051,1056
2040,Codeforces Round 992 (Div. 2),Crazy_Hunter09,7753,1733675700,1033,1043
2040,Codeforces Round 992 (Div. 2),thuctapsinh,7753,1733675700,981,1006
2040,Codeforces Round 992 (Div. 2),pyth0n_314,7753,1733675700,749,944
2040,Codeforces Round 992 (Div. 2),prashanth_5905,7753,1733675700,930,971
2040,Codeforces Round 992 (Div. 2),Asif1000,7753,1733675700,1093,1086
2040,Codeforces Round 992 (Div. 2),ADIB3883,7753,1733675700,969,998
2040,Codeforces Round 992 (Div. 2),Chengwind,7753,1733675700,1080,1077
2040,Codeforces Round 992 (Div. 2),mythresh07,7753,1733675700,1155,1133
2040,Codeforces Round 992 (Div. 2),Esanov,7753,1733675700,787,932
2040,Codeforces Round 992 (Div. 2),Vishesh211,7753,1733675700,1176,1149
2040,Codeforces Round 992 (Div. 2),Mahesh_4444,7753,1733675700,1355,1287
2040,Codeforces Round 992 (Div. 2),soundboard,7778,1733675700,1263,1215
2040,Codeforces Round 992 (Div. 2),Mahjabin7,7778,1733675700,1130,1113
2040,Codeforces Round 992 (Div. 2),numbertheory2.0,7778,1733675700,1035,1121
2040,Codeforces Round 992 (Div. 2),_RIO_,7778,1733675700,1187,1157
2040,Codeforces Round 992 (Div. 2),akansha16,7778,1733675700,663,877
2040,Codeforces Round 992 (Div. 2),Acceptacular,7778,1733675700,715,917
2040,Codeforces Round 992 (Div. 2),2023eeb1258,7778,1733675700,918,962
2040,Codeforces Round 992 (Div. 2),saurabhn16,7778,1733675700,1285,1232
2040,Codeforces Round 992 (Div. 2),itzsohanrc,7778,1733675700,994,1015
2040,Codeforces Round 992 (Div. 2),alex_8468,7778,1733675700,405,698
2040,Codeforces Round 992 (Div. 2),Rajai_kambal,7778,1733675700,1151,1130
2040,Codeforces Round 992 (Div. 2),Refrain_Y,7778,1733675700,414,705
2040,Codeforces Round 992 (Div. 2),benio.gawor,7778,1733675700,1468,1377
2040,Codeforces Round 992 (Div. 2),MckyonWee,7778,1733675700,413,704
2040,Codeforces Round 992 (Div. 2),kushaltalati_07,7778,1733675700,992,1013
2040,Codeforces Round 992 (Div. 2),F4nk1,7778,1733675700,1284,1232
2040,Codeforces Round 992 (Div. 2),Xia_third,7778,1733675700,727,926
2040,Codeforces Round 992 (Div. 2),M_FOR_MAHIR,7778,1733675700,1012,1027
2040,Codeforces Round 992 (Div. 2),K_vinay_123,7778,1733675700,1239,1197
2040,Codeforces Round 992 (Div. 2),Ankit27_05,7778,1733675700,1085,1117
2040,Codeforces Round 992 (Div. 2),ArpitThakur,7778,1733675700,977,1003
2040,Codeforces Round 992 (Div. 2),saumishra24,7778,1733675700,1103,1093
2040,Codeforces Round 992 (Div. 2),hhh_ya,7778,1733675700,390,686
2040,Codeforces Round 992 (Div. 2),jadenmeister,7801,1733675700,1068,1067
2040,Codeforces Round 992 (Div. 2),naveenthumati95,7801,1733675700,0,429
2040,Codeforces Round 992 (Div. 2),Sho_9079,7801,1733675700,1221,1183
2040,Codeforces Round 992 (Div. 2),dv416,7801,1733675700,0,429
2040,Codeforces Round 992 (Div. 2),Neonty,7801,1733675700,1075,1109
2040,Codeforces Round 992 (Div. 2),fcukubites,7801,1733675700,988,1010
2040,Codeforces Round 992 (Div. 2),ifte_,7801,1733675700,1116,1103
2040,Codeforces Round 992 (Div. 2),_Break_The_Limits_,7801,1733675700,882,938
2040,Codeforces Round 992 (Div. 2),shixiaoy,7801,1733675700,0,429
2040,Codeforces Round 992 (Div. 2),zxilly,7801,1733675700,1441,1355
2040,Codeforces Round 992 (Div. 2),v18o3,7801,1733675700,964,1066
2040,Codeforces Round 992 (Div. 2),threeswordsZoro,7801,1733675700,1114,1101
2040,Codeforces Round 992 (Div. 2),tom_fardell,7801,1733675700,0,429
2040,Codeforces Round 992 (Div. 2),jayesh_sc026,7801,1733675700,1129,1112
2040,Codeforces Round 992 (Div. 2),purple_spider513,7801,1733675700,895,946
2040,Codeforces Round 992 (Div. 2),connor_3,7801,1733675700,832,906
2040,Codeforces Round 992 (Div. 2),Ravishekhar12,7801,1733675700,1313,1254
2040,Codeforces Round 992 (Div. 2),Amir-T-014-28.,7801,1733675700,790,879
2040,Codeforces Round 992 (Div. 2),vs20_gw,7801,1733675700,1243,1199
2040,Codeforces Round 992 (Div. 2),96rohit,7801,1733675700,1009,1025
2040,Codeforces Round 992 (Div. 2),Krishnadev44,7801,1733675700,1099,1090
2040,Codeforces Round 992 (Div. 2),Aarav_J,7822,1733675700,1109,1135
2040,Codeforces Round 992 (Div. 2),ThinkDifferent,7822,1733675700,973,999
2040,Codeforces Round 992 (Div. 2),aryapk,7822,1733675700,1010,1025
2040,Codeforces Round 992 (Div. 2),LiZhao,7822,1733675700,1082,1077
2040,Codeforces Round 992 (Div. 2),theminacious,7822,1733675700,1093,1085
2040,Codeforces Round 992 (Div. 2),itachi96,7822,1733675700,1136,1117
2040,Codeforces Round 992 (Div. 2),chill_guy,7822,1733675700,1075,1135
2040,Codeforces Round 992 (Div. 2),godOfTheNewWorld,7822,1733675700,381,679
2040,Codeforces Round 992 (Div. 2),mohak47,7822,1733675700,958,1047
2040,Codeforces Round 992 (Div. 2),Lo0ser_42,7822,1733675700,1077,1073
2040,Codeforces Round 992 (Div. 2),aashishkumarsingh8023,7822,1733675700,956,987
2040,Codeforces Round 992 (Div. 2),anikasama,7822,1733675700,1016,1029
2040,Codeforces Round 992 (Div. 2),ShayanFaysal,7822,1733675700,1314,1254
2040,Codeforces Round 992 (Div. 2),Kedar4300,7822,1733675700,1339,1274
2040,Codeforces Round 992 (Div. 2),deepakgptt,7822,1733675700,1060,1061
2040,Codeforces Round 992 (Div. 2),jnp.harshsingh1712,7822,1733675700,1160,1174
2040,Codeforces Round 992 (Div. 2),Bartwal,7822,1733675700,1381,1307
2040,Codeforces Round 992 (Div. 2),Ali.Bghn,7822,1733675700,1073,1071
2040,Codeforces Round 992 (Div. 2),23AD,7822,1733675700,1266,1217
2040,Codeforces Round 992 (Div. 2),twistedumar,7822,1733675700,1310,1251
2040,Codeforces Round 992 (Div. 2),Rishabh-_9,7822,1733675700,1042,1048
2040,Codeforces Round 992 (Div. 2),aditkari,7843,1733675700,1142,1122
2040,Codeforces Round 992 (Div. 2),ShafayetSadi,7843,1733675700,1015,1028
2040,Codeforces Round 992 (Div. 2),archer41156,7843,1733675700,1246,1201
2040,Codeforces Round 992 (Div. 2),sharmashirish8500,7843,1733675700,1253,1206
2040,Codeforces Round 992 (Div. 2),Emir_q0,7843,1733675700,855,981
2040,Codeforces Round 992 (Div. 2),Z.I.A.D,7843,1733675700,949,982
2040,Codeforces Round 992 (Div. 2),Cellul4r,7843,1733675700,1283,1230
2040,Codeforces Round 992 (Div. 2),khushigarg123,7843,1733675700,994,1013
2040,Codeforces Round 992 (Div. 2),sakshams7778,7843,1733675700,919,961
2040,Codeforces Round 992 (Div. 2),xpoisonx138,7843,1733675700,934,972
2040,Codeforces Round 992 (Div. 2),018-Bakhytzhan-E-2028,7843,1733675700,1013,1027
2040,Codeforces Round 992 (Div. 2),blue_sky114514,7843,1733675700,1274,1290
2040,Codeforces Round 992 (Div. 2),arshilyusuf,7843,1733675700,445,728
2040,Codeforces Round 992 (Div. 2),aayushanand737,7843,1733675700,1060,1061
2040,Codeforces Round 992 (Div. 2),The_Best_Fizz_2001,7843,1733675700,1170,1143
2040,Codeforces Round 992 (Div. 2),vrz.karuseel,7843,1733675700,858,921
2040,Codeforces Round 992 (Div. 2),Prohor106,7843,1733675700,1195,1162
2040,Codeforces Round 992 (Div. 2),joaco-gavernet,7843,1733675700,1171,1144
2040,Codeforces Round 992 (Div. 2),Atomus,7843,1733675700,983,1006
2040,Codeforces Round 992 (Div. 2),Leo_Black,7843,1733675700,811,948
2040,Codeforces Round 992 (Div. 2),jatinkabra2005,7843,1733675700,896,946
2040,Codeforces Round 992 (Div. 2),MBzer0,7843,1733675700,995,1014
2040,Codeforces Round 992 (Div. 2),ultraviolent,7843,1733675700,366,666
2040,Codeforces Round 992 (Div. 2),gauravbro17,7866,1733675700,1230,1189
2040,Codeforces Round 992 (Div. 2),upsetpeak99,7866,1733675700,0,428
2040,Codeforces Round 992 (Div. 2),lith1um,7866,1733675700,679,888
2040,Codeforces Round 992 (Div. 2),dj_cf,7866,1733675700,1143,1122
2040,Codeforces Round 992 (Div. 2),ridarfx,7866,1733675700,1122,1106
2040,Codeforces Round 992 (Div. 2),losttowin,7866,1733675700,1244,1199
2040,Codeforces Round 992 (Div. 2),Shreyas_14,7866,1733675700,828,952
2040,Codeforces Round 992 (Div. 2),hadityakumar,7866,1733675700,1304,1246
2040,Codeforces Round 992 (Div. 2),honoured_one7,7866,1733675700,1076,1072
2040,Codeforces Round 992 (Div. 2),mrunknown1,7866,1733675700,1003,1055
2040,Codeforces Round 992 (Div. 2),Alokaaaaa,7866,1733675700,1101,1090
2040,Codeforces Round 992 (Div. 2),_rudra_pratap_singh_,7866,1733675700,1047,1051
2040,Codeforces Round 992 (Div. 2),Casper007,7866,1733675700,960,989
2040,Codeforces Round 992 (Div. 2),SnnuS,7866,1733675700,983,1005
2040,Codeforces Round 992 (Div. 2),Ayush_7,7866,1733675700,1225,1184
2040,Codeforces Round 992 (Div. 2),srijanagrawal,7866,1733675700,1068,1066
2040,Codeforces Round 992 (Div. 2),maj0rio,7866,1733675700,1134,1115
2040,Codeforces Round 992 (Div. 2),jinaydeep2001,7866,1733675700,1089,1119
2040,Codeforces Round 992 (Div. 2),harsh5656kumar5656,7866,1733675700,661,874
2040,Codeforces Round 992 (Div. 2),testtest111ksjfrdvn,7866,1733675700,1332,1268
2040,Codeforces Round 992 (Div. 2),HeckerHaiBhaiHecker,7886,1733675700,1089,1081
2040,Codeforces Round 992 (Div. 2),Miku_7,7886,1733675700,1212,1174
2040,Codeforces Round 992 (Div. 2),Phon,7886,1733675700,1503,1403
2040,Codeforces Round 992 (Div. 2),Night_hunter,7886,1733675700,849,947
2040,Codeforces Round 992 (Div. 2),wingbuster,7886,1733675700,426,713
2040,Codeforces Round 992 (Div. 2),im_coding_crutches,7886,1733675700,413,702
2040,Codeforces Round 992 (Div. 2),__yash_shindekar,7886,1733675700,998,1015
2040,Codeforces Round 992 (Div. 2),varun_8402,7886,1733675700,962,990
2040,Codeforces Round 992 (Div. 2),krushikesh,7886,1733675700,1101,1090
2040,Codeforces Round 992 (Div. 2),LL_hi_ler,7886,1733675700,0,427
2040,Codeforces Round 992 (Div. 2),fuadj,7886,1733675700,963,990
2040,Codeforces Round 992 (Div. 2),naitikjain,7886,1733675700,1321,1259
2040,Codeforces Round 992 (Div. 2),Feral_Striker,7886,1733675700,1313,1252
2040,Codeforces Round 992 (Div. 2),Lechuguita,7886,1733675700,1385,1309
2040,Codeforces Round 992 (Div. 2),ARR100,7886,1733675700,1181,1150
2040,Codeforces Round 992 (Div. 2),ambikesh_singh,7886,1733675700,928,1023
2040,Codeforces Round 992 (Div. 2),012anand,7886,1733675700,1053,1055
2040,Codeforces Round 992 (Div. 2),_Harsh_chauhan_,7886,1733675700,893,943
2040,Codeforces Round 992 (Div. 2),sravanchaitanya,7886,1733675700,1129,1111
2040,Codeforces Round 992 (Div. 2),DerekshaORZZZ,7886,1733675700,1527,1422
2040,Codeforces Round 992 (Div. 2),AarZoooo,7906,1733675700,861,922
2040,Codeforces Round 992 (Div. 2),wait4it,7906,1733675700,1110,1096
2040,Codeforces Round 992 (Div. 2),train,7906,1733675700,976,999
2040,Codeforces Round 992 (Div. 2),sourav_2210,7906,1733675700,0,427
2040,Codeforces Round 992 (Div. 2),Stonegrip,7906,1733675700,1143,1121
2040,Codeforces Round 992 (Div. 2),atishay_j.47,7906,1733675700,1173,1144
2040,Codeforces Round 992 (Div. 2),Fidan_Nora,7906,1733675700,1046,1050
2040,Codeforces Round 992 (Div. 2),Wanderer_Tanishq,7906,1733675700,435,720
2040,Codeforces Round 992 (Div. 2),Rust007,7906,1733675700,952,983
2040,Codeforces Round 992 (Div. 2),incster,7906,1733675700,1074,1070
2040,Codeforces Round 992 (Div. 2),Mahmoud_Abdellah14,7906,1733675700,1033,1040
2040,Codeforces Round 992 (Div. 2),ashu_verma,7906,1733675700,1245,1200
2040,Codeforces Round 992 (Div. 2),Rimon_Tanmoy,7906,1733675700,1099,1088
2040,Codeforces Round 992 (Div. 2),tanushnani1610,7906,1733675700,1273,1221
2040,Codeforces Round 992 (Div. 2),sajidzamanme,7906,1733675700,1059,1059
2040,Codeforces Round 992 (Div. 2),Arsanious,7906,1733675700,1095,1085
2040,Codeforces Round 992 (Div. 2),Mr_Emrul,7922,1733675700,1328,1264
2040,Codeforces Round 992 (Div. 2),reisjoaomendes,7922,1733675700,1129,1110
2040,Codeforces Round 992 (Div. 2),___S_O_H_I_D_U_L___,7922,1733675700,876,931
2040,Codeforces Round 992 (Div. 2),ErwinSmith,7922,1733675700,1052,1053
2040,Codeforces Round 992 (Div. 2),sean9575,7922,1733675700,1228,1185
2040,Codeforces Round 992 (Div. 2),_hadyr_,7922,1733675700,1130,1111
2040,Codeforces Round 992 (Div. 2),sajid982884,7922,1733675700,608,767
2040,Codeforces Round 992 (Div. 2),sahilrathore03,7922,1733675700,1149,1125
2040,Codeforces Round 992 (Div. 2),rajeev21862,7922,1733675700,752,903
2040,Codeforces Round 992 (Div. 2),byrtho_kobi,7922,1733675700,1278,1225
2040,Codeforces Round 992 (Div. 2),Susannajoseph,7922,1733675700,1145,1122
2040,Codeforces Round 992 (Div. 2),i_have_a_depression,7922,1733675700,747,939
2040,Codeforces Round 992 (Div. 2),MnMei,7922,1733675700,363,663
2040,Codeforces Round 992 (Div. 2),Andrey_Tyukh,7922,1733675700,1137,1116
2040,Codeforces Round 992 (Div. 2),manishhingar28,7922,1733675700,977,1000
2040,Codeforces Round 992 (Div. 2),Dev_Mehta13,7922,1733675700,1232,1189
2040,Codeforces Round 992 (Div. 2),codekanishk293,7922,1733675700,1477,1382
2040,Codeforces Round 992 (Div. 2),newpp,7922,1733675700,1079,1073
2040,Codeforces Round 992 (Div. 2),Legerdemain,7922,1733675700,1093,1147
2040,Codeforces Round 992 (Div. 2),dlalan7250,7922,1733675700,365,664
2040,Codeforces Round 992 (Div. 2),_m_a_h_a_d_e_v_,7922,1733675700,853,916
2040,Codeforces Round 992 (Div. 2),SPARSH_EE1,7922,1733675700,1178,1147
2040,Codeforces Round 992 (Div. 2),abc_p1z1,7944,1733675700,433,717
2040,Codeforces Round 992 (Div. 2),Nurkhat-OskBIL-26,7944,1733675700,1137,1116
2040,Codeforces Round 992 (Div. 2),gotcha101,7944,1733675700,921,961
2040,Codeforces Round 992 (Div. 2),itzzMursalin,7944,1733675700,878,932
2040,Codeforces Round 992 (Div. 2),ALANDQQ,7944,1733675700,0,427
2040,Codeforces Round 992 (Div. 2),pradeep_rwt,7944,1733675700,1518,1414
2040,Codeforces Round 992 (Div. 2),AnurakRana,7944,1733675700,966,992
2040,Codeforces Round 992 (Div. 2),dipta-2003,7944,1733675700,1015,1027
2040,Codeforces Round 992 (Div. 2),shaileshmishra,7944,1733675700,1232,1189
2040,Codeforces Round 992 (Div. 2),lakshyatyagi,7944,1733675700,1184,1152
2040,Codeforces Round 992 (Div. 2),Unskilled_007,7944,1733675700,1069,1065
2040,Codeforces Round 992 (Div. 2),junhao.liu,7955,1733675700,906,1006
2040,Codeforces Round 992 (Div. 2),SeeYouSpaceCowboy,7955,1733675700,1132,1112
2040,Codeforces Round 992 (Div. 2),Minhazul_Islam_Mahi,7955,1733675700,969,994
2040,Codeforces Round 992 (Div. 2),Mohammed_Mamdouh,7955,1733675700,1039,1044
2040,Codeforces Round 992 (Div. 2),____mr99__,7955,1733675700,1017,1027
2040,Codeforces Round 992 (Div. 2),snail,7955,1733675700,1335,1269
2040,Codeforces Round 992 (Div. 2),hars_raj,7955,1733675700,1413,1331
2040,Codeforces Round 992 (Div. 2),akm2005,7955,1733675700,965,991
2040,Codeforces Round 992 (Div. 2),Madhav_08,7955,1733675700,1169,1140
2040,Codeforces Round 992 (Div. 2),C_for_Chirag,7955,1733675700,892,941
2040,Codeforces Round 992 (Div. 2),cobby_hobby,7965,1733675700,1133,1113
2040,Codeforces Round 992 (Div. 2),beluga_yeet,7965,1733675700,900,945
2040,Codeforces Round 992 (Div. 2),gaurav_o7,7965,1733675700,423,709
2040,Codeforces Round 992 (Div. 2),neatHyperTxt,7965,1733675700,1366,1293
2040,Codeforces Round 992 (Div. 2),tranminhtri2808,7965,1733675700,824,955
2040,Codeforces Round 992 (Div. 2),popeye16,7965,1733675700,1217,1176
2040,Codeforces Round 992 (Div. 2),theRealSublimeTextLover,7965,1733675700,1244,1197
2040,Codeforces Round 992 (Div. 2),ash3659,7965,1733675700,849,975
2040,Codeforces Round 992 (Div. 2),Nyancy,7965,1733675700,1044,1046
2040,Codeforces Round 992 (Div. 2),MarkoTR,7965,1733675700,1086,1077
2040,Codeforces Round 992 (Div. 2),qDis,7965,1733675700,1245,1198
2040,Codeforces Round 992 (Div. 2),CSK_13,7965,1733675700,996,1012
2040,Codeforces Round 992 (Div. 2),baogumber,7965,1733675700,0,426
2040,Codeforces Round 992 (Div. 2),realKFCboss,7965,1733675700,424,710
2040,Codeforces Round 992 (Div. 2),code_as_i_like,7965,1733675700,1089,1079
2040,Codeforces Round 992 (Div. 2),syed_raza,7965,1733675700,869,925
2040,Codeforces Round 992 (Div. 2),Faiz_Rahman_G,7965,1733675700,981,1001
2040,Codeforces Round 992 (Div. 2),aryan0707as,7965,1733675700,976,1057
2040,Codeforces Round 992 (Div. 2),yash7312,7965,1733675700,837,937
2040,Codeforces Round 992 (Div. 2),Ahmad_Sameer,7965,1733675700,1043,1046
2040,Codeforces Round 992 (Div. 2),harshityadav28541,7965,1733675700,987,1006
2040,Codeforces Round 992 (Div. 2),__Gandalf__,7965,1733675700,0,426
2040,Codeforces Round 992 (Div. 2),papersus,7965,1733675700,0,426
2040,Codeforces Round 992 (Div. 2),Nowshin_Tabassum_Dola,7965,1733675700,1027,1034
2040,Codeforces Round 992 (Div. 2),MrAWang,7965,1733675700,1060,1121
2040,Codeforces Round 992 (Div. 2),fluid_practice,7965,1733675700,1027,1034
2040,Codeforces Round 992 (Div. 2),ansergeyg,7991,1733675700,1079,1071
2040,Codeforces Round 992 (Div. 2),deathC,7991,1733675700,1087,1078
2040,Codeforces Round 992 (Div. 2),Thomas_alVa_adison,7991,1733675700,1240,1194
2040,Codeforces Round 992 (Div. 2),Pritish317,7991,1733675700,989,1006
2040,Codeforces Round 992 (Div. 2),Kushagra_subhedar,7991,1733675700,1028,1034
2040,Codeforces Round 992 (Div. 2),Otaku_Zoldyck,7991,1733675700,916,956
2040,Codeforces Round 992 (Div. 2),TaffyACE,7991,1733675700,1064,1060
2040,Codeforces Round 992 (Div. 2),VISHVJEET,7991,1733675700,1368,1294
2040,Codeforces Round 992 (Div. 2),_Agageldi_,7991,1733675700,1270,1217
2040,Codeforces Round 992 (Div. 2),rs1801,7991,1733675700,922,960
2040,Codeforces Round 992 (Div. 2),Strongest,7991,1733675700,1250,1202
2040,Codeforces Round 992 (Div. 2),sayglenn,7991,1733675700,1025,1094
2040,Codeforces Round 992 (Div. 2),abhijeetcf,7991,1733675700,412,700
2040,Codeforces Round 992 (Div. 2),Divya639,7991,1733675700,943,974
2040,Codeforces Round 992 (Div. 2),ad0531,7991,1733675700,1048,1049
2040,Codeforces Round 992 (Div. 2),xuanquanna,7991,1733675700,1013,1060
2040,Codeforces Round 992 (Div. 2),r.v.11.11,7991,1733675700,1201,1164
2040,Codeforces Round 992 (Div. 2),Creym,7991,1733675700,1335,1268
2040,Codeforces Round 992 (Div. 2),sofikn,7991,1733675700,448,728
2040,Codeforces Round 992 (Div. 2),n.g.2272003,7991,1733675700,1016,1026
2040,Codeforces Round 992 (Div. 2),Mohamed_Walid11,7991,1733675700,769,860
2040,Codeforces Round 992 (Div. 2),huangshuaiqi,7991,1733675700,0,426
2040,Codeforces Round 992 (Div. 2),arshia89,7991,1733675700,920,959
2040,Codeforces Round 992 (Div. 2),Kemo_,7991,1733675700,1047,1048
2040,Codeforces Round 992 (Div. 2),Nayan2026,7991,1733675700,1047,1048
2040,Codeforces Round 992 (Div. 2),Akshat_Gupta._,7991,1733675700,943,974
2040,Codeforces Round 992 (Div. 2),patelharsh.hvp,7991,1733675700,946,1048
2040,Codeforces Round 992 (Div. 2),hasin_sadaf,7991,1733675700,1118,1100
2040,Codeforces Round 992 (Div. 2),VPking,8019,1733675700,1490,1391
2040,Codeforces Round 992 (Div. 2),brave-kid,8019,1733675700,1101,1087
2040,Codeforces Round 992 (Div. 2),eyewal_18,8019,1733675700,1111,1095
2040,Codeforces Round 992 (Div. 2),egorov.timofey,8019,1733675700,1020,1028
2040,Codeforces Round 992 (Div. 2),BrokenLord,8019,1733675700,1142,1118
2040,Codeforces Round 992 (Div. 2),SushiWithAchaar,8019,1733675700,884,988
2040,Codeforces Round 992 (Div. 2),namansinghjarodiya,8019,1733675700,1179,1146
2040,Codeforces Round 992 (Div. 2),a1verma8105,8019,1733675700,1127,1107
2040,Codeforces Round 992 (Div. 2),Argon_18,8019,1733675700,665,874
2040,Codeforces Round 992 (Div. 2),tanish.nda,8019,1733675700,382,676
2040,Codeforces Round 992 (Div. 2),aniketkc,8019,1733675700,993,1009
2040,Codeforces Round 992 (Div. 2),abhijeetw,8019,1733675700,866,922
2040,Codeforces Round 992 (Div. 2),Fuyuki_Vila,8019,1733675700,1455,1363
2040,Codeforces Round 992 (Div. 2),NTrungThanh,8019,1733675700,376,671
2040,Codeforces Round 992 (Div. 2),fsssdsns,8019,1733675700,927,963
2040,Codeforces Round 992 (Div. 2),I_love_humingyu,8019,1733675700,1359,1287
2040,Codeforces Round 992 (Div. 2),Archeo,8019,1733675700,1061,1058
2040,Codeforces Round 992 (Div. 2),sparshsinha11,8019,1733675700,1280,1225
2040,Codeforces Round 992 (Div. 2),Sakshi_22,8019,1733675700,1151,1125
2040,Codeforces Round 992 (Div. 2),Abdullah-Arslan,8019,1733675700,1099,1086
2040,Codeforces Round 992 (Div. 2),Shubham117,8019,1733675700,0,425
2040,Codeforces Round 992 (Div. 2),rock0fages,8019,1733675700,1140,1117
2040,Codeforces Round 992 (Div. 2),Andrew.Tweddle,8041,1733675700,1020,1028
2040,Codeforces Round 992 (Div. 2),sciencekonstant,8041,1733675700,1065,1061
2040,Codeforces Round 992 (Div. 2),Mixuelo,8041,1733675700,766,952
2040,Codeforces Round 992 (Div. 2),Idontknowwhatisit,8041,1733675700,1049,1085
2040,Codeforces Round 992 (Div. 2),Babapr0,8041,1733675700,436,718
2040,Codeforces Round 992 (Div. 2),lonely_warrior_lak0708,8041,1733675700,1038,1041
2040,Codeforces Round 992 (Div. 2),Tejas_mahant,8041,1733675700,1009,1081
2040,Codeforces Round 992 (Div. 2),shin_chan_27,8041,1733675700,1156,1129
2040,Codeforces Round 992 (Div. 2),Tamas,8041,1733675700,1145,1120
2040,Codeforces Round 992 (Div. 2),Asad_Jafri,8041,1733675700,910,951
2040,Codeforces Round 992 (Div. 2),striker_204,8041,1733675700,1107,1129
2040,Codeforces Round 992 (Div. 2),SMTYON,8041,1733675700,927,1019
2040,Codeforces Round 992 (Div. 2),Xyrus_1234,8041,1733675700,1059,1093
2040,Codeforces Round 992 (Div. 2),m.pb2,8041,1733675700,1141,1117
2040,Codeforces Round 992 (Div. 2),shanto758,8041,1733675700,1076,1068
2040,Codeforces Round 992 (Div. 2),Ahmad400,8041,1733675700,1080,1071
2040,Codeforces Round 992 (Div. 2),smerkii,8041,1733675700,1029,1034
2040,Codeforces Round 992 (Div. 2),Rushil24,8058,1733675700,915,954
2040,Codeforces Round 992 (Div. 2),prateek_m044,8058,1733675700,1039,1041
2040,Codeforces Round 992 (Div. 2),Ghost_22,8058,1733675700,1076,1068
2040,Codeforces Round 992 (Div. 2),qianshiyo,8058,1733675700,1042,1043
2040,Codeforces Round 992 (Div. 2),TusharZanwar,8058,1733675700,777,961
2040,Codeforces Round 992 (Div. 2),Akhand_24,8058,1733675700,1051,1050
2040,Codeforces Round 992 (Div. 2),Manshu47,8058,1733675700,973,994
2040,Codeforces Round 992 (Div. 2),Purna_Tadikonda_9,8058,1733675700,1481,1384
2040,Codeforces Round 992 (Div. 2),Ayan_ansari,8058,1733675700,803,938
2040,Codeforces Round 992 (Div. 2),molekula,8058,1733675700,1258,1207
2040,Codeforces Round 992 (Div. 2),Ethical_Mahit,8058,1733675700,939,970
2040,Codeforces Round 992 (Div. 2),N8_HAWK,8058,1733675700,909,950
2040,Codeforces Round 992 (Div. 2),soyosanlove,8058,1733675700,1116,1098
2040,Codeforces Round 992 (Div. 2),second_id_shourov,8058,1733675700,1489,1390
2040,Codeforces Round 992 (Div. 2),DenisSigmochka,8058,1733675700,1062,1058
2040,Codeforces Round 992 (Div. 2),kenak,8058,1733675700,1040,1042
2040,Codeforces Round 992 (Div. 2),BEATLE_DARK,8058,1733675700,1076,1068
2040,Codeforces Round 992 (Div. 2),laddavaishnavi,8058,1733675700,1191,1155
2040,Codeforces Round 992 (Div. 2),Aegon_Targaryen10,8076,1733675700,988,1080
2040,Codeforces Round 992 (Div. 2),ivsnk,8076,1733675700,1341,1311
2040,Codeforces Round 992 (Div. 2),fawlekf,8076,1733675700,961,985
2040,Codeforces Round 992 (Div. 2),_boktier_,8076,1733675700,1141,1117
2040,Codeforces Round 992 (Div. 2),nightyao0510,8076,1733675700,797,876
2040,Codeforces Round 992 (Div. 2),Kindershiuo,8076,1733675700,1263,1210
2040,Codeforces Round 992 (Div. 2),fx_tourist,8076,1733675700,1079,1070
2040,Codeforces Round 992 (Div. 2),mamtakri230605,8076,1733675700,1024,1030
2040,Codeforces Round 992 (Div. 2),razon_hasssan,8076,1733675700,1131,1109
2040,Codeforces Round 992 (Div. 2),mahmudovv,8076,1733675700,1130,1108
2040,Codeforces Round 992 (Div. 2),star_yu_moon,8076,1733675700,884,999
2040,Codeforces Round 992 (Div. 2),dhuamanio123,8076,1733675700,1140,1116
2040,Codeforces Round 992 (Div. 2),basantagrawal678,8076,1733675700,1004,1015
2040,Codeforces Round 992 (Div. 2),vsriramv,8076,1733675700,898,997
2040,Codeforces Round 992 (Div. 2),anagh.7,8090,1733675700,1263,1210
2040,Codeforces Round 992 (Div. 2),xiaochen1111,8090,1733675700,685,889
2040,Codeforces Round 992 (Div. 2),harsh7905,8090,1733675700,1297,1237
2040,Codeforces Round 992 (Div. 2),Crc254,8090,1733675700,489,759
2040,Codeforces Round 992 (Div. 2),charushree_,8090,1733675700,1046,1046
2040,Codeforces Round 992 (Div. 2),jihanz,8090,1733675700,1256,1205
2040,Codeforces Round 992 (Div. 2),GopalJee_23,8090,1733675700,1015,1023
2040,Codeforces Round 992 (Div. 2),BhanuPrakash_Laveti,8090,1733675700,944,973
2040,Codeforces Round 992 (Div. 2),shreyanshrewa,8090,1733675700,1107,1090
2040,Codeforces Round 992 (Div. 2),upansh_522,8090,1733675700,0,424
2040,Codeforces Round 992 (Div. 2),rdabardaba,8090,1733675700,1093,1080
2040,Codeforces Round 992 (Div. 2),Jaime_012,8090,1733675700,1108,1091
2040,Codeforces Round 992 (Div. 2),ShimaaKadry,8090,1733675700,1221,1177
2040,Codeforces Round 992 (Div. 2),Mnna,8090,1733675700,0,424
2040,Codeforces Round 992 (Div. 2),rushik_boda,8090,1733675700,947,1010
2040,Codeforces Round 992 (Div. 2),Kawser_hamim,8090,1733675700,1009,1019
2040,Codeforces Round 992 (Div. 2),Daddie,8090,1733675700,674,880
2040,Codeforces Round 992 (Div. 2),rubayet_ashib,8090,1733675700,794,874
2040,Codeforces Round 992 (Div. 2),BackTrackBeast,8090,1733675700,1086,1075
2040,Codeforces Round 992 (Div. 2),mvr_,8090,1733675700,1001,1049
2040,Codeforces Round 992 (Div. 2),HELLONOOW,8090,1733675700,1052,1050
2040,Codeforces Round 992 (Div. 2),KA-terrarian,8090,1733675700,900,943
2040,Codeforces Round 992 (Div. 2),himanshuu932,8090,1733675700,1316,1252
2040,Codeforces Round 992 (Div. 2),Santoon,8113,1733675700,1232,1186
2040,Codeforces Round 992 (Div. 2),ByteWizard45,8113,1733675700,967,989
2040,Codeforces Round 992 (Div. 2),wizard6969,8113,1733675700,909,949
2040,Codeforces Round 992 (Div. 2),longduong,8113,1733675700,652,863
2040,Codeforces Round 992 (Div. 2),Divyansh_kumar123,8113,1733675700,966,988
2040,Codeforces Round 992 (Div. 2),Ahmed86_adel,8113,1733675700,791,928
2040,Codeforces Round 992 (Div. 2),China001,8113,1733675700,1551,1439
2040,Codeforces Round 992 (Div. 2),simrah02,8113,1733675700,1007,1017
2040,Codeforces Round 992 (Div. 2),justin_lingyyy,8113,1733675700,1045,1044
2040,Codeforces Round 992 (Div. 2),Yashika_garg,8113,1733675700,922,957
2040,Codeforces Round 992 (Div. 2),VelociRoughtor,8113,1733675700,565,737
2040,Codeforces Round 992 (Div. 2),Lagran,8113,1733675700,0,424
2040,Codeforces Round 992 (Div. 2),sweetsambhar,8125,1733675700,1202,1162
2040,Codeforces Round 992 (Div. 2),AMEsmaeilzadeh,8125,1733675700,422,706
2040,Codeforces Round 992 (Div. 2),Luckwet,8125,1733675700,0,424
2040,Codeforces Round 992 (Div. 2),dhirajshivam,8125,1733675700,1473,1376
2040,Codeforces Round 992 (Div. 2),man_go_ez,8125,1733675700,1250,1199
2040,Codeforces Round 992 (Div. 2),Fleron,8125,1733675700,695,896
2040,Codeforces Round 992 (Div. 2),saksham2004,8125,1733675700,962,1043
2040,Codeforces Round 992 (Div. 2),cheris0917,8125,1733675700,1270,1215
2040,Codeforces Round 992 (Div. 2),Hyq11,8125,1733675700,817,947
2040,Codeforces Round 992 (Div. 2),Nilayan17,8125,1733675700,1288,1229
2040,Codeforces Round 992 (Div. 2),voyager24,8125,1733675700,1209,1168
2040,Codeforces Round 992 (Div. 2),tacuya,8125,1733675700,1166,1135
2040,Codeforces Round 992 (Div. 2),ParadoxJunior,8125,1733675700,844,905
2040,Codeforces Round 992 (Div. 2),arnav03op,8125,1733675700,1049,1047
2040,Codeforces Round 992 (Div. 2),harshsaini_10,8125,1733675700,1352,1280
2040,Codeforces Round 992 (Div. 2),silvanDM,8125,1733675700,894,938
2040,Codeforces Round 992 (Div. 2),luwowo,8125,1733675700,1147,1186
2040,Codeforces Round 992 (Div. 2),kon27,8125,1733675700,1264,1210
2040,Codeforces Round 992 (Div. 2),greenbinjack,8143,1733675700,1650,1518
2040,Codeforces Round 992 (Div. 2),Tayyib_Mubeen,8143,1733675700,1010,1018
2040,Codeforces Round 992 (Div. 2),sony6247,8143,1733675700,1034,1036
2040,Codeforces Round 992 (Div. 2),tmunavver,8143,1733675700,1201,1162
2040,Codeforces Round 992 (Div. 2),MuhammadTalha,8143,1733675700,0,424
2040,Codeforces Round 992 (Div. 2),code.Saurabh,8143,1733675700,0,424
2040,Codeforces Round 992 (Div. 2),Kas_sas_saK,8143,1733675700,1071,1063
2040,Codeforces Round 992 (Div. 2),imko,8143,1733675700,864,972
2040,Codeforces Round 992 (Div. 2),shravanjoshi,8143,1733675700,1111,1092
2040,Codeforces Round 992 (Div. 2),VIVIDH,8143,1733675700,856,966
2040,Codeforces Round 992 (Div. 2),_Jaswanth__,8143,1733675700,1099,1083
2040,Codeforces Round 992 (Div. 2),mukto_bihongo,8143,1733675700,1175,1141
2040,Codeforces Round 992 (Div. 2),Sh1khar,8143,1733675700,1213,1171
2040,Codeforces Round 992 (Div. 2),kevinjais,8143,1733675700,1060,1055
2040,Codeforces Round 992 (Div. 2),SilentRaven7,8143,1733675700,840,965
2040,Codeforces Round 992 (Div. 2),lamia20,8158,1733675700,986,1001
2040,Codeforces Round 992 (Div. 2),shreyansh.kumar,8158,1733675700,1096,1081
2040,Codeforces Round 992 (Div. 2),sraavans,8158,1733675700,972,991
2040,Codeforces Round 992 (Div. 2),MatinalCosmos,8158,1733675700,1102,1123
2040,Codeforces Round 992 (Div. 2),HelmyIsMad,8158,1733675700,1085,1137
2040,Codeforces Round 992 (Div. 2),Pankaj_Kumar_01,8158,1733675700,1246,1196
2040,Codeforces Round 992 (Div. 2),KarmaKreator,8158,1733675700,723,828
2040,Codeforces Round 992 (Div. 2),Goddless,8158,1733675700,971,991
2040,Codeforces Round 992 (Div. 2),kumarangel427,8158,1733675700,892,936
2040,Codeforces Round 992 (Div. 2),ggarabs,8158,1733675700,1119,1136
2040,Codeforces Round 992 (Div. 2),Dewan_Abir_Mahmud,8158,1733675700,1010,1018
2040,Codeforces Round 992 (Div. 2),vanshajharsh,8158,1733675700,1252,1200
2040,Codeforces Round 992 (Div. 2),prudhvi_machana,8158,1733675700,945,972
2040,Codeforces Round 992 (Div. 2),e_mur0d_,8158,1733675700,1091,1077
2040,Codeforces Round 992 (Div. 2),chyragym,8158,1733675700,1028,1031
2040,Codeforces Round 992 (Div. 2),azerbenmed1730,8158,1733675700,1257,1204
2040,Codeforces Round 992 (Div. 2),algowizard07,8158,1733675700,1201,1161
2040,Codeforces Round 992 (Div. 2),Oni_chan123,8158,1733675700,0,423
2040,Codeforces Round 992 (Div. 2),pranzoro,8158,1733675700,1086,1073
2040,Codeforces Round 992 (Div. 2),mohitler,8177,1733675700,915,1021
2040,Codeforces Round 992 (Div. 2),SILVERBALLER,8177,1733675700,683,885
2040,Codeforces Round 992 (Div. 2),zWyrm,8177,1733675700,1022,1026
2040,Codeforces Round 992 (Div. 2),ngc2727,8177,1733675700,383,674
2040,Codeforces Round 992 (Div. 2),Mo_3leem,8177,1733675700,934,964
2040,Codeforces Round 992 (Div. 2),gourav100110,8177,1733675700,1245,1195
2040,Codeforces Round 992 (Div. 2),RumiLumo,8177,1733675700,863,916
2040,Codeforces Round 992 (Div. 2),aviraj4777,8177,1733675700,951,976
2040,Codeforces Round 992 (Div. 2),r_us,8177,1733675700,1420,1333
2040,Codeforces Round 992 (Div. 2),Shashank_gurjar,8177,1733675700,1029,1031
2040,Codeforces Round 992 (Div. 2),filip688,8177,1733675700,1254,1202
2040,Codeforces Round 992 (Div. 2),NeerajMansingh,8177,1733675700,976,993
2040,Codeforces Round 992 (Div. 2),Ritesh381,8177,1733675700,955,979
2040,Codeforces Round 992 (Div. 2),Rana_Azka,8177,1733675700,1084,1072
2040,Codeforces Round 992 (Div. 2),dddsss,8177,1733675700,1028,1031
2040,Codeforces Round 992 (Div. 2),shahil3believes,8177,1733675700,1179,1144
2040,Codeforces Round 992 (Div. 2),Xe_Crane,8177,1733675700,478,749
2040,Codeforces Round 992 (Div. 2),prakashsingh30sep,8177,1733675700,976,993
2040,Codeforces Round 992 (Div. 2),The_King_0_0,8195,1733675700,1382,1302
2040,Codeforces Round 992 (Div. 2),Garv_12,8195,1733675700,382,673
2040,Codeforces Round 992 (Div. 2),Torluch,8195,1733675700,1203,1162
2040,Codeforces Round 992 (Div. 2),4sln,8195,1733675700,942,1027
2040,Codeforces Round 992 (Div. 2),pranaykotha,8195,1733675700,1082,1070
2040,Codeforces Round 992 (Div. 2),omaksh_fr,8195,1733675700,477,748
2040,Codeforces Round 992 (Div. 2),dattairaxiu,8195,1733675700,1174,1140
2040,Codeforces Round 992 (Div. 2),Raj_Gupta_,8195,1733675700,1160,1129
2040,Codeforces Round 992 (Div. 2),TrinhBaoNgoc,8195,1733675700,1529,1420
2040,Codeforces Round 992 (Div. 2),fool_7,8195,1733675700,1015,1020
2040,Codeforces Round 992 (Div. 2),cangxuandi,8195,1733675700,0,423
2040,Codeforces Round 992 (Div. 2),7h3,8195,1733675700,1137,1111
2040,Codeforces Round 992 (Div. 2),Prattoy_01,8195,1733675700,1133,1108
2040,Codeforces Round 992 (Div. 2),manas_1406,8195,1733675700,796,872
2040,Codeforces Round 992 (Div. 2),snoozekid,8195,1733675700,1143,1154
2040,Codeforces Round 992 (Div. 2),npnainav,8195,1733675700,1155,1125
2040,Codeforces Round 992 (Div. 2),AHTOXA_AHIGILATOR2006,8195,1733675700,1007,1077
2040,Codeforces Round 992 (Div. 2),murad501,8195,1733675700,1049,1045
2040,Codeforces Round 992 (Div. 2),player22,8195,1733675700,1195,1156
2040,Codeforces Round 992 (Div. 2),bo8_dady,8195,1733675700,1060,1053
2040,Codeforces Round 992 (Div. 2),Khuss,8215,1733675700,410,695
2040,Codeforces Round 992 (Div. 2),Clsr.,8215,1733675700,356,653
2040,Codeforces Round 992 (Div. 2),shreenish,8215,1733675700,1047,1044
2040,Codeforces Round 992 (Div. 2),AryaRajeev,8215,1733675700,1174,1140
2040,Codeforces Round 992 (Div. 2),hoaicaochi,8215,1733675700,925,1014
2040,Codeforces Round 992 (Div. 2),Mitanshu111,8215,1733675700,1121,1099
2040,Codeforces Round 992 (Div. 2),pac-man,8215,1733675700,1686,1547
2040,Codeforces Round 992 (Div. 2),_.BIRUK._,8215,1733675700,934,963
2040,Codeforces Round 992 (Div. 2),denilb,8215,1733675700,1618,1491
2040,Codeforces Round 992 (Div. 2),DomUmaru,8215,1733675700,1204,1162
2040,Codeforces Round 992 (Div. 2),Fingolfin42,8215,1733675700,907,945
2040,Codeforces Round 992 (Div. 2),sombabaofficial,8215,1733675700,797,872
2040,Codeforces Round 992 (Div. 2),Quyts,8215,1733675700,1201,1160
2040,Codeforces Round 992 (Div. 2),LeafCatcher,8215,1733675700,1198,1158
2040,Codeforces Round 992 (Div. 2),Aditya_Masne,8229,1733675700,1104,1085
2040,Codeforces Round 992 (Div. 2),UnknownSurvivor,8229,1733675700,1166,1171
2040,Codeforces Round 992 (Div. 2),phamhuy050407,8229,1733675700,886,930
2040,Codeforces Round 992 (Div. 2),hidden_charm20,8229,1733675700,1100,1082
2040,Codeforces Round 992 (Div. 2),Rho_Ruler,8229,1733675700,797,930
2040,Codeforces Round 992 (Div. 2),Try1600,8229,1733675700,1356,1281
2040,Codeforces Round 992 (Div. 2),Sushanth_123,8229,1733675700,972,989
2040,Codeforces Round 992 (Div. 2),random1220,8229,1733675700,617,834
2040,Codeforces Round 992 (Div. 2),AstroBunny,8229,1733675700,423,705
2040,Codeforces Round 992 (Div. 2),CodeVoyager...,8229,1733675700,1064,1056
2040,Codeforces Round 992 (Div. 2),amolt2003,8229,1733675700,1092,1076
2040,Codeforces Round 992 (Div. 2),sairam_swaroop_teja,8229,1733675700,942,968
2040,Codeforces Round 992 (Div. 2),S1ne,8229,1733675700,1006,1050
2040,Codeforces Round 992 (Div. 2),SomilP,8229,1733675700,1188,1150
2040,Codeforces Round 992 (Div. 2),Deepak_challa,8229,1733675700,1340,1269
2040,Codeforces Round 992 (Div. 2),DarkMody,8229,1733675700,369,663
2040,Codeforces Round 992 (Div. 2),barshan_10,8229,1733675700,951,975
2040,Codeforces Round 992 (Div. 2),M.M,8246,1733675700,1073,1062
2040,Codeforces Round 992 (Div. 2),Azdy_28,8246,1733675700,1085,1071
2040,Codeforces Round 992 (Div. 2),Raju_kr,8246,1733675700,1052,1047
2040,Codeforces Round 992 (Div. 2),raja_vardhan,8246,1733675700,1328,1259
2040,Codeforces Round 992 (Div. 2),muralikrishnagunti,8246,1733675700,1020,1086
2040,Codeforces Round 992 (Div. 2),Sympotic,8246,1733675700,0,422
2040,Codeforces Round 992 (Div. 2),aditya2.7080,8246,1733675700,1156,1125
2040,Codeforces Round 992 (Div. 2),_stoic,8246,1733675700,1020,1023
2040,Codeforces Round 992 (Div. 2),DebugDominator,8246,1733675700,1125,1101
2040,Codeforces Round 992 (Div. 2),shre99,8246,1733675700,415,699
2040,Codeforces Round 992 (Div. 2),mounteverest2004,8246,1733675700,1067,1140
2040,Codeforces Round 992 (Div. 2),tahmid_786,8246,1733675700,952,975
2040,Codeforces Round 992 (Div. 2),Abid_52,8246,1733675700,1348,1275
2040,Codeforces Round 992 (Div. 2),YSlow,8246,1733675700,1238,1188
2040,Codeforces Round 992 (Div. 2),emptyjoker,8246,1733675700,842,964
2040,Codeforces Round 992 (Div. 2),newmoto,8246,1733675700,1540,1428
2040,Codeforces Round 992 (Div. 2),WrongAnswerOnPretests,8246,1733675700,1403,1318
2040,Codeforces Round 992 (Div. 2),Ganna_Gamal,8263,1733675700,1054,1048
2040,Codeforces Round 992 (Div. 2),RyuDMC,8263,1733675700,696,809
2040,Codeforces Round 992 (Div. 2),VivekTiwary_1092,8263,1733675700,825,889
2040,Codeforces Round 992 (Div. 2),kaushikofficial1809,8263,1733675700,1115,1094
2040,Codeforces Round 992 (Div. 2),bravesoul540,8263,1733675700,902,1010
2040,Codeforces Round 992 (Div. 2),p_karthikeya,8263,1733675700,1039,1037
2040,Codeforces Round 992 (Div. 2),rohan_ferb,8263,1733675700,1230,1182
2040,Codeforces Round 992 (Div. 2),dcccccc_______,8263,1733675700,951,974
2040,Codeforces Round 992 (Div. 2),ANVESH.REDDY,8263,1733675700,1193,1153
2040,Codeforces Round 992 (Div. 2),Shagor_Uzumaki,8263,1733675700,821,887
2040,Codeforces Round 992 (Div. 2),ZrasQi,8263,1733675700,917,951
2040,Codeforces Round 992 (Div. 2),Alamin_20,8274,1733675700,894,935
2040,Codeforces Round 992 (Div. 2),codehun7er,8274,1733675700,453,728
2040,Codeforces Round 992 (Div. 2),AntheaFlourish,8274,1733675700,1084,1153
2040,Codeforces Round 992 (Div. 2),moneywar,8274,1733675700,1083,1069
2040,Codeforces Round 992 (Div. 2),SparseMatrix,8274,1733675700,950,973
2040,Codeforces Round 992 (Div. 2),aritrasinha2001,8274,1733675700,0,422
2040,Codeforces Round 992 (Div. 2),Peter_Mourad,8274,1733675700,1618,1490
2040,Codeforces Round 992 (Div. 2),Abhinandanporwal,8274,1733675700,990,1001
2040,Codeforces Round 992 (Div. 2),yasaswinidevi,8274,1733675700,1144,1115
2040,Codeforces Round 992 (Div. 2),Eunectes,8274,1733675700,381,671
2040,Codeforces Round 992 (Div. 2),tingd,8274,1733675700,687,887
2040,Codeforces Round 992 (Div. 2),jojolastico,8274,1733675700,704,900
2040,Codeforces Round 992 (Div. 2),prabhuji,8274,1733675700,370,663
2040,Codeforces Round 992 (Div. 2),fdgbatarse,8274,1733675700,991,1002
2040,Codeforces Round 992 (Div. 2),princeofsayajin,8274,1733675700,656,863
2040,Codeforces Round 992 (Div. 2),vikash_coder,8289,1733675700,986,998
2040,Codeforces Round 992 (Div. 2),atgcoder,8289,1733675700,485,753
2040,Codeforces Round 992 (Div. 2),Sigma_1018,8289,1733675700,1171,1202
2040,Codeforces Round 992 (Div. 2),vio_vv,8289,1733675700,1191,1151
2040,Codeforces Round 992 (Div. 2),draid,8289,1733675700,981,994
2040,Codeforces Round 992 (Div. 2),Dru.-_-,8289,1733675700,833,893
2040,Codeforces Round 992 (Div. 2),2112aru,8289,1733675700,1068,1057
2040,Codeforces Round 992 (Div. 2),cpmcksjfkd,8289,1733675700,706,901
2040,Codeforces Round 992 (Div. 2),Zone_.zonee,8289,1733675700,1009,1093
2040,Codeforces Round 992 (Div. 2),__pandorian__,8289,1733675700,1020,1022
2040,Codeforces Round 992 (Div. 2),anmolnee,8289,1733675700,1117,1094
2040,Codeforces Round 992 (Div. 2),rajon_mbstu,8289,1733675700,845,901
2040,Codeforces Round 992 (Div. 2),MishkatIT,8289,1733675700,1271,1213
2040,Codeforces Round 992 (Div. 2),__Mahatab,8289,1733675700,792,867
2040,Codeforces Round 992 (Div. 2),th3_ro4rk,8289,1733675700,1164,1130
2040,Codeforces Round 992 (Div. 2),vandantime,8289,1733675700,1078,1147
2040,Codeforces Round 992 (Div. 2),Pirates__,8289,1733675700,1197,1155
2040,Codeforces Round 992 (Div. 2),kruthik476,8289,1733675700,866,982
2040,Codeforces Round 992 (Div. 2),Asif_Zaman,8289,1733675700,985,1058
2040,Codeforces Round 992 (Div. 2),JPMM,8289,1733675700,1223,1176
2040,Codeforces Round 992 (Div. 2),ciniam,8289,1733675700,1109,1088
2040,Codeforces Round 992 (Div. 2),Unorthod0x,8289,1733675700,792,917
2040,Codeforces Round 992 (Div. 2),keshavjha_,8289,1733675700,1036,1034
2040,Codeforces Round 992 (Div. 2),Ansh_007,8312,1733675700,1365,1287
2040,Codeforces Round 992 (Div. 2),Harshith,8312,1733675700,1125,1100
2040,Codeforces Round 992 (Div. 2),Stroy,8312,1733675700,1345,1271
2040,Codeforces Round 992 (Div. 2),4yu5h_,8312,1733675700,1118,1095
2040,Codeforces Round 992 (Div. 2),with_prem_bashwanth,8312,1733675700,952,973
2040,Codeforces Round 992 (Div. 2),Qwerty1412,8312,1733675700,992,1002
2040,Codeforces Round 992 (Div. 2),_Ahmed_Maher_,8312,1733675700,1221,1174
2040,Codeforces Round 992 (Div. 2),Captain..Atomic_,8312,1733675700,853,960
2040,Codeforces Round 992 (Div. 2),ayushdivedi797,8312,1733675700,1115,1092
2040,Codeforces Round 992 (Div. 2),321xponent,8312,1733675700,1182,1144
2040,Codeforces Round 992 (Div. 2),kokushibu,8312,1733675700,617,832
2040,Codeforces Round 992 (Div. 2),SuSpect_911,8312,1733675700,1033,1032
2040,Codeforces Round 992 (Div. 2),Dragon521,8312,1733675700,1048,1106
2040,Codeforces Round 992 (Div. 2),ngyijie1116,8312,1733675700,1081,1067
2040,Codeforces Round 992 (Div. 2),ritulpanda123,8312,1733675700,1002,1071
2040,Codeforces Round 992 (Div. 2),Bilbo,8312,1733675700,1288,1226
2040,Codeforces Round 992 (Div. 2),suryansh22s,8312,1733675700,981,994
2040,Codeforces Round 992 (Div. 2),KozArt,8312,1733675700,823,886
2040,Codeforces Round 992 (Div. 2),adarshraj150820063108,8312,1733675700,979,992
2040,Codeforces Round 992 (Div. 2),yashraj_2004,8331,1733675700,1023,1023
2040,Codeforces Round 992 (Div. 2),syyyyyyyyyy,8331,1733675700,640,849
2040,Codeforces Round 992 (Div. 2),Arkadeb,8331,1733675700,1075,1062
2040,Codeforces Round 992 (Div. 2),Nihat_07,8331,1733675700,943,967
2040,Codeforces Round 992 (Div. 2),Priyanshu3011,8331,1733675700,1225,1176
2040,Codeforces Round 992 (Div. 2),ALPHA_004,8331,1733675700,918,949
2040,Codeforces Round 992 (Div. 2),hseera,8331,1733675700,1346,1272
2040,Codeforces Round 992 (Div. 2),Pkhacks,8331,1733675700,841,962
2040,Codeforces Round 992 (Div. 2),akil1625,8331,1733675700,1035,1033
2040,Codeforces Round 992 (Div. 2),edge_case,8331,1733675700,1587,1465
2040,Codeforces Round 992 (Div. 2),sonu_57,8331,1733675700,1051,1044
2040,Codeforces Round 992 (Div. 2),abhiinormal,8331,1733675700,1318,1249
2040,Codeforces Round 992 (Div. 2),maiovo,8331,1733675700,926,1027
2040,Codeforces Round 992 (Div. 2),Shubhra007,8331,1733675700,362,655
2040,Codeforces Round 992 (Div. 2),Ari_mallik45,8331,1733675700,887,928
2040,Codeforces Round 992 (Div. 2),xiaoyi3,8331,1733675700,791,865
2040,Codeforces Round 992 (Div. 2),Shubh_Garg,8331,1733675700,1327,1257
2040,Codeforces Round 992 (Div. 2),abcefgh,8331,1733675700,1116,1093
2040,Codeforces Round 992 (Div. 2),jucan225,8331,1733675700,828,952
2040,Codeforces Round 992 (Div. 2),KExa,8331,1733675700,1234,1183
2040,Codeforces Round 992 (Div. 2),sk091105,8331,1733675700,959,978
2040,Codeforces Round 992 (Div. 2),KNIGA_BRATAN_IDI_KA_SUDA,8352,1733675700,1108,1087
2040,Codeforces Round 992 (Div. 2),prasad_42,8352,1733675700,974,1024
2040,Codeforces Round 992 (Div. 2),om_malviya,8352,1733675700,1081,1066
2040,Codeforces Round 992 (Div. 2),kkumarr1250,8352,1733675700,1098,1079
2040,Codeforces Round 992 (Div. 2),XV1RUSX,8352,1733675700,1247,1193
2040,Codeforces Round 992 (Div. 2),lightyear_,8352,1733675700,709,814
2040,Codeforces Round 992 (Div. 2),ash9642,8352,1733675700,827,951
2040,Codeforces Round 992 (Div. 2),Ticklish,8352,1733675700,958,976
2040,Codeforces Round 992 (Div. 2),_gouravgour_,8352,1733675700,590,811
2040,Codeforces Round 992 (Div. 2),mika.andriamiadana,8352,1733675700,860,976
2040,Codeforces Round 992 (Div. 2),ImNoob69,8352,1733675700,1141,1178
2040,Codeforces Round 992 (Div. 2),Jackis666,8352,1733675700,1105,1085
2040,Codeforces Round 992 (Div. 2),verlint,8352,1733675700,647,854
2040,Codeforces Round 992 (Div. 2),-tunauwu-,8352,1733675700,738,926
2040,Codeforces Round 992 (Div. 2),oppof21,8352,1733675700,1071,1058
2040,Codeforces Round 992 (Div. 2),anmolbansal1969,8367,1733675700,1084,1068
2040,Codeforces Round 992 (Div. 2),kaftan,8367,1733675700,800,930
2040,Codeforces Round 992 (Div. 2),sam21t,8367,1733675700,1028,1027
2040,Codeforces Round 992 (Div. 2),yanmei1,8367,1733675700,469,740
2040,Codeforces Round 992 (Div. 2),syan7201,8367,1733675700,443,719
2040,Codeforces Round 992 (Div. 2),Vivek_Prakash_Yadav,8367,1733675700,1191,1150
2040,Codeforces Round 992 (Div. 2),Rana106,8367,1733675700,741,833
2040,Codeforces Round 992 (Div. 2),Olezha_Mazur,8367,1733675700,1134,1106
2040,Codeforces Round 992 (Div. 2),BatmanWhoLaughs,8367,1733675700,1485,1382
2040,Codeforces Round 992 (Div. 2),vagdevi1125,8367,1733675700,0,420
2040,Codeforces Round 992 (Div. 2),javaphile,8367,1733675700,857,907
2040,Codeforces Round 992 (Div. 2),ReverseFlash081,8367,1733675700,904,1010
2040,Codeforces Round 992 (Div. 2),anime1_coder,8367,1733675700,1094,1076
2040,Codeforces Round 992 (Div. 2),AnVill,8380,1733675700,883,925
2040,Codeforces Round 992 (Div. 2),ifuaslaeRL,8380,1733675700,1280,1219
2040,Codeforces Round 992 (Div. 2),Voldigoad,8380,1733675700,939,963
2040,Codeforces Round 992 (Div. 2),abhayjaiswal7383,8380,1733675700,409,692
2040,Codeforces Round 992 (Div. 2),comebackking,8380,1733675700,1282,1220
2040,Codeforces Round 992 (Div. 2),win1702,8380,1733675700,1300,1235
2040,Codeforces Round 992 (Div. 2),Levis111,8380,1733675700,1024,1060
2040,Codeforces Round 992 (Div. 2),jilani_ece22,8380,1733675700,618,831
2040,Codeforces Round 992 (Div. 2),_cloud,8388,1733675700,942,1039
2040,Codeforces Round 992 (Div. 2),_lilith_,8388,1733675700,1147,1115
2040,Codeforces Round 992 (Div. 2),WiseKid,8388,1733675700,1044,1037
2040,Codeforces Round 992 (Div. 2),Petrov_cs,8388,1733675700,650,856
2040,Codeforces Round 992 (Div. 2),tinyfold,8388,1733675700,0,420
2040,Codeforces Round 992 (Div. 2),anuj_rkm,8388,1733675700,1154,1121
2040,Codeforces Round 992 (Div. 2),Junaid.,8388,1733675700,1109,1087
2040,Codeforces Round 992 (Div. 2),susanna_samy,8388,1733675700,1132,1104
2040,Codeforces Round 992 (Div. 2),duffy,8388,1733675700,434,711
2040,Codeforces Round 992 (Div. 2),Pranav_Patel,8388,1733675700,1096,1076
2040,Codeforces Round 992 (Div. 2),kv_dhruv,8388,1733675700,907,941
2040,Codeforces Round 992 (Div. 2),sEgMeFaUlT,8388,1733675700,584,831
2040,Codeforces Round 992 (Div. 2),Tillu2004,8388,1733675700,942,1023
2040,Codeforces Round 992 (Div. 2),Vcoistnt,8388,1733675700,1472,1372
2040,Codeforces Round 992 (Div. 2),OnlyFirst,8388,1733675700,1316,1247
2040,Codeforces Round 992 (Div. 2),TheInvadr,8388,1733675700,1281,1219
2040,Codeforces Round 992 (Div. 2),fakebotoo6699,8388,1733675700,0,420
2040,Codeforces Round 992 (Div. 2),pankajinos,8405,1733675700,823,947
2040,Codeforces Round 992 (Div. 2),cyr0x,8405,1733675700,1109,1086
2040,Codeforces Round 992 (Div. 2),dmtenek,8405,1733675700,891,985
2040,Codeforces Round 992 (Div. 2),Anubhav_Sultania,8405,1733675700,1092,1073
2040,Codeforces Round 992 (Div. 2),sherifAbdo,8405,1733675700,1304,1237
2040,Codeforces Round 992 (Div. 2),sqhxo,8405,1733675700,1096,1076
2040,Codeforces Round 992 (Div. 2),Shreyanshgarg,8405,1733675700,1136,1107
2040,Codeforces Round 992 (Div. 2),QAQ888,8405,1733675700,914,1016
2040,Codeforces Round 992 (Div. 2),a1825765049,8405,1733675700,1083,1066
2040,Codeforces Round 992 (Div. 2),akshatkesari.bt22cseds,8405,1733675700,1212,1165
2040,Codeforces Round 992 (Div. 2),Jeevan_sooriya,8405,1733675700,724,914
2040,Codeforces Round 992 (Div. 2),CodeMonkeyUnleashed,8405,1733675700,1094,1075
2040,Codeforces Round 992 (Div. 2),InfinityJuice,8405,1733675700,949,969
2040,Codeforces Round 992 (Div. 2),369Hz,8405,1733675700,1187,1146
2040,Codeforces Round 992 (Div. 2),Sriram8a,8419,1733675700,651,856
2040,Codeforces Round 992 (Div. 2),Is_R_at,8419,1733675700,941,963
2040,Codeforces Round 992 (Div. 2),Shubhamx9,8419,1733675700,1029,1026
2040,Codeforces Round 992 (Div. 2),Nithin264,8419,1733675700,995,1002
2040,Codeforces Round 992 (Div. 2),teja_bvs,8419,1733675700,1030,1027
2040,Codeforces Round 992 (Div. 2),lazyflash99,8419,1733675700,1067,1054
2040,Codeforces Round 992 (Div. 2),kumar_shubham15,8419,1733675700,1081,1064
2040,Codeforces Round 992 (Div. 2),tamadac,8419,1733675700,1201,1156
2040,Codeforces Round 992 (Div. 2),darklord_self,8419,1733675700,1089,1070
2040,Codeforces Round 992 (Div. 2),rajharsh30,8419,1733675700,1135,1106
2040,Codeforces Round 992 (Div. 2),k.kaushik,8419,1733675700,978,989
2040,Codeforces Round 992 (Div. 2),001practice,8419,1733675700,0,420
2040,Codeforces Round 992 (Div. 2),jz4861,8419,1733675700,588,808
2040,Codeforces Round 992 (Div. 2),parvmanglani2,8419,1733675700,827,886
2040,Codeforces Round 992 (Div. 2),satyamgupta09,8419,1733675700,1007,1010
2040,Codeforces Round 992 (Div. 2),HackHustlerKartik,8434,1733675700,1035,1067
2040,Codeforces Round 992 (Div. 2),andrew23,8434,1733675700,778,855
2040,Codeforces Round 992 (Div. 2),172942,8434,1733675700,1263,1205
2040,Codeforces Round 992 (Div. 2),lmcn,8434,1733675700,0,419
2040,Codeforces Round 992 (Div. 2),888krishnam,8434,1733675700,979,990
2040,Codeforces Round 992 (Div. 2),gaby,8434,1733675700,1166,1129
2040,Codeforces Round 992 (Div. 2),wanli_,8434,1733675700,747,931
2040,Codeforces Round 992 (Div. 2),TEXAS_66,8434,1733675700,998,1003
2040,Codeforces Round 992 (Div. 2),Aayush02Bhasin,8434,1733675700,669,870
2040,Codeforces Round 992 (Div. 2),solvr,8434,1733675700,981,991
2040,Codeforces Round 992 (Div. 2),Laav10,8434,1733675700,872,916
2040,Codeforces Round 992 (Div. 2),ayanoQAQ,8434,1733675700,0,419
2040,Codeforces Round 992 (Div. 2),aknov,8434,1733675700,1121,1095
2040,Codeforces Round 992 (Div. 2),killerHitman,8434,1733675700,938,961
2040,Codeforces Round 992 (Div. 2),rpr,8434,1733675700,0,419
2040,Codeforces Round 992 (Div. 2),man05,8434,1733675700,896,988
2040,Codeforces Round 992 (Div. 2),nowyouseeme9031,8450,1733675700,1068,1055
2040,Codeforces Round 992 (Div. 2),mellowsky,8450,1733675700,883,923
2040,Codeforces Round 992 (Div. 2),Sachin2121Saini,8450,1733675700,880,955
2040,Codeforces Round 992 (Div. 2),D_S,8450,1733675700,1314,1245
2040,Codeforces Round 992 (Div. 2),trilok_shetty,8450,1733675700,1231,1179
2040,Codeforces Round 992 (Div. 2),nvson2201,8450,1733675700,1299,1233
2040,Codeforces Round 992 (Div. 2),jayakrishna_14,8450,1733675700,1008,1010
2040,Codeforces Round 992 (Div. 2),shr3yash_sharma,8450,1733675700,842,960
2040,Codeforces Round 992 (Div. 2),ramu12,8450,1733675700,803,870
2040,Codeforces Round 992 (Div. 2),luffy_5254,8450,1733675700,965,980
2040,Codeforces Round 992 (Div. 2),Vivek3000,8450,1733675700,1122,1096
2040,Codeforces Round 992 (Div. 2),Katsya,8450,1733675700,0,420
2040,Codeforces Round 992 (Div. 2),kooshaaa,8450,1733675700,878,919
2040,Codeforces Round 992 (Div. 2),debug_dynamo011,8450,1733675700,399,683
2040,Codeforces Round 992 (Div. 2),dtgG1856_7,8450,1733675700,1015,1015
2040,Codeforces Round 992 (Div. 2),ADecentUsername,8450,1733675700,1109,1085
2040,Codeforces Round 992 (Div. 2),Aaaajianzhujiawangge,8450,1733675700,0,420
2040,Codeforces Round 992 (Div. 2),Liamislazy,8467,1733675700,911,942
2040,Codeforces Round 992 (Div. 2),minhtan1103,8467,1733675700,1056,1110
2040,Codeforces Round 992 (Div. 2),ElayV13,8467,1733675700,1161,1212
2040,Codeforces Round 992 (Div. 2),xy.man,8467,1733675700,916,945
2040,Codeforces Round 992 (Div. 2),BitXoR063,8467,1733675700,1202,1156
2040,Codeforces Round 992 (Div. 2),fast_run,8467,1733675700,739,883
2040,Codeforces Round 992 (Div. 2),vishal_28d,8467,1733675700,958,975
2040,Codeforces Round 992 (Div. 2),khongten_2008,8467,1733675700,1228,1177
2040,Codeforces Round 992 (Div. 2),coderakshat404,8467,1733675700,945,1040
2040,Codeforces Round 992 (Div. 2),Sarswa_Dhiru,8467,1733675700,429,706
2040,Codeforces Round 992 (Div. 2),amcsz,8467,1733675700,1170,1132
2040,Codeforces Round 992 (Div. 2),maksudul,8467,1733675700,1014,1014
2040,Codeforces Round 992 (Div. 2),IshyWishy17,8467,1733675700,1216,1167
2040,Codeforces Round 992 (Div. 2),Raghvendra_Singh,8480,1733675700,1045,1036
2040,Codeforces Round 992 (Div. 2),TIGE4,8480,1733675700,390,675
2040,Codeforces Round 992 (Div. 2),hojiakbarumarov,8480,1733675700,937,960
2040,Codeforces Round 992 (Div. 2),KrishRox,8480,1733675700,834,923
2040,Codeforces Round 992 (Div. 2),avre,8480,1733675700,1041,1034
2040,Codeforces Round 992 (Div. 2),LeeDoo,8480,1733675700,1125,1163
2040,Codeforces Round 992 (Div. 2),Saini_30,8480,1733675700,760,898
2040,Codeforces Round 992 (Div. 2),rongdapang,8480,1733675700,0,419
2040,Codeforces Round 992 (Div. 2),bmbxzm,8480,1733675700,1028,1025
2040,Codeforces Round 992 (Div. 2),SHUKARU,8480,1733675700,733,826
2040,Codeforces Round 992 (Div. 2),Nemesis_XVI,8480,1733675700,1131,1102
2040,Codeforces Round 992 (Div. 2),Anshul_2004,8480,1733675700,951,1029
2040,Codeforces Round 992 (Div. 2),Mystery2000,8480,1733675700,1077,1099
2040,Codeforces Round 992 (Div. 2),GhoosTisBack,8480,1733675700,0,419
2040,Codeforces Round 992 (Div. 2),SiamArif,8494,1733675700,1199,1154
2040,Codeforces Round 992 (Div. 2),Nanthana2003,8494,1733675700,1301,1234
2040,Codeforces Round 992 (Div. 2),Mahfujul_Haque_Siyem,8494,1733675700,1013,1013
2040,Codeforces Round 992 (Div. 2),dhananjay.chimnani,8494,1733675700,1227,1175
2040,Codeforces Round 992 (Div. 2),codeXsachin,8494,1733675700,919,947
2040,Codeforces Round 992 (Div. 2),dev.t.prajapati,8494,1733675700,0,419
2040,Codeforces Round 992 (Div. 2),akkiydav21,8494,1733675700,988,995
2040,Codeforces Round 992 (Div. 2),icpcdream,8494,1733675700,1057,1083
2040,Codeforces Round 992 (Div. 2),paracet_anmol,8494,1733675700,0,419
2040,Codeforces Round 992 (Div. 2),Sarvansh28,8494,1733675700,863,963
2040,Codeforces Round 992 (Div. 2),saksham122shrivastava,8494,1733675700,1141,1109
2040,Codeforces Round 992 (Div. 2),NLsosad,8494,1733675700,1211,1163
2040,Codeforces Round 992 (Div. 2),Manas2024,8494,1733675700,0,419
2040,Codeforces Round 992 (Div. 2),iamsahilkr,8494,1733675700,1111,1086
2040,Codeforces Round 992 (Div. 2),john_wyz,8494,1733675700,0,419
2040,Codeforces Round 992 (Div. 2),ShwethaChilukuri,8509,1733675700,682,879
2040,Codeforces Round 992 (Div. 2),ro_.hi__th._,8509,1733675700,926,1009
2040,Codeforces Round 992 (Div. 2),Yoichi_Isagi1,8509,1733675700,879,988
2040,Codeforces Round 992 (Div. 2),jagrat_khatter,8509,1733675700,356,648
2040,Codeforces Round 992 (Div. 2),Hiral_Singh,8509,1733675700,807,923
2040,Codeforces Round 992 (Div. 2),Ikat5,8509,1733675700,1150,1116
2040,Codeforces Round 992 (Div. 2),krishgoblin,8509,1733675700,891,983
2040,Codeforces Round 992 (Div. 2),ne750,8509,1733675700,1360,1280
2040,Codeforces Round 992 (Div. 2),m_shahin,8509,1733675700,889,926
2040,Codeforces Round 992 (Div. 2),mohammed__abdurrahmaan,8509,1733675700,1087,1067
2040,Codeforces Round 992 (Div. 2),__12345__,8509,1733675700,858,939
2040,Codeforces Round 992 (Div. 2),Binary_001,8520,1733675700,1149,1115
2040,Codeforces Round 992 (Div. 2),Arihantjain04,8520,1733675700,1301,1233
2040,Codeforces Round 992 (Div. 2),yagyesh05,8520,1733675700,1231,1178
2040,Codeforces Round 992 (Div. 2),motviybletb,8520,1733675700,1035,1110
2040,Codeforces Round 992 (Div. 2),rohan2210,8520,1733675700,1152,1117
2040,Codeforces Round 992 (Div. 2),CacheMe,8520,1733675700,1151,1116
2040,Codeforces Round 992 (Div. 2),Regulus,8520,1733675700,1321,1249
2040,Codeforces Round 992 (Div. 2),akshatgarg715,8520,1733675700,910,997
2040,Codeforces Round 992 (Div. 2),alternate007,8520,1733675700,896,1001
2040,Codeforces Round 992 (Div. 2),iamgreedy,8520,1733675700,938,994
2040,Codeforces Round 992 (Div. 2),c1432,8520,1733675700,636,843
2040,Codeforces Round 992 (Div. 2),MrKaushik7,8520,1733675700,929,953
2040,Codeforces Round 992 (Div. 2),Akik04,8520,1733675700,1093,1072
2040,Codeforces Round 992 (Div. 2),Serial_Chiller,8520,1733675700,1087,1067
2040,Codeforces Round 992 (Div. 2),ritiklucky48,8520,1733675700,831,920
2040,Codeforces Round 992 (Div. 2),Aayush_0305,8520,1733675700,1128,1099
2040,Codeforces Round 992 (Div. 2),EikoocSun,8536,1733675700,894,1048
2040,Codeforces Round 992 (Div. 2),code_turtle,8536,1733675700,1088,1068
2040,Codeforces Round 992 (Div. 2),Sat_Njk,8536,1733675700,1152,1117
2040,Codeforces Round 992 (Div. 2),lidc,8536,1733675700,948,1026
2040,Codeforces Round 992 (Div. 2),0xMax,8536,1733675700,824,945
2040,Codeforces Round 992 (Div. 2),Th3_Ch0sen_One,8536,1733675700,1102,1079
2040,Codeforces Round 992 (Div. 2),Ritwikmondalr76,8536,1733675700,793,861
2040,Codeforces Round 992 (Div. 2),RiteshRaushan,8536,1733675700,949,966
2040,Codeforces Round 992 (Div. 2),ereklezurashvili,8536,1733675700,1131,1101
2040,Codeforces Round 992 (Div. 2),cobwebsinvagina,8536,1733675700,861,906
2040,Codeforces Round 992 (Div. 2),Shashidhar__m,8536,1733675700,1182,1140
2040,Codeforces Round 992 (Div. 2),RegularGuyy,8536,1733675700,0,418
2040,Codeforces Round 992 (Div. 2),dfhzzj,8536,1733675700,1119,1177
2040,Codeforces Round 992 (Div. 2),AAR_BoT,8536,1733675700,1063,1049
2040,Codeforces Round 992 (Div. 2),arsalanmoid,8536,1733675700,1058,1045
2040,Codeforces Round 992 (Div. 2),goposo,8536,1733675700,962,975
2040,Codeforces Round 992 (Div. 2),akshit269,8536,1733675700,1115,1088
2040,Codeforces Round 992 (Div. 2),ygnb,8536,1733675700,0,418
2040,Codeforces Round 992 (Div. 2),akshitgupta_7,8536,1733675700,1033,1027
2040,Codeforces Round 992 (Div. 2),medha_j,8536,1733675700,734,824
2040,Codeforces Round 992 (Div. 2),pareek_ankur_a1,8556,1733675700,1225,1173
2040,Codeforces Round 992 (Div. 2),BHASKAR1612,8556,1733675700,892,927
2040,Codeforces Round 992 (Div. 2),semutEkstrim,8556,1733675700,1155,1119
2040,Codeforces Round 992 (Div. 2),kqv,8556,1733675700,1072,1055
2040,Codeforces Round 992 (Div. 2),hardhik2111,8556,1733675700,0,418
2040,Codeforces Round 992 (Div. 2),yyyyyh,8556,1733675700,1119,1091
2040,Codeforces Round 992 (Div. 2),ronweasley12,8556,1733675700,672,871
2040,Codeforces Round 992 (Div. 2),Arshia_hashemi,8556,1733675700,377,664
2040,Codeforces Round 992 (Div. 2),Nana7mi_,8556,1733675700,0,418
2040,Codeforces Round 992 (Div. 2),_KA_,8556,1733675700,0,418
2040,Codeforces Round 992 (Div. 2),MRdoctorseven78,8556,1733675700,1083,1064
2040,Codeforces Round 992 (Div. 2),white-lotus,8556,1733675700,1077,1059
2040,Codeforces Round 992 (Div. 2),anshtrip99,8568,1733675700,892,926
2040,Codeforces Round 992 (Div. 2),Digbijoy_2203104,8568,1733675700,854,901
2040,Codeforces Round 992 (Div. 2),verdiayuv,8568,1733675700,1015,1013
2040,Codeforces Round 992 (Div. 2),M_ZhuZhao,8568,1733675700,1128,1098
2040,Codeforces Round 992 (Div. 2),zahorodnyi,8568,1733675700,1065,1050
2040,Codeforces Round 992 (Div. 2),Lunaire,8568,1733675700,394,677
2040,Codeforces Round 992 (Div. 2),rohangarg23,8568,1733675700,0,418
2040,Codeforces Round 992 (Div. 2),dimazhoskiy777,8568,1733675700,730,916
2040,Codeforces Round 992 (Div. 2),jafarbekyusupov,8568,1733675700,1157,1120
2040,Codeforces Round 992 (Div. 2),TriumphX4,8568,1733675700,1070,1054
2040,Codeforces Round 992 (Div. 2),sword12,8568,1733675700,391,675
2040,Codeforces Round 992 (Div. 2),SKT.uzi,8568,1733675700,1267,1206
2040,Codeforces Round 992 (Div. 2),soapy_user,8568,1733675700,0,418
2040,Codeforces Round 992 (Div. 2),synbat_d,8568,1733675700,0,418
2040,Codeforces Round 992 (Div. 2),ynubhav,8568,1733675700,1180,1138
2040,Codeforces Round 992 (Div. 2),jagtapritesh06,8568,1733675700,998,1001
2040,Codeforces Round 992 (Div. 2),nidhichaudhary2002,8568,1733675700,826,882
2040,Codeforces Round 992 (Div. 2),Ghost_bharti,8568,1733675700,791,910
2040,Codeforces Round 992 (Div. 2),AZizmatic,8586,1733675700,1252,1194
2040,Codeforces Round 992 (Div. 2),Kiteretsu_29,8586,1733675700,965,977
2040,Codeforces Round 992 (Div. 2),Kener_Castillo,8586,1733675700,1269,1207
2040,Codeforces Round 992 (Div. 2),TheTakibKhan,8586,1733675700,1253,1194
2040,Codeforces Round 992 (Div. 2),PJ37,8586,1733675700,1148,1113
2040,Codeforces Round 992 (Div. 2),Malav_Sanghvi,8586,1733675700,446,718
2040,Codeforces Round 992 (Div. 2),NurAman,8586,1733675700,1050,1038
2040,Codeforces Round 992 (Div. 2),alwaysBelieve,8586,1733675700,857,1017
2040,Codeforces Round 992 (Div. 2),Coder-DarkSlayer,8586,1733675700,732,822
2040,Codeforces Round 992 (Div. 2),Kiseki_,8586,1733675700,383,668
2040,Codeforces Round 992 (Div. 2),Muhammad_Abyaz,8586,1733675700,920,945
2040,Codeforces Round 992 (Div. 2),mausumighadei,8586,1733675700,0,417
2040,Codeforces Round 992 (Div. 2),bajrangbali0410,8586,1733675700,0,417
2040,Codeforces Round 992 (Div. 2),An7-ik4aR1an7-,8586,1733675700,646,850
2040,Codeforces Round 992 (Div. 2),pybagheri,8586,1733675700,448,720
2040,Codeforces Round 992 (Div. 2),hs.xx,8586,1733675700,1200,1153
2040,Codeforces Round 992 (Div. 2),Sirens,8602,1733675700,1007,1007
2040,Codeforces Round 992 (Div. 2),maharaja,8602,1733675700,893,926
2040,Codeforces Round 992 (Div. 2),slavi1337,8602,1733675700,1355,1275
2040,Codeforces Round 992 (Div. 2),duuyy,8602,1733675700,949,965
2040,Codeforces Round 992 (Div. 2),shashank_bhai,8602,1733675700,874,914
2040,Codeforces Round 992 (Div. 2),archidavinci9999,8602,1733675700,850,964
2040,Codeforces Round 992 (Div. 2),chandu420,8602,1733675700,842,892
2040,Codeforces Round 992 (Div. 2),dhruv.p6,8602,1733675700,814,873
2040,Codeforces Round 992 (Div. 2),Exuberant97,8602,1733675700,1087,1066
2040,Codeforces Round 992 (Div. 2),alancho,8602,1733675700,1087,1132
2040,Codeforces Round 992 (Div. 2),arjun.b,8602,1733675700,854,954
2040,Codeforces Round 992 (Div. 2),Tariful_3.0,8602,1733675700,1078,1059
2040,Codeforces Round 992 (Div. 2),Khattaab,8602,1733675700,1447,1349
2040,Codeforces Round 992 (Div. 2),vhsa,8602,1733675700,925,948
2040,Codeforces Round 992 (Div. 2),ragequitter,8602,1733675700,1298,1230
2040,Codeforces Round 992 (Div. 2),GalaxyGeek,8602,1733675700,1174,1132
2040,Codeforces Round 992 (Div. 2),vishalrathod16,8602,1733675700,1381,1296
2040,Codeforces Round 992 (Div. 2),diyah2000d,8619,1733675700,1040,1068
2040,Codeforces Round 992 (Div. 2),People_machine,8619,1733675700,1161,1122
2040,Codeforces Round 992 (Div. 2),TejasVarshney,8619,1733675700,1057,1043
2040,Codeforces Round 992 (Div. 2),najmul90,8619,1733675700,937,956
2040,Codeforces Round 992 (Div. 2),Coder_zjb,8619,1733675700,1126,1095
2040,Codeforces Round 992 (Div. 2),OrJH,8619,1733675700,952,1003
2040,Codeforces Round 992 (Div. 2),LoserDuckFailInLove,8619,1733675700,983,1068
2040,Codeforces Round 992 (Div. 2),L-Cthulhu,8619,1733675700,1028,1021
2040,Codeforces Round 992 (Div. 2),harshitgoel2601,8619,1733675700,639,844
2040,Codeforces Round 992 (Div. 2),Tamajeet7,8619,1733675700,1095,1072
2040,Codeforces Round 992 (Div. 2),Md_Anas_Ali_Usmani,8619,1733675700,1193,1147
2040,Codeforces Round 992 (Div. 2),booleancube,8619,1733675700,1268,1205
2040,Codeforces Round 992 (Div. 2),manasib,8619,1733675700,0,417
2040,Codeforces Round 992 (Div. 2),jakkalokesh,8619,1733675700,0,417
2040,Codeforces Round 992 (Div. 2),Mohamed-Moemen-Masry,8619,1733675700,1039,1030
2040,Codeforces Round 992 (Div. 2),Always_WA14,8619,1733675700,1085,1102
2040,Codeforces Round 992 (Div. 2),arorapranav_,8619,1733675700,1156,1118
2040,Codeforces Round 992 (Div. 2),rayiseB,8636,1733675700,1322,1248
2040,Codeforces Round 992 (Div. 2),shohan241,8636,1733675700,1000,1001
2040,Codeforces Round 992 (Div. 2),cse210001061,8636,1733675700,1297,1228
2040,Codeforces Round 992 (Div. 2),Arjungr8,8636,1733675700,1054,1040
2040,Codeforces Round 992 (Div. 2),shivam7214376,8636,1733675700,1022,1017
2040,Codeforces Round 992 (Div. 2),orz_ereg_p,8636,1733675700,1166,1194
2040,Codeforces Round 992 (Div. 2),minhajul5090,8636,1733675700,967,977
2040,Codeforces Round 992 (Div. 2),swastik_2005,8636,1733675700,1076,1095
2040,Codeforces Round 992 (Div. 2),anurag2121,8636,1733675700,977,984
2040,Codeforces Round 992 (Div. 2),AD24,8636,1733675700,903,932
2040,Codeforces Round 992 (Div. 2),crying6969,8636,1733675700,1360,1279
2040,Codeforces Round 992 (Div. 2),one_motive,8636,1733675700,1239,1183
2040,Codeforces Round 992 (Div. 2),EnquisitelyCurious,8636,1733675700,960,1008
2040,Codeforces Round 992 (Div. 2),Shyam_26_7_2,8636,1733675700,1528,1414
2040,Codeforces Round 992 (Div. 2),VighneshPatidar,8636,1733675700,965,976
2040,Codeforces Round 992 (Div. 2),liazuf061,8651,1733675700,1095,1071
2040,Codeforces Round 992 (Div. 2),adhrit_v,8651,1733675700,1090,1068
2040,Codeforces Round 992 (Div. 2),peppeyuan,8651,1733675700,800,925
2040,Codeforces Round 992 (Div. 2),aliullah,8651,1733675700,1155,1117
2040,Codeforces Round 992 (Div. 2),devecent,8651,1733675700,1292,1224
2040,Codeforces Round 992 (Div. 2),AbdelazizSn24,8651,1733675700,972,980
2040,Codeforces Round 992 (Div. 2),qwerty4884,8651,1733675700,1131,1099
2040,Codeforces Round 992 (Div. 2),Hemabhushan,8651,1733675700,874,946
2040,Codeforces Round 992 (Div. 2),anushkanirat,8651,1733675700,942,959
2040,Codeforces Round 992 (Div. 2),Gsr1435,8651,1733675700,0,416
2040,Codeforces Round 992 (Div. 2),tekka_ity,8651,1733675700,882,918
2040,Codeforces Round 992 (Div. 2),_._aayush_._,8651,1733675700,381,666
2040,Codeforces Round 992 (Div. 2),jijijitian,8651,1733675700,1508,1397
2040,Codeforces Round 992 (Div. 2),erichtooDezNuts,8651,1733675700,461,729
2040,Codeforces Round 992 (Div. 2),morettiGS,8665,1733675700,1014,1010
2040,Codeforces Round 992 (Div. 2),Prajwal_3,8665,1733675700,1026,1019
2040,Codeforces Round 992 (Div. 2),Atul_naruto,8665,1733675700,1092,1135
2040,Codeforces Round 992 (Div. 2),code_breaker073,8665,1733675700,1283,1217
2040,Codeforces Round 992 (Div. 2),sunflower80,8665,1733675700,968,977
2040,Codeforces Round 992 (Div. 2),HomeLander24,8665,1733675700,1086,1102
2040,Codeforces Round 992 (Div. 2),The.......,8665,1733675700,913,939
2040,Codeforces Round 992 (Div. 2),saiganesh0704,8665,1733675700,1141,1106
2040,Codeforces Round 992 (Div. 2),Mohammad_Daadour,8665,1733675700,841,956
2040,Codeforces Round 992 (Div. 2),Ayush.Mishra,8665,1733675700,1206,1156
2040,Codeforces Round 992 (Div. 2),the_atg,8665,1733675700,984,989
2040,Codeforces Round 992 (Div. 2),ramann_696,8676,1733675700,1108,1081
2040,Codeforces Round 992 (Div. 2),Forbearance,8676,1733675700,1060,1044
2040,Codeforces Round 992 (Div. 2),Prefer.P,8676,1733675700,1206,1156
2040,Codeforces Round 992 (Div. 2),VladNeagu,8676,1733675700,913,938
2040,Codeforces Round 992 (Div. 2),MF_Cesar,8676,1733675700,1243,1185
2040,Codeforces Round 992 (Div. 2),minhkhoa1611dn,8676,1733675700,1029,1086
2040,Codeforces Round 992 (Div. 2),mat_eternals,8682,1733675700,1041,1030
2040,Codeforces Round 992 (Div. 2),MadhavOP,8682,1733675700,921,944
2040,Codeforces Round 992 (Div. 2),Adarsh_agrahari,8682,1733675700,1047,1034
2040,Codeforces Round 992 (Div. 2),rohan_codegiant,8682,1733675700,1065,1048
2040,Codeforces Round 992 (Div. 2),badabitbadabumbadabit,8682,1733675700,609,820
2040,Codeforces Round 992 (Div. 2),xietiandian,8682,1733675700,0,416
2040,Codeforces Round 992 (Div. 2),tanjian1,8682,1733675700,763,896
2040,Codeforces Round 992 (Div. 2),sbmraj03,8682,1733675700,1209,1158
2040,Codeforces Round 992 (Div. 2),Anandverse,8682,1733675700,963,973
2040,Codeforces Round 992 (Div. 2),Abubakar_19,8682,1733675700,1002,1001
2040,Codeforces Round 992 (Div. 2),Glorious-Nightmare,8682,1733675700,442,714
2040,Codeforces Round 992 (Div. 2),IdinI,8682,1733675700,847,893
2040,Codeforces Round 992 (Div. 2),zy233,8682,1733675700,804,865
2040,Codeforces Round 992 (Div. 2),MapleCC,8682,1733675700,1129,1096
2040,Codeforces Round 992 (Div. 2),105260_zhou,8682,1733675700,1154,1116
2040,Codeforces Round 992 (Div. 2),Juan79,8697,1733675700,880,915
2040,Codeforces Round 992 (Div. 2),singhabhijeet1212,8697,1733675700,685,790
2040,Codeforces Round 992 (Div. 2),Note_Legend,8697,1733675700,879,914
2040,Codeforces Round 992 (Div. 2),devRawnie,8697,1733675700,1034,1024
2040,Codeforces Round 992 (Div. 2),kakarot_7,8697,1733675700,1027,1019
2040,Codeforces Round 992 (Div. 2),indreshkverma2004,8697,1733675700,994,995
2040,Codeforces Round 992 (Div. 2),hawk_wild,8697,1733675700,938,991
2040,Codeforces Round 992 (Div. 2),himadri05,8697,1733675700,976,982
2040,Codeforces Round 992 (Div. 2),Effazzz,8697,1733675700,977,983
2040,Codeforces Round 992 (Div. 2),aSugandh,8697,1733675700,880,915
2040,Codeforces Round 992 (Div. 2),wck_iipi,8697,1733675700,978,984
2040,Codeforces Round 992 (Div. 2),FufaCoder,8697,1733675700,1283,1216
2040,Codeforces Round 992 (Div. 2),JoblessSamurai,8697,1733675700,1047,1034
2040,Codeforces Round 992 (Div. 2),buhsan,8697,1733675700,792,857
2040,Codeforces Round 992 (Div. 2),donquixote_2shar,8711,1733675700,1216,1163
2040,Codeforces Round 992 (Div. 2),blazor,8711,1733675700,817,937
2040,Codeforces Round 992 (Div. 2),siingh_ashu,8711,1733675700,845,891
2040,Codeforces Round 992 (Div. 2),the_Ali_mhz,8711,1733675700,1037,1026
2040,Codeforces Round 992 (Div. 2),Kagetsu,8711,1733675700,706,895
2040,Codeforces Round 992 (Div. 2),Burannn,8711,1733675700,709,897
2040,Codeforces Round 992 (Div. 2),sahni18,8711,1733675700,591,805
2040,Codeforces Round 992 (Div. 2),nilesh1729,8711,1733675700,855,898
2040,Codeforces Round 992 (Div. 2),atosh502,8711,1733675700,697,797
2040,Codeforces Round 992 (Div. 2),endlezz,8711,1733675700,1091,1133
2040,Codeforces Round 992 (Div. 2),Riyaan,8711,1733675700,377,661
2040,Codeforces Round 992 (Div. 2),caaats,8711,1733675700,742,923
2040,Codeforces Round 992 (Div. 2),LogicalLuminary,8723,1733675700,999,1061
2040,Codeforces Round 992 (Div. 2),harshitkantharia1,8723,1733675700,360,648
2040,Codeforces Round 992 (Div. 2),ImmortalNova,8723,1733675700,1563,1441
2040,Codeforces Round 992 (Div. 2),AnkiPro,8723,1733675700,663,777
2040,Codeforces Round 992 (Div. 2),awez_mehtab,8723,1733675700,698,888
2040,Codeforces Round 992 (Div. 2),hongzhenbo,8723,1733675700,805,927
2040,Codeforces Round 992 (Div. 2),krishnagoel22,8723,1733675700,1050,1036
2040,Codeforces Round 992 (Div. 2),__agakishiyev_,8723,1733675700,909,992
2040,Codeforces Round 992 (Div. 2),shreyashkawde0,8723,1733675700,1057,1041
2040,Codeforces Round 992 (Div. 2),HailStorm---,8723,1733675700,775,905
2040,Codeforces Round 992 (Div. 2),EZohidjonov,8723,1733675700,1263,1200
2040,Codeforces Round 992 (Div. 2),Dixansh,8723,1733675700,840,888
2040,Codeforces Round 992 (Div. 2),must_not_be_named,8735,1733675700,1204,1154
2040,Codeforces Round 992 (Div. 2),Phoenix_petrel,8735,1733675700,1032,1022
2040,Codeforces Round 992 (Div. 2),V1ni,8735,1733675700,652,852
2040,Codeforces Round 992 (Div. 2),vassu.ag,8735,1733675700,1235,1178
2040,Codeforces Round 992 (Div. 2),sudharshan281,8735,1733675700,1606,1476
2040,Codeforces Round 992 (Div. 2),SauravSoni,8735,1733675700,795,909
2040,Codeforces Round 992 (Div. 2),RickAstley69,8735,1733675700,1101,1141
2040,Codeforces Round 992 (Div. 2),_AIM_APEX_,8735,1733675700,1121,1089
2040,Codeforces Round 992 (Div. 2),AliEmadi,8735,1733675700,1083,1061
2040,Codeforces Round 992 (Div. 2),wonder_SP,8744,1733675700,0,415
2040,Codeforces Round 992 (Div. 2),nayeem17,8744,1733675700,790,854
2040,Codeforces Round 992 (Div. 2),Mayank_Taneja,8744,1733675700,1010,1006
2040,Codeforces Round 992 (Div. 2),YASH-NSUT,8744,1733675700,797,859
2040,Codeforces Round 992 (Div. 2),mushraf.hussain.eee20,8744,1733675700,1001,999
2040,Codeforces Round 992 (Div. 2),Naveen14,8744,1733675700,1039,1027
2040,Codeforces Round 992 (Div. 2),god_thor001,8744,1733675700,811,868
2040,Codeforces Round 992 (Div. 2),perec1970,8744,1733675700,1108,1079
2040,Codeforces Round 992 (Div. 2),MetalZeal,8744,1733675700,1036,1025
2040,Codeforces Round 992 (Div. 2),Roshan_jha,8744,1733675700,1047,1033
2040,Codeforces Round 992 (Div. 2),sas39,8744,1733675700,1204,1153
2040,Codeforces Round 992 (Div. 2),fart_smella,8744,1733675700,718,904
2040,Codeforces Round 992 (Div. 2),srujal194,8744,1733675700,1532,1416
2040,Codeforces Round 992 (Div. 2),mirtahfiz,8744,1733675700,1215,1162
2040,Codeforces Round 992 (Div. 2),xedrft,8758,1733675700,668,864
2040,Codeforces Round 992 (Div. 2),MANAN1112,8758,1733675700,933,950
2040,Codeforces Round 992 (Div. 2),Ack3rmanX,8758,1733675700,1303,1231
2040,Codeforces Round 992 (Div. 2),rishi-afk,8758,1733675700,1024,1015
2040,Codeforces Round 992 (Div. 2),suolroiis,8758,1733675700,972,978
2040,Codeforces Round 992 (Div. 2),wandanoko,8758,1733675700,1298,1227
2040,Codeforces Round 992 (Div. 2),-m-s,8758,1733675700,995,1032
2040,Codeforces Round 992 (Div. 2),Keerthi_Priya_12,8758,1733675700,872,908
2040,Codeforces Round 992 (Div. 2),gudratalydowranowmk24,8758,1733675700,734,819
2040,Codeforces Round 992 (Div. 2),haardhikrao,8758,1733675700,964,972
2040,Codeforces Round 992 (Div. 2),raghav2303,8768,1733675700,909,933
2040,Codeforces Round 992 (Div. 2),nicowilliams,8768,1733675700,1117,1086
2040,Codeforces Round 992 (Div. 2),0xAD,8768,1733675700,927,1005
2040,Codeforces Round 992 (Div. 2),Bhakti_kk,8768,1733675700,1282,1285
2040,Codeforces Round 992 (Div. 2),akhilAgrawal,8768,1733675700,1248,1188
2040,Codeforces Round 992 (Div. 2),ydbdswb,8768,1733675700,1024,1080
2040,Codeforces Round 992 (Div. 2),M_Hassanin488,8768,1733675700,815,934
2040,Codeforces Round 992 (Div. 2),Ahmed_Elkemety,8768,1733675700,855,896
2040,Codeforces Round 992 (Div. 2),navneet1020,8768,1733675700,754,888
2040,Codeforces Round 992 (Div. 2),khr2143,8768,1733675700,1048,1033
2040,Codeforces Round 992 (Div. 2),Prime_202,8768,1733675700,416,692
2040,Codeforces Round 992 (Div. 2),AURAVxS,8768,1733675700,697,887
2040,Codeforces Round 992 (Div. 2),Aditya_Prajesh101,8768,1733675700,1028,1018
2040,Codeforces Round 992 (Div. 2),lusiea,8768,1733675700,1036,1089
2040,Codeforces Round 992 (Div. 2),pseudo404,8782,1733675700,923,943
2040,Codeforces Round 992 (Div. 2),GegaDX,8782,1733675700,964,1101
2040,Codeforces Round 992 (Div. 2),SolveXJo,8782,1733675700,892,921
2040,Codeforces Round 992 (Div. 2),Makise_004,8782,1733675700,1013,1007
2040,Codeforces Round 992 (Div. 2),jaivant.k,8782,1733675700,944,957
2040,Codeforces Round 992 (Div. 2),ananttiwari122002,8782,1733675700,1561,1439
2040,Codeforces Round 992 (Div. 2),manojnoochila,8782,1733675700,1109,1079
2040,Codeforces Round 992 (Div. 2),zwhard,8782,1733675700,854,950
2040,Codeforces Round 992 (Div. 2),Grim.Reaper,8782,1733675700,1065,1046
2040,Codeforces Round 992 (Div. 2),sonal_231115,8782,1733675700,929,947
2040,Codeforces Round 992 (Div. 2),mani_kanta__p,8782,1733675700,962,970
2040,Codeforces Round 992 (Div. 2),0ogaBooga,8782,1733675700,1000,1060
2040,Codeforces Round 992 (Div. 2),tarun02185,8782,1733675700,958,967
2040,Codeforces Round 992 (Div. 2),Xhita,8782,1733675700,1087,1063
2040,Codeforces Round 992 (Div. 2),Sunglassman,8796,1733675700,486,747
2040,Codeforces Round 992 (Div. 2),expect9,8796,1733675700,1049,1033
2040,Codeforces Round 992 (Div. 2),tasnifsimanto99,8796,1733675700,937,952
2040,Codeforces Round 992 (Div. 2),Ruthless-.-,8796,1733675700,1380,1293
2040,Codeforces Round 992 (Div. 2),Progenitor01,8796,1733675700,1188,1140
2040,Codeforces Round 992 (Div. 2),Sowvick_Paul,8796,1733675700,1161,1119
2040,Codeforces Round 992 (Div. 2),Sheth25,8796,1733675700,0,415
2040,Codeforces Round 992 (Div. 2),matrix_code_01,8803,1733675700,1031,1020
2040,Codeforces Round 992 (Div. 2),Shreyank001,8803,1733675700,0,414
2040,Codeforces Round 992 (Div. 2),dream121,8803,1733675700,0,414
2040,Codeforces Round 992 (Div. 2),howway,8803,1733675700,462,728
2040,Codeforces Round 992 (Div. 2),Shiro__oni,8803,1733675700,967,973
2040,Codeforces Round 992 (Div. 2),sourabh.saini,8803,1733675700,623,828
2040,Codeforces Round 992 (Div. 2),sayandhara04,8803,1733675700,1139,1102
2040,Codeforces Round 992 (Div. 2),vandalcrime2,8803,1733675700,1411,1317
2040,Codeforces Round 992 (Div. 2),ItsAllMe,8803,1733675700,1082,1058
2040,Codeforces Round 992 (Div. 2),Azayez,8803,1733675700,1110,1080
2040,Codeforces Round 992 (Div. 2),wsy_jim,8803,1733675700,1618,1485
2040,Codeforces Round 992 (Div. 2),ankit14-dev,8803,1733675700,967,973
2040,Codeforces Round 992 (Div. 2),sajjad006,8803,1733675700,0,414
2040,Codeforces Round 992 (Div. 2),heavenlysnakeemperor,8803,1733675700,886,916
2040,Codeforces Round 992 (Div. 2),ctw123,8803,1733675700,1269,1204
2040,Codeforces Round 992 (Div. 2),d3ft,8803,1733675700,913,935
2040,Codeforces Round 992 (Div. 2),Meow.Meow.,8803,1733675700,1155,1114
2040,Codeforces Round 992 (Div. 2),shre_29,8803,1733675700,976,980
2040,Codeforces Round 992 (Div. 2),jiusheng,8803,1733675700,998,996
2040,Codeforces Round 992 (Div. 2),Jana_KrisnaB,8803,1733675700,847,890
2040,Codeforces Round 992 (Div. 2),AnSharma84,8823,1733675700,1255,1192
2040,Codeforces Round 992 (Div. 2),AL-FAIZ,8823,1733675700,1113,1082
2040,Codeforces Round 992 (Div. 2),Kezak,8823,1733675700,950,961
2040,Codeforces Round 992 (Div. 2),anya.rajan1106,8823,1733675700,992,991
2040,Codeforces Round 992 (Div. 2),Darknight26,8823,1733675700,1220,1165
2040,Codeforces Round 992 (Div. 2),Typagirl,8823,1733675700,1013,1006
2040,Codeforces Round 992 (Div. 2),kaosar_the_Joyboy,8829,1733675700,1117,1085
2040,Codeforces Round 992 (Div. 2),parthsoni2001,8829,1733675700,0,414
2040,Codeforces Round 992 (Div. 2),pratyushhh,8829,1733675700,776,903
2040,Codeforces Round 992 (Div. 2),What_is_this,8829,1733675700,770,899
2040,Codeforces Round 992 (Div. 2),Dhanyawad,8829,1733675700,1335,1256
2040,Codeforces Round 992 (Div. 2),_PIASH,8829,1733675700,817,870
2040,Codeforces Round 992 (Div. 2),dampdigits,8829,1733675700,937,1011
2040,Codeforces Round 992 (Div. 2),NinonColbert,8829,1733675700,909,990
2040,Codeforces Round 992 (Div. 2),Tirthankarpal123,8829,1733675700,1061,1042
2040,Codeforces Round 992 (Div. 2),lorapim4,8829,1733675700,1124,1090
2040,Codeforces Round 992 (Div. 2),bravichandra12,8829,1733675700,1140,1102
2040,Codeforces Round 992 (Div. 2),KitaCompressed,8829,1733675700,1024,1014
2040,Codeforces Round 992 (Div. 2),bluket,8829,1733675700,1084,1098
2040,Codeforces Round 992 (Div. 2),tickbird,8829,1733675700,1535,1417
2040,Codeforces Round 992 (Div. 2),Boeing737,8843,1733675700,0,414
2040,Codeforces Round 992 (Div. 2),blueorangecat,8843,1733675700,346,635
2040,Codeforces Round 992 (Div. 2),DONKEYdonkeying,8843,1733675700,659,856
2040,Codeforces Round 992 (Div. 2),nithya23,8843,1733675700,881,912
2040,Codeforces Round 992 (Div. 2),siwi1j1,8843,1733675700,0,414
2040,Codeforces Round 992 (Div. 2),phantomphreak96,8843,1733675700,1616,1483
2040,Codeforces Round 992 (Div. 2),AleFlash,8843,1733675700,1411,1317
2040,Codeforces Round 992 (Div. 2),FinalMove,8843,1733675700,1101,1072
2040,Codeforces Round 992 (Div. 2),AnanERA,8843,1733675700,1044,1029
2040,Codeforces Round 992 (Div. 2),huangbeng1020,8843,1733675700,461,727
2040,Codeforces Round 992 (Div. 2),hehe_boi30,8843,1733675700,1215,1160
2040,Codeforces Round 992 (Div. 2),Shakyawal_S,8843,1733675700,899,925
2040,Codeforces Round 992 (Div. 2),Nyaksha,8843,1733675700,607,815
2040,Codeforces Round 992 (Div. 2),mayank_blast,8843,1733675700,1042,1027
2040,Codeforces Round 992 (Div. 2),rustyBot,8843,1733675700,1086,1127
2040,Codeforces Round 992 (Div. 2),AditiSahu_21,8858,1733675700,1107,1077
2040,Codeforces Round 992 (Div. 2),lovewwy,8858,1733675700,0,414
2040,Codeforces Round 992 (Div. 2),goutamdawar68,8858,1733675700,1047,1069
2040,Codeforces Round 992 (Div. 2),nm3806,8858,1733675700,1103,1073
2040,Codeforces Round 992 (Div. 2),drxw,8858,1733675700,950,960
2040,Codeforces Round 992 (Div. 2),sharvilkothari,8858,1733675700,830,878
2040,Codeforces Round 992 (Div. 2),-Eixuln,8858,1733675700,853,962
2040,Codeforces Round 992 (Div. 2),yorpl,8858,1733675700,949,1020
2040,Codeforces Round 992 (Div. 2),jjjay0331,8866,1733675700,400,677
2040,Codeforces Round 992 (Div. 2),MoCkZeTa,8866,1733675700,1165,1121
2040,Codeforces Round 992 (Div. 2),318287,8866,1733675700,1058,1039
2040,Codeforces Round 992 (Div. 2),xyron,8866,1733675700,1034,1059
2040,Codeforces Round 992 (Div. 2),mandiskind,8866,1733675700,957,965
2040,Codeforces Round 992 (Div. 2),CrystallineCore,8866,1733675700,371,654
2040,Codeforces Round 992 (Div. 2),kunal_thakur_,8866,1733675700,1289,1219
2040,Codeforces Round 992 (Div. 2),abhi352,8866,1733675700,809,863
2040,Codeforces Round 992 (Div. 2),RedImposter,8866,1733675700,996,993
2040,Codeforces Round 992 (Div. 2),Pariket,8866,1733675700,838,950
2040,Codeforces Round 992 (Div. 2),abbs03,8866,1733675700,431,702
2040,Codeforces Round 992 (Div. 2),Cysheper_Code,8877,1733675700,1114,1081
2040,Codeforces Round 992 (Div. 2),softech7609,8877,1733675700,353,640
2040,Codeforces Round 992 (Div. 2),algowiz826004,8877,1733675700,971,975
2040,Codeforces Round 992 (Div. 2),utkarshmishra2111,8877,1733675700,947,957
2040,Codeforces Round 992 (Div. 2),raghava118,8877,1733675700,1453,1350
2040,Codeforces Round 992 (Div. 2),SLASH_27,8877,1733675700,924,1001
2040,Codeforces Round 992 (Div. 2),VivekRole6110,8877,1733675700,882,912
2040,Codeforces Round 992 (Div. 2),xosqedemrufo,8877,1733675700,0,413
2040,Codeforces Round 992 (Div. 2),wwwwacwwww,8877,1733675700,752,929
2040,Codeforces Round 992 (Div. 2),SantaSingh_.sid.,8877,1733675700,1124,1089
2040,Codeforces Round 992 (Div. 2),OldAndy,8877,1733675700,983,983
2040,Codeforces Round 992 (Div. 2),Vfrost26,8877,1733675700,1211,1157
2040,Codeforces Round 992 (Div. 2),ZIHAD_BEPARI,8877,1733675700,1306,1232
2040,Codeforces Round 992 (Div. 2),Aekaraiaekar,8890,1733675700,374,656
2040,Codeforces Round 992 (Div. 2),amit232004,8890,1733675700,986,985
2040,Codeforces Round 992 (Div. 2),meethereum07,8890,1733675700,1028,1016
2040,Codeforces Round 992 (Div. 2),Pika,8890,1733675700,1556,1433
2040,Codeforces Round 992 (Div. 2),Sandy_malz,8890,1733675700,1259,1194
2040,Codeforces Round 992 (Div. 2),duezzz,8890,1733675700,908,988
2040,Codeforces Round 992 (Div. 2),midsane007,8890,1733675700,1046,1029
2040,Codeforces Round 992 (Div. 2),junge325,8890,1733675700,1113,1080
2040,Codeforces Round 992 (Div. 2),ashwini_codes,8890,1733675700,1162,1118
2040,Codeforces Round 992 (Div. 2),meh494,8890,1733675700,0,413
2040,Codeforces Round 992 (Div. 2),kanakpoddar,8890,1733675700,772,839
2040,Codeforces Round 992 (Div. 2),yusupbekmyradow4,8890,1733675700,961,967
2040,Codeforces Round 992 (Div. 2),archiemittal,8890,1733675700,695,883
2040,Codeforces Round 992 (Div. 2),DevKankaani,8903,1733675700,1516,1401
2040,Codeforces Round 992 (Div. 2),Huge_Monster,8903,1733675700,458,723
2040,Codeforces Round 992 (Div. 2),Jiang_Haoyu,8903,1733675700,1312,1236
2040,Codeforces Round 992 (Div. 2),gehad_aboelmagd,8903,1733675700,808,926
2040,Codeforces Round 992 (Div. 2),adhamet,8903,1733675700,978,979
2040,Codeforces Round 992 (Div. 2),Chirag_Gupta5,8903,1733675700,1010,1002
2040,Codeforces Round 992 (Div. 2),Lazy_2,8903,1733675700,0,413
2040,Codeforces Round 992 (Div. 2),ashishmoreee123,8903,1733675700,367,651
2040,Codeforces Round 992 (Div. 2),sintofk,8903,1733675700,408,683
2040,Codeforces Round 992 (Div. 2),Abhinav_16,8903,1733675700,1172,1126
2040,Codeforces Round 992 (Div. 2),Rohan_Padhy,8913,1733675700,1024,1013
2040,Codeforces Round 992 (Div. 2),chaitanyarawat,8913,1733675700,1036,1021
2040,Codeforces Round 992 (Div. 2),vaibhav108d,8913,1733675700,985,984
2040,Codeforces Round 992 (Div. 2),the_door2,8913,1733675700,955,962
2040,Codeforces Round 992 (Div. 2),saiii_3,8913,1733675700,360,645
2040,Codeforces Round 992 (Div. 2),Akshara_Sarma,8913,1733675700,372,654
2040,Codeforces Round 992 (Div. 2),Ursule,8913,1733675700,436,706
2040,Codeforces Round 992 (Div. 2),ashish-um,8913,1733675700,1106,1075
2040,Codeforces Round 992 (Div. 2),blue_eyed_demon,8913,1733675700,1448,1346
2040,Codeforces Round 992 (Div. 2),Piyush_3436,8913,1733675700,825,873
2040,Codeforces Round 992 (Div. 2),Wangzyy,8913,1733675700,1411,1316
2040,Codeforces Round 992 (Div. 2),subah,8924,1733675700,1114,1081
2040,Codeforces Round 992 (Div. 2),Ha1se,8924,1733675700,862,968
2040,Codeforces Round 992 (Div. 2),067_prabhat,8924,1733675700,1059,1039
2040,Codeforces Round 992 (Div. 2),bunny_2323,8924,1733675700,957,964
2040,Codeforces Round 992 (Div. 2),Rudyyy,8924,1733675700,956,999
2040,Codeforces Round 992 (Div. 2),zoro.luffy,8924,1733675700,1040,1024
2040,Codeforces Round 992 (Div. 2),rishuraj1382,8924,1733675700,877,908
2040,Codeforces Round 992 (Div. 2),mangojuice,8924,1733675700,1224,1166
2040,Codeforces Round 992 (Div. 2),sk_rakib,8924,1733675700,945,955
2040,Codeforces Round 992 (Div. 2),lnqi,8924,1733675700,923,1015
2040,Codeforces Round 992 (Div. 2),Mukundan_13,8924,1733675700,1094,1065
2040,Codeforces Round 992 (Div. 2),shivay_0101,8935,1733675700,1030,1054
2040,Codeforces Round 992 (Div. 2),Abbcmc,8935,1733675700,1112,1079
2040,Codeforces Round 992 (Div. 2),omar_abdeen01,8935,1733675700,870,902
2040,Codeforces Round 992 (Div. 2),HM_Jayed,8935,1733675700,754,826
2040,Codeforces Round 992 (Div. 2),Abdullah_Khalaf,8935,1733675700,1109,1076
2040,Codeforces Round 992 (Div. 2),sukhman123,8935,1733675700,827,874
2040,Codeforces Round 992 (Div. 2),redgex,8935,1733675700,937,1026
2040,Codeforces Round 992 (Div. 2),hubble658,8935,1733675700,1061,1078
2040,Codeforces Round 992 (Div. 2),Prat_ghost3378,8935,1733675700,914,992
2040,Codeforces Round 992 (Div. 2),atul9081,8935,1733675700,879,909
2040,Codeforces Round 992 (Div. 2),Hashicy,8935,1733675700,663,857
2040,Codeforces Round 992 (Div. 2),oleksiienko.p,8935,1733675700,1171,1214
2040,Codeforces Round 992 (Div. 2),tanemuzzaman0084,8935,1733675700,889,915
2040,Codeforces Round 992 (Div. 2),Aditya_Verma810,8948,1733675700,967,970
2040,Codeforces Round 992 (Div. 2),Ontheway_7,8948,1733675700,917,994
2040,Codeforces Round 992 (Div. 2),Honey_priya,8948,1733675700,1016,1006
2040,Codeforces Round 992 (Div. 2),Rajat31,8948,1733675700,1098,1068
2040,Codeforces Round 992 (Div. 2),anirudh_s,8948,1733675700,0,412
2040,Codeforces Round 992 (Div. 2),BigBrainShre,8948,1733675700,683,873
2040,Codeforces Round 992 (Div. 2),Nelly.B,8948,1733675700,1120,1084
2040,Codeforces Round 992 (Div. 2),Dawn_y,8948,1733675700,1113,1079
2040,Codeforces Round 992 (Div. 2),Z3R0_KN1GHT,8948,1733675700,1112,1146
2040,Codeforces Round 992 (Div. 2),dipeshdhiman,8948,1733675700,930,944
2040,Codeforces Round 992 (Div. 2),trp003,8948,1733675700,387,666
2040,Codeforces Round 992 (Div. 2),Caraxes_00,8959,1733675700,871,903
2040,Codeforces Round 992 (Div. 2),Oatschamp,8959,1733675700,850,888
2040,Codeforces Round 992 (Div. 2),white_hawk,8959,1733675700,968,1007
2040,Codeforces Round 992 (Div. 2),Kutmanali,8959,1733675700,653,764
2040,Codeforces Round 992 (Div. 2),subrata_29,8959,1733675700,383,663
2040,Codeforces Round 992 (Div. 2),saniulislamsony15,8959,1733675700,899,922
2040,Codeforces Round 992 (Div. 2),gondsachin40,8965,1733675700,1034,1019
2040,Codeforces Round 992 (Div. 2),RealStormRider,8965,1733675700,682,872
2040,Codeforces Round 992 (Div. 2),onlycoding567,8965,1733675700,940,951
2040,Codeforces Round 992 (Div. 2),argoon,8965,1733675700,964,967
2040,Codeforces Round 992 (Div. 2),L-S-S,8965,1733675700,1179,1130
2040,Codeforces Round 992 (Div. 2),srivikhilGodavarthi,8965,1733675700,1251,1187
2040,Codeforces Round 992 (Div. 2),shakil_21_,8971,1733675700,1058,1037
2040,Codeforces Round 992 (Div. 2),oii-38,8971,1733675700,353,638
2040,Codeforces Round 992 (Div. 2),STARS_RAY56,8971,1733675700,927,941
2040,Codeforces Round 992 (Div. 2),shahriyarsami,8971,1733675700,1124,1087
2040,Codeforces Round 992 (Div. 2),jubair7,8971,1733675700,1180,1131
2040,Codeforces Round 992 (Div. 2),savar95x,8971,1733675700,0,412
2040,Codeforces Round 992 (Div. 2),egoistlakshya,8971,1733675700,1183,1133
2040,Codeforces Round 992 (Div. 2),flashstep,8971,1733675700,640,839
2040,Codeforces Round 992 (Div. 2),Platon_Bogdan,8971,1733675700,927,941
2040,Codeforces Round 992 (Div. 2),brokenZipper,8971,1733675700,1197,1144
2040,Codeforces Round 992 (Div. 2),_asmit_,8981,1733675700,767,833
2040,Codeforces Round 992 (Div. 2),Yedige4,8981,1733675700,944,953
2040,Codeforces Round 992 (Div. 2),khouilldi_khalil,8981,1733675700,1029,1015
2040,Codeforces Round 992 (Div. 2),leviathanX,8981,1733675700,1208,1153
2040,Codeforces Round 992 (Div. 2),sumit2512,8981,1733675700,1068,1045
2040,Codeforces Round 992 (Div. 2),Reaper_27,8981,1733675700,0,412
2040,Codeforces Round 992 (Div. 2),sorashika,8981,1733675700,1094,1064
2040,Codeforces Round 992 (Div. 2),Victor_Leer,8988,1733675700,777,840
2040,Codeforces Round 992 (Div. 2),one_lasttry,8988,1733675700,0,412
2040,Codeforces Round 992 (Div. 2),yatharth_25,8988,1733675700,1126,1088
2040,Codeforces Round 992 (Div. 2),navaneeth45,8988,1733675700,873,903
2040,Codeforces Round 992 (Div. 2),AU25CyberSrul,8988,1733675700,0,412
2040,Codeforces Round 992 (Div. 2),ATRI001,8988,1733675700,871,959
2040,Codeforces Round 992 (Div. 2),sahilchauhan22,8988,1733675700,910,929
2040,Codeforces Round 992 (Div. 2),Ashu_astos,8988,1733675700,0,412
2040,Codeforces Round 992 (Div. 2),shubhamdhingra2003,8996,1733675700,1037,1021
2040,Codeforces Round 992 (Div. 2),Javel,8996,1733675700,652,848
2040,Codeforces Round 992 (Div. 2),Expert26,8996,1733675700,782,843
2040,Codeforces Round 992 (Div. 2),Yousef_Fawzy,8996,1733675700,1185,1134
2040,Codeforces Round 992 (Div. 2),davidsure,8996,1733675700,947,1017
2040,Codeforces Round 992 (Div. 2),exnihiloDBD,8996,1733675700,0,412
2040,Codeforces Round 992 (Div. 2),nightgazer07,8996,1733675700,1096,1132
2040,Codeforces Round 992 (Div. 2),Gourang_19,8996,1733675700,827,872
2040,Codeforces Round 992 (Div. 2),AhnafAtif,8996,1733675700,669,861
2040,Codeforces Round 992 (Div. 2),deveshlokare1968,8996,1733675700,1006,998
2040,Codeforces Round 992 (Div. 2),xuchangyyds,8996,1733675700,997,1028
2040,Codeforces Round 992 (Div. 2),mahfuz_07,8996,1733675700,990,986
2040,Codeforces Round 992 (Div. 2),BlitzkreigRunner,8996,1733675700,431,700
2040,Codeforces Round 992 (Div. 2),width,9009,1733675700,1055,1035
2040,Codeforces Round 992 (Div. 2),injection_moulding,9009,1733675700,1075,1116
2040,Codeforces Round 992 (Div. 2),lmaobruh,9009,1733675700,884,983
2040,Codeforces Round 992 (Div. 2),chini2005,9009,1733675700,1202,1148
2040,Codeforces Round 992 (Div. 2),tamdesu,9009,1733675700,906,926
2040,Codeforces Round 992 (Div. 2),Saiparthiv,9009,1733675700,973,973
2040,Codeforces Round 992 (Div. 2),MrKenn,9009,1733675700,774,837
2040,Codeforces Round 992 (Div. 2),mayankag_12,9009,1733675700,1548,1426
2040,Codeforces Round 992 (Div. 2),sriii_zeta,9009,1733675700,1035,1019
2040,Codeforces Round 992 (Div. 2),rachCodes,9009,1733675700,693,786
2040,Codeforces Round 992 (Div. 2),blonded_radio,9019,1733675700,1009,999
2040,Codeforces Round 992 (Div. 2),takoshanava,9019,1733675700,973,1036
2040,Codeforces Round 992 (Div. 2),x.ing,9019,1733675700,898,994
2040,Codeforces Round 992 (Div. 2),shoharab512,9019,1733675700,1128,1090
2040,Codeforces Round 992 (Div. 2),TenseLemon,9019,1733675700,933,944
2040,Codeforces Round 992 (Div. 2),nishantKumar62,9019,1733675700,1082,1054
2040,Codeforces Round 992 (Div. 2),Tawfik040,9019,1733675700,1176,1127
2040,Codeforces Round 992 (Div. 2),tanmay_186,9019,1733675700,1141,1100
2040,Codeforces Round 992 (Div. 2),Haider-Sultan,9019,1733675700,1071,1046
2040,Codeforces Round 992 (Div. 2),parinavputhran,9019,1733675700,980,978
2040,Codeforces Round 992 (Div. 2),Parth_L0310,9019,1733675700,810,860
2040,Codeforces Round 992 (Div. 2),omasho,9019,1733675700,1263,1196
2040,Codeforces Round 992 (Div. 2),vedant_ninja_coder,9019,1733675700,605,810
2040,Codeforces Round 992 (Div. 2),asharam123,9019,1733675700,980,978
2040,Codeforces Round 992 (Div. 2),rkxdop69,9019,1733675700,395,671
2040,Codeforces Round 992 (Div. 2),lemonti,9019,1733675700,1578,1450
2040,Codeforces Round 992 (Div. 2),Eckry,9035,1733675700,628,828
2040,Codeforces Round 992 (Div. 2),dv.03082,9035,1733675700,0,411
2040,Codeforces Round 992 (Div. 2),a_neuron,9035,1733675700,1070,1045
2040,Codeforces Round 992 (Div. 2),omkarg100,9035,1733675700,1011,1000
2040,Codeforces Round 992 (Div. 2),Himanshu10071,9035,1733675700,860,950
2040,Codeforces Round 992 (Div. 2),SSK_ADV,9035,1733675700,1133,1093
2040,Codeforces Round 992 (Div. 2),CharTara,9035,1733675700,1028,1013
2040,Codeforces Round 992 (Div. 2),SJ_0312,9035,1733675700,1190,1138
2040,Codeforces Round 992 (Div. 2),Mr.Aathi_006,9035,1733675700,911,928
2040,Codeforces Round 992 (Div. 2),SR_Crocodile,9035,1733675700,708,848
2040,Codeforces Round 992 (Div. 2),Paneer_homeless_28,9035,1733675700,875,903
2040,Codeforces Round 992 (Div. 2),-MaRuF_,9035,1733675700,933,944
2040,Codeforces Round 992 (Div. 2),prime_codes,9035,1733675700,826,937
2040,Codeforces Round 992 (Div. 2),Sigmarule,9035,1733675700,625,826
2040,Codeforces Round 992 (Div. 2),bkdn24.karuizawa,9049,1733675700,997,990
2040,Codeforces Round 992 (Div. 2),Seif_Eldin007,9049,1733675700,941,949
2040,Codeforces Round 992 (Div. 2),As6294389,9049,1733675700,396,672
2040,Codeforces Round 992 (Div. 2),bwbingyi,9049,1733675700,863,952
2040,Codeforces Round 992 (Div. 2),roman0102,9049,1733675700,894,916
2040,Codeforces Round 992 (Div. 2),rahi088,9049,1733675700,1064,1040
2040,Codeforces Round 992 (Div. 2),depressed_19,9055,1733675700,860,893
2040,Codeforces Round 992 (Div. 2),tej_coder,9055,1733675700,444,710
2040,Codeforces Round 992 (Div. 2),VandanRogheliya,9055,1733675700,1338,1255
2040,Codeforces Round 992 (Div. 2),kondiharshitha,9055,1733675700,422,692
2040,Codeforces Round 992 (Div. 2),FaithfulCrow778,9055,1733675700,0,411
2040,Codeforces Round 992 (Div. 2),ykaan,9055,1733675700,694,880
2040,Codeforces Round 992 (Div. 2),ShashivardhanReddy,9055,1733675700,1281,1209
2040,Codeforces Round 992 (Div. 2),zxting,9055,1733675700,991,1022
2040,Codeforces Round 992 (Div. 2),yash089,9055,1733675700,749,924
2040,Codeforces Round 992 (Div. 2),pratik_sinha123,9064,1733675700,1124,1086
2040,Codeforces Round 992 (Div. 2),divyansh884,9064,1733675700,925,974
2040,Codeforces Round 992 (Div. 2),tripurari5678,9064,1733675700,1002,993
2040,Codeforces Round 992 (Div. 2),Simon29,9064,1733675700,783,904
2040,Codeforces Round 992 (Div. 2),MahendraVarma,9064,1733675700,762,888
2040,Codeforces Round 992 (Div. 2),meow_love,9064,1733675700,1619,1483
2040,Codeforces Round 992 (Div. 2),prince1850_4,9070,1733675700,828,871
2040,Codeforces Round 992 (Div. 2),bhalo_coder,9070,1733675700,0,411
2040,Codeforces Round 992 (Div. 2),detective2401,9070,1733675700,368,649
2040,Codeforces Round 992 (Div. 2),Nakul_Dhanani,9070,1733675700,906,924
2040,Codeforces Round 992 (Div. 2),Aditya_hckr,9070,1733675700,1275,1204
2040,Codeforces Round 992 (Div. 2),BinaryKnight,9070,1733675700,596,803
2040,Codeforces Round 992 (Div. 2),Aishwarya_2003,9070,1733675700,977,975
2040,Codeforces Round 992 (Div. 2),souls2108,9070,1733675700,1143,1100
2040,Codeforces Round 992 (Div. 2),Omar_Abdeen,9070,1733675700,892,914
2040,Codeforces Round 992 (Div. 2),bruhboy2806,9070,1733675700,445,711
2040,Codeforces Round 992 (Div. 2),Mojtabajz,9080,1733675700,470,731
2040,Codeforces Round 992 (Div. 2),scodder_70,9080,1733675700,994,987
2040,Codeforces Round 992 (Div. 2),AHMADUL,9080,1733675700,1163,1116
2040,Codeforces Round 992 (Div. 2),Lingxin1,9080,1733675700,994,987
2040,Codeforces Round 992 (Div. 2),EtlaBroCF,9080,1733675700,903,997
2040,Codeforces Round 992 (Div. 2),Ayush_giga,9080,1733675700,790,909
2040,Codeforces Round 992 (Div. 2),Blackadder45,9080,1733675700,0,411
2040,Codeforces Round 992 (Div. 2),Varun_Kashyap,9080,1733675700,419,690
2040,Codeforces Round 992 (Div. 2),astrosdg,9080,1733675700,1074,1047
2040,Codeforces Round 992 (Div. 2),timmytea,9089,1733675700,1132,1092
2040,Codeforces Round 992 (Div. 2),wangzifan,9089,1733675700,912,928
2040,Codeforces Round 992 (Div. 2),b_i_b,9089,1733675700,1139,1097
2040,Codeforces Round 992 (Div. 2),Madhv_2003,9089,1733675700,1111,1075
2040,Codeforces Round 992 (Div. 2),sagnikpal05,9089,1733675700,1077,1049
2040,Codeforces Round 992 (Div. 2),Shadowfax17,9089,1733675700,1041,1022
2040,Codeforces Round 992 (Div. 2),S_05Evan,9089,1733675700,641,838
2040,Codeforces Round 992 (Div. 2),JayantIITG,9089,1733675700,971,970
2040,Codeforces Round 992 (Div. 2),mksaadi,9089,1733675700,1132,1092
2040,Codeforces Round 992 (Div. 2),lakshya004,9098,1733675700,1061,1037
2040,Codeforces Round 992 (Div. 2),tejdeepthumma,9098,1733675700,1194,1140
2040,Codeforces Round 992 (Div. 2),Mohamed_Nower,9098,1733675700,1101,1067
2040,Codeforces Round 992 (Div. 2),sreedeep_19,9098,1733675700,964,965
2040,Codeforces Round 992 (Div. 2),Rohan_Garg_,9098,1733675700,1028,1011
2040,Codeforces Round 992 (Div. 2),LuigiIsGod,9098,1733675700,1110,1074
2040,Codeforces Round 992 (Div. 2),Premsanthosh16,9098,1733675700,853,887
2040,Codeforces Round 992 (Div. 2),deepak_pandey1011,9098,1733675700,750,878
2040,Codeforces Round 992 (Div. 2),jayanth26,9098,1733675700,1083,1054
2040,Codeforces Round 992 (Div. 2),SyedRubad,9107,1733675700,1051,1029
2040,Codeforces Round 992 (Div. 2),cr00,9107,1733675700,902,996
2040,Codeforces Round 992 (Div. 2),Gold_Digger_14,9107,1733675700,948,953
2040,Codeforces Round 992 (Div. 2),AftabRahi,9107,1733675700,788,907
2040,Codeforces Round 992 (Div. 2),Pari_na_kisu,9107,1733675700,1062,1038
2040,Codeforces Round 992 (Div. 2),akshatjaiswal729,9107,1733675700,359,641
2040,Codeforces Round 992 (Div. 2),Ashikul_IslamM,9107,1733675700,835,875
2040,Codeforces Round 992 (Div. 2),Hossam_Sayed,9107,1733675700,0,410
2040,Codeforces Round 992 (Div. 2),grannie,9107,1733675700,612,814
2040,Codeforces Round 992 (Div. 2),_7428gautamkumar,9107,1733675700,1062,1038
2040,Codeforces Round 992 (Div. 2),gdw1301,9117,1733675700,0,411
2040,Codeforces Round 992 (Div. 2),bishtakhil303,9117,1733675700,838,877
2040,Codeforces Round 992 (Div. 2),hoangtranducphat,9119,1733675700,798,850
2040,Codeforces Round 992 (Div. 2),Yahia_sev,9119,1733675700,902,920
2040,Codeforces Round 992 (Div. 2),swordyvish,9119,1733675700,0,410
2040,Codeforces Round 992 (Div. 2),Kitoblak,9119,1733675700,1192,1207
2040,Codeforces Round 992 (Div. 2),Yaroslaw,9119,1733675700,860,891
2040,Codeforces Round 992 (Div. 2),parahadowmerdan237,9119,1733675700,801,852
2040,Codeforces Round 992 (Div. 2),TheASR_007,9119,1733675700,1116,1079
2040,Codeforces Round 992 (Div. 2),ImranHossain,9119,1733675700,1082,1053
2040,Codeforces Round 992 (Div. 2),defvap,9119,1733675700,1097,1064
2040,Codeforces Round 992 (Div. 2),avngr___stark,9119,1733675700,957,959
2040,Codeforces Round 992 (Div. 2),huyhieuh2b,9119,1733675700,1219,1159
2040,Codeforces Round 992 (Div. 2),Javier_Rivera,9130,1733675700,1231,1169
2040,Codeforces Round 992 (Div. 2),TLESlayer,9130,1733675700,600,805
2040,Codeforces Round 992 (Div. 2),apurvk05,9130,1733675700,616,818
2040,Codeforces Round 992 (Div. 2),sainimukul1215,9130,1733675700,949,1015
2040,Codeforces Round 992 (Div. 2),mitochondriaaaaaaa,9130,1733675700,974,971
2040,Codeforces Round 992 (Div. 2),Lakshay2807,9130,1733675700,1117,1079
2040,Codeforces Round 992 (Div. 2),humanstockfish,9130,1733675700,975,1054
2040,Codeforces Round 992 (Div. 2),Kartheek_4444,9130,1733675700,1251,1184
2040,Codeforces Round 992 (Div. 2),I_cp_in_html,9130,1733675700,0,410
2040,Codeforces Round 992 (Div. 2),hopeless__19,9139,1733675700,1169,1159
2040,Codeforces Round 992 (Div. 2),shy_robot_No8,9139,1733675700,1197,1141
2040,Codeforces Round 992 (Div. 2),Utsav_1711,9139,1733675700,839,876
2040,Codeforces Round 992 (Div. 2),RodrigoGarciaT,9139,1733675700,1197,1141
2040,Codeforces Round 992 (Div. 2),Cocane,9139,1733675700,962,1043
2040,Codeforces Round 992 (Div. 2),yashitz07,9139,1733675700,981,976
2040,Codeforces Round 992 (Div. 2),nandneepriya,9139,1733675700,957,1021
2040,Codeforces Round 992 (Div. 2),hseerig,9139,1733675700,771,893
2040,Codeforces Round 992 (Div. 2),Shams.t,9139,1733675700,967,966
2040,Codeforces Round 992 (Div. 2),Egor_Gorbachev,9139,1733675700,440,706
2040,Codeforces Round 992 (Div. 2),jadhavanvesh111,9139,1733675700,957,959
2040,Codeforces Round 992 (Div. 2),Hanasa,9139,1733675700,998,1053
2040,Codeforces Round 992 (Div. 2),Harsh_24Verma,9151,1733675700,978,974
2040,Codeforces Round 992 (Div. 2),khacduy,9151,1733675700,927,1015
2040,Codeforces Round 992 (Div. 2),mohmednasser011,9151,1733675700,1052,1029
2040,Codeforces Round 992 (Div. 2),IamDragonite,9151,1733675700,1232,1169
2040,Codeforces Round 992 (Div. 2),plutoson,9151,1733675700,0,410
2040,Codeforces Round 992 (Div. 2),jaindivyanshu.personal,9151,1733675700,742,813
2040,Codeforces Round 992 (Div. 2),Shakil10945,9151,1733675700,927,937
2040,Codeforces Round 992 (Div. 2),anuragkr24,9151,1733675700,1009,997
2040,Codeforces Round 992 (Div. 2),abhijeetbodas2001,9151,1733675700,1146,1102
2040,Codeforces Round 992 (Div. 2),KnightCurry,9151,1733675700,1066,1039
2040,Codeforces Round 992 (Div. 2),abundance_24,9151,1733675700,856,888
2040,Codeforces Round 992 (Div. 2),so_long,9162,1733675700,1053,1030
2040,Codeforces Round 992 (Div. 2),--hmzabanna--,9162,1733675700,1045,1024
2040,Codeforces Round 992 (Div. 2),Sagnik_2004,9162,1733675700,853,957
2040,Codeforces Round 992 (Div. 2),happy.rishi2004,9162,1733675700,596,801
2040,Codeforces Round 992 (Div. 2),medhaa09,9162,1733675700,0,410
2040,Codeforces Round 992 (Div. 2),Mohamed_shahata,9162,1733675700,1068,1041
2040,Codeforces Round 992 (Div. 2),ilseoresivee,9162,1733675700,1383,1362
2040,Codeforces Round 992 (Div. 2),verma_001,9162,1733675700,945,950
2040,Codeforces Round 992 (Div. 2),V0tsa_l,9162,1733675700,1301,1224
2040,Codeforces Round 992 (Div. 2),Amartyaya,9171,1733675700,924,996
2040,Codeforces Round 992 (Div. 2),Ajay2112,9171,1733675700,890,946
2040,Codeforces Round 992 (Div. 2),rahul_k27,9171,1733675700,1169,1119
2040,Codeforces Round 992 (Div. 2),anshumaanmishra,9171,1733675700,1048,1026
2040,Codeforces Round 992 (Div. 2),swifter_tamer,9175,1733675700,1098,1131
2040,Codeforces Round 992 (Div. 2),CD_FortPile,9175,1733675700,893,988
2040,Codeforces Round 992 (Div. 2),CoderWitch09,9175,1733675700,1071,1082
2040,Codeforces Round 992 (Div. 2),Ashwin183,9178,1733675700,1122,1082
2040,Codeforces Round 992 (Div. 2),nikhilsingh,9178,1733675700,1102,1067
2040,Codeforces Round 992 (Div. 2),CryptoSaiyan,9178,1733675700,995,1023
2040,Codeforces Round 992 (Div. 2),QKnot,9178,1733675700,818,861
2040,Codeforces Round 992 (Div. 2),Raju_Ahmed,9178,1733675700,372,650
2040,Codeforces Round 992 (Div. 2),1231xyz,9178,1733675700,1023,1006
2040,Codeforces Round 992 (Div. 2),vikramseervi,9178,1733675700,917,929
2040,Codeforces Round 992 (Div. 2),sakmidik,9185,1733675700,798,848
2040,Codeforces Round 992 (Div. 2),ZAX_80,9185,1733675700,1139,1095
2040,Codeforces Round 992 (Div. 2),PTS_codes,9185,1733675700,436,702
2040,Codeforces Round 992 (Div. 2),Pyush10,9185,1733675700,915,928
2040,Codeforces Round 992 (Div. 2),RuchirSharma038,9185,1733675700,791,896
2040,Codeforces Round 992 (Div. 2),MinhYesHope,9185,1733675700,652,845
2040,Codeforces Round 992 (Div. 2),MHS75,9185,1733675700,971,968
2040,Codeforces Round 992 (Div. 2),tichar,9185,1733675700,402,674
2040,Codeforces Round 992 (Div. 2),jabujj_555,9185,1733675700,685,776
2040,Codeforces Round 992 (Div. 2),Sumit11Rawat,9185,1733675700,1009,996
2040,Codeforces Round 992 (Div. 2),mahfuzrahman,9185,1733675700,1131,1089
2040,Codeforces Round 992 (Div. 2),rras,9185,1733675700,788,842
2040,Codeforces Round 992 (Div. 2),harshu_45,9185,1733675700,1181,1128
2040,Codeforces Round 992 (Div. 2),HuuHuu_FF,9185,1733675700,624,822
2040,Codeforces Round 992 (Div. 2),ankur_232,9185,1733675700,1215,1155
2040,Codeforces Round 992 (Div. 2),mursalinabu89,9200,1733675700,615,816
2040,Codeforces Round 992 (Div. 2),__Bruteforce,9200,1733675700,1144,1099
2040,Codeforces Round 992 (Div. 2),tkc2407,9200,1733675700,1209,1150
2040,Codeforces Round 992 (Div. 2),SPIKEY_86,9200,1733675700,1293,1217
2040,Codeforces Round 992 (Div. 2),hifranklin,9200,1733675700,975,971
2040,Codeforces Round 992 (Div. 2),Azamaat,9200,1733675700,1052,1028
2040,Codeforces Round 992 (Div. 2),Ketan19,9200,1733675700,897,915
2040,Codeforces Round 992 (Div. 2),gaganurs,9200,1733675700,1035,1015
2040,Codeforces Round 992 (Div. 2),Panther,9208,1733675700,929,937
2040,Codeforces Round 992 (Div. 2),Sino_2009,9208,1733675700,1063,1036
2040,Codeforces Round 992 (Div. 2),ilovemoloko123,9208,1733675700,1319,1238
2040,Codeforces Round 992 (Div. 2),NobitaNoobie_,9208,1733675700,908,922
2040,Codeforces Round 992 (Div. 2),Atul_Jaiswal,9208,1733675700,773,894
2040,Codeforces Round 992 (Div. 2),KushalAgrawal,9208,1733675700,923,933
2040,Codeforces Round 992 (Div. 2),Moaz_Ragab1,9208,1733675700,1296,1219
2040,Codeforces Round 992 (Div. 2),Alexander_Klyauzunik,9208,1733675700,1004,1057
2040,Codeforces Round 992 (Div. 2),vibhas,9216,1733675700,0,409
2040,Codeforces Round 992 (Div. 2),mdshohed,9216,1733675700,1149,1102
2040,Codeforces Round 992 (Div. 2),subhajit171,9216,1733675700,911,924
2040,Codeforces Round 992 (Div. 2),Hemsai,9216,1733675700,904,979
2040,Codeforces Round 992 (Div. 2),slytherin_dk,9216,1733675700,963,961
2040,Codeforces Round 992 (Div. 2),ut_karsh31,9216,1733675700,880,903
2040,Codeforces Round 992 (Div. 2),mohsenKH,9222,1733675700,1114,1075
2040,Codeforces Round 992 (Div. 2),Dragon_Emperor01,9222,1733675700,1153,1106
2040,Codeforces Round 992 (Div. 2),anish_dey,9222,1733675700,990,981
2040,Codeforces Round 992 (Div. 2),Coffee_Maker,9222,1733675700,1062,1035
2040,Codeforces Round 992 (Div. 2),Ayushman01,9222,1733675700,1000,988
2040,Codeforces Round 992 (Div. 2),-basilisk-,9222,1733675700,783,838
2040,Codeforces Round 992 (Div. 2),Raed888_,9228,1733675700,1275,1202
2040,Codeforces Round 992 (Div. 2),JDqwq,9228,1733675700,955,992
2040,Codeforces Round 992 (Div. 2),bobcode,9228,1733675700,662,852
2040,Codeforces Round 992 (Div. 2),rohithchebrolu007,9228,1733675700,1039,1018
2040,Codeforces Round 992 (Div. 2),hireshshah5432,9228,1733675700,405,676
2040,Codeforces Round 992 (Div. 2),Hyper_Hari,9228,1733675700,983,976
2040,Codeforces Round 992 (Div. 2),Artistic_code,9234,1733675700,1311,1231
2040,Codeforces Round 992 (Div. 2),lazybw_,9234,1733675700,662,851
2040,Codeforces Round 992 (Div. 2),MCPN,9234,1733675700,1090,1124
2040,Codeforces Round 992 (Div. 2),Laiba07,9234,1733675700,847,880
2040,Codeforces Round 992 (Div. 2),adarsh_,9234,1733675700,932,938
2040,Codeforces Round 992 (Div. 2),Andrusha_assassin22852,9234,1733675700,923,932
2040,Codeforces Round 992 (Div. 2),desainagesh27,9234,1733675700,771,829
2040,Codeforces Round 992 (Div. 2),CrimsonViper_07,9241,1733675700,747,813
2040,Codeforces Round 992 (Div. 2),duboran2,9241,1733675700,921,1009
2040,Codeforces Round 992 (Div. 2),punisher044,9241,1733675700,952,953
2040,Codeforces Round 992 (Div. 2),MehemmedSettarli,9241,1733675700,959,958
2040,Codeforces Round 992 (Div. 2),codeInterpreter05,9241,1733675700,928,936
2040,Codeforces Round 992 (Div. 2),wolvie758,9241,1733675700,1039,1017
2040,Codeforces Round 992 (Div. 2),.Terist,9241,1733675700,1134,1091
2040,Codeforces Round 992 (Div. 2),fajarhamka,9241,1733675700,948,986
2040,Codeforces Round 992 (Div. 2),bogurar.doiii,9241,1733675700,911,924
2040,Codeforces Round 992 (Div. 2),ColdestKyurem,9241,1733675700,977,1035
2040,Codeforces Round 992 (Div. 2),abel_7,9241,1733675700,828,900
2040,Codeforces Round 992 (Div. 2),WhyAnt,9241,1733675700,0,408
2040,Codeforces Round 992 (Div. 2),belema_007,9253,1733675700,739,808
2040,Codeforces Round 992 (Div. 2),Ankaraa_1_0_,9253,1733675700,1016,999
2040,Codeforces Round 992 (Div. 2),AbdullahAl_Masud,9253,1733675700,1057,1031
2040,Codeforces Round 992 (Div. 2),aryankadam20,9256,1733675700,1059,1032
2040,Codeforces Round 992 (Div. 2),xuxuxunnn,9256,1733675700,1010,1061
2040,Codeforces Round 992 (Div. 2),defeatist..,9256,1733675700,1060,1033
2040,Codeforces Round 992 (Div. 2),farhan_s_a,9256,1733675700,775,894
2040,Codeforces Round 992 (Div. 2),sapphire0_0,9256,1733675700,676,862
2040,Codeforces Round 992 (Div. 2),NADERT,9256,1733675700,1267,1195
2040,Codeforces Round 992 (Div. 2),ParthAgrawal1967,9256,1733675700,852,882
2040,Codeforces Round 992 (Div. 2),stevenarellano,9256,1733675700,1157,1147
2040,Codeforces Round 992 (Div. 2),M1le,9256,1733675700,1163,1113
2040,Codeforces Round 992 (Div. 2),Tr_affable,9256,1733675700,794,909
2040,Codeforces Round 992 (Div. 2),Sk2003_23,9256,1733675700,1128,1085
2040,Codeforces Round 992 (Div. 2),lior_,9256,1733675700,794,909
2040,Codeforces Round 992 (Div. 2),LightClear,9268,1733675700,1043,1020
2040,Codeforces Round 992 (Div. 2),amber69,9268,1733675700,1036,1052
2040,Codeforces Round 992 (Div. 2),yashwanthreddy909,9268,1733675700,1143,1097
2040,Codeforces Round 992 (Div. 2),ShantoRoy,9268,1733675700,1156,1107
2040,Codeforces Round 992 (Div. 2),h_dugar,9268,1733675700,1416,1315
2040,Codeforces Round 992 (Div. 2),Guliyev,9268,1733675700,422,690
2040,Codeforces Round 992 (Div. 2),vikasdixit7905,9268,1733675700,1156,1107
2040,Codeforces Round 992 (Div. 2),Rafid_Nabil,9275,1733675700,1056,1030
2040,Codeforces Round 992 (Div. 2),xtter,9275,1733675700,751,922
2040,Codeforces Round 992 (Div. 2),manannigam07,9275,1733675700,1069,1040
2040,Codeforces Round 992 (Div. 2),maxim_tep,9275,1733675700,1363,1272
2040,Codeforces Round 992 (Div. 2),CodeAlchemy,9275,1733675700,747,873
2040,Codeforces Round 992 (Div. 2),nuc_x,9275,1733675700,1374,1281
2040,Codeforces Round 992 (Div. 2),omii_aasija27,9275,1733675700,684,773
2040,Codeforces Round 992 (Div. 2),priyanshmurarka,9275,1733675700,1044,1021
2040,Codeforces Round 992 (Div. 2),clashgamer1050,9275,1733675700,1086,1091
2040,Codeforces Round 992 (Div. 2),qqqqq3,9284,1733675700,920,929
2040,Codeforces Round 992 (Div. 2),ajs_234,9284,1733675700,974,968
2040,Codeforces Round 992 (Div. 2),Manas21,9284,1733675700,950,950
2040,Codeforces Round 992 (Div. 2),ilovezfy,9284,1733675700,1062,1072
2040,Codeforces Round 992 (Div. 2),Hoodyster,9284,1733675700,920,929
2040,Codeforces Round 992 (Div. 2),khas_mithai,9284,1733675700,1097,1061
2040,Codeforces Round 992 (Div. 2),mr_krish__324,9284,1733675700,769,889
2040,Codeforces Round 992 (Div. 2),eushaahmed08,9284,1733675700,1135,1090
2040,Codeforces Round 992 (Div. 2),joynath,9284,1733675700,941,944
2040,Codeforces Round 992 (Div. 2),Zorojuro,9284,1733675700,797,845
2040,Codeforces Round 992 (Div. 2),ModiSagar,9294,1733675700,1028,1008
2040,Codeforces Round 992 (Div. 2),A7md_Sob7,9294,1733675700,997,985
2040,Codeforces Round 992 (Div. 2),iska_terminator,9294,1733675700,1269,1196
2040,Codeforces Round 992 (Div. 2),DillibabuR,9294,1733675700,900,914
2040,Codeforces Round 992 (Div. 2),iccjoc,9294,1733675700,848,878
2040,Codeforces Round 992 (Div. 2),stoppppittttadiiii,9294,1733675700,1321,1238
2040,Codeforces Round 992 (Div. 2),bhavya_19,9294,1733675700,1195,1137
2040,Codeforces Round 992 (Div. 2),lO__Ol,9294,1733675700,663,851
2040,Codeforces Round 992 (Div. 2),notwhitedevil,9294,1733675700,837,871
2040,Codeforces Round 992 (Div. 2),11_DareDevil,9294,1733675700,618,816
2040,Codeforces Round 992 (Div. 2),Sohan_7,9294,1733675700,1344,1257
2040,Codeforces Round 992 (Div. 2),krishisop,9305,1733675700,1038,1016
2040,Codeforces Round 992 (Div. 2),_Y0STAFNDI_,9305,1733675700,957,955
2040,Codeforces Round 992 (Div. 2),DemirKelle,9305,1733675700,1450,1343
2040,Codeforces Round 992 (Div. 2),Furan_101,9308,1733675700,1289,1212
2040,Codeforces Round 992 (Div. 2),supersparton0,9308,1733675700,1095,1059
2040,Codeforces Round 992 (Div. 2),Oruc,9308,1733675700,1238,1171
2040,Codeforces Round 992 (Div. 2),GodZilla_r34,9308,1733675700,897,912
2040,Codeforces Round 992 (Div. 2),lazy_meee,9308,1733675700,745,917
2040,Codeforces Round 992 (Div. 2),SR_Zisan,9308,1733675700,824,862
2040,Codeforces Round 992 (Div. 2),CO_LIGHT,9308,1733675700,926,994
2040,Codeforces Round 992 (Div. 2),Geto,9308,1733675700,1301,1222
2040,Codeforces Round 992 (Div. 2),RifatX22,9308,1733675700,746,811
2040,Codeforces Round 992 (Div. 2),Soraino,9317,1733675700,1030,1009
2040,Codeforces Round 992 (Div. 2),BnTamer,9317,1733675700,1059,1031
2040,Codeforces Round 992 (Div. 2),pavan082005,9317,1733675700,903,916
2040,Codeforces Round 992 (Div. 2),namaris15,9317,1733675700,0,408
2040,Codeforces Round 992 (Div. 2),rampkroctzzcc,9317,1733675700,1065,1074
2040,Codeforces Round 992 (Div. 2),Pavan_g,9317,1733675700,1027,1045
2040,Codeforces Round 992 (Div. 2),Roshan0808,9317,1733675700,1072,1041
2040,Codeforces Round 992 (Div. 2),hp1206,9317,1733675700,883,961
2040,Codeforces Round 992 (Div. 2),juliel,9325,1733675700,890,983
2040,Codeforces Round 992 (Div. 2),Kinsoul,9325,1733675700,368,645
2040,Codeforces Round 992 (Div. 2),Osman_112,9325,1733675700,1167,1115
2040,Codeforces Round 992 (Div. 2),mghaddar04,9325,1733675700,960,957
2040,Codeforces Round 992 (Div. 2),mhmd_karam,9325,1733675700,1019,1000
2040,Codeforces Round 992 (Div. 2),MesutOzil,9325,1733675700,1062,1033
2040,Codeforces Round 992 (Div. 2),gentleman.1,9331,1733675700,0,407
2040,Codeforces Round 992 (Div. 2),omJadon,9331,1733675700,1007,991
2040,Codeforces Round 992 (Div. 2),pkse,9331,1733675700,956,954
2040,Codeforces Round 992 (Div. 2),Rohithr,9331,1733675700,1172,1118
2040,Codeforces Round 992 (Div. 2),yash.agrawal1589,9331,1733675700,1068,1037
2040,Codeforces Round 992 (Div. 2),arthteerth12345,9331,1733675700,946,947
2040,Codeforces Round 992 (Div. 2),Intern_pakka_hai,9337,1733675700,0,407
2040,Codeforces Round 992 (Div. 2),abhinav-0302,9337,1733675700,400,671
2040,Codeforces Round 992 (Div. 2),nikhilist,9337,1733675700,1078,1046
2040,Codeforces Round 992 (Div. 2),ThinkAlone,9337,1733675700,901,991
2040,Codeforces Round 992 (Div. 2),Ares_77,9337,1733675700,1115,1074
2040,Codeforces Round 992 (Div. 2),shr3yan,9337,1733675700,1061,1033
2040,Codeforces Round 992 (Div. 2),Sroor_1000,9337,1733675700,1105,1066
2040,Codeforces Round 992 (Div. 2),Ajaniii,9344,1733675700,389,662
2040,Codeforces Round 992 (Div. 2),theklyxer,9344,1733675700,1248,1179
2040,Codeforces Round 992 (Div. 2),Yash_1234567891011,9344,1733675700,936,1001
2040,Codeforces Round 992 (Div. 2),dhnta23,9344,1733675700,965,1024
2040,Codeforces Round 992 (Div. 2),viraz17,9344,1733675700,998,985
2040,Codeforces Round 992 (Div. 2),KESHAV-SINGLA,9344,1733675700,1013,995
2040,Codeforces Round 992 (Div. 2),Wojciech_Kowalczewski,9344,1733675700,0,407
2040,Codeforces Round 992 (Div. 2),8pm_Nuri,9344,1733675700,1081,1047
2040,Codeforces Round 992 (Div. 2),_AaDitya_,9352,1733675700,939,1003
2040,Codeforces Round 992 (Div. 2),TouristElMenoufia,9352,1733675700,828,919
2040,Codeforces Round 992 (Div. 2),FalseShadow,9352,1733675700,1172,1118
2040,Codeforces Round 992 (Div. 2),Kilua,9352,1733675700,999,1023
2040,Codeforces Round 992 (Div. 2),beny_kh,9352,1733675700,1458,1348
2040,Codeforces Round 992 (Div. 2),Bhavya_RI,9352,1733675700,999,985
2040,Codeforces Round 992 (Div. 2),Shadow7494,9352,1733675700,917,925
2040,Codeforces Round 992 (Div. 2),lxyqwq,9352,1733675700,1086,1051
2040,Codeforces Round 992 (Div. 2),batch5_submission,9360,1733675700,874,954
2040,Codeforces Round 992 (Div. 2),addirox_29,9360,1733675700,1063,1033
2040,Codeforces Round 992 (Div. 2),newyear,9360,1733675700,1091,1055
2040,Codeforces Round 992 (Div. 2),adarsh0983,9360,1733675700,995,1020
2040,Codeforces Round 992 (Div. 2),bishnoi_br_29,9360,1733675700,913,958
2040,Codeforces Round 992 (Div. 2),namanjain7752,9360,1733675700,858,884
2040,Codeforces Round 992 (Div. 2),CodeForceSPK,9366,1733675700,907,918
2040,Codeforces Round 992 (Div. 2),Shuraa_,9366,1733675700,0,407
2040,Codeforces Round 992 (Div. 2),ShubhamKumar29,9366,1733675700,1063,1034
2040,Codeforces Round 992 (Div. 2),vishal1002,9366,1733675700,0,407
2040,Codeforces Round 992 (Div. 2),OkWhatever455,9366,1733675700,1199,1179
2040,Codeforces Round 992 (Div. 2),amankumarch829,9366,1733675700,682,769
2040,Codeforces Round 992 (Div. 2),Ayon,9372,1733675700,1190,1132
2040,Codeforces Round 992 (Div. 2),Compilation_error23,9372,1733675700,1055,1027
2040,Codeforces Round 992 (Div. 2),_Hotoru,9372,1733675700,1337,1250
2040,Codeforces Round 992 (Div. 2),HTHEGREAT,9372,1733675700,1091,1055
2040,Codeforces Round 992 (Div. 2),TrippyWeasley,9372,1733675700,993,980
2040,Codeforces Round 992 (Div. 2),Vishesh_Paliwal,9372,1733675700,1263,1190
2040,Codeforces Round 992 (Div. 2),lasdhfc,9372,1733675700,423,689
2040,Codeforces Round 992 (Div. 2),Krityapriya,9372,1733675700,789,952
2040,Codeforces Round 992 (Div. 2),ItsTHEAvro,9380,1733675700,1052,1025
2040,Codeforces Round 992 (Div. 2),-02,9380,1733675700,1039,1015
2040,Codeforces Round 992 (Div. 2),Dvarkapati,9380,1733675700,665,851
2040,Codeforces Round 992 (Div. 2),TypicalCoder2505,9380,1733675700,1348,1259
2040,Codeforces Round 992 (Div. 2),amrinakther312,9380,1733675700,752,813
2040,Codeforces Round 992 (Div. 2),ancient_Dream,9380,1733675700,582,786
2040,Codeforces Round 992 (Div. 2),dono1525,9380,1733675700,998,1022
2040,Codeforces Round 992 (Div. 2),Srishti-j18,9380,1733675700,1273,1198
2040,Codeforces Round 992 (Div. 2),154pawan,9388,1733675700,858,883
2040,Codeforces Round 992 (Div. 2),Cellz,9388,1733675700,1007,990
2040,Codeforces Round 992 (Div. 2),Ahmed__Bahgat,9390,1733675700,677,861
2040,Codeforces Round 992 (Div. 2),armoredvortex06,9390,1733675700,954,1014
2040,Codeforces Round 992 (Div. 2),satyaranjanbehera2607,9390,1733675700,1062,1032
2040,Codeforces Round 992 (Div. 2),msaadsbr,9393,1733675700,1088,1052
2040,Codeforces Round 992 (Div. 2),Yash2604,9393,1733675700,817,924
2040,Codeforces Round 992 (Div. 2),Uzumaki_Sasuke,9393,1733675700,901,913
2040,Codeforces Round 992 (Div. 2),Nisha_Dhakad,9393,1733675700,841,993
2040,Codeforces Round 992 (Div. 2),Poppy1007,9393,1733675700,832,865
2040,Codeforces Round 992 (Div. 2),ayushiiiawasthi7,9398,1733675700,950,948
2040,Codeforces Round 992 (Div. 2),sunny.penny041,9398,1733675700,679,863
2040,Codeforces Round 992 (Div. 2),eddy2908,9398,1733675700,998,983
2040,Codeforces Round 992 (Div. 2),Aravinth_M_C,9398,1733675700,940,941
2040,Codeforces Round 992 (Div. 2),alecuandreiizsak,9398,1733675700,987,975
2040,Codeforces Round 992 (Div. 2),riyazAhmad,9403,1733675700,1186,1128
2040,Codeforces Round 992 (Div. 2),akashdeepsingh_01,9403,1733675700,690,871
2040,Codeforces Round 992 (Div. 2),VAP09,9403,1733675700,912,921
2040,Codeforces Round 992 (Div. 2),Sudhanshu_Gaur,9406,1733675700,832,865
2040,Codeforces Round 992 (Div. 2),milameiyou,9406,1733675700,421,687
2040,Codeforces Round 992 (Div. 2),ice3y,9406,1733675700,1135,1088
2040,Codeforces Round 992 (Div. 2),shahrukkabir01,9406,1733675700,1064,1033
2040,Codeforces Round 992 (Div. 2),aditi_tiwari10,9406,1733675700,774,826
2040,Codeforces Round 992 (Div. 2),Vladimir001,9411,1733675700,879,897
2040,Codeforces Round 992 (Div. 2),_Nova_09,9411,1733675700,0,406
2040,Codeforces Round 992 (Div. 2),RestiaAshbell,9411,1733675700,755,924
2040,Codeforces Round 992 (Div. 2),shahin_11814,9411,1733675700,1027,1005
2040,Codeforces Round 992 (Div. 2),lotabox571,9415,1733675700,379,652
2040,Codeforces Round 992 (Div. 2),config________,9415,1733675700,934,998
2040,Codeforces Round 992 (Div. 2),virtual2.0,9415,1733675700,1024,1003
2040,Codeforces Round 992 (Div. 2),SyntaxSorceress,9415,1733675700,1043,1017
2040,Codeforces Round 992 (Div. 2),__32801_altter_code_,9415,1733675700,1213,1150
2040,Codeforces Round 992 (Div. 2),vibhashbhushan,9415,1733675700,900,912
2040,Codeforces Round 992 (Div. 2),8mOnkeyKing,9415,1733675700,969,999
2040,Codeforces Round 992 (Div. 2),minthued,9415,1733675700,833,936
2040,Codeforces Round 992 (Div. 2),Leshrac,9415,1733675700,1036,1012
2040,Codeforces Round 992 (Div. 2),cloud_Ann,9424,1733675700,968,960
2040,Codeforces Round 992 (Div. 2),premsai221,9424,1733675700,639,830
2040,Codeforces Round 992 (Div. 2),Aimer_123,9424,1733675700,1271,1196
2040,Codeforces Round 992 (Div. 2),bietyeu10nguoi,9427,1733675700,1057,1027
2040,Codeforces Round 992 (Div. 2),vortex05,9427,1733675700,383,656
2040,Codeforces Round 992 (Div. 2),CipherPhoenix,9427,1733675700,826,860
2040,Codeforces Round 992 (Div. 2),yuvrajye,9427,1733675700,935,936
2040,Codeforces Round 992 (Div. 2),ahnaf.hasan.mahmud,9427,1733675700,911,919
2040,Codeforces Round 992 (Div. 2),kowalski79,9432,1733675700,1033,1010
2040,Codeforces Round 992 (Div. 2),taumiq,9433,1733675700,866,946
2040,Codeforces Round 992 (Div. 2),cjd29,9433,1733675700,1154,1103
2040,Codeforces Round 992 (Div. 2),Shresth_Jha,9433,1733675700,1175,1119
2040,Codeforces Round 992 (Div. 2),Mustang_Roy,9433,1733675700,371,645
2040,Codeforces Round 992 (Div. 2),redzxx,9433,1733675700,739,911
2040,Codeforces Round 992 (Div. 2),cant_beat,9433,1733675700,894,907
2040,Codeforces Round 992 (Div. 2),gezhizhou,9439,1733675700,716,892
2040,Codeforces Round 992 (Div. 2),HeadAche__,9439,1733675700,959,953
2040,Codeforces Round 992 (Div. 2),Whiff,9439,1733675700,1361,1341
2040,Codeforces Round 992 (Div. 2),sveti,9439,1733675700,1171,1116
2040,Codeforces Round 992 (Div. 2),khoiduong2913,9439,1733675700,1010,991
2040,Codeforces Round 992 (Div. 2),leodicaprio4791,9439,1733675700,1300,1219
2040,Codeforces Round 992 (Div. 2),sahajshetty24,9439,1733675700,0,406
2040,Codeforces Round 992 (Div. 2),Eric.092,9446,1733675700,910,918
2040,Codeforces Round 992 (Div. 2),poopeter,9446,1733675700,0,406
2040,Codeforces Round 992 (Div. 2),BanBan.,9446,1733675700,907,994
2040,Codeforces Round 992 (Div. 2),Anirban2046,9449,1733675700,1006,988
2040,Codeforces Round 992 (Div. 2),SunFlowerBaby,9449,1733675700,687,869
2040,Codeforces Round 992 (Div. 2),nghialaptrinh,9449,1733675700,952,948
2040,Codeforces Round 992 (Div. 2),PalindromeRo_,9449,1733675700,1152,1101
2040,Codeforces Round 992 (Div. 2),kumarbarmansachin,9449,1733675700,0,406
2040,Codeforces Round 992 (Div. 2),NAILONGALSODARGON,9449,1733675700,578,782
2040,Codeforces Round 992 (Div. 2),Fuad_Hasan43,9455,1733675700,989,976
2040,Codeforces Round 992 (Div. 2),ne_justlm,9455,1733675700,1604,1466
2040,Codeforces Round 992 (Div. 2),Rokun,9455,1733675700,970,961
2040,Codeforces Round 992 (Div. 2),_ronak_,9455,1733675700,824,929
2040,Codeforces Round 992 (Div. 2),YouSen,9455,1733675700,1051,1022
2040,Codeforces Round 992 (Div. 2),zjym_2,9460,1733675700,889,939
2040,Codeforces Round 992 (Div. 2),mohdtanveer,9460,1733675700,904,914
2040,Codeforces Round 992 (Div. 2),Arif.30,9460,1733675700,833,864
2040,Codeforces Round 992 (Div. 2),suplexcity199,9463,1733675700,0,406
2040,Codeforces Round 992 (Div. 2),athenaaa,9463,1733675700,1041,1015
2040,Codeforces Round 992 (Div. 2),Varshita_06,9463,1733675700,1045,1018
2040,Codeforces Round 992 (Div. 2),buzhiiqiuliang,9463,1733675700,927,1010
2040,Codeforces Round 992 (Div. 2),vg4cl,9463,1733675700,0,406
2040,Codeforces Round 992 (Div. 2),Jiangjiapei,9463,1733675700,848,947
2040,Codeforces Round 992 (Div. 2),shiva_0079,9463,1733675700,600,799
2040,Codeforces Round 992 (Div. 2),_satoshi_0016,9463,1733675700,934,935
2040,Codeforces Round 992 (Div. 2),bishnudevsardar35,9463,1733675700,1075,1041
2040,Codeforces Round 992 (Div. 2),breezy_hug_36,9472,1733675700,868,888
2040,Codeforces Round 992 (Div. 2),mhishrak,9472,1733675700,721,790
2040,Codeforces Round 992 (Div. 2),R7G,9472,1733675700,893,941
2040,Codeforces Round 992 (Div. 2),Dodo_Queen,9472,1733675700,947,981
2040,Codeforces Round 992 (Div. 2),yuechen,9472,1733675700,0,405
2040,Codeforces Round 992 (Div. 2),Louis_14,9477,1733675700,415,681
2040,Codeforces Round 992 (Div. 2),30062024,9477,1733675700,1101,1100
2040,Codeforces Round 992 (Div. 2),yashsinha047,9479,1733675700,1045,1017
2040,Codeforces Round 992 (Div. 2),ToRisk,9479,1733675700,356,633
2040,Codeforces Round 992 (Div. 2),Smoking_Cat,9479,1733675700,1048,1020
2040,Codeforces Round 992 (Div. 2),maile123,9479,1733675700,957,1015
2040,Codeforces Round 992 (Div. 2),KunjGupta,9483,1733675700,957,951
2040,Codeforces Round 992 (Div. 2),Hotel,9483,1733675700,0,405
2040,Codeforces Round 992 (Div. 2),alterEgo5221,9483,1733675700,394,664
2040,Codeforces Round 992 (Div. 2),bagelthebeagle,9483,1733675700,834,936
2040,Codeforces Round 992 (Div. 2),Maulik_Agarwal,9487,1733675700,988,1039
2040,Codeforces Round 992 (Div. 2),Furina_,9487,1733675700,772,888
2040,Codeforces Round 992 (Div. 2),MYCODE07,9487,1733675700,621,815
2040,Codeforces Round 992 (Div. 2),elmir_aga,9487,1733675700,680,764
2040,Codeforces Round 992 (Div. 2),risav68111,9491,1733675700,1012,992
2040,Codeforces Round 992 (Div. 2),Omaer02,9491,1733675700,880,896
2040,Codeforces Round 992 (Div. 2),wanderlust_108,9491,1733675700,400,668
2040,Codeforces Round 992 (Div. 2),sai_swaroop8656,9491,1733675700,1042,1015
2040,Codeforces Round 992 (Div. 2),Z_CodeFather,9495,1733675700,930,931
2040,Codeforces Round 992 (Div. 2),samir981,9495,1733675700,1124,1078
2040,Codeforces Round 992 (Div. 2),almt,9495,1733675700,963,956
2040,Codeforces Round 992 (Div. 2),luoxingzhi,9495,1733675700,632,824
2040,Codeforces Round 992 (Div. 2),emperial_ishan,9499,1733675700,1101,1060
2040,Codeforces Round 992 (Div. 2),kartikey312,9499,1733675700,937,936
2040,Codeforces Round 992 (Div. 2),AR219,9499,1733675700,639,829
2040,Codeforces Round 992 (Div. 2),KOHAKU0530,9502,1733675700,1143,1093
2040,Codeforces Round 992 (Div. 2),deottamprasad,9502,1733675700,0,405
2040,Codeforces Round 992 (Div. 2),Mindstealer,9502,1733675700,1047,1018
2040,Codeforces Round 992 (Div. 2),Ada,9502,1733675700,1196,1135
2040,Codeforces Round 992 (Div. 2),Sayman369,9506,1733675700,1091,1052
2040,Codeforces Round 992 (Div. 2),waseem,9506,1733675700,909,916
2040,Codeforces Round 992 (Div. 2),kotprogrammist,9506,1733675700,1098,1058
2040,Codeforces Round 992 (Div. 2),AlienX_11,9509,1733675700,1168,1183
2040,Codeforces Round 992 (Div. 2),nived.krishna,9510,1733675700,1008,988
2040,Codeforces Round 992 (Div. 2),selfjaraut,9510,1733675700,0,405
2040,Codeforces Round 992 (Div. 2),Sachin_Bansal,9510,1733675700,984,970
2040,Codeforces Round 992 (Div. 2),Love-to-Byte,9510,1733675700,1087,1088
2040,Codeforces Round 992 (Div. 2),2021331045,9514,1733675700,904,912
2040,Codeforces Round 992 (Div. 2),619_rider,9514,1733675700,392,662
2040,Codeforces Round 992 (Div. 2),Pramod_21,9514,1733675700,996,979
2040,Codeforces Round 992 (Div. 2),JessePinkman__,9517,1733675700,717,787
2040,Codeforces Round 992 (Div. 2),Exiled_Code2024,9517,1733675700,1239,1209
2040,Codeforces Round 992 (Div. 2),Black_Swordsman,9517,1733675700,959,952
2040,Codeforces Round 992 (Div. 2),Info_coder_sys,9517,1733675700,904,912
2040,Codeforces Round 992 (Div. 2),Bestway11,9521,1733675700,1222,1155
2040,Codeforces Round 992 (Div. 2),millerrabin,9522,1733675700,864,959
2040,Codeforces Round 992 (Div. 2),rkn2005,9522,1733675700,1229,1161
2040,Codeforces Round 992 (Div. 2),its_jeff,9524,1733675700,1243,1172
2040,Codeforces Round 992 (Div. 2),zhoyanov,9524,1733675700,914,919
2040,Codeforces Round 992 (Div. 2),limengchao,9526,1733675700,952,984
2040,Codeforces Round 992 (Div. 2),royshubham07,9526,1733675700,1022,999
2040,Codeforces Round 992 (Div. 2),rifatuddin.csecu,9528,1733675700,809,846
2040,Codeforces Round 992 (Div. 2),hpoojan,9528,1733675700,989,974
2040,Codeforces Round 992 (Div. 2),roddy_,9528,1733675700,1493,1375
2040,Codeforces Round 992 (Div. 2),shuvo_ahammed,9528,1733675700,802,841
2040,Codeforces Round 992 (Div. 2),Yashu23,9528,1733675700,420,684
2040,Codeforces Round 992 (Div. 2),thomas__00,9533,1733675700,417,682
2040,Codeforces Round 992 (Div. 2),awasthi_suryansh,9533,1733675700,1069,1035
2040,Codeforces Round 992 (Div. 2),panda.BANDANA,9533,1733675700,1022,999
2040,Codeforces Round 992 (Div. 2),Adityazzzz,9536,1733675700,972,961
2040,Codeforces Round 992 (Div. 2),muhammad_jarjoumi,9536,1733675700,1390,1291
2040,Codeforces Round 992 (Div. 2),Ujjwal5705,9538,1733675700,1089,1050
2040,Codeforces Round 992 (Div. 2),SadThuFF,9538,1733675700,987,972
2040,Codeforces Round 992 (Div. 2),_satyam_mishra,9538,1733675700,1130,1082
2040,Codeforces Round 992 (Div. 2),Helloo12345,9538,1733675700,928,1010
2040,Codeforces Round 992 (Div. 2),OMI_14,9538,1733675700,1150,1098
2040,Codeforces Round 992 (Div. 2),Nevil_Anghan,9543,1733675700,957,987
2040,Codeforces Round 992 (Div. 2),SIAM_809,9543,1733675700,793,835
2040,Codeforces Round 992 (Div. 2),Maneendhar,9545,1733675700,994,977
2040,Codeforces Round 992 (Div. 2),Npc005,9546,1733675700,0,405
2040,Codeforces Round 992 (Div. 2),SS-18,9546,1733675700,1215,1149
2040,Codeforces Round 992 (Div. 2),suanfaking,9546,1733675700,0,405
2040,Codeforces Round 992 (Div. 2),XL16610,9549,1733675700,1063,1030
2040,Codeforces Round 992 (Div. 2),inactive_potato,9549,1733675700,999,981
2040,Codeforces Round 992 (Div. 2),Faridun2011,9549,1733675700,1241,1170
2040,Codeforces Round 992 (Div. 2),HOO_KKn,9552,1733675700,417,681
2040,Codeforces Round 992 (Div. 2),BrainlessGhost,9553,1733675700,812,848
2040,Codeforces Round 992 (Div. 2),the_skull_one,9553,1733675700,963,954
2040,Codeforces Round 992 (Div. 2),Arsalan_Ahmed,9555,1733675700,1131,1082
2040,Codeforces Round 992 (Div. 2),Raghavendra1729-cell,9556,1733675700,866,944
2040,Codeforces Round 992 (Div. 2),Anish_2407,9556,1733675700,1181,1122
2040,Codeforces Round 992 (Div. 2),palaraxdope,9558,1733675700,1076,1040
2040,Codeforces Round 992 (Div. 2),QQjun999,9558,1733675700,1385,1286
2040,Codeforces Round 992 (Div. 2),Aneeba,9558,1733675700,1063,1030
2040,Codeforces Round 992 (Div. 2),Syanvu1,9561,1733675700,1297,1215
2040,Codeforces Round 992 (Div. 2),minhi1,9561,1733675700,1306,1222
2040,Codeforces Round 992 (Div. 2),deptraisohai,9561,1733675700,873,965
2040,Codeforces Round 992 (Div. 2),Sadigzade,9561,1733675700,1369,1273
2040,Codeforces Round 992 (Div. 2),sergejj,9561,1733675700,1310,1225
2040,Codeforces Round 992 (Div. 2),Paras_2856,9566,1733675700,998,1046
2040,Codeforces Round 992 (Div. 2),ihCueYhniMmE,9566,1733675700,666,884
2040,Codeforces Round 992 (Div. 2),altfoxie,9566,1733675700,895,966
2040,Codeforces Round 992 (Div. 2),Ahmed_Faraj,9566,1733675700,1252,1179
2040,Codeforces Round 992 (Div. 2),ASHWINISINGH17,9570,1733675700,1463,1350
2040,Codeforces Round 992 (Div. 2),benfraj_helmi,9570,1733675700,1258,1183
2040,Codeforces Round 992 (Div. 2),3bdulrahman.,9572,1733675700,1293,1212
2040,Codeforces Round 992 (Div. 2),Saiful241,9572,1733675700,955,948
2040,Codeforces Round 992 (Div. 2),devil_hydra_09,9572,1733675700,1145,1093
2040,Codeforces Round 992 (Div. 2),saptarshikuar2003,9572,1733675700,1097,1056
2040,Codeforces Round 992 (Div. 2),YassaTalaat101,9576,1733675700,1236,1206
2040,Codeforces Round 992 (Div. 2),mucha_locha,9576,1733675700,960,951
2040,Codeforces Round 992 (Div. 2),_infinite_loop,9576,1733675700,921,923
2040,Codeforces Round 992 (Div. 2),temporary_25,9576,1733675700,995,977
2040,Codeforces Round 992 (Div. 2),TawficaBhuiyan,9576,1733675700,0,404
2040,Codeforces Round 992 (Div. 2),Sky22414,9581,1733675700,796,836
2040,Codeforces Round 992 (Div. 2),AmishKrishna7,9581,1733675700,980,966
2040,Codeforces Round 992 (Div. 2),oguzhancttnky,9581,1733675700,0,404
2040,Codeforces Round 992 (Div. 2),144stars,9581,1733675700,1297,1215
2040,Codeforces Round 992 (Div. 2),zero_speed,9585,1733675700,1198,1135
2040,Codeforces Round 992 (Div. 2),Shad0w_204,9585,1733675700,864,882
2040,Codeforces Round 992 (Div. 2),647kook,9585,1733675700,1010,989
2040,Codeforces Round 992 (Div. 2),akki_code,9585,1733675700,808,964
2040,Codeforces Round 992 (Div. 2),heisenberg..,9589,1733675700,1523,1399
2040,Codeforces Round 992 (Div. 2),kd_123,9589,1733675700,1246,1173
2040,Codeforces Round 992 (Div. 2),JuanCoder64,9589,1733675700,1074,1037
2040,Codeforces Round 992 (Div. 2),code07bharadwaj_aman,9589,1733675700,769,818
2040,Codeforces Round 992 (Div. 2),RIMURU-43,9589,1733675700,938,935
2040,Codeforces Round 992 (Div. 2),ishan1809,9589,1733675700,1329,1240
2040,Codeforces Round 992 (Div. 2),sakibsanto57,9589,1733675700,1068,1033
2040,Codeforces Round 992 (Div. 2),arima_kishou_,9589,1733675700,1052,1020
2040,Codeforces Round 992 (Div. 2),Ilia_KH,9597,1733675700,1225,1156
2040,Codeforces Round 992 (Div. 2),Egor_Vasilyev,9597,1733675700,1108,1064
2040,Codeforces Round 992 (Div. 2),DOODLE_MAN,9599,1733675700,1203,1138
2040,Codeforces Round 992 (Div. 2),rmpmm,9599,1733675700,460,716
2040,Codeforces Round 992 (Div. 2),qq2462155058,9601,1733675700,1215,1148
2040,Codeforces Round 992 (Div. 2),Harshit_Shakya,9602,1733675700,0,404
2040,Codeforces Round 992 (Div. 2),Code.Virtuoso,9602,1733675700,1088,1087
2040,Codeforces Round 992 (Div. 2),Ashwin_S_19,9602,1733675700,817,850
2040,Codeforces Round 992 (Div. 2),shin3CP,9605,1733675700,1269,1192
2040,Codeforces Round 992 (Div. 2),i_love_deVilliers,9606,1733675700,985,1055
2040,Codeforces Round 992 (Div. 2),YelloWhite,9606,1733675700,1169,1112
2040,Codeforces Round 992 (Div. 2),mridul004,9606,1733675700,860,879
2040,Codeforces Round 992 (Div. 2),Abir_07,9609,1733675700,1011,989
2040,Codeforces Round 992 (Div. 2),kartiksri2005,9610,1733675700,911,915
2040,Codeforces Round 992 (Div. 2),Itachi_uchiha_1013,9610,1733675700,1176,1157
2040,Codeforces Round 992 (Div. 2),ShantanuPr,9610,1733675700,481,733
2040,Codeforces Round 992 (Div. 2),AhmadZayad7777,9613,1733675700,976,962
2040,Codeforces Round 992 (Div. 2),kyslol,9613,1733675700,416,680
2040,Codeforces Round 992 (Div. 2),Alexander12313,9613,1733675700,713,887
2040,Codeforces Round 992 (Div. 2),BackNo.01,9613,1733675700,451,708
2040,Codeforces Round 992 (Div. 2),Kerolous66M,9613,1733675700,1077,1039
2040,Codeforces Round 992 (Div. 2),Revenger29,9618,1733675700,608,803
2040,Codeforces Round 992 (Div. 2),AboRehab11,9619,1733675700,915,918
2040,Codeforces Round 992 (Div. 2),bhoodev_meena,9619,1733675700,885,957
2040,Codeforces Round 992 (Div. 2),epraneeth98,9621,1733675700,1369,1273
2040,Codeforces Round 992 (Div. 2),bishwathakur123,9622,1733675700,898,905
2040,Codeforces Round 992 (Div. 2),milind_bansal,9622,1733675700,950,1007
2040,Codeforces Round 992 (Div. 2),Cypher_01,9624,1733675700,1003,983
2040,Codeforces Round 992 (Div. 2),Navishaa05,9624,1733675700,365,638
2040,Codeforces Round 992 (Div. 2),partylooper_,9626,1733675700,1175,1116
2040,Codeforces Round 992 (Div. 2),pottery_03,9627,1733675700,849,929
2040,Codeforces Round 992 (Div. 2),shantanugaur,9628,1733675700,903,971
2040,Codeforces Round 992 (Div. 2),Blublak,9629,1733675700,944,975
2040,Codeforces Round 992 (Div. 2),Not_Adith1000,9629,1733675700,779,940
2040,Codeforces Round 992 (Div. 2),Elras7edy,9631,1733675700,476,728
2040,Codeforces Round 992 (Div. 2),eeshani_11,9631,1733675700,712,839
2040,Codeforces Round 992 (Div. 2),lys7942,9631,1733675700,1009,1025
2040,Codeforces Round 992 (Div. 2),emskate,9631,1733675700,970,957
2040,Codeforces Round 992 (Div. 2),Abhijeethere1,9631,1733675700,871,963
2040,Codeforces Round 992 (Div. 2),singalreddyrishitha7,9636,1733675700,395,663
2040,Codeforces Round 992 (Div. 2),yashk1005,9637,1733675700,871,963
2040,Codeforces Round 992 (Div. 2),bluesky0000,9637,1733675700,916,999
2040,Codeforces Round 992 (Div. 2),mukundagarawal9,9639,1733675700,903,909
2040,Codeforces Round 992 (Div. 2),erfff,9639,1733675700,400,666
2040,Codeforces Round 992 (Div. 2),srivastavavaibhav499,9641,1733675700,893,901
2040,Codeforces Round 992 (Div. 2),Ujjwal_mehta,9641,1733675700,563,690
2040,Codeforces Round 992 (Div. 2),tourist_orz_orz,9643,1733675700,513,758
2040,Codeforces Round 992 (Div. 2),adityaprakash108798,9644,1733675700,924,924
2040,Codeforces Round 992 (Div. 2),rt21csb0b47,9645,1733675700,822,924
2040,Codeforces Round 992 (Div. 2),jkpromax,9645,1733675700,869,884
2040,Codeforces Round 992 (Div. 2),eepy,9647,1733675700,1255,1180
2040,Codeforces Round 992 (Div. 2),shrival,9647,1733675700,905,909
2040,Codeforces Round 992 (Div. 2),Sparrow123,9649,1733675700,1114,1067
2040,Codeforces Round 992 (Div. 2),eternal_go,9649,1733675700,729,899
2040,Codeforces Round 992 (Div. 2),mohityadaviitbombay,9651,1733675700,782,825
2040,Codeforces Round 992 (Div. 2),lijimin,9651,1733675700,1029,1040
2040,Codeforces Round 992 (Div. 2),tiiiiii,9653,1733675700,921,921
2040,Codeforces Round 992 (Div. 2),Danki,9654,1733675700,1047,1015
2040,Codeforces Round 992 (Div. 2),ABHI070707,9655,1733675700,761,864
2040,Codeforces Round 992 (Div. 2),nish941,9656,1733675700,817,848
2040,Codeforces Round 992 (Div. 2),devil_666,9657,1733675700,449,706
2040,Codeforces Round 992 (Div. 2),mukesh_chandu_00,9657,1733675700,404,669
2040,Codeforces Round 992 (Div. 2),wxhx233,9659,1733675700,0,403
2040,Codeforces Round 992 (Div. 2),KaslanAovo,9659,1733675700,913,1049
2040,Codeforces Round 992 (Div. 2),boss8055n,9661,1733675700,823,852
2040,Codeforces Round 992 (Div. 2),veerChaudhary,9661,1733675700,804,839
2040,Codeforces Round 992 (Div. 2),Khushi_Mudgil,9661,1733675700,948,941
2040,Codeforces Round 992 (Div. 2),amansingh010,9664,1733675700,1110,1064
2040,Codeforces Round 992 (Div. 2),Sherlock_221B_H,9664,1733675700,691,868
2040,Codeforces Round 992 (Div. 2),the_seal,9664,1733675700,1044,1013
2040,Codeforces Round 992 (Div. 2),Bakytz7zaN,9667,1733675700,1091,1049
2040,Codeforces Round 992 (Div. 2),4jat5hatru,9668,1733675700,863,940
2040,Codeforces Round 992 (Div. 2),albert_d,9669,1733675700,1016,992
2040,Codeforces Round 992 (Div. 2),fake_account_of_me,9670,1733675700,353,628
2040,Codeforces Round 992 (Div. 2),shivam2301,9670,1733675700,727,897
2040,Codeforces Round 992 (Div. 2),Euler.,9672,1733675700,1140,1087
2040,Codeforces Round 992 (Div. 2),m1mirr,9673,1733675700,1121,1072
2040,Codeforces Round 992 (Div. 2),angrygroot,9673,1733675700,1019,994
2040,Codeforces Round 992 (Div. 2),CP12433,9675,1733675700,1344,1252
2040,Codeforces Round 992 (Div. 2),Irony.h,9676,1733675700,944,1001
2040,Codeforces Round 992 (Div. 2),devendraa_18_,9677,1733675700,752,869
2040,Codeforces Round 992 (Div. 2),brightzaskibidi,9678,1733675700,807,841
2040,Codeforces Round 992 (Div. 2),Dragusanu_Iustin,9679,1733675700,727,897
2040,Codeforces Round 992 (Div. 2),Sarav_24,9680,1733675700,826,854
2040,Codeforces Round 992 (Div. 2),Anurag_Chauhan,9681,1733675700,1017,992
2040,Codeforces Round 992 (Div. 2),Aditya_Punetha28,9682,1733675700,362,635
2040,Codeforces Round 992 (Div. 2),Coding_Boob,9683,1733675700,825,925
2040,Codeforces Round 992 (Div. 2),tudorr_1,9683,1733675700,913,995
2040,Codeforces Round 992 (Div. 2),rishabhsharma2207,9683,1733675700,629,728
2040,Codeforces Round 992 (Div. 2),rcd,9686,1733675700,1020,1032
2040,Codeforces Round 992 (Div. 2),KenanEhmed,9687,1733675700,957,947
2040,Codeforces Round 992 (Div. 2),aadiagrawal87,9688,1733675700,835,933
2040,Codeforces Round 992 (Div. 2),kage_,9689,1733675700,914,915
2040,Codeforces Round 992 (Div. 2),PrasanthkReddy,9690,1733675700,0,403
2040,Codeforces Round 992 (Div. 2),Bobitza,9691,1733675700,1043,1012
2040,Codeforces Round 992 (Div. 2),rohitdas1491,9691,1733675700,891,899
2040,Codeforces Round 992 (Div. 2),Preesha_Agrawal,9693,1733675700,811,899
2040,Codeforces Round 992 (Div. 2),5f5u5c5k5,9694,1733675700,1031,1002
2040,Codeforces Round 992 (Div. 2),aarushisharma16,9695,1733675700,680,859
2040,Codeforces Round 992 (Div. 2),cheese_ge,9696,1733675700,943,936
2040,Codeforces Round 992 (Div. 2),mahfahim51,9697,1733675700,661,746
2040,Codeforces Round 992 (Div. 2),AnChii33,9698,1733675700,822,850
2040,Codeforces Round 992 (Div. 2),amitcsiitd,9699,1733675700,427,687
2040,Codeforces Round 992 (Div. 2),nvvy,9700,1733675700,1334,1243
2040,Codeforces Round 992 (Div. 2),ompatel1705,9700,1733675700,945,937
2040,Codeforces Round 992 (Div. 2),blackbinary,9702,1733675700,638,732
2040,Codeforces Round 992 (Div. 2),R0nit_K,9703,1733675700,1042,1011
2040,Codeforces Round 992 (Div. 2),ruo_zhi_er_tong,9704,1733675700,0,403
2040,Codeforces Round 992 (Div. 2),Akane_,9705,1733675700,1130,1079
2040,Codeforces Round 992 (Div. 2),freelight,9706,1733675700,1155,1099
2040,Codeforces Round 992 (Div. 2),vb_panda,9707,1733675700,0,402
2040,Codeforces Round 992 (Div. 2),Zephyranthes,9708,1733675700,1015,990
2040,Codeforces Round 992 (Div. 2),ko0g,9709,1733675700,1664,1513
2040,Codeforces Round 992 (Div. 2),E_Salohiddin,9709,1733675700,429,689
2040,Codeforces Round 992 (Div. 2),OCIN10,9711,1733675700,1342,1249
2040,Codeforces Round 992 (Div. 2),touristIOI,9711,1733675700,0,402
2040,Codeforces Round 992 (Div. 2),homecoming475,9711,1733675700,1444,1333
2040,Codeforces Round 992 (Div. 2),NotWeirdflexbutok,9711,1733675700,1241,1167
2040,Codeforces Round 992 (Div. 2),ghoshswarnava49,9711,1733675700,856,873
2040,Codeforces Round 992 (Div. 2),mudycrafter_rubbishcoder,9711,1733675700,0,402
2040,Codeforces Round 992 (Div. 2),k230590,9711,1733675700,1485,1366
2040,Codeforces Round 992 (Div. 2),kaus1ubh,9711,1733675700,1188,1125
2040,Codeforces Round 992 (Div. 2),xsowpwq,9711,1733675700,1216,1147
2040,Codeforces Round 992 (Div. 2),AlimkhanMeshok,9711,1733675700,1470,1354
2040,Codeforces Round 992 (Div. 2),Sharhaan,9711,1733675700,1473,1357
2040,Codeforces Round 992 (Div. 2),leonhardriema,9711,1733675700,567,768
2040,Codeforces Round 992 (Div. 2),hikari1234,9711,1733675700,1317,1301
2040,Codeforces Round 992 (Div. 2),xyxi,9711,1733675700,1145,1183
2040,Codeforces Round 992 (Div. 2),Adhoom_El3almy,9711,1733675700,1630,1485
2040,Codeforces Round 992 (Div. 2),Yerbol_qw,9726,1733675700,1160,1102
2040,Codeforces Round 992 (Div. 2),Gadallah__,9726,1733675700,1242,1168
2040,Codeforces Round 992 (Div. 2),alizaidi_1,9726,1733675700,1152,1189
2040,Codeforces Round 992 (Div. 2),chenganger04,9726,1733675700,824,850
2040,Codeforces Round 992 (Div. 2),SamRwt,9726,1733675700,782,941
2040,Codeforces Round 992 (Div. 2),SmartCoder,9726,1733675700,1638,1491
2040,Codeforces Round 992 (Div. 2),Salman9966,9726,1733675700,1109,1062
2040,Codeforces Round 992 (Div. 2),KGF320,9726,1733675700,805,908
2040,Codeforces Round 992 (Div. 2),VSS102906_HassanShahzad,9726,1733675700,0,402
2040,Codeforces Round 992 (Div. 2),SKnight4,9726,1733675700,1634,1488
2040,Codeforces Round 992 (Div. 2),erjewrwerewr,9726,1733675700,1257,1180
2040,Codeforces Round 992 (Div. 2),GeekPeak,9726,1733675700,1178,1116
2040,Codeforces Round 992 (Div. 2),Case2Hunter,9726,1733675700,1271,1191
2040,Codeforces Round 992 (Div. 2),jsonfoan,9726,1733675700,1604,1463
2040,Codeforces Round 992 (Div. 2),M.ZeeshanRashid,9726,1733675700,1261,1183
2040,Codeforces Round 992 (Div. 2),raidencode,9726,1733675700,1497,1376
2040,Codeforces Round 992 (Div. 2),Imanali1,9726,1733675700,1193,1128
2040,Codeforces Round 992 (Div. 2),__anuj,9726,1733675700,1666,1514
2040,Codeforces Round 992 (Div. 2),mnbvcxz123_long_dick,9726,1733675700,1427,1319
2040,Codeforces Round 992 (Div. 2),ANMIND,9726,1733675700,1166,1107
2040,Codeforces Round 992 (Div. 2),stressing,9726,1733675700,838,986
2040,Codeforces Round 992 (Div. 2),ds_13,9726,1733675700,1430,1321
2040,Codeforces Round 992 (Div. 2),hIeU_iS_nOt_tRaInInG,9726,1733675700,1478,1401
2040,Codeforces Round 992 (Div. 2),0903yyz,9726,1733675700,568,802
2040,Codeforces Round 992 (Div. 2),MemoMeto35,9726,1733675700,972,1042
2040,Codeforces Round 992 (Div. 2),codeforces.ai,9726,1733675700,980,962
2040,Codeforces Round 992 (Div. 2),Pei.,9726,1733675700,1546,1416
2040,Codeforces Round 992 (Div. 2),_sansan,9726,1733675700,1224,1153
2040,Codeforces Round 992 (Div. 2),_ALI__,9754,1733675700,970,954
2040,Codeforces Round 992 (Div. 2),D_NATH,9754,1733675700,997,1062
2040,Codeforces Round 992 (Div. 2),general_suslik,9754,1733675700,1096,1051
2040,Codeforces Round 992 (Div. 2),Coder_Arnav,9754,1733675700,1108,1060
2040,Codeforces Round 992 (Div. 2),KuNaLDaBbE,9754,1733675700,407,670
2040,Codeforces Round 992 (Div. 2),ktn_ka_wa_i,9754,1733675700,1385,1283
2040,Codeforces Round 992 (Div. 2),BEKSULTANOV,9754,1733675700,933,927
2040,Codeforces Round 992 (Div. 2),saikiran-bpr,9754,1733675700,1072,1032
2040,Codeforces Round 992 (Div. 2),Aeternum632,9754,1733675700,1345,1251
2040,Codeforces Round 992 (Div. 2),Kilany_InThe_WorstCase,9754,1733675700,1091,1047
2040,Codeforces Round 992 (Div. 2),kishore_palanisamy,9754,1733675700,1188,1124
2040,Codeforces Round 992 (Div. 2),without-talent,9754,1733675700,959,1031
2040,Codeforces Round 992 (Div. 2),Priyan3,9754,1733675700,987,967
2040,Codeforces Round 992 (Div. 2),_Ba_da_bum_,9754,1733675700,0,401
2040,Codeforces Round 992 (Div. 2),Dragon_JL,9754,1733675700,0,401
2040,Codeforces Round 992 (Div. 2),b4ch,9754,1733675700,698,872
2040,Codeforces Round 992 (Div. 2),code_ninja_7711,9754,1733675700,1494,1373
2040,Codeforces Round 992 (Div. 2),lordmavles,9754,1733675700,1468,1351
2040,Codeforces Round 992 (Div. 2),ashoooo,9754,1733675700,1160,1101
2040,Codeforces Round 992 (Div. 2),virusssssss_21,9754,1733675700,1454,1340
2040,Codeforces Round 992 (Div. 2),shenbairui,9754,1733675700,933,927
2040,Codeforces Round 992 (Div. 2),youssefmontaser,9754,1733675700,1369,1270
2040,Codeforces Round 992 (Div. 2),Hazem.Gamal,9754,1733675700,1174,1112
2040,Codeforces Round 992 (Div. 2),Dr.OnlineMastermind,9754,1733675700,1383,1282
2040,Codeforces Round 992 (Div. 2),limif,9754,1733675700,1414,1307
2040,Codeforces Round 992 (Div. 2),zubaer.mahmud31,9754,1733675700,1229,1157
2040,Codeforces Round 992 (Div. 2),WZJ829,9754,1733675700,738,904
2040,Codeforces Round 992 (Div. 2),nghia0912,9754,1733675700,1174,1112
2040,Codeforces Round 992 (Div. 2),aj1nkyaV,9754,1733675700,1559,1426
2040,Codeforces Round 992 (Div. 2),transfermarket,9754,1733675700,1300,1214
2040,Codeforces Round 992 (Div. 2),Adityaxv,9754,1733675700,1363,1265
2040,Codeforces Round 992 (Div. 2),sntnx,9754,1733675700,1273,1192
2040,Codeforces Round 992 (Div. 2),abhi7492,9754,1733675700,1460,1345
2040,Codeforces Round 992 (Div. 2),Aram_7,9754,1733675700,999,976
2040,Codeforces Round 992 (Div. 2),anshukit2011,9754,1733675700,1218,1148
2040,Codeforces Round 992 (Div. 2),pjain_1508,9754,1733675700,407,670
2040,Codeforces Round 992 (Div. 2),elppsonr,9754,1733675700,922,1001
2040,Codeforces Round 992 (Div. 2),NAMIN,9754,1733675700,1162,1103
2040,Codeforces Round 992 (Div. 2),Abd-El-Kareem,9792,1733675700,1053,1016
2040,Codeforces Round 992 (Div. 2),pars_2721,9792,1733675700,1102,1055
2040,Codeforces Round 992 (Div. 2),GoonerTim,9792,1733675700,0,401
2040,Codeforces Round 992 (Div. 2),007WSsr,9792,1733675700,1462,1346
2040,Codeforces Round 992 (Div. 2),Rnayush,9792,1733675700,1088,1113
2040,Codeforces Round 992 (Div. 2),gehadd,9792,1733675700,1074,1033
2040,Codeforces Round 992 (Div. 2),ayush_nishad,9792,1733675700,1515,1389
2040,Codeforces Round 992 (Div. 2),meet_26,9792,1733675700,358,629
2040,Codeforces Round 992 (Div. 2),chillapallinagatejaswini,9792,1733675700,601,793
2040,Codeforces Round 992 (Div. 2),sabbi_coder,9792,1733675700,1218,1147
2040,Codeforces Round 992 (Div. 2),mohitrajpoot,9792,1733675700,1173,1111
2040,Codeforces Round 992 (Div. 2),why_sjy,9792,1733675700,1390,1287
2040,Codeforces Round 992 (Div. 2),rafiwho,9792,1733675700,1221,1149
2040,Codeforces Round 992 (Div. 2),gaurangagarwal26,9792,1733675700,1115,1065
2040,Codeforces Round 992 (Div. 2),StressedHumanBeing,9792,1733675700,394,659
2040,Codeforces Round 992 (Div. 2),amgubrele,9792,1733675700,768,928
2040,Codeforces Round 992 (Div. 2),LostSpirit,9792,1733675700,1374,1274
2040,Codeforces Round 992 (Div. 2),anime_for_life,9792,1733675700,1483,1363
2040,Codeforces Round 992 (Div. 2),Aidin_Dadkhah,9792,1733675700,0,401
2040,Codeforces Round 992 (Div. 2),ashu_saini,9792,1733675700,1633,1486
2040,Codeforces Round 992 (Div. 2),Suplex,9792,1733675700,1556,1423
2040,Codeforces Round 992 (Div. 2),mbycxkyztt,9792,1733675700,1218,1147
2040,Codeforces Round 992 (Div. 2),milhxe,9792,1733675700,1398,1294
2040,Codeforces Round 992 (Div. 2),lovepipiforever,9792,1733675700,0,401
2040,Codeforces Round 992 (Div. 2),mahesh_thorat,9792,1733675700,1199,1132
2040,Codeforces Round 992 (Div. 2),mahbub14,9792,1733675700,1010,983
2040,Codeforces Round 992 (Div. 2),_Berlin_,9792,1733675700,913,911
2040,Codeforces Round 992 (Div. 2),TudorHolota,9792,1733675700,1067,1096
2040,Codeforces Round 992 (Div. 2),narendardadi17,9792,1733675700,772,813
2040,Codeforces Round 992 (Div. 2),LegionHH,9792,1733675700,1172,1110
2040,Codeforces Round 992 (Div. 2),danilovict21,9792,1733675700,1204,1135
2040,Codeforces Round 992 (Div. 2),0001.0,9792,1733675700,1209,1140
2040,Codeforces Round 992 (Div. 2),san2005,9792,1733675700,1184,1120
2040,Codeforces Round 992 (Div. 2),Lemon4ik5687,9792,1733675700,1079,1106
2040,Codeforces Round 992 (Div. 2),Ccupup,9792,1733675700,1061,1023
2040,Codeforces Round 992 (Div. 2),perspective_,9792,1733675700,1143,1087
2040,Codeforces Round 992 (Div. 2),chanyucheng,9792,1733675700,451,705
2040,Codeforces Round 992 (Div. 2),im_confused,9792,1733675700,1514,1389
2040,Codeforces Round 992 (Div. 2),IronEdge,9792,1733675700,520,762
2040,Codeforces Round 992 (Div. 2),20050808Ff,9792,1733675700,808,838
2040,Codeforces Round 992 (Div. 2),Arhaner26,9792,1733675700,1071,1030
2040,Codeforces Round 992 (Div. 2),vss2402001856,9792,1733675700,359,630
2040,Codeforces Round 992 (Div. 2),Mission_CM,9792,1733675700,1348,1253
2040,Codeforces Round 992 (Div. 2),Ayush_Baghel,9792,1733675700,1427,1317
2040,Codeforces Round 992 (Div. 2),me_rahulmaurya,9836,1733675700,1133,1078
2040,Codeforces Round 992 (Div. 2),Atharvak_2828,9836,1733675700,1023,992
2040,Codeforces Round 992 (Div. 2),use_kar,9836,1733675700,1240,1164
2040,Codeforces Round 992 (Div. 2),Giak77,9836,1733675700,512,754
2040,Codeforces Round 992 (Div. 2),rachitdaksh,9836,1733675700,1199,1130
2040,Codeforces Round 992 (Div. 2),kekuu,9836,1733675700,1120,1068
2040,Codeforces Round 992 (Div. 2),maalejahmed,9836,1733675700,441,696
2040,Codeforces Round 992 (Div. 2),honeybutterwaffle,9836,1733675700,1134,1078
2040,Codeforces Round 992 (Div. 2),PriyanshuJha24,9836,1733675700,821,971
2040,Codeforces Round 992 (Div. 2),Solo_Leveliing_,9836,1733675700,1091,1045
2040,Codeforces Round 992 (Div. 2),justinbieberrr,9836,1733675700,1438,1422
2040,Codeforces Round 992 (Div. 2),GaurangGupta,9836,1733675700,1329,1236
2040,Codeforces Round 992 (Div. 2),ayush_dak0523,9836,1733675700,355,626
2040,Codeforces Round 992 (Div. 2),rona1do,9836,1733675700,1286,1201
2040,Codeforces Round 992 (Div. 2),Sam2301,9836,1733675700,1139,1082
2040,Codeforces Round 992 (Div. 2),Cooper1214,9836,1733675700,1190,1123
2040,Codeforces Round 992 (Div. 2),tizzytyt,9836,1733675700,1308,1219
2040,Codeforces Round 992 (Div. 2),wokzy,9836,1733675700,514,756
2040,Codeforces Round 992 (Div. 2),mr_raj12,9836,1733675700,960,944
2040,Codeforces Round 992 (Div. 2),SADMAN,9836,1733675700,1102,1053
2040,Codeforces Round 992 (Div. 2),tgbnopro,9836,1733675700,0,400
2040,Codeforces Round 992 (Div. 2),xPOSSIBLEx,9836,1733675700,1365,1266
2040,Codeforces Round 992 (Div. 2),nandan00365,9836,1733675700,926,919
2040,Codeforces Round 992 (Div. 2),noobsolver24,9836,1733675700,1093,1046
2040,Codeforces Round 992 (Div. 2),wuyou515,9836,1733675700,828,924
2040,Codeforces Round 992 (Div. 2),gun_slinger1638,9836,1733675700,1135,1080
2040,Codeforces Round 992 (Div. 2),LuminousYT,9836,1733675700,1364,1265
2040,Codeforces Round 992 (Div. 2),jiteshdhawan171,9836,1733675700,1106,1057
2040,Codeforces Round 992 (Div. 2),gghdsdgh,9836,1733675700,0,400
2040,Codeforces Round 992 (Div. 2),himanshug9119,9836,1733675700,986,964
2040,Codeforces Round 992 (Div. 2),lokeshwar777,9836,1733675700,773,880
2040,Codeforces Round 992 (Div. 2),KYYYrie,9836,1733675700,1218,1146
2040,Codeforces Round 992 (Div. 2),naveen_8801,9836,1733675700,1038,1004
2040,Codeforces Round 992 (Div. 2),shaurya17,9836,1733675700,980,960
2040,Codeforces Round 992 (Div. 2),mashurov2028,9836,1733675700,668,846
2040,Codeforces Round 992 (Div. 2),ICY_Cool,9836,1733675700,1136,1080
2040,Codeforces Round 992 (Div. 2),M_Dutta,9836,1733675700,1375,1274
2040,Codeforces Round 992 (Div. 2),Kunal_Kashyap,9836,1733675700,1117,1065
2040,Codeforces Round 992 (Div. 2),aisky,9836,1733675700,900,900
2040,Codeforces Round 992 (Div. 2),ShaikAbdulSameer,9836,1733675700,1061,1021
2040,Codeforces Round 992 (Div. 2),codecommander6,9836,1733675700,1050,1013
2040,Codeforces Round 992 (Div. 2),Luffy-san,9836,1733675700,1401,1295
2040,Codeforces Round 992 (Div. 2),k03495545,9836,1733675700,1015,986
2040,Codeforces Round 992 (Div. 2),Yohannes_welel,9836,1733675700,1027,995
2040,Codeforces Round 992 (Div. 2),Saurabh0_0,9836,1733675700,0,400
2040,Codeforces Round 992 (Div. 2),IIN_SKY,9836,1733675700,1130,1076
2040,Codeforces Round 992 (Div. 2),R0biJoy,9836,1733675700,1014,1024
2040,Codeforces Round 992 (Div. 2),adel54321,9836,1733675700,1323,1231
2040,Codeforces Round 992 (Div. 2),_wizz_,9836,1733675700,999,1041
2040,Codeforces Round 992 (Div. 2),nguyenvanhhung8,9836,1733675700,1076,1033
2040,Codeforces Round 992 (Div. 2),priyanshu_13,9836,1733675700,376,643
2040,Codeforces Round 992 (Div. 2),era-jen,9836,1733675700,1351,1254
2040,Codeforces Round 992 (Div. 2),riteshfyi,9836,1733675700,1148,1090
2040,Codeforces Round 992 (Div. 2),Venties,9836,1733675700,1074,1032
2040,Codeforces Round 992 (Div. 2),mariampipiia,9836,1733675700,1011,983
2040,Codeforces Round 992 (Div. 2),MARTIIROSYAN,9836,1733675700,1047,1011
2040,Codeforces Round 992 (Div. 2),stoic.23,9836,1733675700,906,904
2040,Codeforces Round 992 (Div. 2),Nyctophilia,9836,1733675700,1194,1127
2040,Codeforces Round 992 (Div. 2),Pujan_Khunt,9836,1733675700,1037,1003
2040,Codeforces Round 992 (Div. 2),JulianTD,9836,1733675700,1078,1126
2040,Codeforces Round 992 (Div. 2),tshell,9896,1733675700,1147,1088
2040,Codeforces Round 992 (Div. 2),SH27,9896,1733675700,0,399
2040,Codeforces Round 992 (Div. 2),thtuan108,9896,1733675700,1062,1113
2040,Codeforces Round 992 (Div. 2),Dom_Dom,9896,1733675700,1163,1101
2040,Codeforces Round 992 (Div. 2),Hashim-Ali,9896,1733675700,1755,1586
2040,Codeforces Round 992 (Div. 2),sakshamgumber124,9896,1733675700,1138,1081
2040,Codeforces Round 992 (Div. 2),AdityaPoli,9896,1733675700,686,860
2040,Codeforces Round 992 (Div. 2),nOhElLOwOrLD,9896,1733675700,366,635
2040,Codeforces Round 992 (Div. 2),atharrizwan,9896,1733675700,1232,1157
2040,Codeforces Round 992 (Div. 2),Moiz_khan,9896,1733675700,981,959
2040,Codeforces Round 992 (Div. 2),Zeenov,9896,1733675700,1341,1245
2040,Codeforces Round 992 (Div. 2),anushkanocoding,9896,1733675700,899,898
2040,Codeforces Round 992 (Div. 2),do4z,9896,1733675700,1559,1424
2040,Codeforces Round 992 (Div. 2),Abu-N-018-2028,9896,1733675700,863,873
2040,Codeforces Round 992 (Div. 2),burningman2002,9896,1733675700,1186,1120
2040,Codeforces Round 992 (Div. 2),MONEEM...,9896,1733675700,1059,1019
2040,Codeforces Round 992 (Div. 2),naveen_yadav_362,9896,1733675700,815,839
2040,Codeforces Round 992 (Div. 2),Bangladeshi,9896,1733675700,1153,1093
2040,Codeforces Round 992 (Div. 2),Shahriar_88,9896,1733675700,1419,1309
2040,Codeforces Round 992 (Div. 2),no-name01,9896,1733675700,1302,1214
2040,Codeforces Round 992 (Div. 2),nilucf19,9896,1733675700,825,846
2040,Codeforces Round 992 (Div. 2),XuMoYuN_2109,9896,1733675700,1055,1085
2040,Codeforces Round 992 (Div. 2),Seif_samir,9896,1733675700,1071,1028
2040,Codeforces Round 992 (Div. 2),DCdon,9896,1733675700,1107,1057
2040,Codeforces Round 992 (Div. 2),Epsilon0p,9896,1733675700,810,835
2040,Codeforces Round 992 (Div. 2),codefierce,9896,1733675700,924,916
2040,Codeforces Round 992 (Div. 2),ok_computer,9896,1733675700,566,682
2040,Codeforces Round 992 (Div. 2),shuvo37,9896,1733675700,1124,1070
2040,Codeforces Round 992 (Div. 2),Aaruj,9896,1733675700,956,940
2040,Codeforces Round 992 (Div. 2),Adham_Jalaal,9896,1733675700,1494,1371
2040,Codeforces Round 992 (Div. 2),Amirben,9896,1733675700,1141,1084
2040,Codeforces Round 992 (Div. 2),agarwalrujal,9896,1733675700,1144,1086
2040,Codeforces Round 992 (Div. 2),hemuzhou,9896,1733675700,1302,1214
2040,Codeforces Round 992 (Div. 2),SivaKrishna96,9896,1733675700,1117,1064
2040,Codeforces Round 992 (Div. 2),Rasel.,9896,1733675700,1186,1120
2040,Codeforces Round 992 (Div. 2),op122_,9896,1733675700,1041,1005
2040,Codeforces Round 992 (Div. 2),colin_07,9896,1733675700,1520,1393
2040,Codeforces Round 992 (Div. 2),FrostBytee,9896,1733675700,1122,1068
2040,Codeforces Round 992 (Div. 2),Rahuldeb5,9896,1733675700,1127,1072
2040,Codeforces Round 992 (Div. 2),professor_aka_CM,9896,1733675700,1145,1087
2040,Codeforces Round 992 (Div. 2),callmeabhi,9896,1733675700,977,957
2040,Codeforces Round 992 (Div. 2),Fathulloev_M,9896,1733675700,907,904
2040,Codeforces Round 992 (Div. 2),PriashisG,9896,1733675700,1024,992
2040,Codeforces Round 992 (Div. 2),joker._001,9896,1733675700,1103,1053
2040,Codeforces Round 992 (Div. 2),penglll,9940,1733675700,848,938
2040,Codeforces Round 992 (Div. 2),Navoos,9940,1733675700,835,851
2040,Codeforces Round 992 (Div. 2),Javohir2011,9940,1733675700,815,912
2040,Codeforces Round 992 (Div. 2),Mahmoud_Hosny,9940,1733675700,943,929
2040,Codeforces Round 992 (Div. 2),endeavor_79,9940,1733675700,1173,1108
2040,Codeforces Round 992 (Div. 2),Ya7ia.,9940,1733675700,1130,1074
2040,Codeforces Round 992 (Div. 2),__Ben10__,9940,1733675700,1025,1082
2040,Codeforces Round 992 (Div. 2),Mostafiz25,9940,1733675700,1170,1106
2040,Codeforces Round 992 (Div. 2),Madhav_2023,9940,1733675700,1003,975
2040,Codeforces Round 992 (Div. 2),kekeront,9940,1733675700,1059,1018
2040,Codeforces Round 992 (Div. 2),anuragkumar06243,9940,1733675700,1441,1327
2040,Codeforces Round 992 (Div. 2),yet_Wicton,9940,1733675700,1156,1094
2040,Codeforces Round 992 (Div. 2),VSS100830_Faseehasaleemi,9940,1733675700,359,628
2040,Codeforces Round 992 (Div. 2),Make_Money_Fuck_Enemy_2,9940,1733675700,1036,1000
2040,Codeforces Round 992 (Div. 2),anuragthakur2102,9940,1733675700,1196,1127
2040,Codeforces Round 992 (Div. 2),Aritro_,9940,1733675700,933,922
2040,Codeforces Round 992 (Div. 2),zordxd170705,9940,1733675700,1226,1151
2040,Codeforces Round 992 (Div. 2),asdfgh0986,9940,1733675700,1254,1174
2040,Codeforces Round 992 (Div. 2),Rjain02,9940,1733675700,1156,1094
2040,Codeforces Round 992 (Div. 2),eyasir329,9940,1733675700,1032,997
2040,Codeforces Round 992 (Div. 2),kawsar14,9940,1733675700,1102,1052
2040,Codeforces Round 992 (Div. 2),chrisrex,9940,1733675700,1443,1328
2040,Codeforces Round 992 (Div. 2),Bekbolot_Ubaidullaev,9940,1733675700,1024,991
2040,Codeforces Round 992 (Div. 2),Rawand1899,9940,1733675700,0,399
2040,Codeforces Round 992 (Div. 2),singhprady8339,9940,1733675700,1109,1057
2040,Codeforces Round 992 (Div. 2),piyushshuklajii,9940,1733675700,0,399
2040,Codeforces Round 992 (Div. 2),FANTASY.,9940,1733675700,1067,1024
2040,Codeforces Round 992 (Div. 2),miniponder,9940,1733675700,621,806
2040,Codeforces Round 992 (Div. 2),harvercode,9940,1733675700,432,687
2040,Codeforces Round 992 (Div. 2),EL7okooma,9940,1733675700,882,885
2040,Codeforces Round 992 (Div. 2),dheeraj1,9940,1733675700,1085,1038
2040,Codeforces Round 992 (Div. 2),Dalta.code,9940,1733675700,0,399
2040,Codeforces Round 992 (Div. 2),Otherworldly,9940,1733675700,1416,1306
2040,Codeforces Round 992 (Div. 2),1nurtas,9940,1733675700,1233,1157
2040,Codeforces Round 992 (Div. 2),traj_07,9940,1733675700,706,765
2040,Codeforces Round 992 (Div. 2),headintheclouds104,9940,1733675700,876,880
2040,Codeforces Round 992 (Div. 2),Haya_ahm08,9940,1733675700,1071,1027
2040,Codeforces Round 992 (Div. 2),powpowpow,9940,1733675700,1136,1078
2040,Codeforces Round 992 (Div. 2),Deepshikha22_,9940,1733675700,1145,1086
2040,Codeforces Round 992 (Div. 2),zyphor,9940,1733675700,1145,1086
2040,Codeforces Round 992 (Div. 2),wasushabi,9940,1733675700,866,873
2040,Codeforces Round 992 (Div. 2),MorningStar_,9940,1733675700,1083,1037
2040,Codeforces Round 992 (Div. 2),rohit_dayalani,9940,1733675700,1091,1043
2040,Codeforces Round 992 (Div. 2),khanggm,9940,1733675700,977,955
2040,Codeforces Round 992 (Div. 2),__ic__,9940,1733675700,825,844
2040,Codeforces Round 992 (Div. 2),raunak_jaiswal,9940,1733675700,1462,1344
2040,Codeforces Round 992 (Div. 2),b_mehta,9940,1733675700,1293,1205
2040,Codeforces Round 992 (Div. 2),ice_peak,9940,1733675700,1053,1013
2040,Codeforces Round 992 (Div. 2),ykr_0808,9940,1733675700,1074,1069
2040,Codeforces Round 992 (Div. 2),sayantikaLaskar,9940,1733675700,919,911
2040,Codeforces Round 992 (Div. 2),ilove_sundarKanya,9940,1733675700,1197,1127
2040,Codeforces Round 992 (Div. 2),Ahnaf_Shahriar,9940,1733675700,982,959
2040,Codeforces Round 992 (Div. 2),rzougaBo,9940,1733675700,972,951
2040,Codeforces Round 992 (Div. 2),grace_adams,9940,1733675700,1153,1092
2040,Codeforces Round 992 (Div. 2),I_love_Pham_Le_BaoHan,9940,1733675700,779,935
2040,Codeforces Round 992 (Div. 2),HaRoUn,9940,1733675700,904,900
2040,Codeforces Round 992 (Div. 2),titan_gamini,9940,1733675700,1176,1110
2040,Codeforces Round 992 (Div. 2),_raZu_,9940,1733675700,1301,1212
2040,Codeforces Round 992 (Div. 2),Gabriela31.,9940,1733675700,415,673
2040,Codeforces Round 992 (Div. 2),aalsee,9999,1733675700,1149,1088
2040,Codeforces Round 992 (Div. 2),Paladin.,9999,1733675700,973,950
2040,Codeforces Round 992 (Div. 2),neptship,9999,1733675700,659,836
2040,Codeforces Round 992 (Div. 2),BlackFyre27,9999,1733675700,1308,1217
2040,Codeforces Round 992 (Div. 2),Dream_21,9999,1733675700,407,666
2040,Codeforces Round 992 (Div. 2),AU25_Maor,9999,1733675700,0,398
2040,Codeforces Round 992 (Div. 2),cj_28,9999,1733675700,986,960
2040,Codeforces Round 992 (Div. 2),Jack017,9999,1733675700,759,798
2040,Codeforces Round 992 (Div. 2),JBGZ,9999,1733675700,1134,1076
2040,Codeforces Round 992 (Div. 2),imaditya132,9999,1733675700,1016,983
2040,Codeforces Round 992 (Div. 2),sijan,9999,1733675700,1075,1029
2040,Codeforces Round 992 (Div. 2),maanassehgal,9999,1733675700,1101,1049
2040,Codeforces Round 992 (Div. 2),Mmarek,9999,1733675700,1788,1612
2040,Codeforces Round 992 (Div. 2),DaoHi,9999,1733675700,980,956
2040,Codeforces Round 992 (Div. 2),thanhmay,9999,1733675700,1100,1049
2040,Codeforces Round 992 (Div. 2),idrive0,9999,1733675700,1120,1065
2040,Codeforces Round 992 (Div. 2),Sasmita_mk,9999,1733675700,1086,1038
2040,Codeforces Round 992 (Div. 2),you_yash,9999,1733675700,1203,1131
2040,Codeforces Round 992 (Div. 2),dxzbb_,9999,1733675700,367,633
2040,Codeforces Round 992 (Div. 2),Faiz-ur-Rehman_,9999,1733675700,1201,1130
2040,Codeforces Round 992 (Div. 2),P47H4N,9999,1733675700,1154,1092
2040,Codeforces Round 992 (Div. 2),fen_2005,9999,1733675700,1000,971
2040,Codeforces Round 992 (Div. 2),__.Fischer.__,9999,1733675700,913,905
2040,Codeforces Round 992 (Div. 2),T3554R4CT,9999,1733675700,855,864
2040,Codeforces Round 992 (Div. 2),imitrix,9999,1733675700,1015,982
2040,Codeforces Round 992 (Div. 2),Drumil,9999,1733675700,881,882
2040,Codeforces Round 992 (Div. 2),doubledouble,9999,1733675700,969,947
2040,Codeforces Round 992 (Div. 2),Mark1337,9999,1733675700,602,790
2040,Codeforces Round 992 (Div. 2),jjinendra3,9999,1733675700,855,864
2040,Codeforces Round 992 (Div. 2),RakshitRane30,9999,1733675700,1112,1129
2040,Codeforces Round 992 (Div. 2),snap,9999,1733675700,1176,1109
2040,Codeforces Round 992 (Div. 2),Debraj_2438,9999,1733675700,1089,1040
2040,Codeforces Round 992 (Div. 2),Viky23,9999,1733675700,1022,987
2040,Codeforces Round 992 (Div. 2),snowflake05,9999,1733675700,1153,1091
2040,Codeforces Round 992 (Div. 2),LoneWalker,9999,1733675700,1147,1086
2040,Codeforces Round 992 (Div. 2),MathModel,9999,1733675700,1166,1101
2040,Codeforces Round 992 (Div. 2),Parth_Srivastava,9999,1733675700,962,942
2040,Codeforces Round 992 (Div. 2),saksham_2021486,9999,1733675700,1383,1278
2040,Codeforces Round 992 (Div. 2),codeinferno99,9999,1733675700,904,982
2040,Codeforces Round 992 (Div. 2),realkakarot,9999,1733675700,674,848
2040,Codeforces Round 992 (Div. 2),Mihai_2010,9999,1733675700,1004,974
2040,Codeforces Round 992 (Div. 2),Selvaragavan_C,9999,1733675700,1177,1110
2040,Codeforces Round 992 (Div. 2),Mikhailovna,9999,1733675700,1151,1089
2040,Codeforces Round 992 (Div. 2),Pramod67,9999,1733675700,992,965
2040,Codeforces Round 992 (Div. 2),acmtoohard,9999,1733675700,941,1012
2040,Codeforces Round 992 (Div. 2),ZiadMansour,9999,1733675700,943,927
2040,Codeforces Round 992 (Div. 2),AEabdelrahman,9999,1733675700,884,884
2040,Codeforces Round 992 (Div. 2),wmdmzxfhhh,9999,1733675700,1075,1029
2040,Codeforces Round 992 (Div. 2),Sailokesh321,9999,1733675700,1322,1228
2040,Codeforces Round 992 (Div. 2),nhnccp,9999,1733675700,0,398
2040,Codeforces Round 992 (Div. 2),apoorvayadav70516,9999,1733675700,612,798
2040,Codeforces Round 992 (Div. 2),bhramankaari,9999,1733675700,1204,1173
2040,Codeforces Round 992 (Div. 2),shadow_33,9999,1733675700,842,932
2040,Codeforces Round 992 (Div. 2),00.ghost,9999,1733675700,1298,1209
2040,Codeforces Round 992 (Div. 2),tanmayrai,9999,1733675700,1161,1098
2040,Codeforces Round 992 (Div. 2),iamtheharsh,9999,1733675700,1011,979
2040,Codeforces Round 992 (Div. 2),un_reated,9999,1733675700,1055,1013
2040,Codeforces Round 992 (Div. 2),razva23,9999,1733675700,979,993
2040,Codeforces Round 992 (Div. 2),AlanJimenez8,9999,1733675700,1032,995
2040,Codeforces Round 992 (Div. 2),sharmalavneesh3,9999,1733675700,1008,977
2040,Codeforces Round 992 (Div. 2),Virat_Garg,9999,1733675700,1027,1031
2040,Codeforces Round 992 (Div. 2),sourov.cse,9999,1733675700,1320,1227
2040,Codeforces Round 992 (Div. 2),semoga_ac,9999,1733675700,1049,1009
2040,Codeforces Round 992 (Div. 2),_blue_hat,9999,1733675700,970,948
2040,Codeforces Round 992 (Div. 2),reena1410_,9999,1733675700,958,939
2040,Codeforces Round 992 (Div. 2),Mountain_Planet,9999,1733675700,896,893
2040,Codeforces Round 992 (Div. 2),pinakiz,9999,1733675700,1324,1230
2040,Codeforces Round 992 (Div. 2),innerrealm1611,10066,1733675700,1202,1130
2040,Codeforces Round 992 (Div. 2),digdig,10066,1733675700,0,397
2040,Codeforces Round 992 (Div. 2),lokas,10066,1733675700,1033,995
2040,Codeforces Round 992 (Div. 2),vf.n3gh,10066,1733675700,1042,1002
2040,Codeforces Round 992 (Div. 2),SushiTrash,10066,1733675700,906,899
2040,Codeforces Round 992 (Div. 2),kinnarhalder,10066,1733675700,664,839
2040,Codeforces Round 992 (Div. 2),sumitkumar-17,10066,1733675700,815,834
2040,Codeforces Round 992 (Div. 2),qmwneb946,10066,1733675700,0,397
2040,Codeforces Round 992 (Div. 2),deltaepsilon,10066,1733675700,0,397
2040,Codeforces Round 992 (Div. 2),skr7998,10066,1733675700,1092,1041
2040,Codeforces Round 992 (Div. 2),adyadav9022,10066,1733675700,841,852
2040,Codeforces Round 992 (Div. 2),charoneo,10066,1733675700,0,397
2040,Codeforces Round 992 (Div. 2),K.L.P,10066,1733675700,771,803
2040,Codeforces Round 992 (Div. 2),s_u_nt,10066,1733675700,1072,1025
2040,Codeforces Round 992 (Div. 2),HVladislav,10066,1733675700,0,397
2040,Codeforces Round 992 (Div. 2),singh75,10066,1733675700,856,863
2040,Codeforces Round 992 (Div. 2),timerl,10066,1733675700,825,917
2040,Codeforces Round 992 (Div. 2),chicken_65_,10066,1733675700,405,663
2040,Codeforces Round 992 (Div. 2),Foolishfish,10066,1733675700,784,885
2040,Codeforces Round 992 (Div. 2),AhmedAlamer,10066,1733675700,1529,1398
2040,Codeforces Round 992 (Div. 2),ghost_7386,10066,1733675700,937,921
2040,Codeforces Round 992 (Div. 2),anirudh.popuri,10066,1733675700,1200,1128
2040,Codeforces Round 992 (Div. 2),KaMikAZEBANKAiiiii,10066,1733675700,746,906
2040,Codeforces Round 992 (Div. 2),adityaseth,10066,1733675700,1187,1117
2040,Codeforces Round 992 (Div. 2),vishwa31152000,10066,1733675700,657,833
2040,Codeforces Round 992 (Div. 2),Karthikvmalav,10066,1733675700,1245,1165
2040,Codeforces Round 992 (Div. 2),Aleksandrik,10066,1733675700,434,687
2040,Codeforces Round 992 (Div. 2),MD_Ziyad_Hussain,10066,1733675700,925,998
2040,Codeforces Round 992 (Div. 2),Osman_001,10066,1733675700,1101,1048
2040,Codeforces Round 992 (Div. 2),maruf_khan96,10066,1733675700,1124,1067
2040,Codeforces Round 992 (Div. 2),just_anormal_guy,10066,1733675700,850,937
2040,Codeforces Round 992 (Div. 2),NIK_251,10066,1733675700,353,621
2040,Codeforces Round 992 (Div. 2),N.14159,10066,1733675700,996,966
2040,Codeforces Round 992 (Div. 2),a_aditya_25,10066,1733675700,770,803
2040,Codeforces Round 992 (Div. 2),dusanov,10066,1733675700,1098,1046
2040,Codeforces Round 992 (Div. 2),Prince.Mishra,10066,1733675700,876,877
2040,Codeforces Round 992 (Div. 2),kashil_100,10066,1733675700,1086,1036
2040,Codeforces Round 992 (Div. 2),appear,10066,1733675700,1395,1288
2040,Codeforces Round 992 (Div. 2),S_Fer_Dous,10066,1733675700,0,397
2040,Codeforces Round 992 (Div. 2),piggythepiglord,10066,1733675700,0,397
2040,Codeforces Round 992 (Div. 2),ahmedradwan19,10066,1733675700,642,821
2040,Codeforces Round 992 (Div. 2),VioletVal,10066,1733675700,1133,1074
2040,Codeforces Round 992 (Div. 2),Zrini2005,10066,1733675700,1055,1051
2040,Codeforces Round 992 (Div. 2),elreytilin88,10066,1733675700,838,850
2040,Codeforces Round 992 (Div. 2),O-Abubakir-003-28,10066,1733675700,862,867
2040,Codeforces Round 992 (Div. 2),Jteh,10066,1733675700,1601,1457
2040,Codeforces Round 992 (Div. 2),shubhayu.sarkar02,10066,1733675700,941,963
2040,Codeforces Round 992 (Div. 2),commedian,10066,1733675700,942,925
2040,Codeforces Round 992 (Div. 2),acatrini.rares,10066,1733675700,940,924
2040,Codeforces Round 992 (Div. 2),MaroMaxor,10066,1733675700,1220,1144
2040,Codeforces Round 992 (Div. 2),stylebender007,10066,1733675700,1144,1083
2040,Codeforces Round 992 (Div. 2),Mr_Gajera112,10066,1733675700,985,958
2040,Codeforces Round 992 (Div. 2),daddymonil,10066,1733675700,895,891
2040,Codeforces Round 992 (Div. 2),riskTaker9991,10066,1733675700,396,656
2040,Codeforces Round 992 (Div. 2),kirmani_oussema,10066,1733675700,350,618
2040,Codeforces Round 992 (Div. 2),voyages,10066,1733675700,1193,1122
2040,Codeforces Round 992 (Div. 2),Masho_ali,10066,1733675700,804,826
2040,Codeforces Round 992 (Div. 2),Newbie_GoodBye,10066,1733675700,0,397
2040,Codeforces Round 992 (Div. 2),Yeshenyue,10066,1733675700,915,905
2040,Codeforces Round 992 (Div. 2),THE_GOAT_coder,10066,1733675700,1210,1136
2040,Codeforces Round 992 (Div. 2),asc_end,10066,1733675700,0,397
2040,Codeforces Round 992 (Div. 2),neveraboolean,10066,1733675700,1154,1091
2040,Codeforces Round 992 (Div. 2),Vaibhav_Aditya18,10066,1733675700,794,819
2040,Codeforces Round 992 (Div. 2),jagbarrameda,10066,1733675700,1167,1101
2040,Codeforces Round 992 (Div. 2),fadyjohn10,10066,1733675700,1071,1025
2040,Codeforces Round 992 (Div. 2),Vaibhav_navneet,10066,1733675700,1036,997
2040,Codeforces Round 992 (Div. 2),adityaguptacf19,10066,1733675700,1333,1236
2040,Codeforces Round 992 (Div. 2),_C0dEsMItH_,10066,1733675700,1097,1116
2040,Codeforces Round 992 (Div. 2),reezzrex,10066,1733675700,770,874
2040,Codeforces Round 992 (Div. 2),Kirill_the_programmer,10066,1733675700,1022,986
2040,Codeforces Round 992 (Div. 2),rohitkarmakar2203,10066,1733675700,1101,1048
2040,Codeforces Round 992 (Div. 2),GTNewHorizons,10137,1733675700,420,675
2040,Codeforces Round 992 (Div. 2),SugataLaha,10137,1733675700,1107,1051
2040,Codeforces Round 992 (Div. 2),gauravsingh_875,10137,1733675700,1014,979
2040,Codeforces Round 992 (Div. 2),pcoder376,10137,1733675700,849,856
2040,Codeforces Round 992 (Div. 2),mishka.3904,10137,1733675700,1199,1126
2040,Codeforces Round 992 (Div. 2),Celuga_with_love,10137,1733675700,835,846
2040,Codeforces Round 992 (Div. 2),freakycoder_133,10137,1733675700,973,986
2040,Codeforces Round 992 (Div. 2),El-Shamy,10137,1733675700,428,681
2040,Codeforces Round 992 (Div. 2),bluish,10137,1733675700,1236,1156
2040,Codeforces Round 992 (Div. 2),Shagoto,10137,1733675700,960,938
2040,Codeforces Round 992 (Div. 2),discontinuous,10137,1733675700,1149,1085
2040,Codeforces Round 992 (Div. 2),AKOvinno,10137,1733675700,821,836
2040,Codeforces Round 992 (Div. 2),mehedi-007,10137,1733675700,1087,1036
2040,Codeforces Round 992 (Div. 2),muhammasaid,10137,1733675700,898,891
2040,Codeforces Round 992 (Div. 2),Daniel_1997,10137,1733675700,872,872
2040,Codeforces Round 992 (Div. 2),.Ali,10137,1733675700,852,992
2040,Codeforces Round 992 (Div. 2),Alesia28,10137,1733675700,1018,1051
2040,Codeforces Round 992 (Div. 2),chetan3327,10137,1733675700,1186,1115
2040,Codeforces Round 992 (Div. 2),127.0.0.1_1337,10137,1733675700,948,928
2040,Codeforces Round 992 (Div. 2),jikong,10137,1733675700,1130,1070
2040,Codeforces Round 992 (Div. 2),THE_FOOL_T,10137,1733675700,921,908
2040,Codeforces Round 992 (Div. 2),Bolfa_D,10137,1733675700,1103,1049
2040,Codeforces Round 992 (Div. 2),Sahil_112215154,10137,1733675700,1390,1282
2040,Codeforces Round 992 (Div. 2),FromPluto,10137,1733675700,1009,975
2040,Codeforces Round 992 (Div. 2),mamalis_mom,10137,1733675700,0,396
2040,Codeforces Round 992 (Div. 2),dbywsc,10137,1733675700,1072,1024
2040,Codeforces Round 992 (Div. 2),hercul3s2002,10137,1733675700,409,666
2040,Codeforces Round 992 (Div. 2),prakhargupta-jan,10137,1733675700,1252,1169
2040,Codeforces Round 992 (Div. 2),Mustafa_Essam,10137,1733675700,949,929
2040,Codeforces Round 992 (Div. 2),Kernel22,10137,1733675700,1104,1049
2040,Codeforces Round 992 (Div. 2),hkrishna,10137,1733675700,1076,1027
2040,Codeforces Round 992 (Div. 2),adobese,10137,1733675700,802,823
2040,Codeforces Round 992 (Div. 2),orkag,10137,1733675700,1154,1130
2040,Codeforces Round 992 (Div. 2),hyperquantumstatic,10137,1733675700,0,396
2040,Codeforces Round 992 (Div. 2),Hello2Cubed,10137,1733675700,879,878
2040,Codeforces Round 992 (Div. 2),alokbarnwal54,10137,1733675700,979,952
2040,Codeforces Round 992 (Div. 2),24112006,10137,1733675700,981,953
2040,Codeforces Round 992 (Div. 2),gurjar_sahab,10137,1733675700,1025,987
2040,Codeforces Round 992 (Div. 2),djsksbrbf,10137,1733675700,1223,1145
2040,Codeforces Round 992 (Div. 2),helloimabid,10137,1733675700,927,999
2040,Codeforces Round 992 (Div. 2),nabihaparvez11,10137,1733675700,1020,983
2040,Codeforces Round 992 (Div. 2),Shubhamkr585,10137,1733675700,1055,1011
2040,Codeforces Round 992 (Div. 2),haytam_kenway,10137,1733675700,1188,1117
2040,Codeforces Round 992 (Div. 2),Intisar_Khan,10137,1733675700,794,853
2040,Codeforces Round 992 (Div. 2),Invin976,10137,1733675700,1173,1105
2040,Codeforces Round 992 (Div. 2),jacobinhk,10137,1733675700,469,715
2040,Codeforces Round 992 (Div. 2),Xue_Gaoy,10137,1733675700,1186,1115
2040,Codeforces Round 992 (Div. 2),SameerS212169,10137,1733675700,1153,1089
2040,Codeforces Round 992 (Div. 2),park,10137,1733675700,1294,1203
2040,Codeforces Round 992 (Div. 2),Rakobay,10137,1733675700,902,894
2040,Codeforces Round 992 (Div. 2),moha1111,10137,1733675700,1054,1010
2040,Codeforces Round 992 (Div. 2),Ekshith,10137,1733675700,878,877
2040,Codeforces Round 992 (Div. 2),kczy,10137,1733675700,920,907
2040,Codeforces Round 992 (Div. 2),prathamesh0901,10137,1733675700,788,813
2040,Codeforces Round 992 (Div. 2),g__k_f,10137,1733675700,912,966
2040,Codeforces Round 992 (Div. 2),tkumar2602,10137,1733675700,972,947
2040,Codeforces Round 992 (Div. 2),amanraj464667,10137,1733675700,853,859
2040,Codeforces Round 992 (Div. 2),crocydump,10137,1733675700,678,849
2040,Codeforces Round 992 (Div. 2),Pulkeshin,10137,1733675700,861,864
2040,Codeforces Round 992 (Div. 2),sushi_666,10137,1733675700,1017,981
2040,Codeforces Round 992 (Div. 2),albert_li,10137,1733675700,1211,1136
2040,Codeforces Round 992 (Div. 2),amigo_me,10137,1733675700,391,651
2040,Codeforces Round 992 (Div. 2),VVarn_2005,10137,1733675700,844,853
2040,Codeforces Round 992 (Div. 2),JCMMM,10137,1733675700,961,1005
2040,Codeforces Round 992 (Div. 2),Natalia0304,10137,1733675700,907,983
2040,Codeforces Round 992 (Div. 2),leo_viscabarca,10202,1733675700,939,1007
2040,Codeforces Round 992 (Div. 2),rohansarkar888,10202,1733675700,851,855
2040,Codeforces Round 992 (Div. 2),RSHAM,10202,1733675700,1046,1002
2040,Codeforces Round 992 (Div. 2),spxdiode,10202,1733675700,1168,1100
2040,Codeforces Round 992 (Div. 2),SachinPec,10202,1733675700,1171,1102
2040,Codeforces Round 992 (Div. 2),Falcon001,10202,1733675700,366,629
2040,Codeforces Round 992 (Div. 2),target3000,10202,1733675700,1160,1134
2040,Codeforces Round 992 (Div. 2),Lavanyaadapa,10202,1733675700,825,837
2040,Codeforces Round 992 (Div. 2),Mo-Seg,10202,1733675700,1240,1158
2040,Codeforces Round 992 (Div. 2),MRX_194,10202,1733675700,874,1010
2040,Codeforces Round 992 (Div. 2),Iqra,10202,1733675700,956,933
2040,Codeforces Round 992 (Div. 2),sachinbisht2961,10202,1733675700,1249,1165
2040,Codeforces Round 992 (Div. 2),tanishqrathore_07,10202,1733675700,831,841
2040,Codeforces Round 992 (Div. 2),harshit001,10202,1733675700,1079,1029
2040,Codeforces Round 992 (Div. 2),alpha__1,10202,1733675700,1104,1048
2040,Codeforces Round 992 (Div. 2),AsIfThatWouldEverHappen,10202,1733675700,1021,983
2040,Codeforces Round 992 (Div. 2),hoangprodn,10202,1733675700,416,670
2040,Codeforces Round 992 (Div. 2),HiDdeNravEn,10202,1733675700,0,395
2040,Codeforces Round 992 (Div. 2),IamtheSoloist,10202,1733675700,1023,984
2040,Codeforces Round 992 (Div. 2),unsigned_char,10202,1733675700,763,794
2040,Codeforces Round 992 (Div. 2),ruthwiz,10202,1733675700,942,922
2040,Codeforces Round 992 (Div. 2),xaemonn31,10202,1733675700,1124,1064
2040,Codeforces Round 992 (Div. 2),tvimal002,10202,1733675700,991,960
2040,Codeforces Round 992 (Div. 2),henryshs,10202,1733675700,0,395
2040,Codeforces Round 992 (Div. 2),yashpart2,10202,1733675700,1002,968
2040,Codeforces Round 992 (Div. 2),Confidack,10202,1733675700,1070,1021
2040,Codeforces Round 992 (Div. 2),K_ALASSY,10202,1733675700,591,777
2040,Codeforces Round 992 (Div. 2),sahenulislamchowdhury,10202,1733675700,1011,975
2040,Codeforces Round 992 (Div. 2),lifetimes0721,10202,1733675700,1047,1096
2040,Codeforces Round 992 (Div. 2),cMoon,10202,1733675700,1021,983
2040,Codeforces Round 992 (Div. 2),Wuwf,10202,1733675700,1348,1247
2040,Codeforces Round 992 (Div. 2),n21n08,10202,1733675700,1030,990
2040,Codeforces Round 992 (Div. 2),nithin95,10202,1733675700,725,836
2040,Codeforces Round 992 (Div. 2),Ravishankar.kk,10202,1733675700,864,865
2040,Codeforces Round 992 (Div. 2),VBAOceanMC,10202,1733675700,461,708
2040,Codeforces Round 992 (Div. 2),Pavani_2005,10202,1733675700,388,647
2040,Codeforces Round 992 (Div. 2),FIAZE_AHAMED,10202,1733675700,1137,1075
2040,Codeforces Round 992 (Div. 2),CodeWithSK,10202,1733675700,797,818
2040,Codeforces Round 992 (Div. 2),Ahbbxjaiq,10202,1733675700,951,967
2040,Codeforces Round 992 (Div. 2),DewanganDeeksha,10202,1733675700,1012,976
2040,Codeforces Round 992 (Div. 2),Peedobus01,10202,1733675700,787,811
2040,Codeforces Round 992 (Div. 2),ibluefox,10202,1733675700,1148,1083
2040,Codeforces Round 992 (Div. 2),Arnav17,10202,1733675700,1058,1012
2040,Codeforces Round 992 (Div. 2),Anlian,10202,1733675700,966,941
2040,Codeforces Round 992 (Div. 2),Ash13_gupta,10202,1733675700,867,867
2040,Codeforces Round 992 (Div. 2),minhtien118,10202,1733675700,1010,974
2040,Codeforces Round 992 (Div. 2),ANAS_IIUC,10202,1733675700,1041,998
2040,Codeforces Round 992 (Div. 2),irfaninfinity007,10202,1733675700,999,966
2040,Codeforces Round 992 (Div. 2),aamrindersingh,10202,1733675700,736,844
2040,Codeforces Round 992 (Div. 2),leakyReLu,10202,1733675700,0,395
2040,Codeforces Round 992 (Div. 2),nmn_,10202,1733675700,1065,1017
2040,Codeforces Round 992 (Div. 2),lifelessnoob,10202,1733675700,1136,1114
2040,Codeforces Round 992 (Div. 2),Jus_here_to_learn_dude,10202,1733675700,1183,1112
2040,Codeforces Round 992 (Div. 2),n4h1ss,10202,1733675700,963,938
2040,Codeforces Round 992 (Div. 2),Nahull,10202,1733675700,1141,1077
2040,Codeforces Round 992 (Div. 2),Niqueeee,10202,1733675700,0,395
2040,Codeforces Round 992 (Div. 2),synphony,10202,1733675700,1049,1005
2040,Codeforces Round 992 (Div. 2),sahudevjeet,10202,1733675700,1155,1089
2040,Codeforces Round 992 (Div. 2),dhoni_3052,10202,1733675700,937,1006
2040,Codeforces Round 992 (Div. 2),neiwone,10202,1733675700,1020,982
2040,Codeforces Round 992 (Div. 2),maranto6,10202,1733675700,832,921
2040,Codeforces Round 992 (Div. 2),Aman14Go,10202,1733675700,1093,1039
2040,Codeforces Round 992 (Div. 2),uffi29,10202,1733675700,904,894
2040,Codeforces Round 992 (Div. 2),pavankalyan767,10202,1733675700,951,929
2040,Codeforces Round 992 (Div. 2),shenliuu,10202,1733675700,1152,1087
2040,Codeforces Round 992 (Div. 2),Sivaramakrishnan,10202,1733675700,438,689
2040,Codeforces Round 992 (Div. 2),Anubis6102,10202,1733675700,879,876
2040,Codeforces Round 992 (Div. 2),qquultanqq,10202,1733675700,843,850
2040,Codeforces Round 992 (Div. 2),sl_brain,10270,1733675700,1115,1056
2040,Codeforces Round 992 (Div. 2),plumb,10270,1733675700,915,966
2040,Codeforces Round 992 (Div. 2),Pioneer_,10270,1733675700,1049,1003
2040,Codeforces Round 992 (Div. 2),pranjalad12,10270,1733675700,842,927
2040,Codeforces Round 992 (Div. 2),Anmolmittal1,10270,1733675700,972,943
2040,Codeforces Round 992 (Div. 2),cactus_369,10270,1733675700,982,951
2040,Codeforces Round 992 (Div. 2),Quaant,10270,1733675700,933,913
2040,Codeforces Round 992 (Div. 2),Fahim_Hossain,10270,1733675700,809,824
2040,Codeforces Round 992 (Div. 2),harshit_2004,10270,1733675700,1026,985
2040,Codeforces Round 992 (Div. 2),Nikhil.PaNdEy,10270,1733675700,918,902
2040,Codeforces Round 992 (Div. 2),happy_guest,10270,1733675700,0,394
2040,Codeforces Round 992 (Div. 2),sid_51,10270,1733675700,949,1014
2040,Codeforces Round 992 (Div. 2),Forslight,10270,1733675700,366,628
2040,Codeforces Round 992 (Div. 2),saurabhraj7480,10270,1733675700,1151,1085
2040,Codeforces Round 992 (Div. 2),Jatin_b32,10270,1733675700,1286,1195
2040,Codeforces Round 992 (Div. 2),Nitish66,10270,1733675700,944,922
2040,Codeforces Round 992 (Div. 2),SakSham_banSal-_-,10270,1733675700,1075,1024
2040,Codeforces Round 992 (Div. 2),rahul3112,10270,1733675700,870,867
2040,Codeforces Round 992 (Div. 2),AY_ALFRM,10270,1733675700,1099,1042
2040,Codeforces Round 992 (Div. 2),DARK_CL0UD,10270,1733675700,1102,1045
2040,Codeforces Round 992 (Div. 2),rishurajsinghsengar,10270,1733675700,1078,1026
2040,Codeforces Round 992 (Div. 2),atharv-1410,10270,1733675700,905,893
2040,Codeforces Round 992 (Div. 2),Ryexocious,10270,1733675700,1118,1058
2040,Codeforces Round 992 (Div. 2),LONEWOLF09,10270,1733675700,1042,998
2040,Codeforces Round 992 (Div. 2),arctano,10270,1733675700,1028,987
2040,Codeforces Round 992 (Div. 2),Mohaimen_Hridoy,10270,1733675700,822,833
2040,Codeforces Round 992 (Div. 2),bbalandin,10270,1733675700,720,882
2040,Codeforces Round 992 (Div. 2),Ayan_Sohail,10270,1733675700,1236,1154
2040,Codeforces Round 992 (Div. 2),Ashiq003,10270,1733675700,781,878
2040,Codeforces Round 992 (Div. 2),Yami32,10270,1733675700,1181,1109
2040,Codeforces Round 992 (Div. 2),torterra157,10270,1733675700,0,394
2040,Codeforces Round 992 (Div. 2),noob25,10270,1733675700,1121,1060
2040,Codeforces Round 992 (Div. 2),AryFox,10270,1733675700,1081,1028
2040,Codeforces Round 992 (Div. 2),Alaa,10270,1733675700,1119,1058
2040,Codeforces Round 992 (Div. 2),Bezarm,10270,1733675700,578,766
2040,Codeforces Round 992 (Div. 2),sa.tahaa,10270,1733675700,874,870
2040,Codeforces Round 992 (Div. 2),justradr,10270,1733675700,1093,1038
2040,Codeforces Round 992 (Div. 2),HADES_8,10270,1733675700,684,852
2040,Codeforces Round 992 (Div. 2),shamsXmobassir,10270,1733675700,1171,1101
2040,Codeforces Round 992 (Div. 2),BaBa__YaGa__,10270,1733675700,968,940
2040,Codeforces Round 992 (Div. 2),maria1095,10270,1733675700,939,918
2040,Codeforces Round 992 (Div. 2),Maxcillius,10270,1733675700,847,850
2040,Codeforces Round 992 (Div. 2),Aryan_BV,10270,1733675700,978,987
2040,Codeforces Round 992 (Div. 2),byxxx,10270,1733675700,1219,1140
2040,Codeforces Round 992 (Div. 2),kunal_4455,10270,1733675700,987,955
2040,Codeforces Round 992 (Div. 2),narayanp,10270,1733675700,1029,987
2040,Codeforces Round 992 (Div. 2),prateekbhaisora,10270,1733675700,988,956
2040,Codeforces Round 992 (Div. 2),neralkattesanket,10270,1733675700,1081,1068
2040,Codeforces Round 992 (Div. 2),Minaz,10270,1733675700,1353,1250
2040,Codeforces Round 992 (Div. 2),Kaushik,10270,1733675700,1131,1068
2040,Codeforces Round 992 (Div. 2),nishant.sharma.cd.ece22,10270,1733675700,1208,1131
2040,Codeforces Round 992 (Div. 2),coder11235,10270,1733675700,410,665
2040,Codeforces Round 992 (Div. 2),Hungezezez,10270,1733675700,888,918
2040,Codeforces Round 992 (Div. 2),brv1760hanu,10270,1733675700,0,394
2040,Codeforces Round 992 (Div. 2),kkrzrmk,10270,1733675700,426,678
2040,Codeforces Round 992 (Div. 2),abo_klab,10270,1733675700,761,863
2040,Codeforces Round 992 (Div. 2),ZainUlHaq,10270,1733675700,722,764
2040,Codeforces Round 992 (Div. 2),abelabraham77,10270,1733675700,1036,993
2040,Codeforces Round 992 (Div. 2),pragya_03,10270,1733675700,893,921
2040,Codeforces Round 992 (Div. 2),QuirkSolver,10270,1733675700,1069,1019
2040,Codeforces Round 992 (Div. 2),meghananoochila,10270,1733675700,1032,1029
2040,Codeforces Round 992 (Div. 2),sayem.shuvo999,10270,1733675700,774,800
2040,Codeforces Round 992 (Div. 2),NITUL_,10270,1733675700,1162,1093
2040,Codeforces Round 992 (Div. 2),NOTsoGENIUS_69,10270,1733675700,1217,1138
2040,Codeforces Round 992 (Div. 2),worst_ever,10270,1733675700,1131,1068
2040,Codeforces Round 992 (Div. 2),afsdssseee,10270,1733675700,929,910
2040,Codeforces Round 992 (Div. 2),chuzos_nyawis,10270,1733675700,1084,1031
2040,Codeforces Round 992 (Div. 2),prathamray0612,10270,1733675700,975,946
2040,Codeforces Round 992 (Div. 2),WEYST,10270,1733675700,714,759
2040,Codeforces Round 992 (Div. 2),Adarsh__Pal,10270,1733675700,1140,1076
2040,Codeforces Round 992 (Div. 2),egorshirik,10270,1733675700,1165,1096
2040,Codeforces Round 992 (Div. 2),ris_ha_bh_123,10270,1733675700,902,890
2040,Codeforces Round 992 (Div. 2),netus_q,10270,1733675700,830,900
2040,Codeforces Round 992 (Div. 2),Am_2010_math,10270,1733675700,738,844
2040,Codeforces Round 992 (Div. 2),Abdullah_Siddique,10344,1733675700,1036,992
2040,Codeforces Round 992 (Div. 2),KD22,10344,1733675700,0,394
2040,Codeforces Round 992 (Div. 2),ankit7719,10344,1733675700,0,394
2040,Codeforces Round 992 (Div. 2),_TROIC_YT,10344,1733675700,695,860
2040,Codeforces Round 992 (Div. 2),Ahrorbek_py,10344,1733675700,769,868
2040,Codeforces Round 992 (Div. 2),goelkartik778899,10344,1733675700,391,648
2040,Codeforces Round 992 (Div. 2),-Naoki,10344,1733675700,896,884
2040,Codeforces Round 992 (Div. 2),betageesu,10344,1733675700,1257,1170
2040,Codeforces Round 992 (Div. 2),octtastic,10344,1733675700,999,962
2040,Codeforces Round 992 (Div. 2),ahasan_mugdho,10344,1733675700,1040,994
2040,Codeforces Round 992 (Div. 2),Apurbo594,10344,1733675700,782,803
2040,Codeforces Round 992 (Div. 2),suyucum,10344,1733675700,1191,1116
2040,Codeforces Round 992 (Div. 2),san_vj_25,10344,1733675700,1015,1044
2040,Codeforces Round 992 (Div. 2),Syntx29,10344,1733675700,1005,967
2040,Codeforces Round 992 (Div. 2),_abhinav_MANIT,10344,1733675700,1077,1024
2040,Codeforces Round 992 (Div. 2),KYAL,10344,1733675700,1125,1062
2040,Codeforces Round 992 (Div. 2),suswanj,10344,1733675700,868,947
2040,Codeforces Round 992 (Div. 2),NHariharan,10344,1733675700,910,933
2040,Codeforces Round 992 (Div. 2),shado33,10344,1733675700,927,907
2040,Codeforces Round 992 (Div. 2),Midnigth.micho,10344,1733675700,958,931
2040,Codeforces Round 992 (Div. 2),ADiTYa1914,10344,1733675700,955,929
2040,Codeforces Round 992 (Div. 2),riteshojhaa,10344,1733675700,1211,1133
2040,Codeforces Round 992 (Div. 2),Tioz0,10344,1733675700,1057,1008
2040,Codeforces Round 992 (Div. 2),Denis06F,10344,1733675700,951,926
2040,Codeforces Round 992 (Div. 2),Qaiser-,10344,1733675700,0,394
2040,Codeforces Round 992 (Div. 2),evan0410,10344,1733675700,905,891
2040,Codeforces Round 992 (Div. 2),aritraduttauttarpara,10344,1733675700,1063,1013
2040,Codeforces Round 992 (Div. 2),dessaiaryan4419,10344,1733675700,1012,973
2040,Codeforces Round 992 (Div. 2),chaaben,10344,1733675700,1232,1149
2040,Codeforces Round 992 (Div. 2),SIR01,10344,1733675700,1217,1137
2040,Codeforces Round 992 (Div. 2),marian_lime,10344,1733675700,997,961
2040,Codeforces Round 992 (Div. 2),Gladiator_1,10344,1733675700,716,759
2040,Codeforces Round 992 (Div. 2),Not_MOAZ_KING,10344,1733675700,849,932
2040,Codeforces Round 992 (Div. 2),adarsh.0503,10344,1733675700,902,975
2040,Codeforces Round 992 (Div. 2),Luuuuuuuu,10344,1733675700,1051,1003
2040,Codeforces Round 992 (Div. 2),Sanjos,10344,1733675700,802,876
2040,Codeforces Round 992 (Div. 2),christian.barry,10344,1733675700,963,1025
2040,Codeforces Round 992 (Div. 2),sohamanwane111,10344,1733675700,1000,1055
2040,Codeforces Round 992 (Div. 2),noureen_hessain,10344,1733675700,0,394
2040,Codeforces Round 992 (Div. 2),rahim992005,10344,1733675700,1000,964
2040,Codeforces Round 992 (Div. 2),ayanahmed11,10344,1733675700,859,857
2040,Codeforces Round 992 (Div. 2),cyb3r_b0nd2004,10344,1733675700,984,951
2040,Codeforces Round 992 (Div. 2),pechenushk,10344,1733675700,416,669
2040,Codeforces Round 992 (Div. 2),Matheus2081,10344,1733675700,650,824
2040,Codeforces Round 992 (Div. 2),mansi1708,10344,1733675700,0,394
2040,Codeforces Round 992 (Div. 2),tushar_2528,10344,1733675700,932,912
2040,Codeforces Round 992 (Div. 2),MkP,10344,1733675700,1201,1124
2040,Codeforces Round 992 (Div. 2),gupta_harshal,10344,1733675700,968,939
2040,Codeforces Round 992 (Div. 2),vignesh24,10344,1733675700,833,900
2040,Codeforces Round 992 (Div. 2),TheLxcifer,10344,1733675700,1283,1191
2040,Codeforces Round 992 (Div. 2),Imran_86,10344,1733675700,935,914
2040,Codeforces Round 992 (Div. 2),truongson31032007,10344,1733675700,1310,1214
2040,Codeforces Round 992 (Div. 2),sanju_06,10344,1733675700,1167,1096
2040,Codeforces Round 992 (Div. 2),mydhily8134,10344,1733675700,723,818
2040,Codeforces Round 992 (Div. 2),Sajji,10344,1733675700,849,912
2040,Codeforces Round 992 (Div. 2),VitCore,10344,1733675700,1207,1129
2040,Codeforces Round 992 (Div. 2),YashKalia2526,10344,1733675700,949,924
2040,Codeforces Round 992 (Div. 2),mobakry616,10344,1733675700,1171,1100
2040,Codeforces Round 992 (Div. 2),terminal_fsx,10344,1733675700,453,699
2040,Codeforces Round 992 (Div. 2),anushkarajput,10344,1733675700,917,900
2040,Codeforces Round 992 (Div. 2),coder__jain,10344,1733675700,967,1006
2040,Codeforces Round 992 (Div. 2),The_Last_Run,10344,1733675700,1189,1114
2040,Codeforces Round 992 (Div. 2),Madhuri77,10344,1733675700,627,702
2040,Codeforces Round 992 (Div. 2),jitendrapranto,10344,1733675700,1160,1091
2040,Codeforces Round 992 (Div. 2),SHRYDER1,10344,1733675700,1064,1014
2040,Codeforces Round 992 (Div. 2),zeeshan8134,10409,1733675700,1124,1060
2040,Codeforces Round 992 (Div. 2),dee_freak,10409,1733675700,1135,1069
2040,Codeforces Round 992 (Div. 2),____AL-AMIN____,10409,1733675700,1021,978
2040,Codeforces Round 992 (Div. 2),ACE_DX3906,10409,1733675700,927,973
2040,Codeforces Round 992 (Div. 2),ayushmaan_2004,10409,1733675700,1080,1025
2040,Codeforces Round 992 (Div. 2),eden67535,10409,1733675700,1004,965
2040,Codeforces Round 992 (Div. 2),Preetishukla,10409,1733675700,833,837
2040,Codeforces Round 992 (Div. 2),Crystal_Tanishq,10409,1733675700,909,892
2040,Codeforces Round 992 (Div. 2),badma025,10409,1733675700,1064,1013
2040,Codeforces Round 992 (Div. 2),sachi_12,10409,1733675700,1045,997
2040,Codeforces Round 992 (Div. 2),pulkitv23,10409,1733675700,868,862
2040,Codeforces Round 992 (Div. 2),Janaki_vallabh,10409,1733675700,963,933
2040,Codeforces Round 992 (Div. 2),amr-barakat,10409,1733675700,905,890
2040,Codeforces Round 992 (Div. 2),decalcomania24,10409,1733675700,957,929
2040,Codeforces Round 992 (Div. 2),Utin,10409,1733675700,921,901
2040,Codeforces Round 992 (Div. 2),suraj321,10409,1733675700,1056,1006
2040,Codeforces Round 992 (Div. 2),rahulsm820,10409,1733675700,893,880
2040,Codeforces Round 992 (Div. 2),SyneRgy21,10409,1733675700,353,616
2040,Codeforces Round 992 (Div. 2),easontiger,10409,1733675700,0,393
2040,Codeforces Round 992 (Div. 2),taha89,10409,1733675700,759,785
2040,Codeforces Round 992 (Div. 2),KGB,10409,1733675700,1140,1074
2040,Codeforces Round 992 (Div. 2),MustafizEmon,10409,1733675700,947,922
2040,Codeforces Round 992 (Div. 2),Meth_Head_04,10409,1733675700,1065,1013
2040,Codeforces Round 992 (Div. 2),subry,10409,1733675700,1180,1106
2040,Codeforces Round 992 (Div. 2),AUCCI,10409,1733675700,755,783
2040,Codeforces Round 992 (Div. 2),Keyur11,10409,1733675700,801,814
2040,Codeforces Round 992 (Div. 2),YouKnowLog1e7,10409,1733675700,852,850
2040,Codeforces Round 992 (Div. 2),ljc666666666,10409,1733675700,0,393
2040,Codeforces Round 992 (Div. 2),revant.sinha,10409,1733675700,851,850
2040,Codeforces Round 992 (Div. 2),dhaw4l,10409,1733675700,1023,980
2040,Codeforces Round 992 (Div. 2),khnguyen21th06,10409,1733675700,826,893
2040,Codeforces Round 992 (Div. 2),ElBarbados,10409,1733675700,1258,1170
2040,Codeforces Round 992 (Div. 2),_Okkk,10409,1733675700,1018,976
2040,Codeforces Round 992 (Div. 2),pycharm15,10409,1733675700,968,937
2040,Codeforces Round 992 (Div. 2),DasVidanIya,10409,1733675700,1175,1101
2040,Codeforces Round 992 (Div. 2),alif_uL_haQue,10409,1733675700,1028,984
2040,Codeforces Round 992 (Div. 2),Prem-101,10409,1733675700,640,708
2040,Codeforces Round 992 (Div. 2),_S0jib_,10409,1733675700,1067,1015
2040,Codeforces Round 992 (Div. 2),kere199,10409,1733675700,1238,1153
2040,Codeforces Round 992 (Div. 2),mdanas8200,10409,1733675700,860,893
2040,Codeforces Round 992 (Div. 2),johyy,10409,1733675700,931,909
2040,Codeforces Round 992 (Div. 2),maneesh5164,10409,1733675700,915,897
2040,Codeforces Round 992 (Div. 2),bluebag12345678,10409,1733675700,979,946
2040,Codeforces Round 992 (Div. 2),christopher_nolan,10409,1733675700,699,862
2040,Codeforces Round 992 (Div. 2),AayushKumar_,10409,1733675700,1013,972
2040,Codeforces Round 992 (Div. 2),m.olimovvv,10409,1733675700,981,947
2040,Codeforces Round 992 (Div. 2),soumodeepchatterjee445,10409,1733675700,1104,1044
2040,Codeforces Round 992 (Div. 2),pavej,10409,1733675700,362,623
2040,Codeforces Round 992 (Div. 2),tahermakda72,10409,1733675700,1272,1181
2040,Codeforces Round 992 (Div. 2),ShobhitG,10409,1733675700,405,659
2040,Codeforces Round 992 (Div. 2),The-Dreamer,10409,1733675700,944,957
2040,Codeforces Round 992 (Div. 2),marcus777,10409,1733675700,1114,1052
2040,Codeforces Round 992 (Div. 2),Shantanu_143ds,10409,1733675700,943,919
2040,Codeforces Round 992 (Div. 2),Uday_1801,10409,1733675700,1054,1004
2040,Codeforces Round 992 (Div. 2),CuttyCat,10409,1733675700,1088,1031
2040,Codeforces Round 992 (Div. 2),bekpalin95,10409,1733675700,635,810
2040,Codeforces Round 992 (Div. 2),jagannadh_1010,10409,1733675700,886,940
2040,Codeforces Round 992 (Div. 2),Wammmuuu,10409,1733675700,808,819
2040,Codeforces Round 992 (Div. 2),cfcuser,10409,1733675700,439,687
2040,Codeforces Round 992 (Div. 2),soniamrowiec,10409,1733675700,633,809
2040,Codeforces Round 992 (Div. 2),panchalparth471,10409,1733675700,965,935
2040,Codeforces Round 992 (Div. 2),Dopamine._.,10409,1733675700,1102,1043
2040,Codeforces Round 992 (Div. 2),Ali_Imran_1633,10409,1733675700,931,909
2040,Codeforces Round 992 (Div. 2),7oDA_ERROR,10409,1733675700,1172,1099
2040,Codeforces Round 992 (Div. 2),LoserX,10409,1733675700,1247,1160
2040,Codeforces Round 992 (Div. 2),vanhuy111,10409,1733675700,946,988
2040,Codeforces Round 992 (Div. 2),HaniOU,10409,1733675700,673,841
2040,Codeforces Round 992 (Div. 2),Listar,10409,1733675700,469,711
2040,Codeforces Round 992 (Div. 2),prayag2,10477,1733675700,1028,983
2040,Codeforces Round 992 (Div. 2),coderseaorcus,10477,1733675700,1008,967
2040,Codeforces Round 992 (Div. 2),ntb896,10477,1733675700,981,946
2040,Codeforces Round 992 (Div. 2),meayush1307,10477,1733675700,807,816
2040,Codeforces Round 992 (Div. 2),0xscifi,10477,1733675700,833,917
2040,Codeforces Round 992 (Div. 2),Paul_Subh01,10477,1733675700,781,874
2040,Codeforces Round 992 (Div. 2),Ram4365,10477,1733675700,0,392
2040,Codeforces Round 992 (Div. 2),sanyamjain335,10477,1733675700,926,971
2040,Codeforces Round 992 (Div. 2),the_hokage,10477,1733675700,912,893
2040,Codeforces Round 992 (Div. 2),Uma7moud,10477,1733675700,1013,971
2040,Codeforces Round 992 (Div. 2),Madu,10477,1733675700,946,919
2040,Codeforces Round 992 (Div. 2),believer_71,10477,1733675700,891,877
2040,Codeforces Round 992 (Div. 2),jagruthireddyn,10477,1733675700,1002,962
2040,Codeforces Round 992 (Div. 2),RohiT_6,10477,1733675700,1028,983
2040,Codeforces Round 992 (Div. 2),07_blue,10477,1733675700,885,959
2040,Codeforces Round 992 (Div. 2),Akbarr1,10477,1733675700,943,917
2040,Codeforces Round 992 (Div. 2),galibhaskar,10477,1733675700,668,836
2040,Codeforces Round 992 (Div. 2),rajumulik51,10477,1733675700,664,833
2040,Codeforces Round 992 (Div. 2),AhmadNedalll,10477,1733675700,952,1014
2040,Codeforces Round 992 (Div. 2),rogerhuauya,10477,1733675700,1252,1164
2040,Codeforces Round 992 (Div. 2),vagish.rao,10477,1733675700,1183,1148
2040,Codeforces Round 992 (Div. 2),dattap,10477,1733675700,847,846
2040,Codeforces Round 992 (Div. 2),Skipper_M,10477,1733675700,1118,1054
2040,Codeforces Round 992 (Div. 2),codeman0501,10477,1733675700,883,872
2040,Codeforces Round 992 (Div. 2),anandjha38506,10477,1733675700,706,748
2040,Codeforces Round 992 (Div. 2),018-Daniyar-D-2028,10477,1733675700,730,764
2040,Codeforces Round 992 (Div. 2),Lubna-Sadia,10477,1733675700,958,928
2040,Codeforces Round 992 (Div. 2),just_existing123,10477,1733675700,936,912
2040,Codeforces Round 992 (Div. 2),Mohit-Chowdhary,10477,1733675700,998,959
2040,Codeforces Round 992 (Div. 2),MANAS_INAMDAR,10477,1733675700,1034,987
2040,Codeforces Round 992 (Div. 2),Cantilever12,10477,1733675700,1052,1073
2040,Codeforces Round 992 (Div. 2),zxnb01,10477,1733675700,743,898
2040,Codeforces Round 992 (Div. 2),imransihab0,10477,1733675700,894,880
2040,Codeforces Round 992 (Div. 2),rocky180304,10477,1733675700,1385,1274
2040,Codeforces Round 992 (Div. 2),zhangfangming,10477,1733675700,388,644
2040,Codeforces Round 992 (Div. 2),Sakshamkr_07,10477,1733675700,1291,1196
2040,Codeforces Round 992 (Div. 2),mdtrungtq2023,10477,1733675700,832,916
2040,Codeforces Round 992 (Div. 2),sujansg23,10477,1733675700,1020,976
2040,Codeforces Round 992 (Div. 2),zhangqh,10477,1733675700,0,392
2040,Codeforces Round 992 (Div. 2),shivansh1702,10477,1733675700,831,833
2040,Codeforces Round 992 (Div. 2),vamshi346,10477,1733675700,468,710
2040,Codeforces Round 992 (Div. 2),Broken_Bandit47,10477,1733675700,667,835
2040,Codeforces Round 992 (Div. 2),pwwddx,10477,1733675700,1019,976
2040,Codeforces Round 992 (Div. 2),WJWONG923,10477,1733675700,1006,1035
2040,Codeforces Round 992 (Div. 2),hemant.1,10477,1733675700,674,728
2040,Codeforces Round 992 (Div. 2),e.a.3,10477,1733675700,895,880
2040,Codeforces Round 992 (Div. 2),ArCaDeDeViL,10477,1733675700,0,392
2040,Codeforces Round 992 (Div. 2),naduto,10477,1733675700,1060,1008
2040,Codeforces Round 992 (Div. 2),alok64,10477,1733675700,941,915
2040,Codeforces Round 992 (Div. 2),Thondon,10477,1733675700,335,600
2040,Codeforces Round 992 (Div. 2),piyushsingal,10477,1733675700,971,938
2040,Codeforces Round 992 (Div. 2),alizarin_,10477,1733675700,1212,1131
2040,Codeforces Round 992 (Div. 2),plankk,10477,1733675700,1021,977
2040,Codeforces Round 992 (Div. 2),_disha_singla,10477,1733675700,1063,1050
2040,Codeforces Round 992 (Div. 2),gowtham1357,10477,1733675700,1087,1030
2040,Codeforces Round 992 (Div. 2),Phantom_03,10477,1733675700,973,940
2040,Codeforces Round 992 (Div. 2),GavrilovaLena1,10477,1733675700,0,392
2040,Codeforces Round 992 (Div. 2),Anirudha982354,10477,1733675700,1037,990
2040,Codeforces Round 992 (Div. 2),nguyentien1,10535,1733675700,370,628
2040,Codeforces Round 992 (Div. 2),tanvir_murad,10535,1733675700,1007,965
2040,Codeforces Round 992 (Div. 2),kks06,10535,1733675700,1156,1084
2040,Codeforces Round 992 (Div. 2),code_80,10535,1733675700,529,637
2040,Codeforces Round 992 (Div. 2),Rajdeep_P1,10535,1733675700,1098,1037
2040,Codeforces Round 992 (Div. 2),anonymous3,10535,1733675700,1134,1066
2040,Codeforces Round 992 (Div. 2),Xploit117,10535,1733675700,1037,989
2040,Codeforces Round 992 (Div. 2),who_shivamanand,10535,1733675700,941,914
2040,Codeforces Round 992 (Div. 2),ifte_102,10535,1733675700,909,889
2040,Codeforces Round 992 (Div. 2),Dhirendrathegreat,10535,1733675700,1140,1071
2040,Codeforces Round 992 (Div. 2),sakyasekhar,10535,1733675700,923,900
2040,Codeforces Round 992 (Div. 2),_MH_,10535,1733675700,936,910
2040,Codeforces Round 992 (Div. 2),k_ni_ght,10535,1733675700,982,945
2040,Codeforces Round 992 (Div. 2),MESHOK_2,10535,1733675700,1040,991
2040,Codeforces Round 992 (Div. 2),balajee_kumar,10535,1733675700,704,745
2040,Codeforces Round 992 (Div. 2),raghavsingh23,10535,1733675700,1093,1033
2040,Codeforces Round 992 (Div. 2),5harshitshrivastava,10535,1733675700,955,925
2040,Codeforces Round 992 (Div. 2),nav_36,10535,1733675700,672,838
2040,Codeforces Round 992 (Div. 2),shivanshc21,10535,1733675700,1013,970
2040,Codeforces Round 992 (Div. 2),Sanskar_294,10535,1733675700,1541,1403
2040,Codeforces Round 992 (Div. 2),OneProg,10535,1733675700,631,805
2040,Codeforces Round 992 (Div. 2),loser10086,10535,1733675700,1165,1092
2040,Codeforces Round 992 (Div. 2),_Skars_,10535,1733675700,1116,1052
2040,Codeforces Round 992 (Div. 2),12ve34dh,10535,1733675700,0,391
2040,Codeforces Round 992 (Div. 2),Sora_2013_adb,10535,1733675700,1096,1036
2040,Codeforces Round 992 (Div. 2),omiinakhon,10535,1733675700,0,391
2040,Codeforces Round 992 (Div. 2),ABOELMAGDD,10535,1733675700,943,915
2040,Codeforces Round 992 (Div. 2),ANSHp-G,10535,1733675700,865,921
2040,Codeforces Round 992 (Div. 2),samsonite,10535,1733675700,992,953
2040,Codeforces Round 992 (Div. 2),CoderrrX,10535,1733675700,1013,970
2040,Codeforces Round 992 (Div. 2),nickolasarapidis,10535,1733675700,942,915
2040,Codeforces Round 992 (Div. 2),simret,10535,1733675700,629,697
2040,Codeforces Round 992 (Div. 2),ronak2005,10535,1733675700,942,953
2040,Codeforces Round 992 (Div. 2),arifcse2,10535,1733675700,747,773
2040,Codeforces Round 992 (Div. 2),dishap22,10535,1733675700,1017,1043
2040,Codeforces Round 992 (Div. 2),Shivraj44,10535,1733675700,791,804
2040,Codeforces Round 992 (Div. 2),priyanshuraj35,10535,1733675700,1160,1088
2040,Codeforces Round 992 (Div. 2),pankaj071,10535,1733675700,906,887
2040,Codeforces Round 992 (Div. 2),utkarshh2611,10535,1733675700,659,828
2040,Codeforces Round 992 (Div. 2),Ahmedsalah07,10535,1733675700,954,963
2040,Codeforces Round 992 (Div. 2),kashinbrij,10535,1733675700,970,936
2040,Codeforces Round 992 (Div. 2),vibranium_26,10535,1733675700,0,391
2040,Codeforces Round 992 (Div. 2),luckysx,10535,1733675700,0,391
2040,Codeforces Round 992 (Div. 2),CodeCrusherG,10535,1733675700,376,633
2040,Codeforces Round 992 (Div. 2),abhideepd,10535,1733675700,384,640
2040,Codeforces Round 992 (Div. 2),Yug_Bargaway,10535,1733675700,992,953
2040,Codeforces Round 992 (Div. 2),vishalgangani321,10535,1733675700,410,661
2040,Codeforces Round 992 (Div. 2),ryan__,10535,1733675700,652,822
2040,Codeforces Round 992 (Div. 2),ayush.goel,10535,1733675700,411,662
2040,Codeforces Round 992 (Div. 2),imakashgusain,10535,1733675700,695,857
2040,Codeforces Round 992 (Div. 2),pramananda2402,10535,1733675700,941,914
2040,Codeforces Round 992 (Div. 2),Harshit84,10535,1733675700,641,813
2040,Codeforces Round 992 (Div. 2),KRISHAN_2301CS25,10535,1733675700,927,903
2040,Codeforces Round 992 (Div. 2),RUTHVIK0811,10535,1733675700,911,929
2040,Codeforces Round 992 (Div. 2),Contest_guy,10535,1733675700,876,951
2040,Codeforces Round 992 (Div. 2),prabhat.kr.sahu1,10535,1733675700,926,903
2040,Codeforces Round 992 (Div. 2),Abdallah_Yousry,10535,1733675700,994,955
2040,Codeforces Round 992 (Div. 2),Sriram0810,10535,1733675700,404,656
2040,Codeforces Round 992 (Div. 2),raj_gigt,10535,1733675700,1091,1032
2040,Codeforces Round 992 (Div. 2),vedthacker,10535,1733675700,360,620
2040,Codeforces Round 992 (Div. 2),charuu13,10595,1733675700,1090,1030
2040,Codeforces Round 992 (Div. 2),TheSGH,10595,1733675700,371,628
2040,Codeforces Round 992 (Div. 2),anand_2703,10595,1733675700,789,801
2040,Codeforces Round 992 (Div. 2),akshat.s20,10595,1733675700,1203,1122
2040,Codeforces Round 992 (Div. 2),what,10595,1733675700,976,939
2040,Codeforces Round 992 (Div. 2),7Bentleys,10595,1733675700,988,949
2040,Codeforces Round 992 (Div. 2),Ranadeep27,10595,1733675700,815,900
2040,Codeforces Round 992 (Div. 2),ominakhon,10595,1733675700,825,826
2040,Codeforces Round 992 (Div. 2),deepak422,10595,1733675700,975,939
2040,Codeforces Round 992 (Div. 2),JackOfMostTrades,10595,1733675700,937,909
2040,Codeforces Round 992 (Div. 2),arman_01,10595,1733675700,957,924
2040,Codeforces Round 992 (Div. 2),Stepikus,10595,1733675700,1197,1158
2040,Codeforces Round 992 (Div. 2),aryan2003,10595,1733675700,835,870
2040,Codeforces Round 992 (Div. 2),THAT_1_PER_CENT_OF_MINE,10595,1733675700,1283,1188
2040,Codeforces Round 992 (Div. 2),CF_Mohsin,10595,1733675700,1059,1005
2040,Codeforces Round 992 (Div. 2),Wizard_Programmer,10595,1733675700,831,867
2040,Codeforces Round 992 (Div. 2),oinkawa,10595,1733675700,701,741
2040,Codeforces Round 992 (Div. 2),yosora,10595,1733675700,878,951
2040,Codeforces Round 992 (Div. 2),spin_integral,10595,1733675700,0,390
2040,Codeforces Round 992 (Div. 2),suyash.dixit834,10595,1733675700,1101,1039
2040,Codeforces Round 992 (Div. 2),nhihorakya1,10595,1733675700,1003,960
2040,Codeforces Round 992 (Div. 2),redridinghood,10595,1733675700,879,952
2040,Codeforces Round 992 (Div. 2),404SkillNotFound,10595,1733675700,1066,1010
2040,Codeforces Round 992 (Div. 2),NOUA55,10595,1733675700,859,851
2040,Codeforces Round 992 (Div. 2),bharath671,10595,1733675700,1090,1030
2040,Codeforces Round 992 (Div. 2),Pramag_IIITD,10595,1733675700,378,634
2040,Codeforces Round 992 (Div. 2),imsteverogers483,10595,1733675700,994,953
2040,Codeforces Round 992 (Div. 2),jiaqiangliu,10595,1733675700,868,857
2040,Codeforces Round 992 (Div. 2),Fateen_Btw__,10595,1733675700,906,886
2040,Codeforces Round 992 (Div. 2),sachinshaw27,10595,1733675700,0,390
2040,Codeforces Round 992 (Div. 2),moderax_draxx,10595,1733675700,965,931
2040,Codeforces Round 992 (Div. 2),alina434,10595,1733675700,850,908
2040,Codeforces Round 992 (Div. 2),hacker1909,10595,1733675700,818,821
2040,Codeforces Round 992 (Div. 2),sneha_1614,10595,1733675700,493,613
2040,Codeforces Round 992 (Div. 2),hasanimam64,10595,1733675700,954,922
2040,Codeforces Round 992 (Div. 2),khanal_06,10595,1733675700,823,906
2040,Codeforces Round 992 (Div. 2),Serendipity22,10595,1733675700,1075,1018
2040,Codeforces Round 992 (Div. 2),S_Kuroko,10595,1733675700,0,390
2040,Codeforces Round 992 (Div. 2),hehezboi,10595,1733675700,0,390
2040,Codeforces Round 992 (Div. 2),ms6947108,10595,1733675700,1302,1204
2040,Codeforces Round 992 (Div. 2),detiort,10595,1733675700,390,644
2040,Codeforces Round 992 (Div. 2),srivarshith,10595,1733675700,971,975
2040,Codeforces Round 992 (Div. 2),ankit469352,10595,1733675700,1011,967
2040,Codeforces Round 992 (Div. 2),azay123,10595,1733675700,0,390
2040,Codeforces Round 992 (Div. 2),cherry-001,10595,1733675700,1072,1015
2040,Codeforces Round 992 (Div. 2),_Farhan_Nadim__,10595,1733675700,771,788
2040,Codeforces Round 992 (Div. 2),Muneeb_Shafiq,10595,1733675700,630,803
2040,Codeforces Round 992 (Div. 2),devangAD,10595,1733675700,1038,988
2040,Codeforces Round 992 (Div. 2),Mirabel_,10595,1733675700,1032,983
2040,Codeforces Round 992 (Div. 2),_trance_,10595,1733675700,972,1029
2040,Codeforces Round 992 (Div. 2),blueCosmos07,10595,1733675700,725,757
2040,Codeforces Round 992 (Div. 2),TasinAbsar,10595,1733675700,1102,1039
2040,Codeforces Round 992 (Div. 2),Nirnita724,10595,1733675700,883,868
2040,Codeforces Round 992 (Div. 2),salim007,10595,1733675700,824,825
2040,Codeforces Round 992 (Div. 2),Araz_-05-,10595,1733675700,829,892
2040,Codeforces Round 992 (Div. 2),smohitraj,10595,1733675700,829,911
2040,Codeforces Round 992 (Div. 2),iitianankit,10595,1733675700,853,847
2040,Codeforces Round 992 (Div. 2),lyl_ccut,10595,1733675700,941,912
2040,Codeforces Round 992 (Div. 2),zaemon2806,10595,1733675700,918,895
2040,Codeforces Round 992 (Div. 2),gullufit,10595,1733675700,712,748
2040,Codeforces Round 992 (Div. 2),Dhanush_Yarragunta,10595,1733675700,1103,1040
2040,Codeforces Round 992 (Div. 2),fuckkkk2,10595,1733675700,841,874
2040,Codeforces Round 992 (Div. 2),Barnali59,10595,1733675700,1091,1030
2040,Codeforces Round 992 (Div. 2),RahaZK,10658,1733675700,952,919
2040,Codeforces Round 992 (Div. 2),roopz_19,10658,1733675700,986,946
2040,Codeforces Round 992 (Div. 2),kubix476,10658,1733675700,886,935
2040,Codeforces Round 992 (Div. 2),nitish_talpada,10658,1733675700,975,937
2040,Codeforces Round 992 (Div. 2),Acdgh,10658,1733675700,1072,1014
2040,Codeforces Round 992 (Div. 2),NiMaruf,10658,1733675700,1073,1015
2040,Codeforces Round 992 (Div. 2),Akash_9121,10658,1733675700,869,856
2040,Codeforces Round 992 (Div. 2),Arghajit,10658,1733675700,993,1022
2040,Codeforces Round 992 (Div. 2),AsadGalib,10658,1733675700,1077,1018
2040,Codeforces Round 992 (Div. 2),satyamcseforces,10658,1733675700,701,738
2040,Codeforces Round 992 (Div. 2),surya45,10658,1733675700,948,956
2040,Codeforces Round 992 (Div. 2),itsvinay09,10658,1733675700,1118,1051
2040,Codeforces Round 992 (Div. 2),BitFlipper,10658,1733675700,896,876
2040,Codeforces Round 992 (Div. 2),PlanetEarth,10658,1733675700,933,905
2040,Codeforces Round 992 (Div. 2),Valar_Codeghulis,10658,1733675700,1087,1026
2040,Codeforces Round 992 (Div. 2),Codernikk,10658,1733675700,985,945
2040,Codeforces Round 992 (Div. 2),AmrKhaled188,10658,1733675700,931,903
2040,Codeforces Round 992 (Div. 2),tranngoAhihi,10658,1733675700,900,946
2040,Codeforces Round 992 (Div. 2),bond_at_codeforces,10658,1733675700,436,681
2040,Codeforces Round 992 (Div. 2),MuhammadJon_SundarStem,10658,1733675700,925,899
2040,Codeforces Round 992 (Div. 2),ShreyJ24,10658,1733675700,979,940
2040,Codeforces Round 992 (Div. 2),abdullahhussien745,10658,1733675700,819,820
2040,Codeforces Round 992 (Div. 2),parth_vijay123,10658,1733675700,978,940
2040,Codeforces Round 992 (Div. 2),kb2098,10658,1733675700,888,870
2040,Codeforces Round 992 (Div. 2),mahmmoad_aziza,10658,1733675700,371,627
2040,Codeforces Round 992 (Div. 2),harshwardhan12,10658,1733675700,926,990
2040,Codeforces Round 992 (Div. 2),7medZeyd,10658,1733675700,1016,969
2040,Codeforces Round 992 (Div. 2),Md_Ashiqul_Islam,10658,1733675700,520,627
2040,Codeforces Round 992 (Div. 2),abhiguptaofficial30,10658,1733675700,963,928
2040,Codeforces Round 992 (Div. 2),HITMANUBHAV,10658,1733675700,1032,982
2040,Codeforces Round 992 (Div. 2),cqurain,10658,1733675700,858,934
2040,Codeforces Round 992 (Div. 2),teiffran,10658,1733675700,728,829
2040,Codeforces Round 992 (Div. 2),Bruteforcekid,10658,1733675700,1824,1636
2040,Codeforces Round 992 (Div. 2),pandap845,10658,1733675700,377,632
2040,Codeforces Round 992 (Div. 2),codemblh,10658,1733675700,766,859
2040,Codeforces Round 992 (Div. 2),stupid_thread,10658,1733675700,963,928
2040,Codeforces Round 992 (Div. 2),santrupt_29,10658,1733675700,1140,1069
2040,Codeforces Round 992 (Div. 2),hamedkad88,10658,1733675700,1131,1062
2040,Codeforces Round 992 (Div. 2),Vijay_9848,10658,1733675700,379,633
2040,Codeforces Round 992 (Div. 2),ThisisAB,10658,1733675700,793,802
2040,Codeforces Round 992 (Div. 2),GuBeD,10658,1733675700,938,908
2040,Codeforces Round 992 (Div. 2),yuxyn,10658,1733675700,1070,1012
2040,Codeforces Round 992 (Div. 2),singhdevansh024,10658,1733675700,908,886
2040,Codeforces Round 992 (Div. 2),Munnu2004,10658,1733675700,1193,1113
2040,Codeforces Round 992 (Div. 2),GmGuardian,10658,1733675700,0,390
2040,Codeforces Round 992 (Div. 2),Fedibenbrahim,10658,1733675700,0,390
2040,Codeforces Round 992 (Div. 2),ashu6919,10658,1733675700,854,931
2040,Codeforces Round 992 (Div. 2),Duressa2022,10658,1733675700,754,850
2040,Codeforces Round 992 (Div. 2),piyushsingh755,10658,1733675700,864,853
2040,Codeforces Round 992 (Div. 2),mikey_789,10658,1733675700,449,692
2040,Codeforces Round 992 (Div. 2),karanreddy132,10658,1733675700,996,954
2040,Codeforces Round 992 (Div. 2),LoopMasterUsama1,10658,1733675700,359,617
2040,Codeforces Round 992 (Div. 2),neonx18,10658,1733675700,1215,1130
2040,Codeforces Round 992 (Div. 2),moa1h,10658,1733675700,923,897
2040,Codeforces Round 992 (Div. 2),Anhquantran,10658,1733675700,786,797
2040,Codeforces Round 992 (Div. 2),Debugger_3,10658,1733675700,353,612
2040,Codeforces Round 992 (Div. 2),Harsh2oo3,10658,1733675700,1293,1195
2040,Codeforces Round 992 (Div. 2),divyam-07,10715,1733675700,630,801
2040,Codeforces Round 992 (Div. 2),Nuraman.Coder,10715,1733675700,0,389
2040,Codeforces Round 992 (Div. 2),sisyphus28,10715,1733675700,1011,965
2040,Codeforces Round 992 (Div. 2),prashant.sagar.shakya,10715,1733675700,974,936
2040,Codeforces Round 992 (Div. 2),uroana,10715,1733675700,991,949
2040,Codeforces Round 992 (Div. 2),nimisha17,10715,1733675700,837,832
2040,Codeforces Round 992 (Div. 2),lizizi,10715,1733675700,583,763
2040,Codeforces Round 992 (Div. 2),beThe1,10715,1733675700,799,805
2040,Codeforces Round 992 (Div. 2),naveenkumar27204,10715,1733675700,846,838
2040,Codeforces Round 992 (Div. 2),cankjaca,10715,1733675700,1034,983
2040,Codeforces Round 992 (Div. 2),tulsyan_slok,10715,1733675700,0,389
2040,Codeforces Round 992 (Div. 2),BhanuSri,10715,1733675700,784,794
2040,Codeforces Round 992 (Div. 2),aB7_8-0,10715,1733675700,1002,958
2040,Codeforces Round 992 (Div. 2),pulkitgangil1504,10715,1733675700,794,801
2040,Codeforces Round 992 (Div. 2),Dutch_vdl,10715,1733675700,1202,1119
2040,Codeforces Round 992 (Div. 2),_aatish,10715,1733675700,877,861
2040,Codeforces Round 992 (Div. 2),yogesh_joshi69,10715,1733675700,925,966
2040,Codeforces Round 992 (Div. 2),Gulansk,10715,1733675700,419,666
2040,Codeforces Round 992 (Div. 2),ayu_264,10715,1733675700,744,766
2040,Codeforces Round 992 (Div. 2),confluence_of_BandW,10715,1733675700,870,856
2040,Codeforces Round 992 (Div. 2),yufe,10715,1733675700,0,389
2040,Codeforces Round 992 (Div. 2),NotMazuong,10715,1733675700,970,972
2040,Codeforces Round 992 (Div. 2),bhagwatsolunke007,10715,1733675700,913,889
2040,Codeforces Round 992 (Div. 2),_canute,10715,1733675700,1008,962
2040,Codeforces Round 992 (Div. 2),minh_,10715,1733675700,0,389
2040,Codeforces Round 992 (Div. 2),tech_Boy,10715,1733675700,1259,1167
2040,Codeforces Round 992 (Div. 2),Rahma_Elhagary,10715,1733675700,888,869
2040,Codeforces Round 992 (Div. 2),its_ghosh,10715,1733675700,614,788
2040,Codeforces Round 992 (Div. 2),dakshbatra100,10715,1733675700,802,869
2040,Codeforces Round 992 (Div. 2),animan0810,10715,1733675700,822,821
2040,Codeforces Round 992 (Div. 2),vanisthebest,10715,1733675700,777,868
2040,Codeforces Round 992 (Div. 2),_re_start__,10715,1733675700,872,858
2040,Codeforces Round 992 (Div. 2),rajaryan_coder,10715,1733675700,930,941
2040,Codeforces Round 992 (Div. 2),SODT,10715,1733675700,995,952
2040,Codeforces Round 992 (Div. 2),BoleJoKoyal,10715,1733675700,893,940
2040,Codeforces Round 992 (Div. 2),BJTU_Sett,10715,1733675700,1274,1179
2040,Codeforces Round 992 (Div. 2),ashutoshsaxena703,10715,1733675700,789,797
2040,Codeforces Round 992 (Div. 2),ElkholyJr,10715,1733675700,931,902
2040,Codeforces Round 992 (Div. 2),floraaroma,10715,1733675700,368,624
2040,Codeforces Round 992 (Div. 2),Mohitpal,10715,1733675700,999,955
2040,Codeforces Round 992 (Div. 2),noob_coder_782,10715,1733675700,841,835
2040,Codeforces Round 992 (Div. 2),yeswanthkumart37,10715,1733675700,0,389
2040,Codeforces Round 992 (Div. 2),Shashi_01,10715,1733675700,880,863
2040,Codeforces Round 992 (Div. 2),tamedashed,10758,1733675700,1068,1082
2040,Codeforces Round 992 (Div. 2),Geethesh,10758,1733675700,1028,977
2040,Codeforces Round 992 (Div. 2),anu2608,10758,1733675700,977,937
2040,Codeforces Round 992 (Div. 2),4k5hAt,10758,1733675700,595,771
2040,Codeforces Round 992 (Div. 2),Arpita799,10758,1733675700,933,903
2040,Codeforces Round 992 (Div. 2),Stranger_pc,10758,1733675700,721,749
2040,Codeforces Round 992 (Div. 2),samsooong,10758,1733675700,1030,979
2040,Codeforces Round 992 (Div. 2),vasireddyvenu,10758,1733675700,1120,1052
2040,Codeforces Round 992 (Div. 2),WarriorOf313,10758,1733675700,873,857
2040,Codeforces Round 992 (Div. 2),downtime1,10758,1733675700,0,389
2040,Codeforces Round 992 (Div. 2),krishnanunnir503,10758,1733675700,751,770
2040,Codeforces Round 992 (Div. 2),abcdef_Z,10758,1733675700,960,924
2040,Codeforces Round 992 (Div. 2),w3bob,10758,1733675700,859,847
2040,Codeforces Round 992 (Div. 2),pashupatinathsoni_369,10758,1733675700,784,793
2040,Codeforces Round 992 (Div. 2),PriyanshuGoel24,10758,1733675700,938,907
2040,Codeforces Round 992 (Div. 2),Punit.chaurasia,10758,1733675700,748,843
2040,Codeforces Round 992 (Div. 2),anas_pro,10758,1733675700,1029,978
2040,Codeforces Round 992 (Div. 2),ananyajain,10758,1733675700,0,389
2040,Codeforces Round 992 (Div. 2),chinmaykale,10758,1733675700,765,815
2040,Codeforces Round 992 (Div. 2),amaniagrawal,10758,1733675700,771,862
2040,Codeforces Round 992 (Div. 2),vivek_bhadauria,10758,1733675700,1207,1123
2040,Codeforces Round 992 (Div. 2),shiva___np,10758,1733675700,968,969
2040,Codeforces Round 992 (Div. 2),nobody98,10758,1733675700,1096,1032
2040,Codeforces Round 992 (Div. 2),imranbubt02,10758,1733675700,882,864
2040,Codeforces Round 992 (Div. 2),visheshgautam.official,10758,1733675700,1100,1035
2040,Codeforces Round 992 (Div. 2),ahmedrihin,10758,1733675700,940,908
2040,Codeforces Round 992 (Div. 2),Dedust,10758,1733675700,0,389
2040,Codeforces Round 992 (Div. 2),emotional_emf,10758,1733675700,899,877
2040,Codeforces Round 992 (Div. 2),deeksha_23,10758,1733675700,999,954
2040,Codeforces Round 992 (Div. 2),abdullah23011,10758,1733675700,0,389
2040,Codeforces Round 992 (Div. 2),vicc,10758,1733675700,382,635
2040,Codeforces Round 992 (Div. 2),ratna27s,10758,1733675700,0,389
2040,Codeforces Round 992 (Div. 2),GAURAV_WANI,10758,1733675700,348,607
2040,Codeforces Round 992 (Div. 2),LLightY,10758,1733675700,1309,1207
2040,Codeforces Round 992 (Div. 2),SKPal2024,10758,1733675700,748,826
2040,Codeforces Round 992 (Div. 2),shashankkosta940,10758,1733675700,825,822
2040,Codeforces Round 992 (Div. 2),priyanshu_u,10758,1733675700,741,763
2040,Codeforces Round 992 (Div. 2),lavkesh,10758,1733675700,1040,987
2040,Codeforces Round 992 (Div. 2),new_pupil,10758,1733675700,751,770
2040,Codeforces Round 992 (Div. 2),OrhanZLT,10758,1733675700,584,661
2040,Codeforces Round 992 (Div. 2),zaki-66,10758,1733675700,874,858
2040,Codeforces Round 992 (Div. 2),ollyblu,10758,1733675700,0,389
2040,Codeforces Round 992 (Div. 2),amisha.singhal03,10758,1733675700,0,389
2040,Codeforces Round 992 (Div. 2),vedanthumbe3i,10758,1733675700,791,878
2040,Codeforces Round 992 (Div. 2),vikaschinthala,10758,1733675700,939,907
2040,Codeforces Round 992 (Div. 2),I_SASUKE,10758,1733675700,806,871
2040,Codeforces Round 992 (Div. 2),SafarovX1,10758,1733675700,988,1016
2040,Codeforces Round 992 (Div. 2),kanika_262,10758,1733675700,801,805
2040,Codeforces Round 992 (Div. 2),PrajwalR,10758,1733675700,895,874
2040,Codeforces Round 992 (Div. 2),nob_lz,10758,1733675700,1141,1068
2040,Codeforces Round 992 (Div. 2),Sanketh27,10758,1733675700,756,773
2040,Codeforces Round 992 (Div. 2),sanchitag_005,10809,1733675700,746,765
2040,Codeforces Round 992 (Div. 2),Neobro,10809,1733675700,1060,1002
2040,Codeforces Round 992 (Div. 2),trunghoang,10809,1733675700,791,877
2040,Codeforces Round 992 (Div. 2),harshita_150,10809,1733675700,360,616
2040,Codeforces Round 992 (Div. 2),koteswar_1436,10809,1733675700,935,903
2040,Codeforces Round 992 (Div. 2),devmare,10809,1733675700,0,388
2040,Codeforces Round 992 (Div. 2),Arijeet_10,10809,1733675700,645,812
2040,Codeforces Round 992 (Div. 2),u1m2e3sh,10809,1733675700,815,813
2040,Codeforces Round 992 (Div. 2),dwip_nandi,10809,1733675700,731,755
2040,Codeforces Round 992 (Div. 2),sudhanbalajics12,10809,1733675700,966,927
2040,Codeforces Round 992 (Div. 2),coolkid1412,10809,1733675700,1016,1038
2040,Codeforces Round 992 (Div. 2),aksh.maheshwari05,10809,1733675700,985,943
2040,Codeforces Round 992 (Div. 2),ajjuseven,10809,1733675700,883,863
2040,Codeforces Round 992 (Div. 2),_787,10809,1733675700,936,973
2040,Codeforces Round 992 (Div. 2),mamaca1,10809,1733675700,0,388
2040,Codeforces Round 992 (Div. 2),tpd311009,10809,1733675700,743,763
2040,Codeforces Round 992 (Div. 2),venkat20005,10809,1733675700,403,652
2040,Codeforces Round 992 (Div. 2),devraj_ashok,10809,1733675700,1037,983
2040,Codeforces Round 992 (Div. 2),kelsier00,10809,1733675700,766,779
2040,Codeforces Round 992 (Div. 2),Huy_Tran_Thai,10809,1733675700,0,388
2040,Codeforces Round 992 (Div. 2),APolcLP,10809,1733675700,919,891
2040,Codeforces Round 992 (Div. 2),debu2211,10809,1733675700,1021,1042
2040,Codeforces Round 992 (Div. 2),zyxcba69420,10809,1733675700,847,836
2040,Codeforces Round 992 (Div. 2),Onicito,10809,1733675700,809,892
2040,Codeforces Round 992 (Div. 2),t4t1n,10809,1733675700,356,613
2040,Codeforces Round 992 (Div. 2),Haythammahmed22,10809,1733675700,919,891
2040,Codeforces Round 992 (Div. 2),nhoanghai712002,10809,1733675700,463,702
2040,Codeforces Round 992 (Div. 2),var_code,10809,1733675700,790,796
2040,Codeforces Round 992 (Div. 2),Astralics,10809,1733675700,418,664
2040,Codeforces Round 992 (Div. 2),Nishu_Coder,10809,1733675700,980,938
2040,Codeforces Round 992 (Div. 2),Si1ent_C0der,10809,1733675700,1120,1051
2040,Codeforces Round 992 (Div. 2),Hacker_Xtreme,10809,1733675700,797,801
2040,Codeforces Round 992 (Div. 2),shreyasrajiv327,10809,1733675700,402,651
2040,Codeforces Round 992 (Div. 2),GAB-DivideEConserta,10809,1733675700,794,798
2040,Codeforces Round 992 (Div. 2),Sumit_raj_05,10809,1733675700,0,388
2040,Codeforces Round 992 (Div. 2),Bhemarasetti.kumar,10809,1733675700,977,936
2040,Codeforces Round 992 (Div. 2),Weathley,10809,1733675700,459,699
2040,Codeforces Round 992 (Div. 2),codepplop,10809,1733675700,606,780
2040,Codeforces Round 992 (Div. 2),GouBuli,10809,1733675700,0,388
2040,Codeforces Round 992 (Div. 2),Shad_152,10809,1733675700,1071,1011
2040,Codeforces Round 992 (Div. 2),M.Nauman,10849,1733675700,1218,1131
2040,Codeforces Round 992 (Div. 2),zamanatia8,10849,1733675700,765,776
2040,Codeforces Round 992 (Div. 2),UnSolvedBug_Farhan,10849,1733675700,1161,1083
2040,Codeforces Round 992 (Div. 2),Clarion007,10849,1733675700,914,887
2040,Codeforces Round 992 (Div. 2),muskan1010,10849,1733675700,964,925
2040,Codeforces Round 992 (Div. 2),ArshadG,10849,1733675700,776,784
2040,Codeforces Round 992 (Div. 2),Cyorax,10849,1733675700,351,608
2040,Codeforces Round 992 (Div. 2),siddharthchandrakar007,10849,1733675700,930,899
2040,Codeforces Round 992 (Div. 2),tusharAgarwal2511,10849,1733675700,773,862
2040,Codeforces Round 992 (Div. 2),Viictiel,10849,1733675700,676,838
2040,Codeforces Round 992 (Div. 2),sanjeev.kumar.cse22,10849,1733675700,996,950
2040,Codeforces Round 992 (Div. 2),utkarshkumar199,10849,1733675700,811,892
2040,Codeforces Round 992 (Div. 2),kill_me_again,10849,1733675700,1007,959
2040,Codeforces Round 992 (Div. 2),ywsndm,10849,1733675700,980,937
2040,Codeforces Round 992 (Div. 2),ihSomik,10849,1733675700,1016,966
2040,Codeforces Round 992 (Div. 2),wulver07,10849,1733675700,882,862
2040,Codeforces Round 992 (Div. 2),nishulpatni2,10849,1733675700,747,896
2040,Codeforces Round 992 (Div. 2),Jegor13,10849,1733675700,926,934
2040,Codeforces Round 992 (Div. 2),PL_Klaus,10849,1733675700,0,387
2040,Codeforces Round 992 (Div. 2),reksit_7638,10849,1733675700,1043,987
2040,Codeforces Round 992 (Div. 2),anarbay.nrislam,10849,1733675700,850,903
2040,Codeforces Round 992 (Div. 2),neo936,10849,1733675700,1044,988
2040,Codeforces Round 992 (Div. 2),ig16,10849,1733675700,1208,1122
2040,Codeforces Round 992 (Div. 2),work.praiseson,10849,1733675700,0,387
2040,Codeforces Round 992 (Div. 2),Souhail1411,10849,1733675700,780,787
2040,Codeforces Round 992 (Div. 2),thanhhoang090497,10849,1733675700,793,796
2040,Codeforces Round 992 (Div. 2),Warrior_241418,10849,1733675700,1035,981
2040,Codeforces Round 992 (Div. 2),gouthamreddy63,10849,1733675700,1135,1103
2040,Codeforces Round 992 (Div. 2),ms277,10849,1733675700,682,720
2040,Codeforces Round 992 (Div. 2),mr__turningpoint,10849,1733675700,1164,1086
2040,Codeforces Round 992 (Div. 2),Tawfiq_wahed,10849,1733675700,1018,967
2040,Codeforces Round 992 (Div. 2),Shinzo2005,10849,1733675700,889,867
2040,Codeforces Round 992 (Div. 2),_Beluga_,10849,1733675700,834,826
2040,Codeforces Round 992 (Div. 2),mosta_fish,10849,1733675700,0,387
2040,Codeforces Round 992 (Div. 2),kamal_22,10849,1733675700,1010,961
2040,Codeforces Round 992 (Div. 2),nainsiraja6022,10849,1733675700,758,772
2040,Codeforces Round 992 (Div. 2),MID0_o,10849,1733675700,795,834
2040,Codeforces Round 992 (Div. 2),Sagen19,10849,1733675700,784,790
2040,Codeforces Round 992 (Div. 2),saraa_badwy,10849,1733675700,868,851
2040,Codeforces Round 992 (Div. 2),Ambr,10849,1733675700,860,933
2040,Codeforces Round 992 (Div. 2),harsh07pandey007,10849,1733675700,0,387
2040,Codeforces Round 992 (Div. 2),Hudai_Khulsi,10849,1733675700,0,387
2040,Codeforces Round 992 (Div. 2),Soumya07,10849,1733675700,957,959
2040,Codeforces Round 992 (Div. 2),Monjur1518,10849,1733675700,627,797
2040,Codeforces Round 992 (Div. 2),abdullah2811,10849,1733675700,788,793
2040,Codeforces Round 992 (Div. 2),KashiViswanath,10894,1733675700,1240,1148
2040,Codeforces Round 992 (Div. 2),Raj_Aryan_631,10894,1733675700,818,897
2040,Codeforces Round 992 (Div. 2),kriti.19,10894,1733675700,944,908
2040,Codeforces Round 992 (Div. 2),Anish_J,10894,1733675700,959,920
2040,Codeforces Round 992 (Div. 2),LoteTree,10894,1733675700,0,387
2040,Codeforces Round 992 (Div. 2),Jonhyer,10894,1733675700,1170,1091
2040,Codeforces Round 992 (Div. 2),FlameKyzr,10894,1733675700,843,831
2040,Codeforces Round 992 (Div. 2),Dobrii_Gnom,10894,1733675700,903,877
2040,Codeforces Round 992 (Div. 2),SabbirBot,10894,1733675700,865,848
2040,Codeforces Round 992 (Div. 2),MAK963,10894,1733675700,1054,995
2040,Codeforces Round 992 (Div. 2),Gautam2003Kumar,10894,1733675700,548,635
2040,Codeforces Round 992 (Div. 2),avinashkumarmiryala,10894,1733675700,669,831
2040,Codeforces Round 992 (Div. 2),WHSyy,10894,1733675700,0,387
2040,Codeforces Round 992 (Div. 2),Saransh_Agarwal,10894,1733675700,924,893
2040,Codeforces Round 992 (Div. 2),Bahaaa123,10894,1733675700,595,770
2040,Codeforces Round 992 (Div. 2),AsadovaAlina,10894,1733675700,845,920
2040,Codeforces Round 992 (Div. 2),visheshbansal121,10894,1733675700,956,918
2040,Codeforces Round 992 (Div. 2),Saksham_5794,10894,1733675700,1230,1140
2040,Codeforces Round 992 (Div. 2),Sarwar171452,10894,1733675700,1176,1095
2040,Codeforces Round 992 (Div. 2),anshu_04,10894,1733675700,780,786
2040,Codeforces Round 992 (Div. 2),AlgoVasanth_06,10894,1733675700,1051,993
2040,Codeforces Round 992 (Div. 2),YourExLol,10894,1733675700,572,751
2040,Codeforces Round 992 (Div. 2),sadthudatai,10894,1733675700,1252,1259
2040,Codeforces Round 992 (Div. 2),Tumyr,10894,1733675700,1034,979
2040,Codeforces Round 992 (Div. 2),arpit_aditya,10894,1733675700,822,816
2040,Codeforces Round 992 (Div. 2),Kasco,10894,1733675700,731,882
2040,Codeforces Round 992 (Div. 2),dhavalbathe,10894,1733675700,760,772
2040,Codeforces Round 992 (Div. 2),NUSUR,10894,1733675700,694,727
2040,Codeforces Round 992 (Div. 2),MRashedz,10894,1733675700,896,872
2040,Codeforces Round 992 (Div. 2),Akhil29,10894,1733675700,1040,984
2040,Codeforces Round 992 (Div. 2),AbhishekKumar22,10894,1733675700,1057,998
2040,Codeforces Round 992 (Div. 2),Suppc,10894,1733675700,812,809
2040,Codeforces Round 992 (Div. 2),debanjanmaity2018,10894,1733675700,994,948
2040,Codeforces Round 992 (Div. 2),desaidipesh2002,10894,1733675700,984,940
2040,Codeforces Round 992 (Div. 2),_unknown_guy,10894,1733675700,927,895
2040,Codeforces Round 992 (Div. 2),eresharora,10894,1733675700,1188,1105
2040,Codeforces Round 992 (Div. 2),Raghunandan,10894,1733675700,919,889
2040,Codeforces Round 992 (Div. 2),ananyakulashreshtha,10894,1733675700,979,936
2040,Codeforces Round 992 (Div. 2),meliodas_mc,10894,1733675700,967,926
2040,Codeforces Round 992 (Div. 2),Aizen_42,10933,1733675700,934,900
2040,Codeforces Round 992 (Div. 2),isratjahanishita,10933,1733675700,886,863
2040,Codeforces Round 992 (Div. 2),pixelprodigy,10933,1733675700,938,972
2040,Codeforces Round 992 (Div. 2),cin_om,10933,1733675700,907,971
2040,Codeforces Round 992 (Div. 2),tpzzz,10933,1733675700,523,751
2040,Codeforces Round 992 (Div. 2),Abu-Saeed,10933,1733675700,889,865
2040,Codeforces Round 992 (Div. 2),litch07,10933,1733675700,896,909
2040,Codeforces Round 992 (Div. 2),vgarg1603,10933,1733675700,790,874
2040,Codeforces Round 992 (Div. 2),SarveshC0des,10933,1733675700,771,778
2040,Codeforces Round 992 (Div. 2),zhai_fei,10933,1733675700,427,670
2040,Codeforces Round 992 (Div. 2),brokesoul,10933,1733675700,677,837
2040,Codeforces Round 992 (Div. 2),krithik3001,10933,1733675700,0,387
2040,Codeforces Round 992 (Div. 2),shankhadeepg444,10933,1733675700,0,387
2040,Codeforces Round 992 (Div. 2),xANTARESx,10933,1733675700,424,668
2040,Codeforces Round 992 (Div. 2),deccanValley_23,10933,1733675700,771,778
2040,Codeforces Round 992 (Div. 2),tertospacko,10933,1733675700,847,834
2040,Codeforces Round 992 (Div. 2),Nuraman2010,10933,1733675700,1060,1000
2040,Codeforces Round 992 (Div. 2),Kaox,10933,1733675700,0,387
2040,Codeforces Round 992 (Div. 2),Metall1cA,10933,1733675700,1128,1055
2040,Codeforces Round 992 (Div. 2),JyuKSIR,10933,1733675700,732,752
2040,Codeforces Round 992 (Div. 2),Samarth123,10933,1733675700,897,872
2040,Codeforces Round 992 (Div. 2),dk2005,10933,1733675700,929,896
2040,Codeforces Round 992 (Div. 2),M0untainKing,10933,1733675700,784,788
2040,Codeforces Round 992 (Div. 2),Aditya90065,10933,1733675700,873,853
2040,Codeforces Round 992 (Div. 2),0xkafkaa,10933,1733675700,951,952
2040,Codeforces Round 992 (Div. 2),mohammad_taha_ebadinik,10933,1733675700,950,1006
2040,Codeforces Round 992 (Div. 2),madapatibrungeshwar,10933,1733675700,1060,1000
2040,Codeforces Round 992 (Div. 2),ammar_hammoud,10933,1733675700,881,859
2040,Codeforces Round 992 (Div. 2),Hello0_123,10933,1733675700,840,866
2040,Codeforces Round 992 (Div. 2),amritansh1502,10933,1733675700,617,676
2040,Codeforces Round 992 (Div. 2),Sajib_20,10933,1733675700,994,947
2040,Codeforces Round 992 (Div. 2),TheLT520,10933,1733675700,482,716
2040,Codeforces Round 992 (Div. 2),leelamohan_123,10933,1733675700,842,830
2040,Codeforces Round 992 (Div. 2),Dhrimanti,10933,1733675700,821,814
2040,Codeforces Round 992 (Div. 2),rdx14,10933,1733675700,936,901
2040,Codeforces Round 992 (Div. 2),nishu03,10933,1733675700,1045,987
2040,Codeforces Round 992 (Div. 2),vaibhavsetiya,10933,1733675700,912,883
2040,Codeforces Round 992 (Div. 2),tyutyu80,10933,1733675700,1022,969
2040,Codeforces Round 992 (Div. 2),amunem,10933,1733675700,877,856
2040,Codeforces Round 992 (Div. 2),s140,10933,1733675700,376,628
2040,Codeforces Round 992 (Div. 2),Azamat018-bil,10973,1733675700,892,867
2040,Codeforces Round 992 (Div. 2),Arnab_Bhattacharya,10973,1733675700,846,831
2040,Codeforces Round 992 (Div. 2),shanto33,10973,1733675700,1018,965
2040,Codeforces Round 992 (Div. 2),bhargavi4222,10973,1733675700,767,774
2040,Codeforces Round 992 (Div. 2),AU25Itaimizlish,10973,1733675700,0,386
2040,Codeforces Round 992 (Div. 2),dev505,10973,1733675700,871,917
2040,Codeforces Round 992 (Div. 2),stillcyb3rnaut,10973,1733675700,947,909
2040,Codeforces Round 992 (Div. 2),Imperfection,10973,1733675700,658,820
2040,Codeforces Round 992 (Div. 2),Gerarcod,10973,1733675700,759,768
2040,Codeforces Round 992 (Div. 2),k_n_k_n,10973,1733675700,841,828
2040,Codeforces Round 992 (Div. 2),harshprajapati460,10973,1733675700,688,720
2040,Codeforces Round 992 (Div. 2),tarunGupta,10973,1733675700,993,1017
2040,Codeforces Round 992 (Div. 2),saranshyadav,10973,1733675700,627,795
2040,Codeforces Round 992 (Div. 2),vasuNSUT,10973,1733675700,1013,1001
2040,Codeforces Round 992 (Div. 2),pulkit28,10973,1733675700,854,837
2040,Codeforces Round 992 (Div. 2),Bogdan_Lukomsky,10973,1733675700,1040,982
2040,Codeforces Round 992 (Div. 2),sheldor_73,10973,1733675700,0,386
2040,Codeforces Round 992 (Div. 2),userrr_45,10973,1733675700,382,632
2040,Codeforces Round 992 (Div. 2),na0x3,10973,1733675700,944,946
2040,Codeforces Round 992 (Div. 2),Mr_tbk,10973,1733675700,885,861
2040,Codeforces Round 992 (Div. 2),vans666,10973,1733675700,358,612
2040,Codeforces Round 992 (Div. 2),ssssgoku,10973,1733675700,953,913
2040,Codeforces Round 992 (Div. 2),Senthil_01,10973,1733675700,985,938
2040,Codeforces Round 992 (Div. 2),Enchantment,10973,1733675700,372,624
2040,Codeforces Round 992 (Div. 2),abull_mama,10973,1733675700,787,789
2040,Codeforces Round 992 (Div. 2),saif_mosabbir,10973,1733675700,906,877
2040,Codeforces Round 992 (Div. 2),Nurai_serdaliqyzy05,10973,1733675700,740,832
2040,Codeforces Round 992 (Div. 2),_MUH_84,10973,1733675700,739,755
2040,Codeforces Round 992 (Div. 2),rejjer,10973,1733675700,841,915
2040,Codeforces Round 992 (Div. 2),sravyajyothi,10973,1733675700,788,789
2040,Codeforces Round 992 (Div. 2),lanonymoussquirrel,10973,1733675700,941,904
2040,Codeforces Round 992 (Div. 2),Banquo,10973,1733675700,0,386
2040,Codeforces Round 992 (Div. 2),Ahm0d22,10973,1733675700,0,386
2040,Codeforces Round 992 (Div. 2),lrkhafez01,10973,1733675700,930,895
2040,Codeforces Round 992 (Div. 2),himanshu2207,10973,1733675700,951,911
2040,Codeforces Round 992 (Div. 2),CastWell,10973,1733675700,464,701
2040,Codeforces Round 992 (Div. 2),NovaPrime2077,10973,1733675700,738,754
2040,Codeforces Round 992 (Div. 2),Mr_Bombastik,10973,1733675700,971,927
2040,Codeforces Round 992 (Div. 2),lcs2022031,10973,1733675700,1051,991
2040,Codeforces Round 992 (Div. 2),Shakib_Ahmed,10973,1733675700,876,854
2040,Codeforces Round 992 (Div. 2),return_aikansh,10973,1733675700,838,825
2040,Codeforces Round 992 (Div. 2),Rak1b..2407r,10973,1733675700,1344,1234
2040,Codeforces Round 992 (Div. 2),Noob3301,10973,1733675700,590,764
2040,Codeforces Round 992 (Div. 2),yi100887,10973,1733675700,986,1011
2040,Codeforces Round 992 (Div. 2),atikarik,10973,1733675700,788,789
2040,Codeforces Round 992 (Div. 2),YZNing,10973,1733675700,773,859
2040,Codeforces Round 992 (Div. 2),DarkNinjaEZ,10973,1733675700,640,805
2040,Codeforces Round 992 (Div. 2),Arshman,11020,1733675700,1023,968
2040,Codeforces Round 992 (Div. 2),vishvignair,11020,1733675700,953,912
2040,Codeforces Round 992 (Div. 2),Otis_,11020,1733675700,393,641
2040,Codeforces Round 992 (Div. 2),Brazzersisfree,11020,1733675700,380,630
2040,Codeforces Round 992 (Div. 2),MAYAMONY,11020,1733675700,841,826
2040,Codeforces Round 992 (Div. 2),cjspraneeth,11020,1733675700,1038,980
2040,Codeforces Round 992 (Div. 2),Elis_Anzor,11020,1733675700,1004,953
2040,Codeforces Round 992 (Div. 2),JomeG,11020,1733675700,822,812
2040,Codeforces Round 992 (Div. 2),Viru_paksh_02,11020,1733675700,1149,1112
2040,Codeforces Round 992 (Div. 2),Khaswrang_12,11020,1733675700,721,741
2040,Codeforces Round 992 (Div. 2),fufuaifufu,11020,1733675700,952,982
2040,Codeforces Round 992 (Div. 2),AcrSahil,11020,1733675700,733,749
2040,Codeforces Round 992 (Div. 2),krishnakanthpathi,11020,1733675700,0,385
2040,Codeforces Round 992 (Div. 2),avaneeshk,11020,1733675700,383,632
2040,Codeforces Round 992 (Div. 2),anubhab04,11020,1733675700,0,385
2040,Codeforces Round 992 (Div. 2),keshob016,11020,1733675700,851,834
2040,Codeforces Round 992 (Div. 2),Abu3en,11020,1733675700,872,850
2040,Codeforces Round 992 (Div. 2),The-Madara-uchiha,11020,1733675700,1117,1044
2040,Codeforces Round 992 (Div. 2),Tr.Hieu,11020,1733675700,994,945
2040,Codeforces Round 992 (Div. 2),VPMD_onstrought,11020,1733675700,0,385
2040,Codeforces Round 992 (Div. 2),aryn2ci,11020,1733675700,631,797
2040,Codeforces Round 992 (Div. 2),codingkarlijiye,11020,1733675700,887,861
2040,Codeforces Round 992 (Div. 2),rishi563,11020,1733675700,871,939
2040,Codeforces Round 992 (Div. 2),shivamrao_7147,11020,1733675700,670,830
2040,Codeforces Round 992 (Div. 2),mkr9027,11020,1733675700,840,892
2040,Codeforces Round 992 (Div. 2),rjnpratik,11020,1733675700,959,917
2040,Codeforces Round 992 (Div. 2),p3rpl3x3d_m3,11020,1733675700,0,385
2040,Codeforces Round 992 (Div. 2),wemby,11020,1733675700,1274,1175
2040,Codeforces Round 992 (Div. 2),navahc,11020,1733675700,894,867
2040,Codeforces Round 992 (Div. 2),Antukanu,11020,1733675700,1010,958
2040,Codeforces Round 992 (Div. 2),AYUSHmishra04,11020,1733675700,885,860
2040,Codeforces Round 992 (Div. 2),sakibulshaon,11020,1733675700,787,870
2040,Codeforces Round 992 (Div. 2),LKM01,11020,1733675700,1096,1027
2040,Codeforces Round 992 (Div. 2),kirill_k,11020,1733675700,1192,1106
2040,Codeforces Round 992 (Div. 2),404OGNotFound,11020,1733675700,622,790
2040,Codeforces Round 992 (Div. 2),C9H8O4_Aspirin,11020,1733675700,912,881
2040,Codeforces Round 992 (Div. 2),sarkarjoba90,11020,1733675700,645,690
2040,Codeforces Round 992 (Div. 2),saksham34e,11020,1733675700,877,854
2040,Codeforces Round 992 (Div. 2),rahul_ghosh,11020,1733675700,966,923
2040,Codeforces Round 992 (Div. 2),OvO977,11020,1733675700,483,716
2040,Codeforces Round 992 (Div. 2),Wyrz,11020,1733675700,0,385
2040,Codeforces Round 992 (Div. 2),nazmulcp17,11061,1733675700,828,816
2040,Codeforces Round 992 (Div. 2),Tareq_hasan,11061,1733675700,919,885
2040,Codeforces Round 992 (Div. 2),uvii,11061,1733675700,772,775
2040,Codeforces Round 992 (Div. 2),vinayp2702,11061,1733675700,784,783
2040,Codeforces Round 992 (Div. 2),prisha0714,11061,1733675700,796,792
2040,Codeforces Round 992 (Div. 2),Fara-2007,11061,1733675700,0,385
2040,Codeforces Round 992 (Div. 2),MrOpten,11061,1733675700,851,833
2040,Codeforces Round 992 (Div. 2),MADHIARASAN,11061,1733675700,700,725
2040,Codeforces Round 992 (Div. 2),HIDED,11061,1733675700,764,769
2040,Codeforces Round 992 (Div. 2),pradhanmanash614,11061,1733675700,877,853
2040,Codeforces Round 992 (Div. 2),satwikstudies05,11061,1733675700,915,951
2040,Codeforces Round 992 (Div. 2),priyan17singh,11061,1733675700,912,880
2040,Codeforces Round 992 (Div. 2),piyushbawaskar1008,11061,1733675700,730,745
2040,Codeforces Round 992 (Div. 2),khanhanoccho,11061,1733675700,971,926
2040,Codeforces Round 992 (Div. 2),123rage321,11061,1733675700,924,889
2040,Codeforces Round 992 (Div. 2),DebugDonkey,11061,1733675700,820,896
2040,Codeforces Round 992 (Div. 2),so_what_,11061,1733675700,902,872
2040,Codeforces Round 992 (Div. 2),vismay__yerunkar,11061,1733675700,826,814
2040,Codeforces Round 992 (Div. 2),talhaatif573,11061,1733675700,746,757
2040,Codeforces Round 992 (Div. 2),Montasir8901,11061,1733675700,0,385
2040,Codeforces Round 992 (Div. 2),no_one12345,11061,1733675700,435,675
2040,Codeforces Round 992 (Div. 2),yaswanthjampani,11061,1733675700,367,619
2040,Codeforces Round 992 (Div. 2),chetan69,11061,1733675700,756,764
2040,Codeforces Round 992 (Div. 2),Heisenberg2005,11061,1733675700,641,805
2040,Codeforces Round 992 (Div. 2),Lypho,11061,1733675700,0,385
2040,Codeforces Round 992 (Div. 2),navaneetha29,11061,1733675700,399,645
2040,Codeforces Round 992 (Div. 2),Phenom_1307,11061,1733675700,995,945
2040,Codeforces Round 992 (Div. 2),Inquisitive_Bear,11061,1733675700,1074,1008
2040,Codeforces Round 992 (Div. 2),Nagibator5000,11061,1733675700,619,787
2040,Codeforces Round 992 (Div. 2),_NAHIAN_,11061,1733675700,905,874
2040,Codeforces Round 992 (Div. 2),_sultan_ul_arfin_,11061,1733675700,953,911
2040,Codeforces Round 992 (Div. 2),Mouh4n3dX,11061,1733675700,362,614
2040,Codeforces Round 992 (Div. 2),itsme2331,11061,1733675700,993,943
2040,Codeforces Round 992 (Div. 2),Blank_Spectre,11061,1733675700,0,385
2040,Codeforces Round 992 (Div. 2),sdh_02,11061,1733675700,996,945
2040,Codeforces Round 992 (Div. 2),satyamnitrr90,11061,1733675700,841,892
2040,Codeforces Round 992 (Div. 2),Diaj,11061,1733675700,936,938
2040,Codeforces Round 992 (Div. 2),vireshkumar7793,11061,1733675700,622,790
2040,Codeforces Round 992 (Div. 2),Thaitufifai,11061,1733675700,912,880
2040,Codeforces Round 992 (Div. 2),apnfunk,11100,1733675700,998,986
2040,Codeforces Round 992 (Div. 2),Contingent,11100,1733675700,414,657
2040,Codeforces Round 992 (Div. 2),adel.erorr159,11100,1733675700,692,718
2040,Codeforces Round 992 (Div. 2),osmangani1osm,11100,1733675700,938,899
2040,Codeforces Round 992 (Div. 2),defrost_01,11100,1733675700,361,613
2040,Codeforces Round 992 (Div. 2),TeoPG,11100,1733675700,0,384
2040,Codeforces Round 992 (Div. 2),warshith,11100,1733675700,1021,965
2040,Codeforces Round 992 (Div. 2),mayeenUddinHasan,11100,1733675700,960,916
2040,Codeforces Round 992 (Div. 2),zahid_jim,11100,1733675700,636,681
2040,Codeforces Round 992 (Div. 2),yashitha_rao,11100,1733675700,883,948
2040,Codeforces Round 992 (Div. 2),GrapeVine,11100,1733675700,335,591
2040,Codeforces Round 992 (Div. 2),lameee,11100,1733675700,0,384
2040,Codeforces Round 992 (Div. 2),AriesViolet,11100,1733675700,857,903
2040,Codeforces Round 992 (Div. 2),yashkhote.iith,11100,1733675700,936,897
2040,Codeforces Round 992 (Div. 2),Martina_Ashraf,11100,1733675700,841,824
2040,Codeforces Round 992 (Div. 2),xlgnb666,11100,1733675700,877,943
2040,Codeforces Round 992 (Div. 2),sadramahmood,11100,1733675700,382,630
2040,Codeforces Round 992 (Div. 2),_Mikado,11100,1733675700,876,851
2040,Codeforces Round 992 (Div. 2),Take,11100,1733675700,1019,963
2040,Codeforces Round 992 (Div. 2),meghana_66,11100,1733675700,803,833
2040,Codeforces Round 992 (Div. 2),vanshika-mittal,11100,1733675700,407,651
2040,Codeforces Round 992 (Div. 2),Salamander4855,11100,1733675700,924,887
2040,Codeforces Round 992 (Div. 2),Encore71,11100,1733675700,795,790
2040,Codeforces Round 992 (Div. 2),GoldiTrysToCode,11100,1733675700,972,925
2040,Codeforces Round 992 (Div. 2),Manjeet_29,11100,1733675700,1222,1130
2040,Codeforces Round 992 (Div. 2),ChAranj33th,11100,1733675700,892,863
2040,Codeforces Round 992 (Div. 2),sabbirahmedfahim,11100,1733675700,884,857
2040,Codeforces Round 992 (Div. 2),Slakscape,11100,1733675700,914,974
2040,Codeforces Round 992 (Div. 2),madhavareddy773,11100,1733675700,904,911
2040,Codeforces Round 992 (Div. 2),babubhai22,11100,1733675700,353,606
2040,Codeforces Round 992 (Div. 2),saimanogna09,11100,1733675700,651,813
2040,Codeforces Round 992 (Div. 2),amit_jaiswal,11100,1733675700,743,754
2040,Codeforces Round 992 (Div. 2),Ninja_ind,11100,1733675700,0,384
2040,Codeforces Round 992 (Div. 2),forevermei,11100,1733675700,1049,988
2040,Codeforces Round 992 (Div. 2),harip1345,11100,1733675700,592,764
2040,Codeforces Round 992 (Div. 2),yuvasainath,11100,1733675700,1063,999
2040,Codeforces Round 992 (Div. 2),bhanusngr362,11100,1733675700,1024,967
2040,Codeforces Round 992 (Div. 2),_SAIMON,11100,1733675700,839,823
2040,Codeforces Round 992 (Div. 2),prasadjoshi,11100,1733675700,633,798
2040,Codeforces Round 992 (Div. 2),Vilgaxx_611,11100,1733675700,0,384
2040,Codeforces Round 992 (Div. 2),amishubham,11100,1733675700,1073,1007
2040,Codeforces Round 992 (Div. 2),sonu69,11100,1733675700,773,774
2040,Codeforces Round 992 (Div. 2),Akshat1108,11100,1733675700,771,855
2040,Codeforces Round 992 (Div. 2),_under_ground_,11100,1733675700,352,605
2040,Codeforces Round 992 (Div. 2),Krazy_007,11100,1733675700,0,384
2040,Codeforces Round 992 (Div. 2),dayyanulhaque2022,11100,1733675700,394,641
2040,Codeforces Round 992 (Div. 2),rishabh2.230101104,11146,1733675700,884,856
2040,Codeforces Round 992 (Div. 2),joanna991109,11146,1733675700,400,645
2040,Codeforces Round 992 (Div. 2),AntrikshVats,11146,1733675700,864,841
2040,Codeforces Round 992 (Div. 2),02HarshRawat,11146,1733675700,987,936
2040,Codeforces Round 992 (Div. 2),aruzanturgalieva107,11146,1733675700,921,884
2040,Codeforces Round 992 (Div. 2),mahfuzmia1703,11146,1733675700,860,838
2040,Codeforces Round 992 (Div. 2),SadikRahman14,11146,1733675700,784,781
2040,Codeforces Round 992 (Div. 2),Harshit_Shubh,11146,1733675700,890,860
2040,Codeforces Round 992 (Div. 2),lsk8644,11146,1733675700,383,631
2040,Codeforces Round 992 (Div. 2),Deathcold,11146,1733675700,777,839
2040,Codeforces Round 992 (Div. 2),hariombhandari,11146,1733675700,892,862
2040,Codeforces Round 992 (Div. 2),japneet10,11146,1733675700,830,815
2040,Codeforces Round 992 (Div. 2),syntax_santhosh,11146,1733675700,378,627
2040,Codeforces Round 992 (Div. 2),leo2005,11146,1733675700,960,915
2040,Codeforces Round 992 (Div. 2),KMKyaw,11146,1733675700,0,384
2040,Codeforces Round 992 (Div. 2),Damiskos,11146,1733675700,0,384
2040,Codeforces Round 992 (Div. 2),Suez-Matrix,11146,1733675700,795,853
2040,Codeforces Round 992 (Div. 2),_Pahal_Rohit,11146,1733675700,795,874
2040,Codeforces Round 992 (Div. 2),shreyvijay,11146,1733675700,911,877
2040,Codeforces Round 992 (Div. 2),smilie,11146,1733675700,351,604
2040,Codeforces Round 992 (Div. 2),sarkar_rabbi,11146,1733675700,873,886
2040,Codeforces Round 992 (Div. 2),CiAFang,11146,1733675700,631,795
2040,Codeforces Round 992 (Div. 2),m4sum,11146,1733675700,609,662
2040,Codeforces Round 992 (Div. 2),Aashay30,11146,1733675700,1018,962
2040,Codeforces Round 992 (Div. 2),safiullahforagy,11146,1733675700,689,715
2040,Codeforces Round 992 (Div. 2),ram2472,11146,1733675700,992,940
2040,Codeforces Round 992 (Div. 2),veerendracf,11146,1733675700,801,793
2040,Codeforces Round 992 (Div. 2),xSloOoOm_2003,11146,1733675700,829,880
2040,Codeforces Round 992 (Div. 2),binhan2009,11146,1733675700,1185,1099
2040,Codeforces Round 992 (Div. 2),atik7788,11146,1733675700,964,918
2040,Codeforces Round 992 (Div. 2),noormdbayezid,11146,1733675700,780,861
2040,Codeforces Round 992 (Div. 2),Henonicks,11146,1733675700,878,851
2040,Codeforces Round 992 (Div. 2),Ruuuumi,11146,1733675700,1013,957
2040,Codeforces Round 992 (Div. 2),reydev2009,11146,1733675700,788,848
2040,Codeforces Round 992 (Div. 2),Suzuki_520,11146,1733675700,786,925
2040,Codeforces Round 992 (Div. 2),parthadutta2136,11146,1733675700,960,986
2040,Codeforces Round 992 (Div. 2),chota_bheem_,11146,1733675700,0,384
2040,Codeforces Round 992 (Div. 2),bot_nobita,11146,1733675700,818,806
2040,Codeforces Round 992 (Div. 2),AJ_CF,11146,1733675700,957,913
2040,Codeforces Round 992 (Div. 2),rishikpreetham,11146,1733675700,915,880
2040,Codeforces Round 992 (Div. 2),Bharat922,11146,1733675700,618,785
2040,Codeforces Round 992 (Div. 2),pasit,11146,1733675700,0,384
2040,Codeforces Round 992 (Div. 2),rivu_10,11146,1733675700,1016,960
2040,Codeforces Round 992 (Div. 2),081_rajeshverma,11189,1733675700,739,748
2040,Codeforces Round 992 (Div. 2),001brandon,11189,1733675700,427,667
2040,Codeforces Round 992 (Div. 2),yashalekontsev,11189,1733675700,389,635
2040,Codeforces Round 992 (Div. 2),MonsterZero,11189,1733675700,569,743
2040,Codeforces Round 992 (Div. 2),jokerking1,11189,1733675700,0,383
2040,Codeforces Round 992 (Div. 2),nasemulrona2,11189,1733675700,911,876
2040,Codeforces Round 992 (Div. 2),saugataroy,11189,1733675700,971,923
2040,Codeforces Round 992 (Div. 2),184_Fahim,11189,1733675700,741,749
2040,Codeforces Round 992 (Div. 2),AsLegend,11189,1733675700,703,723
2040,Codeforces Round 992 (Div. 2),callmeGade,11189,1733675700,991,1011
2040,Codeforces Round 992 (Div. 2),a123_120,11189,1733675700,990,1011
2040,Codeforces Round 992 (Div. 2),Chanikya2006,11189,1733675700,815,803
2040,Codeforces Round 992 (Div. 2),wuxinyyds,11189,1733675700,405,649
2040,Codeforces Round 992 (Div. 2),-320,11189,1733675700,963,916
2040,Codeforces Round 992 (Div. 2),Thebeststarinthewar,11189,1733675700,994,941
2040,Codeforces Round 992 (Div. 2),cezarica,11189,1733675700,1064,998
2040,Codeforces Round 992 (Div. 2),utkarsh50090,11189,1733675700,976,927
2040,Codeforces Round 992 (Div. 2),Harikaran14,11189,1733675700,878,850
2040,Codeforces Round 992 (Div. 2),Eman_ya,11189,1733675700,749,755
2040,Codeforces Round 992 (Div. 2),Lokesh04_Karanam,11189,1733675700,0,383
2040,Codeforces Round 992 (Div. 2),ShivendraCodeF,11189,1733675700,917,880
2040,Codeforces Round 992 (Div. 2),abhi2509,11189,1733675700,1033,973
2040,Codeforces Round 992 (Div. 2),aviiiii_01,11189,1733675700,579,751
2040,Codeforces Round 992 (Div. 2),.Doctor...Strange.,11189,1733675700,1039,977
2040,Codeforces Round 992 (Div. 2),Mihidabi_Khan_Jitu,11189,1733675700,848,827
2040,Codeforces Round 992 (Div. 2),vanshxgupta,11189,1733675700,924,886
2040,Codeforces Round 992 (Div. 2),o_1,11189,1733675700,989,937
2040,Codeforces Round 992 (Div. 2),Ankit-cp,11189,1733675700,890,898
2040,Codeforces Round 992 (Div. 2),anonymous_67,11189,1733675700,696,849
2040,Codeforces Round 992 (Div. 2),ankitkr151,11189,1733675700,910,945
2040,Codeforces Round 992 (Div. 2),gaurav08coder,11189,1733675700,747,753
2040,Codeforces Round 992 (Div. 2),_Madi,11189,1733675700,1134,1056
2040,Codeforces Round 992 (Div. 2),Buckwheat.,11189,1733675700,970,922
2040,Codeforces Round 992 (Div. 2),Vijay0672,11189,1733675700,956,911
2040,Codeforces Round 992 (Div. 2),Margo02,11189,1733675700,900,867
2040,Codeforces Round 992 (Div. 2),HugcodetoanBug,11189,1733675700,793,851
2040,Codeforces Round 992 (Div. 2),Parshant1290,11189,1733675700,953,908
2040,Codeforces Round 992 (Div. 2),MD_JU_Jewel,11189,1733675700,785,780
2040,Codeforces Round 992 (Div. 2),Nephis,11189,1733675700,0,383
2040,Codeforces Round 992 (Div. 2),YouKnowWhy_,11189,1733675700,950,906
2040,Codeforces Round 992 (Div. 2),techtrekker,11189,1733675700,1080,1011
2040,Codeforces Round 992 (Div. 2),mahdihosseinizade2000,11189,1733675700,739,885
2040,Codeforces Round 992 (Div. 2),miss_take,11231,1733675700,1009,952
2040,Codeforces Round 992 (Div. 2),amir_4ik..,11231,1733675700,352,604
2040,Codeforces Round 992 (Div. 2),zhouzhenxing,11231,1733675700,944,972
2040,Codeforces Round 992 (Div. 2),Mayank_9207,11231,1733675700,855,870
2040,Codeforces Round 992 (Div. 2),DXTdebug,11231,1733675700,699,794
2040,Codeforces Round 992 (Div. 2),yarara6,11231,1733675700,0,383
2040,Codeforces Round 992 (Div. 2),rf_104,11231,1733675700,843,823
2040,Codeforces Round 992 (Div. 2),arifin_fuad_kashfy,11231,1733675700,760,761
2040,Codeforces Round 992 (Div. 2),VSS202525_ZivaH,11231,1733675700,0,383
2040,Codeforces Round 992 (Div. 2),Srinu2005,11231,1733675700,393,638
2040,Codeforces Round 992 (Div. 2),Shhhriis,11231,1733675700,809,835
2040,Codeforces Round 992 (Div. 2),K1ethoang,11231,1733675700,839,819
2040,Codeforces Round 992 (Div. 2),or3biii,11231,1733675700,924,885
2040,Codeforces Round 992 (Div. 2),tzking,11231,1733675700,965,917
2040,Codeforces Round 992 (Div. 2),THE.ROCKSTAR,11231,1733675700,494,723
2040,Codeforces Round 992 (Div. 2),stuti_dash,11231,1733675700,900,905
2040,Codeforces Round 992 (Div. 2),simanto_O8,11231,1733675700,744,750
2040,Codeforces Round 992 (Div. 2),adarshhssingh,11231,1733675700,0,383
2040,Codeforces Round 992 (Div. 2),Chetna_07,11231,1733675700,784,779
2040,Codeforces Round 992 (Div. 2),amnotlucifer,11231,1733675700,0,383
2040,Codeforces Round 992 (Div. 2),AnirudhCoder,11231,1733675700,961,986
2040,Codeforces Round 992 (Div. 2),singhvinay9483,11231,1733675700,798,875
2040,Codeforces Round 992 (Div. 2),IsThisGraph,11231,1733675700,0,383
2040,Codeforces Round 992 (Div. 2),dhruv.kaushal166,11231,1733675700,845,824
2040,Codeforces Round 992 (Div. 2),Nahid_ECE_HSTU,11231,1733675700,858,872
2040,Codeforces Round 992 (Div. 2),code_743,11231,1733675700,357,608
2040,Codeforces Round 992 (Div. 2),spiricoder,11231,1733675700,831,813
2040,Codeforces Round 992 (Div. 2),undefinedderivativE,11231,1733675700,870,843
2040,Codeforces Round 992 (Div. 2),YashSingh_045,11231,1733675700,0,383
2040,Codeforces Round 992 (Div. 2),Khushi2004,11231,1733675700,807,795
2040,Codeforces Round 992 (Div. 2),charannarayanaswamypappu,11231,1733675700,960,953
2040,Codeforces Round 992 (Div. 2),six-machine,11231,1733675700,878,849
2040,Codeforces Round 992 (Div. 2),HASAN_TNG,11231,1733675700,737,745
2040,Codeforces Round 992 (Div. 2),Zulkar_Jahin_Nizu,11231,1733675700,924,885
2040,Codeforces Round 992 (Div. 2),raghav_agg,11265,1733675700,1021,961
2040,Codeforces Round 992 (Div. 2),learner2024,11265,1733675700,376,623
2040,Codeforces Round 992 (Div. 2),tiansheng,11265,1733675700,813,799
2040,Codeforces Round 992 (Div. 2),rudraksh_711,11265,1733675700,598,766
2040,Codeforces Round 992 (Div. 2),ricky45,11265,1733675700,753,837
2040,Codeforces Round 992 (Div. 2),yemos,11265,1733675700,995,981
2040,Codeforces Round 992 (Div. 2),21to_plhhoang,11265,1733675700,0,382
2040,Codeforces Round 992 (Div. 2),Septembers,11265,1733675700,600,768
2040,Codeforces Round 992 (Div. 2),winnertakesitall,11265,1733675700,808,795
2040,Codeforces Round 992 (Div. 2),Hujuntao,11265,1733675700,860,834
2040,Codeforces Round 992 (Div. 2),HIMherojcq,11265,1733675700,0,382
2040,Codeforces Round 992 (Div. 2),sandipan03,11265,1733675700,999,944
2040,Codeforces Round 992 (Div. 2),pratyasha1808,11265,1733675700,944,939
2040,Codeforces Round 992 (Div. 2),SM61,11265,1733675700,920,881
2040,Codeforces Round 992 (Div. 2),Hamss_AbdElGawad,11265,1733675700,0,382
2040,Codeforces Round 992 (Div. 2),Manish_Panjwani,11265,1733675700,838,818
2040,Codeforces Round 992 (Div. 2),Abhinav_Prajapati,11265,1733675700,773,769
2040,Codeforces Round 992 (Div. 2),vallabhaneniradityadj,11265,1733675700,762,845
2040,Codeforces Round 992 (Div. 2),jaisx,11265,1733675700,614,661
2040,Codeforces Round 992 (Div. 2),tonny.mmu23,11265,1733675700,655,814
2040,Codeforces Round 992 (Div. 2),yousefAbukhass,11265,1733675700,1126,1123
2040,Codeforces Round 992 (Div. 2),amir20081388,11265,1733675700,958,951
2040,Codeforces Round 992 (Div. 2),krishna7777,11265,1733675700,844,889
2040,Codeforces Round 992 (Div. 2),LamTran93,11265,1733675700,0,382
2040,Codeforces Round 992 (Div. 2),forrealtho,11265,1733675700,1142,1061
2040,Codeforces Round 992 (Div. 2),mustansirhy,11265,1733675700,755,757
2040,Codeforces Round 992 (Div. 2),uma5125,11265,1733675700,713,862
2040,Codeforces Round 992 (Div. 2),meenanoolu,11265,1733675700,417,658
2040,Codeforces Round 992 (Div. 2),flanara,11265,1733675700,877,847
2040,Codeforces Round 992 (Div. 2),encodeworld,11265,1733675700,965,916
2040,Codeforces Round 992 (Div. 2),myself,11265,1733675700,758,759
2040,Codeforces Round 992 (Div. 2),008-Nurzhan-K-2027,11265,1733675700,712,862
2040,Codeforces Round 992 (Div. 2),RahimAshraf,11265,1733675700,713,727
2040,Codeforces Round 992 (Div. 2),42731073_ai,11265,1733675700,582,753
2040,Codeforces Round 992 (Div. 2),StringerBell,11265,1733675700,897,863
2040,Codeforces Round 992 (Div. 2),btech10070.23,11265,1733675700,766,848
2040,Codeforces Round 992 (Div. 2),mdshahriaswapno,11265,1733675700,914,876
2040,Codeforces Round 992 (Div. 2),hemantporwal2k3,11265,1733675700,853,829
2040,Codeforces Round 992 (Div. 2),Oala,11265,1733675700,0,382
2040,Codeforces Round 992 (Div. 2),Piyush-Goenka,11265,1733675700,767,765
2040,Codeforces Round 992 (Div. 2),Omswastik_11,11265,1733675700,891,858
2040,Codeforces Round 992 (Div. 2),p__seervi5678,11265,1733675700,1365,1248
2040,Codeforces Round 992 (Div. 2),ULTIMATE_NOOB,11307,1733675700,362,611
2040,Codeforces Round 992 (Div. 2),Ronak241205,11307,1733675700,773,768
2040,Codeforces Round 992 (Div. 2),brain_wash,11307,1733675700,774,768
2040,Codeforces Round 992 (Div. 2),nabil_safowan,11307,1733675700,905,868
2040,Codeforces Round 992 (Div. 2),sh4ki1,11307,1733675700,788,779
2040,Codeforces Round 992 (Div. 2),vibhugupta908,11307,1733675700,971,920
2040,Codeforces Round 992 (Div. 2),Manogna_ganji,11307,1733675700,396,640
2040,Codeforces Round 992 (Div. 2),aditya.kkmj,11307,1733675700,730,818
2040,Codeforces Round 992 (Div. 2),KhangNguyen0105,11307,1733675700,594,762
2040,Codeforces Round 992 (Div. 2),rushil_sharma,11307,1733675700,649,808
2040,Codeforces Round 992 (Div. 2),Nevil_jman007,11307,1733675700,895,899
2040,Codeforces Round 992 (Div. 2),aWty,11307,1733675700,1197,1107
2040,Codeforces Round 992 (Div. 2),Gruntov_Matvej,11307,1733675700,825,873
2040,Codeforces Round 992 (Div. 2),ITYORD,11307,1733675700,934,962
2040,Codeforces Round 992 (Div. 2),piyush-gangrade,11307,1733675700,0,382
2040,Codeforces Round 992 (Div. 2),levdalba,11307,1733675700,1203,1111
2040,Codeforces Round 992 (Div. 2),discipleofchrist,11307,1733675700,1028,966
2040,Codeforces Round 992 (Div. 2),lynx17,11307,1733675700,902,866
2040,Codeforces Round 992 (Div. 2),Ranpo_Edogawa,11307,1733675700,727,735
2040,Codeforces Round 992 (Div. 2),Saif_ul,11307,1733675700,686,707
2040,Codeforces Round 992 (Div. 2),Haroonking,11307,1733675700,637,798
2040,Codeforces Round 992 (Div. 2),AbhijeetRaj,11307,1733675700,845,822
2040,Codeforces Round 992 (Div. 2),phoenicxx,11307,1733675700,648,807
2040,Codeforces Round 992 (Div. 2),_krishhhhhhhhh___,11307,1733675700,744,829
2040,Codeforces Round 992 (Div. 2),daidai0000,11307,1733675700,822,804
2040,Codeforces Round 992 (Div. 2),Trying_2_Code,11307,1733675700,716,727
2040,Codeforces Round 992 (Div. 2),wdy._.hizard,11307,1733675700,946,997
2040,Codeforces Round 992 (Div. 2),deepakbavge12321,11307,1733675700,928,886
2040,Codeforces Round 992 (Div. 2),maheshsharmask123,11307,1733675700,980,928
2040,Codeforces Round 992 (Div. 2),anonymousghost9999,11307,1733675700,614,779
2040,Codeforces Round 992 (Div. 2),Utkarsh070,11307,1733675700,881,919
2040,Codeforces Round 992 (Div. 2),shashwat_1681,11307,1733675700,749,833
2040,Codeforces Round 992 (Div. 2),ranjith_1734,11307,1733675700,800,826
2040,Codeforces Round 992 (Div. 2),kv_1912,11307,1733675700,651,810
2040,Codeforces Round 992 (Div. 2),harshuke14,11307,1733675700,747,749
2040,Codeforces Round 992 (Div. 2),Dheeraj1706,11307,1733675700,889,855
2040,Codeforces Round 992 (Div. 2),Amol_Bhere,11307,1733675700,1129,1049
2040,Codeforces Round 992 (Div. 2),srihasinisripada,11307,1733675700,569,741
2040,Codeforces Round 992 (Div. 2),11_Prashant,11307,1733675700,747,832
2040,Codeforces Round 992 (Div. 2),roshik,11307,1733675700,884,852
2040,Codeforces Round 992 (Div. 2),ludYN109,11307,1733675700,356,606
2040,Codeforces Round 992 (Div. 2),kumarayushmanpandey075,11348,1733675700,372,619
2040,Codeforces Round 992 (Div. 2),nishkaagarwal2005,11348,1733675700,0,382
2040,Codeforces Round 992 (Div. 2),GJLH5,11348,1733675700,743,828
2040,Codeforces Round 992 (Div. 2),Emperor_123,11348,1733675700,916,946
2040,Codeforces Round 992 (Div. 2),khushi_gautam,11348,1733675700,623,663
2040,Codeforces Round 992 (Div. 2),6636,11348,1733675700,380,626
2040,Codeforces Round 992 (Div. 2),RDXCODER,11348,1733675700,979,926
2040,Codeforces Round 992 (Div. 2),choripan_enojado,11348,1733675700,590,758
2040,Codeforces Round 992 (Div. 2),codervipul,11348,1733675700,845,888
2040,Codeforces Round 992 (Div. 2),Xie_Z_H,11348,1733675700,841,818
2040,Codeforces Round 992 (Div. 2),champion03,11348,1733675700,600,766
2040,Codeforces Round 992 (Div. 2),33_nadrima,11348,1733675700,1002,944
2040,Codeforces Round 992 (Div. 2),Aly_Hossam,11348,1733675700,1099,1024
2040,Codeforces Round 992 (Div. 2),patcodes_01,11348,1733675700,992,977
2040,Codeforces Round 992 (Div. 2),utsavi_2Vapt187,11348,1733675700,795,783
2040,Codeforces Round 992 (Div. 2),vibhutibhatnagar,11348,1733675700,881,887
2040,Codeforces Round 992 (Div. 2),ALAKAZAM,11348,1733675700,907,908
2040,Codeforces Round 992 (Div. 2),bhardwajdeepanshi982,11348,1733675700,958,908
2040,Codeforces Round 992 (Div. 2),MahabubHasanMahin,11348,1733675700,771,802
2040,Codeforces Round 992 (Div. 2),Abdullah_05,11348,1733675700,610,775
2040,Codeforces Round 992 (Div. 2),anonymous_coder101,11348,1733675700,920,879
2040,Codeforces Round 992 (Div. 2),sejal_goel_06,11348,1733675700,755,837
2040,Codeforces Round 992 (Div. 2),mystichronicle,11348,1733675700,1247,1224
2040,Codeforces Round 992 (Div. 2),igennova001,11348,1733675700,1260,1159
2040,Codeforces Round 992 (Div. 2),manan0005,11348,1733675700,448,683
2040,Codeforces Round 992 (Div. 2),champion18,11348,1733675700,681,834
2040,Codeforces Round 992 (Div. 2),emon_6174,11348,1733675700,923,881
2040,Codeforces Round 992 (Div. 2),gpl,11348,1733675700,867,906
2040,Codeforces Round 992 (Div. 2),aditya.sharma_ug23,11348,1733675700,855,897
2040,Codeforces Round 992 (Div. 2),mahadi23,11348,1733675700,865,836
2040,Codeforces Round 992 (Div. 2),Amanbhardwaz,11348,1733675700,859,831
2040,Codeforces Round 992 (Div. 2),ahmed2305101636,11348,1733675700,845,888
2040,Codeforces Round 992 (Div. 2),raabyavasandani,11348,1733675700,636,796
2040,Codeforces Round 992 (Div. 2),AbdElrhmanMO,11348,1733675700,353,603
2040,Codeforces Round 992 (Div. 2),abhi_y28,11348,1733675700,801,787
2040,Codeforces Round 992 (Div. 2),bahazw,11348,1733675700,1038,973
2040,Codeforces Round 992 (Div. 2),Mona_4715,11384,1733675700,397,526
2040,Codeforces Round 992 (Div. 2),yzxdz,11384,1733675700,898,956
2040,Codeforces Round 992 (Div. 2),_tryagain3_,11384,1733675700,594,761
2040,Codeforces Round 992 (Div. 2),vyshnavi_341,11384,1733675700,772,851
2040,Codeforces Round 992 (Div. 2),virendra_1873,11384,1733675700,829,807
2040,Codeforces Round 992 (Div. 2),yashwant.A,11384,1733675700,360,608
2040,Codeforces Round 992 (Div. 2),AashayCode,11384,1733675700,1297,1190
2040,Codeforces Round 992 (Div. 2),H_Ridi,11384,1733675700,955,906
2040,Codeforces Round 992 (Div. 2),cabhi1111,11384,1733675700,760,756
2040,Codeforces Round 992 (Div. 2),major_ayush,11384,1733675700,1098,1098
2040,Codeforces Round 992 (Div. 2),Anmoldua_,11384,1733675700,842,885
2040,Codeforces Round 992 (Div. 2),killer2222,11384,1733675700,0,381
2040,Codeforces Round 992 (Div. 2),v0krom,11384,1733675700,977,964
2040,Codeforces Round 992 (Div. 2),srujan.karthikey,11384,1733675700,0,381
2040,Codeforces Round 992 (Div. 2),RingedRocket392,11384,1733675700,887,891
2040,Codeforces Round 992 (Div. 2),JyotishmanSaikia,11384,1733675700,848,891
2040,Codeforces Round 992 (Div. 2),Red-Hazelnut,11384,1733675700,999,941
2040,Codeforces Round 992 (Div. 2),ARIBA_HASAN,11384,1733675700,605,770
2040,Codeforces Round 992 (Div. 2),Runi2004,11384,1733675700,945,898
2040,Codeforces Round 992 (Div. 2),mehdi_dhieb,11384,1733675700,358,607
2040,Codeforces Round 992 (Div. 2),Puzzle_ninja,11384,1733675700,918,876
2040,Codeforces Round 992 (Div. 2),Asadovh,11384,1733675700,1038,973
2040,Codeforces Round 992 (Div. 2),Rahul_Raj_99,11384,1733675700,928,884
2040,Codeforces Round 992 (Div. 2),Alizingin,11384,1733675700,0,381
2040,Codeforces Round 992 (Div. 2),AbhidiptaRoy2004,11384,1733675700,829,807
2040,Codeforces Round 992 (Div. 2),debu_chk,11384,1733675700,885,889
2040,Codeforces Round 992 (Div. 2),trist,11384,1733675700,673,695
2040,Codeforces Round 992 (Div. 2),TLsyc47,11384,1733675700,899,901
2040,Codeforces Round 992 (Div. 2),Dynamic_2305,11384,1733675700,405,647
2040,Codeforces Round 992 (Div. 2),GibsonGYIOVdguisdo,11384,1733675700,0,381
2040,Codeforces Round 992 (Div. 2),kaziosman09,11414,1733675700,0,381
2040,Codeforces Round 992 (Div. 2),mahendra09,11414,1733675700,769,848
2040,Codeforces Round 992 (Div. 2),LohitPodcast,11414,1733675700,0,381
2040,Codeforces Round 992 (Div. 2),test2025,11414,1733675700,746,745
2040,Codeforces Round 992 (Div. 2),Sunny1507,11414,1733675700,952,902
2040,Codeforces Round 992 (Div. 2),vin2,11414,1733675700,828,806
2040,Codeforces Round 992 (Div. 2),mnm__,11414,1733675700,985,929
2040,Codeforces Round 992 (Div. 2),Manish013,11414,1733675700,881,885
2040,Codeforces Round 992 (Div. 2),ami_ovee37,11414,1733675700,718,726
2040,Codeforces Round 992 (Div. 2),shreya.pradhan2005,11414,1733675700,374,620
2040,Codeforces Round 992 (Div. 2),tqhuaoic...,11414,1733675700,382,626
2040,Codeforces Round 992 (Div. 2),sunny009,11414,1733675700,916,874
2040,Codeforces Round 992 (Div. 2),Abdulla_Al_Noman,11414,1733675700,859,830
2040,Codeforces Round 992 (Div. 2),ats17,11414,1733675700,361,609
2040,Codeforces Round 992 (Div. 2),jeba27,11414,1733675700,903,864
2040,Codeforces Round 992 (Div. 2),mansisahu_055,11414,1733675700,825,803
2040,Codeforces Round 992 (Div. 2),eargle,11414,1733675700,982,967
2040,Codeforces Round 992 (Div. 2),Adamya1304,11414,1733675700,947,898
2040,Codeforces Round 992 (Div. 2),Trung_NR,11414,1733675700,1017,955
2040,Codeforces Round 992 (Div. 2),_j.himansh,11414,1733675700,1053,985
2040,Codeforces Round 992 (Div. 2),Miraj13,11414,1733675700,847,820
2040,Codeforces Round 992 (Div. 2),frank22,11414,1733675700,772,850
2040,Codeforces Round 992 (Div. 2),tumenbay,11414,1733675700,1118,1038
2040,Codeforces Round 992 (Div. 2),pailanikitha714,11414,1733675700,944,896
2040,Codeforces Round 992 (Div. 2),Zohair_99,11414,1733675700,917,875
2040,Codeforces Round 992 (Div. 2),geokoko,11414,1733675700,349,599
2040,Codeforces Round 992 (Div. 2),jeeban_jyoti_patra,11414,1733675700,1086,1012
2040,Codeforces Round 992 (Div. 2),satan0710,11414,1733675700,910,940
2040,Codeforces Round 992 (Div. 2),ASHMIT2023,11414,1733675700,387,631
2040,Codeforces Round 992 (Div. 2),Kritya11,11414,1733675700,848,821
2040,Codeforces Round 992 (Div. 2),kutergin,11414,1733675700,456,689
2040,Codeforces Round 992 (Div. 2),always424.,11414,1733675700,836,812
2040,Codeforces Round 992 (Div. 2),NoahsCode,11446,1733675700,631,791
2040,Codeforces Round 992 (Div. 2),cry.Crystal,11446,1733675700,800,873
2040,Codeforces Round 992 (Div. 2),abprac,11446,1733675700,1384,1262
2040,Codeforces Round 992 (Div. 2),finallyhere,11446,1733675700,392,634
2040,Codeforces Round 992 (Div. 2),shikharsinha117,11446,1733675700,422,660
2040,Codeforces Round 992 (Div. 2),jihad_505,11446,1733675700,754,750
2040,Codeforces Round 992 (Div. 2),dipto_008,11446,1733675700,694,707
2040,Codeforces Round 992 (Div. 2),maryam_behroozi,11446,1733675700,958,1006
2040,Codeforces Round 992 (Div. 2),vin_contra,11446,1733675700,910,908
2040,Codeforces Round 992 (Div. 2),Tommy98107,11446,1733675700,399,640
2040,Codeforces Round 992 (Div. 2),mdzafar98,11446,1733675700,362,609
2040,Codeforces Round 992 (Div. 2),arif_king,11446,1733675700,850,822
2040,Codeforces Round 992 (Div. 2),chiragshirsath,11446,1733675700,1132,1050
2040,Codeforces Round 992 (Div. 2),smthing_dfrnt,11446,1733675700,0,380
2040,Codeforces Round 992 (Div. 2),BasmalaWaleed92,11446,1733675700,620,782
2040,Codeforces Round 992 (Div. 2),sonulohani314,11446,1733675700,763,756
2040,Codeforces Round 992 (Div. 2),mahfuzswe,11446,1733675700,700,712
2040,Codeforces Round 992 (Div. 2),mohan.j,11446,1733675700,621,782
2040,Codeforces Round 992 (Div. 2),AnchalJain11,11446,1733675700,743,885
2040,Codeforces Round 992 (Div. 2),ndyzyad08,11446,1733675700,411,651
2040,Codeforces Round 992 (Div. 2),Suuuper,11446,1733675700,0,380
2040,Codeforces Round 992 (Div. 2),arju-prog,11446,1733675700,755,836
2040,Codeforces Round 992 (Div. 2),somil0701,11446,1733675700,799,872
2040,Codeforces Round 992 (Div. 2),vRohith07,11446,1733675700,1126,1087
2040,Codeforces Round 992 (Div. 2),Onion2,11446,1733675700,715,862
2040,Codeforces Round 992 (Div. 2),stack_69,11446,1733675700,944,895
2040,Codeforces Round 992 (Div. 2),Dindin,11446,1733675700,983,926
2040,Codeforces Round 992 (Div. 2),ushmita,11446,1733675700,635,668
2040,Codeforces Round 992 (Div. 2),anpanmanBreadman,11474,1733675700,359,606
2040,Codeforces Round 992 (Div. 2),neuike9,11474,1733675700,367,613
2040,Codeforces Round 992 (Div. 2),quochan2009lhp,11474,1733675700,362,609
2040,Codeforces Round 992 (Div. 2),ro8267856984,11474,1733675700,423,661
2040,Codeforces Round 992 (Div. 2),Deep_Thought_Programs,11474,1733675700,1105,1027
2040,Codeforces Round 992 (Div. 2),Bassama7med,11474,1733675700,0,380
2040,Codeforces Round 992 (Div. 2),Reziliant,11474,1733675700,726,728
2040,Codeforces Round 992 (Div. 2),Xx_Efim239_xX,11474,1733675700,594,759
2040,Codeforces Round 992 (Div. 2),Yuriko,11474,1733675700,879,844
2040,Codeforces Round 992 (Div. 2),IAmDenji,11474,1733675700,627,787
2040,Codeforces Round 992 (Div. 2),mrutunjay--,11474,1733675700,1010,948
2040,Codeforces Round 992 (Div. 2),ravit_chatrath,11474,1733675700,981,924
2040,Codeforces Round 992 (Div. 2),noxjeet,11474,1733675700,901,860
2040,Codeforces Round 992 (Div. 2),Kunal_Anand,11474,1733675700,735,735
2040,Codeforces Round 992 (Div. 2),maurya_deepak,11474,1733675700,1064,992
2040,Codeforces Round 992 (Div. 2),samen05,11474,1733675700,924,919
2040,Codeforces Round 992 (Div. 2),sray3000,11474,1733675700,1148,1063
2040,Codeforces Round 992 (Div. 2),Dastanbekov,11474,1733675700,718,805
2040,Codeforces Round 992 (Div. 2),shyamghetiya1068,11474,1733675700,375,620
2040,Codeforces Round 992 (Div. 2),itsAMd22,11474,1733675700,787,773
2040,Codeforces Round 992 (Div. 2),im4rv1nd,11474,1733675700,844,885
2040,Codeforces Round 992 (Div. 2),yjliang24,11474,1733675700,0,380
2040,Codeforces Round 992 (Div. 2),BackOnTrack_,11474,1733675700,438,673
2040,Codeforces Round 992 (Div. 2),hdjhas,11474,1733675700,454,686
2040,Codeforces Round 992 (Div. 2),mohit_maverick,11474,1733675700,764,842
2040,Codeforces Round 992 (Div. 2),sanjay_001,11474,1733675700,877,842
2040,Codeforces Round 992 (Div. 2),yogeshbora7,11474,1733675700,1067,995
2040,Codeforces Round 992 (Div. 2),braiekmontassar651,11474,1733675700,0,380
2040,Codeforces Round 992 (Div. 2),sanskar_502,11474,1733675700,409,648
2040,Codeforces Round 992 (Div. 2),CR7_Clutch,11474,1733675700,634,793
2040,Codeforces Round 992 (Div. 2),shaurya.07,11474,1733675700,700,710
2040,Codeforces Round 992 (Div. 2),TheNameIs_ROY,11474,1733675700,600,764
2040,Codeforces Round 992 (Div. 2),omkarmulje1000,11506,1733675700,566,735
2040,Codeforces Round 992 (Div. 2),avm_k,11506,1733675700,907,865
2040,Codeforces Round 992 (Div. 2),OkuzGucuRedBullKanat,11506,1733675700,885,847
2040,Codeforces Round 992 (Div. 2),mohamedm7mo122,11506,1733675700,0,380
2040,Codeforces Round 992 (Div. 2),MoonDancer_zz,11506,1733675700,996,936
2040,Codeforces Round 992 (Div. 2),abhi_396,11506,1733675700,874,838
2040,Codeforces Round 992 (Div. 2),ahmedhossam_09,11506,1733675700,855,918
2040,Codeforces Round 992 (Div. 2),ab_kshyp,11506,1733675700,865,902
2040,Codeforces Round 992 (Div. 2),priyota08,11506,1733675700,767,757
2040,Codeforces Round 992 (Div. 2),TAT2010,11506,1733675700,562,732
2040,Codeforces Round 992 (Div. 2),an14udh,11506,1733675700,848,857
2040,Codeforces Round 992 (Div. 2),bye_bye,11506,1733675700,923,878
2040,Codeforces Round 992 (Div. 2),vanama_akshay_kumar,11506,1733675700,793,866
2040,Codeforces Round 992 (Div. 2),Okahak71,11506,1733675700,827,803
2040,Codeforces Round 992 (Div. 2),mdbadshasheikh2022,11506,1733675700,855,824
2040,Codeforces Round 992 (Div. 2),vik_as,11506,1733675700,869,835
2040,Codeforces Round 992 (Div. 2),sanskar3316,11506,1733675700,862,924
2040,Codeforces Round 992 (Div. 2),DivyamAwasthy,11506,1733675700,1095,1060
2040,Codeforces Round 992 (Div. 2),sksai,11506,1733675700,0,380
2040,Codeforces Round 992 (Div. 2),Cypher123,11506,1733675700,757,896
2040,Codeforces Round 992 (Div. 2),nikithaa,11506,1733675700,668,821
2040,Codeforces Round 992 (Div. 2),fateh007,11506,1733675700,937,987
2040,Codeforces Round 992 (Div. 2),oreki_07,11506,1733675700,1012,990
2040,Codeforces Round 992 (Div. 2),accen_ker,11506,1733675700,917,913
2040,Codeforces Round 992 (Div. 2),dilkrut,11530,1733675700,912,940
2040,Codeforces Round 992 (Div. 2),Sofa_Chair,11530,1733675700,973,991
2040,Codeforces Round 992 (Div. 2),VSS103073_Ali,11530,1733675700,800,781
2040,Codeforces Round 992 (Div. 2),potato09627,11530,1733675700,812,791
2040,Codeforces Round 992 (Div. 2),Intelligence10,11530,1733675700,522,593
2040,Codeforces Round 992 (Div. 2),BigBlow,11530,1733675700,375,619
2040,Codeforces Round 992 (Div. 2),Pratham18,11530,1733675700,1125,1043
2040,Codeforces Round 992 (Div. 2),howtohutao,11530,1733675700,765,903
2040,Codeforces Round 992 (Div. 2),AnastasioZxl,11530,1733675700,0,380
2040,Codeforces Round 992 (Div. 2),anmol.04,11530,1733675700,590,755
2040,Codeforces Round 992 (Div. 2),harati02,11530,1733675700,0,380
2040,Codeforces Round 992 (Div. 2),ayushsaksena,11530,1733675700,1008,987
2040,Codeforces Round 992 (Div. 2),algoel,11530,1733675700,358,605
2040,Codeforces Round 992 (Div. 2),04uhddismai,11530,1733675700,0,380
2040,Codeforces Round 992 (Div. 2),Iron_man783,11530,1733675700,416,654
2040,Codeforces Round 992 (Div. 2),Marisyn,11530,1733675700,0,380
2040,Codeforces Round 992 (Div. 2),blbtioey,11530,1733675700,0,380
2040,Codeforces Round 992 (Div. 2),saaad,11530,1733675700,709,715
2040,Codeforces Round 992 (Div. 2),Srimukhi,11530,1733675700,1034,967
2040,Codeforces Round 992 (Div. 2),prvnaidu,11530,1733675700,965,910
2040,Codeforces Round 992 (Div. 2),codersEras,11530,1733675700,980,923
2040,Codeforces Round 992 (Div. 2),Tech_Upriser,11530,1733675700,0,380
2040,Codeforces Round 992 (Div. 2),adityavaibhav139,11530,1733675700,383,626
2040,Codeforces Round 992 (Div. 2),puru29,11530,1733675700,1050,1056
2040,Codeforces Round 992 (Div. 2),BlackpenRedpen,11554,1733675700,808,786
2040,Codeforces Round 992 (Div. 2),LA_LEVANHOA,11554,1733675700,991,931
2040,Codeforces Round 992 (Div. 2),AmanGuptacd,11554,1733675700,621,780
2040,Codeforces Round 992 (Div. 2),mansvi.k,11554,1733675700,0,379
2040,Codeforces Round 992 (Div. 2),ami_tbhowmik,11554,1733675700,829,803
2040,Codeforces Round 992 (Div. 2),akellaakhila246,11554,1733675700,696,705
2040,Codeforces Round 992 (Div. 2),smahi4771,11554,1733675700,360,606
2040,Codeforces Round 992 (Div. 2),ceouetav,11554,1733675700,720,722
2040,Codeforces Round 992 (Div. 2),sumeek420,11554,1733675700,914,869
2040,Codeforces Round 992 (Div. 2),Anuj_Bag,11554,1733675700,893,892
2040,Codeforces Round 992 (Div. 2),Adwaits7,11554,1733675700,391,633
2040,Codeforces Round 992 (Div. 2),shashank_jaiswal,11554,1733675700,1012,948
2040,Codeforces Round 992 (Div. 2),rayapatiyeshwanthi,11554,1733675700,415,653
2040,Codeforces Round 992 (Div. 2),IDK17o1,11554,1733675700,974,958
2040,Codeforces Round 992 (Div. 2),aryanjsawant,11554,1733675700,611,772
2040,Codeforces Round 992 (Div. 2),Malako,11554,1733675700,639,796
2040,Codeforces Round 992 (Div. 2),atik_uwu,11554,1733675700,0,379
2040,Codeforces Round 992 (Div. 2),Kanika_07,11554,1733675700,425,661
2040,Codeforces Round 992 (Div. 2),sahil_2448_coder,11554,1733675700,913,868
2040,Codeforces Round 992 (Div. 2),vipul2003,11554,1733675700,1196,1102
2040,Codeforces Round 992 (Div. 2),ashik.r.apon,11554,1733675700,995,934
2040,Codeforces Round 992 (Div. 2),Avi_02,11554,1733675700,628,787
2040,Codeforces Round 992 (Div. 2),Sriram_8161,11554,1733675700,811,789
2040,Codeforces Round 992 (Div. 2),NostalgiaHer,11554,1733675700,840,905
2040,Codeforces Round 992 (Div. 2),youssef.kadob,11554,1733675700,0,379
2040,Codeforces Round 992 (Div. 2),ovien.YANG,11554,1733675700,746,886
2040,Codeforces Round 992 (Div. 2),Shakya_Himanshu,11554,1733675700,903,958
2040,Codeforces Round 992 (Div. 2),skandsingh7519,11554,1733675700,762,839
2040,Codeforces Round 992 (Div. 2),SiyamBhuiyan,11554,1733675700,1027,960
2040,Codeforces Round 992 (Div. 2),deepbluelake,11554,1733675700,876,910
2040,Codeforces Round 992 (Div. 2),adityadebnath0202,11584,1733675700,916,870
2040,Codeforces Round 992 (Div. 2),muskan1705,11584,1733675700,610,817
2040,Codeforces Round 992 (Div. 2),Ankita_Sonal,11584,1733675700,706,711
2040,Codeforces Round 992 (Div. 2),darkmeleee,11584,1733675700,622,781
2040,Codeforces Round 992 (Div. 2),dagur_10,11584,1733675700,387,629
2040,Codeforces Round 992 (Div. 2),hegdev13,11584,1733675700,0,379
2040,Codeforces Round 992 (Div. 2),Vidyasagar_Dadilwar,11584,1733675700,815,859
2040,Codeforces Round 992 (Div. 2),Unknownxcodes,11584,1733675700,959,945
2040,Codeforces Round 992 (Div. 2),rohanlokhande2022,11584,1733675700,946,894
2040,Codeforces Round 992 (Div. 2),AdrianoSpinola,11584,1733675700,963,948
2040,Codeforces Round 992 (Div. 2),Ayush7Repswal,11584,1733675700,856,892
2040,Codeforces Round 992 (Div. 2),dip_asm,11584,1733675700,529,595
2040,Codeforces Round 992 (Div. 2),sriramananth2912,11584,1733675700,924,917
2040,Codeforces Round 992 (Div. 2),Shreyas0803,11584,1733675700,862,898
2040,Codeforces Round 992 (Div. 2),govind803556,11584,1733675700,0,379
2040,Codeforces Round 992 (Div. 2),sdtik,11584,1733675700,869,872
2040,Codeforces Round 992 (Div. 2),As_Sabirin,11584,1733675700,1129,1045
2040,Codeforces Round 992 (Div. 2),NSR_55,11584,1733675700,1026,959
2040,Codeforces Round 992 (Div. 2),rishitmittal837,11584,1733675700,353,600
2040,Codeforces Round 992 (Div. 2),kr503grv,11603,1733675700,537,598
2040,Codeforces Round 992 (Div. 2),hahahahaha233,11603,1733675700,906,934
2040,Codeforces Round 992 (Div. 2),Mayank_jindal,11603,1733675700,0,379
2040,Codeforces Round 992 (Div. 2),atanas,11603,1733675700,1073,998
2040,Codeforces Round 992 (Div. 2),rakib2004,11603,1733675700,636,662
2040,Codeforces Round 992 (Div. 2),ArchitaB,11603,1733675700,1093,1014
2040,Codeforces Round 992 (Div. 2),Sohel_rana_25,11603,1733675700,588,752
2040,Codeforces Round 992 (Div. 2),Tonmoy__Roy,11603,1733675700,732,728
2040,Codeforces Round 992 (Div. 2),red_me,11603,1733675700,835,806
2040,Codeforces Round 992 (Div. 2),Diana.o,11603,1733675700,0,379
2040,Codeforces Round 992 (Div. 2),mahdiuzzamannishat,11603,1733675700,832,873
2040,Codeforces Round 992 (Div. 2),Yousuf_salah,11603,1733675700,831,803
2040,Codeforces Round 992 (Div. 2),victorsanjay000,11603,1733675700,667,683
2040,Codeforces Round 992 (Div. 2),krishnnna,11603,1733675700,1038,969
2040,Codeforces Round 992 (Div. 2),fuckedguy,11603,1733675700,878,839
2040,Codeforces Round 992 (Div. 2),falc_oneinskii,11603,1733675700,727,810
2040,Codeforces Round 992 (Div. 2),iam_sifat,11603,1733675700,594,757
2040,Codeforces Round 992 (Div. 2),Origin_77,11603,1733675700,679,829
2040,Codeforces Round 992 (Div. 2),Trot1er,11603,1733675700,788,860
2040,Codeforces Round 992 (Div. 2),Ravi___09,11603,1733675700,801,871
2040,Codeforces Round 992 (Div. 2),jainapurva49,11603,1733675700,843,882
2040,Codeforces Round 992 (Div. 2),SkTasnimUrRahman,11603,1733675700,787,769
2040,Codeforces Round 992 (Div. 2),sure002999,11603,1733675700,0,379
2040,Codeforces Round 992 (Div. 2),Frendem,11603,1733675700,864,828
2040,Codeforces Round 992 (Div. 2),Goryuten_metsu,11603,1733675700,747,826
2040,Codeforces Round 992 (Div. 2),BlazinFiree,11603,1733675700,0,379
2040,Codeforces Round 992 (Div. 2),Yug_Gabani,11603,1733675700,368,612
2040,Codeforces Round 992 (Div. 2),Praveen-116,11603,1733675700,0,379
2040,Codeforces Round 992 (Div. 2),NEU-TRON,11631,1733675700,1136,1050
2040,Codeforces Round 992 (Div. 2),poking,11631,1733675700,0,378
2040,Codeforces Round 992 (Div. 2),Evgen_nav,11631,1733675700,760,748
2040,Codeforces Round 992 (Div. 2),PoojaGadagi,11631,1733675700,951,937
2040,Codeforces Round 992 (Div. 2),UditPal1123,11631,1733675700,390,630
2040,Codeforces Round 992 (Div. 2),Vidarsh,11631,1733675700,0,378
2040,Codeforces Round 992 (Div. 2),kethangummalla,11631,1733675700,602,764
2040,Codeforces Round 992 (Div. 2),kurtyjlee,11631,1733675700,0,378
2040,Codeforces Round 992 (Div. 2),Sam_13110,11631,1733675700,738,732
2040,Codeforces Round 992 (Div. 2),kpt_20,11631,1733675700,0,378
2040,Codeforces Round 992 (Div. 2),Yadavpriya,11631,1733675700,828,800
2040,Codeforces Round 992 (Div. 2),petla,11631,1733675700,596,758
2040,Codeforces Round 992 (Div. 2),vinathi1234,11631,1733675700,915,940
2040,Codeforces Round 992 (Div. 2),tbplayerx,11631,1733675700,719,863
2040,Codeforces Round 992 (Div. 2),aditi_garg,11631,1733675700,845,852
2040,Codeforces Round 992 (Div. 2),siddhu_441,11631,1733675700,1221,1122
2040,Codeforces Round 992 (Div. 2),aye_sayne,11631,1733675700,804,820
2040,Codeforces Round 992 (Div. 2),bipiniitkgp,11631,1733675700,1011,946
2040,Codeforces Round 992 (Div. 2),Samiul_1100,11631,1733675700,796,866
2040,Codeforces Round 992 (Div. 2),Engineers_,11631,1733675700,937,959
2040,Codeforces Round 992 (Div. 2),i.am_anas,11631,1733675700,720,863
2040,Codeforces Round 992 (Div. 2),doomsday124,11631,1733675700,1237,1135
2040,Codeforces Round 992 (Div. 2),ShahariarIslam,11631,1733675700,1013,947
2040,Codeforces Round 992 (Div. 2),codegod2003,11631,1733675700,0,378
2040,Codeforces Round 992 (Div. 2),Umar-Sarfraz,11631,1733675700,797,776
2040,Codeforces Round 992 (Div. 2),jaz12,11631,1733675700,759,747
2040,Codeforces Round 992 (Div. 2),PQC123,11631,1733675700,0,378
2040,Codeforces Round 992 (Div. 2),DES-TROYER,11631,1733675700,923,874
2040,Codeforces Round 992 (Div. 2),Rifat_Hassan,11631,1733675700,930,953
2040,Codeforces Round 992 (Div. 2),v_k_s,11631,1733675700,608,769
2040,Codeforces Round 992 (Div. 2),maamruthan2,11631,1733675700,861,896
2040,Codeforces Round 992 (Div. 2),GXT,11631,1733675700,0,378
2040,Codeforces Round 992 (Div. 2),sanjayxdr,11663,1733675700,824,795
2040,Codeforces Round 992 (Div. 2),salmanzerei,11663,1733675700,806,850
2040,Codeforces Round 992 (Div. 2),240340155,11663,1733675700,0,378
2040,Codeforces Round 992 (Div. 2),salwabaki0017,11663,1733675700,890,887
2040,Codeforces Round 992 (Div. 2),sdhr729,11663,1733675700,0,378
2040,Codeforces Round 992 (Div. 2),abh1mod,11663,1733675700,370,613
2040,Codeforces Round 992 (Div. 2),Jayanth0625,11663,1733675700,610,770
2040,Codeforces Round 992 (Div. 2),Asif_Laam,11663,1733675700,705,707
2040,Codeforces Round 992 (Div. 2),Maliha225,11663,1733675700,871,832
2040,Codeforces Round 992 (Div. 2),dR_DvIl,11663,1733675700,890,919
2040,Codeforces Round 992 (Div. 2),Newcoder_123,11663,1733675700,722,720
2040,Codeforces Round 992 (Div. 2),mdammar9891,11663,1733675700,0,378
2040,Codeforces Round 992 (Div. 2),CasperTwin05,11663,1733675700,836,805
2040,Codeforces Round 992 (Div. 2),Camal1331,11663,1733675700,806,850
2040,Codeforces Round 992 (Div. 2),shreya777,11663,1733675700,815,882
2040,Codeforces Round 992 (Div. 2),BhagyaSree,11663,1733675700,893,849
2040,Codeforces Round 992 (Div. 2),ninja_one,11663,1733675700,910,863
2040,Codeforces Round 992 (Div. 2),C-plus-plus,11663,1733675700,852,817
2040,Codeforces Round 992 (Div. 2),Coder_Tanish,11663,1733675700,999,935
2040,Codeforces Round 992 (Div. 2),Abhimanyu_Kadhane,11663,1733675700,349,595
2040,Codeforces Round 992 (Div. 2),mowalid,11663,1733675700,861,824
2040,Codeforces Round 992 (Div. 2),bhanu_12015181,11663,1733675700,905,859
2040,Codeforces Round 992 (Div. 2),Kitty_alo_Ronaldo,11663,1733675700,1131,1045
2040,Codeforces Round 992 (Div. 2),Ayush_sharma1055,11663,1733675700,1280,1172
2040,Codeforces Round 992 (Div. 2),sd_11,11663,1733675700,808,876
2040,Codeforces Round 992 (Div. 2),venkyaman18,11663,1733675700,915,867
2040,Codeforces Round 992 (Div. 2),Mohammad_aseem,11663,1733675700,922,946
2040,Codeforces Round 992 (Div. 2),design1234,11663,1733675700,779,762
2040,Codeforces Round 992 (Div. 2),turjo31,11691,1733675700,803,779
2040,Codeforces Round 992 (Div. 2),Piyushsinghal2007,11691,1733675700,931,920
2040,Codeforces Round 992 (Div. 2),Tush058,11691,1733675700,938,885
2040,Codeforces Round 992 (Div. 2),thanglm_2006,11691,1733675700,911,903
2040,Codeforces Round 992 (Div. 2),bayra,11691,1733675700,761,747
2040,Codeforces Round 992 (Div. 2),iMahdiGh,11691,1733675700,917,968
2040,Codeforces Round 992 (Div. 2),sua_tuoi_dau,11691,1733675700,1021,1029
2040,Codeforces Round 992 (Div. 2),LouisFzz,11691,1733675700,387,627
2040,Codeforces Round 992 (Div. 2),qinshuizhusuiyue.,11691,1733675700,403,641
2040,Codeforces Round 992 (Div. 2),RuntimeError11,11691,1733675700,841,808
2040,Codeforces Round 992 (Div. 2),CipherGeek,11691,1733675700,618,776
2040,Codeforces Round 992 (Div. 2),fish_bone,11691,1733675700,372,614
2040,Codeforces Round 992 (Div. 2),adiprj,11691,1733675700,786,857
2040,Codeforces Round 992 (Div. 2),abadi.2009.ali,11691,1733675700,420,655
2040,Codeforces Round 992 (Div. 2),hustler1212,11691,1733675700,419,654
2040,Codeforces Round 992 (Div. 2),saaaad4,11691,1733675700,886,843
2040,Codeforces Round 992 (Div. 2),Ghost_from_JU,11691,1733675700,825,864
2040,Codeforces Round 992 (Div. 2),lm123,11691,1733675700,1014,947
2040,Codeforces Round 992 (Div. 2),mritesh108,11691,1733675700,659,674
2040,Codeforces Round 992 (Div. 2),rishav447,11691,1733675700,777,759
2040,Codeforces Round 992 (Div. 2),Jison_Chakma,11691,1733675700,976,916
2040,Codeforces Round 992 (Div. 2),leader511,11691,1733675700,719,801
2040,Codeforces Round 992 (Div. 2),abdiko,11691,1733675700,772,845
2040,Codeforces Round 992 (Div. 2),gowthamvishy,11691,1733675700,807,782
2040,Codeforces Round 992 (Div. 2),mopwox,11691,1733675700,0,378
2040,Codeforces Round 992 (Div. 2),Biplob420,11691,1733675700,419,654
2040,Codeforces Round 992 (Div. 2),pankaj_c,11691,1733675700,955,898
2040,Codeforces Round 992 (Div. 2),Nazmun_Naher,11691,1733675700,997,933
2040,Codeforces Round 992 (Div. 2),skulldanger__,11691,1733675700,602,763
2040,Codeforces Round 992 (Div. 2),mrjirapure,11691,1733675700,969,910
2040,Codeforces Round 992 (Div. 2),adityakumar07,11691,1733675700,920,870
2040,Codeforces Round 992 (Div. 2),ct_unkwn,11691,1733675700,859,822
2040,Codeforces Round 992 (Div. 2),siddharth0714,11723,1733675700,1048,975
2040,Codeforces Round 992 (Div. 2),Gaboo,11723,1733675700,696,842
2040,Codeforces Round 992 (Div. 2),_TOP_1,11723,1733675700,619,777
2040,Codeforces Round 992 (Div. 2),vd_03,11723,1733675700,383,623
2040,Codeforces Round 992 (Div. 2),SahilTKS,11723,1733675700,0,377
2040,Codeforces Round 992 (Div. 2),Dimosik532,11723,1733675700,0,377
2040,Codeforces Round 992 (Div. 2),Amit_Rane,11723,1733675700,381,621
2040,Codeforces Round 992 (Div. 2),ninja_byte,11723,1733675700,809,876
2040,Codeforces Round 992 (Div. 2),CTV,11723,1733675700,869,829
2040,Codeforces Round 992 (Div. 2),ENG.Hussam.Issa.,11723,1733675700,940,886
2040,Codeforces Round 992 (Div. 2),revanth4258,11723,1733675700,1134,1047
2040,Codeforces Round 992 (Div. 2),jayychhabra,11723,1733675700,658,810
2040,Codeforces Round 992 (Div. 2),coder2k24,11723,1733675700,386,626
2040,Codeforces Round 992 (Div. 2),IronEnjoyer,11723,1733675700,0,377
2040,Codeforces Round 992 (Div. 2),mnshsk,11723,1733675700,915,866
2040,Codeforces Round 992 (Div. 2),MananK123,11723,1733675700,365,608
2040,Codeforces Round 992 (Div. 2),redkitex,11723,1733675700,620,777
2040,Codeforces Round 992 (Div. 2),kabirdureja,11723,1733675700,0,377
2040,Codeforces Round 992 (Div. 2),v4mpine,11723,1733675700,751,739
2040,Codeforces Round 992 (Div. 2),Lin-YQ,11723,1733675700,419,654
2040,Codeforces Round 992 (Div. 2),Rahinnn,11723,1733675700,842,808
2040,Codeforces Round 992 (Div. 2),khushbuk0711,11723,1733675700,893,947
2040,Codeforces Round 992 (Div. 2),Roopesh_P,11745,1733675700,1140,1052
2040,Codeforces Round 992 (Div. 2),willwu,11745,1733675700,943,888
2040,Codeforces Round 992 (Div. 2),ramudi,11745,1733675700,655,807
2040,Codeforces Round 992 (Div. 2),AnonymousYeagerist,11745,1733675700,810,821
2040,Codeforces Round 992 (Div. 2),sailatha8724,11745,1733675700,595,756
2040,Codeforces Round 992 (Div. 2),tranducvietbui,11745,1733675700,593,754
2040,Codeforces Round 992 (Div. 2),googlepascha,11745,1733675700,452,682
2040,Codeforces Round 992 (Div. 2),mj_1048,11745,1733675700,760,744
2040,Codeforces Round 992 (Div. 2),Nishi_0506,11745,1733675700,917,940
2040,Codeforces Round 992 (Div. 2),sazzad1835,11745,1733675700,944,888
2040,Codeforces Round 992 (Div. 2),anjurao,11745,1733675700,952,895
2040,Codeforces Round 992 (Div. 2),thien_nga,11745,1733675700,1087,1007
2040,Codeforces Round 992 (Div. 2),sharif015,11745,1733675700,644,662
2040,Codeforces Round 992 (Div. 2),let_it_go_,11745,1733675700,920,869
2040,Codeforces Round 992 (Div. 2),SeekhneDoYaar,11745,1733675700,899,852
2040,Codeforces Round 992 (Div. 2),KhwarizmiCoder,11745,1733675700,755,830
2040,Codeforces Round 992 (Div. 2),Akhilesh0809,11745,1733675700,808,875
2040,Codeforces Round 992 (Div. 2),hbk1199,11745,1733675700,1168,1075
2040,Codeforces Round 992 (Div. 2),abhi_786,11745,1733675700,796,810
2040,Codeforces Round 992 (Div. 2),shadowkj,11745,1733675700,856,915
2040,Codeforces Round 992 (Div. 2),its060shafi,11745,1733675700,386,626
2040,Codeforces Round 992 (Div. 2),rajarshisarkar.2003.rs,11745,1733675700,0,377
2040,Codeforces Round 992 (Div. 2),Pankaj_Singla2,11745,1733675700,1103,1020
2040,Codeforces Round 992 (Div. 2),yashu26,11745,1733675700,848,883
2040,Codeforces Round 992 (Div. 2),MD.REON,11769,1733675700,824,792
2040,Codeforces Round 992 (Div. 2),faysal.ahmed,11769,1733675700,671,679
2040,Codeforces Round 992 (Div. 2),piyushah,11769,1733675700,353,597
2040,Codeforces Round 992 (Div. 2),Advaithftw,11769,1733675700,628,783
2040,Codeforces Round 992 (Div. 2),rai_ayush1306,11769,1733675700,877,933
2040,Codeforces Round 992 (Div. 2),shaikh_4355,11769,1733675700,779,758
2040,Codeforces Round 992 (Div. 2),Ishmam90,11769,1733675700,587,749
2040,Codeforces Round 992 (Div. 2),tarsha,11769,1733675700,679,827
2040,Codeforces Round 992 (Div. 2),Pavan__Sai,11769,1733675700,1005,938
2040,Codeforces Round 992 (Div. 2),atrytone_cytheria,11769,1733675700,552,766
2040,Codeforces Round 992 (Div. 2),Diya5772,11769,1733675700,736,726
2040,Codeforces Round 992 (Div. 2),shivshankar_83,11769,1733675700,378,619
2040,Codeforces Round 992 (Div. 2),Kanber17,11769,1733675700,591,752
2040,Codeforces Round 992 (Div. 2),AdityaBala,11769,1733675700,933,879
2040,Codeforces Round 992 (Div. 2),ZGonce819,11769,1733675700,910,860
2040,Codeforces Round 992 (Div. 2),Monstiez,11769,1733675700,851,853
2040,Codeforces Round 992 (Div. 2),SD_or_GS,11769,1733675700,844,808
2040,Codeforces Round 992 (Div. 2),Arsh123,11769,1733675700,1020,951
2040,Codeforces Round 992 (Div. 2),Sper,11769,1733675700,444,675
2040,Codeforces Round 992 (Div. 2),miraj_79,11769,1733675700,840,901
2040,Codeforces Round 992 (Div. 2),cybermermaid,11769,1733675700,660,811
2040,Codeforces Round 992 (Div. 2),NHHTin12,11769,1733675700,383,623
2040,Codeforces Round 992 (Div. 2),23211a05f6,11769,1733675700,730,809
2040,Codeforces Round 992 (Div. 2),nmlakhani1203,11769,1733675700,423,657
2040,Codeforces Round 992 (Div. 2),shenmi666,11793,1733675700,770,750
2040,Codeforces Round 992 (Div. 2),Arko7,11793,1733675700,849,811
2040,Codeforces Round 992 (Div. 2),sandeepOG,11793,1733675700,875,832
2040,Codeforces Round 992 (Div. 2),NIKKU_DADDY_29,11793,1733675700,1006,938
2040,Codeforces Round 992 (Div. 2),Detroy,11793,1733675700,643,796
2040,Codeforces Round 992 (Div. 2),luck_xxkp,11793,1733675700,860,860
2040,Codeforces Round 992 (Div. 2),Dias1177,11793,1733675700,0,376
2040,Codeforces Round 992 (Div. 2),The_Batman99,11793,1733675700,1033,961
2040,Codeforces Round 992 (Div. 2),TFS_here,11793,1733675700,923,870
2040,Codeforces Round 992 (Div. 2),Durgesh_A,11793,1733675700,971,985
2040,Codeforces Round 992 (Div. 2),pkchandana,11793,1733675700,664,814
2040,Codeforces Round 992 (Div. 2),Luna379,11793,1733675700,782,851
2040,Codeforces Round 992 (Div. 2),webulu,11793,1733675700,421,655
2040,Codeforces Round 992 (Div. 2),kjsdg,11793,1733675700,353,597
2040,Codeforces Round 992 (Div. 2),ChudiDhruv,11793,1733675700,712,855
2040,Codeforces Round 992 (Div. 2),lishihao,11793,1733675700,372,613
2040,Codeforces Round 992 (Div. 2),Kevin_D,11793,1733675700,710,853
2040,Codeforces Round 992 (Div. 2),saxenaprashast2003,11793,1733675700,920,868
2040,Codeforces Round 992 (Div. 2),grassblock233,11793,1733675700,0,376
2040,Codeforces Round 992 (Div. 2),GouravT,11793,1733675700,761,810
2040,Codeforces Round 992 (Div. 2),mandal323sayan,11793,1733675700,865,823
2040,Codeforces Round 992 (Div. 2),Ankit0704,11793,1733675700,658,809
2040,Codeforces Round 992 (Div. 2),Script_Kiddie,11793,1733675700,1347,1227
2040,Codeforces Round 992 (Div. 2),error6176,11816,1733675700,838,802
2040,Codeforces Round 992 (Div. 2),Andrezu,11816,1733675700,0,376
2040,Codeforces Round 992 (Div. 2),vikramadityaa,11816,1733675700,782,851
2040,Codeforces Round 992 (Div. 2),priyanshu_kumar01,11816,1733675700,904,928
2040,Codeforces Round 992 (Div. 2),specter12325,11816,1733675700,1303,1189
2040,Codeforces Round 992 (Div. 2),Abdalrahman-khairy,11816,1733675700,1360,1238
2040,Codeforces Round 992 (Div. 2),Dsync.7,11816,1733675700,0,376
2040,Codeforces Round 992 (Div. 2),CodeWizParth,11816,1733675700,353,597
2040,Codeforces Round 992 (Div. 2),kanish217,11816,1733675700,818,787
2040,Codeforces Round 992 (Div. 2),nguyenthai1807,11816,1733675700,853,911
2040,Codeforces Round 992 (Div. 2),Arafat_Rahman_CSE_CSTU,11816,1733675700,414,649
2040,Codeforces Round 992 (Div. 2),sai_teja_2873,11816,1733675700,0,376
2040,Codeforces Round 992 (Div. 2),sa7ya,11816,1733675700,853,814
2040,Codeforces Round 992 (Div. 2),ResilientRose,11816,1733675700,753,889
2040,Codeforces Round 992 (Div. 2),JrMelloXOmega,11816,1733675700,666,674
2040,Codeforces Round 992 (Div. 2),low_bug,11816,1733675700,787,763
2040,Codeforces Round 992 (Div. 2),gamma_tester,11816,1733675700,999,974
2040,Codeforces Round 992 (Div. 2),coder008,11816,1733675700,857,889
2040,Codeforces Round 992 (Div. 2),manasvigarg2,11816,1733675700,778,848
2040,Codeforces Round 992 (Div. 2),huzer,11816,1733675700,769,749
2040,Codeforces Round 992 (Div. 2),IAmRookieAF,11816,1733675700,915,937
2040,Codeforces Round 992 (Div. 2),Hasaaan,11816,1733675700,522,578
2040,Codeforces Round 992 (Div. 2),Percival-01,11816,1733675700,850,811
2040,Codeforces Round 992 (Div. 2),anubhavverma233,11839,1733675700,864,862
2040,Codeforces Round 992 (Div. 2),adarshk.shivam,11839,1733675700,1133,1044
2040,Codeforces Round 992 (Div. 2),shubham9,11839,1733675700,972,909
2040,Codeforces Round 992 (Div. 2),Rahul_Kumar_Keshri_100,11839,1733675700,682,685
2040,Codeforces Round 992 (Div. 2),Iskan1113,11839,1733675700,620,776
2040,Codeforces Round 992 (Div. 2),_tirtha_,11839,1733675700,879,834
2040,Codeforces Round 992 (Div. 2),Aadarsh_3,11839,1733675700,0,376
2040,Codeforces Round 992 (Div. 2),nishanthnelanti,11839,1733675700,607,765
2040,Codeforces Round 992 (Div. 2),fatema1010,11839,1733675700,715,708
2040,Codeforces Round 992 (Div. 2),yash_718,11839,1733675700,734,811
2040,Codeforces Round 992 (Div. 2),mahic,11839,1733675700,761,742
2040,Codeforces Round 992 (Div. 2),megha_coder,11839,1733675700,0,376
2040,Codeforces Round 992 (Div. 2),sharat05,11839,1733675700,759,832
2040,Codeforces Round 992 (Div. 2),himanshukrdev007,11839,1733675700,785,799
2040,Codeforces Round 992 (Div. 2),KayatW,11839,1733675700,0,376
2040,Codeforces Round 992 (Div. 2),vedavyas14042003,11839,1733675700,1049,973
2040,Codeforces Round 992 (Div. 2),rifattanjid,11839,1733675700,926,946
2040,Codeforces Round 992 (Div. 2),c4513,11839,1733675700,745,882
2040,Codeforces Round 992 (Div. 2),karl01902,11839,1733675700,862,820
2040,Codeforces Round 992 (Div. 2),pratham.204013,11839,1733675700,837,801
2040,Codeforces Round 992 (Div. 2),MariamMaria,11859,1733675700,1016,946
2040,Codeforces Round 992 (Div. 2),saif_hosen_rajon,11859,1733675700,813,781
2040,Codeforces Round 992 (Div. 2),Rawz,11859,1733675700,683,829
2040,Codeforces Round 992 (Div. 2),Sushanth_Goud,11859,1733675700,859,818
2040,Codeforces Round 992 (Div. 2),saatviksingh77,11859,1733675700,353,596
2040,Codeforces Round 992 (Div. 2),varunnn.ch,11859,1733675700,937,880
2040,Codeforces Round 992 (Div. 2),xuzzu,11859,1733675700,0,376
2040,Codeforces Round 992 (Div. 2),prasad0x19,11859,1733675700,696,779
2040,Codeforces Round 992 (Div. 2),GunJon,11859,1733675700,808,873
2040,Codeforces Round 992 (Div. 2),demonzz77,11859,1733675700,945,989
2040,Codeforces Round 992 (Div. 2),kumarvatsal34,11859,1733675700,736,812
2040,Codeforces Round 992 (Div. 2),Ym1234,11859,1733675700,737,813
2040,Codeforces Round 992 (Div. 2),hemanthmuthyamdevareddy,11859,1733675700,591,751
2040,Codeforces Round 992 (Div. 2),ahanaf101,11859,1733675700,1132,1043
2040,Codeforces Round 992 (Div. 2),vaibhavkadav,11859,1733675700,353,596
2040,Codeforces Round 992 (Div. 2),dvuren,11859,1733675700,0,376
2040,Codeforces Round 992 (Div. 2),kemkartanya,11875,1733675700,628,782
2040,Codeforces Round 992 (Div. 2),Rohit_Sec_Acc,11875,1733675700,1107,1021
2040,Codeforces Round 992 (Div. 2),Rahul_shanks1234,11875,1733675700,832,866
2040,Codeforces Round 992 (Div. 2),teja_4,11875,1733675700,871,926
2040,Codeforces Round 992 (Div. 2),LonelyObserver,11875,1733675700,378,617
2040,Codeforces Round 992 (Div. 2),harshkumar_07,11875,1733675700,382,621
2040,Codeforces Round 992 (Div. 2),Mayank_Dahiya1,11875,1733675700,351,594
2040,Codeforces Round 992 (Div. 2),Artist02,11875,1733675700,591,750
2040,Codeforces Round 992 (Div. 2),not.rahul,11875,1733675700,700,843
2040,Codeforces Round 992 (Div. 2),Shiwam1018,11875,1733675700,793,834
2040,Codeforces Round 992 (Div. 2),_MMU_,11875,1733675700,1000,931
2040,Codeforces Round 992 (Div. 2),Pzre9,11875,1733675700,0,375
2040,Codeforces Round 992 (Div. 2),Triple__S,11875,1733675700,736,722
2040,Codeforces Round 992 (Div. 2),R3Z1,11875,1733675700,828,792
2040,Codeforces Round 992 (Div. 2),tusharrajput2008,11875,1733675700,1110,1024
2040,Codeforces Round 992 (Div. 2),BikramKumar,11875,1733675700,0,375
2040,Codeforces Round 992 (Div. 2),ProgrammingNovice_156,11875,1733675700,0,375
2040,Codeforces Round 992 (Div. 2),sibasankar0410,11875,1733675700,372,612
2040,Codeforces Round 992 (Div. 2),i_laxman_,11875,1733675700,998,930
2040,Codeforces Round 992 (Div. 2),Parv-0210,11875,1733675700,840,802
2040,Codeforces Round 992 (Div. 2),C102063,11875,1733675700,1122,1034
2040,Codeforces Round 992 (Div. 2),prasunjha__,11875,1733675700,633,786
2040,Codeforces Round 992 (Div. 2),reeCompiler,11875,1733675700,650,801
2040,Codeforces Round 992 (Div. 2),suhanibansal1515,11875,1733675700,415,649
2040,Codeforces Round 992 (Div. 2),Sajid2002,11875,1733675700,596,754
2040,Codeforces Round 992 (Div. 2),kankshithareddypkr,11875,1733675700,1022,950
2040,Codeforces Round 992 (Div. 2),snigdhchamoli,11901,1733675700,574,735
2040,Codeforces Round 992 (Div. 2),gust0wind7,11901,1733675700,0,375
2040,Codeforces Round 992 (Div. 2),jagritisingh2006,11901,1733675700,919,966
2040,Codeforces Round 992 (Div. 2),Madineni_Sai_Teja,11901,1733675700,0,375
2040,Codeforces Round 992 (Div. 2),NaiTension,11901,1733675700,917,863
2040,Codeforces Round 992 (Div. 2),Abrar2212,11901,1733675700,833,893
2040,Codeforces Round 992 (Div. 2),tirthankar_03,11901,1733675700,752,825
2040,Codeforces Round 992 (Div. 2),TryHard007,11901,1733675700,609,766
2040,Codeforces Round 992 (Div. 2),jjjy,11901,1733675700,857,854
2040,Codeforces Round 992 (Div. 2),shoovoon,11901,1733675700,598,756
2040,Codeforces Round 992 (Div. 2),Satyam.pr,11901,1733675700,859,816
2040,Codeforces Round 992 (Div. 2),bhupendra66,11901,1733675700,845,845
2040,Codeforces Round 992 (Div. 2),utopia013,11901,1733675700,791,857
2040,Codeforces Round 992 (Div. 2),YLoooX,11901,1733675700,611,767
2040,Codeforces Round 992 (Div. 2),neha_mohd,11901,1733675700,868,896
2040,Codeforces Round 992 (Div. 2),Blank-BBX,11901,1733675700,0,375
2040,Codeforces Round 992 (Div. 2),av6sherlock,11901,1733675700,376,615
2040,Codeforces Round 992 (Div. 2),Suman8295,11901,1733675700,838,799
2040,Codeforces Round 992 (Div. 2),Matin005,11901,1733675700,821,786
2040,Codeforces Round 992 (Div. 2),Anish-Kumat,11901,1733675700,382,620
2040,Codeforces Round 992 (Div. 2),xandermeander,11901,1733675700,914,1025
2040,Codeforces Round 992 (Div. 2),VIRTUOSO_8051,11922,1733675700,829,863
2040,Codeforces Round 992 (Div. 2),Devasis11,11922,1733675700,904,851
2040,Codeforces Round 992 (Div. 2),diptanshu_p,11922,1733675700,615,770
2040,Codeforces Round 992 (Div. 2),Omjoshi_7206,11922,1733675700,1270,1160
2040,Codeforces Round 992 (Div. 2),subs223,11922,1733675700,378,617
2040,Codeforces Round 992 (Div. 2),yRajveer,11922,1733675700,891,942
2040,Codeforces Round 992 (Div. 2),rvrs,11922,1733675700,955,893
2040,Codeforces Round 992 (Div. 2),santinull36,11922,1733675700,0,375
2040,Codeforces Round 992 (Div. 2),bansalkartik15,11922,1733675700,0,375
2040,Codeforces Round 992 (Div. 2),Mukundk24,11922,1733675700,827,830
2040,Codeforces Round 992 (Div. 2),shaquibbai,11922,1733675700,363,603
2040,Codeforces Round 992 (Div. 2),deadmanop,11922,1733675700,362,603
2040,Codeforces Round 992 (Div. 2),never_code,11922,1733675700,1023,950
2040,Codeforces Round 992 (Div. 2),Aniket_719,11922,1733675700,1067,987
2040,Codeforces Round 992 (Div. 2),rhomboid,11922,1733675700,600,757
2040,Codeforces Round 992 (Div. 2),Satyam_Singh019,11922,1733675700,392,629
2040,Codeforces Round 992 (Div. 2),Dhruvdxt,11922,1733675700,0,375
2040,Codeforces Round 992 (Div. 2),manya_srivastava,11922,1733675700,0,375
2040,Codeforces Round 992 (Div. 2),ayush0007,11922,1733675700,579,739
2040,Codeforces Round 992 (Div. 2),manitejsriram05,11922,1733675700,1117,1029
2040,Codeforces Round 992 (Div. 2),DoctorAndy,11922,1733675700,936,878
2040,Codeforces Round 992 (Div. 2),Sahadheep,11922,1733675700,869,896
2040,Codeforces Round 992 (Div. 2),.M.A.S.K.,11922,1733675700,609,765
2040,Codeforces Round 992 (Div. 2),Sindhusha_D,11945,1733675700,355,597
2040,Codeforces Round 992 (Div. 2),s-7,11945,1733675700,723,709
2040,Codeforces Round 992 (Div. 2),manu_24,11945,1733675700,836,836
2040,Codeforces Round 992 (Div. 2),cin_ANUP,11945,1733675700,725,711
2040,Codeforces Round 992 (Div. 2),guinelo_cp,11945,1733675700,842,801
2040,Codeforces Round 992 (Div. 2),funa4i,11945,1733675700,943,883
2040,Codeforces Round 992 (Div. 2),Faraz_1032,11945,1733675700,830,792
2040,Codeforces Round 992 (Div. 2),HarshitKarnani,11945,1733675700,0,375
2040,Codeforces Round 992 (Div. 2),tejesh11,11945,1733675700,646,796
2040,Codeforces Round 992 (Div. 2),015589289822,11945,1733675700,0,375
2040,Codeforces Round 992 (Div. 2),luoqinxing,11945,1733675700,653,802
2040,Codeforces Round 992 (Div. 2),rayy1,11945,1733675700,911,931
2040,Codeforces Round 992 (Div. 2),_NguyenHung,11945,1733675700,0,375
2040,Codeforces Round 992 (Div. 2),nusrattabassum2206,11945,1733675700,752,732
2040,Codeforces Round 992 (Div. 2),star_salusha,11945,1733675700,784,756
2040,Codeforces Round 992 (Div. 2),rohitsedha,11945,1733675700,361,602
2040,Codeforces Round 992 (Div. 2),mannuchauhan4195,11945,1733675700,378,616
2040,Codeforces Round 992 (Div. 2),AtomicFire,11945,1733675700,1165,1148
2040,Codeforces Round 992 (Div. 2),Sve7,11945,1733675700,609,765
2040,Codeforces Round 992 (Div. 2),m_tiksh,11945,1733675700,887,837
2040,Codeforces Round 992 (Div. 2),Panta_Iilisha,11945,1733675700,907,853
2040,Codeforces Round 992 (Div. 2),maxyzo,11945,1733675700,0,375
2040,Codeforces Round 992 (Div. 2),soni_brothers,11945,1733675700,660,808
2040,Codeforces Round 992 (Div. 2),moaz4696,11968,1733675700,614,769
2040,Codeforces Round 992 (Div. 2),adaptive_momentum,11968,1733675700,0,374
2040,Codeforces Round 992 (Div. 2),sohail_hasan,11968,1733675700,968,903
2040,Codeforces Round 992 (Div. 2),somir4n,11968,1733675700,833,892
2040,Codeforces Round 992 (Div. 2),BTC,11968,1733675700,583,611
2040,Codeforces Round 992 (Div. 2),biskybites,11968,1733675700,611,766
2040,Codeforces Round 992 (Div. 2),prepodd,11968,1733675700,1063,983
2040,Codeforces Round 992 (Div. 2),cmlity,11968,1733675700,981,913
2040,Codeforces Round 992 (Div. 2),Tejesh12,11968,1733675700,883,907
2040,Codeforces Round 992 (Div. 2),RidC0der,11968,1733675700,981,913
2040,Codeforces Round 992 (Div. 2),lapdz2008,11968,1733675700,746,819
2040,Codeforces Round 992 (Div. 2),AnhKietSS,11968,1733675700,962,898
2040,Codeforces Round 992 (Div. 2),Khoi_King_of_code,11968,1733675700,361,602
2040,Codeforces Round 992 (Div. 2),123dev321,11968,1733675700,643,652
2040,Codeforces Round 992 (Div. 2),AD_2004,11968,1733675700,415,648
2040,Codeforces Round 992 (Div. 2),Monster_,11968,1733675700,788,759
2040,Codeforces Round 992 (Div. 2),vyaswanthssmv,11984,1733675700,844,802
2040,Codeforces Round 992 (Div. 2),hazembellili,11984,1733675700,599,755
2040,Codeforces Round 992 (Div. 2),Ritika_K,11984,1733675700,743,723
2040,Codeforces Round 992 (Div. 2),swayxm_20,11984,1733675700,944,987
2040,Codeforces Round 992 (Div. 2),Ui_Umi,11984,1733675700,668,669
2040,Codeforces Round 992 (Div. 2),raghav8218,11984,1733675700,764,833
2040,Codeforces Round 992 (Div. 2),rupesh780,11984,1733675700,888,837
2040,Codeforces Round 992 (Div. 2),Shadow121,11984,1733675700,802,839
2040,Codeforces Round 992 (Div. 2),Thomas_1,11984,1733675700,382,619
2040,Codeforces Round 992 (Div. 2),adityasoftdev,11984,1733675700,813,777
2040,Codeforces Round 992 (Div. 2),TK0602,11984,1733675700,350,592
2040,Codeforces Round 992 (Div. 2),SuiseiPettan,11984,1733675700,957,970
2040,Codeforces Round 992 (Div. 2),Piyush.V,11984,1733675700,378,616
2040,Codeforces Round 992 (Div. 2),Abs0luteZero,11984,1733675700,746,726
2040,Codeforces Round 992 (Div. 2),Bjorn_396,11984,1733675700,839,798
2040,Codeforces Round 992 (Div. 2),kmad9051,11984,1733675700,626,778
2040,Codeforces Round 992 (Div. 2),Buttercup-kh,11984,1733675700,749,728
2040,Codeforces Round 992 (Div. 2),manthan.parmarr,11984,1733675700,642,650
2040,Codeforces Round 992 (Div. 2),golivignesh,11984,1733675700,756,826
2040,Codeforces Round 992 (Div. 2),onkar1718,11984,1733675700,569,730
2040,Codeforces Round 992 (Div. 2),alpamis,12004,1733675700,899,845
2040,Codeforces Round 992 (Div. 2),SirxPh4ntom,12004,1733675700,376,614
2040,Codeforces Round 992 (Div. 2),manikan.by,12004,1733675700,0,374
2040,Codeforces Round 992 (Div. 2),chu1423,12004,1733675700,755,825
2040,Codeforces Round 992 (Div. 2),sagar_soni9905,12004,1733675700,817,851
2040,Codeforces Round 992 (Div. 2),NeeleshK,12004,1733675700,353,594
2040,Codeforces Round 992 (Div. 2),manojshipra,12004,1733675700,391,627
2040,Codeforces Round 992 (Div. 2),professionalgamerz36,12004,1733675700,407,640
2040,Codeforces Round 992 (Div. 2),7calculus,12004,1733675700,913,932
2040,Codeforces Round 992 (Div. 2),WAZ_2k04,12004,1733675700,785,851
2040,Codeforces Round 992 (Div. 2),AbdullahRn,12004,1733675700,938,877
2040,Codeforces Round 992 (Div. 2),Dobrii_Gnoms_Father,12004,1733675700,1009,937
2040,Codeforces Round 992 (Div. 2),Hantur,12004,1733675700,840,798
2040,Codeforces Round 992 (Div. 2),rezaul_1,12004,1733675700,994,924
2040,Codeforces Round 992 (Div. 2),Rey_Springfield,12004,1733675700,855,810
2040,Codeforces Round 992 (Div. 2),chronovoid,12004,1733675700,370,608
2040,Codeforces Round 992 (Div. 2),tientrumbida,12020,1733675700,394,629
2040,Codeforces Round 992 (Div. 2),blackphoenix369,12020,1733675700,383,620
2040,Codeforces Round 992 (Div. 2),ghanif,12020,1733675700,867,893
2040,Codeforces Round 992 (Div. 2),jeetanand03,12020,1733675700,881,830
2040,Codeforces Round 992 (Div. 2),Marisa9051,12020,1733675700,593,750
2040,Codeforces Round 992 (Div. 2),siva_._reddy,12020,1733675700,0,374
2040,Codeforces Round 992 (Div. 2),E.ESPIRITU,12020,1733675700,798,861
2040,Codeforces Round 992 (Div. 2),senpaikj_06,12020,1733675700,820,853
2040,Codeforces Round 992 (Div. 2),SuperPato,12020,1733675700,357,597
2040,Codeforces Round 992 (Div. 2),TanvirArif,12020,1733675700,826,786
2040,Codeforces Round 992 (Div. 2),Eigen_Value,12020,1733675700,812,775
2040,Codeforces Round 992 (Div. 2),CodeCraftedBySaf,12020,1733675700,1139,1125
2040,Codeforces Round 992 (Div. 2),ankush_yadav_11,12020,1733675700,799,804
2040,Codeforces Round 992 (Div. 2),ubhranipreetish,12020,1733675700,365,604
2040,Codeforces Round 992 (Div. 2),kagenojitsuryokusha,12020,1733675700,758,827
2040,Codeforces Round 992 (Div. 2),Prizrak_KGZ-2010,12020,1733675700,614,768
2040,Codeforces Round 992 (Div. 2),Sabit_Ibragimov,12020,1733675700,857,811
2040,Codeforces Round 992 (Div. 2),roudaynaelhazgui,12020,1733675700,868,860
2040,Codeforces Round 992 (Div. 2),pranav225,12020,1733675700,761,804
2040,Codeforces Round 992 (Div. 2),nipun_gupta31,12039,1733675700,834,792
2040,Codeforces Round 992 (Div. 2),Chaitu5210,12039,1733675700,370,608
2040,Codeforces Round 992 (Div. 2),Lijohn23,12039,1733675700,353,594
2040,Codeforces Round 992 (Div. 2),Retereum,12039,1733675700,937,875
2040,Codeforces Round 992 (Div. 2),M-Pabon,12039,1733675700,596,752
2040,Codeforces Round 992 (Div. 2),riazul_islam,12039,1733675700,1054,973
2040,Codeforces Round 992 (Div. 2),paulasofia,12039,1733675700,714,699
2040,Codeforces Round 992 (Div. 2),_404_,12039,1733675700,883,831
2040,Codeforces Round 992 (Div. 2),MaximusAurelius,12039,1733675700,858,885
2040,Codeforces Round 992 (Div. 2),Zids,12039,1733675700,696,686
2040,Codeforces Round 992 (Div. 2),kruthika_reddy7,12039,1733675700,583,741
2040,Codeforces Round 992 (Div. 2),hdawgs_tv,12039,1733675700,582,740
2040,Codeforces Round 992 (Div. 2),arun_7380,12039,1733675700,874,865
2040,Codeforces Round 992 (Div. 2),rina188,12039,1733675700,760,734
2040,Codeforces Round 992 (Div. 2),testmyself,12039,1733675700,1009,935
2040,Codeforces Round 992 (Div. 2),venkatesh7779,12039,1733675700,626,637
2040,Codeforces Round 992 (Div. 2),Sharmaji_X,12055,1733675700,601,756
2040,Codeforces Round 992 (Div. 2),Adnan_Torofdar_45,12055,1733675700,742,720
2040,Codeforces Round 992 (Div. 2),rocket_336,12055,1733675700,379,616
2040,Codeforces Round 992 (Div. 2),_._aayush_,12055,1733675700,1093,1006
2040,Codeforces Round 992 (Div. 2),Rabindra_1234,12055,1733675700,733,805
2040,Codeforces Round 992 (Div. 2),Poojitha_Pragna,12055,1733675700,906,849
2040,Codeforces Round 992 (Div. 2),Samin_Rayed,12055,1733675700,807,868
2040,Codeforces Round 992 (Div. 2),Superionsai,12055,1733675700,897,917
2040,Codeforces Round 992 (Div. 2),vfix,12055,1733675700,862,814
2040,Codeforces Round 992 (Div. 2),madhur_rathod,12055,1733675700,768,739
2040,Codeforces Round 992 (Div. 2),satyam_kk,12055,1733675700,799,861
2040,Codeforces Round 992 (Div. 2),ishti_01,12055,1733675700,860,886
2040,Codeforces Round 992 (Div. 2),IshraqSensei,12055,1733675700,654,801
2040,Codeforces Round 992 (Div. 2),mohitmanik,12055,1733675700,346,587
2040,Codeforces Round 992 (Div. 2),Ritam1729,12055,1733675700,770,741
2040,Codeforces Round 992 (Div. 2),aban18,12055,1733675700,706,693
2040,Codeforces Round 992 (Div. 2),piyushyadv,12055,1733675700,578,736
2040,Codeforces Round 992 (Div. 2),Aishwarya_Maan,12055,1733675700,0,373
2040,Codeforces Round 992 (Div. 2),sofialimon,12055,1733675700,1137,1044
2040,Codeforces Round 992 (Div. 2),shah99,12055,1733675700,736,715
2040,Codeforces Round 992 (Div. 2),Dd-g,12075,1733675700,597,752
2040,Codeforces Round 992 (Div. 2),aakritishakya356,12075,1733675700,835,791
2040,Codeforces Round 992 (Div. 2),abhishek.007,12075,1733675700,880,828
2040,Codeforces Round 992 (Div. 2),no_acm_no_life,12075,1733675700,880,828
2040,Codeforces Round 992 (Div. 2),rishiagarwal04,12075,1733675700,948,960
2040,Codeforces Round 992 (Div. 2),Masonord,12075,1733675700,846,901
2040,Codeforces Round 992 (Div. 2),1182,12075,1733675700,0,373
2040,Codeforces Round 992 (Div. 2),suhani_garg,12075,1733675700,611,764
2040,Codeforces Round 992 (Div. 2),Sheker_20,12075,1733675700,786,753
2040,Codeforces Round 992 (Div. 2),sreehitha_,12075,1733675700,974,905
2040,Codeforces Round 992 (Div. 2),wwwhisper,12075,1733675700,1025,991
2040,Codeforces Round 992 (Div. 2),Israfil_khan,12075,1733675700,947,883
2040,Codeforces Round 992 (Div. 2),ljh0122,12075,1733675700,0,373
2040,Codeforces Round 992 (Div. 2),Meet_V1406,12075,1733675700,599,754
2040,Codeforces Round 992 (Div. 2),pushkarniroula,12075,1733675700,0,373
2040,Codeforces Round 992 (Div. 2),vagrahari125,12075,1733675700,852,906
2040,Codeforces Round 992 (Div. 2),Radhe_1,12075,1733675700,954,888
2040,Codeforces Round 992 (Div. 2),Typically_v,12075,1733675700,762,829
2040,Codeforces Round 992 (Div. 2),Shafeen_code4ever,12075,1733675700,755,824
2040,Codeforces Round 992 (Div. 2),dream_job,12075,1733675700,759,732
2040,Codeforces Round 992 (Div. 2),SKIpppy,12095,1733675700,603,757
2040,Codeforces Round 992 (Div. 2),haarit,12095,1733675700,927,866
2040,Codeforces Round 992 (Div. 2),messy_peacy,12095,1733675700,585,741
2040,Codeforces Round 992 (Div. 2),biu2,12095,1733675700,375,612
2040,Codeforces Round 992 (Div. 2),i_hate_,12095,1733675700,626,777
2040,Codeforces Round 992 (Div. 2),code_dogs,12095,1733675700,368,606
2040,Codeforces Round 992 (Div. 2),0718_lakshya,12095,1733675700,353,593
2040,Codeforces Round 992 (Div. 2),jvtnk,12095,1733675700,390,625
2040,Codeforces Round 992 (Div. 2),Sami_Azraf132,12095,1733675700,731,803
2040,Codeforces Round 992 (Div. 2),Badar_019,12095,1733675700,728,800
2040,Codeforces Round 992 (Div. 2),2hard2solve,12095,1733675700,1101,1012
2040,Codeforces Round 992 (Div. 2),kharkya09,12095,1733675700,840,868
2040,Codeforces Round 992 (Div. 2),soyorinO-o,12095,1733675700,786,850
2040,Codeforces Round 992 (Div. 2),PRKM,12095,1733675700,358,597
2040,Codeforces Round 992 (Div. 2),ayush7066,12095,1733675700,353,593
2040,Codeforces Round 992 (Div. 2),DaRk_SoUL_33,12095,1733675700,800,763
2040,Codeforces Round 992 (Div. 2),abdulkalamazad,12095,1733675700,1084,998
2040,Codeforces Round 992 (Div. 2),akshatgupta1673,12095,1733675700,791,854
2040,Codeforces Round 992 (Div. 2),shiveshm46,12113,1733675700,871,922
2040,Codeforces Round 992 (Div. 2),harshgour31,12113,1733675700,0,373
2040,Codeforces Round 992 (Div. 2),pavanneroju7,12113,1733675700,0,373
2040,Codeforces Round 992 (Div. 2),maoxiaoyi,12113,1733675700,638,787
2040,Codeforces Round 992 (Div. 2),Rid_C0der,12113,1733675700,869,818
2040,Codeforces Round 992 (Div. 2),manya.verma21,12113,1733675700,797,859
2040,Codeforces Round 992 (Div. 2),Findsol,12113,1733675700,774,742
2040,Codeforces Round 992 (Div. 2),Hagertarraf15,12113,1733675700,757,729
2040,Codeforces Round 992 (Div. 2),YJCH,12113,1733675700,0,373
2040,Codeforces Round 992 (Div. 2),2ezdp,12113,1733675700,0,373
2040,Codeforces Round 992 (Div. 2),Amr.ysf,12113,1733675700,650,797
2040,Codeforces Round 992 (Div. 2),Akash_75,12113,1733675700,1009,934
2040,Codeforces Round 992 (Div. 2),Abdullah1008,12113,1733675700,811,772
2040,Codeforces Round 992 (Div. 2),amancodeforces2022,12113,1733675700,0,373
2040,Codeforces Round 992 (Div. 2),ayushgupta_17,12113,1733675700,768,834
2040,Codeforces Round 992 (Div. 2),electricSoldier,12113,1733675700,456,681
2040,Codeforces Round 992 (Div. 2),UriyDorofeev2024,12129,1733675700,796,858
2040,Codeforces Round 992 (Div. 2),chinakshi,12129,1733675700,809,809
2040,Codeforces Round 992 (Div. 2),EftaKharul,12129,1733675700,362,600
2040,Codeforces Round 992 (Div. 2),haricharandeepsingh4,12129,1733675700,825,855
2040,Codeforces Round 992 (Div. 2),H4B1B,12129,1733675700,765,735
2040,Codeforces Round 992 (Div. 2),vijetakhillare02,12129,1733675700,422,652
2040,Codeforces Round 992 (Div. 2),sumitnayak537,12129,1733675700,596,750
2040,Codeforces Round 992 (Div. 2),Robisama,12129,1733675700,573,731
2040,Codeforces Round 992 (Div. 2),Biggaypig,12129,1733675700,608,761
2040,Codeforces Round 992 (Div. 2),Dima_777,12129,1733675700,0,373
2040,Codeforces Round 992 (Div. 2),Coder_kp,12129,1733675700,840,834
2040,Codeforces Round 992 (Div. 2),Akshay_devadiga,12129,1733675700,365,602
2040,Codeforces Round 992 (Div. 2),aijaz,12129,1733675700,390,624
2040,Codeforces Round 992 (Div. 2),rushi_505,12129,1733675700,373,610
2040,Codeforces Round 992 (Div. 2),YayaScript,12129,1733675700,1005,930
2040,Codeforces Round 992 (Div. 2),Deepankar888,12129,1733675700,628,633
2040,Codeforces Round 992 (Div. 2),08_Osman,12145,1733675700,686,674
2040,Codeforces Round 992 (Div. 2),AK4189,12145,1733675700,0,372
2040,Codeforces Round 992 (Div. 2),KHANH1,12145,1733675700,844,837
2040,Codeforces Round 992 (Div. 2),askmecode2003,12145,1733675700,1152,1055
2040,Codeforces Round 992 (Div. 2),knowyourplace96,12145,1733675700,392,626
2040,Codeforces Round 992 (Div. 2),theguy10,12145,1733675700,589,744
2040,Codeforces Round 992 (Div. 2),Devesh_06,12145,1733675700,841,794
2040,Codeforces Round 992 (Div. 2),Divya_Kr,12145,1733675700,867,890
2040,Codeforces Round 992 (Div. 2),bhumidahiya7,12145,1733675700,612,621
2040,Codeforces Round 992 (Div. 2),krishagrawal,12145,1733675700,748,816
2040,Codeforces Round 992 (Div. 2),masonhuang0320,12145,1733675700,886,831
2040,Codeforces Round 992 (Div. 2),30zzz,12145,1733675700,912,852
2040,Codeforces Round 992 (Div. 2),DarmAdilet,12145,1733675700,933,946
2040,Codeforces Round 992 (Div. 2),kumarayush0104,12145,1733675700,383,618
2040,Codeforces Round 992 (Div. 2),raskolnikow,12145,1733675700,907,848
2040,Codeforces Round 992 (Div. 2),a_a_aaa__,12145,1733675700,610,762
2040,Codeforces Round 992 (Div. 2),izhan7_,12161,1733675700,736,806
2040,Codeforces Round 992 (Div. 2),Vimlendu2003,12161,1733675700,1311,1192
2040,Codeforces Round 992 (Div. 2),Raltoos,12161,1733675700,1113,1022
2040,Codeforces Round 992 (Div. 2),Raja_Hindustani,12161,1733675700,0,372
2040,Codeforces Round 992 (Div. 2),tanyaism,12161,1733675700,609,761
2040,Codeforces Round 992 (Div. 2),Yadvi,12161,1733675700,746,814
2040,Codeforces Round 992 (Div. 2),sankalp.jha,12161,1733675700,711,692
2040,Codeforces Round 992 (Div. 2),SahilArshan,12161,1733675700,849,841
2040,Codeforces Round 992 (Div. 2),jinish_gupta,12161,1733675700,589,744
2040,Codeforces Round 992 (Div. 2),_Avi_Paul_,12161,1733675700,670,662
2040,Codeforces Round 992 (Div. 2),shadmanaziz01,12171,1733675700,414,644
2040,Codeforces Round 992 (Div. 2),koligaurav,12171,1733675700,784,749
2040,Codeforces Round 992 (Div. 2),NTLE,12171,1733675700,903,844
2040,Codeforces Round 992 (Div. 2),shaswati_mishra,12171,1733675700,815,772
2040,Codeforces Round 992 (Div. 2),Varchasva,12171,1733675700,0,372
2040,Codeforces Round 992 (Div. 2),Mohana_Jyothi,12171,1733675700,0,372
2040,Codeforces Round 992 (Div. 2),SwatiNandha,12171,1733675700,853,803
2040,Codeforces Round 992 (Div. 2),pranavagrawal2005,12171,1733675700,910,850
2040,Codeforces Round 992 (Div. 2),Princeton911,12179,1733675700,934,869
2040,Codeforces Round 992 (Div. 2),Sakib183,12179,1733675700,425,654
2040,Codeforces Round 992 (Div. 2),Squittal,12179,1733675700,728,864
2040,Codeforces Round 992 (Div. 2),akilhossain400,12179,1733675700,544,573
2040,Codeforces Round 992 (Div. 2),VerticalAsymptote,12179,1733675700,880,825
2040,Codeforces Round 992 (Div. 2),fiee2,12179,1733675700,379,614
2040,Codeforces Round 992 (Div. 2),lyf543,12179,1733675700,808,767
2040,Codeforces Round 992 (Div. 2),RRHACKER,12179,1733675700,613,764
2040,Codeforces Round 992 (Div. 2),Shyngys-K-003-27,12179,1733675700,807,866
2040,Codeforces Round 992 (Div. 2),perla_333,12179,1733675700,910,926
2040,Codeforces Round 992 (Div. 2),anwerabidianwer,12179,1733675700,0,372
2040,Codeforces Round 992 (Div. 2),KADG_7,12179,1733675700,614,765
2040,Codeforces Round 992 (Div. 2),DivyanshJindal,12179,1733675700,355,594
2040,Codeforces Round 992 (Div. 2),anvi23052006,12192,1733675700,963,971
2040,Codeforces Round 992 (Div. 2),Debuger01,12192,1733675700,942,876
2040,Codeforces Round 992 (Div. 2),Moutaa,12192,1733675700,715,787
2040,Codeforces Round 992 (Div. 2),Kalafessss,12192,1733675700,376,611
2040,Codeforces Round 992 (Div. 2),_c-p_,12192,1733675700,717,854
2040,Codeforces Round 992 (Div. 2),Fahmid112,12192,1733675700,786,749
2040,Codeforces Round 992 (Div. 2),Gaurav_Rathod,12192,1733675700,826,854
2040,Codeforces Round 992 (Div. 2),archit_adnaik03,12192,1733675700,915,895
2040,Codeforces Round 992 (Div. 2),__TenZzz__,12192,1733675700,780,744
2040,Codeforces Round 992 (Div. 2),Raiyan1855,12201,1733675700,638,785
2040,Codeforces Round 992 (Div. 2),Nishritha_24,12201,1733675700,395,628
2040,Codeforces Round 992 (Div. 2),Kerolos_NG,12201,1733675700,960,891
2040,Codeforces Round 992 (Div. 2),adam-al-rahman,12201,1733675700,935,870
2040,Codeforces Round 992 (Div. 2),itsfardin,12201,1733675700,364,601
2040,Codeforces Round 992 (Div. 2),Rahuldas23,12201,1733675700,874,820
2040,Codeforces Round 992 (Div. 2),Merazul,12201,1733675700,857,805
2040,Codeforces Round 992 (Div. 2),amitkumariitm,12201,1733675700,0,372
2040,Codeforces Round 992 (Div. 2),acars123,12201,1733675700,811,869
2040,Codeforces Round 992 (Div. 2),agarwalgyansh,12201,1733675700,819,848
2040,Codeforces Round 992 (Div. 2),Askarbinka357,12201,1733675700,0,372
2040,Codeforces Round 992 (Div. 2),ChatIsThisReal,12201,1733675700,828,884
2040,Codeforces Round 992 (Div. 2),May2100,12213,1733675700,581,736
2040,Codeforces Round 992 (Div. 2),sujal_2400,12213,1733675700,0,372
2040,Codeforces Round 992 (Div. 2),Faiaz_Iqbal,12213,1733675700,0,372
2040,Codeforces Round 992 (Div. 2),codemaster3001,12213,1733675700,396,628
2040,Codeforces Round 992 (Div. 2),koushik2k04kkc,12213,1733675700,762,729
2040,Codeforces Round 992 (Div. 2),A_turki,12213,1733675700,872,893
2040,Codeforces Round 992 (Div. 2),eT4aa,12213,1733675700,609,760
2040,Codeforces Round 992 (Div. 2),to_dream,12213,1733675700,774,739
2040,Codeforces Round 992 (Div. 2),kawser28,12213,1733675700,768,734
2040,Codeforces Round 992 (Div. 2),ZhuwkJue,12213,1733675700,415,645
2040,Codeforces Round 992 (Div. 2),navyasree706,12213,1733675700,0,372
2040,Codeforces Round 992 (Div. 2),dreaploud49854,12213,1733675700,805,836
2040,Codeforces Round 992 (Div. 2),nvHieu,12213,1733675700,363,600
2040,Codeforces Round 992 (Div. 2),professionalnewbie0921,12213,1733675700,895,941
2040,Codeforces Round 992 (Div. 2),nish1044,12227,1733675700,840,791
2040,Codeforces Round 992 (Div. 2),AbayeV,12227,1733675700,884,827
2040,Codeforces Round 992 (Div. 2),turing0623,12227,1733675700,933,867
2040,Codeforces Round 992 (Div. 2),CrabBoy111,12227,1733675700,745,812
2040,Codeforces Round 992 (Div. 2),pankaj4152,12227,1733675700,866,812
2040,Codeforces Round 992 (Div. 2),Pkm6805,12227,1733675700,797,757
2040,Codeforces Round 992 (Div. 2),Praseodymium,12227,1733675700,0,371
2040,Codeforces Round 992 (Div. 2),rupeshmr2005,12227,1733675700,364,601
2040,Codeforces Round 992 (Div. 2),d3ity,12227,1733675700,949,881
2040,Codeforces Round 992 (Div. 2),adireddymythri,12236,1733675700,872,858
2040,Codeforces Round 992 (Div. 2),mahinhussain1201,12236,1733675700,880,823
2040,Codeforces Round 992 (Div. 2),ZRuhit,12236,1733675700,720,697
2040,Codeforces Round 992 (Div. 2),Seliverstov.Dm,12236,1733675700,850,902
2040,Codeforces Round 992 (Div. 2),Prtm.sth,12236,1733675700,876,896
2040,Codeforces Round 992 (Div. 2),Manab_Tikadar,12236,1733675700,373,608
2040,Codeforces Round 992 (Div. 2),deepakreddy17,12236,1733675700,959,931
2040,Codeforces Round 992 (Div. 2),arhridoy154,12236,1733675700,619,769
2040,Codeforces Round 992 (Div. 2),Geniusnotbich,12236,1733675700,0,371
2040,Codeforces Round 992 (Div. 2),HimanshuM21,12236,1733675700,355,593
2040,Codeforces Round 992 (Div. 2),azad288,12236,1733675700,590,602
2040,Codeforces Round 992 (Div. 2),mirziyobm,12236,1733675700,1089,1000
2040,Codeforces Round 992 (Div. 2),prish_12,12236,1733675700,752,721
2040,Codeforces Round 992 (Div. 2),Bhoomika_Bhatia,12236,1733675700,876,820
2040,Codeforces Round 992 (Div. 2),ngthvnh123,12250,1733675700,465,687
2040,Codeforces Round 992 (Div. 2),International_coder,12250,1733675700,580,735
2040,Codeforces Round 992 (Div. 2),utkarsh_agarwal,12250,1733675700,742,713
2040,Codeforces Round 992 (Div. 2),wasdy33,12250,1733675700,688,828
2040,Codeforces Round 992 (Div. 2),Jishnu69,12250,1733675700,643,789
2040,Codeforces Round 992 (Div. 2),ZverAko,12250,1733675700,388,621
2040,Codeforces Round 992 (Div. 2),PacemakerX,12250,1733675700,885,827
2040,Codeforces Round 992 (Div. 2),bikram.2201120cs,12250,1733675700,738,709
2040,Codeforces Round 992 (Div. 2),Priyanshu_Namadutt,12250,1733675700,840,831
2040,Codeforces Round 992 (Div. 2),KingofCSES,12250,1733675700,948,879
2040,Codeforces Round 992 (Div. 2),pugazhendhi.j23csai,12250,1733675700,983,909
2040,Codeforces Round 992 (Div. 2),Ketan003,12261,1733675700,822,878
2040,Codeforces Round 992 (Div. 2),mayankgawd,12261,1733675700,838,863
2040,Codeforces Round 992 (Div. 2),ibrandos,12263,1733675700,369,604
2040,Codeforces Round 992 (Div. 2),balabandhavig,12263,1733675700,641,787
2040,Codeforces Round 992 (Div. 2),lastofstars7,12263,1733675700,0,371
2040,Codeforces Round 992 (Div. 2),Hawkwatch_19,12263,1733675700,738,709
2040,Codeforces Round 992 (Div. 2),itzjustandreilol,12263,1733675700,639,785
2040,Codeforces Round 992 (Div. 2),sahilghanmode,12263,1733675700,628,776
2040,Codeforces Round 992 (Div. 2),s_amiul,12263,1733675700,368,604
2040,Codeforces Round 992 (Div. 2),sandeepguptag18,12263,1733675700,0,371
2040,Codeforces Round 992 (Div. 2),Intuition_not_found,12263,1733675700,0,371
2040,Codeforces Round 992 (Div. 2),shenxuan,12263,1733675700,422,650
2040,Codeforces Round 992 (Div. 2),AdishGupta,12263,1733675700,0,371
2040,Codeforces Round 992 (Div. 2),hkm_12345,12263,1733675700,879,822
2040,Codeforces Round 992 (Div. 2),thelocalminima,12263,1733675700,917,895
2040,Codeforces Round 992 (Div. 2),UltraXDZN,12263,1733675700,905,843
2040,Codeforces Round 992 (Div. 2),oi_ayonnnn,12277,1733675700,859,805
2040,Codeforces Round 992 (Div. 2),venkat2912,12277,1733675700,1073,985
2040,Codeforces Round 992 (Div. 2),rarora27,12277,1733675700,575,730
2040,Codeforces Round 992 (Div. 2),YYXDSG,12277,1733675700,366,602
2040,Codeforces Round 992 (Div. 2),Griffiths_,12277,1733675700,381,615
2040,Codeforces Round 992 (Div. 2),MohdTahaRafi,12277,1733675700,897,836
2040,Codeforces Round 992 (Div. 2),Mary_Gerges,12277,1733675700,375,609
2040,Codeforces Round 992 (Div. 2),vamosdwj,12277,1733675700,361,597
2040,Codeforces Round 992 (Div. 2),sairaj19,12277,1733675700,361,597
2040,Codeforces Round 992 (Div. 2),ritamjana_16,12277,1733675700,607,758
2040,Codeforces Round 992 (Div. 2),adil_8982,12277,1733675700,608,758
2040,Codeforces Round 992 (Div. 2),Kiss_Qing,12277,1733675700,369,605
2040,Codeforces Round 992 (Div. 2),shivanshuiiitb,12277,1733675700,0,371
2040,Codeforces Round 992 (Div. 2),amine.leghouil,12277,1733675700,0,371
2040,Codeforces Round 992 (Div. 2),Prajith_1411,12277,1733675700,353,590
2040,Codeforces Round 992 (Div. 2),Pekkka,12277,1733675700,714,785
2040,Codeforces Round 992 (Div. 2),pranav7796,12293,1733675700,625,773
2040,Codeforces Round 992 (Div. 2),pritamundhe,12293,1733675700,751,882
2040,Codeforces Round 992 (Div. 2),bowenfeng,12293,1733675700,613,763
2040,Codeforces Round 992 (Div. 2),satvikdeep96,12293,1733675700,357,594
2040,Codeforces Round 992 (Div. 2),s.m.mahdifatemi568,12293,1733675700,420,648
2040,Codeforces Round 992 (Div. 2),Vasim_S,12293,1733675700,525,555
2040,Codeforces Round 992 (Div. 2),saurabh227,12293,1733675700,765,828
2040,Codeforces Round 992 (Div. 2),vinayprajwal247,12293,1733675700,763,727
2040,Codeforces Round 992 (Div. 2),secret_one,12293,1733675700,811,765
2040,Codeforces Round 992 (Div. 2),Struggle1259,12293,1733675700,783,843
2040,Codeforces Round 992 (Div. 2),ConfusedMan4207,12303,1733675700,616,765
2040,Codeforces Round 992 (Div. 2),Quickfish_078,12303,1733675700,791,822
2040,Codeforces Round 992 (Div. 2),DavinciCodeReader,12303,1733675700,601,752
2040,Codeforces Round 992 (Div. 2),ratnesh.baby,12303,1733675700,865,809
2040,Codeforces Round 992 (Div. 2),_amolpawar14,12303,1733675700,372,607
2040,Codeforces Round 992 (Div. 2),imapaul05,12303,1733675700,767,829
2040,Codeforces Round 992 (Div. 2),zeroFPS,12303,1733675700,890,829
2040,Codeforces Round 992 (Div. 2),Rahat2022331040,12303,1733675700,368,603
2040,Codeforces Round 992 (Div. 2),Mrinali9,12303,1733675700,360,596
2040,Codeforces Round 992 (Div. 2),srv_surya,12303,1733675700,971,897
2040,Codeforces Round 992 (Div. 2),c1oudW,12303,1733675700,388,620
2040,Codeforces Round 992 (Div. 2),SAIFUDDIN_MAMON,12303,1733675700,357,594
2040,Codeforces Round 992 (Div. 2),graceus0613,12303,1733675700,975,901
2040,Codeforces Round 992 (Div. 2),sakshamShukla,12316,1733675700,658,801
2040,Codeforces Round 992 (Div. 2),nesrine.taamallah,12316,1733675700,602,753
2040,Codeforces Round 992 (Div. 2),chandrarajuraju369,12316,1733675700,610,759
2040,Codeforces Round 992 (Div. 2),tasnimul,12316,1733675700,964,891
2040,Codeforces Round 992 (Div. 2),jigyasu,12316,1733675700,823,774
2040,Codeforces Round 992 (Div. 2),snehakhandelwal2k04,12316,1733675700,748,715
2040,Codeforces Round 992 (Div. 2),Karthik_Ande_22,12316,1733675700,637,783
2040,Codeforces Round 992 (Div. 2),maan1225,12316,1733675700,899,836
2040,Codeforces Round 992 (Div. 2),tushar_07,12316,1733675700,716,690
2040,Codeforces Round 992 (Div. 2),isteak_imon,12316,1733675700,999,921
2040,Codeforces Round 992 (Div. 2),amir880525,12316,1733675700,668,810
2040,Codeforces Round 992 (Div. 2),dhruvprasad,12316,1733675700,1183,1079
2040,Codeforces Round 992 (Div. 2),mailtoraj1380,12316,1733675700,0,370
2040,Codeforces Round 992 (Div. 2),abhishekjhaji2004,12316,1733675700,879,896
2040,Codeforces Round 992 (Div. 2),CP__NoOb,12316,1733675700,1179,1076
2040,Codeforces Round 992 (Div. 2),xbhxy,12316,1733675700,804,861
2040,Codeforces Round 992 (Div. 2),drinkJokey,12316,1733675700,0,370
2040,Codeforces Round 992 (Div. 2),Abdo__kotb,12333,1733675700,604,754
2040,Codeforces Round 992 (Div. 2),anurag_ck,12333,1733675700,882,822
2040,Codeforces Round 992 (Div. 2),failure71311,12333,1733675700,877,924
2040,Codeforces Round 992 (Div. 2),faisal65,12333,1733675700,749,813
2040,Codeforces Round 992 (Div. 2),akhilmmenon666,12333,1733675700,815,808
2040,Codeforces Round 992 (Div. 2),shivansh_07,12333,1733675700,1035,951
2040,Codeforces Round 992 (Div. 2),DingleSmoggs,12333,1733675700,895,875
2040,Codeforces Round 992 (Div. 2),prudhvi_18,12333,1733675700,702,679
2040,Codeforces Round 992 (Div. 2),Plankton5,12333,1733675700,363,598
2040,Codeforces Round 992 (Div. 2),hg3070322,12342,1733675700,599,750
2040,Codeforces Round 992 (Div. 2),rishi_2509,12342,1733675700,388,620
2040,Codeforces Round 992 (Div. 2),Ishnk_nnd,12342,1733675700,930,862
2040,Codeforces Round 992 (Div. 2),akoshi,12342,1733675700,380,613
2040,Codeforces Round 992 (Div. 2),tarunmuragodnavar123,12342,1733675700,887,826
2040,Codeforces Round 992 (Div. 2),ambitious_28,12342,1733675700,0,370
2040,Codeforces Round 992 (Div. 2),ICT_PROFI,12342,1733675700,498,534
2040,Codeforces Round 992 (Div. 2),shukla_aryan,12342,1733675700,999,1000
2040,Codeforces Round 992 (Div. 2),Umbet,12342,1733675700,1325,1202
2040,Codeforces Round 992 (Div. 2),Pratik_15,12342,1733675700,645,789
2040,Codeforces Round 992 (Div. 2),Soni-KR,12342,1733675700,637,782
2040,Codeforces Round 992 (Div. 2),Opsaran,12342,1733675700,792,748
2040,Codeforces Round 992 (Div. 2),imHarshD,12342,1733675700,829,778
2040,Codeforces Round 992 (Div. 2),CaPSanS623,12342,1733675700,681,662
2040,Codeforces Round 992 (Div. 2),Rahul_1011,12342,1733675700,769,770
2040,Codeforces Round 992 (Div. 2),swapna17231418,12357,1733675700,770,831
2040,Codeforces Round 992 (Div. 2),nut42rif,12357,1733675700,637,782
2040,Codeforces Round 992 (Div. 2),akanksha05,12357,1733675700,891,829
2040,Codeforces Round 992 (Div. 2),ketan04,12357,1733675700,790,848
2040,Codeforces Round 992 (Div. 2),sar_001,12357,1733675700,366,601
2040,Codeforces Round 992 (Div. 2),kumar_manoj_kumawat,12357,1733675700,873,814
2040,Codeforces Round 992 (Div. 2),IDKAnyThingAnyWays,12363,1733675700,687,826
2040,Codeforces Round 992 (Div. 2),slganeshh2006,12363,1733675700,992,914
2040,Codeforces Round 992 (Div. 2),malini_boda,12363,1733675700,0,370
2040,Codeforces Round 992 (Div. 2),snigdha_reddy,12363,1733675700,778,809
2040,Codeforces Round 992 (Div. 2),mmmmen,12363,1733675700,386,618
2040,Codeforces Round 992 (Div. 2),nurunnabi5572,12363,1733675700,586,737
2040,Codeforces Round 992 (Div. 2),Winter24,12363,1733675700,844,831
2040,Codeforces Round 992 (Div. 2),amanshaikh25,12363,1733675700,858,801
2040,Codeforces Round 992 (Div. 2),N0mAnAhmeD_0001,12363,1733675700,821,770
2040,Codeforces Round 992 (Div. 2),kaushal1710,12363,1733675700,827,851
2040,Codeforces Round 992 (Div. 2),siyam_19,12363,1733675700,943,872
2040,Codeforces Round 992 (Div. 2),KuroiKagaku,12363,1733675700,753,816
2040,Codeforces Round 992 (Div. 2),MateoC,12363,1733675700,896,874
2040,Codeforces Round 992 (Div. 2),somani_a,12363,1733675700,813,868
2040,Codeforces Round 992 (Div. 2),ALIF__eSFT7,12363,1733675700,814,765
2040,Codeforces Round 992 (Div. 2),Ganymede98,12363,1733675700,866,808
2040,Codeforces Round 992 (Div. 2),Anhydrous_Deadshot,12363,1733675700,762,824
2040,Codeforces Round 992 (Div. 2),neevrathod,12363,1733675700,807,834
2040,Codeforces Round 992 (Div. 2),shabab_sa,12363,1733675700,724,693
2040,Codeforces Round 992 (Div. 2),yangyanming,12363,1733675700,992,956
2040,Codeforces Round 992 (Div. 2),iam2mhs,12363,1733675700,744,709
2040,Codeforces Round 992 (Div. 2),samanvith4923,12363,1733675700,0,370
2040,Codeforces Round 992 (Div. 2),CodeCrafter1508,12363,1733675700,346,583
2040,Codeforces Round 992 (Div. 2),behzodahmadjonov1225,12386,1733675700,0,370
2040,Codeforces Round 992 (Div. 2),m6Jd1,12386,1733675700,592,743
2040,Codeforces Round 992 (Div. 2),NagnipNuyoah,12386,1733675700,364,599
2040,Codeforces Round 992 (Div. 2),lmh77777l,12386,1733675700,0,370
2040,Codeforces Round 992 (Div. 2),yanshisharma,12386,1733675700,985,950
2040,Codeforces Round 992 (Div. 2),Arpit_110,12386,1733675700,0,370
2040,Codeforces Round 992 (Div. 2),Gaoru_god13,12386,1733675700,578,731
2040,Codeforces Round 992 (Div. 2),archi12,12386,1733675700,364,599
2040,Codeforces Round 992 (Div. 2),riadh.ibrahim,12386,1733675700,0,370
2040,Codeforces Round 992 (Div. 2),Rishav_07,12395,1733675700,734,799
2040,Codeforces Round 992 (Div. 2),ValliSri_Atyam,12395,1733675700,827,879
2040,Codeforces Round 992 (Div. 2),AU25yehonatan,12395,1733675700,0,370
2040,Codeforces Round 992 (Div. 2),AlgoWitch,12395,1733675700,365,599
2040,Codeforces Round 992 (Div. 2),Roshan_S_Joe,12395,1733675700,0,370
2040,Codeforces Round 992 (Div. 2),vasetnr,12395,1733675700,993,914
2040,Codeforces Round 992 (Div. 2),laplacian24,12401,1733675700,376,609
2040,Codeforces Round 992 (Div. 2),RPSolves,12401,1733675700,795,852
2040,Codeforces Round 992 (Div. 2),hiker_s101,12401,1733675700,950,877
2040,Codeforces Round 992 (Div. 2),hoax_,12401,1733675700,945,873
2040,Codeforces Round 992 (Div. 2),littlehobo,12401,1733675700,1186,1081
2040,Codeforces Round 992 (Div. 2),Chuongtk17,12401,1733675700,367,601
2040,Codeforces Round 992 (Div. 2),rupeshreddy,12401,1733675700,869,886
2040,Codeforces Round 992 (Div. 2),Optimizor,12401,1733675700,353,589
2040,Codeforces Round 992 (Div. 2),Abhi_raj,12401,1733675700,923,933
2040,Codeforces Round 992 (Div. 2),SOHAM_MAHAJAN,12401,1733675700,641,785
2040,Codeforces Round 992 (Div. 2),inimad,12401,1733675700,1046,959
2040,Codeforces Round 992 (Div. 2),Code_AryCh,12412,1733675700,610,758
2040,Codeforces Round 992 (Div. 2),quickquack001,12412,1733675700,762,722
2040,Codeforces Round 992 (Div. 2),Golla_Jeswanth,12412,1733675700,352,588
2040,Codeforces Round 992 (Div. 2),himanshukholiya,12412,1733675700,0,369
2040,Codeforces Round 992 (Div. 2),ahmedhatem.18,12412,1733675700,810,836
2040,Codeforces Round 992 (Div. 2),AlexJenious,12412,1733675700,749,812
2040,Codeforces Round 992 (Div. 2),nerine,12412,1733675700,0,369
2040,Codeforces Round 992 (Div. 2),yashs3324,12419,1733675700,932,970
2040,Codeforces Round 992 (Div. 2),mekrishna006,12419,1733675700,0,369
2040,Codeforces Round 992 (Div. 2),Sadman_sadi_anik,12419,1733675700,787,816
2040,Codeforces Round 992 (Div. 2),a64618100,12419,1733675700,916,957
2040,Codeforces Round 992 (Div. 2),rutwik_113,12419,1733675700,1013,974
2040,Codeforces Round 992 (Div. 2),The-Phenom,12419,1733675700,857,799
2040,Codeforces Round 992 (Div. 2),KyollBM,12419,1733675700,1045,958
2040,Codeforces Round 992 (Div. 2),manojna165,12419,1733675700,348,584
2040,Codeforces Round 992 (Div. 2),Shoutyu,12419,1733675700,1028,944
2040,Codeforces Round 992 (Div. 2),harshitaagrawal,12419,1733675700,729,794
2040,Codeforces Round 992 (Div. 2),Kraven,12419,1733675700,641,785
2040,Codeforces Round 992 (Div. 2),thanmai_botsa,12430,1733675700,951,877
2040,Codeforces Round 992 (Div. 2),rohithsharmaa105,12430,1733675700,360,595
2040,Codeforces Round 992 (Div. 2),vichitrarora,12430,1733675700,0,369
2040,Codeforces Round 992 (Div. 2),sonclhoang,12430,1733675700,370,603
2040,Codeforces Round 992 (Div. 2),YEAGERIST20,12430,1733675700,731,697
2040,Codeforces Round 992 (Div. 2),utkarshraj130,12430,1733675700,820,768
2040,Codeforces Round 992 (Div. 2),roopakpaval,12430,1733675700,0,369
2040,Codeforces Round 992 (Div. 2),afrad,12430,1733675700,949,955
2040,Codeforces Round 992 (Div. 2),Partho_Kumar_Mondal,12430,1733675700,878,858
2040,Codeforces Round 992 (Div. 2),Nitin4637,12430,1733675700,826,814
2040,Codeforces Round 992 (Div. 2),windlights33,12430,1733675700,953,922
2040,Codeforces Round 992 (Div. 2),mohamedeltramsy7,12441,1733675700,746,876
2040,Codeforces Round 992 (Div. 2),yashbhosale979,12441,1733675700,0,369
2040,Codeforces Round 992 (Div. 2),jibonjr,12441,1733675700,1007,925
2040,Codeforces Round 992 (Div. 2),muhtasim_apon,12441,1733675700,885,821
2040,Codeforces Round 992 (Div. 2),mzzz77,12441,1733675700,360,594
2040,Codeforces Round 992 (Div. 2),sergii-moroz,12441,1733675700,766,826
2040,Codeforces Round 992 (Div. 2),hardik44ss,12441,1733675700,675,814
2040,Codeforces Round 992 (Div. 2),oguzhesenli94,12441,1733675700,910,921
2040,Codeforces Round 992 (Div. 2),goldenpegasus77,12441,1733675700,883,820
2040,Codeforces Round 992 (Div. 2),shreyansh23100,12450,1733675700,755,816
2040,Codeforces Round 992 (Div. 2),ravih14,12450,1733675700,877,856
2040,Codeforces Round 992 (Div. 2),sairam.v,12450,1733675700,818,841
2040,Codeforces Round 992 (Div. 2),aishaker129,12450,1733675700,754,714
2040,Codeforces Round 992 (Div. 2),abhinavsagar___,12450,1733675700,0,369
2040,Codeforces Round 992 (Div. 2),flee.,12450,1733675700,0,369
2040,Codeforces Round 992 (Div. 2),Ahmedkhan_313,12450,1733675700,827,773
2040,Codeforces Round 992 (Div. 2),veerendra4449,12450,1733675700,686,661
2040,Codeforces Round 992 (Div. 2),Danav777,12450,1733675700,387,618
2040,Codeforces Round 992 (Div. 2),mrraihan,12450,1733675700,708,678
2040,Codeforces Round 992 (Div. 2),prabhatpundeer,12450,1733675700,774,730
2040,Codeforces Round 992 (Div. 2),benz_19,12461,1733675700,1024,939
2040,Codeforces Round 992 (Div. 2),22r21a1238,12461,1733675700,358,592
2040,Codeforces Round 992 (Div. 2),utkarsh100849e,12461,1733675700,369,602
2040,Codeforces Round 992 (Div. 2),Musfirat,12461,1733675700,760,792
2040,Codeforces Round 992 (Div. 2),BlackFlag313,12461,1733675700,766,723
2040,Codeforces Round 992 (Div. 2),Harshitaaaaaa,12461,1733675700,865,846
2040,Codeforces Round 992 (Div. 2),beyond_Tomy,12461,1733675700,0,369
2040,Codeforces Round 992 (Div. 2),HarshSingh011,12461,1733675700,0,369
2040,Codeforces Round 992 (Div. 2),L.a.s.t_O.n.e_Chance,12461,1733675700,0,369
2040,Codeforces Round 992 (Div. 2),saianudra,12461,1733675700,881,817
2040,Codeforces Round 992 (Div. 2),siddhi2003,12471,1733675700,717,685
2040,Codeforces Round 992 (Div. 2),Mid9Rain,12471,1733675700,651,793
2040,Codeforces Round 992 (Div. 2),CodeChakravyuh,12471,1733675700,828,879
2040,Codeforces Round 992 (Div. 2),tanaybiswas7905,12471,1733675700,360,594
2040,Codeforces Round 992 (Div. 2),srijapallampati,12471,1733675700,915,925
2040,Codeforces Round 992 (Div. 2),namo_2210040017,12476,1733675700,753,712
2040,Codeforces Round 992 (Div. 2),san4kok,12476,1733675700,400,629
2040,Codeforces Round 992 (Div. 2),steoamon,12476,1733675700,0,369
2040,Codeforces Round 992 (Div. 2),adityaverma14,12476,1733675700,767,723
2040,Codeforces Round 992 (Div. 2),Garvit__Maheshwari,12476,1733675700,353,588
2040,Codeforces Round 992 (Div. 2),1_8_0_2,12476,1733675700,0,369
2040,Codeforces Round 992 (Div. 2),2200030434,12476,1733675700,813,802
2040,Codeforces Round 992 (Div. 2),akashg,12476,1733675700,872,809
2040,Codeforces Round 992 (Div. 2),codehacker_666,12476,1733675700,351,586
2040,Codeforces Round 992 (Div. 2),yuyu233,12476,1733675700,985,905
2040,Codeforces Round 992 (Div. 2),StupidBird-ZYY,12486,1733675700,362,596
2040,Codeforces Round 992 (Div. 2),AbdoShalaby27,12486,1733675700,0,368
2040,Codeforces Round 992 (Div. 2),Deepanshu_27,12486,1733675700,759,717
2040,Codeforces Round 992 (Div. 2),Dalia_Osama_Marei,12486,1733675700,375,607
2040,Codeforces Round 992 (Div. 2),Aishwary_123,12486,1733675700,0,368
2040,Codeforces Round 992 (Div. 2),struct_quad,12486,1733675700,853,793
2040,Codeforces Round 992 (Div. 2),skydev_222,12486,1733675700,747,809
2040,Codeforces Round 992 (Div. 2),key_2,12486,1733675700,0,368
2040,Codeforces Round 992 (Div. 2),AmirDarawsha,12486,1733675700,789,782
2040,Codeforces Round 992 (Div. 2),jinQ,12486,1733675700,376,608
2040,Codeforces Round 992 (Div. 2),GURGENATOR-3000X,12486,1733675700,831,775
2040,Codeforces Round 992 (Div. 2),saly,12486,1733675700,850,791
2040,Codeforces Round 992 (Div. 2),zpzbbj79,12486,1733675700,790,817
2040,Codeforces Round 992 (Div. 2),harshuiui,12499,1733675700,961,964
2040,Codeforces Round 992 (Div. 2),shivangisingh2928993,12499,1733675700,828,814
2040,Codeforces Round 992 (Div. 2),Ahmedoude2,12499,1733675700,372,604
2040,Codeforces Round 992 (Div. 2),ZedDoubleYou,12499,1733675700,963,886
2040,Codeforces Round 992 (Div. 2),VadimPopov,12499,1733675700,861,842
2040,Codeforces Round 992 (Div. 2),ahmed748,12499,1733675700,937,864
2040,Codeforces Round 992 (Div. 2),shashwatlaloriya,12499,1733675700,863,802
2040,Codeforces Round 992 (Div. 2),AayushBade14,12506,1733675700,603,751
2040,Codeforces Round 992 (Div. 2),4bderrahmane,12506,1733675700,393,622
2040,Codeforces Round 992 (Div. 2),_RUSH20_,12506,1733675700,682,656
2040,Codeforces Round 992 (Div. 2),Atri_Nagisa,12506,1733675700,389,619
2040,Codeforces Round 992 (Div. 2),Surya247,12506,1733675700,1013,929
2040,Codeforces Round 992 (Div. 2),AU25ShlomiAsraf,12506,1733675700,0,368
2040,Codeforces Round 992 (Div. 2),hosnyali60333,12506,1733675700,819,871
2040,Codeforces Round 992 (Div. 2),laka_10,12513,1733675700,979,899
2040,Codeforces Round 992 (Div. 2),SalmonK5,12513,1733675700,458,678
2040,Codeforces Round 992 (Div. 2),Laserbeam_77,12513,1733675700,853,900
2040,Codeforces Round 992 (Div. 2),bepesk,12513,1733675700,619,764
2040,Codeforces Round 992 (Div. 2),Md_Arzu,12513,1733675700,836,855
2040,Codeforces Round 992 (Div. 2),Dhruva535,12513,1733675700,723,787
2040,Codeforces Round 992 (Div. 2),Mr.AmzC,12513,1733675700,582,732
2040,Codeforces Round 992 (Div. 2),DarkNerd,12513,1733675700,896,828
2040,Codeforces Round 992 (Div. 2),logifo,12513,1733675700,581,731
2040,Codeforces Round 992 (Div. 2),chhavi9697,12513,1733675700,878,856
2040,Codeforces Round 992 (Div. 2),anushkaryadav03,12513,1733675700,603,750
2040,Codeforces Round 992 (Div. 2),X_I,12524,1733675700,0,368
2040,Codeforces Round 992 (Div. 2),Turysbek-Alizhan1-018-28,12524,1733675700,698,667
2040,Codeforces Round 992 (Div. 2),Ali_Haider___,12524,1733675700,604,751
2040,Codeforces Round 992 (Div. 2),diablito,12524,1733675700,842,825
2040,Codeforces Round 992 (Div. 2),hasier,12524,1733675700,469,503
2040,Codeforces Round 992 (Div. 2),Maro.div,12524,1733675700,814,836
2040,Codeforces Round 992 (Div. 2),jupiter21,12524,1733675700,0,368
2040,Codeforces Round 992 (Div. 2),rakesh__m,12524,1733675700,873,851
2040,Codeforces Round 992 (Div. 2),MohamedAbobakr,12524,1733675700,807,754
2040,Codeforces Round 992 (Div. 2),chef2025,12524,1733675700,811,864
2040,Codeforces Round 992 (Div. 2),conhaicau,12534,1733675700,977,897
2040,Codeforces Round 992 (Div. 2),Aman_Ray,12534,1733675700,919,848
2040,Codeforces Round 992 (Div. 2),AbylayTheLGM,12534,1733675700,353,587
2040,Codeforces Round 992 (Div. 2),imthearyan,12534,1733675700,378,609
2040,Codeforces Round 992 (Div. 2),Juven_Lawrinsen,12534,1733675700,891,866
2040,Codeforces Round 992 (Div. 2),Chuba,12539,1733675700,872,850
2040,Codeforces Round 992 (Div. 2),Its_me_rajveer,12539,1733675700,775,832
2040,Codeforces Round 992 (Div. 2),Saaraas,12539,1733675700,993,911
2040,Codeforces Round 992 (Div. 2),Thakur_chandrapal_singh,12539,1733675700,0,368
2040,Codeforces Round 992 (Div. 2),_Eren_Jaegar_,12539,1733675700,1134,1033
2040,Codeforces Round 992 (Div. 2),_ALIX_,12539,1733675700,362,595
2040,Codeforces Round 992 (Div. 2),pujakumari456pandey,12539,1733675700,851,790
2040,Codeforces Round 992 (Div. 2),Sarthak14313,12539,1733675700,718,782
2040,Codeforces Round 992 (Div. 2),zahin_ahmad,12539,1733675700,812,834
2040,Codeforces Round 992 (Div. 2),vaibhavi_agrawal,12548,1733675700,911,950
2040,Codeforces Round 992 (Div. 2),rhfrifat,12548,1733675700,864,800
2040,Codeforces Round 992 (Div. 2),naimul1818,12548,1733675700,525,539
2040,Codeforces Round 992 (Div. 2),luca.rares.andrei,12548,1733675700,926,853
2040,Codeforces Round 992 (Div. 2),classic_aish,12548,1733675700,850,789
2040,Codeforces Round 992 (Div. 2),ALFarouK,12548,1733675700,1138,1037
2040,Codeforces Round 992 (Div. 2),ShantoX,12548,1733675700,737,799
2040,Codeforces Round 992 (Div. 2),Snithik,12548,1733675700,758,713
2040,Codeforces Round 992 (Div. 2),NIXININE,12548,1733675700,353,587
2040,Codeforces Round 992 (Div. 2),chauhan.harshitsingh2004,12548,1733675700,374,605
2040,Codeforces Round 992 (Div. 2),amar_gar,12548,1733675700,0,368
2040,Codeforces Round 992 (Div. 2),Nakshtra_OP_CP,12548,1733675700,722,786
2040,Codeforces Round 992 (Div. 2),Piyush_1_7_9,12560,1733675700,790,845
2040,Codeforces Round 992 (Div. 2),Crocubott01,12560,1733675700,823,807
2040,Codeforces Round 992 (Div. 2),adarshiitk1,12560,1733675700,784,839
2040,Codeforces Round 992 (Div. 2),nguyenvoanhkhoa,12560,1733675700,355,589
2040,Codeforces Round 992 (Div. 2),hrishabh802,12560,1733675700,614,759
2040,Codeforces Round 992 (Div. 2),MukeshLodhi,12560,1733675700,0,368
2040,Codeforces Round 992 (Div. 2),akash.ramjyothi,12560,1733675700,585,580
2040,Codeforces Round 992 (Div. 2),Arnav_Modi,12567,1733675700,358,591
2040,Codeforces Round 992 (Div. 2),MuhammedNashaat,12567,1733675700,1046,956
2040,Codeforces Round 992 (Div. 2),its_Arpit_,12567,1733675700,718,782
2040,Codeforces Round 992 (Div. 2),sohamroynew,12567,1733675700,598,745
2040,Codeforces Round 992 (Div. 2),pupaname,12567,1733675700,0,368
2040,Codeforces Round 992 (Div. 2),gamma_yas,12572,1733675700,744,701
2040,Codeforces Round 992 (Div. 2),1425,12572,1733675700,0,367
2040,Codeforces Round 992 (Div. 2),kumarsourabhsk21,12572,1733675700,586,735
2040,Codeforces Round 992 (Div. 2),stardust7,12572,1733675700,850,866
2040,Codeforces Round 992 (Div. 2),Kutu_Mia,12572,1733675700,807,752
2040,Codeforces Round 992 (Div. 2),Saima_Ahmed,12572,1733675700,807,829
2040,Codeforces Round 992 (Div. 2),akash22164033,12572,1733675700,840,780
2040,Codeforces Round 992 (Div. 2),mohamedosama_code,12572,1733675700,603,749
2040,Codeforces Round 992 (Div. 2),feitiandog,12572,1733675700,961,882
2040,Codeforces Round 992 (Div. 2),shaurya010101,12572,1733675700,0,367
2040,Codeforces Round 992 (Div. 2),Ankit12345678910,12582,1733675700,0,367
2040,Codeforces Round 992 (Div. 2),abderrahmen_zaway,12582,1733675700,784,839
2040,Codeforces Round 992 (Div. 2),Gaurav_.K,12582,1733675700,718,781
2040,Codeforces Round 992 (Div. 2),Samin_Sadat,12582,1733675700,501,520
2040,Codeforces Round 992 (Div. 2),Partha_Pratim_Kalita,12582,1733675700,859,874
2040,Codeforces Round 992 (Div. 2),JaMorant12,12582,1733675700,1021,934
2040,Codeforces Round 992 (Div. 2),GayathriChinda,12582,1733675700,604,592
2040,Codeforces Round 992 (Div. 2),rafinmahmud1636,12582,1733675700,756,815
2040,Codeforces Round 992 (Div. 2),Aayush_110906,12582,1733675700,853,790
2040,Codeforces Round 992 (Div. 2),Maruf_68,12582,1733675700,835,775
2040,Codeforces Round 992 (Div. 2),mdnushadjamanraj,12582,1733675700,752,811
2040,Codeforces Round 992 (Div. 2),Pratik28_coder,12593,1733675700,768,825
2040,Codeforces Round 992 (Div. 2),Kishmiish,12593,1733675700,0,367
2040,Codeforces Round 992 (Div. 2),Two_fifths_Pi,12593,1733675700,0,367
2040,Codeforces Round 992 (Div. 2),tusar_004,12596,1733675700,876,852
2040,Codeforces Round 992 (Div. 2),LZM-curry,12596,1733675700,726,788
2040,Codeforces Round 992 (Div. 2),rohan_06,12596,1733675700,355,588
2040,Codeforces Round 992 (Div. 2),somrajnandi,12596,1733675700,0,367
2040,Codeforces Round 992 (Div. 2),Hagoraa19,12596,1733675700,0,367
2040,Codeforces Round 992 (Div. 2),MashrafeBoss,12596,1733675700,654,630
2040,Codeforces Round 992 (Div. 2),naeem570khandakar,12596,1733675700,984,902
2040,Codeforces Round 992 (Div. 2),Trumpsunderwear,12596,1733675700,912,840
2040,Codeforces Round 992 (Div. 2),coder_fox13,12596,1733675700,0,367
2040,Codeforces Round 992 (Div. 2),TOMATOj,12605,1733675700,402,629
2040,Codeforces Round 992 (Div. 2),tonmoy77,12605,1733675700,566,717
2040,Codeforces Round 992 (Div. 2),roop_nandini,12605,1733675700,794,847
2040,Codeforces Round 992 (Div. 2),thunder-saint,12605,1733675700,586,734
2040,Codeforces Round 992 (Div. 2),Rifatjoy,12605,1733675700,765,822
2040,Codeforces Round 992 (Div. 2),kavin123,12605,1733675700,1068,974
2040,Codeforces Round 992 (Div. 2),krush_007,12611,1733675700,941,864
2040,Codeforces Round 992 (Div. 2),Atharva_Tiwari_27,12611,1733675700,581,730
2040,Codeforces Round 992 (Div. 2),sarkarkabbo72,12611,1733675700,0,367
2040,Codeforces Round 992 (Div. 2),sagorpaul300450,12611,1733675700,862,797
2040,Codeforces Round 992 (Div. 2),Rafid_407,12611,1733675700,840,857
2040,Codeforces Round 992 (Div. 2),himalayarr,12611,1733675700,603,591
2040,Codeforces Round 992 (Div. 2),Applequick,12611,1733675700,1076,982
2040,Codeforces Round 992 (Div. 2),psysecboi,12611,1733675700,1016,930
2040,Codeforces Round 992 (Div. 2),miststar,12619,1733675700,1041,951
2040,Codeforces Round 992 (Div. 2),Aryanthepain,12619,1733675700,878,890
2040,Codeforces Round 992 (Div. 2),allenchuang,12619,1733675700,652,792
2040,Codeforces Round 992 (Div. 2),toughnut,12619,1733675700,1040,950
2040,Codeforces Round 992 (Div. 2),bidhanshaha,12619,1733675700,707,771
2040,Codeforces Round 992 (Div. 2),TripleABattery,12619,1733675700,0,367
2040,Codeforces Round 992 (Div. 2),Jai_2005,12619,1733675700,351,584
2040,Codeforces Round 992 (Div. 2),I_m_lipon,12619,1733675700,1109,1010
2040,Codeforces Round 992 (Div. 2),fantasy9663,12627,1733675700,372,603
2040,Codeforces Round 992 (Div. 2),Lancer_01,12627,1733675700,743,698
2040,Codeforces Round 992 (Div. 2),Ahsan_Hasby,12627,1733675700,592,739
2040,Codeforces Round 992 (Div. 2),S_K_M_A,12627,1733675700,888,898
2040,Codeforces Round 992 (Div. 2),ansh_000,12631,1733675700,928,933
2040,Codeforces Round 992 (Div. 2),treeko,12631,1733675700,849,864
2040,Codeforces Round 992 (Div. 2),TJ31,12631,1733675700,0,367
2040,Codeforces Round 992 (Div. 2),coco_12,12631,1733675700,1027,938
2040,Codeforces Round 992 (Div. 2),chiru200513,12635,1733675700,833,814
2040,Codeforces Round 992 (Div. 2),Karakat567,12635,1733675700,589,736
2040,Codeforces Round 992 (Div. 2),DEWcode,12635,1733675700,0,367
2040,Codeforces Round 992 (Div. 2),wyy23250426,12635,1733675700,656,795
2040,Codeforces Round 992 (Div. 2),vedantamsrivatsav6,12635,1733675700,0,367
2040,Codeforces Round 992 (Div. 2),mixedpaipo,12635,1733675700,0,367
2040,Codeforces Round 992 (Div. 2),BlackxDranzer,12635,1733675700,1011,924
2040,Codeforces Round 992 (Div. 2),Zeyad_mahmoud_1,12635,1733675700,0,367
2040,Codeforces Round 992 (Div. 2),sanchit_rathore,12643,1733675700,619,763
2040,Codeforces Round 992 (Div. 2),Bonic,12643,1733675700,0,367
2040,Codeforces Round 992 (Div. 2),Fanjixue42,12643,1733675700,0,367
2040,Codeforces Round 992 (Div. 2),_Belal_M,12643,1733675700,353,586
2040,Codeforces Round 992 (Div. 2),Aurora_6091,12647,1733675700,0,367
2040,Codeforces Round 992 (Div. 2),Bidyendu29,12648,1733675700,672,642
2040,Codeforces Round 992 (Div. 2),WasithIO,12648,1733675700,1245,1129
2040,Codeforces Round 992 (Div. 2),saksham_madan,12650,1733675700,488,703
2040,Codeforces Round 992 (Div. 2),esTeY,12650,1733675700,880,891
2040,Codeforces Round 992 (Div. 2),Arwa_Mahmoud,12652,1733675700,0,367
2040,Codeforces Round 992 (Div. 2),Ambar24,12652,1733675700,364,595
2040,Codeforces Round 992 (Div. 2),zahiabelkhouja,12652,1733675700,962,882
2040,Codeforces Round 992 (Div. 2),Sanglap_Halder,12655,1733675700,939,862
2040,Codeforces Round 992 (Div. 2),Bhavishya_Grandhi,12655,1733675700,589,578
2040,Codeforces Round 992 (Div. 2),dhruvmishra2111,12657,1733675700,867,800
2040,Codeforces Round 992 (Div. 2),ashu_4979,12657,1733675700,871,803
2040,Codeforces Round 992 (Div. 2),DhvanitVaghani,12659,1733675700,951,915
2040,Codeforces Round 992 (Div. 2),ggttjjjj,12659,1733675700,0,367
2040,Codeforces Round 992 (Div. 2),percobain,12661,1733675700,428,651
2040,Codeforces Round 992 (Div. 2),ALGoreRhyythm,12661,1733675700,743,697
2040,Codeforces Round 992 (Div. 2),Bansal_Sahab,12661,1733675700,361,593
2040,Codeforces Round 992 (Div. 2),rohithyadav.m22,12664,1733675700,618,761
2040,Codeforces Round 992 (Div. 2),_sudesh_,12664,1733675700,466,492
2040,Codeforces Round 992 (Div. 2),Subrata_X,12664,1733675700,580,728
2040,Codeforces Round 992 (Div. 2),arif0626,12667,1733675700,613,757
2040,Codeforces Round 992 (Div. 2),woqh,12668,1733675700,732,792
2040,Codeforces Round 992 (Div. 2),shikhar789,12668,1733675700,751,809
2040,Codeforces Round 992 (Div. 2),itsR0sen,12670,1733675700,837,774
2040,Codeforces Round 992 (Div. 2),dinubatista4,12670,1733675700,785,839
2040,Codeforces Round 992 (Div. 2),manoj.lankalapalli,12672,1733675700,364,595
2040,Codeforces Round 992 (Div. 2),BhaveshZode,12673,1733675700,765,821
2040,Codeforces Round 992 (Div. 2),chrisnortiya,12674,1733675700,914,920
2040,Codeforces Round 992 (Div. 2),hudea.victor,12674,1733675700,897,825
2040,Codeforces Round 992 (Div. 2),usmonov_polatjon,12674,1733675700,955,875
2040,Codeforces Round 992 (Div. 2),SOMANSH24,12677,1733675700,649,622
2040,Codeforces Round 992 (Div. 2),Elevate.,12678,1733675700,865,798
2040,Codeforces Round 992 (Div. 2),xili_ytl,12679,1733675700,632,773
2040,Codeforces Round 992 (Div. 2),MEthylene_koishi,12679,1733675700,621,764
2040,Codeforces Round 992 (Div. 2),Biri-biri-Bird,12681,1733675700,0,366
2040,Codeforces Round 992 (Div. 2),tashya_aryan,12682,1733675700,584,731
2040,Codeforces Round 992 (Div. 2),PRABHANSHUJAIN,12682,1733675700,427,650
2040,Codeforces Round 992 (Div. 2),Rohidul,12682,1733675700,669,637
2040,Codeforces Round 992 (Div. 2),Re_Try_Parvej,12685,1733675700,702,663
2040,Codeforces Round 992 (Div. 2),Ace_Azimuth_Aviator,12686,1733675700,935,857
2040,Codeforces Round 992 (Div. 2),asamisir,12687,1733675700,668,805
2040,Codeforces Round 992 (Div. 2),sarveshhh07,12688,1733675700,636,776
2040,Codeforces Round 992 (Div. 2),Decimator69,12689,1733675700,844,779
2040,Codeforces Round 992 (Div. 2),hadyelfadaly,12690,1733675700,844,822
2040,Codeforces Round 992 (Div. 2),AD57,12691,1733675700,866,798
2040,Codeforces Round 992 (Div. 2),kira_4009,12692,1733675700,708,667
2040,Codeforces Round 992 (Div. 2),dang2000jack,12692,1733675700,467,684
2040,Codeforces Round 992 (Div. 2),suhanigupta18,12692,1733675700,895,903
2040,Codeforces Round 992 (Div. 2),Silverz,12695,1733675700,1006,919
2040,Codeforces Round 992 (Div. 2),HELLOProgrammer112,12696,1733675700,805,746
2040,Codeforces Round 992 (Div. 2),fusion_364,12697,1733675700,352,584
2040,Codeforces Round 992 (Div. 2),Watson_TP,12698,1733675700,1061,967
2040,Codeforces Round 992 (Div. 2),s_santhoshkumar,12699,1733675700,781,834
2040,Codeforces Round 992 (Div. 2),Dharanidharan991,12700,1733675700,618,760
2040,Codeforces Round 992 (Div. 2),Aditya1002,12701,1733675700,675,811
2040,Codeforces Round 992 (Div. 2),shiva1972,12702,1733675700,607,751
2040,Codeforces Round 992 (Div. 2),monusingh9,12703,1733675700,767,715
2040,Codeforces Round 992 (Div. 2),Absolutely_Inf,12704,1733675700,0,366
2040,Codeforces Round 992 (Div. 2),what_a_man,12704,1733675700,808,749
2040,Codeforces Round 992 (Div. 2),02ayush02,12704,1733675700,971,888
2040,Codeforces Round 992 (Div. 2),hrszo,12707,1733675700,852,785
2040,Codeforces Round 992 (Div. 2),MAieshAdnan,12707,1733675700,907,913
2040,Codeforces Round 992 (Div. 2),koularsh,12707,1733675700,955,917
2040,Codeforces Round 992 (Div. 2),ritik_aryan,12707,1733675700,734,687
2040,Codeforces Round 992 (Div. 2),_abdullah.790_,12707,1733675700,820,868
2040,Codeforces Round 992 (Div. 2),Aryaprince,12707,1733675700,910,835
2040,Codeforces Round 992 (Div. 2),BurGir_786,12707,1733675700,918,923
2040,Codeforces Round 992 (Div. 2),EshadReza,12707,1733675700,1030,939
2040,Codeforces Round 992 (Div. 2),pkanwat,12707,1733675700,792,735
2040,Codeforces Round 992 (Div. 2),Teatify,12707,1733675700,1845,1639
2040,Codeforces Round 992 (Div. 2),_Rayhan_99,12707,1733675700,885,813
2040,Codeforces Round 992 (Div. 2),zeroafterzero,12707,1733675700,1048,955
2040,Codeforces Round 992 (Div. 2),boliyin,12707,1733675700,384,612
2040,Codeforces Round 992 (Div. 2),tanvir_islam,12707,1733675700,869,800
2040,Codeforces Round 992 (Div. 2),CF_AnshuG,12707,1733675700,0,366
2040,Codeforces Round 992 (Div. 2),vivi_bisht,12722,1733675700,353,573
2040,Codeforces Round 992 (Div. 2),arsany_ramy,12722,1733675700,1159,1039
2040,Codeforces Round 992 (Div. 2),bandr,12722,1733675700,353,573
2040,Codeforces Round 992 (Div. 2),sabbir2.0,12722,1733675700,784,690
2040,Codeforces Round 992 (Div. 2),adityaiitr3,12722,1733675700,0,355
2040,Codeforces Round 992 (Div. 2),TAZDIK_HOSSAIN,12722,1733675700,830,733
2040,Codeforces Round 992 (Div. 2),anuj31032001,12722,1733675700,1501,1341
2040,Codeforces Round 992 (Div. 2),soo_you_mee,12722,1733675700,751,658
2040,Codeforces Round 992 (Div. 2),NHVKhang,12722,1733675700,812,716
2040,Codeforces Round 992 (Div. 2),Vaishnavi_1224,12722,1733675700,631,759
2040,Codeforces Round 992 (Div. 2),nehachow,12722,1733675700,810,806
2040,Codeforces Round 992 (Div. 2),Vss240201534BurhanRizvi,12722,1733675700,823,818
2040,Codeforces Round 992 (Div. 2),rohitsunil1102,12722,1733675700,0,355
2040,Codeforces Round 992 (Div. 2),Kayrat_Ospanov,12722,1733675700,704,747
2040,Codeforces Round 992 (Div. 2),nazik_rachok,12722,1733675700,350,571
2040,Codeforces Round 992 (Div. 2),RIT03,12722,1733675700,776,730
2040,Codeforces Round 992 (Div. 2),codekundan,12722,1733675700,831,781
2040,Codeforces Round 992 (Div. 2),bunnybits,12722,1733675700,372,590
2040,Codeforces Round 992 (Div. 2),arushi_101003,12722,1733675700,953,849
2040,Codeforces Round 992 (Div. 2),crn,12722,1733675700,983,878
2040,Codeforces Round 992 (Div. 2),redded,12722,1733675700,1220,1094
2040,Codeforces Round 992 (Div. 2),assadiam,12722,1733675700,0,355
2040,Codeforces Round 992 (Div. 2),deepraj_majumder07,12722,1733675700,0,355
2040,Codeforces Round 992 (Div. 2),atharvachinchalkar_10,12722,1733675700,749,788
2040,Codeforces Round 992 (Div. 2),GHOST77,12722,1733675700,700,609
2040,Codeforces Round 992 (Div. 2),txjoker,12722,1733675700,0,355
2040,Codeforces Round 992 (Div. 2),skscool95,12722,1733675700,939,836
2040,Codeforces Round 992 (Div. 2),Macjony,12722,1733675700,0,355
2040,Codeforces Round 992 (Div. 2),Atharv_IITG,12722,1733675700,388,605
2040,Codeforces Round 992 (Div. 2),Introvrt24,12722,1733675700,831,782
2040,Codeforces Round 992 (Div. 2),amitommiter,12722,1733675700,728,636
2040,Codeforces Round 992 (Div. 2),anuj1804,12722,1733675700,1117,1001
2040,Codeforces Round 992 (Div. 2),Anurag97,12722,1733675700,798,794
2040,Codeforces Round 992 (Div. 2),thrishal.24bcs10097,12722,1733675700,825,820
2040,Codeforces Round 992 (Div. 2),SLgoodman,12722,1733675700,1192,1069
2040,Codeforces Round 992 (Div. 2),_Return_Zer0,12722,1733675700,982,876
2040,Codeforces Round 992 (Div. 2),nowiceCreat,12722,1733675700,362,581
2040,Codeforces Round 992 (Div. 2),suryanshubansal,12722,1733675700,777,775
2040,Codeforces Round 992 (Div. 2),nitish084,12722,1733675700,803,708
2040,Codeforces Round 992 (Div. 2),sriramojutejasri,12722,1733675700,371,590
2040,Codeforces Round 992 (Div. 2),Simanto_,12722,1733675700,796,793
2040,Codeforces Round 992 (Div. 2),Venom27,12722,1733675700,590,722
2040,Codeforces Round 992 (Div. 2),Diamond_in_the_rough,12722,1733675700,693,603
2040,Codeforces Round 992 (Div. 2),HelpMeeeeeeeee,12722,1733675700,862,854
2040,Codeforces Round 992 (Div. 2),WildTrio,12722,1733675700,0,355
2040,Codeforces Round 992 (Div. 2),mr.moonknighttt,12722,1733675700,1056,1065
2040,Codeforces Round 992 (Div. 2),rajesh64,12722,1733675700,0,355
2040,Codeforces Round 992 (Div. 2),saurabh12_,12722,1733675700,911,810
2040,Codeforces Round 992 (Div. 2),hrutiky__,12722,1733675700,1304,1169
2040,Codeforces Round 992 (Div. 2),Di.Rift,12722,1733675700,353,574
2040,Codeforces Round 992 (Div. 2),nvshinde,12722,1733675700,0,355
2040,Codeforces Round 992 (Div. 2),Simplyface,12722,1733675700,0,355
2040,Codeforces Round 992 (Div. 2),Raad1,12722,1733675700,578,491
2040,Codeforces Round 992 (Div. 2),AmateurCoder10,12722,1733675700,809,713
2040,Codeforces Round 992 (Div. 2),danhhanma,12722,1733675700,830,734
2040,Codeforces Round 992 (Div. 2),RS75,12722,1733675700,782,688
2040,Codeforces Round 992 (Div. 2),UnKnOwN_8202,12722,1733675700,981,998
2040,Codeforces Round 992 (Div. 2),dilshodjon216,12722,1733675700,0,355
2040,Codeforces Round 992 (Div. 2),KalyanVasanth,12722,1733675700,0,355
2040,Codeforces Round 992 (Div. 2),ayushthegoat,12722,1733675700,359,579
2040,Codeforces Round 992 (Div. 2),KRISH_V_0630,12722,1733675700,625,754
2040,Codeforces Round 992 (Div. 2),TechSolver,12722,1733675700,645,772
2040,Codeforces Round 992 (Div. 2),prudvinit,12722,1733675700,1247,1118
2040,Codeforces Round 992 (Div. 2),HITMAN_2077,12722,1733675700,356,576
2040,Codeforces Round 992 (Div. 2),Scorpion_888_,12722,1733675700,940,884
2040,Codeforces Round 992 (Div. 2),M.Adem,12722,1733675700,0,355
2040,Codeforces Round 992 (Div. 2),Seele__,12722,1733675700,0,355
2040,Codeforces Round 992 (Div. 2),umar-sarfraz-2010,12722,1733675700,352,573
2040,Codeforces Round 992 (Div. 2),_coder_hub7,12722,1733675700,859,761
2040,Codeforces Round 992 (Div. 2),tanmairaghav3836,12722,1733675700,0,355
2040,Codeforces Round 992 (Div. 2),rayhanrizve,12722,1733675700,0,355
2040,Codeforces Round 992 (Div. 2),Kairatsila,12722,1733675700,595,726
2040,Codeforces Round 992 (Div. 2),1816477923,12722,1733675700,0,355
2040,Codeforces Round 992 (Div. 2),AbbasMehdi,12722,1733675700,734,774
2040,Codeforces Round 992 (Div. 2),Tanmaisai,12722,1733675700,419,336
2040,Codeforces Round 992 (Div. 2),shreyasanand,12722,1733675700,597,728
2040,Codeforces Round 992 (Div. 2),Code_wizard.,12722,1733675700,411,625
2040,Codeforces Round 992 (Div. 2),GOJO_SATURO12,12722,1733675700,352,573
2040,Codeforces Round 992 (Div. 2),mishraakshat04,12722,1733675700,353,573
2040,Codeforces Round 992 (Div. 2),myheartwaing,12722,1733675700,1617,1440
2040,Codeforces Round 992 (Div. 2),iamskr,12722,1733675700,767,673
2040,Codeforces Round 992 (Div. 2),KILLDx.99,12722,1733675700,776,682
2040,Codeforces Round 992 (Div. 2),abdallahcs,12722,1733675700,730,638
2040,Codeforces Round 992 (Div. 2),nfhoon,12722,1733675700,814,848
2040,Codeforces Round 992 (Div. 2),kotakrithi2006,12722,1733675700,0,355
2040,Codeforces Round 992 (Div. 2),Vivaangoyal29,12722,1733675700,385,603
2040,Codeforces Round 992 (Div. 2),Karim_Mukhametov,12722,1733675700,0,355
2040,Codeforces Round 992 (Div. 2),Evangelos,12722,1733675700,1314,1178
2040,Codeforces Round 992 (Div. 2),xiaozhisoc,12722,1733675700,845,747
2040,Codeforces Round 992 (Div. 2),141GHOST,12722,1733675700,1028,919
2040,Codeforces Round 992 (Div. 2),Another_Mamayusuf,12722,1733675700,1299,1164
2040,Codeforces Round 992 (Div. 2),kuriyaldivyanshu2003,12722,1733675700,845,747
2040,Codeforces Round 992 (Div. 2),Mnh_raam,12722,1733675700,812,716
2040,Codeforces Round 992 (Div. 2),atishkumar6115,12722,1733675700,838,788
2040,Codeforces Round 992 (Div. 2),Sk_Shantunu,12722,1733675700,0,355
2040,Codeforces Round 992 (Div. 2),VSS203726_MABRARKHAN,12722,1733675700,353,574
2040,Codeforces Round 992 (Div. 2),sayed_syl,12722,1733675700,414,331
2040,Codeforces Round 992 (Div. 2),patelharshil,12722,1733675700,346,567
2040,Codeforces Round 992 (Div. 2),Lost.King,12722,1733675700,1662,1478
2040,Codeforces Round 992 (Div. 2),awqssl,12722,1733675700,1136,1018
2040,Codeforces Round 992 (Div. 2),iamloser7777,12722,1733675700,422,635
2040,Codeforces Round 992 (Div. 2),random_77,12722,1733675700,812,764
2040,Codeforces Round 992 (Div. 2),x-MN3M-x,12722,1733675700,995,888
2040,Codeforces Round 992 (Div. 2),Ali_griffin,12722,1733675700,590,503
2040,Codeforces Round 992 (Div. 2),rohitshekhar,12722,1733675700,947,843
2040,Codeforces Round 992 (Div. 2),richhcir,12722,1733675700,820,854
2040,Codeforces Round 992 (Div. 2),tharun1111,12722,1733675700,846,796
2040,Codeforces Round 992 (Div. 2),mgcoder2027,12722,1733675700,0,355
2040,Codeforces Round 992 (Div. 2),adil.24,12722,1733675700,0,355
2040,Codeforces Round 992 (Div. 2),Sarvesh2783,12722,1733675700,670,794
2040,Codeforces Round 992 (Div. 2),DocinhoS,12722,1733675700,1458,1304
2040,Codeforces Round 992 (Div. 2),Sahil_52,12722,1733675700,960,856
2040,Codeforces Round 992 (Div. 2),Franko-SV,12722,1733675700,426,639
2040,Codeforces Round 992 (Div. 2),vamshi_009,12722,1733675700,0,355
2040,Codeforces Round 992 (Div. 2),jainyash246,12722,1733675700,0,355
2040,Codeforces Round 992 (Div. 2),kumardasshankit973,12722,1733675700,976,994
2040,Codeforces Round 992 (Div. 2),nickname0,12722,1733675700,993,933
2040,Codeforces Round 992 (Div. 2),Vvd_aegis,12722,1733675700,0,355
2040,Codeforces Round 992 (Div. 2),repathxjodz,12722,1733675700,925,823
2040,Codeforces Round 992 (Div. 2),QuantumC0d3r,12722,1733675700,1001,981
2040,Codeforces Round 992 (Div. 2),Nour777,12722,1733675700,661,786
2040,Codeforces Round 992 (Div. 2),Omorisdead,12722,1733675700,0,355
2040,Codeforces Round 992 (Div. 2),l-._.-l,12722,1733675700,981,875
2040,Codeforces Round 992 (Div. 2),sairamnalla264,12722,1733675700,0,355
2040,Codeforces Round 992 (Div. 2),T__f,12722,1733675700,484,689
2040,Codeforces Round 992 (Div. 2),viveksolanki0509,12722,1733675700,823,727
2040,Codeforces Round 992 (Div. 2),SultanAbbas,12722,1733675700,370,589
2040,Codeforces Round 992 (Div. 2),vedantk888,12722,1733675700,925,823
2040,Codeforces Round 992 (Div. 2),VSS200681_Ammara.M,12722,1733675700,0,355
2040,Codeforces Round 992 (Div. 2),rishuraj09,12722,1733675700,682,805
2040,Codeforces Round 992 (Div. 2),kunjallll,12722,1733675700,636,764
2040,Codeforces Round 992 (Div. 2),amankundu,12722,1733675700,398,614
2040,Codeforces Round 992 (Div. 2),unknowngurl407,12722,1733675700,0,355
2040,Codeforces Round 992 (Div. 2),bathalamurali1,12722,1733675700,883,831
2040,Codeforces Round 992 (Div. 2),princedonkeykong,12722,1733675700,583,497
2040,Codeforces Round 992 (Div. 2),Cr8tiv3_,12722,1733675700,715,757
2040,Codeforces Round 992 (Div. 2),zaijiuke,12722,1733675700,955,940
2040,Codeforces Round 992 (Div. 2),aananddshukla,12722,1733675700,578,711
2040,Codeforces Round 992 (Div. 2),preetam_ahuja77,12722,1733675700,387,604
2040,Codeforces Round 992 (Div. 2),khayek,12722,1733675700,0,355
2040,Codeforces Round 992 (Div. 2),2100030182,12722,1733675700,793,790
2040,Codeforces Round 992 (Div. 2),Camellia_Tender,12722,1733675700,1628,1449
2040,Codeforces Round 992 (Div. 2),he_he_he,12722,1733675700,1033,970
2040,Codeforces Round 992 (Div. 2),VNG232605_Tran_Xuan_Dat,12722,1733675700,701,822
2040,Codeforces Round 992 (Div. 2),Saurob17,12722,1733675700,792,698
2040,Codeforces Round 992 (Div. 2),SaikatHossain,12722,1733675700,884,784
2040,Codeforces Round 992 (Div. 2),abhishek_bisht,12722,1733675700,679,589
2040,Codeforces Round 992 (Div. 2),ahmedmaalej,12722,1733675700,934,921
2040,Codeforces Round 992 (Div. 2),KingAR2004,12722,1733675700,901,847
2040,Codeforces Round 992 (Div. 2),Pichon_Rastastas,12722,1733675700,1162,1042
2040,Codeforces Round 992 (Div. 2),iamprakashrathod,12722,1733675700,809,844
2040,Codeforces Round 992 (Div. 2),bjorn13,12722,1733675700,645,556
2040,Codeforces Round 992 (Div. 2),d13516292,12722,1733675700,813,717
2040,Codeforces Round 992 (Div. 2),maharshi.raval05,12722,1733675700,1055,944
2040,Codeforces Round 992 (Div. 2),Dhruv_Matariya,12722,1733675700,0,355
2040,Codeforces Round 992 (Div. 2),DiyorbekX,12722,1733675700,892,882
2040,Codeforces Round 992 (Div. 2),sach_in_sigma,12722,1733675700,913,812
2040,Codeforces Round 992 (Div. 2),Quadratic_Solver123,12722,1733675700,646,558
2040,Codeforces Round 992 (Div. 2),3639shifa,12722,1733675700,732,772
2040,Codeforces Round 992 (Div. 2),nie_,12722,1733675700,1131,1059
2040,Codeforces Round 992 (Div. 2),sheikh_jebon,12722,1733675700,398,614
2040,Codeforces Round 992 (Div. 2),lemo_the_king,12722,1733675700,1330,1192
2040,Codeforces Round 992 (Div. 2),Mohamee245,12722,1733675700,747,654
2040,Codeforces Round 992 (Div. 2),langphamdng,12722,1733675700,1021,959
2040,Codeforces Round 992 (Div. 2),DaniilYaroslav2024,12722,1733675700,751,791
2040,Codeforces Round 992 (Div. 2),_Don__,12722,1733675700,1181,1059
2040,Codeforces Round 992 (Div. 2),Deep_Majhi01,12722,1733675700,0,355
2040,Codeforces Round 992 (Div. 2),xod,12722,1733675700,1074,961
2040,Codeforces Round 992 (Div. 2),khush_1120,12722,1733675700,335,558
2040,Codeforces Round 992 (Div. 2),akshaybhasin,12722,1733675700,816,811
2040,Codeforces Round 992 (Div. 2),robiulahamed,12722,1733675700,610,522
2040,Codeforces Round 992 (Div. 2),jutonium,12722,1733675700,876,777
2040,Codeforces Round 992 (Div. 2),Mayosama,12722,1733675700,1351,1210
2040,Codeforces Round 992 (Div. 2),stevie_x,12722,1733675700,0,355
2040,Codeforces Round 992 (Div. 2),maibaozhi,12722,1733675700,0,355
2040,Codeforces Round 992 (Div. 2),sadekalprince31,12722,1733675700,930,828
2040,Codeforces Round 992 (Div. 2),shru_v_murthy,12722,1733675700,1189,1066
2040,Codeforces Round 992 (Div. 2),saisaketh0819,12722,1733675700,0,355
2040,Codeforces Round 992 (Div. 2),Ankit_Manwal,12722,1733675700,1021,913
2040,Codeforces Round 992 (Div. 2),Abdel_koddous,12722,1733675700,0,355
2040,Codeforces Round 992 (Div. 2),wwjj,12722,1733675700,0,355
2040,Codeforces Round 992 (Div. 2),anuragkumar_123,12722,1733675700,842,745
2040,Codeforces Round 992 (Div. 2),c241157,12722,1733675700,802,707
2040,Codeforces Round 992 (Div. 2),Noobie909,12722,1733675700,796,792
2040,Codeforces Round 992 (Div. 2),ChinmayTuteja04,12722,1733675700,0,355
2040,Codeforces Round 992 (Div. 2),OneWheeledBicle,12722,1733675700,426,639
2040,Codeforces Round 992 (Div. 2),pride_._,12722,1733675700,1204,1080
2040,Codeforces Round 992 (Div. 2),kushxlz,12722,1733675700,0,355
2040,Codeforces Round 992 (Div. 2),suman573,12722,1733675700,885,832
2040,Codeforces Round 992 (Div. 2),divyansh.mishra,12722,1733675700,955,851
2040,Codeforces Round 992 (Div. 2),supahaxxa,12722,1733675700,922,820
2040,Codeforces Round 992 (Div. 2),TranKimLT,12722,1733675700,927,825
2040,Codeforces Round 992 (Div. 2),The_Mohanker,12722,1733675700,0,355
2040,Codeforces Round 992 (Div. 2),aryangupta_,12722,1733675700,378,596
2040,Codeforces Round 992 (Div. 2),nikepro,12722,1733675700,0,355
2040,Codeforces Round 992 (Div. 2),saurabh.code,12722,1733675700,1537,1372
2040,Codeforces Round 992 (Div. 2),tahmid.haque,12722,1733675700,691,601
2040,Codeforces Round 992 (Div. 2),astromaster,12722,1733675700,1689,1501
2040,Codeforces Round 992 (Div. 2),thedarksoy,12722,1733675700,942,839
2040,Codeforces Round 992 (Div. 2),Warnam_22,12722,1733675700,900,799
2040,Codeforces Round 992 (Div. 2),Naz2024,12722,1733675700,0,355
2040,Codeforces Round 992 (Div. 2),Aro9836,12722,1733675700,355,576
2040,Codeforces Round 992 (Div. 2),naitik.pandey2024,12722,1733675700,715,757
2040,Codeforces Round 992 (Div. 2),kalyan_4b1,12722,1733675700,983,878
2040,Codeforces Round 992 (Div. 2),ritik240sharma,12722,1733675700,919,817
2040,Codeforces Round 992 (Div. 2),Revathitb02,12722,1733675700,351,572
2040,Codeforces Round 992 (Div. 2),Kajal_Shaw,12722,1733675700,0,355
2040,Codeforces Round 992 (Div. 2),Sambit04,12722,1733675700,660,571
2040,Codeforces Round 992 (Div. 2),Umma_Samia,12722,1733675700,0,355
2040,Codeforces Round 992 (Div. 2),Suni9977,12722,1733675700,0,355
2040,Codeforces Round 992 (Div. 2),Cannabist_carlsen,12722,1733675700,1260,1130
2040,Codeforces Round 992 (Div. 2),gosimhada,12722,1733675700,955,940
2040,Codeforces Round 992 (Div. 2),Ridam3010,12722,1733675700,0,355
2040,Codeforces Round 992 (Div. 2),stranger.j,12722,1733675700,877,825
2040,Codeforces Round 992 (Div. 2),M_Bu0y,12722,1733675700,971,866
2040,Codeforces Round 992 (Div. 2),krishnanand07,12722,1733675700,773,679
2040,Codeforces Round 992 (Div. 2),AAALLQ,12722,1733675700,928,826
2040,Codeforces Round 992 (Div. 2),nishantsingh2131,12722,1733675700,0,355
2040,Codeforces Round 992 (Div. 2),jacobdavis,12722,1733675700,1003,896
2040,Codeforces Round 992 (Div. 2),suyogify,12722,1733675700,1140,1022
2040,Codeforces Round 992 (Div. 2),siddharthkahar404,12722,1733675700,958,854
2040,Codeforces Round 992 (Div. 2),Ak_47___,12722,1733675700,0,355
2040,Codeforces Round 992 (Div. 2),justachillguy,12722,1733675700,968,863
2040,Codeforces Round 992 (Div. 2),Mahjoub_bgh,12722,1733675700,0,355
2040,Codeforces Round 992 (Div. 2),hindbiswas,12722,1733675700,0,355
2040,Codeforces Round 992 (Div. 2),Alex_God,12722,1733675700,414,628
2040,Codeforces Round 992 (Div. 2),nayeem_143,12722,1733675700,362,581
2040,Codeforces Round 992 (Div. 2),UttamRai,12722,1733675700,805,840
2040,Codeforces Round 992 (Div. 2),Mighty084,12722,1733675700,0,355
2040,Codeforces Round 992 (Div. 2),AlgoRiser,12722,1733675700,804,839
2040,Codeforces Round 992 (Div. 2),Krish02_AvK,12722,1733675700,851,801
2040,Codeforces Round 992 (Div. 2),codingonly135,12722,1733675700,609,522
2040,Codeforces Round 992 (Div. 2),S_Vipul,12722,1733675700,786,822
2040,Codeforces Round 992 (Div. 2),anupgiri1912,12722,1733675700,697,607
2040,Codeforces Round 992 (Div. 2),aryanbaghel,12722,1733675700,0,355
2040,Codeforces Round 992 (Div. 2),vineetvadrevu,12722,1733675700,918,863
2040,Codeforces Round 992 (Div. 2),ajayrajawat,12722,1733675700,0,355
2040,Codeforces Round 992 (Div. 2),atests,12722,1733675700,776,682
2040,Codeforces Round 992 (Div. 2),1234_5678_9123,12722,1733675700,393,609
2040,Codeforces Round 992 (Div. 2),HarshitKing,12722,1733675700,856,758
2040,Codeforces Round 992 (Div. 2),gyroooo,12722,1733675700,1126,1009
2040,Codeforces Round 992 (Div. 2),R0man,12722,1733675700,865,767
2040,Codeforces Round 992 (Div. 2),Amit257,12722,1733675700,917,941
2040,Codeforces Round 992 (Div. 2),adityasinnytt,12722,1733675700,709,751
2040,Codeforces Round 992 (Div. 2),Jaza_Khan,12722,1733675700,0,355
2040,Codeforces Round 992 (Div. 2),Moskov_1,12722,1733675700,713,622
2040,Codeforces Round 992 (Div. 2),Assailant010,12722,1733675700,868,769
2040,Codeforces Round 992 (Div. 2),Mainul36,12722,1733675700,761,668
2040,Codeforces Round 992 (Div. 2),liuguan1111,12722,1733675700,588,720
2040,Codeforces Round 992 (Div. 2),HelloHuNan,12722,1733675700,399,615
2040,Codeforces Round 992 (Div. 2),wangyinghuiaa,12722,1733675700,810,715
2040,Codeforces Round 992 (Div. 2),king2003,12722,1733675700,831,735
2040,Codeforces Round 992 (Div. 2),SVsDAD,12722,1733675700,0,355
2040,Codeforces Round 992 (Div. 2),liaobc,12722,1733675700,0,355
2040,Codeforces Round 992 (Div. 2),kumarlalit08052005,12722,1733675700,0,355
2040,Codeforces Round 992 (Div. 2),SYnthetic,12722,1733675700,885,786
2040,Codeforces Round 992 (Div. 2),vishalkumar.singh.cer21,12722,1733675700,1041,931
2040,Codeforces Round 992 (Div. 2),Rafi_365,12722,1733675700,920,865
2040,Codeforces Round 992 (Div. 2),rduran,12722,1733675700,352,573
2040,Codeforces Round 992 (Div. 2),ylb_Ac2003,12722,1733675700,1658,1475
2040,Codeforces Round 992 (Div. 2),nithishkumarp,12722,1733675700,623,535
2040,Codeforces Round 992 (Div. 2),harshkunz,12722,1733675700,627,539
2040,Codeforces Round 992 (Div. 2),poonia1820,12722,1733675700,0,355
2040,Codeforces Round 992 (Div. 2),Admiral.M,12722,1733675700,650,776
2040,Codeforces Round 992 (Div. 2),VSS240201_zohaibhaider5,12722,1733675700,0,355
2040,Codeforces Round 992 (Div. 2),krrish_852,12722,1733675700,380,598
2040,Codeforces Round 992 (Div. 2),pallavikanigelupula,12722,1733675700,379,597
2040,Codeforces Round 992 (Div. 2),ERRORG404,12722,1733675700,358,578
2040,Codeforces Round 992 (Div. 2),RekcaH_,12722,1733675700,0,355
2040,Codeforces Round 992 (Div. 2),ademjlassi-1,12722,1733675700,668,792
2040,Codeforces Round 992 (Div. 2),DouaeKDR,12722,1733675700,823,818
2040,Codeforces Round 992 (Div. 2),WhiteDuke9,12722,1733675700,724,632
2040,Codeforces Round 992 (Div. 2),vip551,12722,1733675700,711,620
2040,Codeforces Round 992 (Div. 2),abduvahhob_011,12722,1733675700,956,899
2040,Codeforces Round 992 (Div. 2),letsgovs,12722,1733675700,349,570
2040,Codeforces Round 992 (Div. 2),YOU_KNOW_WHAT_,12722,1733675700,1009,948
2040,Codeforces Round 992 (Div. 2),CheatPlusPlus14,12722,1733675700,1054,1030
2040,Codeforces Round 992 (Div. 2),swagatadatta0310,12722,1733675700,639,550
2040,Codeforces Round 992 (Div. 2),RagoubiDali,12722,1733675700,828,861
2040,Codeforces Round 992 (Div. 2),ggdw,12722,1733675700,0,355
2040,Codeforces Round 992 (Div. 2),kk69,12722,1733675700,899,798
2040,Codeforces Round 992 (Div. 2),likithakolluri2,12722,1733675700,889,789
2040,Codeforces Round 992 (Div. 2),KayserX,12722,1733675700,1047,1057
2040,Codeforces Round 992 (Div. 2),Notorious_842,12722,1733675700,663,788
2040,Codeforces Round 992 (Div. 2),tHe_bAbA_yEgA,12722,1733675700,845,748
2040,Codeforces Round 992 (Div. 2),nic2032cf,12722,1733675700,775,729
2040,Codeforces Round 992 (Div. 2),Antonios_Hany127,12722,1733675700,385,603
2040,Codeforces Round 992 (Div. 2),gadideekshu,12722,1733675700,934,878
2040,Codeforces Round 992 (Div. 2),Bool_ok,12722,1733675700,1032,922
2040,Codeforces Round 992 (Div. 2),VSS100815_MIshaq,12722,1733675700,0,355
2040,Codeforces Round 992 (Div. 2),venkat_jaswanth,12722,1733675700,385,603
2040,Codeforces Round 992 (Div. 2),Hello_Papon,12722,1733675700,664,574
2040,Codeforces Round 992 (Div. 2),diyorbekakhmedov,12722,1733675700,827,730
2040,Codeforces Round 992 (Div. 2),akgul01,12722,1733675700,737,777
2040,Codeforces Round 992 (Div. 2),kyokun,12722,1733675700,1159,1039
2040,Codeforces Round 992 (Div. 2),atomdyno,12722,1733675700,0,355
2040,Codeforces Round 992 (Div. 2),cromboo,12722,1733675700,402,617
2040,Codeforces Round 992 (Div. 2),ka1530,12722,1733675700,697,740
2040,Codeforces Round 992 (Div. 2),zegxtario,12722,1733675700,751,706
2040,Codeforces Round 992 (Div. 2),PAYAS_GOD,12722,1733675700,942,839
2040,Codeforces Round 992 (Div. 2),SkywalkerX,12722,1733675700,843,746
2040,Codeforces Round 992 (Div. 2),Abhinav_2004,12722,1733675700,671,581
2040,Codeforces Round 992 (Div. 2),Sanjay_Shrinivas,12722,1733675700,0,355
2040,Codeforces Round 992 (Div. 2),VSS101779_Faizan,12722,1733675700,353,574
2040,Codeforces Round 992 (Div. 2),raonandini135,12722,1733675700,724,765
2040,Codeforces Round 992 (Div. 2),tsoni_256,12722,1733675700,972,867
2040,Codeforces Round 992 (Div. 2),caughtInFire,12722,1733675700,554,689
2040,Codeforces Round 992 (Div. 2),Chelovechik_KD,12722,1733675700,0,355
2040,Codeforces Round 992 (Div. 2),bulusharma1999,12722,1733675700,1145,1026
2040,Codeforces Round 992 (Div. 2),Ni_dhi03,12722,1733675700,0,355
2040,Codeforces Round 992 (Div. 2),Rifat312,12722,1733675700,759,666
2040,Codeforces Round 992 (Div. 2),Rua_vip,12722,1733675700,1046,936
2040,Codeforces Round 992 (Div. 2),itachi_no_find_public,12722,1733675700,0,355
2040,Codeforces Round 992 (Div. 2),besthalahari1502,12722,1733675700,0,355
2040,Codeforces Round 992 (Div. 2),felipe.santana,12722,1733675700,0,355
2040,Codeforces Round 992 (Div. 2),shaiksameena03s,12722,1733675700,557,471
2040,Codeforces Round 992 (Div. 2),Code_Master001,12722,1733675700,925,823
2040,Codeforces Round 992 (Div. 2),OZYD,12722,1733675700,371,590
2040,Codeforces Round 992 (Div. 2),apst666,12722,1733675700,353,574
2040,Codeforces Round 992 (Div. 2),NarendraTejasvi,12722,1733675700,1076,1050
2040,Codeforces Round 992 (Div. 2),Nafis12303127,12722,1733675700,762,800
2040,Codeforces Round 992 (Div. 2),01kx,12722,1733675700,364,584
2040,Codeforces Round 992 (Div. 2),sravanKumar3,12722,1733675700,0,355
2040,Codeforces Round 992 (Div. 2),jainanuj2005,12722,1733675700,0,355
2040,Codeforces Round 992 (Div. 2),Abdusattar-S-005-2027,12722,1733675700,853,755
2040,Codeforces Round 992 (Div. 2),shrivastavapriyam1402,12722,1733675700,0,355
2040,Codeforces Round 992 (Div. 2),Shaluk,12722,1733675700,0,355
2040,Codeforces Round 992 (Div. 2),arbet100,12722,1733675700,605,735
2040,Codeforces Round 992 (Div. 2),dhevanaboinarenuka,12722,1733675700,648,559
2040,Codeforces Round 992 (Div. 2),ENGINEER_X,12722,1733675700,898,798
2040,Codeforces Round 992 (Div. 2),m0rT,12722,1733675700,814,848
2040,Codeforces Round 992 (Div. 2),Nishu_verma,12722,1733675700,979,874
2040,Codeforces Round 992 (Div. 2),the_panda123,12722,1733675700,697,818
2040,Codeforces Round 992 (Div. 2),mr.fd,12722,1733675700,654,565
2040,Codeforces Round 992 (Div. 2),Kiana423,12722,1733675700,791,697
2040,Codeforces Round 992 (Div. 2),lazylife04,12722,1733675700,501,416
2040,Codeforces Round 992 (Div. 2),Nmsabd,12722,1733675700,922,910
2040,Codeforces Round 992 (Div. 2),Consistent_coder07,12722,1733675700,651,777
2040,Codeforces Round 992 (Div. 2),konark2006,12722,1733675700,0,355
2040,Codeforces Round 992 (Div. 2),PIYUSH_07092005,12722,1733675700,0,355
2040,Codeforces Round 992 (Div. 2),jokerkok,12722,1733675700,482,688
2040,Codeforces Round 992 (Div. 2),aditi_0372004,12722,1733675700,855,885
2040,Codeforces Round 992 (Div. 2),karankute,12722,1733675700,968,863
2040,Codeforces Round 992 (Div. 2),gurkirat20,12722,1733675700,643,770
2040,Codeforces Round 992 (Div. 2),SV_Coder,12722,1733675700,389,307
2040,Codeforces Round 992 (Div. 2),hendllyeee,12722,1733675700,605,735
2040,Codeforces Round 992 (Div. 2),crookedcoder_7,12722,1733675700,0,355
2040,Codeforces Round 992 (Div. 2),akshitexe,12722,1733675700,0,355
2040,Codeforces Round 992 (Div. 2),SYNTAX_ERROR_0.0,12722,1733675700,0,355
2040,Codeforces Round 992 (Div. 2),Sachin_4571,12722,1733675700,393,609
2040,Codeforces Round 992 (Div. 2),Oaqader4,12722,1733675700,743,650
2040,Codeforces Round 992 (Div. 2),sharmasumit0118,12722,1733675700,825,729
2040,Codeforces Round 992 (Div. 2),IronWill_T,12722,1733675700,635,763
2040,Codeforces Round 992 (Div. 2),goyal24,12722,1733675700,912,811
2040,Codeforces Round 992 (Div. 2),m_s_sat,12722,1733675700,826,730
2040,Codeforces Round 992 (Div. 2),ihsamin01,12722,1733675700,740,780
2040,Codeforces Round 992 (Div. 2),remainder,12722,1733675700,0,355
2040,Codeforces Round 992 (Div. 2),mohitxshrivastava,12722,1733675700,723,764
2040,Codeforces Round 992 (Div. 2),YagamiNishant,12722,1733675700,760,799
2040,Codeforces Round 992 (Div. 2),polavarapujyoshna9,12722,1733675700,690,600
2040,Codeforces Round 992 (Div. 2),nanami11,12722,1733675700,435,646
2040,Codeforces Round 992 (Div. 2),rahim02ar,12722,1733675700,784,690
2040,Codeforces Round 992 (Div. 2),shri857,12722,1733675700,746,654
2040,Codeforces Round 992 (Div. 2),dhaniyaal,12722,1733675700,0,355
2040,Codeforces Round 992 (Div. 2),BalusuSubhodhkumar,12722,1733675700,769,675
2040,Codeforces Round 992 (Div. 2),Its_afridi,12722,1733675700,692,601
2040,Codeforces Round 992 (Div. 2),omor_sultan,12722,1733675700,817,722
2040,Codeforces Round 992 (Div. 2),Borgir_18,12722,1733675700,0,355
2040,Codeforces Round 992 (Div. 2),DAKSHB405,12722,1733675700,384,601
2040,Codeforces Round 992 (Div. 2),CoffeeKicks,12722,1733675700,1030,921
2040,Codeforces Round 992 (Div. 2),ax4015724,12722,1733675700,958,854
2040,Codeforces Round 992 (Div. 2),Mehak_Sharmaa,12722,1733675700,335,558
2040,Codeforces Round 992 (Div. 2),Priti_123456,12722,1733675700,607,519
2040,Codeforces Round 992 (Div. 2),mareeleen18,12722,1733675700,979,874
2040,Codeforces Round 992 (Div. 2),tst_cf,12722,1733675700,0,355
2040,Codeforces Round 992 (Div. 2),code_coffee,12722,1733675700,1276,1144
2040,Codeforces Round 992 (Div. 2),devanshmishra123,12722,1733675700,768,675
2040,Codeforces Round 992 (Div. 2),f0y3z,12722,1733675700,0,355
2040,Codeforces Round 992 (Div. 2),somanikhilsai13,12722,1733675700,796,701
2040,Codeforces Round 992 (Div. 2),mjn2004,12722,1733675700,352,573
2040,Codeforces Round 992 (Div. 2),mahi_pal,12722,1733675700,903,803
2040,Codeforces Round 992 (Div. 2),rohan872,12722,1733675700,778,684
2040,Codeforces Round 992 (Div. 2),mm65,12722,1733675700,1048,937
2040,Codeforces Round 992 (Div. 2),nshukla6,12722,1733675700,933,831
2040,Codeforces Round 992 (Div. 2),Sushiki,12722,1733675700,0,355
2040,Codeforces Round 992 (Div. 2),shivam.sukhija01,12722,1733675700,1032,922
2040,Codeforces Round 992 (Div. 2),Spagueti03,12722,1733675700,381,599
2040,Codeforces Round 992 (Div. 2),just_a_kid_7,12722,1733675700,566,480
2040,Codeforces Round 992 (Div. 2),Sanpan07,12722,1733675700,987,881
2040,Codeforces Round 992 (Div. 2),Aayan_majid,12722,1733675700,0,355
2040,Codeforces Round 992 (Div. 2),haidy_saed5,12722,1733675700,0,355
2040,Codeforces Round 992 (Div. 2),Manikiran1818,12722,1733675700,870,862
2040,Codeforces Round 992 (Div. 2),Hackesh,12722,1733675700,583,715
2040,Codeforces Round 992 (Div. 2),YanshiAI,12722,1733675700,818,722
2040,Codeforces Round 992 (Div. 2),Lucky2006,12722,1733675700,403,618
2040,Codeforces Round 992 (Div. 2),satyasatya,12722,1733675700,830,863
2040,Codeforces Round 992 (Div. 2),Day_Dreamer058,12722,1733675700,1239,1111
2040,Codeforces Round 992 (Div. 2),lasy_programmer,12722,1733675700,1634,1455
2040,Codeforces Round 992 (Div. 2),822124,12722,1733675700,791,788
2040,Codeforces Round 992 (Div. 2),Gorilla_Artist,12722,1733675700,787,692
2040,Codeforces Round 992 (Div. 2),Aka_sh_,12722,1733675700,774,681
2040,Codeforces Round 992 (Div. 2),shriharit2004,12722,1733675700,899,798
2040,Codeforces Round 992 (Div. 2),gimedo8149,12722,1733675700,846,877
2040,Codeforces Round 992 (Div. 2),Moyeenul_Islam,12722,1733675700,579,492
2040,Codeforces Round 992 (Div. 2),Raising_Heaven,12722,1733675700,823,818
2040,Codeforces Round 992 (Div. 2),Kuuuuuuuuu,12722,1733675700,922,820
2040,Codeforces Round 992 (Div. 2),FrostMelon,12722,1733675700,369,588
2040,Codeforces Round 992 (Div. 2),itachi_uchiha_106,12722,1733675700,738,646
2040,Codeforces Round 992 (Div. 2),Osalotioman,12722,1733675700,664,574
2040,Codeforces Round 992 (Div. 2),Harsh_1632,12722,1733675700,982,876
2040,Codeforces Round 992 (Div. 2),YinyuDream,12722,1733675700,1795,1591
2040,Codeforces Round 992 (Div. 2),inside_i_am_more,12722,1733675700,584,716
2040,Codeforces Round 992 (Div. 2),Sidra1102,12722,1733675700,578,711
2040,Codeforces Round 992 (Div. 2),Jami_2006,12722,1733675700,0,355
2040,Codeforces Round 992 (Div. 2),saunil101,12722,1733675700,633,761
2040,Codeforces Round 992 (Div. 2),amirmaaz1628,12722,1733675700,0,355
2040,Codeforces Round 992 (Div. 2),Artem__L,12722,1733675700,0,355
2040,Codeforces Round 992 (Div. 2),suppakrit2006,12722,1733675700,1263,1133
2040,Codeforces Round 992 (Div. 2),Niorr,12722,1733675700,620,749
2040,Codeforces Round 992 (Div. 2),gauravB912,12722,1733675700,875,776
2040,Codeforces Round 992 (Div. 2),Keval_Mori__,12722,1733675700,924,911
2040,Codeforces Round 992 (Div. 2),Darkerkiller,12722,1733675700,782,688
2040,Codeforces Round 992 (Div. 2),abishekrz,12722,1733675700,0,355
2040,Codeforces Round 992 (Div. 2),Harsh_Yadav1729,12722,1733675700,865,857
2040,Codeforces Round 992 (Div. 2),mystical_nifer,12722,1733675700,0,355
2040,Codeforces Round 992 (Div. 2),NPC404,12722,1733675700,853,755
2040,Codeforces Round 992 (Div. 2),Littichoka,12722,1733675700,1036,926
2040,Codeforces Round 992 (Div. 2),dext_roon_1812,12722,1733675700,1065,953
2040,Codeforces Round 992 (Div. 2),SHANKARABALAJI,12722,1733675700,0,355
2040,Codeforces Round 992 (Div. 2),chennakeerthi2005,12722,1733675700,0,355
2040,Codeforces Round 992 (Div. 2),dhruvshah2706,12722,1733675700,370,589
2040,Codeforces Round 992 (Div. 2),fanstar900,12722,1733675700,797,702
2040,Codeforces Round 992 (Div. 2),TAUHID_,12722,1733675700,968,863
2040,Codeforces Round 992 (Div. 2),dyekuu,12722,1733675700,665,790
2040,Codeforces Round 992 (Div. 2),Aurelios,12722,1733675700,903,849
2040,Codeforces Round 992 (Div. 2),Digamber_2522,12722,1733675700,818,722
2040,Codeforces Round 992 (Div. 2),ganesh_ravuri,12722,1733675700,882,783
2040,Codeforces Round 992 (Div. 2),Champ29,12722,1733675700,353,574
2040,Codeforces Round 992 (Div. 2),NoOoOOooOoOOobZ,12722,1733675700,0,355
2040,Codeforces Round 992 (Div. 2),adityaZende,12722,1733675700,740,648
2040,Codeforces Round 992 (Div. 2),blckvia,12722,1733675700,706,615
2040,Codeforces Round 992 (Div. 2),rauthanshubham1,12722,1733675700,1025,916
2040,Codeforces Round 992 (Div. 2),Codemaster404,12722,1733675700,1531,1367
2040,Codeforces Round 992 (Div. 2),BlackShadow_,12722,1733675700,937,881
2040,Codeforces Round 992 (Div. 2),vishal261,12722,1733675700,0,355
2040,Codeforces Round 992 (Div. 2),317,12722,1733675700,815,719
2040,Codeforces Round 992 (Div. 2),burfy,12722,1733675700,412,330
2040,Codeforces Round 992 (Div. 2),JaiShivShankar,12722,1733675700,988,929
2040,Codeforces Round 992 (Div. 2),abhigna_kumar,12722,1733675700,432,644
2040,Codeforces Round 992 (Div. 2),Vss202874_M_hussain__a,12722,1733675700,935,833
2040,Codeforces Round 992 (Div. 2),hardikmathur02,12722,1733675700,611,741
2040,Codeforces Round 992 (Div. 2),frankstien_10,12722,1733675700,722,631
2040,Codeforces Round 992 (Div. 2),maanuom35,12722,1733675700,919,907
2040,Codeforces Round 992 (Div. 2),fatma_abdulwahab,12722,1733675700,0,355
2040,Codeforces Round 992 (Div. 2),testdata1234,12722,1733675700,1073,961
2040,Codeforces Round 992 (Div. 2),ammufeezz,12722,1733675700,617,746
2040,Codeforces Round 992 (Div. 2),M.Harby,12722,1733675700,353,574
2040,Codeforces Round 992 (Div. 2),buzhiduinitong,12722,1733675700,378,596
2040,Codeforces Round 992 (Div. 2),haiminhlaptrinhnhucac,12722,1733675700,707,827
2040,Codeforces Round 992 (Div. 2),GaURaVS25,12722,1733675700,995,888
2040,Codeforces Round 992 (Div. 2),Lit_Coder_69,12722,1733675700,623,751
2040,Codeforces Round 992 (Div. 2),joseph1222,12722,1733675700,704,825
2040,Codeforces Round 992 (Div. 2),cgupta7068,12722,1733675700,352,573
2040,Codeforces Round 992 (Div. 2),Dbope,12722,1733675700,1124,1007
2040,Codeforces Round 992 (Div. 2),YashCdf,12722,1733675700,880,871
2040,Codeforces Round 992 (Div. 2),availabel,12722,1733675700,609,739
2040,Codeforces Round 992 (Div. 2),animesh-94,12722,1733675700,709,618
2040,Codeforces Round 992 (Div. 2),S1NW4R,12722,1733675700,1077,1050
2040,Codeforces Round 992 (Div. 2),preksha.rathal,12722,1733675700,0,355
2040,Codeforces Round 992 (Div. 2),OMNITRIXXX,12722,1733675700,614,744
2040,Codeforces Round 992 (Div. 2),_JINX_,12722,1733675700,845,748
2040,Codeforces Round 992 (Div. 2),h.lafkih,12722,1733675700,922,910
2040,Codeforces Round 992 (Div. 2),68.0.80.0,12722,1733675700,599,730
2040,Codeforces Round 992 (Div. 2),Dinesh_04,12722,1733675700,846,796
2040,Codeforces Round 992 (Div. 2),br224,12722,1733675700,358,578
2040,Codeforces Round 992 (Div. 2),VuttaradhiGhayini,12722,1733675700,764,763
2040,Codeforces Round 992 (Div. 2),Digonto11133,12722,1733675700,365,584
2040,Codeforces Round 992 (Div. 2),aleonov,12722,1733675700,1324,1187
2040,Codeforces Round 992 (Div. 2),swathireddy71932,12722,1733675700,349,570
2040,Codeforces Round 992 (Div. 2),Quan.1,12722,1733675700,793,698
2040,Codeforces Round 992 (Div. 2),Ratan_Kumar_Thakur,12722,1733675700,839,789
2040,Codeforces Round 992 (Div. 2),IEC2024047,12722,1733675700,860,852
2040,Codeforces Round 992 (Div. 2),insaider1000,12722,1733675700,702,745
2040,Codeforces Round 992 (Div. 2),_dips,12722,1733675700,816,720
2040,Codeforces Round 992 (Div. 2),dsa-Daddy,12722,1733675700,1182,1060
2040,Codeforces Round 992 (Div. 2),mdabarikbd,12722,1733675700,361,581
2040,Codeforces Round 992 (Div. 2),Ayxan167,12722,1733675700,989,929
2040,Codeforces Round 992 (Div. 2),MRshemesh,12722,1733675700,0,355
2040,Codeforces Round 992 (Div. 2),krishna612,12722,1733675700,948,845
2040,Codeforces Round 992 (Div. 2),luyu1021,12722,1733675700,782,688
2040,Codeforces Round 992 (Div. 2),physical23,12722,1733675700,868,769
2040,Codeforces Round 992 (Div. 2),kirtinasha999,12722,1733675700,758,665
2040,Codeforces Round 992 (Div. 2),bonagauni,12722,1733675700,683,593
2040,Codeforces Round 992 (Div. 2),_mystical,12722,1733675700,884,784
2040,Codeforces Round 992 (Div. 2),Hack.404,12722,1733675700,1277,1145
2040,Codeforces Round 992 (Div. 2),ascyrax_,12722,1733675700,1432,1281
2040,Codeforces Round 992 (Div. 2),saksham2911,12722,1733675700,393,609
2040,Codeforces Round 992 (Div. 2),OMOMOM_OM,12722,1733675700,599,789
2040,Codeforces Round 992 (Div. 2),ashadujjaman2617,12722,1733675700,733,641
2040,Codeforces Round 992 (Div. 2),bq4040,12722,1733675700,0,355
2040,Codeforces Round 992 (Div. 2),Sori_VN,12722,1733675700,800,705
2040,Codeforces Round 992 (Div. 2),Surajit25,12722,1733675700,756,663
2040,Codeforces Round 992 (Div. 2),pusachaitu04,12722,1733675700,813,765
2040,Codeforces Round 992 (Div. 2),zzff,12722,1733675700,0,355
2040,Codeforces Round 992 (Div. 2),TTTT_TTTT,12722,1733675700,537,451
2040,Codeforces Round 992 (Div. 2),dcoder28,12722,1733675700,0,355
2040,Codeforces Round 992 (Div. 2),Shoaeb1,12722,1733675700,0,355
2040,Codeforces Round 992 (Div. 2),meghanagannoju,12722,1733675700,869,817
2040,Codeforces Round 992 (Div. 2),yuv5120,12722,1733675700,922,820
2040,Codeforces Round 992 (Div. 2),Catchet,12722,1733675700,1483,1326
2040,Codeforces Round 992 (Div. 2),mominul643,12722,1733675700,783,689
2040,Codeforces Round 992 (Div. 2),Miracle75,12722,1733675700,918,817
2040,Codeforces Round 992 (Div. 2),sukeshchinnu3030,12722,1733675700,0,355
2040,Codeforces Round 992 (Div. 2),svin888,12722,1733675700,0,355
2040,Codeforces Round 992 (Div. 2),Eng_Fatma,12722,1733675700,575,708
2040,Codeforces Round 992 (Div. 2),tusartalukder46,12722,1733675700,798,703
2040,Codeforces Round 992 (Div. 2),pri_07,12722,1733675700,615,744
2040,Codeforces Round 992 (Div. 2),divyansh.2901,12722,1733675700,0,355
2040,Codeforces Round 992 (Div. 2),bhanu55x,12722,1733675700,723,764
2040,Codeforces Round 992 (Div. 2),lukagvritishvili,12722,1733675700,1232,1105
2040,Codeforces Round 992 (Div. 2),tanmaymodi_1024,12722,1733675700,887,834
2040,Codeforces Round 992 (Div. 2),sud2006,12722,1733675700,591,722
2040,Codeforces Round 992 (Div. 2),ahemon369,12722,1733675700,584,716
2040,Codeforces Round 992 (Div. 2),sahiltanwani67,12722,1733675700,638,765
2040,Codeforces Round 992 (Div. 2),elshamam_123,12722,1733675700,813,809
2040,Codeforces Round 992 (Div. 2),primefury,12722,1733675700,1047,937
2040,Codeforces Round 992 (Div. 2),sathwikreddy12,12722,1733675700,790,695
2040,Codeforces Round 992 (Div. 2),nagujeno,12722,1733675700,828,984
2040,Codeforces Round 992 (Div. 2),Golden_Retriever,12722,1733675700,417,334
2040,Codeforces Round 992 (Div. 2),_Balu_,12722,1733675700,501,416
2040,Codeforces Round 992 (Div. 2),FikreyohanesAbera,12722,1733675700,898,924
2040,Codeforces Round 992 (Div. 2),nalindalal2004,12722,1733675700,422,635
2040,Codeforces Round 992 (Div. 2),Twila,12722,1733675700,822,726
2040,Codeforces Round 992 (Div. 2),last_switch,12722,1733675700,1203,1079
2040,Codeforces Round 992 (Div. 2),KISHU-28,12722,1733675700,871,863
2040,Codeforces Round 992 (Div. 2),harshit_singhal,12722,1733675700,1112,997
2040,Codeforces Round 992 (Div. 2),AdwanHu,12722,1733675700,581,714
2040,Codeforces Round 992 (Div. 2),athul_sat,12722,1733675700,832,782
2040,Codeforces Round 992 (Div. 2),prakharb94,12722,1733675700,0,355
2040,Codeforces Round 992 (Div. 2),9xZER0,12722,1733675700,1165,1045
2040,Codeforces Round 992 (Div. 2),semantyc,12722,1733675700,1118,1001
2040,Codeforces Round 992 (Div. 2),Wis_adel,12722,1733675700,1697,1551
2040,Codeforces Round 992 (Div. 2),orimon22,12722,1733675700,624,536
2040,Codeforces Round 992 (Div. 2),alibakouchi34,12722,1733675700,0,355
2040,Codeforces Round 992 (Div. 2),OjasGarg,12722,1733675700,704,614
2040,Codeforces Round 992 (Div. 2),VSS104034_HassanZaheer,12722,1733675700,959,944
2040,Codeforces Round 992 (Div. 2),shantogyn,12722,1733675700,386,603
2040,Codeforces Round 992 (Div. 2),Beimo,12722,1733675700,0,355
2040,Codeforces Round 992 (Div. 2),Nursat1234,12722,1733675700,0,355
2040,Codeforces Round 992 (Div. 2),virendra12,12722,1733675700,0,355
2040,Codeforces Round 992 (Div. 2),Quantumkey,12722,1733675700,369,588
2040,Codeforces Round 992 (Div. 2),Zer0_2,12722,1733675700,0,355
2040,Codeforces Round 992 (Div. 2),Ebad-Ur-Rehman,12722,1733675700,0,355
2040,Codeforces Round 992 (Div. 2),Aztrek2000,12722,1733675700,740,647
2040,Codeforces Round 992 (Div. 2),yccc0530,12722,1733675700,835,786
2040,Codeforces Round 992 (Div. 2),YX121,12722,1733675700,760,798
2040,Codeforces Round 992 (Div. 2),Dark_Horse69,12722,1733675700,751,790
2040,Codeforces Round 992 (Div. 2),VSS203199arnav_kumar,12722,1733675700,397,613
2040,Codeforces Round 992 (Div. 2),CHIRAG_7,12722,1733675700,936,833
2040,Codeforces Round 992 (Div. 2),10_101_01,12722,1733675700,1051,1061
2040,Codeforces Round 992 (Div. 2),ppbharm2005,12722,1733675700,352,573
2040,Codeforces Round 992 (Div. 2),theviper,12722,1733675700,963,859
2040,Codeforces Round 992 (Div. 2),mos9527,12722,1733675700,1318,1182
2040,Codeforces Round 992 (Div. 2),Namah_Siddham,12722,1733675700,783,781
2040,Codeforces Round 992 (Div. 2),suyog_18,12722,1733675700,0,355
2040,Codeforces Round 992 (Div. 2),Solver_Yeasin,12722,1733675700,0,355
2040,Codeforces Round 992 (Div. 2),Harsh.2006,12722,1733675700,352,573
2040,Codeforces Round 992 (Div. 2),Om_Yadav77,12722,1733675700,0,355
2040,Codeforces Round 992 (Div. 2),freakadi,12722,1733675700,353,574
2040,Codeforces Round 992 (Div. 2),guptasamarth200,12722,1733675700,773,772
2040,Codeforces Round 992 (Div. 2),Yuvraj_Veer,12722,1733675700,0,355
2040,Codeforces Round 992 (Div. 2),ezznagy,12722,1733675700,426,639
2040,Codeforces Round 992 (Div. 2),maneniranjan45,12722,1733675700,360,580
2040,Codeforces Round 992 (Div. 2),Nerve_For,12722,1733675700,355,576
2040,Codeforces Round 992 (Div. 2),Utonut,12722,1733675700,946,1036
2040,Codeforces Round 992 (Div. 2),lnxhm1,12722,1733675700,856,886
2040,Codeforces Round 992 (Div. 2),irahs0104,12722,1733675700,370,589
2040,Codeforces Round 992 (Div. 2),RishabhDotasara,12722,1733675700,381,598
2040,Codeforces Round 992 (Div. 2),TKG292,12722,1733675700,749,788
2040,Codeforces Round 992 (Div. 2),MirazHossain_847,12722,1733675700,933,831
2040,Codeforces Round 992 (Div. 2),lohitha_paduri,12722,1733675700,0,355
2040,Codeforces Round 992 (Div. 2),ahmadsavaiz03,12722,1733675700,0,355
2040,Codeforces Round 992 (Div. 2),ajayachugatla,12722,1733675700,749,748
2040,Codeforces Round 992 (Div. 2),ankitsingh1221,12722,1733675700,725,633
2040,Codeforces Round 992 (Div. 2),txkien11binhthuan,12722,1733675700,739,779
2040,Codeforces Round 992 (Div. 2),aramse_908,12722,1733675700,353,574
2040,Codeforces Round 992 (Div. 2),oreshn1k,12722,1733675700,784,690
2040,Codeforces Round 992 (Div. 2),naieem1224,12722,1733675700,0,355
2040,Codeforces Round 992 (Div. 2),shivam150104,12722,1733675700,0,355
2040,Codeforces Round 992 (Div. 2),yimengyunshang,12722,1733675700,353,574
2040,Codeforces Round 992 (Div. 2),rahulrathod,12722,1733675700,628,540
2040,Codeforces Round 992 (Div. 2),Sarayu06,12722,1733675700,796,701
2040,Codeforces Round 992 (Div. 2),pritulsingh225,12722,1733675700,0,355
2040,Codeforces Round 992 (Div. 2),22r01a7346,12722,1733675700,353,574
2040,Codeforces Round 992 (Div. 2),jinghhxing,12722,1733675700,0,355
2040,Codeforces Round 992 (Div. 2),Soumen8603,12722,1733675700,0,355
2040,Codeforces Round 992 (Div. 2),Kuvam,12722,1733675700,0,355
2040,Codeforces Round 992 (Div. 2),divuyes,12722,1733675700,441,652
2040,Codeforces Round 992 (Div. 2),Aditi213,12722,1733675700,615,745
2040,Codeforces Round 992 (Div. 2),The_social_Contract,12722,1733675700,1300,1166
2040,Codeforces Round 992 (Div. 2),Ravi_0007,12722,1733675700,623,751
2040,Codeforces Round 992 (Div. 2),AnjaliRajput_23,12722,1733675700,735,643
2040,Codeforces Round 992 (Div. 2),eugenesam,12722,1733675700,0,355
2040,Codeforces Round 992 (Div. 2),minhlaga,12722,1733675700,762,669
2040,Codeforces Round 992 (Div. 2),_stack,12722,1733675700,687,809
2040,Codeforces Round 992 (Div. 2),surajupadhye,12722,1733675700,358,578
2040,Codeforces Round 992 (Div. 2),FomoCoder,12722,1733675700,605,735
2040,Codeforces Round 992 (Div. 2),f20231336,12722,1733675700,840,834
2040,Codeforces Round 992 (Div. 2),aniket0079,12722,1733675700,352,573
2040,Codeforces Round 992 (Div. 2),YDurgaPriya,12722,1733675700,748,747
2040,Codeforces Round 992 (Div. 2),Anshu_Pritam,12722,1733675700,630,758
2040,Codeforces Round 992 (Div. 2),ram2310,12722,1733675700,737,777
2040,Codeforces Round 992 (Div. 2),adrenox2004max,12722,1733675700,438,649
2040,Codeforces Round 992 (Div. 2),A_S_Thunder,12722,1733675700,708,828
2040,Codeforces Round 992 (Div. 2),Jiya.25,12722,1733675700,0,355
2040,Codeforces Round 992 (Div. 2),mysterkumar,12722,1733675700,349,570
2040,Codeforces Round 992 (Div. 2),joannasamuel,12722,1733675700,0,355
2040,Codeforces Round 992 (Div. 2),tsraashu,12722,1733675700,352,573
2040,Codeforces Round 992 (Div. 2),Nayem33,12722,1733675700,0,355
2040,Codeforces Round 992 (Div. 2),Thamsi_24,12722,1733675700,0,355
2040,Codeforces Round 992 (Div. 2),durg123,12722,1733675700,1167,1131
2040,Codeforces Round 992 (Div. 2),dhyanapatel_1611,12722,1733675700,782,819
2040,Codeforces Round 992 (Div. 2),arnabghoshblg,12722,1733675700,414,628
2040,Codeforces Round 992 (Div. 2),Nemenis,12722,1733675700,0,355
2040,Codeforces Round 992 (Div. 2),Misbah2019,12722,1733675700,802,707
2040,Codeforces Round 992 (Div. 2),aarnav18,12722,1733675700,699,608
2040,Codeforces Round 992 (Div. 2),adawfafawf,12722,1733675700,901,801
2040,Codeforces Round 992 (Div. 2),HeavnlyDemon,12722,1733675700,371,590
2040,Codeforces Round 992 (Div. 2),ItsOrganic,12722,1733675700,357,577
2040,Codeforces Round 992 (Div. 2),finex_530,12722,1733675700,372,591
2040,Codeforces Round 992 (Div. 2),Nikulin1000,12722,1733675700,702,745
2040,Codeforces Round 992 (Div. 2),Arbrcr_lh,12722,1733675700,0,355
2040,Codeforces Round 992 (Div. 2),C241418_Maisha,12722,1733675700,0,355
2040,Codeforces Round 992 (Div. 2),F1Girl,12722,1733675700,740,648
2040,Codeforces Round 992 (Div. 2),Madmax28,12722,1733675700,934,832
2040,Codeforces Round 992 (Div. 2),anjalikumari7331,12722,1733675700,843,746
2040,Codeforces Round 992 (Div. 2),PhoeNix_2468,12722,1733675700,583,715
2040,Codeforces Round 992 (Div. 2),ranu47243,12722,1733675700,884,785
2040,Codeforces Round 992 (Div. 2),Joker_face,12722,1733675700,575,708
2040,Codeforces Round 992 (Div. 2),noonick,12722,1733675700,573,706
2040,Codeforces Round 992 (Div. 2),souravpalit,12722,1733675700,825,776
2040,Codeforces Round 992 (Div. 2),M.Sriman,12722,1733675700,0,355
2040,Codeforces Round 992 (Div. 2),cipher_69,12722,1733675700,0,355
2040,Codeforces Round 992 (Div. 2),Krishna_Shrivastav,12722,1733675700,0,355
2040,Codeforces Round 992 (Div. 2),ellometa_,12722,1733675700,1007,900
2040,Codeforces Round 992 (Div. 2),lixbC123,12722,1733675700,0,355
2040,Codeforces Round 992 (Div. 2),rajneesh.t,12722,1733675700,962,857
2040,Codeforces Round 992 (Div. 2),VSS101191_MFaique,12722,1733675700,0,355
2040,Codeforces Round 992 (Div. 2),LazurAndras,12722,1733675700,678,801
2040,Codeforces Round 992 (Div. 2),VICUNA666,12722,1733675700,1351,1211
2040,Codeforces Round 992 (Div. 2),Dash198,12722,1733675700,410,624
2040,Codeforces Round 992 (Div. 2),Yashasvi1515,12722,1733675700,0,355
2040,Codeforces Round 992 (Div. 2),laober,12722,1733675700,373,592
2040,Codeforces Round 992 (Div. 2),huur_hun,12722,1733675700,389,606
2040,Codeforces Round 992 (Div. 2),COMET.w,12722,1733675700,800,797
2040,Codeforces Round 992 (Div. 2),kaustubhgoge,12722,1733675700,1066,954
2040,Codeforces Round 992 (Div. 2),BurNer_69,12722,1733675700,367,586
2040,Codeforces Round 992 (Div. 2),tm-tareq,12722,1733675700,0,355
2040,Codeforces Round 992 (Div. 2),meghanaaluvala,12722,1733675700,757,796
2040,Codeforces Round 992 (Div. 2),mdmoazzamali785,12722,1733675700,358,578
2040,Codeforces Round 992 (Div. 2),harsh_kumar_arya,12722,1733675700,878,779
2040,Codeforces Round 992 (Div. 2),Andrec_22,12722,1733675700,608,738
2040,Codeforces Round 992 (Div. 2),FLATYsss,12722,1733675700,0,355
2040,Codeforces Round 992 (Div. 2),Muhammad123890,12722,1733675700,988,882
2040,Codeforces Round 992 (Div. 2),uddhavjaju,12722,1733675700,1068,956
2040,Codeforces Round 992 (Div. 2),Mano46,12722,1733675700,0,355
2040,Codeforces Round 992 (Div. 2),floopmaster,12722,1733675700,0,355
2040,Codeforces Round 992 (Div. 2),Eacihh,12722,1733675700,0,355
2040,Codeforces Round 992 (Div. 2),Gold.D.Roger35,12722,1733675700,0,355
2040,Codeforces Round 992 (Div. 2),Coderv55,12722,1733675700,686,809
2040,Codeforces Round 992 (Div. 2),semal1820,12722,1733675700,0,355
2040,Codeforces Round 992 (Div. 2),jakem611,12722,1733675700,0,355
2040,Codeforces Round 992 (Div. 2),shajan813,12722,1733675700,0,355
2040,Codeforces Round 992 (Div. 2),rawhi01,12722,1733675700,692,814
2040,Codeforces Round 992 (Div. 2),sai_pallavi08,12722,1733675700,630,542
2040,Codeforces Round 992 (Div. 2),Ivan_ZELENOV1,12722,1733675700,815,811
2040,Codeforces Round 992 (Div. 2),jashnavi10,12722,1733675700,813,717
2040,Codeforces Round 992 (Div. 2),SinghDhroov,12722,1733675700,1199,1075
2040,Codeforces Round 992 (Div. 2),PALEMTEJASWINI,12722,1733675700,439,650
2040,Codeforces Round 992 (Div. 2),harshilv17,12722,1733675700,627,755
2040,Codeforces Round 992 (Div. 2),Aly_Hossam222,12722,1733675700,356,576
2040,Codeforces Round 992 (Div. 2),pythonnewb,12722,1733675700,0,355
2040,Codeforces Round 992 (Div. 2),ELJOJ,12722,1733675700,0,355
2040,Codeforces Round 992 (Div. 2),8121312688,12722,1733675700,0,355
2040,Codeforces Round 992 (Div. 2),jaswanthakula,12722,1733675700,774,772
2040,Codeforces Round 992 (Div. 2),chandraveer_17,12722,1733675700,0,355
2040,Codeforces Round 992 (Div. 2),RedMouse228,12722,1733675700,947,843
2040,Codeforces Round 992 (Div. 2),VSS203493_MAsad,12722,1733675700,605,735
2040,Codeforces Round 992 (Div. 2),Marcu.Novac,12722,1733675700,374,592
2040,Codeforces Round 992 (Div. 2),martha17,12722,1733675700,1228,1101
2040,Codeforces Round 992 (Div. 2),we_wake__,12722,1733675700,583,497
2040,Codeforces Round 992 (Div. 2),kikujk,12722,1733675700,0,355
2040,Codeforces Round 992 (Div. 2),Sparsh_Chaudhary,12722,1733675700,591,723
2040,Codeforces Round 992 (Div. 2),Owasim_Akram,12722,1733675700,879,780
2040,Codeforces Round 992 (Div. 2),sairam1988,12722,1733675700,352,573
2040,Codeforces Round 992 (Div. 2),Shuvro07,12722,1733675700,1056,945
2040,Codeforces Round 992 (Div. 2),ayushi.mittal2005,12722,1733675700,373,591
2040,Codeforces Round 992 (Div. 2),hyperion.akki,12722,1733675700,600,731
2040,Codeforces Round 992 (Div. 2),RaNoNa..,12722,1733675700,0,355
2040,Codeforces Round 992 (Div. 2),Alsa8yyyy,12722,1733675700,0,355
2040,Codeforces Round 992 (Div. 2),The-Carnage,12722,1733675700,382,599
2040,Codeforces Round 992 (Div. 2),22H51A66B6,12722,1733675700,861,853
2040,Codeforces Round 992 (Div. 2),DuckNife,12722,1733675700,0,355
2040,Codeforces Round 992 (Div. 2),Mr_Slut3a,12722,1733675700,960,856
2040,Codeforces Round 992 (Div. 2),mr_14,12722,1733675700,924,822
2040,Codeforces Round 992 (Div. 2),23eg505e02,12722,1733675700,0,355
2040,Codeforces Round 992 (Div. 2),Hussein_Mahmoud7,12722,1733675700,592,723
2040,Codeforces Round 992 (Div. 2),mi_sajib,12722,1733675700,772,678
2040,Codeforces Round 992 (Div. 2),Yeasar,12722,1733675700,616,528
2040,Codeforces Round 992 (Div. 2),khalid_hossen1,12722,1733675700,678,588
2040,Codeforces Round 992 (Div. 2),Abhakta2019,12722,1733675700,1151,1032
2040,Codeforces Round 992 (Div. 2),Big_D17,12722,1733675700,845,795
2040,Codeforces Round 992 (Div. 2),ash_poghosyan,12722,1733675700,0,355
2040,Codeforces Round 992 (Div. 2),anubhav100204,12722,1733675700,0,355
2040,Codeforces Round 992 (Div. 2),Prabha_127,12722,1733675700,775,681
2040,Codeforces Round 992 (Div. 2),ffollowers623,12722,1733675700,0,355
2040,Codeforces Round 992 (Div. 2),TurjoyTushar,12722,1733675700,742,742
2040,Codeforces Round 992 (Div. 2),Sajib_bhuiyan00,12722,1733675700,710,619
2040,Codeforces Round 992 (Div. 2),veerakowshikkatam,12722,1733675700,0,355
2040,Codeforces Round 992 (Div. 2),adema05,12722,1733675700,381,598
2040,Codeforces Round 992 (Div. 2),ehsanul.karim.talha,12722,1733675700,969,865
2040,Codeforces Round 992 (Div. 2),pdubey1924,12722,1733675700,700,609
2040,Codeforces Round 992 (Div. 2),db_dib,12722,1733675700,620,749
2040,Codeforces Round 992 (Div. 2),spar10,12722,1733675700,381,599
2040,Codeforces Round 992 (Div. 2),Yashureddy,12722,1733675700,407,622
2040,Codeforces Round 992 (Div. 2),vivek4all,12722,1733675700,0,355
2040,Codeforces Round 992 (Div. 2),megu_xy,12722,1733675700,1246,1117
2040,Codeforces Round 992 (Div. 2),awwniket,12722,1733675700,352,573
2040,Codeforces Round 992 (Div. 2),Sincerely21,12722,1733675700,353,574
2040,Codeforces Round 992 (Div. 2),mursallin.whitehated,12722,1733675700,746,746
2040,Codeforces Round 992 (Div. 2),4o2a,12722,1733675700,1391,1245
2040,Codeforces Round 992 (Div. 2),naresh_swe_24,12722,1733675700,587,719
2040,Codeforces Round 992 (Div. 2),Adarsh_World,12722,1733675700,0,355
2040,Codeforces Round 992 (Div. 2),Infinity4,12722,1733675700,895,795
2040,Codeforces Round 992 (Div. 2),deepak_dobbala,12722,1733675700,1023,914
2040,Codeforces Round 992 (Div. 2),sofip,12722,1733675700,356,576
2040,Codeforces Round 992 (Div. 2),xlxthj,12722,1733675700,643,770
2040,Codeforces Round 992 (Div. 2),zhangjunming,12722,1733675700,0,355
2040,Codeforces Round 992 (Div. 2),NaRsU_98,12722,1733675700,1017,909
2040,Codeforces Round 992 (Div. 2),ra_ha_nu_ma,12722,1733675700,648,559
2040,Codeforces Round 992 (Div. 2),edish.forces,12722,1733675700,0,355
2040,Codeforces Round 992 (Div. 2),mdsaifulislamscience,12722,1733675700,573,706
2040,Codeforces Round 992 (Div. 2),juzi05,12722,1733675700,670,794
2040,Codeforces Round 992 (Div. 2),The_Coded_Godfather,12722,1733675700,353,574
2040,Codeforces Round 992 (Div. 2),mrhecker05,12722,1733675700,588,720
2040,Codeforces Round 992 (Div. 2),Owl_Knight,12722,1733675700,635,546
2040,Codeforces Round 992 (Div. 2),Divyanshu_05,12722,1733675700,774,680
2040,Codeforces Round 992 (Div. 2),mohamedhedda90,12722,1733675700,0,355
2040,Codeforces Round 992 (Div. 2),tanmaisai123,12722,1733675700,1037,927
2040,Codeforces Round 992 (Div. 2),1604mihir,12722,1733675700,863,765
2040,Codeforces Round 992 (Div. 2),Jannatul_Maowa_Chowdhury,12722,1733675700,363,583
2040,Codeforces Round 992 (Div. 2),Ayanpal,12722,1733675700,744,744
2040,Codeforces Round 992 (Div. 2),Natto_,12722,1733675700,1055,944
2040,Codeforces Round 992 (Div. 2),lukeshpoddar,12722,1733675700,783,781
2040,Codeforces Round 992 (Div. 2),sushant_911,12722,1733675700,774,728
2040,Codeforces Round 992 (Div. 2),dddragons0803,12722,1733675700,838,870
2040,Codeforces Round 992 (Div. 2),chaitanya_07,12722,1733675700,643,770
2040,Codeforces Round 992 (Div. 2),sushantbharti,12722,1733675700,0,355
2040,Codeforces Round 992 (Div. 2),SanjayKumar584,12722,1733675700,705,614
2040,Codeforces Round 992 (Div. 2),vdbao09brvt,12722,1733675700,869,898
2040,Codeforces Round 992 (Div. 2),openair,12722,1733675700,1101,986
2040,Codeforces Round 992 (Div. 2),tonay,12722,1733675700,0,355
2040,Codeforces Round 992 (Div. 2),Bhavzz,12722,1733675700,0,355
2040,Codeforces Round 992 (Div. 2),ayushrathore75,12722,1733675700,570,703
2040,Codeforces Round 992 (Div. 2),BeBa_Eslam,12722,1733675700,0,355
2040,Codeforces Round 992 (Div. 2),scitc_wgq,12722,1733675700,776,813
2040,Codeforces Round 992 (Div. 2),Salsabil_13,12722,1733675700,778,776
2040,Codeforces Round 992 (Div. 2),Jin_Kazama_jalaun,12722,1733675700,967,862
2040,Codeforces Round 992 (Div. 2),divyamdixit49,12722,1733675700,1160,1040
2040,Codeforces Round 992 (Div. 2),sajigyasu,12722,1733675700,352,573
2040,Codeforces Round 992 (Div. 2),pookiethecoder,12722,1733675700,867,768
2040,Codeforces Round 992 (Div. 2),abhigyanpandey10,12722,1733675700,396,612
2040,Codeforces Round 992 (Div. 2),jojo13,12722,1733675700,937,834
2040,Codeforces Round 992 (Div. 2),De-coder.ReWe,12722,1733675700,0,355
2040,Codeforces Round 992 (Div. 2),Ishan05pardhi,12722,1733675700,810,715
2040,Codeforces Round 992 (Div. 2),gidov10556,12722,1733675700,901,927
2040,Codeforces Round 992 (Div. 2),yanyukun,12722,1733675700,0,355
2040,Codeforces Round 992 (Div. 2),vivek_79,12722,1733675700,0,355
2040,Codeforces Round 992 (Div. 2),shiva1301,12722,1733675700,0,355
2040,Codeforces Round 992 (Div. 2),cypress_lin,12722,1733675700,0,355
2040,Codeforces Round 992 (Div. 2),Rasel_hosen,12722,1733675700,724,632
2040,Codeforces Round 992 (Div. 2),nn74,12722,1733675700,894,794
2040,Codeforces Round 992 (Div. 2),Jorim,12722,1733675700,877,778
2040,Codeforces Round 992 (Div. 2),coke_pussy,12722,1733675700,667,577
2040,Codeforces Round 992 (Div. 2),Ayush1729,12722,1733675700,1126,1009
2040,Codeforces Round 992 (Div. 2),sunny.yuvraj23,12722,1733675700,366,585
2040,Codeforces Round 992 (Div. 2),hey.riyasangwan,12722,1733675700,0,355
2040,Codeforces Round 992 (Div. 2),thesopranos,12722,1733675700,707,616
2040,Codeforces Round 992 (Div. 2),ArafatNirob,12722,1733675700,621,750
2040,Codeforces Round 992 (Div. 2),ajssss,12722,1733675700,765,764
2040,Codeforces Round 992 (Div. 2),lavyadav824,12722,1733675700,352,573
2040,Codeforces Round 992 (Div. 2),vimal172,12722,1733675700,1095,981
2040,Codeforces Round 992 (Div. 2),aryslan174,12722,1733675700,673,797
2040,Codeforces Round 992 (Div. 2),Doaa_M,12722,1733675700,0,355
2040,Codeforces Round 992 (Div. 2),tofaal9152,12722,1733675700,791,697
2040,Codeforces Round 992 (Div. 2),aleksandre123,12722,1733675700,780,817
2040,Codeforces Round 992 (Div. 2),RONY010,12722,1733675700,758,757
2040,Codeforces Round 992 (Div. 2),D_Malhar04,12722,1733675700,867,859
2040,Codeforces Round 992 (Div. 2),manikanta_01,12722,1733675700,857,759
2040,Codeforces Round 992 (Div. 2),naman.iitd28,12722,1733675700,367,586
2040,Codeforces Round 992 (Div. 2),Amrutha_2005,12722,1733675700,762,800
2040,Codeforces Round 992 (Div. 2),champi_one,12722,1733675700,441,652
2040,Codeforces Round 992 (Div. 2),Abhishek1984,12722,1733675700,594,725
2040,Codeforces Round 992 (Div. 2),charvivyasambati,12722,1733675700,0,355
2040,Codeforces Round 992 (Div. 2),Piyush_GYL,12722,1733675700,745,785
2040,Codeforces Round 992 (Div. 2),Siddharth0908,12722,1733675700,847,749
2040,Codeforces Round 992 (Div. 2),aryansangwan399,12722,1733675700,0,355
2040,Codeforces Round 992 (Div. 2),AshfaqSy,12722,1733675700,426,638
2040,Codeforces Round 992 (Div. 2),GauravPandey_1_1,12722,1733675700,382,600
2040,Codeforces Round 992 (Div. 2),malyalaabhiramgoud1,12722,1733675700,669,579
2040,Codeforces Round 992 (Div. 2),das,12722,1733675700,925,823
2040,Codeforces Round 992 (Div. 2),ganeshsinnur,12722,1733675700,361,581
2040,Codeforces Round 992 (Div. 2),Md.Shah-alam,12722,1733675700,729,770
2040,Codeforces Round 992 (Div. 2),Ganeshkumar231,12722,1733675700,875,776
2040,Codeforces Round 992 (Div. 2),amreeneusra03,12722,1733675700,730,638
2040,Codeforces Round 992 (Div. 2),riju_rahman,12722,1733675700,829,733
2040,Codeforces Round 992 (Div. 2),ibmrafi4,12722,1733675700,812,807
2040,Codeforces Round 992 (Div. 2),Saksham9934,12722,1733675700,817,812
2040,Codeforces Round 992 (Div. 2),wslqxt1314,12722,1733675700,1026,917
2040,Codeforces Round 992 (Div. 2),Mirziyobek,12722,1733675700,358,578
2040,Codeforces Round 992 (Div. 2),dummyyy,12722,1733675700,1145,1026
2040,Codeforces Round 992 (Div. 2),gleefulwash,12722,1733675700,0,355
2040,Codeforces Round 992 (Div. 2),nishant-1-5,12722,1733675700,665,789
2040,Codeforces Round 992 (Div. 2),bumblebeeA,12722,1733675700,0,355
2040,Codeforces Round 992 (Div. 2),mohitvdx,12722,1733675700,371,590
2040,Codeforces Round 992 (Div. 2),stoz,12722,1733675700,727,728
2040,Codeforces Round 992 (Div. 2),WekaLop,12722,1733675700,669,579
2040,Codeforces Round 992 (Div. 2),rishabh_jawade,12722,1733675700,353,574
2040,Codeforces Round 992 (Div. 2),Sitav,12722,1733675700,797,793
2040,Codeforces Round 992 (Div. 2),some1ne,12722,1733675700,0,355
2040,Codeforces Round 992 (Div. 2),anishka22m,12722,1733675700,760,798
2040,Codeforces Round 992 (Div. 2),amlanjyoti3345,12722,1733675700,372,591
2040,Codeforces Round 992 (Div. 2),farhanlabibahan,12722,1733675700,875,823
2040,Codeforces Round 992 (Div. 2),abouraa,12722,1733675700,795,830
2040,Codeforces Round 992 (Div. 2),Kakarot_DB,12722,1733675700,0,355
2040,Codeforces Round 992 (Div. 2),erikerciku06,12722,1733675700,360,580
2040,Codeforces Round 992 (Div. 2),Jevin2005,12722,1733675700,898,797
2040,Codeforces Round 992 (Div. 2),EEN_NUN_THE,12722,1733675700,0,355
2040,Codeforces Round 992 (Div. 2),nutan9135kr,12722,1733675700,0,355
2040,Codeforces Round 992 (Div. 2),rohiee_,12722,1733675700,772,726
2040,Codeforces Round 992 (Div. 2),moodyMonk,12722,1733675700,392,608
2040,Codeforces Round 992 (Div. 2),fatema.akter,12722,1733675700,0,355
2040,Codeforces Round 992 (Div. 2),VRAJESHARMA,12722,1733675700,1047,937
2040,Codeforces Round 992 (Div. 2),Al_Mukit_Muktafin_Niloy,12722,1733675700,709,829
2040,Codeforces Round 992 (Div. 2),10viranik,12722,1733675700,0,355
2040,Codeforces Round 992 (Div. 2),doonmad,12722,1733675700,365,584
2040,Codeforces Round 992 (Div. 2),Mahdi_Proch,12722,1733675700,353,573
2040,Codeforces Round 992 (Div. 2),huanghao,12722,1733675700,610,740
2040,Codeforces Round 992 (Div. 2),iitamansharma,12722,1733675700,739,779
2040,Codeforces Round 992 (Div. 2),aarav_singh,12722,1733675700,590,721
2040,Codeforces Round 992 (Div. 2),Elite_master,12722,1733675700,359,579
2040,Codeforces Round 992 (Div. 2),mhtgupta020,12722,1733675700,419,632
2040,Codeforces Round 992 (Div. 2),ghostmikz,12722,1733675700,615,744
2040,Codeforces Round 992 (Div. 2),Uchiha_Obito-,12722,1733675700,1016,908
2040,Codeforces Round 992 (Div. 2),killua0-0,12722,1733675700,616,745
2040,Codeforces Round 992 (Div. 2),Sunumbrella,12722,1733675700,1385,1240
2040,Codeforces Round 992 (Div. 2),Shafayata,12722,1733675700,582,714
2040,Codeforces Round 992 (Div. 2),adityablofeld,12722,1733675700,800,797
2040,Codeforces Round 992 (Div. 2),nk04,12722,1733675700,609,739
2040,Codeforces Round 992 (Div. 2),Tigran2009,12722,1733675700,0,355
2040,Codeforces Round 992 (Div. 2),DoanNgocGiaHung_2k13,12722,1733675700,775,681
2040,Codeforces Round 992 (Div. 2),Sahil_solanki,12722,1733675700,0,355
2040,Codeforces Round 992 (Div. 2),antarc_parihar,12722,1733675700,999,892
2040,Codeforces Round 992 (Div. 2),T0nhao,12722,1733675700,632,760
2040,Codeforces Round 992 (Div. 2),MightBeAnshu,12722,1733675700,936,833
2040,Codeforces Round 992 (Div. 2),Imran71,12722,1733675700,876,777
2040,Codeforces Round 992 (Div. 2),codyy55555,12722,1733675700,882,910
2040,Codeforces Round 992 (Div. 2),amit_kmr,12722,1733675700,644,770
2040,Codeforces Round 992 (Div. 2),ShuOverflow,12722,1733675700,1151,1031
2040,Codeforces Round 992 (Div. 2),medazizfo,12722,1733675700,0,355
2040,Codeforces Round 992 (Div. 2),kamiwasinnda,12722,1733675700,0,355
2040,Codeforces Round 992 (Div. 2),Algo-Ayush,12722,1733675700,977,871
2040,Codeforces Round 992 (Div. 2),PUTTI_PAVAN_KUMAR,12722,1733675700,795,700
2040,Codeforces Round 992 (Div. 2),DevPool,12722,1733675700,789,825
2040,Codeforces Round 992 (Div. 2),bhaveshkumarsharma,12722,1733675700,753,792
2040,Codeforces Round 992 (Div. 2),Ajja_sushma1,12722,1733675700,591,722
2040,Codeforces Round 992 (Div. 2),Eth3r3al,12722,1733675700,1111,1041
2040,Codeforces Round 992 (Div. 2),sadranazemi,12722,1733675700,391,607
2040,Codeforces Round 992 (Div. 2),Sazzad_Islam,12722,1733675700,851,753
2040,Codeforces Round 992 (Div. 2),CodeCyclone,12722,1733675700,353,574
2040,Codeforces Round 992 (Div. 2),Skylight_422,12722,1733675700,1074,961
2040,Codeforces Round 992 (Div. 2),Archika_25,12722,1733675700,976,871
2040,Codeforces Round 992 (Div. 2),Say____My____Name,12722,1733675700,552,466
2040,Codeforces Round 992 (Div. 2),Majo05,12722,1733675700,800,835
2040,Codeforces Round 992 (Div. 2),p_jatt,12722,1733675700,1106,991
2040,Codeforces Round 992 (Div. 2),kckakcksaaaa,12722,1733675700,0,355
2040,Codeforces Round 992 (Div. 2),vivek5148,12722,1733675700,651,777
2040,Codeforces Round 992 (Div. 2),bkdn24.tranvanhuy,12722,1733675700,847,797
2040,Codeforces Round 992 (Div. 2),saadi615,12722,1733675700,803,755
2040,Codeforces Round 992 (Div. 2),roybidhan,12722,1733675700,0,355
2040,Codeforces Round 992 (Div. 2),Za_y_an,12722,1733675700,0,355
2040,Codeforces Round 992 (Div. 2),mai1800,12722,1733675700,0,355
2040,Codeforces Round 992 (Div. 2),fidahaqueshafi,12722,1733675700,575,708
2040,Codeforces Round 992 (Div. 2),YasaswiSabbisetti,12722,1733675700,816,720
2040,Codeforces Round 992 (Div. 2),ashmit.jain,12722,1733675700,849,880
2040,Codeforces Round 992 (Div. 2),ZiFFiR4iK,12722,1733675700,0,355
2040,Codeforces Round 992 (Div. 2),Levmz7,12722,1733675700,0,355
2040,Codeforces Round 992 (Div. 2),abu_abdullah,12722,1733675700,1041,977
2040,Codeforces Round 992 (Div. 2),date_3.0,12722,1733675700,539,454
2040,Codeforces Round 992 (Div. 2),keshavulumuppa03,12722,1733675700,388,605
2040,Codeforces Round 992 (Div. 2),srigowthamgonapala,12722,1733675700,0,355
2040,Codeforces Round 992 (Div. 2),onepiece__3mk,12722,1733675700,599,730
2040,Codeforces Round 992 (Div. 2),ITfanshen,12722,1733675700,0,355
2040,Codeforces Round 992 (Div. 2),kepper00,12722,1733675700,0,355
2040,Codeforces Round 992 (Div. 2),farni4k,12722,1733675700,1054,943
2040,Codeforces Round 992 (Div. 2),Divixja,12722,1733675700,0,355
2040,Codeforces Round 992 (Div. 2),L2.,12722,1733675700,394,610
2040,Codeforces Round 992 (Div. 2),Aps2508,12722,1733675700,0,355
2040,Codeforces Round 992 (Div. 2),Himanshu_224,12722,1733675700,907,806
2040,Codeforces Round 992 (Div. 2),Hasanatkazi12,12722,1733675700,796,792
2040,Codeforces Round 992 (Div. 2),LazLooz,12722,1733675700,986,880
2040,Codeforces Round 992 (Div. 2),shaaban_oraby,12722,1733675700,953,896
2040,Codeforces Round 992 (Div. 2),dzfvbdfvvfdfv,12722,1733675700,353,573
2040,Codeforces Round 992 (Div. 2),nazmul_fiz,12722,1733675700,879,827
2040,Codeforces Round 992 (Div. 2),kaarnikkalia,12722,1733675700,0,355
2040,Codeforces Round 992 (Div. 2),kattarajini,12722,1733675700,556,470
2040,Codeforces Round 992 (Div. 2),turt.ayak.mezun.sanch0,12722,1733675700,353,573
2040,Codeforces Round 992 (Div. 2),AHMED_ELKOT,12722,1733675700,704,613
2040,Codeforces Round 992 (Div. 2),Rishi_teja,12722,1733675700,0,355
2040,Codeforces Round 992 (Div. 2),ndquan10nghean,12722,1733675700,852,754
2040,Codeforces Round 992 (Div. 2),KnightRaider,12722,1733675700,733,641
2040,Codeforces Round 992 (Div. 2),anhdung040709,12722,1733675700,853,884
2040,Codeforces Round 992 (Div. 2),Aditya_Dave,12722,1733675700,0,355
2040,Codeforces Round 992 (Div. 2),Ritesh2004,12722,1733675700,582,715
2040,Codeforces Round 992 (Div. 2),CH_SUDHEER,12722,1733675700,575,708
2040,Codeforces Round 992 (Div. 2),multi_universe,12722,1733675700,360,580
2040,Codeforces Round 992 (Div. 2),Gourav_saini_81,12722,1733675700,0,355
2040,Codeforces Round 992 (Div. 2),ms2263,12722,1733675700,356,576
2040,Codeforces Round 992 (Div. 2),pandeyyysuraj,12722,1733675700,0,355
2040,Codeforces Round 992 (Div. 2),aadarshhhh,12722,1733675700,615,744
2040,Codeforces Round 992 (Div. 2),aishaborbieva7,12722,1733675700,642,769
2040,Codeforces Round 992 (Div. 2),WHITEINK,12722,1733675700,901,927
2040,Codeforces Round 992 (Div. 2),Quy-coder,12722,1733675700,0,355
2040,Codeforces Round 992 (Div. 2),IshitaMehta,12722,1733675700,610,740
2040,Codeforces Round 992 (Div. 2),freezeicea,12722,1733675700,381,598
2040,Codeforces Round 992 (Div. 2),IG_28,12722,1733675700,0,355
2040,Codeforces Round 992 (Div. 2),sathvik475,12722,1733675700,612,742
2040,Codeforces Round 992 (Div. 2),petegaf472,12722,1733675700,871,862
2040,Codeforces Round 992 (Div. 2),AsifOlindo,12722,1733675700,757,664
2040,Codeforces Round 992 (Div. 2),TahmidL13,12722,1733675700,964,860
2040,Codeforces Round 992 (Div. 2),vikasbhartilm10,12722,1733675700,607,737
2040,Codeforces Round 992 (Div. 2),bmaise2005,12722,1733675700,600,731
2040,Codeforces Round 992 (Div. 2),AltafaAnsari,12722,1733675700,580,712
2040,Codeforces Round 992 (Div. 2),0xEssam,13665,1733675700,1592,1419
