contestId,contestName,handle,rank,ratingUpdateTimeSeconds,oldRating,newRating
2047,Codeforces Round 990 (Div. 2),RGB_ICPC8,1,1733214300,1789,2096
2047,Codeforces Round 990 (Div. 2),timer2024,2,1733214300,1867,2118
2047,Codeforces Round 990 (Div. 2),madoka_savior,3,1733214300,1118,1664
2047,Codeforces Round 990 (Div. 2),ylzxxx7,4,1733214300,694,1352
2047,Codeforces Round 990 (Div. 2),mion_sonozaki,5,1733214300,2031,2228
2047,Codeforces Round 990 (Div. 2),swishy321,6,1733214300,1344,1786
2047,Codeforces Round 990 (Div. 2),smilences,7,1733214300,1827,2032
2047,Codeforces Round 990 (Div. 2),sunrise524288,8,1733214300,1026,1525
2047,Codeforces Round 990 (Div. 2),CarroT1212,9,1733214300,1681,1921
2047,Codeforces Round 990 (Div. 2),sztcodeforces,10,1733214300,932,1487
2047,Codeforces Round 990 (Div. 2),zhouyeyeah,11,1733214300,1590,1901
2047,Codeforces Round 990 (Div. 2),byebye10000,12,1733214300,1748,1953
2047,Codeforces Round 990 (Div. 2),nguyenphong233,13,1733214300,1886,2044
2047,Codeforces Round 990 (Div. 2),cowcowwy,14,1733214300,1839,2008
2047,Codeforces Round 990 (Div. 2),Hiraethsoul,15,1733214300,1853,2015
2047,Codeforces Round 990 (Div. 2),Papaz239,16,1733214300,1842,2004
2047,Codeforces Round 990 (Div. 2),wprqxr,17,1733214300,1678,1941
2047,Codeforces Round 990 (Div. 2),Fesdrer,18,1733214300,1430,1771
2047,Codeforces Round 990 (Div. 2),qinyubo,19,1733214300,1554,1884
2047,Codeforces Round 990 (Div. 2),emoboy_,20,1733214300,1479,1750
2047,Codeforces Round 990 (Div. 2),snowythecat,21,1733214300,1862,2005
2047,Codeforces Round 990 (Div. 2),six-floor-slip-liu,22,1733214300,1871,2009
2047,Codeforces Round 990 (Div. 2),owenytz,23,1733214300,1584,1812
2047,Codeforces Round 990 (Div. 2),B_3,24,1733214300,1921,2040
2047,Codeforces Round 990 (Div. 2),revengeMik3,25,1733214300,1480,1790
2047,Codeforces Round 990 (Div. 2),hashman,26,1733214300,1719,1896
2047,Codeforces Round 990 (Div. 2),justin_g_20,27,1733214300,1718,1893
2047,Codeforces Round 990 (Div. 2),Furyna,28,1733214300,1468,1776
2047,Codeforces Round 990 (Div. 2),lq5,29,1733214300,1841,1975
2047,Codeforces Round 990 (Div. 2),cancan123456,30,1733214300,1764,1920
2047,Codeforces Round 990 (Div. 2),hjh123445,31,1733214300,1879,1998
2047,Codeforces Round 990 (Div. 2),Younis_DY,32,1733214300,1798,1940
2047,Codeforces Round 990 (Div. 2),siyuan_giegie,33,1733214300,1715,1881
2047,Codeforces Round 990 (Div. 2),d.o.,34,1733214300,1560,1776
2047,Codeforces Round 990 (Div. 2),JHN021,35,1733214300,1770,1915
2047,Codeforces Round 990 (Div. 2),LazerRazor,35,1733214300,1084,1522
2047,Codeforces Round 990 (Div. 2),kyuukyuusha,37,1733214300,1869,1983
2047,Codeforces Round 990 (Div. 2),din2009siuc,38,1733214300,1674,1846
2047,Codeforces Round 990 (Div. 2),billf,39,1733214300,822,1348
2047,Codeforces Round 990 (Div. 2),BYR_KKK,40,1733214300,1871,1980
2047,Codeforces Round 990 (Div. 2),catgirl,41,1733214300,1830,1950
2047,Codeforces Round 990 (Div. 2),KawakiMeido,42,1733214300,1867,1974
2047,Codeforces Round 990 (Div. 2),rivenboom,42,1733214300,1936,2023
2047,Codeforces Round 990 (Div. 2),Myrtle,44,1733214300,1899,1996
2047,Codeforces Round 990 (Div. 2),atc,45,1733214300,1888,1987
2047,Codeforces Round 990 (Div. 2),1234567st,46,1733214300,1787,1914
2047,Codeforces Round 990 (Div. 2),toIrz,47,1733214300,1844,1953
2047,Codeforces Round 990 (Div. 2),eimil,48,1733214300,1680,1900
2047,Codeforces Round 990 (Div. 2),Scalm,49,1733214300,1785,1910
2047,Codeforces Round 990 (Div. 2),whn,50,1733214300,1771,1899
2047,Codeforces Round 990 (Div. 2),LEViTATED,51,1733214300,1833,1942
2047,Codeforces Round 990 (Div. 2),TripleIceCream,52,1733214300,1838,1944
2047,Codeforces Round 990 (Div. 2),zzbbq,53,1733214300,1334,1607
2047,Codeforces Round 990 (Div. 2),RockSnow,54,1733214300,1858,1956
2047,Codeforces Round 990 (Div. 2),FangYifan,55,1733214300,1855,1953
2047,Codeforces Round 990 (Div. 2),FancyBox,56,1733214300,1331,1648
2047,Codeforces Round 990 (Div. 2),yzzwgyf,57,1733214300,1629,1795
2047,Codeforces Round 990 (Div. 2),p__ce1052,58,1733214300,1792,1906
2047,Codeforces Round 990 (Div. 2),akhmedgaygaygaygaygaygay,59,1733214300,2069,2104
2047,Codeforces Round 990 (Div. 2),pengyixuan2007,59,1733214300,1866,1957
2047,Codeforces Round 990 (Div. 2),silvertides,61,1733214300,1842,1939
2047,Codeforces Round 990 (Div. 2),huangzitai,62,1733214300,1840,1937
2047,Codeforces Round 990 (Div. 2),TRB_going_miles,63,1733214300,699,1220
2047,Codeforces Round 990 (Div. 2),huangkaicheng,64,1733214300,0,738
2047,Codeforces Round 990 (Div. 2),yeongh,65,1733214300,1848,1941
2047,Codeforces Round 990 (Div. 2),Tomorrin,66,1733214300,1737,1918
2047,Codeforces Round 990 (Div. 2),Lihg,67,1733214300,1830,1927
2047,Codeforces Round 990 (Div. 2),zheqing,68,1733214300,1831,1927
2047,Codeforces Round 990 (Div. 2),jimmywang0417,69,1733214300,1559,1791
2047,Codeforces Round 990 (Div. 2),Tom22l,70,1733214300,1742,1863
2047,Codeforces Round 990 (Div. 2),pupilemus,71,1733214300,1866,1949
2047,Codeforces Round 990 (Div. 2),sam_arvandi,72,1733214300,1624,1780
2047,Codeforces Round 990 (Div. 2),Leo_LeLe,73,1733214300,1769,1946
2047,Codeforces Round 990 (Div. 2),jfx,74,1733214300,0,730
2047,Codeforces Round 990 (Div. 2),wu_mingyo,75,1733214300,1280,1600
2047,Codeforces Round 990 (Div. 2),jjh0730,75,1733214300,1806,1904
2047,Codeforces Round 990 (Div. 2),szcQAQ,77,1733214300,1809,1905
2047,Codeforces Round 990 (Div. 2),5201pzj,78,1733214300,356,989
2047,Codeforces Round 990 (Div. 2),-Raspberry-,79,1733214300,1888,1960
2047,Codeforces Round 990 (Div. 2),fuxh,80,1733214300,1702,1829
2047,Codeforces Round 990 (Div. 2),glycee,81,1733214300,1685,1816
2047,Codeforces Round 990 (Div. 2),zhuchenyao,82,1733214300,1931,1989
2047,Codeforces Round 990 (Div. 2),kulovemi,83,1733214300,1865,1941
2047,Codeforces Round 990 (Div. 2),genyi_sith,84,1733214300,1811,1960
2047,Codeforces Round 990 (Div. 2),ClearColdWater,85,1733214300,595,1136
2047,Codeforces Round 990 (Div. 2),Left0807,86,1733214300,1796,1890
2047,Codeforces Round 990 (Div. 2),spider_nadman,87,1733214300,1865,1939
2047,Codeforces Round 990 (Div. 2),candy0014,88,1733214300,1719,1835
2047,Codeforces Round 990 (Div. 2),stc123,89,1733214300,1401,1672
2047,Codeforces Round 990 (Div. 2),vuteng,90,1733214300,1307,1593
2047,Codeforces Round 990 (Div. 2),-Shu-,91,1733214300,1776,1930
2047,Codeforces Round 990 (Div. 2),widsnoy,92,1733214300,1881,1947
2047,Codeforces Round 990 (Div. 2),OIer_Cosmos,93,1733214300,1681,1806
2047,Codeforces Round 990 (Div. 2),dwuy,94,1733214300,1840,1917
2047,Codeforces Round 990 (Div. 2),Mike_Vu,95,1733214300,1435,1640
2047,Codeforces Round 990 (Div. 2),sky10w,96,1733214300,1675,1800
2047,Codeforces Round 990 (Div. 2),AIwoosh,97,1733214300,1189,1524
2047,Codeforces Round 990 (Div. 2),jinsiqi1004,98,1733214300,1143,1511
2047,Codeforces Round 990 (Div. 2),Mahog,99,1733214300,1769,1864
2047,Codeforces Round 990 (Div. 2),pera2008,100,1733214300,1835,1910
2047,Codeforces Round 990 (Div. 2),Klass_Mars,101,1733214300,1627,1764
2047,Codeforces Round 990 (Div. 2),Ashra4f,102,1733214300,1738,1841
2047,Codeforces Round 990 (Div. 2),LittleXi,103,1733214300,2011,2036
2047,Codeforces Round 990 (Div. 2),silvicky,104,1733214300,1874,1936
2047,Codeforces Round 990 (Div. 2),Patta_gobhi_,105,1733214300,1796,1880
2047,Codeforces Round 990 (Div. 2),Rohan217,106,1733214300,1889,1946
2047,Codeforces Round 990 (Div. 2),ilyamzy,107,1733214300,1843,1912
2047,Codeforces Round 990 (Div. 2),Alear,108,1733214300,2001,2026
2047,Codeforces Round 990 (Div. 2),Gheazedrokzoe,108,1733214300,1900,1952
2047,Codeforces Round 990 (Div. 2),amirhozaifa,110,1733214300,1843,1911
2047,Codeforces Round 990 (Div. 2),Goldenglow_Neko,111,1733214300,531,1078
2047,Codeforces Round 990 (Div. 2),Haire,112,1733214300,1740,1837
2047,Codeforces Round 990 (Div. 2),Another_Timosh,113,1733214300,1753,1846
2047,Codeforces Round 990 (Div. 2),dremlory,114,1733214300,1840,1907
2047,Codeforces Round 990 (Div. 2),Atri,115,1733214300,1869,1927
2047,Codeforces Round 990 (Div. 2),EastMaple,116,1733214300,1015,1415
2047,Codeforces Round 990 (Div. 2),wanggk,117,1733214300,1843,1907
2047,Codeforces Round 990 (Div. 2),4927618350,117,1733214300,1866,1924
2047,Codeforces Round 990 (Div. 2),Gogolev,119,1733214300,1781,1863
2047,Codeforces Round 990 (Div. 2),A_Martian,120,1733214300,1868,1924
2047,Codeforces Round 990 (Div. 2),liangzexian,121,1733214300,1204,1543
2047,Codeforces Round 990 (Div. 2),BluoCaroot,122,1733214300,1823,1891
2047,Codeforces Round 990 (Div. 2),Donaldqian0712,122,1733214300,1825,1892
2047,Codeforces Round 990 (Div. 2),Ali_Alp_Yazici,124,1733214300,1459,1639
2047,Codeforces Round 990 (Div. 2),saltyNoodles,124,1733214300,1674,1784
2047,Codeforces Round 990 (Div. 2),Elhpycrv,124,1733214300,563,1092
2047,Codeforces Round 990 (Div. 2),samarthgattu,127,1733214300,1607,1737
2047,Codeforces Round 990 (Div. 2),ace01,127,1733214300,1718,1814
2047,Codeforces Round 990 (Div. 2),SCUTkk,129,1733214300,1856,1911
2047,Codeforces Round 990 (Div. 2),FBI,129,1733214300,1922,1959
2047,Codeforces Round 990 (Div. 2),cp_first,131,1733214300,1722,1815
2047,Codeforces Round 990 (Div. 2),KFPanda,131,1733214300,1738,1827
2047,Codeforces Round 990 (Div. 2),Kaleem_Raza_Syed,133,1733214300,1912,1950
2047,Codeforces Round 990 (Div. 2),240205,133,1733214300,1642,1758
2047,Codeforces Round 990 (Div. 2),sad_lazier,133,1733214300,1716,1809
2047,Codeforces Round 990 (Div. 2),handle2345,133,1733214300,1616,1775
2047,Codeforces Round 990 (Div. 2),TomoriNao_0v0,137,1733214300,1962,1985
2047,Codeforces Round 990 (Div. 2),kmchoi,137,1733214300,1632,1750
2047,Codeforces Round 990 (Div. 2),Galaxy_Ivan,137,1733214300,1804,1871
2047,Codeforces Round 990 (Div. 2),scooter,140,1733214300,1457,1631
2047,Codeforces Round 990 (Div. 2),bricked.,140,1733214300,1517,1671
2047,Codeforces Round 990 (Div. 2),wangjiangyang,142,1733214300,0,692
2047,Codeforces Round 990 (Div. 2),Aword,142,1733214300,1654,1764
2047,Codeforces Round 990 (Div. 2),BIDV,144,1733214300,1770,1844
2047,Codeforces Round 990 (Div. 2),priyansh13,144,1733214300,1702,1796
2047,Codeforces Round 990 (Div. 2),null_lambda,146,1733214300,1630,1746
2047,Codeforces Round 990 (Div. 2),Ylx21,146,1733214300,0,690
2047,Codeforces Round 990 (Div. 2),BLG_whzy,146,1733214300,1103,1444
2047,Codeforces Round 990 (Div. 2),MODDI,149,1733214300,1859,1906
2047,Codeforces Round 990 (Div. 2),lrjr24,149,1733214300,1856,1904
2047,Codeforces Round 990 (Div. 2),_wzw_,149,1733214300,1741,1822
2047,Codeforces Round 990 (Div. 2),ow3nLLL,152,1733214300,1903,1938
2047,Codeforces Round 990 (Div. 2),WSYZH_,153,1733214300,1537,1680
2047,Codeforces Round 990 (Div. 2),Null_Resot,154,1733214300,1755,1831
2047,Codeforces Round 990 (Div. 2),jvatsal079,155,1733214300,1714,1801
2047,Codeforces Round 990 (Div. 2),Orees,155,1733214300,1869,1911
2047,Codeforces Round 990 (Div. 2),abhishekk201202,155,1733214300,1566,1698
2047,Codeforces Round 990 (Div. 2),dwdyy,158,1733214300,1834,1886
2047,Codeforces Round 990 (Div. 2),Ved,159,1733214300,1492,1648
2047,Codeforces Round 990 (Div. 2),77z77,160,1733214300,1966,1981
2047,Codeforces Round 990 (Div. 2),Kanate,161,1733214300,1794,1856
2047,Codeforces Round 990 (Div. 2),Roumak,162,1733214300,1675,1771
2047,Codeforces Round 990 (Div. 2),atharv_tiwari,162,1733214300,1743,1819
2047,Codeforces Round 990 (Div. 2),watamidoin,164,1733214300,1738,1850
2047,Codeforces Round 990 (Div. 2),rft564,164,1733214300,1108,1444
2047,Codeforces Round 990 (Div. 2),RaduM,166,1733214300,1832,1881
2047,Codeforces Round 990 (Div. 2),ji2duan,166,1733214300,1538,1675
2047,Codeforces Round 990 (Div. 2),orenji,166,1733214300,1513,1658
2047,Codeforces Round 990 (Div. 2),Ghulam_Junaid,166,1733214300,1720,1801
2047,Codeforces Round 990 (Div. 2),MRKNVOID,170,1733214300,983,1371
2047,Codeforces Round 990 (Div. 2),Grammar_hbw,171,1733214300,1689,1778
2047,Codeforces Round 990 (Div. 2),_lqtql_,172,1733214300,1568,1694
2047,Codeforces Round 990 (Div. 2),CrispyLobster,172,1733214300,1072,1431
2047,Codeforces Round 990 (Div. 2),loklakjkj325,172,1733214300,1693,1780
2047,Codeforces Round 990 (Div. 2),Aarush,175,1733214300,1781,1841
2047,Codeforces Round 990 (Div. 2),bej001,175,1733214300,519,1042
2047,Codeforces Round 990 (Div. 2),qos,175,1733214300,1670,1763
2047,Codeforces Round 990 (Div. 2),orane63,175,1733214300,1732,1806
2047,Codeforces Round 990 (Div. 2),radnomoxi123,179,1733214300,1157,1467
2047,Codeforces Round 990 (Div. 2),Matthewwww,180,1733214300,1568,1691
2047,Codeforces Round 990 (Div. 2),Mohd_Faiz,180,1733214300,1712,1791
2047,Codeforces Round 990 (Div. 2),AtharvaDing,180,1733214300,1880,1912
2047,Codeforces Round 990 (Div. 2),real_man,183,1733214300,1814,1863
2047,Codeforces Round 990 (Div. 2),yimenglingfeng,183,1733214300,1447,1608
2047,Codeforces Round 990 (Div. 2),fermion5,183,1733214300,1680,1768
2047,Codeforces Round 990 (Div. 2),Genteki,186,1733214300,1929,1946
2047,Codeforces Round 990 (Div. 2),987,187,1733214300,1869,1902
2047,Codeforces Round 990 (Div. 2),AgOH,187,1733214300,1574,1693
2047,Codeforces Round 990 (Div. 2),ymmm_,189,1733214300,1800,1852
2047,Codeforces Round 990 (Div. 2),KisuraOP,190,1733214300,1645,1740
2047,Codeforces Round 990 (Div. 2),ngmtuan,190,1733214300,1823,1866
2047,Codeforces Round 990 (Div. 2),banmkh6,190,1733214300,1526,1658
2047,Codeforces Round 990 (Div. 2),Alg01,190,1733214300,1779,1835
2047,Codeforces Round 990 (Div. 2),CaEdta,190,1733214300,1542,1669
2047,Codeforces Round 990 (Div. 2),Qumeric,190,1733214300,1825,1868
2047,Codeforces Round 990 (Div. 2),ptlks,196,1733214300,1745,1810
2047,Codeforces Round 990 (Div. 2),daoqi,196,1733214300,1888,1913
2047,Codeforces Round 990 (Div. 2),rgrgtgrf,198,1733214300,1858,1890
2047,Codeforces Round 990 (Div. 2),not_natural_fruits,198,1733214300,1817,1920
2047,Codeforces Round 990 (Div. 2),SeaYellow,198,1733214300,1897,1919
2047,Codeforces Round 990 (Div. 2),stark_tony_A,201,1733214300,1813,1857
2047,Codeforces Round 990 (Div. 2),nizamoff,202,1733214300,1711,1784
2047,Codeforces Round 990 (Div. 2),001-AIfarabi-A-2027,202,1733214300,1279,1541
2047,Codeforces Round 990 (Div. 2),2730883287,204,1733214300,1728,1795
2047,Codeforces Round 990 (Div. 2),B00Legen,204,1733214300,1784,1835
2047,Codeforces Round 990 (Div. 2),Mashti_Ghazanfar,206,1733214300,1480,1624
2047,Codeforces Round 990 (Div. 2),ShadowPhoenix,207,1733214300,1816,1858
2047,Codeforces Round 990 (Div. 2),Whxxxxx318,207,1733214300,1675,1757
2047,Codeforces Round 990 (Div. 2),Wandoka,209,1733214300,1899,1918
2047,Codeforces Round 990 (Div. 2),Peaches,210,1733214300,1785,1835
2047,Codeforces Round 990 (Div. 2),gza,210,1733214300,1829,1866
2047,Codeforces Round 990 (Div. 2),UzuHa_NaruSuke,212,1733214300,1568,1681
2047,Codeforces Round 990 (Div. 2),Go2Hell,212,1733214300,1582,1691
2047,Codeforces Round 990 (Div. 2),cangome,214,1733214300,1542,1663
2047,Codeforces Round 990 (Div. 2),lulaalu,215,1733214300,1416,1578
2047,Codeforces Round 990 (Div. 2),ThePeak,215,1733214300,1630,1723
2047,Codeforces Round 990 (Div. 2),guesswhetherIamXJK,217,1733214300,1848,1879
2047,Codeforces Round 990 (Div. 2),jiguangxx,218,1733214300,1815,1854
2047,Codeforces Round 990 (Div. 2),Repeater11,218,1733214300,1510,1674
2047,Codeforces Round 990 (Div. 2),LaDeX,220,1733214300,2042,2022
2047,Codeforces Round 990 (Div. 2),opal_Inwza007x,221,1733214300,1488,1624
2047,Codeforces Round 990 (Div. 2),huanjua,221,1733214300,1893,1910
2047,Codeforces Round 990 (Div. 2),ramanji36,223,1733214300,1567,1677
2047,Codeforces Round 990 (Div. 2),letsgocpp,223,1733214300,1721,1785
2047,Codeforces Round 990 (Div. 2),biocarry15,223,1733214300,1822,1858
2047,Codeforces Round 990 (Div. 2),heyuhao,226,1733214300,1743,1800
2047,Codeforces Round 990 (Div. 2),peepo,226,1733214300,1424,1580
2047,Codeforces Round 990 (Div. 2),nazmulnns2066,228,1733214300,1759,1811
2047,Codeforces Round 990 (Div. 2),shenjqr,228,1733214300,1397,1561
2047,Codeforces Round 990 (Div. 2),volkov179,228,1733214300,1824,1858
2047,Codeforces Round 990 (Div. 2),nhonyc,231,1733214300,1867,1889
2047,Codeforces Round 990 (Div. 2),_Seele_Vollerei_,232,1733214300,1822,1856
2047,Codeforces Round 990 (Div. 2),muxingyu,233,1733214300,1631,1719
2047,Codeforces Round 990 (Div. 2),Nukumizu-Anna,233,1733214300,1687,1758
2047,Codeforces Round 990 (Div. 2),__orz__,233,1733214300,1654,1735
2047,Codeforces Round 990 (Div. 2),littlebear_XBT,236,1733214300,1252,1466
2047,Codeforces Round 990 (Div. 2),lmao_ded1309,236,1733214300,1701,1768
2047,Codeforces Round 990 (Div. 2),M0N,238,1733214300,1838,1866
2047,Codeforces Round 990 (Div. 2),limabeans,238,1733214300,1881,1897
2047,Codeforces Round 990 (Div. 2),.Hello_world.,238,1733214300,1890,1904
2047,Codeforces Round 990 (Div. 2),keep1earning,241,1733214300,1837,1864
2047,Codeforces Round 990 (Div. 2),friedel,241,1733214300,1846,1871
2047,Codeforces Round 990 (Div. 2),newbie234,243,1733214300,1349,1576
2047,Codeforces Round 990 (Div. 2),Mr_Turtle_,243,1733214300,1772,1817
2047,Codeforces Round 990 (Div. 2),ryucc,245,1733214300,1870,1888
2047,Codeforces Round 990 (Div. 2),aczzzccc,246,1733214300,1633,1717
2047,Codeforces Round 990 (Div. 2),x_drifter,246,1733214300,1615,1761
2047,Codeforces Round 990 (Div. 2),Moatazoleq,246,1733214300,1892,1903
2047,Codeforces Round 990 (Div. 2),the_worst_sigma,249,1733214300,1352,1526
2047,Codeforces Round 990 (Div. 2),harel,249,1733214300,916,1301
2047,Codeforces Round 990 (Div. 2),Lacertae,249,1733214300,1377,1542
2047,Codeforces Round 990 (Div. 2),z1qqurbt,249,1733214300,1850,1872
2047,Codeforces Round 990 (Div. 2),HackerGupta069,249,1733214300,1783,1823
2047,Codeforces Round 990 (Div. 2),AlMuhitMuhtadi,254,1733214300,1583,1681
2047,Codeforces Round 990 (Div. 2),Skidzomaniac,255,1733214300,1481,1611
2047,Codeforces Round 990 (Div. 2),zanj0,255,1733214300,1758,1804
2047,Codeforces Round 990 (Div. 2),Ronak_Ramuka,255,1733214300,1644,1723
2047,Codeforces Round 990 (Div. 2),Hanoon,258,1733214300,1555,1660
2047,Codeforces Round 990 (Div. 2),SandTea,258,1733214300,1884,1896
2047,Codeforces Round 990 (Div. 2),Utaha_Kasumigaoka_FAN,260,1733214300,1563,1665
2047,Codeforces Round 990 (Div. 2),MNnazrul,260,1733214300,1692,1756
2047,Codeforces Round 990 (Div. 2),Leonardo_Paes,260,1733214300,1828,1854
2047,Codeforces Round 990 (Div. 2),Kushagra_2709,263,1733214300,1626,1709
2047,Codeforces Round 990 (Div. 2),_AdiYadav_,263,1733214300,1660,1732
2047,Codeforces Round 990 (Div. 2),WorldBias,263,1733214300,1814,1843
2047,Codeforces Round 990 (Div. 2),ritik_369,266,1733214300,1911,1913
2047,Codeforces Round 990 (Div. 2),F.R.S,266,1733214300,1573,1670
2047,Codeforces Round 990 (Div. 2),Pras28,266,1733214300,1863,1878
2047,Codeforces Round 990 (Div. 2),Mikhango,266,1733214300,1845,1865
2047,Codeforces Round 990 (Div. 2),Jrke,270,1733214300,1665,1735
2047,Codeforces Round 990 (Div. 2),Lelyte,270,1733214300,1790,1824
2047,Codeforces Round 990 (Div. 2),xlpg080713,272,1733214300,1582,1676
2047,Codeforces Round 990 (Div. 2),Pedrinho_Eu,272,1733214300,1704,1761
2047,Codeforces Round 990 (Div. 2),Kay_kit,272,1733214300,1435,1575
2047,Codeforces Round 990 (Div. 2),lyongwolf,275,1733214300,1866,1878
2047,Codeforces Round 990 (Div. 2),coldwind9029,275,1733214300,1865,1878
2047,Codeforces Round 990 (Div. 2),Marios.K.R.Marouditsis,275,1733214300,1493,1614
2047,Codeforces Round 990 (Div. 2),Milmon,275,1733214300,0,652
2047,Codeforces Round 990 (Div. 2),dried_coke,279,1733214300,1211,1476
2047,Codeforces Round 990 (Div. 2),AutumnMist,280,1733214300,1529,1638
2047,Codeforces Round 990 (Div. 2),darkquasar,280,1733214300,1482,1606
2047,Codeforces Round 990 (Div. 2),DemberS06,282,1733214300,1598,1685
2047,Codeforces Round 990 (Div. 2),SWWW77,282,1733214300,1431,1623
2047,Codeforces Round 990 (Div. 2),kibr,282,1733214300,1699,1757
2047,Codeforces Round 990 (Div. 2),timurkn,285,1733214300,1866,1877
2047,Codeforces Round 990 (Div. 2),slonik11111111,285,1733214300,1946,1936
2047,Codeforces Round 990 (Div. 2),yyh603,285,1733214300,1860,1873
2047,Codeforces Round 990 (Div. 2),Jahshahauskdmw,288,1733214300,1786,1818
2047,Codeforces Round 990 (Div. 2),crazystory,288,1733214300,1968,1991
2047,Codeforces Round 990 (Div. 2),andria0506,290,1733214300,1683,1743
2047,Codeforces Round 990 (Div. 2),RiceQuakes,290,1733214300,1589,1677
2047,Codeforces Round 990 (Div. 2),Homie_Lander,290,1733214300,1757,1796
2047,Codeforces Round 990 (Div. 2),salvini_god,293,1733214300,1655,1723
2047,Codeforces Round 990 (Div. 2),pandearindam,293,1733214300,1761,1798
2047,Codeforces Round 990 (Div. 2),MsDuckie,293,1733214300,1064,1394
2047,Codeforces Round 990 (Div. 2),ary65537,293,1733214300,1614,1694
2047,Codeforces Round 990 (Div. 2),Dolphy,297,1733214300,592,1058
2047,Codeforces Round 990 (Div. 2),TYeung,297,1733214300,1709,1760
2047,Codeforces Round 990 (Div. 2),bruhbrehbruh,297,1733214300,1665,1729
2047,Codeforces Round 990 (Div. 2),Etohari,297,1733214300,1810,1833
2047,Codeforces Round 990 (Div. 2),xiaoren.,297,1733214300,1747,1787
2047,Codeforces Round 990 (Div. 2),YipChip,302,1733214300,1627,1701
2047,Codeforces Round 990 (Div. 2),REDDDG,302,1733214300,581,1050
2047,Codeforces Round 990 (Div. 2),oO_Oo,304,1733214300,1865,1872
2047,Codeforces Round 990 (Div. 2),shiroyi,304,1733214300,1023,1363
2047,Codeforces Round 990 (Div. 2),Evocation,304,1733214300,1762,1797
2047,Codeforces Round 990 (Div. 2),aash8a9,307,1733214300,1693,1747
2047,Codeforces Round 990 (Div. 2),Chtanda_El,307,1733214300,1895,1894
2047,Codeforces Round 990 (Div. 2),KPblCA,307,1733214300,349,896
2047,Codeforces Round 990 (Div. 2),nicnaknic,310,1733214300,1813,1834
2047,Codeforces Round 990 (Div. 2),sixx_one,311,1733214300,1497,1610
2047,Codeforces Round 990 (Div. 2),RedSnow388,312,1733214300,1482,1633
2047,Codeforces Round 990 (Div. 2),Teto,312,1733214300,1852,1861
2047,Codeforces Round 990 (Div. 2),DarkChemist,314,1733214300,1567,1656
2047,Codeforces Round 990 (Div. 2),KagamiHiiragi,314,1733214300,1765,1797
2047,Codeforces Round 990 (Div. 2),AwesomeParrot,314,1733214300,1881,1882
2047,Codeforces Round 990 (Div. 2),Overlord993,314,1733214300,1585,1668
2047,Codeforces Round 990 (Div. 2),SajidZakaria,314,1733214300,1815,1833
2047,Codeforces Round 990 (Div. 2),XDEv11,319,1733214300,1819,1836
2047,Codeforces Round 990 (Div. 2),Salah7_a,319,1733214300,1532,1631
2047,Codeforces Round 990 (Div. 2),banti,319,1733214300,1827,1842
2047,Codeforces Round 990 (Div. 2),Bilguungerelt_0717,319,1733214300,1635,1703
2047,Codeforces Round 990 (Div. 2),alin_gb18,323,1733214300,1673,1730
2047,Codeforces Round 990 (Div. 2),ImSarthak,323,1733214300,1760,1793
2047,Codeforces Round 990 (Div. 2),__Silverwolf,325,1733214300,1707,1754
2047,Codeforces Round 990 (Div. 2),shreyas333,325,1733214300,1679,1734
2047,Codeforces Round 990 (Div. 2),deconstructionstar,327,1733214300,1493,1657
2047,Codeforces Round 990 (Div. 2),ALESTA,327,1733214300,1673,1728
2047,Codeforces Round 990 (Div. 2),unknowncoder2805,327,1733214300,1202,1411
2047,Codeforces Round 990 (Div. 2),sahasrad,327,1733214300,1819,1834
2047,Codeforces Round 990 (Div. 2),yeswanth,327,1733214300,1676,1730
2047,Codeforces Round 990 (Div. 2),FlawlessSolo,332,1733214300,504,991
2047,Codeforces Round 990 (Div. 2),coder3000,332,1733214300,1728,1767
2047,Codeforces Round 990 (Div. 2),WildUtah,332,1733214300,1762,1792
2047,Codeforces Round 990 (Div. 2),protractor_93,335,1733214300,0,639
2047,Codeforces Round 990 (Div. 2),Re_Sircle,335,1733214300,1685,1736
2047,Codeforces Round 990 (Div. 2),Adham_Ibrahim,337,1733214300,1549,1639
2047,Codeforces Round 990 (Div. 2),dongfangyanxu,337,1733214300,1761,1791
2047,Codeforces Round 990 (Div. 2),E_H_P,337,1733214300,1627,1694
2047,Codeforces Round 990 (Div. 2),ChaomengOrion,337,1733214300,1500,1605
2047,Codeforces Round 990 (Div. 2),abhi022004,341,1733214300,1411,1545
2047,Codeforces Round 990 (Div. 2),Lemonana,341,1733214300,1515,1616
2047,Codeforces Round 990 (Div. 2),Hirro,343,1733214300,1679,1730
2047,Codeforces Round 990 (Div. 2),_mi_ka_,343,1733214300,1472,1619
2047,Codeforces Round 990 (Div. 2),ptyyy,343,1733214300,1985,1956
2047,Codeforces Round 990 (Div. 2),moyegege,343,1733214300,1642,1703
2047,Codeforces Round 990 (Div. 2),buleeyes,343,1733214300,1746,1778
2047,Codeforces Round 990 (Div. 2),TrucJ,348,1733214300,1703,1747
2047,Codeforces Round 990 (Div. 2),ideservebetter,349,1733214300,1760,1788
2047,Codeforces Round 990 (Div. 2),VICUNA326,349,1733214300,1643,1703
2047,Codeforces Round 990 (Div. 2),beyondpluto,351,1733214300,1855,1857
2047,Codeforces Round 990 (Div. 2),sparsh_16,351,1733214300,1873,1870
2047,Codeforces Round 990 (Div. 2),Dragonlinae,351,1733214300,1605,1676
2047,Codeforces Round 990 (Div. 2),eklavya_k,351,1733214300,1865,1865
2047,Codeforces Round 990 (Div. 2),Abdullah-Ishfaq,355,1733214300,1668,1720
2047,Codeforces Round 990 (Div. 2),_callmelucian,355,1733214300,1728,1763
2047,Codeforces Round 990 (Div. 2),nico123,357,1733214300,1506,1606
2047,Codeforces Round 990 (Div. 2),nanani__fan,357,1733214300,1827,1835
2047,Codeforces Round 990 (Div. 2),ozairmalakji,357,1733214300,1554,1640
2047,Codeforces Round 990 (Div. 2),tangyigeng2028,357,1733214300,1897,1887
2047,Codeforces Round 990 (Div. 2),_infinite_,361,1733214300,1817,1827
2047,Codeforces Round 990 (Div. 2),Lex_An,361,1733214300,1584,1660
2047,Codeforces Round 990 (Div. 2),FarDream,363,1733214300,1615,1682
2047,Codeforces Round 990 (Div. 2),yolo.lyc,364,1733214300,1556,1639
2047,Codeforces Round 990 (Div. 2),Mak_05,364,1733214300,1641,1700
2047,Codeforces Round 990 (Div. 2),George_Rubio,366,1733214300,1845,1847
2047,Codeforces Round 990 (Div. 2),tanishq2,366,1733214300,1839,1843
2047,Codeforces Round 990 (Div. 2),ghost_9,368,1733214300,1718,1755
2047,Codeforces Round 990 (Div. 2),unsung__,369,1733214300,1338,1490
2047,Codeforces Round 990 (Div. 2),shendeliliang,369,1733214300,1804,1816
2047,Codeforces Round 990 (Div. 2),Pika,369,1733214300,1316,1526
2047,Codeforces Round 990 (Div. 2),reirugan,372,1733214300,1597,1667
2047,Codeforces Round 990 (Div. 2),Bardia_AB,372,1733214300,1632,1692
2047,Codeforces Round 990 (Div. 2),henry192511,372,1733214300,1845,1847
2047,Codeforces Round 990 (Div. 2),skushneryuk,375,1733214300,1882,1874
2047,Codeforces Round 990 (Div. 2),Nreyog,375,1733214300,1954,1928
2047,Codeforces Round 990 (Div. 2),1Cyan1,375,1733214300,1691,1793
2047,Codeforces Round 990 (Div. 2),lftroq,378,1733214300,1870,1864
2047,Codeforces Round 990 (Div. 2),gymAddict,378,1733214300,1622,1683
2047,Codeforces Round 990 (Div. 2),Pilgrims,380,1733214300,1336,1575
2047,Codeforces Round 990 (Div. 2),0missionimpossible0,380,1733214300,1719,1753
2047,Codeforces Round 990 (Div. 2),619,382,1733214300,1451,1564
2047,Codeforces Round 990 (Div. 2),42i196,383,1733214300,1671,1718
2047,Codeforces Round 990 (Div. 2),nolongerthere,383,1733214300,914,1272
2047,Codeforces Round 990 (Div. 2),FakeDuck,385,1733214300,1804,1814
2047,Codeforces Round 990 (Div. 2),t_tanya,386,1733214300,1345,1526
2047,Codeforces Round 990 (Div. 2),HeGoPlay,387,1733214300,1369,1508
2047,Codeforces Round 990 (Div. 2),whale_086,387,1733214300,1847,1846
2047,Codeforces Round 990 (Div. 2),yongwhan,389,1733214300,1691,1731
2047,Codeforces Round 990 (Div. 2),Mazhiken,389,1733214300,1645,1698
2047,Codeforces Round 990 (Div. 2),yrhiba,389,1733214300,1448,1561
2047,Codeforces Round 990 (Div. 2),c201904,392,1733214300,1857,1852
2047,Codeforces Round 990 (Div. 2),CliffordMortimer,392,1733214300,1530,1616
2047,Codeforces Round 990 (Div. 2),LuoxuanLove,392,1733214300,1626,1683
2047,Codeforces Round 990 (Div. 2),daisybunny,392,1733214300,1650,1701
2047,Codeforces Round 990 (Div. 2),Urtusea,392,1733214300,1735,1762
2047,Codeforces Round 990 (Div. 2),cancan1234,397,1733214300,1835,1835
2047,Codeforces Round 990 (Div. 2),Sylph1ette,397,1733214300,1445,1557
2047,Codeforces Round 990 (Div. 2),lad1chka,397,1733214300,1675,1719
2047,Codeforces Round 990 (Div. 2),PoetryFactory,400,1733214300,1556,1633
2047,Codeforces Round 990 (Div. 2),_Frodo,401,1733214300,542,1004
2047,Codeforces Round 990 (Div. 2),m4ushold,401,1733214300,1609,1671
2047,Codeforces Round 990 (Div. 2),DeadRhino,401,1733214300,1362,1559
2047,Codeforces Round 990 (Div. 2),Utkarsh_raj_ymca,404,1733214300,1516,1605
2047,Codeforces Round 990 (Div. 2),dbsptl,404,1733214300,1616,1675
2047,Codeforces Round 990 (Div. 2),shubham6105,406,1733214300,1768,1784
2047,Codeforces Round 990 (Div. 2),e_n1cat_,406,1733214300,1594,1660
2047,Codeforces Round 990 (Div. 2),Tirth11,408,1733214300,1636,1688
2047,Codeforces Round 990 (Div. 2),hexuanjxm,408,1733214300,1717,1747
2047,Codeforces Round 990 (Div. 2),JAY19,408,1733214300,1881,1868
2047,Codeforces Round 990 (Div. 2),Nathan.Li,408,1733214300,1529,1613
2047,Codeforces Round 990 (Div. 2),liuwenke,412,1733214300,1448,1557
2047,Codeforces Round 990 (Div. 2),Chipsignature,412,1733214300,0,625
2047,Codeforces Round 990 (Div. 2),love_yum1,414,1733214300,1529,1612
2047,Codeforces Round 990 (Div. 2),mayank69goel,414,1733214300,1754,1773
2047,Codeforces Round 990 (Div. 2),Iris1647,414,1733214300,1757,1775
2047,Codeforces Round 990 (Div. 2),kosar,414,1733214300,1765,1781
2047,Codeforces Round 990 (Div. 2),dragonemprr,418,1733214300,0,624
2047,Codeforces Round 990 (Div. 2),Filikec,419,1733214300,1696,1731
2047,Codeforces Round 990 (Div. 2),aizen_sosuke_,420,1733214300,1779,1791
2047,Codeforces Round 990 (Div. 2),toshit3q34,420,1733214300,1674,1714
2047,Codeforces Round 990 (Div. 2),hgcnxn,420,1733214300,591,1035
2047,Codeforces Round 990 (Div. 2),hanage,420,1733214300,1620,1676
2047,Codeforces Round 990 (Div. 2),liujiaxi123456,424,1733214300,1752,1771
2047,Codeforces Round 990 (Div. 2),whans_,425,1733214300,1731,1755
2047,Codeforces Round 990 (Div. 2),lockedlock,425,1733214300,1741,1762
2047,Codeforces Round 990 (Div. 2),dzuizz,425,1733214300,1386,1513
2047,Codeforces Round 990 (Div. 2),Idam,428,1733214300,1720,1746
2047,Codeforces Round 990 (Div. 2),LauLLeLien,428,1733214300,1672,1711
2047,Codeforces Round 990 (Div. 2),insinerate818,428,1733214300,1548,1623
2047,Codeforces Round 990 (Div. 2),Faisal-Saqib,428,1733214300,1876,1862
2047,Codeforces Round 990 (Div. 2),ko0g,428,1733214300,1606,1664
2047,Codeforces Round 990 (Div. 2),potat,433,1733214300,1794,1800
2047,Codeforces Round 990 (Div. 2),lmj,433,1733214300,1811,1812
2047,Codeforces Round 990 (Div. 2),tienduy,435,1733214300,1648,1693
2047,Codeforces Round 990 (Div. 2),ashays,435,1733214300,1270,1434
2047,Codeforces Round 990 (Div. 2),kanishkgupta071,435,1733214300,1722,1747
2047,Codeforces Round 990 (Div. 2),Always_remember_begin,435,1733214300,1673,1711
2047,Codeforces Round 990 (Div. 2),fbrunodr,439,1733214300,1914,1889
2047,Codeforces Round 990 (Div. 2),Farr,439,1733214300,1750,1766
2047,Codeforces Round 990 (Div. 2),close_enough,439,1733214300,1570,1637
2047,Codeforces Round 990 (Div. 2),FutureHasTomorrow,439,1733214300,0,620
2047,Codeforces Round 990 (Div. 2),andrei6184,443,1733214300,1853,1843
2047,Codeforces Round 990 (Div. 2),knyazev_sv,443,1733214300,1624,1675
2047,Codeforces Round 990 (Div. 2),morphinecode,445,1733214300,1572,1638
2047,Codeforces Round 990 (Div. 2),ali2241,445,1733214300,1685,1719
2047,Codeforces Round 990 (Div. 2),Muhammad_Aneeq,447,1733214300,1821,1818
2047,Codeforces Round 990 (Div. 2),hydra_cody,447,1733214300,1708,1735
2047,Codeforces Round 990 (Div. 2),coneyisland,449,1733214300,1437,1598
2047,Codeforces Round 990 (Div. 2),ultraviolet,449,1733214300,1314,1461
2047,Codeforces Round 990 (Div. 2),SSafarov,449,1733214300,1765,1776
2047,Codeforces Round 990 (Div. 2),TANJIR0U,452,1733214300,1633,1681
2047,Codeforces Round 990 (Div. 2),4.5Tatami,453,1733214300,1936,1904
2047,Codeforces Round 990 (Div. 2),raybb,453,1733214300,1725,1746
2047,Codeforces Round 990 (Div. 2),TJacobus,455,1733214300,1653,1694
2047,Codeforces Round 990 (Div. 2),IAMGaoeight,455,1733214300,1506,1591
2047,Codeforces Round 990 (Div. 2),aminjon__,457,1733214300,1704,1731
2047,Codeforces Round 990 (Div. 2),SilverReverie,458,1733214300,656,1075
2047,Codeforces Round 990 (Div. 2),QuickSolve,458,1733214300,1756,1769
2047,Codeforces Round 990 (Div. 2),Ayis137,458,1733214300,1772,1780
2047,Codeforces Round 990 (Div. 2),kysibongdem,458,1733214300,1793,1796
2047,Codeforces Round 990 (Div. 2),Luhaoyu,462,1733214300,1568,1633
2047,Codeforces Round 990 (Div. 2),nieyigeji,463,1733214300,1559,1627
2047,Codeforces Round 990 (Div. 2),Jomax100,463,1733214300,1833,1825
2047,Codeforces Round 990 (Div. 2),pirhosig,465,1733214300,1804,1803
2047,Codeforces Round 990 (Div. 2),wantthebigbigdick,465,1733214300,0,616
2047,Codeforces Round 990 (Div. 2),Rasengan_Uzuhiko,465,1733214300,516,976
2047,Codeforces Round 990 (Div. 2),ewcronva,465,1733214300,1409,1583
2047,Codeforces Round 990 (Div. 2),lev1106,469,1733214300,1821,1816
2047,Codeforces Round 990 (Div. 2),Rahul_Kumar_Singh,469,1733214300,1405,1519
2047,Codeforces Round 990 (Div. 2),fww,469,1733214300,1635,1680
2047,Codeforces Round 990 (Div. 2),Porahoto,469,1733214300,1562,1627
2047,Codeforces Round 990 (Div. 2),Ylx22,473,1733214300,0,616
2047,Codeforces Round 990 (Div. 2),BinaryTree.,474,1733214300,0,615
2047,Codeforces Round 990 (Div. 2),arekelinx,474,1733214300,1470,1563
2047,Codeforces Round 990 (Div. 2),czgaomiaoyue,474,1733214300,1527,1602
2047,Codeforces Round 990 (Div. 2),Rating_10101010,477,1733214300,1851,1837
2047,Codeforces Round 990 (Div. 2),Koishii,477,1733214300,1469,1561
2047,Codeforces Round 990 (Div. 2),_pbrngw_,477,1733214300,1388,1567
2047,Codeforces Round 990 (Div. 2),JedbyKey999,477,1733214300,1307,1452
2047,Codeforces Round 990 (Div. 2),yvmr_33,477,1733214300,1676,1708
2047,Codeforces Round 990 (Div. 2),He_XY,482,1733214300,1468,1561
2047,Codeforces Round 990 (Div. 2),-Rafid-,482,1733214300,1642,1683
2047,Codeforces Round 990 (Div. 2),drexdelta,484,1733214300,1768,1774
2047,Codeforces Round 990 (Div. 2),faiz,484,1733214300,1762,1770
2047,Codeforces Round 990 (Div. 2),wffmsOI,484,1733214300,1158,1403
2047,Codeforces Round 990 (Div. 2),ayushmittal007,484,1733214300,1695,1721
2047,Codeforces Round 990 (Div. 2),leonlian,488,1733214300,1564,1627
2047,Codeforces Round 990 (Div. 2),CatCoderCuteNo1VOI,489,1733214300,1391,1507
2047,Codeforces Round 990 (Div. 2),twosquares,490,1733214300,1680,1710
2047,Codeforces Round 990 (Div. 2),adidau,491,1733214300,389,887
2047,Codeforces Round 990 (Div. 2),LovelyEther,491,1733214300,1758,1765
2047,Codeforces Round 990 (Div. 2),DongFangY,491,1733214300,1634,1675
2047,Codeforces Round 990 (Div. 2),SpearheadK,491,1733214300,1541,1610
2047,Codeforces Round 990 (Div. 2),ludo.,491,1733214300,1772,1776
2047,Codeforces Round 990 (Div. 2),AkShukla,491,1733214300,1387,1503
2047,Codeforces Round 990 (Div. 2),Akarsura,491,1733214300,1863,1844
2047,Codeforces Round 990 (Div. 2),sushmanth.dampur8780,498,1733214300,1835,1823
2047,Codeforces Round 990 (Div. 2),kou_kou_kou,498,1733214300,1635,1675
2047,Codeforces Round 990 (Div. 2),GoldenShadow,498,1733214300,1833,1821
2047,Codeforces Round 990 (Div. 2),studentmain.exe,501,1733214300,1660,1693
2047,Codeforces Round 990 (Div. 2),Krispy,501,1733214300,1646,1684
2047,Codeforces Round 990 (Div. 2),ashuashutosh2211,501,1733214300,1582,1638
2047,Codeforces Round 990 (Div. 2),OdtreeKing,504,1733214300,0,611
2047,Codeforces Round 990 (Div. 2),pac-man,504,1733214300,1650,1686
2047,Codeforces Round 990 (Div. 2),ndosh,504,1733214300,1453,1602
2047,Codeforces Round 990 (Div. 2),BiaxialRay_,507,1733214300,1641,1679
2047,Codeforces Round 990 (Div. 2),Lithanium,507,1733214300,1809,1802
2047,Codeforces Round 990 (Div. 2),Rohan_Shridhar,507,1733214300,1463,1553
2047,Codeforces Round 990 (Div. 2),ILL1A,507,1733214300,1876,1853
2047,Codeforces Round 990 (Div. 2),SaarthSingla,511,1733214300,1615,1659
2047,Codeforces Round 990 (Div. 2),hangogogo,511,1733214300,1590,1641
2047,Codeforces Round 990 (Div. 2),Mostima_Y,511,1733214300,1594,1645
2047,Codeforces Round 990 (Div. 2),shshank_10,511,1733214300,1611,1657
2047,Codeforces Round 990 (Div. 2),Vedant_Borkar,511,1733214300,1671,1700
2047,Codeforces Round 990 (Div. 2),wiseeldrich2004,516,1733214300,1548,1612
2047,Codeforces Round 990 (Div. 2),YudoTLE,516,1733214300,1714,1731
2047,Codeforces Round 990 (Div. 2),lcf12345,518,1733214300,1720,1735
2047,Codeforces Round 990 (Div. 2),SanathK,518,1733214300,1917,1883
2047,Codeforces Round 990 (Div. 2),Alwm,520,1733214300,1664,1694
2047,Codeforces Round 990 (Div. 2),bebera,521,1733214300,1783,1782
2047,Codeforces Round 990 (Div. 2),choudharymohit,522,1733214300,695,1094
2047,Codeforces Round 990 (Div. 2),TheSensei,522,1733214300,1463,1551
2047,Codeforces Round 990 (Div. 2),IamHereForFun,522,1733214300,1598,1646
2047,Codeforces Round 990 (Div. 2),LlLlCc,522,1733214300,1752,1758
2047,Codeforces Round 990 (Div. 2),_sacred_021,526,1733214300,1626,1666
2047,Codeforces Round 990 (Div. 2),EbrahimSaad,526,1733214300,1847,1828
2047,Codeforces Round 990 (Div. 2),heaksicn_noob,526,1733214300,1710,1727
2047,Codeforces Round 990 (Div. 2),vannagar.,526,1733214300,1553,1614
2047,Codeforces Round 990 (Div. 2),yumingsk,530,1733214300,1606,1651
2047,Codeforces Round 990 (Div. 2),shubhamsagar2.0,530,1733214300,1742,1750
2047,Codeforces Round 990 (Div. 2),trandaihao5555,532,1733214300,1806,1797
2047,Codeforces Round 990 (Div. 2),cwlo2f,532,1733214300,1684,1707
2047,Codeforces Round 990 (Div. 2),xksark,532,1733214300,1801,1793
2047,Codeforces Round 990 (Div. 2),Ashish_,535,1733214300,1349,1471
2047,Codeforces Round 990 (Div. 2),codeRick,535,1733214300,1037,1313
2047,Codeforces Round 990 (Div. 2),Misa-Misa,535,1733214300,1620,1660
2047,Codeforces Round 990 (Div. 2),AmazingL,535,1733214300,1706,1722
2047,Codeforces Round 990 (Div. 2),ChiyoYuki,535,1733214300,1421,1520
2047,Codeforces Round 990 (Div. 2),IgrisTheRed,535,1733214300,1422,1520
2047,Codeforces Round 990 (Div. 2),sha_rdy,541,1733214300,1626,1664
2047,Codeforces Round 990 (Div. 2),tdiv,541,1733214300,1775,1773
2047,Codeforces Round 990 (Div. 2),emmoy,543,1733214300,1439,1587
2047,Codeforces Round 990 (Div. 2),MythBuster1,543,1733214300,1567,1621
2047,Codeforces Round 990 (Div. 2),detective...dots,543,1733214300,1640,1673
2047,Codeforces Round 990 (Div. 2),BoltzZ,543,1733214300,1810,1799
2047,Codeforces Round 990 (Div. 2),LRC11,543,1733214300,1724,1734
2047,Codeforces Round 990 (Div. 2),IkunTeddy,548,1733214300,1724,1771
2047,Codeforces Round 990 (Div. 2),light161,548,1733214300,946,1270
2047,Codeforces Round 990 (Div. 2),AmartyaXphy,548,1733214300,1471,1553
2047,Codeforces Round 990 (Div. 2),xixisuper,548,1733214300,0,604
2047,Codeforces Round 990 (Div. 2),totallyAugustus,552,1733214300,1542,1602
2047,Codeforces Round 990 (Div. 2),jacketkkidJR,552,1733214300,1702,1717
2047,Codeforces Round 990 (Div. 2),xiaolexl,552,1733214300,0,604
2047,Codeforces Round 990 (Div. 2),stdfloat,552,1733214300,1589,1635
2047,Codeforces Round 990 (Div. 2),tsukumo,552,1733214300,1349,1469
2047,Codeforces Round 990 (Div. 2),stemdarrenyang,552,1733214300,1542,1602
2047,Codeforces Round 990 (Div. 2),Hide_In_The_Shadow,552,1733214300,1546,1605
2047,Codeforces Round 990 (Div. 2),DevangGarg,559,1733214300,1773,1769
2047,Codeforces Round 990 (Div. 2),Chaawal25,559,1733214300,1623,1660
2047,Codeforces Round 990 (Div. 2),Glastrier,559,1733214300,1889,1857
2047,Codeforces Round 990 (Div. 2),Love_Hitachi.Mako,562,1733214300,1470,1550
2047,Codeforces Round 990 (Div. 2),amsminn,562,1733214300,1716,1727
2047,Codeforces Round 990 (Div. 2),l88097442,562,1733214300,1469,1550
2047,Codeforces Round 990 (Div. 2),InfinityX,562,1733214300,1563,1616
2047,Codeforces Round 990 (Div. 2),YYZ20101208jason,566,1733214300,1340,1521
2047,Codeforces Round 990 (Div. 2),ThisWasUnplanned,566,1733214300,1923,1882
2047,Codeforces Round 990 (Div. 2),niranjanrajeev25,566,1733214300,1716,1727
2047,Codeforces Round 990 (Div. 2),adtiya02sanwal,569,1733214300,1463,1545
2047,Codeforces Round 990 (Div. 2),fapipotato,569,1733214300,1618,1655
2047,Codeforces Round 990 (Div. 2),Krish_M,569,1733214300,1647,1675
2047,Codeforces Round 990 (Div. 2),1DG,569,1733214300,1572,1622
2047,Codeforces Round 990 (Div. 2),GeometryFeng,573,1733214300,1700,1714
2047,Codeforces Round 990 (Div. 2),ysahu,573,1733214300,1504,1573
2047,Codeforces Round 990 (Div. 2),Junhone,575,1733214300,1398,1500
2047,Codeforces Round 990 (Div. 2),CirnoNine,576,1733214300,1809,1794
2047,Codeforces Round 990 (Div. 2),cck111,576,1733214300,1453,1537
2047,Codeforces Round 990 (Div. 2),mayukhamarla_22,576,1733214300,1557,1610
2047,Codeforces Round 990 (Div. 2),junhyung9985,576,1733214300,1652,1679
2047,Codeforces Round 990 (Div. 2),El_Roge,576,1733214300,1657,1682
2047,Codeforces Round 990 (Div. 2),cjtsai,576,1733214300,1742,1745
2047,Codeforces Round 990 (Div. 2),Mohammad.Nour,582,1733214300,1394,1496
2047,Codeforces Round 990 (Div. 2),Oz121,583,1733214300,1777,1770
2047,Codeforces Round 990 (Div. 2),int_main_character,583,1733214300,1375,1483
2047,Codeforces Round 990 (Div. 2),PoonYaPat,585,1733214300,1706,1717
2047,Codeforces Round 990 (Div. 2),duudii23,585,1733214300,1542,1599
2047,Codeforces Round 990 (Div. 2),mishra.rprm,587,1733214300,1548,1603
2047,Codeforces Round 990 (Div. 2),3187170085,587,1733214300,960,1276
2047,Codeforces Round 990 (Div. 2),bebopboi,589,1733214300,1408,1505
2047,Codeforces Round 990 (Div. 2),kushwanth_sistu,589,1733214300,1384,1488
2047,Codeforces Round 990 (Div. 2),muunshy,589,1733214300,1028,1301
2047,Codeforces Round 990 (Div. 2),omegaphi,592,1733214300,1777,1769
2047,Codeforces Round 990 (Div. 2),wuguanghaik6,592,1733214300,1837,1815
2047,Codeforces Round 990 (Div. 2),ydfqwangchen,594,1733214300,1758,1754
2047,Codeforces Round 990 (Div. 2),133edsfer13,594,1733214300,1361,1472
2047,Codeforces Round 990 (Div. 2),ImpleMentor,594,1733214300,1717,1724
2047,Codeforces Round 990 (Div. 2),hacker_anonimut,597,1733214300,1587,1666
2047,Codeforces Round 990 (Div. 2),RamRom1,598,1733214300,400,881
2047,Codeforces Round 990 (Div. 2),anonymuspj,598,1733214300,1668,1688
2047,Codeforces Round 990 (Div. 2),tryandtryagain,600,1733214300,1835,1812
2047,Codeforces Round 990 (Div. 2),kazu_tech,600,1733214300,1554,1605
2047,Codeforces Round 990 (Div. 2),notnotharsh,602,1733214300,1506,1570
2047,Codeforces Round 990 (Div. 2),dong_gas,602,1733214300,1757,1753
2047,Codeforces Round 990 (Div. 2),srujal194,602,1733214300,1507,1571
2047,Codeforces Round 990 (Div. 2),Carered,602,1733214300,1673,1690
2047,Codeforces Round 990 (Div. 2),zxhaoao923,602,1733214300,1805,1853
2047,Codeforces Round 990 (Div. 2),Kaloqn1234,602,1733214300,1611,1646
2047,Codeforces Round 990 (Div. 2),Prady,608,1733214300,1867,1835
2047,Codeforces Round 990 (Div. 2),kanade1616,608,1733214300,1628,1657
2047,Codeforces Round 990 (Div. 2),draxilorian,608,1733214300,1516,1577
2047,Codeforces Round 990 (Div. 2),Puncture_Waala,608,1733214300,1515,1576
2047,Codeforces Round 990 (Div. 2),Minatooo0,608,1733214300,587,1006
2047,Codeforces Round 990 (Div. 2),Oran_tree,608,1733214300,518,959
2047,Codeforces Round 990 (Div. 2),Shubhan23,614,1733214300,1498,1565
2047,Codeforces Round 990 (Div. 2),Fermits,615,1733214300,1218,1374
2047,Codeforces Round 990 (Div. 2),ChaosL,615,1733214300,1496,1562
2047,Codeforces Round 990 (Div. 2),Sky_kers,615,1733214300,1557,1605
2047,Codeforces Round 990 (Div. 2),omium,615,1733214300,1651,1673
2047,Codeforces Round 990 (Div. 2),complete_binary_tree,615,1733214300,0,596
2047,Codeforces Round 990 (Div. 2),bushang2100bugaiming,620,1733214300,1763,1756
2047,Codeforces Round 990 (Div. 2),Ask-2005,620,1733214300,1680,1694
2047,Codeforces Round 990 (Div. 2),vaiibhav75,622,1733214300,1870,1836
2047,Codeforces Round 990 (Div. 2),Haasl,622,1733214300,1302,1429
2047,Codeforces Round 990 (Div. 2),Wizard-o__O-,622,1733214300,1715,1720
2047,Codeforces Round 990 (Div. 2),asdf__,625,1733214300,512,953
2047,Codeforces Round 990 (Div. 2),losXxh,626,1733214300,1692,1703
2047,Codeforces Round 990 (Div. 2),Krrishchanchal,627,1733214300,1589,1628
2047,Codeforces Round 990 (Div. 2),aram.hosna,627,1733214300,1364,1470
2047,Codeforces Round 990 (Div. 2),uf982,629,1733214300,1594,1631
2047,Codeforces Round 990 (Div. 2),Platinum__,629,1733214300,1886,1847
2047,Codeforces Round 990 (Div. 2),incloud184,631,1733214300,1170,1390
2047,Codeforces Round 990 (Div. 2),boris_7,631,1733214300,1599,1634
2047,Codeforces Round 990 (Div. 2),jeromah,633,1733214300,1788,1773
2047,Codeforces Round 990 (Div. 2),rain-girl,633,1733214300,1608,1640
2047,Codeforces Round 990 (Div. 2),Abhishek_1782,633,1733214300,1470,1542
2047,Codeforces Round 990 (Div. 2),forecircle,636,1733214300,1724,1725
2047,Codeforces Round 990 (Div. 2),EfrenStevens,636,1733214300,1371,1473
2047,Codeforces Round 990 (Div. 2),arnavra3,636,1733214300,1704,1710
2047,Codeforces Round 990 (Div. 2),Mousa_Aboubaker,639,1733214300,1683,1694
2047,Codeforces Round 990 (Div. 2),Yash9890,639,1733214300,1543,1593
2047,Codeforces Round 990 (Div. 2),NullMeowference,639,1733214300,1554,1601
2047,Codeforces Round 990 (Div. 2),D4nnyLee,642,1733214300,1722,1723
2047,Codeforces Round 990 (Div. 2),deadeffect7,642,1733214300,1389,1485
2047,Codeforces Round 990 (Div. 2),Artist04,644,1733214300,1692,1701
2047,Codeforces Round 990 (Div. 2),hnust_kuanghaojie,644,1733214300,1606,1638
2047,Codeforces Round 990 (Div. 2),KKrishnaA,644,1733214300,1768,1757
2047,Codeforces Round 990 (Div. 2),faking,647,1733214300,1560,1604
2047,Codeforces Round 990 (Div. 2),_kaitokid,647,1733214300,1511,1570
2047,Codeforces Round 990 (Div. 2),dragoonSlayer,647,1733214300,1530,1583
2047,Codeforces Round 990 (Div. 2),Sara.S.,650,1733214300,1741,1736
2047,Codeforces Round 990 (Div. 2),Hoshizora__Z,650,1733214300,1753,1745
2047,Codeforces Round 990 (Div. 2),Maryan_Shuika,652,1733214300,1649,1668
2047,Codeforces Round 990 (Div. 2),KareemHesham_,652,1733214300,1285,1414
2047,Codeforces Round 990 (Div. 2),Amiakhan,652,1733214300,1634,1657
2047,Codeforces Round 990 (Div. 2),Werner,655,1733214300,1884,1844
2047,Codeforces Round 990 (Div. 2),xoda18,656,1733214300,1445,1522
2047,Codeforces Round 990 (Div. 2),sugarmeomeo,656,1733214300,827,1161
2047,Codeforces Round 990 (Div. 2),chuka231,658,1733214300,1534,1585
2047,Codeforces Round 990 (Div. 2),3bkarm,658,1733214300,1576,1615
2047,Codeforces Round 990 (Div. 2),Thun_Ann,658,1733214300,410,880
2047,Codeforces Round 990 (Div. 2),Love_Elaina,661,1733214300,1194,1386
2047,Codeforces Round 990 (Div. 2),gsteam,661,1733214300,1642,1662
2047,Codeforces Round 990 (Div. 2),Nash_Okano,663,1733214300,1523,1576
2047,Codeforces Round 990 (Div. 2),NeVzZo,663,1733214300,1736,1731
2047,Codeforces Round 990 (Div. 2),jincongcong,663,1733214300,591,1004
2047,Codeforces Round 990 (Div. 2),Yokoyari,666,1733214300,1307,1486
2047,Codeforces Round 990 (Div. 2),agent_p,666,1733214300,1574,1613
2047,Codeforces Round 990 (Div. 2),ScaredQiu,666,1733214300,1709,1711
2047,Codeforces Round 990 (Div. 2),YF_YUSUF,669,1733214300,1292,1416
2047,Codeforces Round 990 (Div. 2),MIngDexterous,669,1733214300,1611,1638
2047,Codeforces Round 990 (Div. 2),Feijoa_Li,669,1733214300,1376,1472
2047,Codeforces Round 990 (Div. 2),Horrible120,669,1733214300,1639,1658
2047,Codeforces Round 990 (Div. 2),kuailededatong,669,1733214300,1043,1257
2047,Codeforces Round 990 (Div. 2),halfah,669,1733214300,669,1058
2047,Codeforces Round 990 (Div. 2),Andyqian7,669,1733214300,1470,1595
2047,Codeforces Round 990 (Div. 2),giullia,676,1733214300,1857,1822
2047,Codeforces Round 990 (Div. 2),Cannonbolt2704,677,1733214300,1533,1582
2047,Codeforces Round 990 (Div. 2),hvyotivy,677,1733214300,1345,1451
2047,Codeforces Round 990 (Div. 2),dmitriy_kolev,677,1733214300,1838,1807
2047,Codeforces Round 990 (Div. 2),Enatsu__8,677,1733214300,1442,1517
2047,Codeforces Round 990 (Div. 2),AndresTG15,681,1733214300,1454,1526
2047,Codeforces Round 990 (Div. 2),Animal,682,1733214300,1453,1525
2047,Codeforces Round 990 (Div. 2),light_dream,682,1733214300,603,1010
2047,Codeforces Round 990 (Div. 2),Kalix1110,682,1733214300,1450,1523
2047,Codeforces Round 990 (Div. 2),Galaxy_KW,682,1733214300,1755,1744
2047,Codeforces Round 990 (Div. 2),digital_vest,686,1733214300,1532,1616
2047,Codeforces Round 990 (Div. 2),the_only_noob,686,1733214300,1781,1763
2047,Codeforces Round 990 (Div. 2),Tanya_,688,1733214300,1072,1273
2047,Codeforces Round 990 (Div. 2),IceHayden,688,1733214300,804,1155
2047,Codeforces Round 990 (Div. 2),ConsW,688,1733214300,1370,1466
2047,Codeforces Round 990 (Div. 2),CYhuang,688,1733214300,1669,1679
2047,Codeforces Round 990 (Div. 2),LUVK,688,1733214300,1243,1381
2047,Codeforces Round 990 (Div. 2),Od_Ali,693,1733214300,1691,1695
2047,Codeforces Round 990 (Div. 2),smunteanu,693,1733214300,1442,1516
2047,Codeforces Round 990 (Div. 2),CST17017,693,1733214300,1618,1641
2047,Codeforces Round 990 (Div. 2),themaver1cks,696,1733214300,1508,1562
2047,Codeforces Round 990 (Div. 2),pokefunc,696,1733214300,1643,1659
2047,Codeforces Round 990 (Div. 2),AhuraKz,696,1733214300,1507,1562
2047,Codeforces Round 990 (Div. 2),andreasn,699,1733214300,1720,1716
2047,Codeforces Round 990 (Div. 2),Z-wzy,699,1733214300,1607,1633
2047,Codeforces Round 990 (Div. 2),Martian149,699,1733214300,1813,1785
2047,Codeforces Round 990 (Div. 2),KaPe503,699,1733214300,1589,1620
2047,Codeforces Round 990 (Div. 2),Heenpei,703,1733214300,1496,1553
2047,Codeforces Round 990 (Div. 2),wild.cherry,703,1733214300,1036,1317
2047,Codeforces Round 990 (Div. 2),Vishy1111,703,1733214300,1577,1611
2047,Codeforces Round 990 (Div. 2),Mixnight,703,1733214300,1638,1655
2047,Codeforces Round 990 (Div. 2),hqhlxj,707,1733214300,1534,1579
2047,Codeforces Round 990 (Div. 2),qwerlty123,707,1733214300,1697,1698
2047,Codeforces Round 990 (Div. 2),Sudip809,709,1733214300,1526,1574
2047,Codeforces Round 990 (Div. 2),zhouliyang,710,1733214300,0,586
2047,Codeforces Round 990 (Div. 2),tonyyuyiding,711,1733214300,0,585
2047,Codeforces Round 990 (Div. 2),yusuf12360,711,1733214300,1821,1791
2047,Codeforces Round 990 (Div. 2),_WXZY,711,1733214300,1670,1678
2047,Codeforces Round 990 (Div. 2),Leo25Darklight,711,1733214300,1437,1511
2047,Codeforces Round 990 (Div. 2),pallavgoyal136,715,1733214300,1920,1866
2047,Codeforces Round 990 (Div. 2),uudd2,715,1733214300,980,1276
2047,Codeforces Round 990 (Div. 2),alpha_6124,717,1733214300,1554,1593
2047,Codeforces Round 990 (Div. 2),zyb_txdy,717,1733214300,0,585
2047,Codeforces Round 990 (Div. 2),Dream_zjw,719,1733214300,1555,1594
2047,Codeforces Round 990 (Div. 2),DustOfSnow,720,1733214300,1690,1692
2047,Codeforces Round 990 (Div. 2),NeVu,721,1733214300,1533,1578
2047,Codeforces Round 990 (Div. 2),Smart_Jason,721,1733214300,1027,1309
2047,Codeforces Round 990 (Div. 2),C_Z_A116,721,1733214300,1652,1663
2047,Codeforces Round 990 (Div. 2),Hashim-Ali,721,1733214300,1775,1755
2047,Codeforces Round 990 (Div. 2),shoushou,721,1733214300,1537,1580
2047,Codeforces Round 990 (Div. 2),imtushar0001,726,1733214300,1577,1609
2047,Codeforces Round 990 (Div. 2),Xier,726,1733214300,1781,1760
2047,Codeforces Round 990 (Div. 2),__7781,726,1733214300,1626,1644
2047,Codeforces Round 990 (Div. 2),sujalxpro,726,1733214300,1301,1416
2047,Codeforces Round 990 (Div. 2),maxrgby,726,1733214300,1846,1809
2047,Codeforces Round 990 (Div. 2),michaleproff,726,1733214300,1470,1532
2047,Codeforces Round 990 (Div. 2),mezzala,732,1733214300,1724,1716
2047,Codeforces Round 990 (Div. 2),KAZHYI2,732,1733214300,1000,1289
2047,Codeforces Round 990 (Div. 2),My_Fake_Acc,734,1733214300,1466,1529
2047,Codeforces Round 990 (Div. 2),ArsenyGas,734,1733214300,1618,1638
2047,Codeforces Round 990 (Div. 2),Bejoker,734,1733214300,1767,1748
2047,Codeforces Round 990 (Div. 2),Louis_dream1346,737,1733214300,1702,1737
2047,Codeforces Round 990 (Div. 2),Mhkhan,737,1733214300,1633,1648
2047,Codeforces Round 990 (Div. 2),QLong,737,1733214300,1292,1442
2047,Codeforces Round 990 (Div. 2),Doncho_Bonboncho,737,1733214300,1496,1549
2047,Codeforces Round 990 (Div. 2),mobius-p,741,1733214300,1473,1533
2047,Codeforces Round 990 (Div. 2),minsi,741,1733214300,1596,1621
2047,Codeforces Round 990 (Div. 2),Touken,743,1733214300,1496,1549
2047,Codeforces Round 990 (Div. 2),hbg1345,743,1733214300,1697,1695
2047,Codeforces Round 990 (Div. 2),lym12321,745,1733214300,1446,1514
2047,Codeforces Round 990 (Div. 2),Neketman,745,1733214300,1668,1673
2047,Codeforces Round 990 (Div. 2),8pete8,745,1733214300,1787,1800
2047,Codeforces Round 990 (Div. 2),Young_Cloud,745,1733214300,1496,1549
2047,Codeforces Round 990 (Div. 2),zeyroxdk,749,1733214300,1362,1455
2047,Codeforces Round 990 (Div. 2),yyqjwyy,749,1733214300,1533,1574
2047,Codeforces Round 990 (Div. 2),zhaoyuebo,751,1733214300,892,1210
2047,Codeforces Round 990 (Div. 2),dangiyatharth9,751,1733214300,1612,1632
2047,Codeforces Round 990 (Div. 2),pawanchanukya,751,1733214300,1401,1481
2047,Codeforces Round 990 (Div. 2),Adhoom_El3almy,754,1733214300,1610,1630
2047,Codeforces Round 990 (Div. 2),Felix555,754,1733214300,1169,1326
2047,Codeforces Round 990 (Div. 2),gabrielfaure,756,1733214300,1488,1600
2047,Codeforces Round 990 (Div. 2),Faizal,756,1733214300,1908,1853
2047,Codeforces Round 990 (Div. 2),BlackFyre27,756,1733214300,1141,1308
2047,Codeforces Round 990 (Div. 2),brajesh_muwel17,759,1733214300,1654,1661
2047,Codeforces Round 990 (Div. 2),quan606303,759,1733214300,1288,1404
2047,Codeforces Round 990 (Div. 2),__FlowerandYou,761,1733214300,1150,1395
2047,Codeforces Round 990 (Div. 2),sanjuguptasbg264,761,1733214300,1500,1550
2047,Codeforces Round 990 (Div. 2),xyxi,761,1733214300,800,1145
2047,Codeforces Round 990 (Div. 2),IceKylin,764,1733214300,1425,1564
2047,Codeforces Round 990 (Div. 2),romi_sahari,765,1733214300,1450,1514
2047,Codeforces Round 990 (Div. 2),Wageeh,766,1733214300,1564,1595
2047,Codeforces Round 990 (Div. 2),BUILDER_OP,766,1733214300,1540,1578
2047,Codeforces Round 990 (Div. 2),namredips7,766,1733214300,1372,1460
2047,Codeforces Round 990 (Div. 2),bubbarob19,769,1733214300,1666,1669
2047,Codeforces Round 990 (Div. 2),T_Bone,769,1733214300,1697,1692
2047,Codeforces Round 990 (Div. 2),tangtangcc,769,1733214300,1584,1609
2047,Codeforces Round 990 (Div. 2),Zhi_Liao,769,1733214300,687,1068
2047,Codeforces Round 990 (Div. 2),theunicat,769,1733214300,1448,1512
2047,Codeforces Round 990 (Div. 2),CuteWhite,769,1733214300,1713,1704
2047,Codeforces Round 990 (Div. 2),Arpia,769,1733214300,1577,1604
2047,Codeforces Round 990 (Div. 2),Aryan_Jaiswal28,776,1733214300,1429,1498
2047,Codeforces Round 990 (Div. 2),ChocoKhongSuy,776,1733214300,1512,1593
2047,Codeforces Round 990 (Div. 2),yugagr,778,1733214300,1332,1431
2047,Codeforces Round 990 (Div. 2),truman_,779,1733214300,1433,1500
2047,Codeforces Round 990 (Div. 2),ra1nyu,779,1733214300,1541,1577
2047,Codeforces Round 990 (Div. 2),raghavgupta256,779,1733214300,1382,1465
2047,Codeforces Round 990 (Div. 2),jxu,779,1733214300,1746,1728
2047,Codeforces Round 990 (Div. 2),piyushjain14,783,1733214300,1527,1567
2047,Codeforces Round 990 (Div. 2),liang0504,783,1733214300,1667,1669
2047,Codeforces Round 990 (Div. 2),zhengly,783,1733214300,1421,1492
2047,Codeforces Round 990 (Div. 2),lyzhe_,783,1733214300,1557,1588
2047,Codeforces Round 990 (Div. 2),namanbhardwaj1454,783,1733214300,1651,1657
2047,Codeforces Round 990 (Div. 2),karinmnezevic,788,1733214300,1422,1492
2047,Codeforces Round 990 (Div. 2),shrimpballs,789,1733214300,1545,1579
2047,Codeforces Round 990 (Div. 2),sparkfire,789,1733214300,1620,1634
2047,Codeforces Round 990 (Div. 2),Cyber_Hunterr,789,1733214300,1672,1672
2047,Codeforces Round 990 (Div. 2),chriswengqi,792,1733214300,1731,1716
2047,Codeforces Round 990 (Div. 2),Cipher-Breaker,792,1733214300,1211,1399
2047,Codeforces Round 990 (Div. 2),kong_mda,792,1733214300,1239,1367
2047,Codeforces Round 990 (Div. 2),BodaciousLord007,792,1733214300,1324,1424
2047,Codeforces Round 990 (Div. 2),stone_cold_steve_austin,796,1733214300,0,577
2047,Codeforces Round 990 (Div. 2),HonaNguyen,796,1733214300,1510,1554
2047,Codeforces Round 990 (Div. 2),Jaguar,796,1733214300,1510,1554
2047,Codeforces Round 990 (Div. 2),Irate,799,1733214300,1789,1759
2047,Codeforces Round 990 (Div. 2),explorerxx,799,1733214300,1561,1590
2047,Codeforces Round 990 (Div. 2),abhishekthore9,799,1733214300,1460,1518
2047,Codeforces Round 990 (Div. 2),Quake04,802,1733214300,1405,1479
2047,Codeforces Round 990 (Div. 2),HuyAT,802,1733214300,1490,1539
2047,Codeforces Round 990 (Div. 2),Asheria,804,1733214300,0,576
2047,Codeforces Round 990 (Div. 2),liuruiyu,804,1733214300,1689,1683
2047,Codeforces Round 990 (Div. 2),Today03,804,1733214300,1872,1822
2047,Codeforces Round 990 (Div. 2),B0udy,804,1733214300,1469,1524
2047,Codeforces Round 990 (Div. 2),FLY_lai,804,1733214300,1745,1725
2047,Codeforces Round 990 (Div. 2),huhu13,809,1733214300,799,1141
2047,Codeforces Round 990 (Div. 2),Retired_Lixy,810,1733214300,1682,1678
2047,Codeforces Round 990 (Div. 2),_masha,810,1733214300,1368,1453
2047,Codeforces Round 990 (Div. 2),Liu_Yun,812,1733214300,1662,1663
2047,Codeforces Round 990 (Div. 2),kayumov_muhammad,812,1733214300,1644,1650
2047,Codeforces Round 990 (Div. 2),manasagarwal129,812,1733214300,1615,1628
2047,Codeforces Round 990 (Div. 2),Delmenro,812,1733214300,1421,1489
2047,Codeforces Round 990 (Div. 2),czr0000,816,1733214300,1452,1511
2047,Codeforces Round 990 (Div. 2),AsukaAlice,816,1733214300,1249,1371
2047,Codeforces Round 990 (Div. 2),grim.reaper.25,816,1733214300,1450,1509
2047,Codeforces Round 990 (Div. 2),lexapex5,816,1733214300,1684,1678
2047,Codeforces Round 990 (Div. 2),hima_vamsi_m,820,1733214300,1552,1582
2047,Codeforces Round 990 (Div. 2),JulSjlv,821,1733214300,1755,1732
2047,Codeforces Round 990 (Div. 2),flying_saucer,821,1733214300,1862,1814
2047,Codeforces Round 990 (Div. 2),xjmxjm,823,1733214300,1673,1670
2047,Codeforces Round 990 (Div. 2),BlueBlue,823,1733214300,1820,1781
2047,Codeforces Round 990 (Div. 2),ntt_not_found,823,1733214300,1376,1457
2047,Codeforces Round 990 (Div. 2),Werdnight,823,1733214300,1470,1522
2047,Codeforces Round 990 (Div. 2),Doroshi,823,1733214300,1483,1531
2047,Codeforces Round 990 (Div. 2),AdarshX,823,1733214300,1679,1674
2047,Codeforces Round 990 (Div. 2),Jalali,829,1733214300,1639,1645
2047,Codeforces Round 990 (Div. 2),mansur_the_best,829,1733214300,1388,1465
2047,Codeforces Round 990 (Div. 2),AdisFDinArashi,831,1733214300,1899,1841
2047,Codeforces Round 990 (Div. 2),elpsconr,832,1733214300,1420,1487
2047,Codeforces Round 990 (Div. 2),dldlzjfs,833,1733214300,1444,1504
2047,Codeforces Round 990 (Div. 2),qazsdf,833,1733214300,1526,1562
2047,Codeforces Round 990 (Div. 2),keshavmonga,835,1733214300,1322,1418
2047,Codeforces Round 990 (Div. 2),RSAMSD,835,1733214300,1538,1570
2047,Codeforces Round 990 (Div. 2),-is-this-omori-,837,1733214300,1705,1692
2047,Codeforces Round 990 (Div. 2),sabyr,837,1733214300,1550,1579
2047,Codeforces Round 990 (Div. 2),AoiDonguri,837,1733214300,1149,1304
2047,Codeforces Round 990 (Div. 2),Po7ed,840,1733214300,760,1110
2047,Codeforces Round 990 (Div. 2),rnishu12,840,1733214300,1326,1421
2047,Codeforces Round 990 (Div. 2),nochill,840,1733214300,1537,1569
2047,Codeforces Round 990 (Div. 2),r_31,843,1733214300,1521,1630
2047,Codeforces Round 990 (Div. 2),someone_019,843,1733214300,0,573
2047,Codeforces Round 990 (Div. 2),ShashiPreetam,843,1733214300,1469,1520
2047,Codeforces Round 990 (Div. 2),amr_abdelazim,843,1733214300,1796,1761
2047,Codeforces Round 990 (Div. 2),apollo07,843,1733214300,1296,1400
2047,Codeforces Round 990 (Div. 2),thelonesailor,848,1733214300,1474,1524
2047,Codeforces Round 990 (Div. 2),kaustabhmishra,848,1733214300,1560,1585
2047,Codeforces Round 990 (Div. 2),LeCaToX,848,1733214300,1382,1459
2047,Codeforces Round 990 (Div. 2),exeter,848,1733214300,828,1156
2047,Codeforces Round 990 (Div. 2),MountAim,852,1733214300,1609,1621
2047,Codeforces Round 990 (Div. 2),homm9k,852,1733214300,1511,1550
2047,Codeforces Round 990 (Div. 2),Tanmay1618,854,1733214300,1702,1689
2047,Codeforces Round 990 (Div. 2),halqifibrax,854,1733214300,1662,1659
2047,Codeforces Round 990 (Div. 2),cfls_dpfs,854,1733214300,1375,1509
2047,Codeforces Round 990 (Div. 2),JatNad,854,1733214300,1362,1444
2047,Codeforces Round 990 (Div. 2),Ghammaz-Hassan,854,1733214300,1524,1558
2047,Codeforces Round 990 (Div. 2),Abhiraj,859,1733214300,1328,1421
2047,Codeforces Round 990 (Div. 2),KavenSky,859,1733214300,1502,1542
2047,Codeforces Round 990 (Div. 2),Plutopro,861,1733214300,1473,1522
2047,Codeforces Round 990 (Div. 2),yaohaoyou,861,1733214300,1453,1507
2047,Codeforces Round 990 (Div. 2),Butterfly_qwq,861,1733214300,1047,1283
2047,Codeforces Round 990 (Div. 2),0gur4ik,861,1733214300,1786,1752
2047,Codeforces Round 990 (Div. 2),hoiaenhonyc,861,1733214300,1655,1717
2047,Codeforces Round 990 (Div. 2),BatmanWhoLaughs,866,1733214300,1381,1456
2047,Codeforces Round 990 (Div. 2),Yo_Yo_Yogi,866,1733214300,1526,1559
2047,Codeforces Round 990 (Div. 2),stakudog,868,1733214300,1584,1601
2047,Codeforces Round 990 (Div. 2),Al-Hassan_Mohamed,868,1733214300,1546,1573
2047,Codeforces Round 990 (Div. 2),XianztsZhong,868,1733214300,1765,1735
2047,Codeforces Round 990 (Div. 2),ayuxhkumxr22,868,1733214300,1603,1614
2047,Codeforces Round 990 (Div. 2),nvr_give_up,872,1733214300,1678,1670
2047,Codeforces Round 990 (Div. 2),AIpha_Q,872,1733214300,1761,1732
2047,Codeforces Round 990 (Div. 2),algohary,872,1733214300,1659,1656
2047,Codeforces Round 990 (Div. 2),NewJeans,875,1733214300,1374,1450
2047,Codeforces Round 990 (Div. 2),Alicemagic,875,1733214300,1550,1575
2047,Codeforces Round 990 (Div. 2),nee-sama,875,1733214300,1296,1459
2047,Codeforces Round 990 (Div. 2),jai_hanuman_orz,875,1733214300,1289,1392
2047,Codeforces Round 990 (Div. 2),www.com,875,1733214300,1927,1859
2047,Codeforces Round 990 (Div. 2),Edward2009,880,1733214300,1431,1490
2047,Codeforces Round 990 (Div. 2),9217,880,1733214300,851,1169
2047,Codeforces Round 990 (Div. 2),Running_a_way,880,1733214300,1670,1663
2047,Codeforces Round 990 (Div. 2),sunny_2005,880,1733214300,795,1130
2047,Codeforces Round 990 (Div. 2),v1et,884,1733214300,1783,1748
2047,Codeforces Round 990 (Div. 2),vishesh011,884,1733214300,1676,1667
2047,Codeforces Round 990 (Div. 2),twoo.zyy,886,1733214300,1462,1511
2047,Codeforces Round 990 (Div. 2),doppelganger1729,886,1733214300,1502,1540
2047,Codeforces Round 990 (Div. 2),madhavkp18,888,1733214300,1509,1545
2047,Codeforces Round 990 (Div. 2),DawnGavial,889,1733214300,992,1243
2047,Codeforces Round 990 (Div. 2),KuroLeaf,889,1733214300,1498,1537
2047,Codeforces Round 990 (Div. 2),liaoz123,891,1733214300,1929,1860
2047,Codeforces Round 990 (Div. 2),kongcheng_lige,891,1733214300,1876,1819
2047,Codeforces Round 990 (Div. 2),starforces,891,1733214300,1678,1669
2047,Codeforces Round 990 (Div. 2),SirNathaN,894,1733214300,1479,1523
2047,Codeforces Round 990 (Div. 2),yankai,895,1733214300,1516,1549
2047,Codeforces Round 990 (Div. 2),dnnnda,895,1733214300,0,568
2047,Codeforces Round 990 (Div. 2),riya_batra,895,1733214300,1170,1312
2047,Codeforces Round 990 (Div. 2),arun.rkrish06,898,1733214300,1312,1406
2047,Codeforces Round 990 (Div. 2),huangyuhan123456,898,1733214300,1592,1604
2047,Codeforces Round 990 (Div. 2),abhijeethchandragi,900,1733214300,1291,1391
2047,Codeforces Round 990 (Div. 2),8061Mercury,900,1733214300,1101,1348
2047,Codeforces Round 990 (Div. 2),Derarinho,900,1733214300,1545,1570
2047,Codeforces Round 990 (Div. 2),BaiLi_nya,903,1733214300,1639,1639
2047,Codeforces Round 990 (Div. 2),Thomasguo666,904,1733214300,1748,1720
2047,Codeforces Round 990 (Div. 2),karthi222528,904,1733214300,1748,1720
2047,Codeforces Round 990 (Div. 2),vats_cf,906,1733214300,1663,1656
2047,Codeforces Round 990 (Div. 2),KaiserYang,906,1733214300,1668,1660
2047,Codeforces Round 990 (Div. 2),ktn_ka_wa_i,906,1733214300,1242,1358
2047,Codeforces Round 990 (Div. 2),Algor_,906,1733214300,1451,1501
2047,Codeforces Round 990 (Div. 2),GegaDX,906,1733214300,568,964
2047,Codeforces Round 990 (Div. 2),Aboalkasim,911,1733214300,1493,1531
2047,Codeforces Round 990 (Div. 2),Aetherios,911,1733214300,1419,1479
2047,Codeforces Round 990 (Div. 2),SP1029,911,1733214300,1647,1643
2047,Codeforces Round 990 (Div. 2),donaldtheduck,911,1733214300,1309,1402
2047,Codeforces Round 990 (Div. 2),haiduynguyen,911,1733214300,1223,1378
2047,Codeforces Round 990 (Div. 2),Coliver,911,1733214300,1539,1565
2047,Codeforces Round 990 (Div. 2),dipaR,917,1733214300,1166,1307
2047,Codeforces Round 990 (Div. 2),Lcyanstars,917,1733214300,1756,1725
2047,Codeforces Round 990 (Div. 2),dkvg_77,917,1733214300,1673,1662
2047,Codeforces Round 990 (Div. 2),Sirius_A,917,1733214300,1805,1763
2047,Codeforces Round 990 (Div. 2),keaucucal,921,1733214300,1460,1507
2047,Codeforces Round 990 (Div. 2),N0.ONE,922,1733214300,1238,1354
2047,Codeforces Round 990 (Div. 2),krakar,922,1733214300,1642,1640
2047,Codeforces Round 990 (Div. 2),ZH-170,924,1733214300,1208,1334
2047,Codeforces Round 990 (Div. 2),sjr3065335594,924,1733214300,1581,1594
2047,Codeforces Round 990 (Div. 2),dreameater69,926,1733214300,1494,1531
2047,Codeforces Round 990 (Div. 2),nun,926,1733214300,1627,1628
2047,Codeforces Round 990 (Div. 2),mdkhaledmhamud220,926,1733214300,1315,1405
2047,Codeforces Round 990 (Div. 2),KM_Parvez,926,1733214300,1553,1573
2047,Codeforces Round 990 (Div. 2),AlexJzG,926,1733214300,1490,1528
2047,Codeforces Round 990 (Div. 2),etihwthgiL,926,1733214300,644,1017
2047,Codeforces Round 990 (Div. 2),nazibur175,932,1733214300,1355,1433
2047,Codeforces Round 990 (Div. 2),Fusion15,932,1733214300,1529,1556
2047,Codeforces Round 990 (Div. 2),Rustypudding,932,1733214300,415,854
2047,Codeforces Round 990 (Div. 2),Girvar_ji,935,1733214300,1677,1664
2047,Codeforces Round 990 (Div. 2),_SohamK,935,1733214300,1224,1343
2047,Codeforces Round 990 (Div. 2),Voronov-Dima_444,937,1733214300,1495,1531
2047,Codeforces Round 990 (Div. 2),Ishan_23,938,1733214300,1352,1430
2047,Codeforces Round 990 (Div. 2),phtung0701,938,1733214300,1306,1398
2047,Codeforces Round 990 (Div. 2),just_chillax,938,1733214300,1525,1552
2047,Codeforces Round 990 (Div. 2),Linchh,941,1733214300,1695,1677
2047,Codeforces Round 990 (Div. 2),starting_from_zero,942,1733214300,1620,1621
2047,Codeforces Round 990 (Div. 2),Cat_watcher,942,1733214300,1296,1391
2047,Codeforces Round 990 (Div. 2),iN_siDious,942,1733214300,1483,1522
2047,Codeforces Round 990 (Div. 2),kental,945,1733214300,0,564
2047,Codeforces Round 990 (Div. 2),Sinatbt,945,1733214300,1555,1574
2047,Codeforces Round 990 (Div. 2),Yu__Xi,947,1733214300,1626,1626
2047,Codeforces Round 990 (Div. 2),Fan.,947,1733214300,1869,1810
2047,Codeforces Round 990 (Div. 2),MmusoM,947,1733214300,1740,1711
2047,Codeforces Round 990 (Div. 2),Neev4321,947,1733214300,1680,1665
2047,Codeforces Round 990 (Div. 2),jack170,947,1733214300,1637,1633
2047,Codeforces Round 990 (Div. 2),262620zzj,947,1733214300,0,563
2047,Codeforces Round 990 (Div. 2),kukuforward,953,1733214300,1522,1549
2047,Codeforces Round 990 (Div. 2),GlebKosachov,954,1733214300,1604,1609
2047,Codeforces Round 990 (Div. 2),A_AA__,954,1733214300,1404,1465
2047,Codeforces Round 990 (Div. 2),MJavad,954,1733214300,1597,1604
2047,Codeforces Round 990 (Div. 2),Mr_Flash,957,1733214300,1398,1460
2047,Codeforces Round 990 (Div. 2),CoderBaru01,957,1733214300,1496,1530
2047,Codeforces Round 990 (Div. 2),sujay_2006,959,1733214300,1155,1296
2047,Codeforces Round 990 (Div. 2),Rr4v3nN,959,1733214300,519,925
2047,Codeforces Round 990 (Div. 2),darshan90,959,1733214300,1229,1345
2047,Codeforces Round 990 (Div. 2),adibabakharat,959,1733214300,1316,1403
2047,Codeforces Round 990 (Div. 2),Woxuanyi,959,1733214300,1601,1606
2047,Codeforces Round 990 (Div. 2),soimportant,964,1733214300,1610,1612
2047,Codeforces Round 990 (Div. 2),Tulip,964,1733214300,1272,1373
2047,Codeforces Round 990 (Div. 2),0606osh,964,1733214300,1395,1457
2047,Codeforces Round 990 (Div. 2),Carits,967,1733214300,1518,1545
2047,Codeforces Round 990 (Div. 2),ChickenInKitchen,968,1733214300,1687,1669
2047,Codeforces Round 990 (Div. 2),Mota_Manush,968,1733214300,1017,1253
2047,Codeforces Round 990 (Div. 2),Catgod,968,1733214300,1564,1578
2047,Codeforces Round 990 (Div. 2),ilyaZg,971,1733214300,1871,1810
2047,Codeforces Round 990 (Div. 2),romegenixxx,971,1733214300,1671,1657
2047,Codeforces Round 990 (Div. 2),Raihan2500,971,1733214300,1532,1554
2047,Codeforces Round 990 (Div. 2),Codestack1345,971,1733214300,820,1139
2047,Codeforces Round 990 (Div. 2),techtushar2002,971,1733214300,1445,1492
2047,Codeforces Round 990 (Div. 2),ousaka_seika,971,1733214300,349,806
2047,Codeforces Round 990 (Div. 2),graptea,977,1733214300,472,890
2047,Codeforces Round 990 (Div. 2),Mousa,977,1733214300,1543,1562
2047,Codeforces Round 990 (Div. 2),SummitClimbingDevil,979,1733214300,1388,1451
2047,Codeforces Round 990 (Div. 2),Forty0909,979,1733214300,1215,1333
2047,Codeforces Round 990 (Div. 2),magallan_forever,981,1733214300,1390,1452
2047,Codeforces Round 990 (Div. 2),tempturing,982,1733214300,1551,1568
2047,Codeforces Round 990 (Div. 2),abhinavkumar03,982,1733214300,1306,1394
2047,Codeforces Round 990 (Div. 2),yhylivedream,982,1733214300,419,853
2047,Codeforces Round 990 (Div. 2),heavenly_principles,982,1733214300,1678,1662
2047,Codeforces Round 990 (Div. 2),10_111_01,986,1733214300,996,1263
2047,Codeforces Round 990 (Div. 2),donpaul2718,986,1733214300,1455,1498
2047,Codeforces Round 990 (Div. 2),China001,986,1733214300,1588,1594
2047,Codeforces Round 990 (Div. 2),redcar,989,1733214300,1461,1502
2047,Codeforces Round 990 (Div. 2),Panshul42,989,1733214300,1185,1312
2047,Codeforces Round 990 (Div. 2),ARIS2_0,991,1733214300,429,859
2047,Codeforces Round 990 (Div. 2),loser_abhi,991,1733214300,1243,1411
2047,Codeforces Round 990 (Div. 2),MMA,991,1733214300,1290,1383
2047,Codeforces Round 990 (Div. 2),Anongoat,994,1733214300,1437,1485
2047,Codeforces Round 990 (Div. 2),KohibariKurumi,995,1733214300,1565,1577
2047,Codeforces Round 990 (Div. 2),jxjjjj,996,1733214300,1675,1658
2047,Codeforces Round 990 (Div. 2),ek_gupta,996,1733214300,1141,1283
2047,Codeforces Round 990 (Div. 2),mingga,996,1733214300,1723,1694
2047,Codeforces Round 990 (Div. 2),goyal04,996,1733214300,1453,1496
2047,Codeforces Round 990 (Div. 2),akkafakka,996,1733214300,1819,1768
2047,Codeforces Round 990 (Div. 2),CODE__INFINITY,996,1733214300,1664,1650
2047,Codeforces Round 990 (Div. 2),monubhargav,1002,1733214300,1504,1532
2047,Codeforces Round 990 (Div. 2),rupa6,1003,1733214300,1753,1717
2047,Codeforces Round 990 (Div. 2),Linver,1003,1733214300,1734,1703
2047,Codeforces Round 990 (Div. 2),Saptak3315,1003,1733214300,1615,1613
2047,Codeforces Round 990 (Div. 2),NapSaq,1006,1733214300,1674,1657
2047,Codeforces Round 990 (Div. 2),sep82,1006,1733214300,1556,1569
2047,Codeforces Round 990 (Div. 2),chnmasta05,1006,1733214300,1217,1384
2047,Codeforces Round 990 (Div. 2),SaiSrujan7,1006,1733214300,1447,1491
2047,Codeforces Round 990 (Div. 2),expertaq,1010,1733214300,1507,1533
2047,Codeforces Round 990 (Div. 2),Ubantu,1010,1733214300,512,916
2047,Codeforces Round 990 (Div. 2),StayDetermined,1010,1733214300,1369,1435
2047,Codeforces Round 990 (Div. 2),sherifAbdo,1013,1733214300,1240,1347
2047,Codeforces Round 990 (Div. 2),ydsrw2x,1013,1733214300,1732,1701
2047,Codeforces Round 990 (Div. 2),yzdu,1015,1733214300,1444,1488
2047,Codeforces Round 990 (Div. 2),emni_o,1015,1733214300,1613,1610
2047,Codeforces Round 990 (Div. 2),codingjj,1015,1733214300,1474,1510
2047,Codeforces Round 990 (Div. 2),Ami_Nul,1018,1733214300,1531,1550
2047,Codeforces Round 990 (Div. 2),ChandrashekharD2,1018,1733214300,1803,1755
2047,Codeforces Round 990 (Div. 2),IYKYK004,1020,1733214300,1287,1433
2047,Codeforces Round 990 (Div. 2),xing4c,1020,1733214300,1710,1683
2047,Codeforces Round 990 (Div. 2),lgx57,1022,1733214300,1558,1570
2047,Codeforces Round 990 (Div. 2),naveents1915,1023,1733214300,1364,1431
2047,Codeforces Round 990 (Div. 2),Vipul21435,1023,1733214300,1321,1401
2047,Codeforces Round 990 (Div. 2),154051,1025,1733214300,1892,1823
2047,Codeforces Round 990 (Div. 2),625005105,1025,1733214300,1336,1411
2047,Codeforces Round 990 (Div. 2),jijijitian,1025,1733214300,1473,1508
2047,Codeforces Round 990 (Div. 2),risingStark,1028,1733214300,1311,1394
2047,Codeforces Round 990 (Div. 2),Escape,1028,1733214300,1573,1580
2047,Codeforces Round 990 (Div. 2),ikunnnna,1028,1733214300,1376,1507
2047,Codeforces Round 990 (Div. 2),aceC0der,1028,1733214300,1444,1487
2047,Codeforces Round 990 (Div. 2),LuvSran,1032,1733214300,1367,1433
2047,Codeforces Round 990 (Div. 2),Nyaoha,1033,1733214300,567,953
2047,Codeforces Round 990 (Div. 2),joeyy,1033,1733214300,1491,1520
2047,Codeforces Round 990 (Div. 2),asli_bg,1033,1733214300,1425,1473
2047,Codeforces Round 990 (Div. 2),node2,1036,1733214300,1478,1510
2047,Codeforces Round 990 (Div. 2),Sharhaan,1036,1733214300,1520,1541
2047,Codeforces Round 990 (Div. 2),liboshunx,1036,1733214300,1673,1654
2047,Codeforces Round 990 (Div. 2),Surge568,1036,1733214300,1532,1550
2047,Codeforces Round 990 (Div. 2),vivan_01,1040,1733214300,1719,1689
2047,Codeforces Round 990 (Div. 2),Tan__sir,1040,1733214300,1544,1558
2047,Codeforces Round 990 (Div. 2),rohanjaiswal,1040,1733214300,1409,1461
2047,Codeforces Round 990 (Div. 2),Al5ateeb,1040,1733214300,1744,1708
2047,Codeforces Round 990 (Div. 2),KiloJoule,1044,1733214300,1014,1273
2047,Codeforces Round 990 (Div. 2),cyh_qwq,1044,1733214300,1426,1473
2047,Codeforces Round 990 (Div. 2),HugeMouse,1046,1733214300,1712,1683
2047,Codeforces Round 990 (Div. 2),Zeenov,1047,1733214300,1152,1286
2047,Codeforces Round 990 (Div. 2),CUST_GIAO_ZE,1048,1733214300,1607,1603
2047,Codeforces Round 990 (Div. 2),Max33Verstappen,1048,1733214300,1449,1525
2047,Codeforces Round 990 (Div. 2),yeyou26,1048,1733214300,1340,1447
2047,Codeforces Round 990 (Div. 2),dd22cs01048,1048,1733214300,1304,1387
2047,Codeforces Round 990 (Div. 2),yoez123,1048,1733214300,1561,1570
2047,Codeforces Round 990 (Div. 2),mahaihang2,1053,1733214300,1447,1487
2047,Codeforces Round 990 (Div. 2),yyy777.,1053,1733214300,1285,1374
2047,Codeforces Round 990 (Div. 2),Blaz,1053,1733214300,1716,1686
2047,Codeforces Round 990 (Div. 2),Mynamic,1053,1733214300,1394,1449
2047,Codeforces Round 990 (Div. 2),haruxne,1057,1733214300,925,1145
2047,Codeforces Round 990 (Div. 2),heisenberg..,1057,1733214300,1488,1516
2047,Codeforces Round 990 (Div. 2),miniL,1059,1733214300,1688,1664
2047,Codeforces Round 990 (Div. 2),SpringBreeze,1059,1733214300,1488,1516
2047,Codeforces Round 990 (Div. 2),Jelly.bean,1059,1733214300,1461,1497
2047,Codeforces Round 990 (Div. 2),yellow_13,1062,1733214300,1762,1720
2047,Codeforces Round 990 (Div. 2),mub.ch,1063,1733214300,1656,1639
2047,Codeforces Round 990 (Div. 2),n00bmaster__,1064,1733214300,1270,1363
2047,Codeforces Round 990 (Div. 2),waKey_waKey,1065,1733214300,1405,1456
2047,Codeforces Round 990 (Div. 2),SlightlySinister,1065,1733214300,1505,1527
2047,Codeforces Round 990 (Div. 2),Legendary_Noxus,1065,1733214300,1205,1414
2047,Codeforces Round 990 (Div. 2),Unlock_U,1065,1733214300,1211,1382
2047,Codeforces Round 990 (Div. 2),choisang0826,1069,1733214300,1605,1601
2047,Codeforces Round 990 (Div. 2),tytytonyty,1069,1733214300,523,919
2047,Codeforces Round 990 (Div. 2),Md_Faique_Ibrahimi,1069,1733214300,1363,1426
2047,Codeforces Round 990 (Div. 2),Rishhabh,1069,1733214300,1313,1392
2047,Codeforces Round 990 (Div. 2),nguyen_hoang_minh_quan,1073,1733214300,1513,1533
2047,Codeforces Round 990 (Div. 2),tanya-degurechaff,1073,1733214300,1097,1300
2047,Codeforces Round 990 (Div. 2),yvbf,1073,1733214300,1824,1767
2047,Codeforces Round 990 (Div. 2),Amia,1076,1733214300,1361,1424
2047,Codeforces Round 990 (Div. 2),saran09,1076,1733214300,1386,1442
2047,Codeforces Round 990 (Div. 2),MinhKien,1076,1733214300,1601,1597
2047,Codeforces Round 990 (Div. 2),mcuadros,1079,1733214300,1656,1638
2047,Codeforces Round 990 (Div. 2),Rishi_Kumar_Singh,1080,1733214300,1634,1622
2047,Codeforces Round 990 (Div. 2),METASEKOIA,1080,1733214300,459,873
2047,Codeforces Round 990 (Div. 2),zus1123,1082,1733214300,604,976
2047,Codeforces Round 990 (Div. 2),GullitMC8,1082,1733214300,1531,1608
2047,Codeforces Round 990 (Div. 2),adityaraj_19,1082,1733214300,1653,1636
2047,Codeforces Round 990 (Div. 2),lmq742643,1085,1733214300,0,553
2047,Codeforces Round 990 (Div. 2),yuanyi,1085,1733214300,1361,1424
2047,Codeforces Round 990 (Div. 2),iluem100,1085,1733214300,1554,1562
2047,Codeforces Round 990 (Div. 2),emo,1088,1733214300,1519,1536
2047,Codeforces Round 990 (Div. 2),darkmagenta,1088,1733214300,1823,1832
2047,Codeforces Round 990 (Div. 2),ChinmayA_G,1090,1733214300,1341,1409
2047,Codeforces Round 990 (Div. 2),chinesedfan,1090,1733214300,1689,1663
2047,Codeforces Round 990 (Div. 2),carfosia,1090,1733214300,0,553
2047,Codeforces Round 990 (Div. 2),karanagarwal12,1093,1733214300,1353,1418
2047,Codeforces Round 990 (Div. 2),SaltyDonut,1093,1733214300,1402,1452
2047,Codeforces Round 990 (Div. 2),hmx123,1093,1733214300,1553,1561
2047,Codeforces Round 990 (Div. 2),sfiisf,1096,1733214300,1488,1513
2047,Codeforces Round 990 (Div. 2),abhaymishra8765,1097,1733214300,1445,1482
2047,Codeforces Round 990 (Div. 2),404soloplayer1,1097,1733214300,1499,1521
2047,Codeforces Round 990 (Div. 2),zhaoyingwei,1099,1733214300,1621,1611
2047,Codeforces Round 990 (Div. 2),BPENSYJPIZQ,1099,1733214300,1566,1570
2047,Codeforces Round 990 (Div. 2),Drifti,1101,1733214300,1247,1344
2047,Codeforces Round 990 (Div. 2),zmy.e,1101,1733214300,1164,1289
2047,Codeforces Round 990 (Div. 2),Masan,1103,1733214300,1501,1522
2047,Codeforces Round 990 (Div. 2),kkismatov2002,1103,1733214300,1383,1438
2047,Codeforces Round 990 (Div. 2),CMing,1103,1733214300,1648,1630
2047,Codeforces Round 990 (Div. 2),jsaw,1106,1733214300,574,953
2047,Codeforces Round 990 (Div. 2),Noodles,1106,1733214300,1418,1462
2047,Codeforces Round 990 (Div. 2),Chen_jr,1108,1733214300,1677,1653
2047,Codeforces Round 990 (Div. 2),smallK233,1108,1733214300,1727,1690
2047,Codeforces Round 990 (Div. 2),le0632,1108,1733214300,0,551
2047,Codeforces Round 990 (Div. 2),Invincible745,1108,1733214300,1441,1479
2047,Codeforces Round 990 (Div. 2),SamHJD,1108,1733214300,1764,1719
2047,Codeforces Round 990 (Div. 2),shuniko,1113,1733214300,1593,1589
2047,Codeforces Round 990 (Div. 2),lijia666,1113,1733214300,1515,1532
2047,Codeforces Round 990 (Div. 2),RajaVamshiNath,1113,1733214300,1566,1569
2047,Codeforces Round 990 (Div. 2),siugi,1113,1733214300,1584,1582
2047,Codeforces Round 990 (Div. 2),isocm,1117,1733214300,1469,1499
2047,Codeforces Round 990 (Div. 2),shrek1234,1118,1733214300,1354,1416
2047,Codeforces Round 990 (Div. 2),bbc_ouo,1118,1733214300,1611,1602
2047,Codeforces Round 990 (Div. 2),sirsam187,1120,1733214300,1366,1424
2047,Codeforces Round 990 (Div. 2),CK453,1120,1733214300,1343,1408
2047,Codeforces Round 990 (Div. 2),newestsolego,1120,1733214300,1462,1493
2047,Codeforces Round 990 (Div. 2),pvr04,1120,1733214300,1358,1419
2047,Codeforces Round 990 (Div. 2),Dell_Know,1124,1733214300,1795,1742
2047,Codeforces Round 990 (Div. 2),ThePrime,1124,1733214300,1095,1243
2047,Codeforces Round 990 (Div. 2),Barys,1124,1733214300,1623,1611
2047,Codeforces Round 990 (Div. 2),-HossaM-,1127,1733214300,1251,1345
2047,Codeforces Round 990 (Div. 2),KaLKIavtar,1128,1733214300,1485,1509
2047,Codeforces Round 990 (Div. 2),Vcoistnt,1128,1733214300,1467,1496
2047,Codeforces Round 990 (Div. 2),abhijain565aj,1128,1733214300,1794,1740
2047,Codeforces Round 990 (Div. 2),ishrak26,1131,1733214300,1637,1621
2047,Codeforces Round 990 (Div. 2),DreadedHippy,1131,1733214300,1342,1407
2047,Codeforces Round 990 (Div. 2),srlabib,1131,1733214300,1595,1589
2047,Codeforces Round 990 (Div. 2),kauperwood,1134,1733214300,1784,1732
2047,Codeforces Round 990 (Div. 2),iamarman,1134,1733214300,1537,1547
2047,Codeforces Round 990 (Div. 2),newmoto,1134,1733214300,1528,1540
2047,Codeforces Round 990 (Div. 2),Yuanyin26,1134,1733214300,1433,1471
2047,Codeforces Round 990 (Div. 2),Echo2,1138,1733214300,1178,1295
2047,Codeforces Round 990 (Div. 2),int23_t,1138,1733214300,1679,1653
2047,Codeforces Round 990 (Div. 2),magagam,1138,1733214300,1761,1715
2047,Codeforces Round 990 (Div. 2),Arpit0123,1141,1733214300,1355,1416
2047,Codeforces Round 990 (Div. 2),hucok,1141,1733214300,1673,1648
2047,Codeforces Round 990 (Div. 2),Ke_scholar,1143,1733214300,1534,1543
2047,Codeforces Round 990 (Div. 2),krishankant05,1144,1733214300,1470,1497
2047,Codeforces Round 990 (Div. 2),finalventure,1145,1733214300,1013,1235
2047,Codeforces Round 990 (Div. 2),Jensen123,1145,1733214300,1648,1628
2047,Codeforces Round 990 (Div. 2),Ruthless-.-,1145,1733214300,1361,1419
2047,Codeforces Round 990 (Div. 2),Hamo123,1148,1733214300,1281,1364
2047,Codeforces Round 990 (Div. 2),tnaito,1148,1733214300,1661,1638
2047,Codeforces Round 990 (Div. 2),lianheng,1150,1733214300,1395,1443
2047,Codeforces Round 990 (Div. 2),ninjaHattori1,1151,1733214300,1586,1581
2047,Codeforces Round 990 (Div. 2),Stalin67,1152,1733214300,1516,1530
2047,Codeforces Round 990 (Div. 2),bhajji,1153,1733214300,1785,1732
2047,Codeforces Round 990 (Div. 2),khoile25108,1153,1733214300,1233,1331
2047,Codeforces Round 990 (Div. 2),hehebjp123,1153,1733214300,1655,1633
2047,Codeforces Round 990 (Div. 2),louyuxuan,1156,1733214300,1482,1505
2047,Codeforces Round 990 (Div. 2),m_s_t_y,1156,1733214300,1543,1550
2047,Codeforces Round 990 (Div. 2),Mr_Surfer,1158,1733214300,1587,1581
2047,Codeforces Round 990 (Div. 2),outwitter,1159,1733214300,1497,1516
2047,Codeforces Round 990 (Div. 2),Yori_,1160,1733214300,1313,1385
2047,Codeforces Round 990 (Div. 2),Zerone.,1160,1733214300,1378,1430
2047,Codeforces Round 990 (Div. 2),A_m_i_r,1162,1733214300,1387,1437
2047,Codeforces Round 990 (Div. 2),ghostVS,1162,1733214300,1561,1562
2047,Codeforces Round 990 (Div. 2),Negationist,1164,1733214300,1378,1430
2047,Codeforces Round 990 (Div. 2),dinosaur_eats,1164,1733214300,1422,1461
2047,Codeforces Round 990 (Div. 2),Zero_OP,1164,1733214300,1508,1523
2047,Codeforces Round 990 (Div. 2),_abhishek_55_,1164,1733214300,1406,1449
2047,Codeforces Round 990 (Div. 2),Shahriar_88,1168,1733214300,1400,1445
2047,Codeforces Round 990 (Div. 2),Kamikazee112,1168,1733214300,1537,1544
2047,Codeforces Round 990 (Div. 2),wangwin,1168,1733214300,1091,1285
2047,Codeforces Round 990 (Div. 2),Hardikaswal,1168,1733214300,1460,1488
2047,Codeforces Round 990 (Div. 2),_lgh_,1168,1733214300,1655,1632
2047,Codeforces Round 990 (Div. 2),smallbrainsovamain1,1173,1733214300,1680,1651
2047,Codeforces Round 990 (Div. 2),m3e92,1173,1733214300,1522,1533
2047,Codeforces Round 990 (Div. 2),ammar123sa,1173,1733214300,1344,1405
2047,Codeforces Round 990 (Div. 2),Amirgjz,1173,1733214300,1475,1499
2047,Codeforces Round 990 (Div. 2),bhavishya0149,1173,1733214300,1429,1465
2047,Codeforces Round 990 (Div. 2),dudheg,1178,1733214300,1230,1327
2047,Codeforces Round 990 (Div. 2),MeteorYe,1179,1733214300,1344,1405
2047,Codeforces Round 990 (Div. 2),ahmedalaa22,1179,1733214300,1798,1741
2047,Codeforces Round 990 (Div. 2),TRErnD,1179,1733214300,1755,1708
2047,Codeforces Round 990 (Div. 2),Irthente,1182,1733214300,1938,1850
2047,Codeforces Round 990 (Div. 2),__swoosh__,1183,1733214300,1375,1426
2047,Codeforces Round 990 (Div. 2),prasanntrivedi6263,1184,1733214300,1252,1341
2047,Codeforces Round 990 (Div. 2),retu_io,1185,1733214300,1639,1619
2047,Codeforces Round 990 (Div. 2),Om4rr,1185,1733214300,1529,1537
2047,Codeforces Round 990 (Div. 2),RakibulIslam,1185,1733214300,1372,1424
2047,Codeforces Round 990 (Div. 2),Scanffer,1188,1733214300,1603,1592
2047,Codeforces Round 990 (Div. 2),irfan_iitr,1188,1733214300,1441,1473
2047,Codeforces Round 990 (Div. 2),___Johniel,1188,1733214300,1529,1537
2047,Codeforces Round 990 (Div. 2),codebuster_121,1191,1733214300,1424,1460
2047,Codeforces Round 990 (Div. 2),curry666,1191,1733214300,1649,1626
2047,Codeforces Round 990 (Div. 2),dhruvs7,1191,1733214300,975,1206
2047,Codeforces Round 990 (Div. 2),Venom_30,1194,1733214300,1355,1411
2047,Codeforces Round 990 (Div. 2),null0124,1194,1733214300,1502,1517
2047,Codeforces Round 990 (Div. 2),harshsaini_10,1196,1733214300,1270,1352
2047,Codeforces Round 990 (Div. 2),Arcan3,1196,1733214300,1449,1478
2047,Codeforces Round 990 (Div. 2),akms_limon,1196,1733214300,1360,1415
2047,Codeforces Round 990 (Div. 2),2877739569,1199,1733214300,1159,1329
2047,Codeforces Round 990 (Div. 2),afxhsjodo,1199,1733214300,1493,1509
2047,Codeforces Round 990 (Div. 2),Huaizhi,1201,1733214300,1477,1498
2047,Codeforces Round 990 (Div. 2),Uncle,1202,1733214300,1154,1274
2047,Codeforces Round 990 (Div. 2),xinzer,1202,1733214300,1235,1328
2047,Codeforces Round 990 (Div. 2),zxc3,1202,1733214300,1648,1625
2047,Codeforces Round 990 (Div. 2),zfy233,1205,1733214300,1454,1481
2047,Codeforces Round 990 (Div. 2),arjun_06_s,1206,1733214300,1512,1523
2047,Codeforces Round 990 (Div. 2),khaini3c,1206,1733214300,1556,1556
2047,Codeforces Round 990 (Div. 2),Catchet,1208,1733214300,1440,1471
2047,Codeforces Round 990 (Div. 2),hhhqx,1208,1733214300,1477,1498
2047,Codeforces Round 990 (Div. 2),srivikhilGodavarthi,1208,1733214300,1120,1251
2047,Codeforces Round 990 (Div. 2),Legendary_CP,1208,1733214300,1418,1455
2047,Codeforces Round 990 (Div. 2),slowzone,1212,1733214300,1633,1613
2047,Codeforces Round 990 (Div. 2),mONESY07,1212,1733214300,403,824
2047,Codeforces Round 990 (Div. 2),alfaloo,1214,1733214300,607,969
2047,Codeforces Round 990 (Div. 2),yuhang_,1214,1733214300,800,1106
2047,Codeforces Round 990 (Div. 2),3rian_jr,1216,1733214300,1327,1390
2047,Codeforces Round 990 (Div. 2),sabhesan,1216,1733214300,1386,1432
2047,Codeforces Round 990 (Div. 2),Kalery,1216,1733214300,1368,1419
2047,Codeforces Round 990 (Div. 2),InvMod,1219,1733214300,1546,1547
2047,Codeforces Round 990 (Div. 2),Hastorius,1219,1733214300,1380,1427
2047,Codeforces Round 990 (Div. 2),DreamChaserB,1221,1733214300,533,915
2047,Codeforces Round 990 (Div. 2),faizanhussain123,1221,1733214300,1559,1556
2047,Codeforces Round 990 (Div. 2),zilvren,1223,1733214300,1400,1441
2047,Codeforces Round 990 (Div. 2),jeremyjy,1224,1733214300,1519,1527
2047,Codeforces Round 990 (Div. 2),zyademad,1225,1733214300,1201,1303
2047,Codeforces Round 990 (Div. 2),Joey1060,1226,1733214300,0,543
2047,Codeforces Round 990 (Div. 2),vaibhavyadavv32,1226,1733214300,1135,1260
2047,Codeforces Round 990 (Div. 2),Another_Isamatdin,1228,1733214300,1441,1470
2047,Codeforces Round 990 (Div. 2),YunLuow,1228,1733214300,573,943
2047,Codeforces Round 990 (Div. 2),ragi_bytes,1228,1733214300,1408,1446
2047,Codeforces Round 990 (Div. 2),FDevelop,1228,1733214300,1195,1299
2047,Codeforces Round 990 (Div. 2),lasy_programmer,1232,1733214300,1613,1634
2047,Codeforces Round 990 (Div. 2),qiuZxuan666,1233,1733214300,477,874
2047,Codeforces Round 990 (Div. 2),InDI2k,1234,1733214300,1628,1608
2047,Codeforces Round 990 (Div. 2),zh1221_qwq,1235,1733214300,0,543
2047,Codeforces Round 990 (Div. 2),Sameer_Raj,1235,1733214300,1375,1423
2047,Codeforces Round 990 (Div. 2),downfall,1237,1733214300,1853,1780
2047,Codeforces Round 990 (Div. 2),KYAron,1237,1733214300,1859,1785
2047,Codeforces Round 990 (Div. 2),Mendeke,1239,1733214300,1529,1534
2047,Codeforces Round 990 (Div. 2),krishrb2517_,1240,1733214300,1379,1425
2047,Codeforces Round 990 (Div. 2),DenisKarpenko,1240,1733214300,1520,1526
2047,Codeforces Round 990 (Div. 2),doublenn,1240,1733214300,1455,1479
2047,Codeforces Round 990 (Div. 2),nithish654,1240,1733214300,1561,1557
2047,Codeforces Round 990 (Div. 2),Moynul_Islam,1244,1733214300,1437,1467
2047,Codeforces Round 990 (Div. 2),qjw9qc-c44cNH-ffHcT33TrD,1245,1733214300,1131,1307
2047,Codeforces Round 990 (Div. 2),aaditya2603,1246,1733214300,1288,1361
2047,Codeforces Round 990 (Div. 2),ywb_x,1247,1733214300,1485,1501
2047,Codeforces Round 990 (Div. 2),ChungIsMe,1247,1733214300,1817,1752
2047,Codeforces Round 990 (Div. 2),Nycil_Powder,1249,1733214300,1492,1543
2047,Codeforces Round 990 (Div. 2),alamsaibharath2005,1250,1733214300,1296,1366
2047,Codeforces Round 990 (Div. 2),wksp,1250,1733214300,1616,1597
2047,Codeforces Round 990 (Div. 2),deep_n_drap,1252,1733214300,1382,1427
2047,Codeforces Round 990 (Div. 2),abramazani,1252,1733214300,1575,1566
2047,Codeforces Round 990 (Div. 2),Light.3108,1254,1733214300,1444,1471
2047,Codeforces Round 990 (Div. 2),-0eiqe,1255,1733214300,1549,1548
2047,Codeforces Round 990 (Div. 2),wdakc,1256,1733214300,1252,1335
2047,Codeforces Round 990 (Div. 2),OmarMoBadr,1256,1733214300,1519,1525
2047,Codeforces Round 990 (Div. 2),ka45,1256,1733214300,1520,1526
2047,Codeforces Round 990 (Div. 2),CharStar,1259,1733214300,611,969
2047,Codeforces Round 990 (Div. 2),GlenRios,1260,1733214300,1489,1503
2047,Codeforces Round 990 (Div. 2),MuditCF,1260,1733214300,1339,1396
2047,Codeforces Round 990 (Div. 2),Behesht,1260,1733214300,1088,1227
2047,Codeforces Round 990 (Div. 2),Max_Rosul,1263,1733214300,1369,1416
2047,Codeforces Round 990 (Div. 2),oxidisingojha,1263,1733214300,1376,1422
2047,Codeforces Round 990 (Div. 2),burns7,1265,1733214300,1640,1615
2047,Codeforces Round 990 (Div. 2),cosmosking,1266,1733214300,1431,1460
2047,Codeforces Round 990 (Div. 2),rahul19191,1267,1733214300,1649,1621
2047,Codeforces Round 990 (Div. 2),CYFly,1267,1733214300,1345,1399
2047,Codeforces Round 990 (Div. 2),Himanshu2125,1269,1733214300,1499,1510
2047,Codeforces Round 990 (Div. 2),Daki-sa,1269,1733214300,1291,1361
2047,Codeforces Round 990 (Div. 2),wasim_394,1271,1733214300,1434,1462
2047,Codeforces Round 990 (Div. 2),Lumos_QwQ,1272,1733214300,493,883
2047,Codeforces Round 990 (Div. 2),Utkarsh.iitkgp,1272,1733214300,1296,1364
2047,Codeforces Round 990 (Div. 2),position1324,1272,1733214300,1095,1279
2047,Codeforces Round 990 (Div. 2),value0,1275,1733214300,1619,1598
2047,Codeforces Round 990 (Div. 2),d283gandhi,1276,1733214300,1233,1321
2047,Codeforces Round 990 (Div. 2),flowsnow,1276,1733214300,788,1094
2047,Codeforces Round 990 (Div. 2),RishikeshChaudhari,1278,1733214300,1194,1295
2047,Codeforces Round 990 (Div. 2),PreyPatel,1278,1733214300,1203,1335
2047,Codeforces Round 990 (Div. 2),Adityaxv,1280,1733214300,1294,1363
2047,Codeforces Round 990 (Div. 2),CSY1212,1281,1733214300,0,540
2047,Codeforces Round 990 (Div. 2),Crompton_15Dec,1282,1733214300,1553,1548
2047,Codeforces Round 990 (Div. 2),abh1_nav,1282,1733214300,1131,1253
2047,Codeforces Round 990 (Div. 2),emdotlam,1282,1733214300,1252,1334
2047,Codeforces Round 990 (Div. 2),SongShouqian,1285,1733214300,0,539
2047,Codeforces Round 990 (Div. 2),lnvictus,1286,1733214300,1325,1383
2047,Codeforces Round 990 (Div. 2),Hydra197,1286,1733214300,1386,1427
2047,Codeforces Round 990 (Div. 2),raichu_,1286,1733214300,1296,1364
2047,Codeforces Round 990 (Div. 2),doyo,1286,1733214300,1703,1661
2047,Codeforces Round 990 (Div. 2),adityaaryan151,1290,1733214300,1341,1395
2047,Codeforces Round 990 (Div. 2),shubhamjee,1290,1733214300,1251,1332
2047,Codeforces Round 990 (Div. 2),Leomi,1292,1733214300,1468,1486
2047,Codeforces Round 990 (Div. 2),lyrrr,1293,1733214300,1583,1571
2047,Codeforces Round 990 (Div. 2),vyom_1225,1293,1733214300,1489,1501
2047,Codeforces Round 990 (Div. 2),tonmoy6052,1295,1733214300,1452,1474
2047,Codeforces Round 990 (Div. 2),ArnavS05,1296,1733214300,1476,1491
2047,Codeforces Round 990 (Div. 2),twistedumar,1296,1733214300,1219,1310
2047,Codeforces Round 990 (Div. 2),Mostafa_Alaa99,1296,1733214300,1295,1362
2047,Codeforces Round 990 (Div. 2),awesohame,1299,1733214300,1329,1386
2047,Codeforces Round 990 (Div. 2),yravidheeraj12,1299,1733214300,1325,1383
2047,Codeforces Round 990 (Div. 2),RUOHUI,1301,1733214300,1380,1422
2047,Codeforces Round 990 (Div. 2),louisjohns32,1301,1733214300,1513,1518
2047,Codeforces Round 990 (Div. 2),aditya10prakash,1303,1733214300,1553,1547
2047,Codeforces Round 990 (Div. 2),Evan__Leo,1304,1733214300,1119,1299
2047,Codeforces Round 990 (Div. 2),wa_kings,1305,1733214300,1220,1311
2047,Codeforces Round 990 (Div. 2),1.sh,1305,1733214300,1635,1609
2047,Codeforces Round 990 (Div. 2),jinghuaz,1305,1733214300,1488,1499
2047,Codeforces Round 990 (Div. 2),AtulKS,1308,1733214300,1279,1350
2047,Codeforces Round 990 (Div. 2),201716080213,1309,1733214300,1627,1603
2047,Codeforces Round 990 (Div. 2),dauka,1310,1733214300,1479,1492
2047,Codeforces Round 990 (Div. 2),NepurnTyagi,1310,1733214300,1299,1364
2047,Codeforces Round 990 (Div. 2),neal27,1312,1733214300,1560,1552
2047,Codeforces Round 990 (Div. 2),Yukii_P,1312,1733214300,1400,1435
2047,Codeforces Round 990 (Div. 2),not_insync,1314,1733214300,1594,1577
2047,Codeforces Round 990 (Div. 2),pawanmsr,1314,1733214300,1436,1461
2047,Codeforces Round 990 (Div. 2),mohit138,1314,1733214300,1390,1428
2047,Codeforces Round 990 (Div. 2),samuel_beovides,1317,1733214300,1701,1658
2047,Codeforces Round 990 (Div. 2),Aylup,1317,1733214300,1624,1600
2047,Codeforces Round 990 (Div. 2),Sujith_2193,1319,1733214300,1342,1393
2047,Codeforces Round 990 (Div. 2),swater01,1319,1733214300,1512,1516
2047,Codeforces Round 990 (Div. 2),Yash_2310,1319,1733214300,1424,1452
2047,Codeforces Round 990 (Div. 2),Jonhyer,1322,1733214300,1004,1170
2047,Codeforces Round 990 (Div. 2),DucHieu1410,1323,1733214300,1506,1511
2047,Codeforces Round 990 (Div. 2),s4sha-v-tanke,1323,1733214300,556,925
2047,Codeforces Round 990 (Div. 2),mythribala,1325,1733214300,1511,1515
2047,Codeforces Round 990 (Div. 2),1900_or_burst,1326,1733214300,1327,1382
2047,Codeforces Round 990 (Div. 2),3042568013x,1327,1733214300,1373,1415
2047,Codeforces Round 990 (Div. 2),cemil1234,1328,1733214300,1816,1747
2047,Codeforces Round 990 (Div. 2),hanekaeru,1329,1733214300,1337,1390
2047,Codeforces Round 990 (Div. 2),202152321,1329,1733214300,1378,1419
2047,Codeforces Round 990 (Div. 2),FoxMinusCat,1331,1733214300,1648,1656
2047,Codeforces Round 990 (Div. 2),you.shall.not.pass,1331,1733214300,1352,1400
2047,Codeforces Round 990 (Div. 2),Mohit1802,1333,1733214300,1612,1590
2047,Codeforces Round 990 (Div. 2),Alpencil,1334,1733214300,1351,1399
2047,Codeforces Round 990 (Div. 2),_SSH_,1334,1733214300,1461,1477
2047,Codeforces Round 990 (Div. 2),hanbhai,1336,1733214300,1322,1379
2047,Codeforces Round 990 (Div. 2),karthikeya48,1337,1733214300,1476,1489
2047,Codeforces Round 990 (Div. 2),VectorVirtuoso,1338,1733214300,1427,1453
2047,Codeforces Round 990 (Div. 2),coder52001,1339,1733214300,1399,1433
2047,Codeforces Round 990 (Div. 2),CatBiscuit,1340,1733214300,1509,1512
2047,Codeforces Round 990 (Div. 2),Abd_Codeforce,1340,1733214300,1448,1468
2047,Codeforces Round 990 (Div. 2),CuteJerry,1342,1733214300,1798,1732
2047,Codeforces Round 990 (Div. 2),bayibo,1343,1733214300,1350,1397
2047,Codeforces Round 990 (Div. 2),jay_jani_0011,1344,1733214300,1271,1342
2047,Codeforces Round 990 (Div. 2),somnath910,1344,1733214300,1254,1331
2047,Codeforces Round 990 (Div. 2),Arin_Sahu,1346,1733214300,1232,1316
2047,Codeforces Round 990 (Div. 2),gafgadfdfvswe,1347,1733214300,1126,1245
2047,Codeforces Round 990 (Div. 2),shashi_raj_1104,1348,1733214300,1417,1445
2047,Codeforces Round 990 (Div. 2),Tod,1348,1733214300,1227,1312
2047,Codeforces Round 990 (Div. 2),Ibraheem.MH,1350,1733214300,1509,1512
2047,Codeforces Round 990 (Div. 2),Binw,1351,1733214300,1513,1514
2047,Codeforces Round 990 (Div. 2),LeHuynhDuc,1351,1733214300,1581,1566
2047,Codeforces Round 990 (Div. 2),fy0d0r_20,1353,1733214300,1347,1394
2047,Codeforces Round 990 (Div. 2),Nanthana2003,1354,1733214300,1217,1358
2047,Codeforces Round 990 (Div. 2),Mariom,1354,1733214300,1293,1357
2047,Codeforces Round 990 (Div. 2),mehul07,1354,1733214300,1295,1358
2047,Codeforces Round 990 (Div. 2),accismus_k,1357,1733214300,1402,1434
2047,Codeforces Round 990 (Div. 2),rishabhtwr07,1358,1733214300,1690,1648
2047,Codeforces Round 990 (Div. 2),__PACIFIC__,1358,1733214300,1450,1468
2047,Codeforces Round 990 (Div. 2),bitandas,1360,1733214300,1377,1416
2047,Codeforces Round 990 (Div. 2),Nimi_Sora,1361,1733214300,1013,1252
2047,Codeforces Round 990 (Div. 2),suchitgupta,1362,1733214300,1053,1197
2047,Codeforces Round 990 (Div. 2),KeshavSinghal,1363,1733214300,1083,1216
2047,Codeforces Round 990 (Div. 2),ku_sh,1363,1733214300,1383,1419
2047,Codeforces Round 990 (Div. 2),lkt,1363,1733214300,1558,1548
2047,Codeforces Round 990 (Div. 2),gungunsingh29,1366,1733214300,1571,1557
2047,Codeforces Round 990 (Div. 2),AaronWu,1366,1733214300,1017,1220
2047,Codeforces Round 990 (Div. 2),jivene2692,1368,1733214300,0,534
2047,Codeforces Round 990 (Div. 2),partho_2003,1369,1733214300,1535,1530
2047,Codeforces Round 990 (Div. 2),Agen,1370,1733214300,1213,1301
2047,Codeforces Round 990 (Div. 2),cflsfzh,1371,1733214300,1041,1239
2047,Codeforces Round 990 (Div. 2),009_Ajeet,1372,1733214300,1313,1370
2047,Codeforces Round 990 (Div. 2),yanhuorenjian,1372,1733214300,0,534
2047,Codeforces Round 990 (Div. 2),Arafat383,1374,1733214300,1264,1335
2047,Codeforces Round 990 (Div. 2),Sumith_chandra,1374,1733214300,1416,1443
2047,Codeforces Round 990 (Div. 2),YEdh,1376,1733214300,1251,1326
2047,Codeforces Round 990 (Div. 2),CJXMoonBack,1376,1733214300,1166,1269
2047,Codeforces Round 990 (Div. 2),Newbie_QQH,1378,1733214300,1577,1561
2047,Codeforces Round 990 (Div. 2),wadexin,1379,1733214300,1481,1490
2047,Codeforces Round 990 (Div. 2),M.Phoenix,1380,1733214300,1353,1398
2047,Codeforces Round 990 (Div. 2),lhlephuocdao,1381,1733214300,1228,1310
2047,Codeforces Round 990 (Div. 2),turnw,1382,1733214300,1265,1336
2047,Codeforces Round 990 (Div. 2),aditya0610,1383,1733214300,1572,1557
2047,Codeforces Round 990 (Div. 2),_regular_show,1384,1733214300,1570,1555
2047,Codeforces Round 990 (Div. 2),xy122004921,1384,1733214300,1326,1413
2047,Codeforces Round 990 (Div. 2),bevigilantheiscomingback,1386,1733214300,1236,1316
2047,Codeforces Round 990 (Div. 2),not_tle,1387,1733214300,1261,1333
2047,Codeforces Round 990 (Div. 2),Amin_2005022,1388,1733214300,1256,1329
2047,Codeforces Round 990 (Div. 2),euchangxian,1389,1733214300,1355,1398
2047,Codeforces Round 990 (Div. 2),OGRookie,1390,1733214300,468,858
2047,Codeforces Round 990 (Div. 2),Harsh_cf,1391,1733214300,1276,1342
2047,Codeforces Round 990 (Div. 2),Black-Octopus,1391,1733214300,1540,1532
2047,Codeforces Round 990 (Div. 2),sparpara,1391,1733214300,1369,1408
2047,Codeforces Round 990 (Div. 2),nilan425,1394,1733214300,1344,1390
2047,Codeforces Round 990 (Div. 2),TosakaUCVV,1395,1733214300,1512,1511
2047,Codeforces Round 990 (Div. 2),wiedergeboren,1395,1733214300,1450,1466
2047,Codeforces Round 990 (Div. 2),buri_buri_zaemon21,1397,1733214300,1477,1486
2047,Codeforces Round 990 (Div. 2),PipRa,1398,1733214300,1510,1510
2047,Codeforces Round 990 (Div. 2),yuYgen,1399,1733214300,1591,1571
2047,Codeforces Round 990 (Div. 2),kingcabrams,1400,1733214300,1412,1438
2047,Codeforces Round 990 (Div. 2),swarup19,1401,1733214300,1555,1543
2047,Codeforces Round 990 (Div. 2),TreeQwQ,1401,1733214300,1608,1583
2047,Codeforces Round 990 (Div. 2),ArisuMica,1403,1733214300,0,532
2047,Codeforces Round 990 (Div. 2),geetika21,1404,1733214300,1264,1333
2047,Codeforces Round 990 (Div. 2),manishjha91,1405,1733214300,1640,1608
2047,Codeforces Round 990 (Div. 2),pro_harshit,1406,1733214300,1640,1607
2047,Codeforces Round 990 (Div. 2),fancyor,1407,1733214300,1185,1280
2047,Codeforces Round 990 (Div. 2),SyedSohaib,1408,1733214300,1725,1672
2047,Codeforces Round 990 (Div. 2),YLHuang,1409,1733214300,975,1220
2047,Codeforces Round 990 (Div. 2),usaya,1409,1733214300,1482,1489
2047,Codeforces Round 990 (Div. 2),jamil314,1411,1733214300,1676,1635
2047,Codeforces Round 990 (Div. 2),power1ess,1411,1733214300,1193,1346
2047,Codeforces Round 990 (Div. 2),Fusu,1413,1733214300,1771,1707
2047,Codeforces Round 990 (Div. 2),isagi_yaichki,1414,1733214300,1636,1604
2047,Codeforces Round 990 (Div. 2),Byf23333,1415,1733214300,1961,1857
2047,Codeforces Round 990 (Div. 2),alphagomaster,1416,1733214300,1177,1326
2047,Codeforces Round 990 (Div. 2),nubb,1416,1733214300,1556,1543
2047,Codeforces Round 990 (Div. 2),pajju04,1416,1733214300,1654,1617
2047,Codeforces Round 990 (Div. 2),YinyuDream,1419,1733214300,1883,1795
2047,Codeforces Round 990 (Div. 2),HarshBoghani,1420,1733214300,1500,1501
2047,Codeforces Round 990 (Div. 2),Enoch006,1420,1733214300,1798,1728
2047,Codeforces Round 990 (Div. 2),new_start_of_sky,1420,1733214300,1419,1517
2047,Codeforces Round 990 (Div. 2),close_fish,1423,1733214300,1404,1431
2047,Codeforces Round 990 (Div. 2),violetctl39,1424,1733214300,1787,1720
2047,Codeforces Round 990 (Div. 2),gsn531,1425,1733214300,1898,1806
2047,Codeforces Round 990 (Div. 2),FeiWuLiuZiao,1426,1733214300,1740,1683
2047,Codeforces Round 990 (Div. 2),mmdrzada,1427,1733214300,1852,1770
2047,Codeforces Round 990 (Div. 2),814apoorv,1427,1733214300,1227,1306
2047,Codeforces Round 990 (Div. 2),arjun_t04,1427,1733214300,1332,1380
2047,Codeforces Round 990 (Div. 2),myx12345,1430,1733214300,1598,1574
2047,Codeforces Round 990 (Div. 2),mxqwp,1431,1733214300,1824,1748
2047,Codeforces Round 990 (Div. 2),HD0X_____,1431,1733214300,1303,1416
2047,Codeforces Round 990 (Div. 2),Haruka,1433,1733214300,1542,1532
2047,Codeforces Round 990 (Div. 2),twoplusthree,1434,1733214300,1761,1699
2047,Codeforces Round 990 (Div. 2),TRollingHash,1434,1733214300,1422,1443
2047,Codeforces Round 990 (Div. 2),lxh_ph,1436,1733214300,1683,1704
2047,Codeforces Round 990 (Div. 2),ctraxxd,1436,1733214300,1823,1747
2047,Codeforces Round 990 (Div. 2),2020akadaver,1436,1733214300,1582,1562
2047,Codeforces Round 990 (Div. 2),mannyw,1436,1733214300,1374,1408
2047,Codeforces Round 990 (Div. 2),TianTianChaoFangDe,1440,1733214300,1424,1444
2047,Codeforces Round 990 (Div. 2),Hyffff,1441,1733214300,1768,1771
2047,Codeforces Round 990 (Div. 2),dpark3542,1441,1733214300,1762,1699
2047,Codeforces Round 990 (Div. 2),Siddarth_MSR,1441,1733214300,1756,1694
2047,Codeforces Round 990 (Div. 2),CodeCraftsPhoenix,1444,1733214300,1586,1565
2047,Codeforces Round 990 (Div. 2),AngelOlan,1445,1733214300,1720,1667
2047,Codeforces Round 990 (Div. 2),xdl,1446,1733214300,1806,1733
2047,Codeforces Round 990 (Div. 2),anishkgkar,1447,1733214300,1784,1716
2047,Codeforces Round 990 (Div. 2),BonnieCaledonia,1447,1733214300,1487,1490
2047,Codeforces Round 990 (Div. 2),sydney_sweeney,1447,1733214300,1451,1463
2047,Codeforces Round 990 (Div. 2),KaijuNoXero,1450,1733214300,1596,1571
2047,Codeforces Round 990 (Div. 2),Apurv_M,1450,1733214300,1603,1577
2047,Codeforces Round 990 (Div. 2),Nishu_2005,1452,1733214300,1659,1619
2047,Codeforces Round 990 (Div. 2),awesomemaths,1453,1733214300,1745,1685
2047,Codeforces Round 990 (Div. 2),Umiyuri,1454,1733214300,1862,1776
2047,Codeforces Round 990 (Div. 2),pushlpr,1454,1733214300,1780,1713
2047,Codeforces Round 990 (Div. 2),Gotsuhan,1456,1733214300,1782,1714
2047,Codeforces Round 990 (Div. 2),Edgaru089,1456,1733214300,1636,1602
2047,Codeforces Round 990 (Div. 2),LittleYoo,1456,1733214300,1721,1666
2047,Codeforces Round 990 (Div. 2),boxlesscat,1459,1733214300,1684,1638
2047,Codeforces Round 990 (Div. 2),aslezar,1460,1733214300,1374,1407
2047,Codeforces Round 990 (Div. 2),balaji1209,1460,1733214300,1154,1255
2047,Codeforces Round 990 (Div. 2),zjzhr,1460,1733214300,1280,1341
2047,Codeforces Round 990 (Div. 2),yuangengqi,1463,1733214300,1659,1618
2047,Codeforces Round 990 (Div. 2),nulim,1463,1733214300,1754,1692
2047,Codeforces Round 990 (Div. 2),sumit_kk10,1463,1733214300,1735,1677
2047,Codeforces Round 990 (Div. 2),cryan.,1466,1733214300,1571,1552
2047,Codeforces Round 990 (Div. 2),Hanyu_23,1466,1733214300,1696,1646
2047,Codeforces Round 990 (Div. 2),luuia,1468,1733214300,1382,1412
2047,Codeforces Round 990 (Div. 2),ashiknur,1468,1733214300,1472,1478
2047,Codeforces Round 990 (Div. 2),ifffer_2137,1468,1733214300,1756,1693
2047,Codeforces Round 990 (Div. 2),xukan,1471,1733214300,1373,1406
2047,Codeforces Round 990 (Div. 2),blackkarn,1471,1733214300,1398,1424
2047,Codeforces Round 990 (Div. 2),Mosaab.,1471,1733214300,1508,1504
2047,Codeforces Round 990 (Div. 2),TheGoodest,1474,1733214300,1637,1601
2047,Codeforces Round 990 (Div. 2),Sellaris,1475,1733214300,1494,1493
2047,Codeforces Round 990 (Div. 2),rajeshpenugonda,1475,1733214300,1416,1437
2047,Codeforces Round 990 (Div. 2),Windward,1475,1733214300,1333,1377
2047,Codeforces Round 990 (Div. 2),m1tu,1478,1733214300,1502,1499
2047,Codeforces Round 990 (Div. 2),suharius,1479,1733214300,1578,1556
2047,Codeforces Round 990 (Div. 2),sujalmeshram,1479,1733214300,1193,1279
2047,Codeforces Round 990 (Div. 2),sam990,1479,1733214300,1779,1710
2047,Codeforces Round 990 (Div. 2),BlizGale,1479,1733214300,1585,1561
2047,Codeforces Round 990 (Div. 2),eriri__,1483,1733214300,1728,1671
2047,Codeforces Round 990 (Div. 2),platinumdragon,1483,1733214300,1330,1374
2047,Codeforces Round 990 (Div. 2),WwWWwWwwwWw,1483,1733214300,1379,1409
2047,Codeforces Round 990 (Div. 2),nathu123,1483,1733214300,1431,1447
2047,Codeforces Round 990 (Div. 2),A5HU705H,1483,1733214300,1427,1444
2047,Codeforces Round 990 (Div. 2),HellDiver,1488,1733214300,1593,1605
2047,Codeforces Round 990 (Div. 2),svaze,1489,1733214300,1419,1437
2047,Codeforces Round 990 (Div. 2),Kevin_Xu,1489,1733214300,1445,1456
2047,Codeforces Round 990 (Div. 2),bbyyd,1489,1733214300,1730,1672
2047,Codeforces Round 990 (Div. 2),JCrossover_14,1489,1733214300,1437,1451
2047,Codeforces Round 990 (Div. 2),fush_cf,1489,1733214300,415,813
2047,Codeforces Round 990 (Div. 2),21.0,1494,1733214300,1402,1425
2047,Codeforces Round 990 (Div. 2),xinlengweishang,1494,1733214300,1318,1365
2047,Codeforces Round 990 (Div. 2),Time,1496,1733214300,1543,1529
2047,Codeforces Round 990 (Div. 2),the_keshav.08,1496,1733214300,1497,1494
2047,Codeforces Round 990 (Div. 2),Baller312,1496,1733214300,1417,1435
2047,Codeforces Round 990 (Div. 2),Nakul155,1499,1733214300,1358,1393
2047,Codeforces Round 990 (Div. 2),_DS,1499,1733214300,1597,1569
2047,Codeforces Round 990 (Div. 2),_Ciel,1499,1733214300,1593,1566
2047,Codeforces Round 990 (Div. 2),Dhruv-Singh-Negi,1499,1733214300,1459,1466
2047,Codeforces Round 990 (Div. 2),theflyingdutchman1,1499,1733214300,456,842
2047,Codeforces Round 990 (Div. 2),Moemi_,1504,1733214300,1585,1561
2047,Codeforces Round 990 (Div. 2),msvardhan19,1505,1733214300,1590,1564
2047,Codeforces Round 990 (Div. 2),dark111,1505,1733214300,1180,1269
2047,Codeforces Round 990 (Div. 2),vasu52,1507,1733214300,1514,1506
2047,Codeforces Round 990 (Div. 2),hoangnguyen09022004,1507,1733214300,1751,1687
2047,Codeforces Round 990 (Div. 2),vtber,1509,1733214300,1414,1433
2047,Codeforces Round 990 (Div. 2),xuyunao,1510,1733214300,0,526
2047,Codeforces Round 990 (Div. 2),MallaSailesh01,1510,1733214300,1626,1629
2047,Codeforces Round 990 (Div. 2),rishu_,1512,1733214300,1508,1501
2047,Codeforces Round 990 (Div. 2),BayernForce,1512,1733214300,1492,1490
2047,Codeforces Round 990 (Div. 2),sakshamkaseraa,1514,1733214300,1532,1519
2047,Codeforces Round 990 (Div. 2),Enstalian,1514,1733214300,1353,1388
2047,Codeforces Round 990 (Div. 2),liuzixuan666,1516,1733214300,828,1106
2047,Codeforces Round 990 (Div. 2),heyyyankit,1516,1733214300,1470,1473
2047,Codeforces Round 990 (Div. 2),clhd,1516,1733214300,1198,1281
2047,Codeforces Round 990 (Div. 2),1egend,1516,1733214300,1746,1683
2047,Codeforces Round 990 (Div. 2),9876879876,1516,1733214300,1412,1431
2047,Codeforces Round 990 (Div. 2),VLSMB,1516,1733214300,1327,1370
2047,Codeforces Round 990 (Div. 2),RighterTheOriginal,1522,1733214300,1830,1748
2047,Codeforces Round 990 (Div. 2),langx_zym,1522,1733214300,1440,1451
2047,Codeforces Round 990 (Div. 2),vinnekerna,1522,1733214300,1067,1248
2047,Codeforces Round 990 (Div. 2),shumomo,1522,1733214300,1050,1271
2047,Codeforces Round 990 (Div. 2),aritro_pal,1526,1733214300,1573,1550
2047,Codeforces Round 990 (Div. 2),ngtrhai08022008,1526,1733214300,1029,1217
2047,Codeforces Round 990 (Div. 2),ngocson295,1526,1733214300,1551,1533
2047,Codeforces Round 990 (Div. 2),WanderOvO,1529,1733214300,1636,1598
2047,Codeforces Round 990 (Div. 2),Slamix,1529,1733214300,1448,1457
2047,Codeforces Round 990 (Div. 2),ChallaBharadwajReddy,1531,1733214300,1499,1494
2047,Codeforces Round 990 (Div. 2),Sveshnikov,1531,1733214300,1593,1564
2047,Codeforces Round 990 (Div. 2),RuchitJagodara,1531,1733214300,1771,1701
2047,Codeforces Round 990 (Div. 2),2445928989,1531,1733214300,1517,1507
2047,Codeforces Round 990 (Div. 2),kushal46,1535,1733214300,1566,1545
2047,Codeforces Round 990 (Div. 2),cthsm,1535,1733214300,1251,1372
2047,Codeforces Round 990 (Div. 2),aisocpioneer424,1537,1733214300,1448,1456
2047,Codeforces Round 990 (Div. 2),hyhcnzjsx,1537,1733214300,1674,1665
2047,Codeforces Round 990 (Div. 2),Fourier_Transform,1537,1733214300,1551,1532
2047,Codeforces Round 990 (Div. 2),selenophile,1537,1733214300,1694,1641
2047,Codeforces Round 990 (Div. 2),Pritam_19,1537,1733214300,1514,1505
2047,Codeforces Round 990 (Div. 2),Ankit_singh_sisodya,1542,1733214300,1366,1396
2047,Codeforces Round 990 (Div. 2),ankur_27,1542,1733214300,1460,1464
2047,Codeforces Round 990 (Div. 2),Coldsnow,1542,1733214300,436,824
2047,Codeforces Round 990 (Div. 2),wangyizhi,1542,1733214300,1654,1611
2047,Codeforces Round 990 (Div. 2),AkshayB1911,1546,1733214300,1464,1467
2047,Codeforces Round 990 (Div. 2),krutarthpatel929,1547,1733214300,1324,1366
2047,Codeforces Round 990 (Div. 2),scanfdream,1547,1733214300,1296,1404
2047,Codeforces Round 990 (Div. 2),MUUQ7ING,1547,1733214300,0,523
2047,Codeforces Round 990 (Div. 2),K1ROSMMT,1547,1733214300,1114,1223
2047,Codeforces Round 990 (Div. 2),mg_05,1551,1733214300,1487,1484
2047,Codeforces Round 990 (Div. 2),Dark_543,1551,1733214300,1536,1520
2047,Codeforces Round 990 (Div. 2),abovecloud,1553,1733214300,1415,1431
2047,Codeforces Round 990 (Div. 2),lensit,1553,1733214300,917,1169
2047,Codeforces Round 990 (Div. 2),Hirasawaa,1553,1733214300,1607,1574
2047,Codeforces Round 990 (Div. 2),stswkl,1553,1733214300,1047,1228
2047,Codeforces Round 990 (Div. 2),P_SUBHAM,1557,1733214300,1248,1312
2047,Codeforces Round 990 (Div. 2),201012280925LSY,1557,1733214300,0,523
2047,Codeforces Round 990 (Div. 2),SadArtira,1559,1733214300,1421,1435
2047,Codeforces Round 990 (Div. 2),Redbluetulip,1559,1733214300,1460,1501
2047,Codeforces Round 990 (Div. 2),Rafiullah,1561,1733214300,1549,1530
2047,Codeforces Round 990 (Div. 2),Aryan_Sehrawat,1561,1733214300,1420,1434
2047,Codeforces Round 990 (Div. 2),Arjav_Jain,1563,1733214300,1477,1476
2047,Codeforces Round 990 (Div. 2),Agniv_2701,1563,1733214300,461,842
2047,Codeforces Round 990 (Div. 2),vimoksa,1565,1733214300,1434,1444
2047,Codeforces Round 990 (Div. 2),ZHM4284,1565,1733214300,1363,1392
2047,Codeforces Round 990 (Div. 2),Kita_Ikuyo,1565,1733214300,1707,1650
2047,Codeforces Round 990 (Div. 2),Himan_S,1565,1733214300,1504,1495
2047,Codeforces Round 990 (Div. 2),im_Leo,1565,1733214300,1361,1392
2047,Codeforces Round 990 (Div. 2),merrychristmas911,1570,1733214300,1316,1359
2047,Codeforces Round 990 (Div. 2),ming2022,1570,1733214300,1704,1647
2047,Codeforces Round 990 (Div. 2),Nurex_001,1572,1733214300,1646,1603
2047,Codeforces Round 990 (Div. 2),HosseinAbadan,1572,1733214300,1651,1607
2047,Codeforces Round 990 (Div. 2),wusixuan,1572,1733214300,1175,1295
2047,Codeforces Round 990 (Div. 2),Ertzyk,1572,1733214300,415,808
2047,Codeforces Round 990 (Div. 2),laodaaikoubi666,1576,1733214300,1379,1404
2047,Codeforces Round 990 (Div. 2),mrweirdguy,1576,1733214300,1537,1520
2047,Codeforces Round 990 (Div. 2),Anish_28,1576,1733214300,1444,1451
2047,Codeforces Round 990 (Div. 2),UD_071,1579,1733214300,1492,1486
2047,Codeforces Round 990 (Div. 2),Infiniteenergy,1579,1733214300,453,834
2047,Codeforces Round 990 (Div. 2),pheonix_2002,1579,1733214300,1462,1464
2047,Codeforces Round 990 (Div. 2),Fookin_Blinders,1579,1733214300,1774,1702
2047,Codeforces Round 990 (Div. 2),slayone_platelet,1583,1733214300,1383,1406
2047,Codeforces Round 990 (Div. 2),ag._.,1583,1733214300,1652,1607
2047,Codeforces Round 990 (Div. 2),Hhaidang,1583,1733214300,1604,1570
2047,Codeforces Round 990 (Div. 2),ahtoh_,1583,1733214300,1656,1610
2047,Codeforces Round 990 (Div. 2),deng_wo_ni_xi,1587,1733214300,1572,1546
2047,Codeforces Round 990 (Div. 2),ink65536,1587,1733214300,0,521
2047,Codeforces Round 990 (Div. 2),TRYING_To_Do_Better__,1587,1733214300,1724,1662
2047,Codeforces Round 990 (Div. 2),OmikAcharya,1590,1733214300,1186,1268
2047,Codeforces Round 990 (Div. 2),avdxyz5,1590,1733214300,1090,1204
2047,Codeforces Round 990 (Div. 2),LAODIE,1590,1733214300,1743,1677
2047,Codeforces Round 990 (Div. 2),Pirate-King,1590,1733214300,1535,1518
2047,Codeforces Round 990 (Div. 2),LightGran,1594,1733214300,1632,1591
2047,Codeforces Round 990 (Div. 2),SM.22,1595,1733214300,1631,1590
2047,Codeforces Round 990 (Div. 2),SvytosDosvidos,1595,1733214300,1566,1541
2047,Codeforces Round 990 (Div. 2),siva009,1595,1733214300,0,521
2047,Codeforces Round 990 (Div. 2),Newt_ScAmANdeR,1595,1733214300,1417,1430
2047,Codeforces Round 990 (Div. 2),Sid.N,1595,1733214300,1225,1294
2047,Codeforces Round 990 (Div. 2),1435730,1600,1733214300,1363,1391
2047,Codeforces Round 990 (Div. 2),Rybka21,1600,1733214300,1739,1673
2047,Codeforces Round 990 (Div. 2),lihansheng_super_boy,1600,1733214300,1055,1235
2047,Codeforces Round 990 (Div. 2),Mercuria,1603,1733214300,1181,1264
2047,Codeforces Round 990 (Div. 2),omikad,1603,1733214300,1853,1762
2047,Codeforces Round 990 (Div. 2),Black_King1,1603,1733214300,1557,1534
2047,Codeforces Round 990 (Div. 2),hemantiitd,1603,1733214300,1272,1326
2047,Codeforces Round 990 (Div. 2),XRomanticCatX,1607,1733214300,1204,1279
2047,Codeforces Round 990 (Div. 2),lwrnc788,1607,1733214300,1392,1412
2047,Codeforces Round 990 (Div. 2),Nemaleswang,1607,1733214300,1454,1457
2047,Codeforces Round 990 (Div. 2),esh4,1607,1733214300,1561,1537
2047,Codeforces Round 990 (Div. 2),Huoi,1611,1733214300,1142,1237
2047,Codeforces Round 990 (Div. 2),hiding_,1611,1733214300,1580,1551
2047,Codeforces Round 990 (Div. 2),Lynia,1611,1733214300,1291,1339
2047,Codeforces Round 990 (Div. 2),ugemt,1611,1733214300,1206,1280
2047,Codeforces Round 990 (Div. 2),elate,1611,1733214300,1369,1394
2047,Codeforces Round 990 (Div. 2),quinten814,1616,1733214300,1197,1274
2047,Codeforces Round 990 (Div. 2),YashaswiR,1616,1733214300,1411,1425
2047,Codeforces Round 990 (Div. 2),Kumarfeldspar,1616,1733214300,1764,1692
2047,Codeforces Round 990 (Div. 2),Archit_Modi_21,1616,1733214300,1288,1337
2047,Codeforces Round 990 (Div. 2),changhj,1616,1733214300,0,519
2047,Codeforces Round 990 (Div. 2),mohit458,1621,1733214300,1523,1507
2047,Codeforces Round 990 (Div. 2),TimSwn,1621,1733214300,1295,1341
2047,Codeforces Round 990 (Div. 2),thunderboltt_,1621,1733214300,1234,1298
2047,Codeforces Round 990 (Div. 2),Raj_Singh,1624,1733214300,1529,1512
2047,Codeforces Round 990 (Div. 2),nbnguyen09hanoi,1624,1733214300,634,964
2047,Codeforces Round 990 (Div. 2),JakeMate14,1624,1733214300,1588,1557
2047,Codeforces Round 990 (Div. 2),pyiming,1624,1733214300,0,519
2047,Codeforces Round 990 (Div. 2),MrFod,1624,1733214300,353,762
2047,Codeforces Round 990 (Div. 2),roshanVerma,1624,1733214300,1640,1596
2047,Codeforces Round 990 (Div. 2),hhhhong,1630,1733214300,1029,1215
2047,Codeforces Round 990 (Div. 2),Sharvanip,1630,1733214300,880,1072
2047,Codeforces Round 990 (Div. 2),Zaxas,1630,1733214300,1471,1468
2047,Codeforces Round 990 (Div. 2),qwyz,1630,1733214300,1516,1501
2047,Codeforces Round 990 (Div. 2),samsoom,1634,1733214300,1444,1448
2047,Codeforces Round 990 (Div. 2),xuangou,1634,1733214300,1465,1463
2047,Codeforces Round 990 (Div. 2),guohezu,1634,1733214300,1363,1389
2047,Codeforces Round 990 (Div. 2),MunkhturErdenebat,1637,1733214300,1641,1596
2047,Codeforces Round 990 (Div. 2),Kurbonovsalmon,1637,1733214300,1337,1370
2047,Codeforces Round 990 (Div. 2),BuiDucManh12345,1637,1733214300,1084,1291
2047,Codeforces Round 990 (Div. 2),Not_Even_Trying,1640,1733214300,1448,1450
2047,Codeforces Round 990 (Div. 2),saurabh.code,1640,1733214300,1535,1516
2047,Codeforces Round 990 (Div. 2),lecarg,1640,1733214300,1898,1797
2047,Codeforces Round 990 (Div. 2),WalrusRamen21,1640,1733214300,1476,1471
2047,Codeforces Round 990 (Div. 2),Ryuk24,1644,1733214300,1411,1423
2047,Codeforces Round 990 (Div. 2),h.j.b.r.l,1644,1733214300,1362,1388
2047,Codeforces Round 990 (Div. 2),Private_1729,1644,1733214300,1533,1514
2047,Codeforces Round 990 (Div. 2),surya_theja,1647,1733214300,1223,1290
2047,Codeforces Round 990 (Div. 2),Arsh_Chand,1647,1733214300,1416,1427
2047,Codeforces Round 990 (Div. 2),_MyAngelGasai,1647,1733214300,1284,1332
2047,Codeforces Round 990 (Div. 2),vijay_katari23,1647,1733214300,1852,1760
2047,Codeforces Round 990 (Div. 2),hkoasis8,1651,1733214300,1398,1450
2047,Codeforces Round 990 (Div. 2),hotcocoa,1651,1733214300,1509,1495
2047,Codeforces Round 990 (Div. 2),Abito,1651,1733214300,1935,1826
2047,Codeforces Round 990 (Div. 2),ayushd2910,1651,1733214300,1495,1484
2047,Codeforces Round 990 (Div. 2),harshit_chauhan,1651,1733214300,1399,1414
2047,Codeforces Round 990 (Div. 2),KevinDebruyne,1651,1733214300,1564,1536
2047,Codeforces Round 990 (Div. 2),Axialotl,1651,1733214300,1455,1455
2047,Codeforces Round 990 (Div. 2),kaakashi_,1658,1733214300,1202,1274
2047,Codeforces Round 990 (Div. 2),Ly-Tweedlerustle,1658,1733214300,1396,1411
2047,Codeforces Round 990 (Div. 2),nraj25,1658,1733214300,1292,1337
2047,Codeforces Round 990 (Div. 2),iordache_,1658,1733214300,1706,1645
2047,Codeforces Round 990 (Div. 2),SIGMALORD,1662,1733214300,1121,1279
2047,Codeforces Round 990 (Div. 2),_IHateConstructives,1662,1733214300,0,517
2047,Codeforces Round 990 (Div. 2),bakedoreo45,1662,1733214300,975,1127
2047,Codeforces Round 990 (Div. 2),manvendra21,1662,1733214300,1307,1347
2047,Codeforces Round 990 (Div. 2),Th1nker,1662,1733214300,1426,1433
2047,Codeforces Round 990 (Div. 2),kakabadzeteo,1662,1733214300,1826,1739
2047,Codeforces Round 990 (Div. 2),DarkLancer,1662,1733214300,1364,1388
2047,Codeforces Round 990 (Div. 2),__shubham1611,1669,1733214300,1162,1247
2047,Codeforces Round 990 (Div. 2),phuclongdao,1669,1733214300,1502,1489
2047,Codeforces Round 990 (Div. 2),huo99,1671,1733214300,1299,1342
2047,Codeforces Round 990 (Div. 2),yangmuguang,1672,1733214300,0,517
2047,Codeforces Round 990 (Div. 2),Ayush74,1672,1733214300,1539,1517
2047,Codeforces Round 990 (Div. 2),Warriors_Lightning_eagle,1672,1733214300,1357,1383
2047,Codeforces Round 990 (Div. 2),Eyad_Hazem,1675,1733214300,1399,1413
2047,Codeforces Round 990 (Div. 2),BacktrackerG,1675,1733214300,1356,1441
2047,Codeforces Round 990 (Div. 2),lqx233,1675,1733214300,1059,1179
2047,Codeforces Round 990 (Div. 2),ancuber1031,1678,1733214300,728,1026
2047,Codeforces Round 990 (Div. 2),moksh_malhotra,1678,1733214300,1581,1549
2047,Codeforces Round 990 (Div. 2),hungthai2k5,1680,1733214300,1168,1250
2047,Codeforces Round 990 (Div. 2),samva210,1680,1733214300,1060,1212
2047,Codeforces Round 990 (Div. 2),sagbis,1680,1733214300,1453,1452
2047,Codeforces Round 990 (Div. 2),sachin1829,1683,1733214300,1338,1369
2047,Codeforces Round 990 (Div. 2),minus_zero-2,1683,1733214300,1267,1318
2047,Codeforces Round 990 (Div. 2),Rajat.18,1683,1733214300,1737,1669
2047,Codeforces Round 990 (Div. 2),FahadxSurma,1686,1733214300,1390,1405
2047,Codeforces Round 990 (Div. 2),GongKai,1686,1733214300,1507,1492
2047,Codeforces Round 990 (Div. 2),sathiya,1686,1733214300,1367,1389
2047,Codeforces Round 990 (Div. 2),niku_raaz,1686,1733214300,1200,1271
2047,Codeforces Round 990 (Div. 2),Mindoongie,1686,1733214300,1210,1278
2047,Codeforces Round 990 (Div. 2),ZhaoV1,1691,1733214300,1340,1369
2047,Codeforces Round 990 (Div. 2),Gourav,1691,1733214300,1364,1386
2047,Codeforces Round 990 (Div. 2),Gu_ren,1691,1733214300,1500,1486
2047,Codeforces Round 990 (Div. 2),___________F___________,1691,1733214300,0,515
2047,Codeforces Round 990 (Div. 2),_ifndef_HPP_,1691,1733214300,1389,1405
2047,Codeforces Round 990 (Div. 2),iamAcid,1696,1733214300,1599,1561
2047,Codeforces Round 990 (Div. 2),ng_jahkhanh39,1696,1733214300,1354,1379
2047,Codeforces Round 990 (Div. 2),AfterALongTime2,1696,1733214300,1598,1560
2047,Codeforces Round 990 (Div. 2),Shiv4m,1696,1733214300,1479,1470
2047,Codeforces Round 990 (Div. 2),CenterNewHero,1696,1733214300,1501,1487
2047,Codeforces Round 990 (Div. 2),Euphoria_07,1701,1733214300,1683,1625
2047,Codeforces Round 990 (Div. 2),xorfftdp,1701,1733214300,1436,1438
2047,Codeforces Round 990 (Div. 2),ErikUs,1701,1733214300,1489,1478
2047,Codeforces Round 990 (Div. 2),il-pragadish-aak,1701,1733214300,1377,1395
2047,Codeforces Round 990 (Div. 2),ChaBlaSauR,1701,1733214300,1360,1419
2047,Codeforces Round 990 (Div. 2),MuneebAlvi,1706,1733214300,887,1111
2047,Codeforces Round 990 (Div. 2),ALSTON16,1706,1733214300,1442,1443
2047,Codeforces Round 990 (Div. 2),cc_diamond,1706,1733214300,1278,1324
2047,Codeforces Round 990 (Div. 2),VectorSmasher,1706,1733214300,1703,1641
2047,Codeforces Round 990 (Div. 2),tawkir,1710,1733214300,1480,1471
2047,Codeforces Round 990 (Div. 2),anurag_m,1711,1733214300,1688,1629
2047,Codeforces Round 990 (Div. 2),SJ_SJ,1711,1733214300,1391,1405
2047,Codeforces Round 990 (Div. 2),muditlodha.3,1711,1733214300,1276,1323
2047,Codeforces Round 990 (Div. 2),_Artist__,1711,1733214300,1390,1404
2047,Codeforces Round 990 (Div. 2),l_yzzz,1711,1733214300,1526,1505
2047,Codeforces Round 990 (Div. 2),roumeideclown,1711,1733214300,1415,1423
2047,Codeforces Round 990 (Div. 2),ggmusya,1711,1733214300,0,515
2047,Codeforces Round 990 (Div. 2),Haijing_you,1718,1733214300,1349,1374
2047,Codeforces Round 990 (Div. 2),Hanyilin,1718,1733214300,1214,1279
2047,Codeforces Round 990 (Div. 2),Snowball_511,1718,1733214300,1275,1322
2047,Codeforces Round 990 (Div. 2),arsh_2004,1718,1733214300,1475,1466
2047,Codeforces Round 990 (Div. 2),SkyWave2022,1722,1733214300,1508,1491
2047,Codeforces Round 990 (Div. 2),S1eGa,1722,1733214300,1701,1638
2047,Codeforces Round 990 (Div. 2),kalpitdon7,1722,1733214300,1521,1501
2047,Codeforces Round 990 (Div. 2),AamodJain,1722,1733214300,1471,1463
2047,Codeforces Round 990 (Div. 2),BharatTaneja01,1722,1733214300,1463,1457
2047,Codeforces Round 990 (Div. 2),MH_Parag,1722,1733214300,1535,1511
2047,Codeforces Round 990 (Div. 2),vipul_07,1728,1733214300,1223,1285
2047,Codeforces Round 990 (Div. 2),priyansh_0901,1728,1733214300,1432,1434
2047,Codeforces Round 990 (Div. 2),lmaoxdzzz,1728,1733214300,1581,1546
2047,Codeforces Round 990 (Div. 2),egorhalapov,1728,1733214300,1033,1159
2047,Codeforces Round 990 (Div. 2),AsadMan.,1732,1733214300,1218,1337
2047,Codeforces Round 990 (Div. 2),ironman263,1732,1733214300,1294,1334
2047,Codeforces Round 990 (Div. 2),Shubh_0601,1732,1733214300,1397,1408
2047,Codeforces Round 990 (Div. 2),I.M.F,1732,1733214300,1408,1416
2047,Codeforces Round 990 (Div. 2),code_tal,1732,1733214300,1420,1425
2047,Codeforces Round 990 (Div. 2),TheGreatAntivirus,1737,1733214300,1641,1592
2047,Codeforces Round 990 (Div. 2),KhanhTP165,1737,1733214300,1682,1623
2047,Codeforces Round 990 (Div. 2),dragonoverlord3000,1739,1733214300,1669,1613
2047,Codeforces Round 990 (Div. 2),Zeyad_3BcarenO,1739,1733214300,1365,1385
2047,Codeforces Round 990 (Div. 2),Euphoriababy,1739,1733214300,1318,1351
2047,Codeforces Round 990 (Div. 2),renmq,1739,1733214300,1425,1428
2047,Codeforces Round 990 (Div. 2),Reseamus,1743,1733214300,1376,1392
2047,Codeforces Round 990 (Div. 2),aa2315,1743,1733214300,1405,1414
2047,Codeforces Round 990 (Div. 2),kartikepic99,1743,1733214300,1251,1303
2047,Codeforces Round 990 (Div. 2),SaltMangoTree,1743,1733214300,1305,1341
2047,Codeforces Round 990 (Div. 2),S____V,1743,1733214300,1605,1563
2047,Codeforces Round 990 (Div. 2),fallinthesky,1743,1733214300,1497,1481
2047,Codeforces Round 990 (Div. 2),abhi003,1743,1733214300,1250,1302
2047,Codeforces Round 990 (Div. 2),horiseun,1750,1733214300,1681,1622
2047,Codeforces Round 990 (Div. 2),324857679,1750,1733214300,1709,1644
2047,Codeforces Round 990 (Div. 2),mahiro_zcy,1750,1733214300,1593,1554
2047,Codeforces Round 990 (Div. 2),hjs1,1750,1733214300,769,1051
2047,Codeforces Round 990 (Div. 2),KimberlyBruh,1754,1733214300,1322,1353
2047,Codeforces Round 990 (Div. 2),mvec,1754,1733214300,1432,1433
2047,Codeforces Round 990 (Div. 2),_Jett_,1754,1733214300,1696,1633
2047,Codeforces Round 990 (Div. 2),rb003,1754,1733214300,1345,1369
2047,Codeforces Round 990 (Div. 2),SmartCoder,1754,1733214300,1522,1500
2047,Codeforces Round 990 (Div. 2),billert12,1754,1733214300,1271,1317
2047,Codeforces Round 990 (Div. 2),DarkKnight44,1760,1733214300,1487,1474
2047,Codeforces Round 990 (Div. 2),hari_krishna_reddy,1760,1733214300,1298,1335
2047,Codeforces Round 990 (Div. 2),yogeswarreddyrachamallu,1762,1733214300,1291,1330
2047,Codeforces Round 990 (Div. 2),Khatn,1762,1733214300,1237,1293
2047,Codeforces Round 990 (Div. 2),BofMeAstaroth,1764,1733214300,1059,1173
2047,Codeforces Round 990 (Div. 2),Kaushal_singhal,1764,1733214300,1584,1547
2047,Codeforces Round 990 (Div. 2),4o2a,1764,1733214300,1349,1408
2047,Codeforces Round 990 (Div. 2),atriyatuoli,1764,1733214300,1443,1440
2047,Codeforces Round 990 (Div. 2),FangXia,1768,1733214300,1501,1484
2047,Codeforces Round 990 (Div. 2),T_saha11,1768,1733214300,1545,1517
2047,Codeforces Round 990 (Div. 2),EduardoBrito,1768,1733214300,1535,1509
2047,Codeforces Round 990 (Div. 2),failure514,1771,1733214300,1405,1412
2047,Codeforces Round 990 (Div. 2),thakuremon,1771,1733214300,1495,1479
2047,Codeforces Round 990 (Div. 2),rmmukhesh,1771,1733214300,1255,1305
2047,Codeforces Round 990 (Div. 2),harikumar3868,1774,1733214300,1248,1299
2047,Codeforces Round 990 (Div. 2),astronom1cal,1774,1733214300,1484,1470
2047,Codeforces Round 990 (Div. 2),vagabond1202,1774,1733214300,0,511
2047,Codeforces Round 990 (Div. 2),Ban.kai,1774,1733214300,1587,1548
2047,Codeforces Round 990 (Div. 2),AK_25,1774,1733214300,1319,1350
2047,Codeforces Round 990 (Div. 2),theriseofahero,1779,1733214300,826,1090
2047,Codeforces Round 990 (Div. 2),Arthis,1779,1733214300,1694,1631
2047,Codeforces Round 990 (Div. 2),MKedia,1781,1733214300,1471,1460
2047,Codeforces Round 990 (Div. 2),disasterclass,1781,1733214300,1389,1400
2047,Codeforces Round 990 (Div. 2),DangKhoizzzz,1781,1733214300,1523,1500
2047,Codeforces Round 990 (Div. 2),answerend42,1781,1733214300,1448,1443
2047,Codeforces Round 990 (Div. 2),-_-SamarthGupta-_-,1781,1733214300,1428,1428
2047,Codeforces Round 990 (Div. 2),jch123,1781,1733214300,0,511
2047,Codeforces Round 990 (Div. 2),champgk13,1781,1733214300,1357,1376
2047,Codeforces Round 990 (Div. 2),long_our_unity,1788,1733214300,1320,1409
2047,Codeforces Round 990 (Div. 2),thanglieu2,1788,1733214300,1126,1277
2047,Codeforces Round 990 (Div. 2),d2s2,1788,1733214300,1558,1526
2047,Codeforces Round 990 (Div. 2),deptraiquakho,1791,1733214300,918,1157
2047,Codeforces Round 990 (Div. 2),vangtrangtan,1791,1733214300,1673,1614
2047,Codeforces Round 990 (Div. 2),rasil,1791,1733214300,1196,1262
2047,Codeforces Round 990 (Div. 2),Sashy2112,1791,1733214300,1092,1193
2047,Codeforces Round 990 (Div. 2),mnik1011,1791,1733214300,1093,1193
2047,Codeforces Round 990 (Div. 2),coldcloudv,1791,1733214300,488,848
2047,Codeforces Round 990 (Div. 2),iota_skill,1797,1733214300,1304,1338
2047,Codeforces Round 990 (Div. 2),-ChunChunMaru-,1797,1733214300,1646,1593
2047,Codeforces Round 990 (Div. 2),deramida,1797,1733214300,1489,1473
2047,Codeforces Round 990 (Div. 2),rudranshverma,1797,1733214300,1053,1167
2047,Codeforces Round 990 (Div. 2),wangxuyang,1797,1733214300,940,1142
2047,Codeforces Round 990 (Div. 2),Mahf,1797,1733214300,1624,1575
2047,Codeforces Round 990 (Div. 2),MJ5aif,1803,1733214300,1392,1401
2047,Codeforces Round 990 (Div. 2),Lilpa,1803,1733214300,1153,1287
2047,Codeforces Round 990 (Div. 2),silentsword255,1805,1733214300,1407,1412
2047,Codeforces Round 990 (Div. 2),kuritsyn,1806,1733214300,752,1036
2047,Codeforces Round 990 (Div. 2),systempkey,1806,1733214300,512,865
2047,Codeforces Round 990 (Div. 2),Pratham.Agrawal,1806,1733214300,1292,1329
2047,Codeforces Round 990 (Div. 2),zouzounaki,1809,1733214300,531,879
2047,Codeforces Round 990 (Div. 2),koodak_XD,1809,1733214300,1420,1421
2047,Codeforces Round 990 (Div. 2),m0urnful,1809,1733214300,1749,1673
2047,Codeforces Round 990 (Div. 2),yaadhav,1809,1733214300,1358,1375
2047,Codeforces Round 990 (Div. 2),ZhengRuiqiu,1813,1733214300,432,807
2047,Codeforces Round 990 (Div. 2),Sherlocked_Potter,1813,1733214300,1336,1359
2047,Codeforces Round 990 (Div. 2),XiaoretaW,1813,1733214300,1491,1473
2047,Codeforces Round 990 (Div. 2),reyhaneh01,1813,1733214300,1259,1305
2047,Codeforces Round 990 (Div. 2),__Vkhang__,1813,1733214300,1541,1512
2047,Codeforces Round 990 (Div. 2),Nari0222,1813,1733214300,1498,1479
2047,Codeforces Round 990 (Div. 2),Batigoat,1813,1733214300,1149,1229
2047,Codeforces Round 990 (Div. 2),Nium2025,1813,1733214300,1605,1561
2047,Codeforces Round 990 (Div. 2),S17861031019,1821,1733214300,1310,1341
2047,Codeforces Round 990 (Div. 2),blue_sky114514,1821,1733214300,1125,1274
2047,Codeforces Round 990 (Div. 2),sksshivam007,1821,1733214300,1613,1566
2047,Codeforces Round 990 (Div. 2),Sharma_ji_45,1821,1733214300,1129,1215
2047,Codeforces Round 990 (Div. 2),xiacoke7708,1821,1733214300,1418,1419
2047,Codeforces Round 990 (Div. 2),Qpxwyzdfsbfsphiepsilon,1826,1733214300,1565,1529
2047,Codeforces Round 990 (Div. 2),VOP-Ansish,1826,1733214300,1353,1371
2047,Codeforces Round 990 (Div. 2),Chen_1098,1828,1733214300,1218,1275
2047,Codeforces Round 990 (Div. 2),pranitrai07,1828,1733214300,1529,1502
2047,Codeforces Round 990 (Div. 2),TheWestWings,1828,1733214300,1275,1315
2047,Codeforces Round 990 (Div. 2),_Jovian,1828,1733214300,795,1065
2047,Codeforces Round 990 (Div. 2),ZMUY,1828,1733214300,1282,1320
2047,Codeforces Round 990 (Div. 2),stayhappy,1828,1733214300,1178,1248
2047,Codeforces Round 990 (Div. 2),shaikjameelurrahaman,1834,1733214300,1020,1143
2047,Codeforces Round 990 (Div. 2),accord,1834,1733214300,1767,1686
2047,Codeforces Round 990 (Div. 2),ujjawals159,1834,1733214300,1408,1411
2047,Codeforces Round 990 (Div. 2),AhmedPlusPlus,1837,1733214300,1748,1670
2047,Codeforces Round 990 (Div. 2),sandy2004,1837,1733214300,1224,1279
2047,Codeforces Round 990 (Div. 2),im_poli,1837,1733214300,1510,1487
2047,Codeforces Round 990 (Div. 2),lkbv,1837,1733214300,0,508
2047,Codeforces Round 990 (Div. 2),rudraguptabls,1837,1733214300,1180,1249
2047,Codeforces Round 990 (Div. 2),silicalet,1842,1733214300,1255,1300
2047,Codeforces Round 990 (Div. 2),whopassby,1842,1733214300,1398,1403
2047,Codeforces Round 990 (Div. 2),BK_sky,1842,1733214300,1383,1392
2047,Codeforces Round 990 (Div. 2),t_kr_sinha,1842,1733214300,924,1159
2047,Codeforces Round 990 (Div. 2),aufheVen,1842,1733214300,0,507
2047,Codeforces Round 990 (Div. 2),melodyline,1847,1733214300,1513,1489
2047,Codeforces Round 990 (Div. 2),_SmallBrain_,1847,1733214300,1599,1555
2047,Codeforces Round 990 (Div. 2),xadiye24,1847,1733214300,1366,1379
2047,Codeforces Round 990 (Div. 2),LostSpirit,1847,1733214300,1270,1311
2047,Codeforces Round 990 (Div. 2),bardwaz,1847,1733214300,1467,1454
2047,Codeforces Round 990 (Div. 2),hdz0318,1847,1733214300,1157,1233
2047,Codeforces Round 990 (Div. 2),jdsr2828,1847,1733214300,446,815
2047,Codeforces Round 990 (Div. 2),Subingbupt,1854,1733214300,1440,1434
2047,Codeforces Round 990 (Div. 2),ivan.812,1854,1733214300,1423,1421
2047,Codeforces Round 990 (Div. 2),zyf_in_bin,1854,1733214300,1378,1388
2047,Codeforces Round 990 (Div. 2),saidpon,1854,1733214300,1355,1371
2047,Codeforces Round 990 (Div. 2),Slingshot,1858,1733214300,1365,1378
2047,Codeforces Round 990 (Div. 2),nvsailikhith,1858,1733214300,1522,1495
2047,Codeforces Round 990 (Div. 2),karunakar_516,1858,1733214300,1486,1468
2047,Codeforces Round 990 (Div. 2),HooinKy0ma,1861,1733214300,783,1055
2047,Codeforces Round 990 (Div. 2),MUZIJI,1862,1733214300,1146,1224
2047,Codeforces Round 990 (Div. 2),dinosaur7,1862,1733214300,1340,1360
2047,Codeforces Round 990 (Div. 2),WhySoSerious16,1862,1733214300,1701,1632
2047,Codeforces Round 990 (Div. 2),pizza53,1862,1733214300,1668,1607
2047,Codeforces Round 990 (Div. 2),lets_code_01,1862,1733214300,392,775
2047,Codeforces Round 990 (Div. 2),kratos0-f,1862,1733214300,1128,1212
2047,Codeforces Round 990 (Div. 2),Abdullah_Muhammad-Ali,1862,1733214300,1259,1302
2047,Codeforces Round 990 (Div. 2),Anish_2407,1869,1733214300,1088,1186
2047,Codeforces Round 990 (Div. 2),deepakgoswami0552,1870,1733214300,1324,1348
2047,Codeforces Round 990 (Div. 2),alternn,1870,1733214300,1599,1553
2047,Codeforces Round 990 (Div. 2),kanglr1013,1870,1733214300,1033,1204
2047,Codeforces Round 990 (Div. 2),_ar07,1870,1733214300,1584,1541
2047,Codeforces Round 990 (Div. 2),patata22,1870,1733214300,1411,1411
2047,Codeforces Round 990 (Div. 2),Elysian_jianyu,1870,1733214300,1274,1312
2047,Codeforces Round 990 (Div. 2),opresnya,1870,1733214300,925,1159
2047,Codeforces Round 990 (Div. 2),Belal_Abouraya,1877,1733214300,1676,1612
2047,Codeforces Round 990 (Div. 2),vedant_agarwal22,1877,1733214300,1253,1297
2047,Codeforces Round 990 (Div. 2),harshroy,1877,1733214300,1279,1315
2047,Codeforces Round 990 (Div. 2),tin.le2,1877,1733214300,1596,1550
2047,Codeforces Round 990 (Div. 2),WhileTrueSmile,1877,1733214300,994,1125
2047,Codeforces Round 990 (Div. 2),Seriously_Its_Sameer,1882,1733214300,1514,1488
2047,Codeforces Round 990 (Div. 2),Arilord,1882,1733214300,1386,1392
2047,Codeforces Round 990 (Div. 2),_val_,1884,1733214300,1451,1441
2047,Codeforces Round 990 (Div. 2),lmaoaadiez,1884,1733214300,1274,1312
2047,Codeforces Round 990 (Div. 2),Adhoc,1884,1733214300,1437,1430
2047,Codeforces Round 990 (Div. 2),BLACKCOFFEE-420,1887,1733214300,1418,1416
2047,Codeforces Round 990 (Div. 2),uday3421,1887,1733214300,1455,1443
2047,Codeforces Round 990 (Div. 2),aayush_001,1887,1733214300,1419,1416
2047,Codeforces Round 990 (Div. 2),cout.flush,1887,1733214300,1374,1383
2047,Codeforces Round 990 (Div. 2),Mastey_,1891,1733214300,1316,1341
2047,Codeforces Round 990 (Div. 2),JustBestRyuna,1891,1733214300,1433,1427
2047,Codeforces Round 990 (Div. 2),leifeng,1893,1733214300,1387,1392
2047,Codeforces Round 990 (Div. 2),sodriet,1893,1733214300,1495,1473
2047,Codeforces Round 990 (Div. 2),Hayan,1893,1733214300,1555,1518
2047,Codeforces Round 990 (Div. 2),adeshkpatra,1893,1733214300,1465,1450
2047,Codeforces Round 990 (Div. 2),aruora_mo,1893,1733214300,1621,1569
2047,Codeforces Round 990 (Div. 2),Rarity.,1893,1733214300,362,752
2047,Codeforces Round 990 (Div. 2),Arihantjain04,1893,1733214300,1173,1240
2047,Codeforces Round 990 (Div. 2),Cold_Green_Dragon,1893,1733214300,1472,1455
2047,Codeforces Round 990 (Div. 2),I_love_humingyu,1893,1733214300,1346,1362
2047,Codeforces Round 990 (Div. 2),Bl0ck_M0mb0,1893,1733214300,1209,1265
2047,Codeforces Round 990 (Div. 2),atharva_tt,1903,1733214300,1244,1289
2047,Codeforces Round 990 (Div. 2),Muditgupta,1903,1733214300,1427,1422
2047,Codeforces Round 990 (Div. 2),shourov,1903,1733214300,1395,1398
2047,Codeforces Round 990 (Div. 2),pinkpantherika,1906,1733214300,1007,1131
2047,Codeforces Round 990 (Div. 2),_jpz_,1906,1733214300,1454,1442
2047,Codeforces Round 990 (Div. 2),Chen_HaiBing,1908,1733214300,1223,1275
2047,Codeforces Round 990 (Div. 2),Hritik0101,1909,1733214300,1408,1407
2047,Codeforces Round 990 (Div. 2),GMgrizo,1909,1733214300,1861,1757
2047,Codeforces Round 990 (Div. 2),_Aniruddhan_,1909,1733214300,1172,1274
2047,Codeforces Round 990 (Div. 2),BronzeMelon,1909,1733214300,1495,1472
2047,Codeforces Round 990 (Div. 2),Hannyx,1909,1733214300,445,811
2047,Codeforces Round 990 (Div. 2),Snigdho1978,1909,1733214300,1371,1380
2047,Codeforces Round 990 (Div. 2),pppwolf,1915,1733214300,1423,1418
2047,Codeforces Round 990 (Div. 2),delwar_03_,1915,1733214300,1423,1418
2047,Codeforces Round 990 (Div. 2),mahirj23,1915,1733214300,1354,1367
2047,Codeforces Round 990 (Div. 2),zhouxiuoa,1918,1733214300,1439,1430
2047,Codeforces Round 990 (Div. 2),wineandchord,1919,1733214300,1263,1301
2047,Codeforces Round 990 (Div. 2),_ABC123_,1919,1733214300,1294,1323
2047,Codeforces Round 990 (Div. 2),efjbaeivubqei,1919,1733214300,418,791
2047,Codeforces Round 990 (Div. 2),Alenochka,1919,1733214300,1515,1487
2047,Codeforces Round 990 (Div. 2),kaushikankit7610,1919,1733214300,953,1178
2047,Codeforces Round 990 (Div. 2),HelloSkyy,1919,1733214300,1369,1378
2047,Codeforces Round 990 (Div. 2),varunguptha,1925,1733214300,1414,1411
2047,Codeforces Round 990 (Div. 2),Carousel,1925,1733214300,1693,1623
2047,Codeforces Round 990 (Div. 2),ke__qing,1925,1733214300,549,887
2047,Codeforces Round 990 (Div. 2),anshg03,1925,1733214300,1475,1456
2047,Codeforces Round 990 (Div. 2),Oneforce,1929,1733214300,1436,1427
2047,Codeforces Round 990 (Div. 2),1ANH6,1929,1733214300,1456,1441
2047,Codeforces Round 990 (Div. 2),xmg_xmg,1929,1733214300,517,862
2047,Codeforces Round 990 (Div. 2),little_xzy,1929,1733214300,0,503
2047,Codeforces Round 990 (Div. 2),VicMac,1929,1733214300,1460,1445
2047,Codeforces Round 990 (Div. 2),nanahoshi,1929,1733214300,1148,1221
2047,Codeforces Round 990 (Div. 2),gamezovladislav,1935,1733214300,1250,1292
2047,Codeforces Round 990 (Div. 2),Sakura_Love,1935,1733214300,1620,1567
2047,Codeforces Round 990 (Div. 2),FFFBL,1935,1733214300,1232,1279
2047,Codeforces Round 990 (Div. 2),vermaparth04,1935,1733214300,1543,1508
2047,Codeforces Round 990 (Div. 2),hmz,1939,1733214300,1251,1292
2047,Codeforces Round 990 (Div. 2),NeverSayF,1939,1733214300,1516,1487
2047,Codeforces Round 990 (Div. 2),neural_gainzz,1939,1733214300,1233,1279
2047,Codeforces Round 990 (Div. 2),Swallows,1939,1733214300,0,503
2047,Codeforces Round 990 (Div. 2),DirtyCodeHehe,1943,1733214300,1193,1308
2047,Codeforces Round 990 (Div. 2),okpooja,1943,1733214300,1423,1417
2047,Codeforces Round 990 (Div. 2),xixilwz,1943,1733214300,1249,1291
2047,Codeforces Round 990 (Div. 2),umamaheswarareddy,1943,1733214300,1418,1413
2047,Codeforces Round 990 (Div. 2),random9106,1947,1733214300,649,961
2047,Codeforces Round 990 (Div. 2),NikhilMahadik,1947,1733214300,1082,1177
2047,Codeforces Round 990 (Div. 2),luminousGrove,1947,1733214300,0,502
2047,Codeforces Round 990 (Div. 2),__ALBION__,1947,1733214300,1442,1431
2047,Codeforces Round 990 (Div. 2),Bronia,1951,1733214300,1194,1252
2047,Codeforces Round 990 (Div. 2),BlueCrowner,1951,1733214300,1607,1556
2047,Codeforces Round 990 (Div. 2),Dtw,1953,1733214300,1203,1293
2047,Codeforces Round 990 (Div. 2),rrushikesh959,1953,1733214300,1248,1290
2047,Codeforces Round 990 (Div. 2),coldwheat233,1953,1733214300,1217,1268
2047,Codeforces Round 990 (Div. 2),yuvi3030,1953,1733214300,1179,1242
2047,Codeforces Round 990 (Div. 2),Sabbir.Hasan,1953,1733214300,1488,1465
2047,Codeforces Round 990 (Div. 2),orangesTO,1958,1733214300,1517,1487
2047,Codeforces Round 990 (Div. 2),aryanmishra12112003,1958,1733214300,1475,1455
2047,Codeforces Round 990 (Div. 2),Cevat123,1958,1733214300,1388,1390
2047,Codeforces Round 990 (Div. 2),Citypop,1958,1733214300,1582,1536
2047,Codeforces Round 990 (Div. 2),yok939,1962,1733214300,1235,1280
2047,Codeforces Round 990 (Div. 2),peasantbird,1962,1733214300,1063,1215
2047,Codeforces Round 990 (Div. 2),miemiejiuming,1962,1733214300,1368,1375
2047,Codeforces Round 990 (Div. 2),jota_22,1962,1733214300,1612,1559
2047,Codeforces Round 990 (Div. 2),jellybean259,1962,1733214300,1266,1301
2047,Codeforces Round 990 (Div. 2),SoopidJain,1967,1733214300,1094,1183
2047,Codeforces Round 990 (Div. 2),GULIMUZUN,1967,1733214300,1175,1238
2047,Codeforces Round 990 (Div. 2),Araceae,1967,1733214300,1399,1398
2047,Codeforces Round 990 (Div. 2),chenbl,1967,1733214300,1537,1502
2047,Codeforces Round 990 (Div. 2),Sagar1324,1967,1733214300,1295,1322
2047,Codeforces Round 990 (Div. 2),MithileshT,1967,1733214300,1229,1275
2047,Codeforces Round 990 (Div. 2),cr7ro,1967,1733214300,1765,1679
2047,Codeforces Round 990 (Div. 2),Abhi6645,1974,1733214300,1800,1706
2047,Codeforces Round 990 (Div. 2),_YashG,1974,1733214300,1624,1568
2047,Codeforces Round 990 (Div. 2),jayush1064,1974,1733214300,709,996
2047,Codeforces Round 990 (Div. 2),Vegetable_Dragon,1974,1733214300,0,501
2047,Codeforces Round 990 (Div. 2),Kartheek_4444,1978,1733214300,1195,1251
2047,Codeforces Round 990 (Div. 2),amyamya,1979,1733214300,1016,1132
2047,Codeforces Round 990 (Div. 2),JesterKing,1979,1733214300,1301,1326
2047,Codeforces Round 990 (Div. 2),CodeNhieuViDeoCoGauOm,1981,1733214300,1219,1268
2047,Codeforces Round 990 (Div. 2),Binar_Found,1981,1733214300,1139,1318
2047,Codeforces Round 990 (Div. 2),saikrishna17394,1981,1733214300,1630,1572
2047,Codeforces Round 990 (Div. 2),ShahidulMiraj,1981,1733214300,1287,1316
2047,Codeforces Round 990 (Div. 2),MaiHoonKaun,1981,1733214300,1356,1365
2047,Codeforces Round 990 (Div. 2),darkpulse_10,1981,1733214300,1157,1225
2047,Codeforces Round 990 (Div. 2),zhy156,1987,1733214300,945,1169
2047,Codeforces Round 990 (Div. 2),moai06,1987,1733214300,1248,1288
2047,Codeforces Round 990 (Div. 2),Ls110916,1987,1733214300,1299,1324
2047,Codeforces Round 990 (Div. 2),BinderiyaT,1987,1733214300,1246,1287
2047,Codeforces Round 990 (Div. 2),Yasin_Malek,1987,1733214300,1554,1513
2047,Codeforces Round 990 (Div. 2),se_tsu_na,1992,1733214300,1175,1304
2047,Codeforces Round 990 (Div. 2),LinSta,1992,1733214300,1218,1266
2047,Codeforces Round 990 (Div. 2),Moral_and_Law,1992,1733214300,806,1065
2047,Codeforces Round 990 (Div. 2),_Himanshu_Kumar_,1992,1733214300,1431,1421
2047,Codeforces Round 990 (Div. 2),rolled_back,1992,1733214300,1625,1568
2047,Codeforces Round 990 (Div. 2),Wcy6,1997,1733214300,396,771
2047,Codeforces Round 990 (Div. 2),shlokjain0177,1997,1733214300,1304,1327
2047,Codeforces Round 990 (Div. 2),SorPEEK,1997,1733214300,0,500
2047,Codeforces Round 990 (Div. 2),erickaiser24,1997,1733214300,1089,1178
2047,Codeforces Round 990 (Div. 2),mishka.3904,1997,1733214300,1140,1212
2047,Codeforces Round 990 (Div. 2),MajorLenox,1997,1733214300,1264,1298
2047,Codeforces Round 990 (Div. 2),Saarthak1,1997,1733214300,1218,1266
2047,Codeforces Round 990 (Div. 2),TAMIM_CSE_53,1997,1733214300,1233,1277
2047,Codeforces Round 990 (Div. 2),Buarieucun,2005,1733214300,1455,1438
2047,Codeforces Round 990 (Div. 2),MaiHoonDawn,2005,1733214300,1216,1264
2047,Codeforces Round 990 (Div. 2),SonicSashi77,2005,1733214300,1363,1369
2047,Codeforces Round 990 (Div. 2),Aditya8676,2005,1733214300,1458,1440
2047,Codeforces Round 990 (Div. 2),nocoding001,2005,1733214300,1040,1146
2047,Codeforces Round 990 (Div. 2),vslokesh,2005,1733214300,1151,1220
2047,Codeforces Round 990 (Div. 2),injection_moulding,2011,1733214300,704,991
2047,Codeforces Round 990 (Div. 2),glowbigger,2011,1733214300,1320,1338
2047,Codeforces Round 990 (Div. 2),shunt_2306,2011,1733214300,1403,1398
2047,Codeforces Round 990 (Div. 2),Sunny_ZY,2011,1733214300,1099,1184
2047,Codeforces Round 990 (Div. 2),manipulatedBit,2011,1733214300,1377,1380
2047,Codeforces Round 990 (Div. 2),gaby,2011,1733214300,1122,1200
2047,Codeforces Round 990 (Div. 2),qiuxioahang,2011,1733214300,1207,1258
2047,Codeforces Round 990 (Div. 2),yuv5120,2018,1733214300,867,1038
2047,Codeforces Round 990 (Div. 2),Valeev_Alex,2018,1733214300,1053,1154
2047,Codeforces Round 990 (Div. 2),loser_seele,2018,1733214300,1306,1327
2047,Codeforces Round 990 (Div. 2),Chel_ik,2018,1733214300,1305,1402
2047,Codeforces Round 990 (Div. 2),Suyash_711,2018,1733214300,1043,1147
2047,Codeforces Round 990 (Div. 2),prathamgarg_jsr,2018,1733214300,1085,1175
2047,Codeforces Round 990 (Div. 2),Nihan,2024,1733214300,1473,1451
2047,Codeforces Round 990 (Div. 2),susanna_samy,2024,1733214300,1055,1155
2047,Codeforces Round 990 (Div. 2),NULLgorithm,2024,1733214300,1641,1579
2047,Codeforces Round 990 (Div. 2),Philomath_2723,2024,1733214300,1348,1357
2047,Codeforces Round 990 (Div. 2),RandomUserName554,2024,1733214300,962,1180
2047,Codeforces Round 990 (Div. 2),yintaocheng,2024,1733214300,1475,1452
2047,Codeforces Round 990 (Div. 2),qwerkyCock,2024,1733214300,709,975
2047,Codeforces Round 990 (Div. 2),so_tired,2031,1733214300,1533,1496
2047,Codeforces Round 990 (Div. 2),akhil,2031,1733214300,1545,1505
2047,Codeforces Round 990 (Div. 2),Sanoy-si,2031,1733214300,1404,1399
2047,Codeforces Round 990 (Div. 2),ParthN27,2031,1733214300,1481,1456
2047,Codeforces Round 990 (Div. 2),AlimkhanMeshok,2031,1733214300,1520,1486
2047,Codeforces Round 990 (Div. 2),ACKERMAN_14062,2031,1733214300,1172,1289
2047,Codeforces Round 990 (Div. 2),nghia0510,2037,1733214300,1420,1410
2047,Codeforces Round 990 (Div. 2),xzx_com,2037,1733214300,750,1022
2047,Codeforces Round 990 (Div. 2),Dessa,2037,1733214300,1355,1362
2047,Codeforces Round 990 (Div. 2),Kartikeya_Singh2004,2037,1733214300,1130,1204
2047,Codeforces Round 990 (Div. 2),Curlwiz,2037,1733214300,1492,1464
2047,Codeforces Round 990 (Div. 2),heesooyaam,2042,1733214300,1653,1588
2047,Codeforces Round 990 (Div. 2),littlelihua,2042,1733214300,1056,1213
2047,Codeforces Round 990 (Div. 2),_BinaryVoyager_,2042,1733214300,1098,1243
2047,Codeforces Round 990 (Div. 2),riikka,2042,1733214300,1237,1277
2047,Codeforces Round 990 (Div. 2),tnaveen,2046,1733214300,1313,1331
2047,Codeforces Round 990 (Div. 2),KyLen_Mou,2046,1733214300,1419,1409
2047,Codeforces Round 990 (Div. 2),d1amondzz,2046,1733214300,1661,1594
2047,Codeforces Round 990 (Div. 2),AaryanAgrawal,2049,1733214300,1223,1267
2047,Codeforces Round 990 (Div. 2),Kaitak,2049,1733214300,1440,1424
2047,Codeforces Round 990 (Div. 2),bite23233,2049,1733214300,1321,1337
2047,Codeforces Round 990 (Div. 2),mufengrx,2049,1733214300,1423,1412
2047,Codeforces Round 990 (Div. 2),lzh999,2049,1733214300,1427,1415
2047,Codeforces Round 990 (Div. 2),ExaltedToast,2049,1733214300,0,498
2047,Codeforces Round 990 (Div. 2),SherwayLi,2055,1733214300,1311,1329
2047,Codeforces Round 990 (Div. 2),mango_peel,2055,1733214300,1473,1449
2047,Codeforces Round 990 (Div. 2),Serend_sanchi,2055,1733214300,1041,1144
2047,Codeforces Round 990 (Div. 2),Gusare,2055,1733214300,1253,1287
2047,Codeforces Round 990 (Div. 2),emy33,2059,1733214300,1411,1402
2047,Codeforces Round 990 (Div. 2),Onikata_Kayoko,2059,1733214300,0,498
2047,Codeforces Round 990 (Div. 2),amis27,2061,1733214300,1630,1569
2047,Codeforces Round 990 (Div. 2),ssldft,2061,1733214300,999,1170
2047,Codeforces Round 990 (Div. 2),Maxima,2061,1733214300,1373,1374
2047,Codeforces Round 990 (Div. 2),Artkights,2061,1733214300,1201,1251
2047,Codeforces Round 990 (Div. 2),fogsail,2065,1733214300,1276,1304
2047,Codeforces Round 990 (Div. 2),ERin_cy,2065,1733214300,1197,1248
2047,Codeforces Round 990 (Div. 2),codeprover,2065,1733214300,1595,1542
2047,Codeforces Round 990 (Div. 2),Gokuu007,2065,1733214300,1600,1546
2047,Codeforces Round 990 (Div. 2),BlackCatMagic,2069,1733214300,1337,1348
2047,Codeforces Round 990 (Div. 2),nikile,2069,1733214300,1504,1473
2047,Codeforces Round 990 (Div. 2),ruban,2071,1733214300,1412,1403
2047,Codeforces Round 990 (Div. 2),guc_lzh,2071,1733214300,1408,1400
2047,Codeforces Round 990 (Div. 2),CeHang,2071,1733214300,1195,1247
2047,Codeforces Round 990 (Div. 2),Alensent,2071,1733214300,1283,1308
2047,Codeforces Round 990 (Div. 2),Bruce_wayne__,2075,1733214300,1347,1355
2047,Codeforces Round 990 (Div. 2),ranasujay,2076,1733214300,1473,1449
2047,Codeforces Round 990 (Div. 2),Tyagi_Harsh,2076,1733214300,0,496
2047,Codeforces Round 990 (Div. 2),WhyOnlyeme-Lonely,2076,1733214300,1199,1249
2047,Codeforces Round 990 (Div. 2),sunnysathwik,2079,1733214300,1415,1404
2047,Codeforces Round 990 (Div. 2),Sha_mim,2079,1733214300,1385,1382
2047,Codeforces Round 990 (Div. 2),Ishan2004,2079,1733214300,1443,1425
2047,Codeforces Round 990 (Div. 2),Stfuan,2079,1733214300,1525,1526
2047,Codeforces Round 990 (Div. 2),7plus6,2079,1733214300,1190,1242
2047,Codeforces Round 990 (Div. 2),yutiantian,2079,1733214300,638,948
2047,Codeforces Round 990 (Div. 2),CodingPariNaa,2085,1733214300,1234,1273
2047,Codeforces Round 990 (Div. 2),mew_may_lay_lay,2085,1733214300,1561,1515
2047,Codeforces Round 990 (Div. 2),minuki646,2085,1733214300,1369,1370
2047,Codeforces Round 990 (Div. 2),JatinChahar,2085,1733214300,1201,1249
2047,Codeforces Round 990 (Div. 2),kiryl_krutsko,2085,1733214300,445,802
2047,Codeforces Round 990 (Div. 2),molekula,2085,1733214300,1140,1207
2047,Codeforces Round 990 (Div. 2),mkaran9721,2085,1733214300,1290,1312
2047,Codeforces Round 990 (Div. 2),o1154,2085,1733214300,1270,1298
2047,Codeforces Round 990 (Div. 2),anonymous_st,2085,1733214300,1153,1216
2047,Codeforces Round 990 (Div. 2),anonymous_5006,2094,1733214300,1120,1194
2047,Codeforces Round 990 (Div. 2),sury666,2094,1733214300,1319,1333
2047,Codeforces Round 990 (Div. 2),helloUniverse,2094,1733214300,1586,1533
2047,Codeforces Round 990 (Div. 2),Jatin_prime,2094,1733214300,1460,1438
2047,Codeforces Round 990 (Div. 2),aswanth_kumar,2094,1733214300,1316,1331
2047,Codeforces Round 990 (Div. 2),zzzz43210,2094,1733214300,1296,1317
2047,Codeforces Round 990 (Div. 2),Newbie-1,2094,1733214300,1484,1456
2047,Codeforces Round 990 (Div. 2),vanigupta262,2094,1733214300,1346,1353
2047,Codeforces Round 990 (Div. 2),Parth_3406,2102,1733214300,1199,1247
2047,Codeforces Round 990 (Div. 2),TajulTarek,2102,1733214300,1416,1404
2047,Codeforces Round 990 (Div. 2),shreyansharma1,2102,1733214300,1326,1338
2047,Codeforces Round 990 (Div. 2),Abdulaziz-A-022-2027,2105,1733214300,1273,1300
2047,Codeforces Round 990 (Div. 2),Hasan_av,2105,1733214300,1446,1427
2047,Codeforces Round 990 (Div. 2),Anuj344,2105,1733214300,1152,1215
2047,Codeforces Round 990 (Div. 2),YPD_0121,2105,1733214300,979,1101
2047,Codeforces Round 990 (Div. 2),Sam2301,2105,1733214300,1029,1133
2047,Codeforces Round 990 (Div. 2),khulegu,2105,1733214300,1338,1347
2047,Codeforces Round 990 (Div. 2),SilviuC25,2105,1733214300,1194,1244
2047,Codeforces Round 990 (Div. 2),fstlrnr,2112,1733214300,1065,1216
2047,Codeforces Round 990 (Div. 2),coding_in_forest,2112,1733214300,1451,1430
2047,Codeforces Round 990 (Div. 2),aaryansinghrathore139,2112,1733214300,1146,1211
2047,Codeforces Round 990 (Div. 2),F1shHead,2112,1733214300,1645,1579
2047,Codeforces Round 990 (Div. 2),budangfeiwu,2112,1733214300,1222,1263
2047,Codeforces Round 990 (Div. 2),EarlOfHycia,2117,1733214300,1201,1248
2047,Codeforces Round 990 (Div. 2),Sollertia_11,2117,1733214300,1213,1256
2047,Codeforces Round 990 (Div. 2),Toufik,2117,1733214300,1562,1515
2047,Codeforces Round 990 (Div. 2),shaogy,2120,1733214300,1368,1405
2047,Codeforces Round 990 (Div. 2),vivek7543,2120,1733214300,1355,1358
2047,Codeforces Round 990 (Div. 2),Progenitor01,2120,1733214300,1114,1188
2047,Codeforces Round 990 (Div. 2),jlkjasf,2120,1733214300,1602,1545
2047,Codeforces Round 990 (Div. 2),shinytale,2120,1733214300,937,1157
2047,Codeforces Round 990 (Div. 2),atog_1905,2125,1733214300,1363,1364
2047,Codeforces Round 990 (Div. 2),LoneAlpaca13,2125,1733214300,1083,1167
2047,Codeforces Round 990 (Div. 2),Noforyou,2125,1733214300,1241,1276
2047,Codeforces Round 990 (Div. 2),-puneet-,2125,1733214300,1206,1251
2047,Codeforces Round 990 (Div. 2),Fuehrer7,2125,1733214300,1397,1389
2047,Codeforces Round 990 (Div. 2),HelloWin1029,2125,1733214300,1379,1375
2047,Codeforces Round 990 (Div. 2),Llayla,2131,1733214300,1156,1216
2047,Codeforces Round 990 (Div. 2),why_0210,2131,1733214300,1381,1377
2047,Codeforces Round 990 (Div. 2),Au_Gold,2131,1733214300,1150,1212
2047,Codeforces Round 990 (Div. 2),huyuun,2131,1733214300,1309,1324
2047,Codeforces Round 990 (Div. 2),wardog,2131,1733214300,1253,1284
2047,Codeforces Round 990 (Div. 2),Manasvi,2136,1733214300,1260,1288
2047,Codeforces Round 990 (Div. 2),Ravishekhar12,2136,1733214300,1381,1376
2047,Codeforces Round 990 (Div. 2),Sai.Suraj.27,2136,1733214300,1368,1366
2047,Codeforces Round 990 (Div. 2),Abhi6432,2136,1733214300,1156,1216
2047,Codeforces Round 990 (Div. 2),MazenXv,2136,1733214300,1480,1451
2047,Codeforces Round 990 (Div. 2),codingnoobie,2136,1733214300,1088,1170
2047,Codeforces Round 990 (Div. 2),wonderful_answer,2136,1733214300,1327,1337
2047,Codeforces Round 990 (Div. 2),Magical_Flames,2143,1733214300,1175,1297
2047,Codeforces Round 990 (Div. 2),18lauey2,2143,1733214300,0,494
2047,Codeforces Round 990 (Div. 2),Pranav_45,2143,1733214300,1368,1366
2047,Codeforces Round 990 (Div. 2),ABHISHEK22KGP,2143,1733214300,1394,1385
2047,Codeforces Round 990 (Div. 2),l_a_l_u1234,2143,1733214300,1452,1430
2047,Codeforces Round 990 (Div. 2),spandankundu_19302,2143,1733214300,1177,1230
2047,Codeforces Round 990 (Div. 2),xianya,2149,1733214300,1340,1346
2047,Codeforces Round 990 (Div. 2),Caikun_chen,2149,1733214300,1327,1336
2047,Codeforces Round 990 (Div. 2),The_Last_Run,2149,1733214300,1081,1165
2047,Codeforces Round 990 (Div. 2),CandyMAN420,2149,1733214300,579,896
2047,Codeforces Round 990 (Div. 2),vishwas_37,2149,1733214300,1323,1333
2047,Codeforces Round 990 (Div. 2),sumitt_yadav,2149,1733214300,1402,1391
2047,Codeforces Round 990 (Div. 2),ando_copy,2155,1733214300,1760,1668
2047,Codeforces Round 990 (Div. 2),Luminous19,2155,1733214300,1297,1314
2047,Codeforces Round 990 (Div. 2),bimat,2155,1733214300,952,1081
2047,Codeforces Round 990 (Div. 2),kartik4323,2155,1733214300,1281,1303
2047,Codeforces Round 990 (Div. 2),pshan,2155,1733214300,1146,1263
2047,Codeforces Round 990 (Div. 2),Madhur_20,2160,1733214300,1258,1286
2047,Codeforces Round 990 (Div. 2),yillin,2160,1733214300,1399,1389
2047,Codeforces Round 990 (Div. 2),1018lll,2160,1733214300,1293,1311
2047,Codeforces Round 990 (Div. 2),lakshyasinghal006,2160,1733214300,1460,1435
2047,Codeforces Round 990 (Div. 2),bhagwandai,2160,1733214300,1440,1420
2047,Codeforces Round 990 (Div. 2),rtghdream,2160,1733214300,1449,1427
2047,Codeforces Round 990 (Div. 2),Mukul9571,2160,1733214300,1304,1319
2047,Codeforces Round 990 (Div. 2),TalkySafe143,2167,1733214300,1222,1260
2047,Codeforces Round 990 (Div. 2),cobby_hobby,2167,1733214300,1034,1133
2047,Codeforces Round 990 (Div. 2),-69-,2167,1733214300,1389,1381
2047,Codeforces Round 990 (Div. 2),kreeeesh_17,2167,1733214300,1382,1376
2047,Codeforces Round 990 (Div. 2),Cuber-26,2167,1733214300,1514,1476
2047,Codeforces Round 990 (Div. 2),lovejsn,2172,1733214300,1311,1323
2047,Codeforces Round 990 (Div. 2),Zeno07,2172,1733214300,1692,1613
2047,Codeforces Round 990 (Div. 2),zzzeen,2172,1733214300,1317,1328
2047,Codeforces Round 990 (Div. 2),git_refresh,2172,1733214300,1079,1224
2047,Codeforces Round 990 (Div. 2),__DopamIne,2172,1733214300,1328,1336
2047,Codeforces Round 990 (Div. 2),ArrayKnight,2172,1733214300,1511,1473
2047,Codeforces Round 990 (Div. 2),tamadac,2178,1733214300,1205,1247
2047,Codeforces Round 990 (Div. 2),PureDust,2178,1733214300,1169,1291
2047,Codeforces Round 990 (Div. 2),shubhraj625,2178,1733214300,1286,1305
2047,Codeforces Round 990 (Div. 2),Draw_My_Solution,2178,1733214300,1300,1315
2047,Codeforces Round 990 (Div. 2),C20193116xq,2178,1733214300,1614,1552
2047,Codeforces Round 990 (Div. 2),ZuiLeiTianShan,2178,1733214300,1185,1233
2047,Codeforces Round 990 (Div. 2),EDCTY,2178,1733214300,1692,1613
2047,Codeforces Round 990 (Div. 2),__rose,2178,1733214300,1393,1384
2047,Codeforces Round 990 (Div. 2),amrahs_tihcnas,2178,1733214300,0,492
2047,Codeforces Round 990 (Div. 2),CP12433,2187,1733214300,1265,1289
2047,Codeforces Round 990 (Div. 2),sarwar__,2187,1733214300,1411,1397
2047,Codeforces Round 990 (Div. 2),shiwani_shrivastava,2187,1733214300,1070,1155
2047,Codeforces Round 990 (Div. 2),Coder_Arnav,2187,1733214300,1007,1114
2047,Codeforces Round 990 (Div. 2),Purab,2187,1733214300,1373,1368
2047,Codeforces Round 990 (Div. 2),Teja_2801,2187,1733214300,1300,1315
2047,Codeforces Round 990 (Div. 2),fanemigo,2187,1733214300,1312,1323
2047,Codeforces Round 990 (Div. 2),thtuan108,2187,1733214300,815,1062
2047,Codeforces Round 990 (Div. 2),y9y9y9,2195,1733214300,963,1138
2047,Codeforces Round 990 (Div. 2),SidM007,2195,1733214300,1349,1350
2047,Codeforces Round 990 (Div. 2),tongdong,2195,1733214300,810,1058
2047,Codeforces Round 990 (Div. 2),Sainath2003r,2195,1733214300,1088,1220
2047,Codeforces Round 990 (Div. 2),tanuj_73,2195,1733214300,0,491
2047,Codeforces Round 990 (Div. 2),Devilzone_12,2195,1733214300,1551,1503
2047,Codeforces Round 990 (Div. 2),kundan_sai,2195,1733214300,1064,1151
2047,Codeforces Round 990 (Div. 2),MiniAst,2195,1733214300,940,1156
2047,Codeforces Round 990 (Div. 2),IR101,2203,1733214300,1696,1616
2047,Codeforces Round 990 (Div. 2),AC_Panda,2203,1733214300,0,491
2047,Codeforces Round 990 (Div. 2),xgandy,2203,1733214300,1488,1454
2047,Codeforces Round 990 (Div. 2),m0ttzyM,2203,1733214300,987,1154
2047,Codeforces Round 990 (Div. 2),Chirag_Raja,2203,1733214300,0,491
2047,Codeforces Round 990 (Div. 2),muigokua144,2208,1733214300,1460,1433
2047,Codeforces Round 990 (Div. 2),adel54321,2208,1733214300,1306,1318
2047,Codeforces Round 990 (Div. 2),ImGooD,2210,1733214300,461,808
2047,Codeforces Round 990 (Div. 2),ilseoresivee,2210,1733214300,910,1133
2047,Codeforces Round 990 (Div. 2),srujanbhupathiraju,2210,1733214300,1252,1279
2047,Codeforces Round 990 (Div. 2),anamika09,2213,1733214300,1121,1188
2047,Codeforces Round 990 (Div. 2),pik0l0,2213,1733214300,1401,1388
2047,Codeforces Round 990 (Div. 2),buts,2213,1733214300,1561,1510
2047,Codeforces Round 990 (Div. 2),abhidoescoding,2213,1733214300,1288,1305
2047,Codeforces Round 990 (Div. 2),211hunter166,2213,1733214300,1153,1210
2047,Codeforces Round 990 (Div. 2),alibaba17,2218,1733214300,1353,1352
2047,Codeforces Round 990 (Div. 2),x3mka,2218,1733214300,1372,1366
2047,Codeforces Round 990 (Div. 2),time_to_dual,2218,1733214300,1321,1329
2047,Codeforces Round 990 (Div. 2),akshatsaxena552004.ss,2218,1733214300,0,491
2047,Codeforces Round 990 (Div. 2),Swi-ft,2218,1733214300,1091,1167
2047,Codeforces Round 990 (Div. 2),bogdan.tlny,2218,1733214300,1121,1242
2047,Codeforces Round 990 (Div. 2),TheMarioFan102,2218,1733214300,1613,1550
2047,Codeforces Round 990 (Div. 2),gaidash,2225,1733214300,1222,1257
2047,Codeforces Round 990 (Div. 2),sleepingeight,2225,1733214300,1445,1421
2047,Codeforces Round 990 (Div. 2),pekka2,2227,1733214300,1513,1472
2047,Codeforces Round 990 (Div. 2),Apricity-0806,2227,1733214300,1377,1370
2047,Codeforces Round 990 (Div. 2),elseecay,2227,1733214300,1392,1381
2047,Codeforces Round 990 (Div. 2),rewinery,2227,1733214300,1257,1282
2047,Codeforces Round 990 (Div. 2),Jenil_01,2227,1733214300,1290,1306
2047,Codeforces Round 990 (Div. 2),sanketag23,2232,1733214300,1371,1365
2047,Codeforces Round 990 (Div. 2),vidux,2232,1733214300,1522,1479
2047,Codeforces Round 990 (Div. 2),nyaaaaa,2232,1733214300,1396,1383
2047,Codeforces Round 990 (Div. 2),GuysCaesar__272914,2235,1733214300,1062,1208
2047,Codeforces Round 990 (Div. 2),Md_Abu_Taleb,2235,1733214300,1373,1366
2047,Codeforces Round 990 (Div. 2),Shubham-V,2235,1733214300,1630,1562
2047,Codeforces Round 990 (Div. 2),pchelka12,2235,1733214300,1278,1297
2047,Codeforces Round 990 (Div. 2),GrayWolf,2235,1733214300,1389,1378
2047,Codeforces Round 990 (Div. 2),just3500code,2235,1733214300,1296,1309
2047,Codeforces Round 990 (Div. 2),OrinLoong,2235,1733214300,1317,1325
2047,Codeforces Round 990 (Div. 2),vijay.kumar,2235,1733214300,1055,1143
2047,Codeforces Round 990 (Div. 2),ui_beam,2235,1733214300,785,1038
2047,Codeforces Round 990 (Div. 2),AlexQA,2235,1733214300,1315,1323
2047,Codeforces Round 990 (Div. 2),wyyyyy_m,2245,1733214300,649,940
2047,Codeforces Round 990 (Div. 2),tahl123,2245,1733214300,0,489
2047,Codeforces Round 990 (Div. 2),JotaroKujo1308,2245,1733214300,1241,1270
2047,Codeforces Round 990 (Div. 2),highonjuice,2245,1733214300,1423,1404
2047,Codeforces Round 990 (Div. 2),EZohidjonov,2249,1733214300,1190,1233
2047,Codeforces Round 990 (Div. 2),noah6,2249,1733214300,1013,1147
2047,Codeforces Round 990 (Div. 2),The_Suhriday_72,2249,1733214300,1170,1220
2047,Codeforces Round 990 (Div. 2),23337456,2252,1733214300,1520,1477
2047,Codeforces Round 990 (Div. 2),Arisbek,2252,1733214300,1276,1294
2047,Codeforces Round 990 (Div. 2),M.ZeeshanRashid,2252,1733214300,1253,1278
2047,Codeforces Round 990 (Div. 2),aveok,2252,1733214300,1284,1300
2047,Codeforces Round 990 (Div. 2),hs.xx,2252,1733214300,1138,1197
2047,Codeforces Round 990 (Div. 2),jobin491,2252,1733214300,1502,1463
2047,Codeforces Round 990 (Div. 2),AmirrezaShoon,2258,1733214300,1471,1439
2047,Codeforces Round 990 (Div. 2),Imanka,2258,1733214300,1149,1261
2047,Codeforces Round 990 (Div. 2),3ch0,2258,1733214300,1341,1341
2047,Codeforces Round 990 (Div. 2),smf,2258,1733214300,1519,1476
2047,Codeforces Round 990 (Div. 2),vishnuyash,2258,1733214300,1211,1248
2047,Codeforces Round 990 (Div. 2),013_Aman,2258,1733214300,1369,1362
2047,Codeforces Round 990 (Div. 2),miku1,2264,1733214300,1350,1348
2047,Codeforces Round 990 (Div. 2),gauravantil,2265,1733214300,1476,1442
2047,Codeforces Round 990 (Div. 2),oxcough,2265,1733214300,1162,1213
2047,Codeforces Round 990 (Div. 2),rikashisu,2265,1733214300,419,775
2047,Codeforces Round 990 (Div. 2),TAGEIRIS,2265,1733214300,920,1104
2047,Codeforces Round 990 (Div. 2),Haagentus,2269,1733214300,1104,1238
2047,Codeforces Round 990 (Div. 2),STK,2269,1733214300,1401,1385
2047,Codeforces Round 990 (Div. 2),JJoohhnn,2269,1733214300,1352,1349
2047,Codeforces Round 990 (Div. 2),SUDHANVA7,2269,1733214300,1015,1115
2047,Codeforces Round 990 (Div. 2),Frank000,2269,1733214300,1438,1414
2047,Codeforces Round 990 (Div. 2),Beautiful_War,2269,1733214300,1406,1389
2047,Codeforces Round 990 (Div. 2),xELMXx,2269,1733214300,1318,1324
2047,Codeforces Round 990 (Div. 2),Dalle,2269,1733214300,1159,1211
2047,Codeforces Round 990 (Div. 2),EEEEEEEEEEEEEEEEEEEEEE,2277,1733214300,1136,1195
2047,Codeforces Round 990 (Div. 2),Prashant9759,2277,1733214300,1522,1477
2047,Codeforces Round 990 (Div. 2),ifshecodeme,2277,1733214300,0,488
2047,Codeforces Round 990 (Div. 2),samarpit,2277,1733214300,1288,1302
2047,Codeforces Round 990 (Div. 2),YashShewale,2277,1733214300,1313,1320
2047,Codeforces Round 990 (Div. 2),Creym,2277,1733214300,1334,1335
2047,Codeforces Round 990 (Div. 2),ShineChang318,2283,1733214300,1406,1389
2047,Codeforces Round 990 (Div. 2),jianhe,2284,1733214300,1387,1374
2047,Codeforces Round 990 (Div. 2),wdsk,2284,1733214300,1060,1143
2047,Codeforces Round 990 (Div. 2),linxuan_MY,2284,1733214300,1358,1353
2047,Codeforces Round 990 (Div. 2),ndstab,2284,1733214300,1434,1410
2047,Codeforces Round 990 (Div. 2),codrrr32,2284,1733214300,1297,1308
2047,Codeforces Round 990 (Div. 2),emme,2284,1733214300,1288,1302
2047,Codeforces Round 990 (Div. 2),jigglypuffpro,2284,1733214300,1307,1315
2047,Codeforces Round 990 (Div. 2),BlackCat_,2291,1733214300,1571,1515
2047,Codeforces Round 990 (Div. 2),Puneeth254,2291,1733214300,1441,1415
2047,Codeforces Round 990 (Div. 2),JK_9054,2291,1733214300,1292,1304
2047,Codeforces Round 990 (Div. 2),DerekshaORZZZ,2291,1733214300,1587,1527
2047,Codeforces Round 990 (Div. 2),2nav,2291,1733214300,1436,1411
2047,Codeforces Round 990 (Div. 2),osama_bq,2291,1733214300,1336,1336
2047,Codeforces Round 990 (Div. 2),Jes124,2291,1733214300,1289,1338
2047,Codeforces Round 990 (Div. 2),vicvicCF,2298,1733214300,1577,1519
2047,Codeforces Round 990 (Div. 2),GaiaKing,2298,1733214300,1223,1254
2047,Codeforces Round 990 (Div. 2),jh_cf,2298,1733214300,1620,1553
2047,Codeforces Round 990 (Div. 2),6_months_run,2301,1733214300,472,813
2047,Codeforces Round 990 (Div. 2),saiteja6,2301,1733214300,1410,1391
2047,Codeforces Round 990 (Div. 2),Yamin_,2301,1733214300,1626,1557
2047,Codeforces Round 990 (Div. 2),tomaso,2301,1733214300,1167,1214
2047,Codeforces Round 990 (Div. 2),Youssef_H,2301,1733214300,1344,1342
2047,Codeforces Round 990 (Div. 2),KagaMiku39,2301,1733214300,1192,1232
2047,Codeforces Round 990 (Div. 2),lh_doge1,2301,1733214300,1280,1295
2047,Codeforces Round 990 (Div. 2),barbarian,2301,1733214300,1123,1185
2047,Codeforces Round 990 (Div. 2),aaradhyakul,2301,1733214300,1182,1282
2047,Codeforces Round 990 (Div. 2),also_hr9,2310,1733214300,1619,1551
2047,Codeforces Round 990 (Div. 2),stoppppittttadiiii,2310,1733214300,1218,1250
2047,Codeforces Round 990 (Div. 2),Ace_4C3,2310,1733214300,1309,1316
2047,Codeforces Round 990 (Div. 2),adithyakanil,2310,1733214300,1336,1335
2047,Codeforces Round 990 (Div. 2),samchen123,2310,1733214300,1306,1313
2047,Codeforces Round 990 (Div. 2),Ajinkya2901,2315,1733214300,1071,1149
2047,Codeforces Round 990 (Div. 2),im_Vignan,2315,1733214300,1297,1307
2047,Codeforces Round 990 (Div. 2),shivang_04,2315,1733214300,1631,1560
2047,Codeforces Round 990 (Div. 2),FubuGold,2318,1733214300,1332,1332
2047,Codeforces Round 990 (Div. 2),dipnjain02,2318,1733214300,1152,1203
2047,Codeforces Round 990 (Div. 2),MohammadTaghizade,2318,1733214300,1339,1337
2047,Codeforces Round 990 (Div. 2),shidou,2318,1733214300,1443,1415
2047,Codeforces Round 990 (Div. 2),Ack3rmanX,2322,1733214300,1292,1303
2047,Codeforces Round 990 (Div. 2),ITBlockZ,2322,1733214300,1121,1182
2047,Codeforces Round 990 (Div. 2),awdec,2322,1733214300,1822,1712
2047,Codeforces Round 990 (Div. 2),octa_bos,2322,1733214300,1382,1369
2047,Codeforces Round 990 (Div. 2),rishavsanjay,2322,1733214300,1115,1178
2047,Codeforces Round 990 (Div. 2),diego_in_cf,2327,1733214300,1585,1524
2047,Codeforces Round 990 (Div. 2),MilkingAnAloe,2327,1733214300,753,1011
2047,Codeforces Round 990 (Div. 2),outlander,2327,1733214300,1262,1281
2047,Codeforces Round 990 (Div. 2),lcdanya.,2330,1733214300,1551,1498
2047,Codeforces Round 990 (Div. 2),Syzygia,2330,1733214300,407,763
2047,Codeforces Round 990 (Div. 2),Yonr0,2330,1733214300,1307,1313
2047,Codeforces Round 990 (Div. 2),Morax2010,2330,1733214300,519,847
2047,Codeforces Round 990 (Div. 2),Huygd,2330,1733214300,581,893
2047,Codeforces Round 990 (Div. 2),itsganesh,2330,1733214300,1410,1390
2047,Codeforces Round 990 (Div. 2),rpratik27,2330,1733214300,1347,1343
2047,Codeforces Round 990 (Div. 2),nnviswanath,2330,1733214300,0,485
2047,Codeforces Round 990 (Div. 2),asitis,2338,1733214300,1440,1412
2047,Codeforces Round 990 (Div. 2),tsengang,2338,1733214300,1182,1224
2047,Codeforces Round 990 (Div. 2),namankun,2338,1733214300,1447,1456
2047,Codeforces Round 990 (Div. 2),Jayket,2338,1733214300,1524,1477
2047,Codeforces Round 990 (Div. 2),leinoob,2342,1733214300,1142,1196
2047,Codeforces Round 990 (Div. 2),Kyrillos_Ashraf,2342,1733214300,1223,1252
2047,Codeforces Round 990 (Div. 2),Neelabhra,2342,1733214300,1309,1314
2047,Codeforces Round 990 (Div. 2),Heramb3112,2342,1733214300,0,485
2047,Codeforces Round 990 (Div. 2),CAL522,2342,1733214300,1297,1305
2047,Codeforces Round 990 (Div. 2),sparshsinha11,2342,1733214300,1297,1305
2047,Codeforces Round 990 (Div. 2),malak_hisham,2348,1733214300,1228,1256
2047,Codeforces Round 990 (Div. 2),Bangalore,2348,1733214300,1473,1437
2047,Codeforces Round 990 (Div. 2),Swayam78,2348,1733214300,1449,1419
2047,Codeforces Round 990 (Div. 2),Teckza,2348,1733214300,1356,1349
2047,Codeforces Round 990 (Div. 2),NKN,2352,1733214300,1439,1411
2047,Codeforces Round 990 (Div. 2),Alpha_04.,2352,1733214300,1274,1288
2047,Codeforces Round 990 (Div. 2),shahriar_sakib,2352,1733214300,1128,1185
2047,Codeforces Round 990 (Div. 2),KaslanAovo,2352,1733214300,0,485
2047,Codeforces Round 990 (Div. 2),buct_zdy_zero,2352,1733214300,1082,1154
2047,Codeforces Round 990 (Div. 2),I_HATE_MD_DM,2352,1733214300,1292,1302
2047,Codeforces Round 990 (Div. 2),manyasharma2,2352,1733214300,1143,1196
2047,Codeforces Round 990 (Div. 2),HelloFromMars,2359,1733214300,1578,1517
2047,Codeforces Round 990 (Div. 2),_WizzzNamPat_,2359,1733214300,731,993
2047,Codeforces Round 990 (Div. 2),Bei_Min,2359,1733214300,1021,1114
2047,Codeforces Round 990 (Div. 2),T__f,2359,1733214300,0,484
2047,Codeforces Round 990 (Div. 2),code_n_chill,2359,1733214300,1368,1357
2047,Codeforces Round 990 (Div. 2),ManTis7,2359,1733214300,1702,1615
2047,Codeforces Round 990 (Div. 2),Scofield-05,2365,1733214300,1264,1281
2047,Codeforces Round 990 (Div. 2),batpool,2365,1733214300,1135,1190
2047,Codeforces Round 990 (Div. 2),pranavp_10,2365,1733214300,1501,1458
2047,Codeforces Round 990 (Div. 2),Avinash.,2365,1733214300,1257,1276
2047,Codeforces Round 990 (Div. 2),want_something,2369,1733214300,1514,1468
2047,Codeforces Round 990 (Div. 2),lonewolf15,2369,1733214300,1181,1221
2047,Codeforces Round 990 (Div. 2),SomilP,2369,1733214300,1194,1230
2047,Codeforces Round 990 (Div. 2),Kakeru_Diachi,2369,1733214300,1187,1284
2047,Codeforces Round 990 (Div. 2),supernove,2369,1733214300,1195,1231
2047,Codeforces Round 990 (Div. 2),kumardasshankit973,2369,1733214300,440,786
2047,Codeforces Round 990 (Div. 2),nio2004,2375,1733214300,1289,1298
2047,Codeforces Round 990 (Div. 2),Dominater09,2375,1733214300,1242,1264
2047,Codeforces Round 990 (Div. 2),richardzhou0123,2377,1733214300,0,484
2047,Codeforces Round 990 (Div. 2),Mahedar_Reddy8,2377,1733214300,1559,1502
2047,Codeforces Round 990 (Div. 2),zyxwv,2377,1733214300,1418,1395
2047,Codeforces Round 990 (Div. 2),tjonac,2377,1733214300,1245,1266
2047,Codeforces Round 990 (Div. 2),_Pointer,2377,1733214300,1228,1254
2047,Codeforces Round 990 (Div. 2),aman_0001,2382,1733214300,1137,1190
2047,Codeforces Round 990 (Div. 2),MINATOME,2382,1733214300,390,749
2047,Codeforces Round 990 (Div. 2),iska_terminator,2382,1733214300,1333,1330
2047,Codeforces Round 990 (Div. 2),OvO977,2382,1733214300,0,483
2047,Codeforces Round 990 (Div. 2),kumar_vivek,2386,1733214300,1310,1313
2047,Codeforces Round 990 (Div. 2),Allergy527,2387,1733214300,1528,1478
2047,Codeforces Round 990 (Div. 2),prudvinit,2387,1733214300,1302,1307
2047,Codeforces Round 990 (Div. 2),dip_10,2387,1733214300,1418,1394
2047,Codeforces Round 990 (Div. 2),gagandeep.singh,2387,1733214300,1332,1329
2047,Codeforces Round 990 (Div. 2),sarthakgupta0305,2387,1733214300,1270,1284
2047,Codeforces Round 990 (Div. 2),ELF5M,2387,1733214300,1267,1282
2047,Codeforces Round 990 (Div. 2),aksi_,2393,1733214300,729,990
2047,Codeforces Round 990 (Div. 2),suryayyn,2393,1733214300,1276,1287
2047,Codeforces Round 990 (Div. 2),pvpwarrior,2393,1733214300,1240,1262
2047,Codeforces Round 990 (Div. 2),_sano_,2393,1733214300,965,1076
2047,Codeforces Round 990 (Div. 2),aayushb14,2393,1733214300,1482,1442
2047,Codeforces Round 990 (Div. 2),Haya,2393,1733214300,1299,1304
2047,Codeforces Round 990 (Div. 2),Mysteriux,2393,1733214300,1432,1404
2047,Codeforces Round 990 (Div. 2),noxious_tab,2393,1733214300,1459,1424
2047,Codeforces Round 990 (Div. 2),vitamin_daniels,2393,1733214300,1218,1246
2047,Codeforces Round 990 (Div. 2),abhi132,2393,1733214300,1267,1281
2047,Codeforces Round 990 (Div. 2),syerule61,2393,1733214300,1339,1334
2047,Codeforces Round 990 (Div. 2),gray114514,2393,1733214300,735,994
2047,Codeforces Round 990 (Div. 2),its_jeff,2405,1733214300,1214,1243
2047,Codeforces Round 990 (Div. 2),vishal_781,2405,1733214300,1482,1442
2047,Codeforces Round 990 (Div. 2),archer41156,2407,1733214300,1236,1259
2047,Codeforces Round 990 (Div. 2),Tanjiro_Kamado_069,2407,1733214300,1260,1276
2047,Codeforces Round 990 (Div. 2),sleepyAdarsh,2407,1733214300,1393,1374
2047,Codeforces Round 990 (Div. 2),bhupathinikhil2006,2407,1733214300,1144,1194
2047,Codeforces Round 990 (Div. 2),saurabhs1206,2407,1733214300,1405,1383
2047,Codeforces Round 990 (Div. 2),d7xy7,2412,1733214300,1216,1244
2047,Codeforces Round 990 (Div. 2),Misaka16172,2412,1733214300,1620,1548
2047,Codeforces Round 990 (Div. 2),jaiswalXKrish,2412,1733214300,1297,1302
2047,Codeforces Round 990 (Div. 2),danielrmzkuhn1,2412,1733214300,1400,1379
2047,Codeforces Round 990 (Div. 2),hellobhaiyo,2412,1733214300,1098,1196
2047,Codeforces Round 990 (Div. 2),jagadeeshchakka1,2417,1733214300,1099,1217
2047,Codeforces Round 990 (Div. 2),coord_axis,2417,1733214300,1203,1235
2047,Codeforces Round 990 (Div. 2),Messenge2,2417,1733214300,1178,1217
2047,Codeforces Round 990 (Div. 2),Cipherd,2417,1733214300,1281,1291
2047,Codeforces Round 990 (Div. 2),who_kn0ws,2421,1733214300,1125,1180
2047,Codeforces Round 990 (Div. 2),happydreamer,2421,1733214300,0,482
2047,Codeforces Round 990 (Div. 2),ooooppp,2421,1733214300,1246,1265
2047,Codeforces Round 990 (Div. 2),kiethm07,2421,1733214300,1432,1403
2047,Codeforces Round 990 (Div. 2),Saikot,2425,1733214300,1240,1261
2047,Codeforces Round 990 (Div. 2),colgate11,2425,1733214300,1323,1321
2047,Codeforces Round 990 (Div. 2),kranjis,2425,1733214300,1071,1143
2047,Codeforces Round 990 (Div. 2),ArchitaB,2428,1733214300,1057,1134
2047,Codeforces Round 990 (Div. 2),aneesh2002,2428,1733214300,1177,1216
2047,Codeforces Round 990 (Div. 2),crackedjb,2428,1733214300,1270,1282
2047,Codeforces Round 990 (Div. 2),Omino_95,2428,1733214300,677,951
2047,Codeforces Round 990 (Div. 2),Tkpd,2428,1733214300,1295,1300
2047,Codeforces Round 990 (Div. 2),giogumb,2428,1733214300,0,482
2047,Codeforces Round 990 (Div. 2),IanISam,2434,1733214300,1761,1659
2047,Codeforces Round 990 (Div. 2),Shimu_Guyue,2434,1733214300,1045,1126
2047,Codeforces Round 990 (Div. 2),RustyMoon,2434,1733214300,1374,1359
2047,Codeforces Round 990 (Div. 2),BLUmOOn,2434,1733214300,1243,1263
2047,Codeforces Round 990 (Div. 2),Muhammad-Shahzaib,2434,1733214300,1134,1186
2047,Codeforces Round 990 (Div. 2),achiieeec,2434,1733214300,1548,1491
2047,Codeforces Round 990 (Div. 2),oldcatsthecat,2434,1733214300,1117,1174
2047,Codeforces Round 990 (Div. 2),aryan_gupta_iitg,2441,1733214300,1152,1198
2047,Codeforces Round 990 (Div. 2),chromatic,2441,1733214300,1667,1585
2047,Codeforces Round 990 (Div. 2),laniu,2441,1733214300,1301,1304
2047,Codeforces Round 990 (Div. 2),JhdFarrell,2444,1733214300,1752,1652
2047,Codeforces Round 990 (Div. 2),Jalendra_123,2444,1733214300,1309,1310
2047,Codeforces Round 990 (Div. 2),alokpriydarshi7,2444,1733214300,1351,1341
2047,Codeforces Round 990 (Div. 2),zeng_wj,2447,1733214300,1672,1588
2047,Codeforces Round 990 (Div. 2),AnubhavSaha,2447,1733214300,958,1160
2047,Codeforces Round 990 (Div. 2),CWQLYK,2447,1733214300,1520,1470
2047,Codeforces Round 990 (Div. 2),coquetish,2447,1733214300,1196,1301
2047,Codeforces Round 990 (Div. 2),__Ben10__,2447,1733214300,441,783
2047,Codeforces Round 990 (Div. 2),neel_chhatbar,2447,1733214300,1096,1214
2047,Codeforces Round 990 (Div. 2),Padmesh,2447,1733214300,1407,1383
2047,Codeforces Round 990 (Div. 2),whoami793389,2454,1733214300,0,481
2047,Codeforces Round 990 (Div. 2),_isomorphism,2454,1733214300,1039,1173
2047,Codeforces Round 990 (Div. 2),theorder001,2454,1733214300,0,481
2047,Codeforces Round 990 (Div. 2),binaryCoder_191,2454,1733214300,1026,1112
2047,Codeforces Round 990 (Div. 2),_Deadpool_29,2458,1733214300,1031,1116
2047,Codeforces Round 990 (Div. 2),Viky23,2458,1733214300,906,1036
2047,Codeforces Round 990 (Div. 2),SAVYAGOEL,2458,1733214300,1033,1117
2047,Codeforces Round 990 (Div. 2),Ashwaghosh__,2458,1733214300,830,1062
2047,Codeforces Round 990 (Div. 2),Dishank0745,2462,1733214300,1213,1240
2047,Codeforces Round 990 (Div. 2),siam-35862,2462,1733214300,1287,1293
2047,Codeforces Round 990 (Div. 2),ImmortalNova,2462,1733214300,1632,1556
2047,Codeforces Round 990 (Div. 2),HoangProTPC,2462,1733214300,1415,1389
2047,Codeforces Round 990 (Div. 2),Andrew055,2466,1733214300,1241,1260
2047,Codeforces Round 990 (Div. 2),hasnain_bashir_,2466,1733214300,1424,1395
2047,Codeforces Round 990 (Div. 2),qingdian,2468,1733214300,1358,1345
2047,Codeforces Round 990 (Div. 2),arastoo,2468,1733214300,1507,1459
2047,Codeforces Round 990 (Div. 2),naivedyam,2468,1733214300,1365,1350
2047,Codeforces Round 990 (Div. 2),shadow8412,2468,1733214300,1510,1461
2047,Codeforces Round 990 (Div. 2),LightningFury,2468,1733214300,1592,1525
2047,Codeforces Round 990 (Div. 2),TheInvadr,2468,1733214300,1272,1281
2047,Codeforces Round 990 (Div. 2),DanilGoose,2474,1733214300,1012,1161
2047,Codeforces Round 990 (Div. 2),MacQuy,2474,1733214300,1301,1303
2047,Codeforces Round 990 (Div. 2),hwx66,2474,1733214300,1176,1213
2047,Codeforces Round 990 (Div. 2),dance_with_the_devil,2474,1733214300,1252,1267
2047,Codeforces Round 990 (Div. 2),Shitij123,2474,1733214300,1319,1316
2047,Codeforces Round 990 (Div. 2),-WhiteDeath-,2474,1733214300,1081,1147
2047,Codeforces Round 990 (Div. 2),die-kstra,2474,1733214300,1267,1277
2047,Codeforces Round 990 (Div. 2),RUN-FUN,2481,1733214300,1328,1322
2047,Codeforces Round 990 (Div. 2),melanyp,2481,1733214300,380,737
2047,Codeforces Round 990 (Div. 2),cp_31,2481,1733214300,1230,1251
2047,Codeforces Round 990 (Div. 2),zmrzmr,2481,1733214300,1261,1273
2047,Codeforces Round 990 (Div. 2),barvay,2485,1733214300,1385,1365
2047,Codeforces Round 990 (Div. 2),Alphx2243,2485,1733214300,1335,1328
2047,Codeforces Round 990 (Div. 2),_delulu_,2485,1733214300,1547,1489
2047,Codeforces Round 990 (Div. 2),ultimatechodu.v1,2485,1733214300,1042,1121
2047,Codeforces Round 990 (Div. 2),yashptl630,2489,1733214300,1344,1333
2047,Codeforces Round 990 (Div. 2),koward14,2489,1733214300,1190,1222
2047,Codeforces Round 990 (Div. 2),harsh_1503,2489,1733214300,1368,1352
2047,Codeforces Round 990 (Div. 2),-Absam-,2489,1733214300,1238,1256
2047,Codeforces Round 990 (Div. 2),sntnx,2489,1733214300,1267,1277
2047,Codeforces Round 990 (Div. 2),CurrentEductaion,2489,1733214300,0,480
2047,Codeforces Round 990 (Div. 2),Coding............,2495,1733214300,1215,1239
2047,Codeforces Round 990 (Div. 2),cq__2436,2495,1733214300,1248,1300
2047,Codeforces Round 990 (Div. 2),less-than-red,2495,1733214300,1300,1301
2047,Codeforces Round 990 (Div. 2),D_NATH,2495,1733214300,745,997
2047,Codeforces Round 990 (Div. 2),miaowei,2495,1733214300,437,778
2047,Codeforces Round 990 (Div. 2),TuanHLH6,2495,1733214300,422,767
2047,Codeforces Round 990 (Div. 2),vamshikrishnakyatham,2495,1733214300,1299,1379
2047,Codeforces Round 990 (Div. 2),hcplus,2495,1733214300,1256,1269
2047,Codeforces Round 990 (Div. 2),maxim_tep,2495,1733214300,1374,1356
2047,Codeforces Round 990 (Div. 2),agrawalheyramb,2495,1733214300,1219,1242
2047,Codeforces Round 990 (Div. 2),Leoxz,2495,1733214300,1150,1193
2047,Codeforces Round 990 (Div. 2),_Rounak,2506,1733214300,1399,1375
2047,Codeforces Round 990 (Div. 2),hahahaaa,2506,1733214300,1374,1356
2047,Codeforces Round 990 (Div. 2),Usami_Renko,2506,1733214300,1234,1253
2047,Codeforces Round 990 (Div. 2),adilsadman60,2509,1733214300,1492,1445
2047,Codeforces Round 990 (Div. 2),alienable,2509,1733214300,1264,1336
2047,Codeforces Round 990 (Div. 2),Kishansingh47,2509,1733214300,1230,1249
2047,Codeforces Round 990 (Div. 2),deepswirl,2509,1733214300,1207,1233
2047,Codeforces Round 990 (Div. 2),a123_120,2509,1733214300,632,916
2047,Codeforces Round 990 (Div. 2),nazeeftham007,2509,1733214300,1431,1398
2047,Codeforces Round 990 (Div. 2),Flaminthunder,2509,1733214300,1092,1219
2047,Codeforces Round 990 (Div. 2),Try__my__best,2516,1733214300,1115,1168
2047,Codeforces Round 990 (Div. 2),whiteblueskyss,2516,1733214300,1181,1214
2047,Codeforces Round 990 (Div. 2),Itsadijmbt,2516,1733214300,1164,1202
2047,Codeforces Round 990 (Div. 2),VISHVJEET,2516,1733214300,1391,1368
2047,Codeforces Round 990 (Div. 2),lakkshyag,2516,1733214300,1578,1512
2047,Codeforces Round 990 (Div. 2),Tanvir2000,2516,1733214300,1472,1430
2047,Codeforces Round 990 (Div. 2),_J__M_,2522,1733214300,1269,1277
2047,Codeforces Round 990 (Div. 2),_ayann_,2522,1733214300,1394,1370
2047,Codeforces Round 990 (Div. 2),JiangShenLi,2522,1733214300,1568,1504
2047,Codeforces Round 990 (Div. 2),Shivansh--,2522,1733214300,1225,1245
2047,Codeforces Round 990 (Div. 2),RecursiveRage,2522,1733214300,1156,1196
2047,Codeforces Round 990 (Div. 2),reyleigh,2522,1733214300,1375,1356
2047,Codeforces Round 990 (Div. 2),MO_Tamer,2522,1733214300,1323,1317
2047,Codeforces Round 990 (Div. 2),dameningen,2529,1733214300,1543,1485
2047,Codeforces Round 990 (Div. 2),Pavan_Sekhar,2530,1733214300,1107,1163
2047,Codeforces Round 990 (Div. 2),AGENT-007,2530,1733214300,1166,1203
2047,Codeforces Round 990 (Div. 2),asdfgh0986,2530,1733214300,1337,1327
2047,Codeforces Round 990 (Div. 2),Shiroha_Naruse,2530,1733214300,1273,1280
2047,Codeforces Round 990 (Div. 2),Unknown_rebound,2530,1733214300,1218,1240
2047,Codeforces Round 990 (Div. 2),zouzhuoang,2530,1733214300,1090,1151
2047,Codeforces Round 990 (Div. 2),RickAstley69,2536,1733214300,762,1008
2047,Codeforces Round 990 (Div. 2),LogicSynth,2536,1733214300,1614,1579
2047,Codeforces Round 990 (Div. 2),LuXilin709317,2536,1733214300,688,954
2047,Codeforces Round 990 (Div. 2),ALOMGIR_27,2536,1733214300,1382,1360
2047,Codeforces Round 990 (Div. 2),bobby6264,2540,1733214300,418,763
2047,Codeforces Round 990 (Div. 2),rsrcm,2540,1733214300,0,478
2047,Codeforces Round 990 (Div. 2),_kaal__,2540,1733214300,1509,1457
2047,Codeforces Round 990 (Div. 2),Hack.404,2540,1733214300,1214,1237
2047,Codeforces Round 990 (Div. 2),AAAA3333,2540,1733214300,913,1122
2047,Codeforces Round 990 (Div. 2),Gondal_Shameer,2545,1733214300,1239,1254
2047,Codeforces Round 990 (Div. 2),ritikrajvanshi,2545,1733214300,1423,1391
2047,Codeforces Round 990 (Div. 2),Shivraj13,2545,1733214300,1143,1186
2047,Codeforces Round 990 (Div. 2),dorababu,2545,1733214300,1291,1292
2047,Codeforces Round 990 (Div. 2),azureboy,2545,1733214300,1279,1283
2047,Codeforces Round 990 (Div. 2),Flyleap,2550,1733214300,1266,1274
2047,Codeforces Round 990 (Div. 2),no_its_becky,2550,1733214300,1150,1191
2047,Codeforces Round 990 (Div. 2),hahahahaha__,2550,1733214300,1184,1215
2047,Codeforces Round 990 (Div. 2),comp_nerd,2553,1733214300,1280,1283
2047,Codeforces Round 990 (Div. 2),n3wB,2553,1733214300,1358,1341
2047,Codeforces Round 990 (Div. 2),FZANOTFOUND,2553,1733214300,771,1014
2047,Codeforces Round 990 (Div. 2),ht.maths,2553,1733214300,961,1120
2047,Codeforces Round 990 (Div. 2),kinoki777,2553,1733214300,1616,1540
2047,Codeforces Round 990 (Div. 2),Mauryavardhan_Singh,2553,1733214300,1267,1275
2047,Codeforces Round 990 (Div. 2),MOONHOLA_,2559,1733214300,1187,1217
2047,Codeforces Round 990 (Div. 2),FrederickG_,2559,1733214300,1444,1407
2047,Codeforces Round 990 (Div. 2),saiswaroop8656,2559,1733214300,1002,1091
2047,Codeforces Round 990 (Div. 2),photon__,2562,1733214300,790,1027
2047,Codeforces Round 990 (Div. 2),Xenomorph97,2562,1733214300,0,476
2047,Codeforces Round 990 (Div. 2),yyhnb,2562,1733214300,1206,1230
2047,Codeforces Round 990 (Div. 2),nishanth14,2562,1733214300,1359,1342
2047,Codeforces Round 990 (Div. 2),rahmatisam565,2562,1733214300,1366,1347
2047,Codeforces Round 990 (Div. 2),alphabeta2025,2562,1733214300,1402,1374
2047,Codeforces Round 990 (Div. 2),Simplest_Trust,2562,1733214300,600,890
2047,Codeforces Round 990 (Div. 2),benngo,2562,1733214300,871,1008
2047,Codeforces Round 990 (Div. 2),Yaichi,2562,1733214300,896,1023
2047,Codeforces Round 990 (Div. 2),zhouyeah,2562,1733214300,1339,1326
2047,Codeforces Round 990 (Div. 2),_ViBhor_,2562,1733214300,1319,1312
2047,Codeforces Round 990 (Div. 2),ShunsuiKyoraku,2573,1733214300,759,1004
2047,Codeforces Round 990 (Div. 2),Pankaj777,2573,1733214300,1393,1367
2047,Codeforces Round 990 (Div. 2),qxsama,2573,1733214300,1306,1302
2047,Codeforces Round 990 (Div. 2),karthik_reddy_yenugu,2573,1733214300,1478,1432
2047,Codeforces Round 990 (Div. 2),alizaidi_1,2573,1733214300,599,898
2047,Codeforces Round 990 (Div. 2),garvit27,2573,1733214300,1258,1267
2047,Codeforces Round 990 (Div. 2),Anmol_Spunk_DCE,2579,1733214300,1140,1240
2047,Codeforces Round 990 (Div. 2),ANiSh684,2579,1733214300,830,1057
2047,Codeforces Round 990 (Div. 2),Grav0910,2579,1733214300,1181,1211
2047,Codeforces Round 990 (Div. 2),parekh,2579,1733214300,1096,1152
2047,Codeforces Round 990 (Div. 2),M.Nauman,2583,1733214300,1190,1218
2047,Codeforces Round 990 (Div. 2),huyleisme,2583,1733214300,1341,1328
2047,Codeforces Round 990 (Div. 2),ravi_sumit33,2585,1733214300,1474,1429
2047,Codeforces Round 990 (Div. 2),osir.,2585,1733214300,1509,1456
2047,Codeforces Round 990 (Div. 2),ritwik_69,2585,1733214300,1251,1261
2047,Codeforces Round 990 (Div. 2),vivid_stareium,2585,1733214300,1286,1287
2047,Codeforces Round 990 (Div. 2),piman51277,2585,1733214300,0,476
2047,Codeforces Round 990 (Div. 2),theapexpredator_10,2590,1733214300,1213,1234
2047,Codeforces Round 990 (Div. 2),fakerachit31,2590,1733214300,1174,1265
2047,Codeforces Round 990 (Div. 2),RandomThread,2590,1733214300,1590,1518
2047,Codeforces Round 990 (Div. 2),ai_cheng_zi,2590,1733214300,1228,1244
2047,Codeforces Round 990 (Div. 2),aniketmangal,2590,1733214300,950,1056
2047,Codeforces Round 990 (Div. 2),Kunal_K99418,2595,1733214300,1281,1283
2047,Codeforces Round 990 (Div. 2),realraajjjuuuu,2595,1733214300,1048,1119
2047,Codeforces Round 990 (Div. 2),_UV,2595,1733214300,1031,1108
2047,Codeforces Round 990 (Div. 2),IamAddictedtoCP,2598,1733214300,1418,1386
2047,Codeforces Round 990 (Div. 2),ccr230110900501,2598,1733214300,1302,1298
2047,Codeforces Round 990 (Div. 2),Ostentatious,2598,1733214300,1021,1101
2047,Codeforces Round 990 (Div. 2),kd_123,2601,1733214300,1263,1269
2047,Codeforces Round 990 (Div. 2),Prabhat_007,2601,1733214300,1389,1363
2047,Codeforces Round 990 (Div. 2),altcringer,2601,1733214300,611,857
2047,Codeforces Round 990 (Div. 2),rohanbachhav,2601,1733214300,1368,1347
2047,Codeforces Round 990 (Div. 2),haridevsingh,2601,1733214300,1307,1301
2047,Codeforces Round 990 (Div. 2),shuji204,2601,1733214300,1216,1235
2047,Codeforces Round 990 (Div. 2),Skullcrush,2601,1733214300,798,962
2047,Codeforces Round 990 (Div. 2),thaiph,2601,1733214300,1447,1408
2047,Codeforces Round 990 (Div. 2),devess,2601,1733214300,1172,1204
2047,Codeforces Round 990 (Div. 2),dhruvg06,2610,1733214300,1148,1187
2047,Codeforces Round 990 (Div. 2),Atik7866,2610,1733214300,1326,1315
2047,Codeforces Round 990 (Div. 2),qyang0506,2610,1733214300,1626,1546
2047,Codeforces Round 990 (Div. 2),Akriti2303,2610,1733214300,1048,1182
2047,Codeforces Round 990 (Div. 2),bihnehminduh,2610,1733214300,1324,1314
2047,Codeforces Round 990 (Div. 2),koushiksoma66,2610,1733214300,1029,1105
2047,Codeforces Round 990 (Div. 2),Shivam_0001,2610,1733214300,1384,1359
2047,Codeforces Round 990 (Div. 2),-tyler_durden,2617,1733214300,388,737
2047,Codeforces Round 990 (Div. 2),Artistic_code,2617,1733214300,1321,1311
2047,Codeforces Round 990 (Div. 2),D1stance,2617,1733214300,1235,1248
2047,Codeforces Round 990 (Div. 2),2031816285,2617,1733214300,1297,1294
2047,Codeforces Round 990 (Div. 2),crazy0215,2621,1733214300,869,1051
2047,Codeforces Round 990 (Div. 2),byakurakuen,2621,1733214300,460,791
2047,Codeforces Round 990 (Div. 2),r_us,2621,1733214300,1464,1420
2047,Codeforces Round 990 (Div. 2),ArkhamESHAN,2624,1733214300,1272,1274
2047,Codeforces Round 990 (Div. 2),Voldemort_,2624,1733214300,1161,1195
2047,Codeforces Round 990 (Div. 2),n.m_2008,2624,1733214300,950,1054
2047,Codeforces Round 990 (Div. 2),NileshS2003,2624,1733214300,1400,1371
2047,Codeforces Round 990 (Div. 2),harshbaid_ind,2624,1733214300,1198,1222
2047,Codeforces Round 990 (Div. 2),Trinity2206,2624,1733214300,1109,1159
2047,Codeforces Round 990 (Div. 2),dynamighto,2630,1733214300,1123,1168
2047,Codeforces Round 990 (Div. 2),shad0w,2630,1733214300,1565,1498
2047,Codeforces Round 990 (Div. 2),Arjunnarenreddy,2630,1733214300,1508,1453
2047,Codeforces Round 990 (Div. 2),hehe_123,2630,1733214300,484,808
2047,Codeforces Round 990 (Div. 2),avinashc,2630,1733214300,1104,1155
2047,Codeforces Round 990 (Div. 2),burstingfire355,2630,1733214300,1244,1254
2047,Codeforces Round 990 (Div. 2),m1mirr,2630,1733214300,1053,1121
2047,Codeforces Round 990 (Div. 2),warmingcium,2630,1733214300,1658,1571
2047,Codeforces Round 990 (Div. 2),Umesh_Krishna,2630,1733214300,1122,1167
2047,Codeforces Round 990 (Div. 2),Muyuxii,2630,1733214300,1164,1197
2047,Codeforces Round 990 (Div. 2),Kumar_Abhay,2640,1733214300,1172,1202
2047,Codeforces Round 990 (Div. 2),interloop,2640,1733214300,1009,1091
2047,Codeforces Round 990 (Div. 2),Ventxin,2640,1733214300,1374,1350
2047,Codeforces Round 990 (Div. 2),Frosted_maze,2640,1733214300,1241,1313
2047,Codeforces Round 990 (Div. 2),Snegurka,2640,1733214300,1176,1205
2047,Codeforces Round 990 (Div. 2),blstAr,2645,1733214300,1291,1287
2047,Codeforces Round 990 (Div. 2),DevangT,2645,1733214300,1235,1247
2047,Codeforces Round 990 (Div. 2),goodsmellmoutainpeople,2645,1733214300,1421,1386
2047,Codeforces Round 990 (Div. 2),AbDhrubo,2645,1733214300,1271,1273
2047,Codeforces Round 990 (Div. 2),Akashdeep_k,2645,1733214300,1248,1256
2047,Codeforces Round 990 (Div. 2),sahilrathore03,2645,1733214300,1129,1171
2047,Codeforces Round 990 (Div. 2),whitepcr,2651,1733214300,705,961
2047,Codeforces Round 990 (Div. 2),Jerester,2651,1733214300,1079,1137
2047,Codeforces Round 990 (Div. 2),roshanlakra19122000,2651,1733214300,1168,1199
2047,Codeforces Round 990 (Div. 2),xcjACMdxcj,2651,1733214300,1156,1191
2047,Codeforces Round 990 (Div. 2),Sivam_5917,2651,1733214300,1203,1224
2047,Codeforces Round 990 (Div. 2),SSK_ADV,2651,1733214300,1025,1134
2047,Codeforces Round 990 (Div. 2),xyyjy,2657,1733214300,846,1066
2047,Codeforces Round 990 (Div. 2),lordamara,2657,1733214300,1218,1234
2047,Codeforces Round 990 (Div. 2),I.dot,2657,1733214300,1276,1276
2047,Codeforces Round 990 (Div. 2),aadits83_off,2660,1733214300,1189,1213
2047,Codeforces Round 990 (Div. 2),Johnny__Turtle,2661,1733214300,734,982
2047,Codeforces Round 990 (Div. 2),q-arya-a,2661,1733214300,1164,1195
2047,Codeforces Round 990 (Div. 2),AdityaDSingh,2661,1733214300,1333,1318
2047,Codeforces Round 990 (Div. 2),0001.0,2661,1733214300,1175,1203
2047,Codeforces Round 990 (Div. 2),dhdxbc,2661,1733214300,1115,1231
2047,Codeforces Round 990 (Div. 2),ok12,2661,1733214300,1280,1279
2047,Codeforces Round 990 (Div. 2),Vincenzo26,2667,1733214300,1225,1239
2047,Codeforces Round 990 (Div. 2),RajGyanu,2667,1733214300,1347,1328
2047,Codeforces Round 990 (Div. 2),TanvirAhmed10,2667,1733214300,1340,1323
2047,Codeforces Round 990 (Div. 2),mego_o,2667,1733214300,1124,1167
2047,Codeforces Round 990 (Div. 2),shirkemayur49,2667,1733214300,1296,1290
2047,Codeforces Round 990 (Div. 2),abdoRT,2667,1733214300,746,928
2047,Codeforces Round 990 (Div. 2),SpaceIndex,2667,1733214300,1300,1293
2047,Codeforces Round 990 (Div. 2),chef_gladiator,2674,1733214300,1347,1328
2047,Codeforces Round 990 (Div. 2),ritwik_042,2674,1733214300,1100,1151
2047,Codeforces Round 990 (Div. 2),pooyana,2674,1733214300,1268,1270
2047,Codeforces Round 990 (Div. 2),bayyanakiran,2674,1733214300,1187,1211
2047,Codeforces Round 990 (Div. 2),Hz___,2674,1733214300,1319,1308
2047,Codeforces Round 990 (Div. 2),ltdsword,2674,1733214300,1566,1497
2047,Codeforces Round 990 (Div. 2),Cai_J,2680,1733214300,1176,1203
2047,Codeforces Round 990 (Div. 2),Cxyao,2680,1733214300,1118,1162
2047,Codeforces Round 990 (Div. 2),zagaro,2680,1733214300,1333,1317
2047,Codeforces Round 990 (Div. 2),naveen_04,2680,1733214300,1056,1120
2047,Codeforces Round 990 (Div. 2),Andromeda007,2680,1733214300,1516,1458
2047,Codeforces Round 990 (Div. 2),Tyler8,2680,1733214300,1314,1304
2047,Codeforces Round 990 (Div. 2),Srikar_246,2686,1733214300,1190,1213
2047,Codeforces Round 990 (Div. 2),NegarT,2686,1733214300,1158,1190
2047,Codeforces Round 990 (Div. 2),Vibes_10,2686,1733214300,1344,1364
2047,Codeforces Round 990 (Div. 2),Goku__,2686,1733214300,1840,1715
2047,Codeforces Round 990 (Div. 2),ANIKET_IITB,2686,1733214300,1317,1305
2047,Codeforces Round 990 (Div. 2),Xue_Gaoy,2691,1733214300,1168,1197
2047,Codeforces Round 990 (Div. 2),ravel_Ncs,2691,1733214300,1432,1392
2047,Codeforces Round 990 (Div. 2),NoAbility,2691,1733214300,758,998
2047,Codeforces Round 990 (Div. 2),AbdalrhmanEssam,2691,1733214300,1557,1490
2047,Codeforces Round 990 (Div. 2),wetryiii,2691,1733214300,1403,1371
2047,Codeforces Round 990 (Div. 2),Xmaoao,2696,1733214300,1393,1363
2047,Codeforces Round 990 (Div. 2),mngan,2696,1733214300,1403,1370
2047,Codeforces Round 990 (Div. 2),nekoshizuku,2696,1733214300,1389,1359
2047,Codeforces Round 990 (Div. 2),Vedanttttt_Pandey,2696,1733214300,1103,1152
2047,Codeforces Round 990 (Div. 2),Frlfc,2696,1733214300,1440,1398
2047,Codeforces Round 990 (Div. 2),tlnk,2701,1733214300,0,472
2047,Codeforces Round 990 (Div. 2),AnirudhSrivatsa,2702,1733214300,1070,1129
2047,Codeforces Round 990 (Div. 2),ulisses_ab,2702,1733214300,1167,1255
2047,Codeforces Round 990 (Div. 2),KOHAKU0530,2702,1733214300,1123,1165
2047,Codeforces Round 990 (Div. 2),posiedon_7,2702,1733214300,1502,1446
2047,Codeforces Round 990 (Div. 2),UXIXA,2702,1733214300,1423,1385
2047,Codeforces Round 990 (Div. 2),blakshay_810,2707,1733214300,1013,1090
2047,Codeforces Round 990 (Div. 2),Basdy,2707,1733214300,1333,1316
2047,Codeforces Round 990 (Div. 2),rahulpassi037,2707,1733214300,1109,1155
2047,Codeforces Round 990 (Div. 2),Poonia,2710,1733214300,1342,1323
2047,Codeforces Round 990 (Div. 2),Luckifer,2710,1733214300,1283,1279
2047,Codeforces Round 990 (Div. 2),Fahad06,2710,1733214300,1353,1332
2047,Codeforces Round 990 (Div. 2),Analysisss,2710,1733214300,940,1043
2047,Codeforces Round 990 (Div. 2),The_Zero,2714,1733214300,778,944
2047,Codeforces Round 990 (Div. 2),Mayank_IITM27,2714,1733214300,1049,1114
2047,Codeforces Round 990 (Div. 2),GoogleMilegiKyaIsse,2716,1733214300,1196,1215
2047,Codeforces Round 990 (Div. 2),fornaxx,2716,1733214300,1366,1341
2047,Codeforces Round 990 (Div. 2),Nilayan17,2716,1733214300,1324,1309
2047,Codeforces Round 990 (Div. 2),klzka,2719,1733214300,1273,1272
2047,Codeforces Round 990 (Div. 2),dedop,2719,1733214300,1312,1300
2047,Codeforces Round 990 (Div. 2),_Agageldi_,2719,1733214300,1318,1305
2047,Codeforces Round 990 (Div. 2),Akshat_Chaplot,2719,1733214300,1540,1475
2047,Codeforces Round 990 (Div. 2),Kindershiuo,2719,1733214300,1240,1247
2047,Codeforces Round 990 (Div. 2),yushmita_bisu_18,2719,1733214300,1218,1231
2047,Codeforces Round 990 (Div. 2),auddy,2719,1733214300,1155,1187
2047,Codeforces Round 990 (Div. 2),ERFwizard,2726,1733214300,1237,1245
2047,Codeforces Round 990 (Div. 2),booleancube,2726,1733214300,1268,1268
2047,Codeforces Round 990 (Div. 2),pikaninja123,2726,1733214300,1241,1248
2047,Codeforces Round 990 (Div. 2),srijon_32,2726,1733214300,1231,1241
2047,Codeforces Round 990 (Div. 2),K.Bayat,2726,1733214300,941,1042
2047,Codeforces Round 990 (Div. 2),yilin10,2726,1733214300,379,725
2047,Codeforces Round 990 (Div. 2),rohangarg1446,2726,1733214300,1398,1365
2047,Codeforces Round 990 (Div. 2),Shubh_Garg,2733,1733214300,1331,1314
2047,Codeforces Round 990 (Div. 2),esports-always-save,2733,1733214300,1236,1243
2047,Codeforces Round 990 (Div. 2),uttamkumarreddy123,2733,1733214300,1430,1389
2047,Codeforces Round 990 (Div. 2),pareek_ankur_a1,2733,1733214300,1202,1219
2047,Codeforces Round 990 (Div. 2),algoridam61,2737,1733214300,764,1001
2047,Codeforces Round 990 (Div. 2),aggarwal_abhinav7,2737,1733214300,1305,1294
2047,Codeforces Round 990 (Div. 2),kryptx,2737,1733214300,1317,1303
2047,Codeforces Round 990 (Div. 2),Yogesh_iitd,2737,1733214300,1544,1477
2047,Codeforces Round 990 (Div. 2),orangutan1152024,2737,1733214300,1471,1488
2047,Codeforces Round 990 (Div. 2),utsaghosh.04,2737,1733214300,1171,1197
2047,Codeforces Round 990 (Div. 2),Alijon.Azimov,2743,1733214300,1218,1230
2047,Codeforces Round 990 (Div. 2),LogNMaster,2743,1733214300,1338,1319
2047,Codeforces Round 990 (Div. 2),PrimeHunter,2743,1733214300,1473,1422
2047,Codeforces Round 990 (Div. 2),rishurajsinghsengar,2743,1733214300,982,1068
2047,Codeforces Round 990 (Div. 2),Pop_Corn_,2743,1733214300,822,1044
2047,Codeforces Round 990 (Div. 2),animesh11,2743,1733214300,1124,1163
2047,Codeforces Round 990 (Div. 2),Kristiana,2749,1733214300,1313,1300
2047,Codeforces Round 990 (Div. 2),Talharashid,2749,1733214300,1469,1419
2047,Codeforces Round 990 (Div. 2),y_a_s,2749,1733214300,1419,1380
2047,Codeforces Round 990 (Div. 2),srikantbarai,2749,1733214300,1037,1104
2047,Codeforces Round 990 (Div. 2),bhartigarg,2753,1733214300,1035,1166
2047,Codeforces Round 990 (Div. 2),keepitreal7,2753,1733214300,1127,1165
2047,Codeforces Round 990 (Div. 2),Alamin2000,2753,1733214300,1421,1382
2047,Codeforces Round 990 (Div. 2),Acin03,2753,1733214300,922,1083
2047,Codeforces Round 990 (Div. 2),Muschuang123,2753,1733214300,1417,1379
2047,Codeforces Round 990 (Div. 2),ElysiaZ,2753,1733214300,0,469
2047,Codeforces Round 990 (Div. 2),ayoooy,2753,1733214300,1268,1266
2047,Codeforces Round 990 (Div. 2),qwerty0110,2760,1733214300,1608,1527
2047,Codeforces Round 990 (Div. 2),xiaoming_68,2760,1733214300,672,932
2047,Codeforces Round 990 (Div. 2),Zyphon2004,2760,1733214300,1333,1352
2047,Codeforces Round 990 (Div. 2),shredder69,2760,1733214300,1160,1188
2047,Codeforces Round 990 (Div. 2),H.YUN.SS,2764,1733214300,1101,1147
2047,Codeforces Round 990 (Div. 2),dashk11,2764,1733214300,938,1039
2047,Codeforces Round 990 (Div. 2),DivyanshMalviya,2766,1733214300,1356,1332
2047,Codeforces Round 990 (Div. 2),kiomi,2766,1733214300,1486,1431
2047,Codeforces Round 990 (Div. 2),Tautological,2768,1733214300,1353,1329
2047,Codeforces Round 990 (Div. 2),hyperVJ,2768,1733214300,1489,1434
2047,Codeforces Round 990 (Div. 2),rachitp_,2768,1733214300,1154,1183
2047,Codeforces Round 990 (Div. 2),aanchalbaheti,2768,1733214300,844,980
2047,Codeforces Round 990 (Div. 2),patriapra,2768,1733214300,1468,1417
2047,Codeforces Round 990 (Div. 2),karenchik07,2768,1733214300,1226,1235
2047,Codeforces Round 990 (Div. 2),ExMachina_27452,2774,1733214300,1415,1376
2047,Codeforces Round 990 (Div. 2),jagan028,2774,1733214300,1460,1411
2047,Codeforces Round 990 (Div. 2),harshcooljn,2774,1733214300,1225,1234
2047,Codeforces Round 990 (Div. 2),chikapika04,2774,1733214300,845,1061
2047,Codeforces Round 990 (Div. 2),_Hz,2774,1733214300,1178,1200
2047,Codeforces Round 990 (Div. 2),maddy03,2774,1733214300,1086,1135
2047,Codeforces Round 990 (Div. 2),dplusplus,2774,1733214300,1361,1335
2047,Codeforces Round 990 (Div. 2),Tamas,2781,1733214300,1055,1114
2047,Codeforces Round 990 (Div. 2),Adarsh_0302,2781,1733214300,1269,1266
2047,Codeforces Round 990 (Div. 2),j.archit,2781,1733214300,1427,1385
2047,Codeforces Round 990 (Div. 2),Secret_OHubbi309,2781,1733214300,1151,1181
2047,Codeforces Round 990 (Div. 2),NoisyBooyyyy,2781,1733214300,1342,1321
2047,Codeforces Round 990 (Div. 2),Ellipse,2786,1733214300,1407,1370
2047,Codeforces Round 990 (Div. 2),__praveen,2786,1733214300,1424,1383
2047,Codeforces Round 990 (Div. 2),v3ctorSigma,2786,1733214300,1146,1177
2047,Codeforces Round 990 (Div. 2),SunRX,2789,1733214300,1326,1307
2047,Codeforces Round 990 (Div. 2),FourthRateOne,2789,1733214300,1323,1305
2047,Codeforces Round 990 (Div. 2),_ye_1,2789,1733214300,1145,1212
2047,Codeforces Round 990 (Div. 2),anubhav2608,2789,1733214300,1069,1123
2047,Codeforces Round 990 (Div. 2),pseudo404,2789,1733214300,818,964
2047,Codeforces Round 990 (Div. 2),chaserxJ,2789,1733214300,1404,1367
2047,Codeforces Round 990 (Div. 2),rainwyx,2795,1733214300,1820,1696
2047,Codeforces Round 990 (Div. 2),devanshmishra111,2795,1733214300,1566,1493
2047,Codeforces Round 990 (Div. 2),anmolagrawal_21,2795,1733214300,1318,1302
2047,Codeforces Round 990 (Div. 2),prustagi04,2798,1733214300,934,1083
2047,Codeforces Round 990 (Div. 2),atharrizwan,2798,1733214300,1173,1195
2047,Codeforces Round 990 (Div. 2),Moiz_Ali,2798,1733214300,1119,1157
2047,Codeforces Round 990 (Div. 2),kripanshu877,2798,1733214300,1188,1206
2047,Codeforces Round 990 (Div. 2),Sahil_Sarfraz,2798,1733214300,1241,1244
2047,Codeforces Round 990 (Div. 2),eeeVeee,2798,1733214300,1403,1366
2047,Codeforces Round 990 (Div. 2),Mitanshu111,2804,1733214300,1081,1131
2047,Codeforces Round 990 (Div. 2),ghostabc,2804,1733214300,0,467
2047,Codeforces Round 990 (Div. 2),SharvanCN1,2804,1733214300,1379,1348
2047,Codeforces Round 990 (Div. 2),difftomount,2804,1733214300,1380,1348
2047,Codeforces Round 990 (Div. 2),dpsvoyager.16,2804,1733214300,1173,1195
2047,Codeforces Round 990 (Div. 2),yagyesh05,2804,1733214300,1223,1231
2047,Codeforces Round 990 (Div. 2),sanjeetkumar6178,2804,1733214300,1529,1463
2047,Codeforces Round 990 (Div. 2),chill_guy,2811,1733214300,697,949
2047,Codeforces Round 990 (Div. 2),DontEatRabbit,2811,1733214300,1473,1420
2047,Codeforces Round 990 (Div. 2),psbb,2811,1733214300,1056,1180
2047,Codeforces Round 990 (Div. 2),geekyvishal,2811,1733214300,1018,1088
2047,Codeforces Round 990 (Div. 2),weatherwise,2811,1733214300,1253,1252
2047,Codeforces Round 990 (Div. 2),_Raunak_,2811,1733214300,1184,1203
2047,Codeforces Round 990 (Div. 2),ruby_0131,2817,1733214300,1243,1245
2047,Codeforces Round 990 (Div. 2),abhinav1908,2817,1733214300,1035,1100
2047,Codeforces Round 990 (Div. 2),katie019326,2819,1733214300,0,467
2047,Codeforces Round 990 (Div. 2),nikshaykataria3,2819,1733214300,1049,1109
2047,Codeforces Round 990 (Div. 2),Sidoc,2821,1733214300,1271,1266
2047,Codeforces Round 990 (Div. 2),rahulsingh2003,2821,1733214300,1391,1356
2047,Codeforces Round 990 (Div. 2),sharanyabaidya2020,2821,1733214300,1071,1123
2047,Codeforces Round 990 (Div. 2),LaLeii,2821,1733214300,908,1017
2047,Codeforces Round 990 (Div. 2),SHRYDER1,2821,1733214300,1022,1091
2047,Codeforces Round 990 (Div. 2),yzh1706,2826,1733214300,1234,1238
2047,Codeforces Round 990 (Div. 2),Ganesh8790,2826,1733214300,1215,1224
2047,Codeforces Round 990 (Div. 2),grandwarden,2826,1733214300,1139,1170
2047,Codeforces Round 990 (Div. 2),Ishant0016,2826,1733214300,1068,1121
2047,Codeforces Round 990 (Div. 2),Syntax2503,2826,1733214300,1451,1402
2047,Codeforces Round 990 (Div. 2),D4RK99,2826,1733214300,1091,1137
2047,Codeforces Round 990 (Div. 2),Tiyas2004,2832,1733214300,394,733
2047,Codeforces Round 990 (Div. 2),nafijimtiaz,2832,1733214300,1414,1373
2047,Codeforces Round 990 (Div. 2),Faiz-ur-Rehman_,2832,1733214300,1103,1145
2047,Codeforces Round 990 (Div. 2),M0stafa,2835,1733214300,1552,1481
2047,Codeforces Round 990 (Div. 2),SevenAlarm,2835,1733214300,1442,1395
2047,Codeforces Round 990 (Div. 2),Wu_,2835,1733214300,646,910
2047,Codeforces Round 990 (Div. 2),Heroes_on_fire,2835,1733214300,430,759
2047,Codeforces Round 990 (Div. 2),Nahid12345,2839,1733214300,1405,1366
2047,Codeforces Round 990 (Div. 2),decode_abhay,2839,1733214300,1039,1101
2047,Codeforces Round 990 (Div. 2),Rantan,2839,1733214300,1448,1399
2047,Codeforces Round 990 (Div. 2),jeshts27,2839,1733214300,1163,1187
2047,Codeforces Round 990 (Div. 2),Antinomyc,2843,1733214300,0,466
2047,Codeforces Round 990 (Div. 2),xrqqqqq,2843,1733214300,1437,1391
2047,Codeforces Round 990 (Div. 2),T_500XIN,2843,1733214300,1277,1269
2047,Codeforces Round 990 (Div. 2),Marchell_Hii,2843,1733214300,1338,1315
2047,Codeforces Round 990 (Div. 2),shikhar_8935,2847,1733214300,1292,1280
2047,Codeforces Round 990 (Div. 2),bodrov,2847,1733214300,506,817
2047,Codeforces Round 990 (Div. 2),Rohan.D.Skaria,2849,1733214300,1355,1328
2047,Codeforces Round 990 (Div. 2),endlezz,2849,1733214300,695,945
2047,Codeforces Round 990 (Div. 2),ashyn,2851,1733214300,1309,1293
2047,Codeforces Round 990 (Div. 2),Pappapig,2851,1733214300,1326,1306
2047,Codeforces Round 990 (Div. 2),pranav8,2851,1733214300,1665,1570
2047,Codeforces Round 990 (Div. 2),streak_toddler,2851,1733214300,792,986
2047,Codeforces Round 990 (Div. 2),Bug_Noir,2851,1733214300,1184,1201
2047,Codeforces Round 990 (Div. 2),TrueBlack,2851,1733214300,1094,1138
2047,Codeforces Round 990 (Div. 2),aayushanand737,2857,1733214300,988,1066
2047,Codeforces Round 990 (Div. 2),Ouday80,2857,1733214300,1000,1074
2047,Codeforces Round 990 (Div. 2),Wasi_Ur,2857,1733214300,1278,1269
2047,Codeforces Round 990 (Div. 2),Vivan_geekfreak,2860,1733214300,1165,1187
2047,Codeforces Round 990 (Div. 2),Drakiana,2860,1733214300,1201,1213
2047,Codeforces Round 990 (Div. 2),dr-ghost,2860,1733214300,1479,1423
2047,Codeforces Round 990 (Div. 2),whe961,2860,1733214300,1707,1603
2047,Codeforces Round 990 (Div. 2),Chill-guy,2864,1733214300,1238,1239
2047,Codeforces Round 990 (Div. 2),jagadeesh1734,2864,1733214300,1198,1210
2047,Codeforces Round 990 (Div. 2),Athrv1,2864,1733214300,1203,1214
2047,Codeforces Round 990 (Div. 2),anshu.mehta,2864,1733214300,1442,1394
2047,Codeforces Round 990 (Div. 2),razoncdr,2864,1733214300,1490,1431
2047,Codeforces Round 990 (Div. 2),abdikadyr,2864,1733214300,1063,1116
2047,Codeforces Round 990 (Div. 2),a_foolish_OIer,2864,1733214300,932,1085
2047,Codeforces Round 990 (Div. 2),UtroYAKQ,2864,1733214300,1437,1390
2047,Codeforces Round 990 (Div. 2),I-amVengeance,2872,1733214300,967,1051
2047,Codeforces Round 990 (Div. 2),that_aiml_guy,2872,1733214300,1060,1148
2047,Codeforces Round 990 (Div. 2),Zero_to_Zero,2872,1733214300,1129,1161
2047,Codeforces Round 990 (Div. 2),samarp1001,2872,1733214300,1213,1221
2047,Codeforces Round 990 (Div. 2),Retudal,2872,1733214300,1168,1188
2047,Codeforces Round 990 (Div. 2),jamil_safi,2872,1733214300,1552,1479
2047,Codeforces Round 990 (Div. 2),Encode_Hridoy,2872,1733214300,1320,1300
2047,Codeforces Round 990 (Div. 2),gym123456,2872,1733214300,1692,1591
2047,Codeforces Round 990 (Div. 2),terra_sapien,2880,1733214300,1264,1258
2047,Codeforces Round 990 (Div. 2),ade5h,2880,1733214300,1226,1230
2047,Codeforces Round 990 (Div. 2),Paien,2880,1733214300,1119,1154
2047,Codeforces Round 990 (Div. 2),RahulAhuja2901,2883,1733214300,1517,1451
2047,Codeforces Round 990 (Div. 2),GlobalExpress,2883,1733214300,931,1084
2047,Codeforces Round 990 (Div. 2),Sowvick_Paul,2883,1733214300,1129,1161
2047,Codeforces Round 990 (Div. 2),SwarajKal,2886,1733214300,0,465
2047,Codeforces Round 990 (Div. 2),NapZilla,2886,1733214300,1186,1201
2047,Codeforces Round 990 (Div. 2),nonanalyzer,2886,1733214300,1480,1422
2047,Codeforces Round 990 (Div. 2),learning_386,2886,1733214300,759,991
2047,Codeforces Round 990 (Div. 2),farhan_2204,2886,1733214300,1333,1310
2047,Codeforces Round 990 (Div. 2),feev1x,2886,1733214300,1697,1594
2047,Codeforces Round 990 (Div. 2),_arrow_,2892,1733214300,1604,1520
2047,Codeforces Round 990 (Div. 2),Angelica_dahuric,2892,1733214300,1078,1125
2047,Codeforces Round 990 (Div. 2),Mrkimedo,2894,1733214300,892,1003
2047,Codeforces Round 990 (Div. 2),yash_vashist,2894,1733214300,1255,1250
2047,Codeforces Round 990 (Div. 2),.A.,2894,1733214300,1341,1315
2047,Codeforces Round 990 (Div. 2),maanayush_17,2894,1733214300,1387,1350
2047,Codeforces Round 990 (Div. 2),shivam65247,2894,1733214300,1388,1351
2047,Codeforces Round 990 (Div. 2),gopalsin2910,2894,1733214300,1145,1171
2047,Codeforces Round 990 (Div. 2),Limitless09,2900,1733214300,1208,1278
2047,Codeforces Round 990 (Div. 2),MRasool,2900,1733214300,1254,1250
2047,Codeforces Round 990 (Div. 2),OmarMajdi,2900,1733214300,1196,1208
2047,Codeforces Round 990 (Div. 2),dixit_149,2900,1733214300,1355,1326
2047,Codeforces Round 990 (Div. 2),singh_01,2904,1733214300,1186,1200
2047,Codeforces Round 990 (Div. 2),zomvec,2904,1733214300,1108,1145
2047,Codeforces Round 990 (Div. 2),3070ti,2904,1733214300,1064,1149
2047,Codeforces Round 990 (Div. 2),ElBarbados,2907,1733214300,1185,1199
2047,Codeforces Round 990 (Div. 2),ilove_sundarKanya,2907,1733214300,1146,1171
2047,Codeforces Round 990 (Div. 2),AbhijatSahu,2907,1733214300,1257,1251
2047,Codeforces Round 990 (Div. 2),hugh_jazz,2907,1733214300,1165,1185
2047,Codeforces Round 990 (Div. 2),MaybeExpert,2911,1733214300,943,1034
2047,Codeforces Round 990 (Div. 2),BJTU_Sett,2911,1733214300,1135,1222
2047,Codeforces Round 990 (Div. 2),gamblermvp,2913,1733214300,868,1073
2047,Codeforces Round 990 (Div. 2),goodby,2913,1733214300,1093,1133
2047,Codeforces Round 990 (Div. 2),ThomasFoster,2913,1733214300,1120,1153
2047,Codeforces Round 990 (Div. 2),vijcode,2913,1733214300,987,1095
2047,Codeforces Round 990 (Div. 2),skp0114,2913,1733214300,1166,1185
2047,Codeforces Round 990 (Div. 2),Dtbigwaves,2913,1733214300,1158,1179
2047,Codeforces Round 990 (Div. 2),akshat04_,2913,1733214300,1287,1311
2047,Codeforces Round 990 (Div. 2),Muhammad-Mutahir,2913,1733214300,1142,1168
2047,Codeforces Round 990 (Div. 2),gupta55,2913,1733214300,1066,1149
2047,Codeforces Round 990 (Div. 2),BlueWhale898,2913,1733214300,1050,1105
2047,Codeforces Round 990 (Div. 2),RoadToSA,2923,1733214300,1471,1414
2047,Codeforces Round 990 (Div. 2),zzx8770,2923,1733214300,887,1088
2047,Codeforces Round 990 (Div. 2),vikaskumarsingh14aug,2923,1733214300,1331,1307
2047,Codeforces Round 990 (Div. 2),iAmJP,2923,1733214300,1035,1094
2047,Codeforces Round 990 (Div. 2),Pawan_Sharma99,2923,1733214300,1601,1516
2047,Codeforces Round 990 (Div. 2),_ahmed_tawfik_,2923,1733214300,1557,1481
2047,Codeforces Round 990 (Div. 2),legendav007,2923,1733214300,1083,1126
2047,Codeforces Round 990 (Div. 2),dhrxv._,2923,1733214300,1307,1288
2047,Codeforces Round 990 (Div. 2),aiouniya,2923,1733214300,1694,1631
2047,Codeforces Round 990 (Div. 2),slytherin_dk,2932,1733214300,1017,1082
2047,Codeforces Round 990 (Div. 2),sangam2ishra,2932,1733214300,1468,1412
2047,Codeforces Round 990 (Div. 2),shishir_dune,2934,1733214300,1173,1189
2047,Codeforces Round 990 (Div. 2),prnv10,2934,1733214300,1535,1464
2047,Codeforces Round 990 (Div. 2),SATY-_-,2934,1733214300,848,973
2047,Codeforces Round 990 (Div. 2),jamesnotfound3,2937,1733214300,993,1065
2047,Codeforces Round 990 (Div. 2),prashant___,2937,1733214300,1170,1187
2047,Codeforces Round 990 (Div. 2),sreecharanreddypacharla,2937,1733214300,1131,1159
2047,Codeforces Round 990 (Div. 2),maniac01,2937,1733214300,1431,1383
2047,Codeforces Round 990 (Div. 2),KunalVatsKV,2941,1733214300,939,1127
2047,Codeforces Round 990 (Div. 2),_Mahmoud_Ayman2,2941,1733214300,1521,1453
2047,Codeforces Round 990 (Div. 2),M905,2941,1733214300,1027,1088
2047,Codeforces Round 990 (Div. 2),Sigma_1018,2941,1733214300,1051,1171
2047,Codeforces Round 990 (Div. 2),Titan493ASST,2941,1733214300,1341,1314
2047,Codeforces Round 990 (Div. 2),suraj_soni999,2941,1733214300,1005,1073
2047,Codeforces Round 990 (Div. 2),Jayant420,2947,1733214300,1300,1282
2047,Codeforces Round 990 (Div. 2),tajwarul,2947,1733214300,1223,1225
2047,Codeforces Round 990 (Div. 2),Labib_tc,2947,1733214300,1427,1379
2047,Codeforces Round 990 (Div. 2),Rashed_Raiyan_,2950,1733214300,1331,1306
2047,Codeforces Round 990 (Div. 2),oyy_owen,2950,1733214300,1133,1160
2047,Codeforces Round 990 (Div. 2),Muhammad-Ahmad,2950,1733214300,1269,1259
2047,Codeforces Round 990 (Div. 2),sumit1,2950,1733214300,1247,1242
2047,Codeforces Round 990 (Div. 2),a_neuron,2950,1733214300,999,1068
2047,Codeforces Round 990 (Div. 2),Ayan_Sohail,2955,1733214300,1254,1247
2047,Codeforces Round 990 (Div. 2),Umbet,2955,1733214300,1387,1348
2047,Codeforces Round 990 (Div. 2),RUSLVN,2955,1733214300,1329,1342
2047,Codeforces Round 990 (Div. 2),Azzay_11,2958,1733214300,1413,1368
2047,Codeforces Round 990 (Div. 2),dhruvhogade07,2958,1733214300,1170,1223
2047,Codeforces Round 990 (Div. 2),xianyu5897,2958,1733214300,1388,1349
2047,Codeforces Round 990 (Div. 2),Dryze,2958,1733214300,1024,1085
2047,Codeforces Round 990 (Div. 2),ShayanRez,2958,1733214300,892,999
2047,Codeforces Round 990 (Div. 2),Sunkist_fan,2958,1733214300,0,462
2047,Codeforces Round 990 (Div. 2),lcarus__,2958,1733214300,1130,1217
2047,Codeforces Round 990 (Div. 2),LuHOvO,2965,1733214300,1331,1343
2047,Codeforces Round 990 (Div. 2),goel_aadhaar,2965,1733214300,1182,1195
2047,Codeforces Round 990 (Div. 2),Xeroficator,2965,1733214300,1321,1298
2047,Codeforces Round 990 (Div. 2),CodeBharat,2968,1733214300,780,931
2047,Codeforces Round 990 (Div. 2),txl123,2968,1733214300,0,462
2047,Codeforces Round 990 (Div. 2),YSheng,2970,1733214300,438,760
2047,Codeforces Round 990 (Div. 2),1kun,2970,1733214300,1276,1263
2047,Codeforces Round 990 (Div. 2),AlienX_11,2970,1733214300,1048,1168
2047,Codeforces Round 990 (Div. 2),nancysun0415,2973,1733214300,817,998
2047,Codeforces Round 990 (Div. 2),Baburaoo_ganpatraoo_apte,2973,1733214300,1344,1315
2047,Codeforces Round 990 (Div. 2),saugat,2973,1733214300,1051,1102
2047,Codeforces Round 990 (Div. 2),nazeer18,2973,1733214300,1284,1269
2047,Codeforces Round 990 (Div. 2),Senkai,2977,1733214300,1546,1471
2047,Codeforces Round 990 (Div. 2),adityakumarbharti8777,2977,1733214300,443,764
2047,Codeforces Round 990 (Div. 2),za11,2979,1733214300,1290,1273
2047,Codeforces Round 990 (Div. 2),Alpha_114,2979,1733214300,0,461
2047,Codeforces Round 990 (Div. 2),Shiron6969,2979,1733214300,639,899
2047,Codeforces Round 990 (Div. 2),Bigarade,2979,1733214300,1277,1264
2047,Codeforces Round 990 (Div. 2),naman__02,2983,1733214300,1140,1164
2047,Codeforces Round 990 (Div. 2),tornikeshubitidze,2983,1733214300,666,918
2047,Codeforces Round 990 (Div. 2),A_Coder_AS,2983,1733214300,1289,1272
2047,Codeforces Round 990 (Div. 2),_yo_boii,2983,1733214300,1062,1109
2047,Codeforces Round 990 (Div. 2),abhipandey11,2983,1733214300,1196,1204
2047,Codeforces Round 990 (Div. 2),theFaith,2988,1733214300,1174,1188
2047,Codeforces Round 990 (Div. 2),ModiSagar,2988,1733214300,885,993
2047,Codeforces Round 990 (Div. 2),Devanshu__Sharma,2990,1733214300,1294,1276
2047,Codeforces Round 990 (Div. 2),VedantG99,2990,1733214300,1396,1354
2047,Codeforces Round 990 (Div. 2),HuySky,2992,1733214300,1375,1337
2047,Codeforces Round 990 (Div. 2),hsy23333,2992,1733214300,1236,1296
2047,Codeforces Round 990 (Div. 2),Qrnqrncntst,2994,1733214300,1286,1269
2047,Codeforces Round 990 (Div. 2),SquareCylinder,2994,1733214300,1485,1423
2047,Codeforces Round 990 (Div. 2),locked_in_hell,2994,1733214300,1718,1608
2047,Codeforces Round 990 (Div. 2),KrAuAg,2994,1733214300,1343,1313
2047,Codeforces Round 990 (Div. 2),ads.rk,2994,1733214300,0,461
2047,Codeforces Round 990 (Div. 2),entitled,2999,1733214300,1218,1220
2047,Codeforces Round 990 (Div. 2),trueuser3,2999,1733214300,828,958
2047,Codeforces Round 990 (Div. 2),Kartikvats,2999,1733214300,1091,1128
2047,Codeforces Round 990 (Div. 2),MizAn_IIUC,3002,1733214300,1460,1403
2047,Codeforces Round 990 (Div. 2),atharva_,3002,1733214300,1148,1169
2047,Codeforces Round 990 (Div. 2),TrushChauhan,3002,1733214300,1416,1369
2047,Codeforces Round 990 (Div. 2),Deep_Thought_Programs,3002,1733214300,1042,1095
2047,Codeforces Round 990 (Div. 2),hojayega,3002,1733214300,699,942
2047,Codeforces Round 990 (Div. 2),Jaider74,3007,1733214300,895,1091
2047,Codeforces Round 990 (Div. 2),Not_Mayday,3007,1733214300,962,1144
2047,Codeforces Round 990 (Div. 2),Div.4,3009,1733214300,1417,1369
2047,Codeforces Round 990 (Div. 2),vortex001,3009,1733214300,1314,1291
2047,Codeforces Round 990 (Div. 2),fshokripour,3009,1733214300,1426,1377
2047,Codeforces Round 990 (Div. 2),rahul_k27,3009,1733214300,1158,1175
2047,Codeforces Round 990 (Div. 2),moksha30,3013,1733214300,1225,1224
2047,Codeforces Round 990 (Div. 2),kesavakarthikr,3013,1733214300,948,1032
2047,Codeforces Round 990 (Div. 2),Farhan-Ishtiyak,3013,1733214300,1248,1241
2047,Codeforces Round 990 (Div. 2),Prateek_2005,3013,1733214300,1424,1375
2047,Codeforces Round 990 (Div. 2),transporter,3017,1733214300,1214,1216
2047,Codeforces Round 990 (Div. 2),ps2006,3017,1733214300,1052,1101
2047,Codeforces Round 990 (Div. 2),23stuzyp,3017,1733214300,1188,1233
2047,Codeforces Round 990 (Div. 2),_wizz_,3017,1733214300,602,870
2047,Codeforces Round 990 (Div. 2),petuk75,3017,1733214300,1378,1339
2047,Codeforces Round 990 (Div. 2),ringku_,3022,1733214300,1265,1253
2047,Codeforces Round 990 (Div. 2),nee,3022,1733214300,943,1029
2047,Codeforces Round 990 (Div. 2),eugalt,3022,1733214300,1074,1115
2047,Codeforces Round 990 (Div. 2),_sandeep_charlie,3022,1733214300,1103,1136
2047,Codeforces Round 990 (Div. 2),Tyler_Durden21,3022,1733214300,814,948
2047,Codeforces Round 990 (Div. 2),kovid17,3027,1733214300,1299,1279
2047,Codeforces Round 990 (Div. 2),DDESTRO,3027,1733214300,521,822
2047,Codeforces Round 990 (Div. 2),Rabbi_hasan162,3027,1733214300,1247,1239
2047,Codeforces Round 990 (Div. 2),joker._001,3027,1733214300,1073,1115
2047,Codeforces Round 990 (Div. 2),om_malviya,3031,1733214300,1116,1145
2047,Codeforces Round 990 (Div. 2),Tlipped,3031,1733214300,919,1013
2047,Codeforces Round 990 (Div. 2),shadowfighter009,3033,1733214300,1413,1365
2047,Codeforces Round 990 (Div. 2),lzpeye,3033,1733214300,1263,1251
2047,Codeforces Round 990 (Div. 2),byrtho_kobi,3033,1733214300,1299,1278
2047,Codeforces Round 990 (Div. 2),anujtr_455,3036,1733214300,1271,1257
2047,Codeforces Round 990 (Div. 2),rurumaru,3036,1733214300,1335,1344
2047,Codeforces Round 990 (Div. 2),yvtian,3036,1733214300,985,1055
2047,Codeforces Round 990 (Div. 2),Milton_098,3036,1733214300,1296,1276
2047,Codeforces Round 990 (Div. 2),truth,3040,1733214300,1552,1474
2047,Codeforces Round 990 (Div. 2),blok,3040,1733214300,877,986
2047,Codeforces Round 990 (Div. 2),Suman_Dalai,3040,1733214300,1212,1213
2047,Codeforces Round 990 (Div. 2),_Kamuflash,3040,1733214300,1325,1298
2047,Codeforces Round 990 (Div. 2),Wonder_of_U_,3044,1733214300,1376,1336
2047,Codeforces Round 990 (Div. 2),era-jen,3044,1733214300,1382,1341
2047,Codeforces Round 990 (Div. 2),naixinganhuoyyp,3044,1733214300,1107,1138
2047,Codeforces Round 990 (Div. 2),asdfghqwert,3044,1733214300,1316,1291
2047,Codeforces Round 990 (Div. 2),RohitYuvaraJJadekar,3044,1733214300,1123,1149
2047,Codeforces Round 990 (Div. 2),dazai05,3049,1733214300,887,991
2047,Codeforces Round 990 (Div. 2),tanjiro0007,3049,1733214300,0,459
2047,Codeforces Round 990 (Div. 2),Aayush_0305,3049,1733214300,1094,1128
2047,Codeforces Round 990 (Div. 2),caustique,3049,1733214300,1437,1383
2047,Codeforces Round 990 (Div. 2),Hssaan_SundarSTEM,3053,1733214300,1088,1124
2047,Codeforces Round 990 (Div. 2),blurryface69,3054,1733214300,1193,1236
2047,Codeforces Round 990 (Div. 2),CodeFixer,3054,1733214300,1459,1400
2047,Codeforces Round 990 (Div. 2),hlX_xlh,3054,1733214300,1678,1574
2047,Codeforces Round 990 (Div. 2),xboHodx,3054,1733214300,998,1116
2047,Codeforces Round 990 (Div. 2),Tannyyyyy12,3054,1733214300,1361,1325
2047,Codeforces Round 990 (Div. 2),elSaf,3054,1733214300,1243,1236
2047,Codeforces Round 990 (Div. 2),Just_a_chil_guy,3060,1733214300,1217,1216
2047,Codeforces Round 990 (Div. 2),KaedeharaKazuha,3060,1733214300,1213,1213
2047,Codeforces Round 990 (Div. 2),yosemite0,3062,1733214300,1211,1275
2047,Codeforces Round 990 (Div. 2),sarthaKKharKa_18,3062,1733214300,1242,1234
2047,Codeforces Round 990 (Div. 2),sulohesh,3062,1733214300,1114,1142
2047,Codeforces Round 990 (Div. 2),rustyBot,3062,1733214300,944,1086
2047,Codeforces Round 990 (Div. 2),ZhuStellar,3062,1733214300,1311,1287
2047,Codeforces Round 990 (Div. 2),ww4445,3062,1733214300,1102,1134
2047,Codeforces Round 990 (Div. 2),Logical_Mind,3068,1733214300,1376,1335
2047,Codeforces Round 990 (Div. 2),AkulBiswas,3068,1733214300,1096,1129
2047,Codeforces Round 990 (Div. 2),Munna,3070,1733214300,1361,1324
2047,Codeforces Round 990 (Div. 2),_sanyam,3070,1733214300,1077,1116
2047,Codeforces Round 990 (Div. 2),the_terror_wonder,3070,1733214300,1404,1357
2047,Codeforces Round 990 (Div. 2),devapriyanta,3073,1733214300,1321,1294
2047,Codeforces Round 990 (Div. 2),Trailblaze56,3074,1733214300,937,1022
2047,Codeforces Round 990 (Div. 2),_ArPiT__,3074,1733214300,910,1005
2047,Codeforces Round 990 (Div. 2),VIGGY,3076,1733214300,1186,1193
2047,Codeforces Round 990 (Div. 2),Dynamic_Dishank,3076,1733214300,1202,1204
2047,Codeforces Round 990 (Div. 2),sayglenn,3076,1733214300,635,892
2047,Codeforces Round 990 (Div. 2),dangheo,3076,1733214300,1209,1209
2047,Codeforces Round 990 (Div. 2),Codezilla1211,3076,1733214300,1232,1226
2047,Codeforces Round 990 (Div. 2),lianxuhanshu,3076,1733214300,1541,1464
2047,Codeforces Round 990 (Div. 2),Kuroudo,3082,1733214300,1338,1306
2047,Codeforces Round 990 (Div. 2),P3T3F,3082,1733214300,1096,1128
2047,Codeforces Round 990 (Div. 2),Dormon,3082,1733214300,1085,1121
2047,Codeforces Round 990 (Div. 2),kyatatsu,3082,1733214300,1011,1136
2047,Codeforces Round 990 (Div. 2),DrSid,3086,1733214300,1230,1224
2047,Codeforces Round 990 (Div. 2),jagbarrameda,3086,1733214300,1164,1176
2047,Codeforces Round 990 (Div. 2),ayushydv23,3086,1733214300,1183,1190
2047,Codeforces Round 990 (Div. 2),KK923,3086,1733214300,1237,1229
2047,Codeforces Round 990 (Div. 2),Sed_Miyuki,3086,1733214300,1096,1128
2047,Codeforces Round 990 (Div. 2),Jeevith_P,3086,1733214300,1126,1149
2047,Codeforces Round 990 (Div. 2),learner_22,3092,1733214300,1264,1249
2047,Codeforces Round 990 (Div. 2),MenO7xd,3093,1733214300,1065,1106
2047,Codeforces Round 990 (Div. 2),SamRwt,3093,1733214300,473,782
2047,Codeforces Round 990 (Div. 2),godmodegod,3093,1733214300,1482,1417
2047,Codeforces Round 990 (Div. 2),agarwalpratham,3093,1733214300,1137,1157
2047,Codeforces Round 990 (Div. 2),naitikjain,3097,1733214300,1441,1385
2047,Codeforces Round 990 (Div. 2),One_Head,3097,1733214300,1307,1282
2047,Codeforces Round 990 (Div. 2),mzm_orz,3097,1733214300,1194,1197
2047,Codeforces Round 990 (Div. 2),NLsosad,3097,1733214300,1165,1176
2047,Codeforces Round 990 (Div. 2),zokz,3097,1733214300,1325,1295
2047,Codeforces Round 990 (Div. 2),B4NK0R1L053,3097,1733214300,1295,1273
2047,Codeforces Round 990 (Div. 2),Sharif_Math,3097,1733214300,1105,1134
2047,Codeforces Round 990 (Div. 2),Zaphl,3104,1733214300,1163,1175
2047,Codeforces Round 990 (Div. 2),gourav03,3104,1733214300,366,700
2047,Codeforces Round 990 (Div. 2),AyushRaj1205,3104,1733214300,1238,1230
2047,Codeforces Round 990 (Div. 2),_anuar_,3104,1733214300,1385,1341
2047,Codeforces Round 990 (Div. 2),_ryomen_sukuna_,3108,1733214300,1283,1264
2047,Codeforces Round 990 (Div. 2),bittercof,3109,1733214300,1320,1291
2047,Codeforces Round 990 (Div. 2),Imron.S,3109,1733214300,1308,1283
2047,Codeforces Round 990 (Div. 2),king_19,3109,1733214300,1307,1281
2047,Codeforces Round 990 (Div. 2),dev_sidb,3112,1733214300,1205,1205
2047,Codeforces Round 990 (Div. 2),saymon,3112,1733214300,1279,1260
2047,Codeforces Round 990 (Div. 2),primordium,3112,1733214300,1246,1235
2047,Codeforces Round 990 (Div. 2),sayandhara04,3112,1733214300,1114,1139
2047,Codeforces Round 990 (Div. 2),jianghanlinjhl,3112,1733214300,1346,1349
2047,Codeforces Round 990 (Div. 2),SEGFaultED1,3112,1733214300,1065,1105
2047,Codeforces Round 990 (Div. 2),_tan90_,3112,1733214300,1027,1079
2047,Codeforces Round 990 (Div. 2),wangwin3824,3119,1733214300,610,872
2047,Codeforces Round 990 (Div. 2),C01d,3119,1733214300,1316,1288
2047,Codeforces Round 990 (Div. 2),ayush_yad,3121,1733214300,383,713
2047,Codeforces Round 990 (Div. 2),kingoftypos_,3121,1733214300,1204,1204
2047,Codeforces Round 990 (Div. 2),Kenpachi,3123,1733214300,1298,1274
2047,Codeforces Round 990 (Div. 2),agarwalrujal,3123,1733214300,1121,1144
2047,Codeforces Round 990 (Div. 2),pushpa_kumar,3125,1733214300,405,729
2047,Codeforces Round 990 (Div. 2),aknov,3125,1733214300,1089,1121
2047,Codeforces Round 990 (Div. 2),Lost_Warrior,3125,1733214300,1543,1464
2047,Codeforces Round 990 (Div. 2),Nice2Cu_M,3128,1733214300,1342,1307
2047,Codeforces Round 990 (Div. 2),al_anqaa_45,3128,1733214300,594,875
2047,Codeforces Round 990 (Div. 2),AVC369,3130,1733214300,1366,1326
2047,Codeforces Round 990 (Div. 2),LLight,3130,1733214300,1470,1406
2047,Codeforces Round 990 (Div. 2),RCTR,3130,1733214300,831,1037
2047,Codeforces Round 990 (Div. 2),_rengoku_,3133,1733214300,1531,1454
2047,Codeforces Round 990 (Div. 2),agarwalparidhi07,3133,1733214300,1290,1267
2047,Codeforces Round 990 (Div. 2),hack_ck_259,3133,1733214300,767,988
2047,Codeforces Round 990 (Div. 2),HoshinoAkuamarin,3136,1733214300,1112,1137
2047,Codeforces Round 990 (Div. 2),vansh118,3136,1733214300,1141,1158
2047,Codeforces Round 990 (Div. 2),Adith1000,3136,1733214300,1242,1231
2047,Codeforces Round 990 (Div. 2),Rsys,3139,1733214300,467,776
2047,Codeforces Round 990 (Div. 2),isma,3139,1733214300,1476,1411
2047,Codeforces Round 990 (Div. 2),Avlark,3139,1733214300,1266,1249
2047,Codeforces Round 990 (Div. 2),Venomking,3142,1733214300,1203,1202
2047,Codeforces Round 990 (Div. 2),im_veer29,3142,1733214300,1371,1329
2047,Codeforces Round 990 (Div. 2),TrunZ,3142,1733214300,1301,1276
2047,Codeforces Round 990 (Div. 2),AyushWani,3145,1733214300,1246,1234
2047,Codeforces Round 990 (Div. 2),codvsc,3146,1733214300,0,456
2047,Codeforces Round 990 (Div. 2),benz_19,3147,1733214300,926,1044
2047,Codeforces Round 990 (Div. 2),Voidwind,3148,1733214300,1243,1232
2047,Codeforces Round 990 (Div. 2),yj_03,3148,1733214300,1020,1073
2047,Codeforces Round 990 (Div. 2),royshubham07,3148,1733214300,944,1022
2047,Codeforces Round 990 (Div. 2),TD0210,3151,1733214300,1303,1277
2047,Codeforces Round 990 (Div. 2),aditya_11_singh,3151,1733214300,1318,1289
2047,Codeforces Round 990 (Div. 2),Pratham18,3151,1733214300,1108,1133
2047,Codeforces Round 990 (Div. 2),Little123,3154,1733214300,364,697
2047,Codeforces Round 990 (Div. 2),laplace_daemonium,3154,1733214300,1372,1329
2047,Codeforces Round 990 (Div. 2),discontinuous,3154,1733214300,1218,1213
2047,Codeforces Round 990 (Div. 2),shibofish,3157,1733214300,1304,1343
2047,Codeforces Round 990 (Div. 2),ads4k,3157,1733214300,1461,1398
2047,Codeforces Round 990 (Div. 2),hades453,3157,1733214300,1053,1095
2047,Codeforces Round 990 (Div. 2),kingdv,3160,1733214300,1024,1075
2047,Codeforces Round 990 (Div. 2),MinValgen,3160,1733214300,1343,1307
2047,Codeforces Round 990 (Div. 2),K_Tumi_Bakul,3160,1733214300,1171,1178
2047,Codeforces Round 990 (Div. 2),U_aena,3163,1733214300,968,1037
2047,Codeforces Round 990 (Div. 2),himanshu_sheoran,3163,1733214300,950,1026
2047,Codeforces Round 990 (Div. 2),santoshswansi_,3165,1733214300,1369,1327
2047,Codeforces Round 990 (Div. 2),200319200220,3165,1733214300,1296,1271
2047,Codeforces Round 990 (Div. 2),Magical-Cat-Man,3167,1733214300,937,1068
2047,Codeforces Round 990 (Div. 2),ompol1705,3167,1733214300,1270,1251
2047,Codeforces Round 990 (Div. 2),extr3m3,3169,1733214300,1184,1187
2047,Codeforces Round 990 (Div. 2),KatsuXD,3169,1733214300,920,1064
2047,Codeforces Round 990 (Div. 2),aryan26aa,3169,1733214300,1112,1171
2047,Codeforces Round 990 (Div. 2),Saurabh1628,3169,1733214300,1156,1167
2047,Codeforces Round 990 (Div. 2),abhinavpt405,3173,1733214300,1084,1116
2047,Codeforces Round 990 (Div. 2),Sofa_Chair,3173,1733214300,643,894
2047,Codeforces Round 990 (Div. 2),pyorz,3175,1733214300,1397,1348
2047,Codeforces Round 990 (Div. 2),pulkit_garg14,3175,1733214300,1491,1421
2047,Codeforces Round 990 (Div. 2),Rushitha_Reddy_225,3175,1733214300,1110,1134
2047,Codeforces Round 990 (Div. 2),daksh_singh,3175,1733214300,1265,1246
2047,Codeforces Round 990 (Div. 2),Stelor,3175,1733214300,1427,1371
2047,Codeforces Round 990 (Div. 2),_MISAL_PAV_,3175,1733214300,1136,1152
2047,Codeforces Round 990 (Div. 2),thenoteasy,3181,1733214300,999,1057
2047,Codeforces Round 990 (Div. 2),TODINSON,3181,1733214300,1254,1238
2047,Codeforces Round 990 (Div. 2),zy_sy,3181,1733214300,1225,1217
2047,Codeforces Round 990 (Div. 2),1412professor,3184,1733214300,1231,1221
2047,Codeforces Round 990 (Div. 2),amalia.g,3184,1733214300,1093,1121
2047,Codeforces Round 990 (Div. 2),shourjoac4,3184,1733214300,0,454
2047,Codeforces Round 990 (Div. 2),madara_uchiha_5,3187,1733214300,1120,1140
2047,Codeforces Round 990 (Div. 2),afterlight,3187,1733214300,1106,1130
2047,Codeforces Round 990 (Div. 2),BloomingSummerEnding,3189,1733214300,1267,1248
2047,Codeforces Round 990 (Div. 2),harshit_2004,3189,1733214300,1052,1093
2047,Codeforces Round 990 (Div. 2),IshyWishy17,3191,1733214300,1157,1166
2047,Codeforces Round 990 (Div. 2),Hide_on_bush,3191,1733214300,1239,1227
2047,Codeforces Round 990 (Div. 2),Bitumen,3193,1733214300,0,454
2047,Codeforces Round 990 (Div. 2),brain_dead_47,3193,1733214300,1146,1159
2047,Codeforces Round 990 (Div. 2),-------,3193,1733214300,1063,1100
2047,Codeforces Round 990 (Div. 2),omasho,3196,1733214300,1287,1263
2047,Codeforces Round 990 (Div. 2),Cool_Guy_,3196,1733214300,1005,1060
2047,Codeforces Round 990 (Div. 2),kanavchoudhary.ind,3196,1733214300,1214,1208
2047,Codeforces Round 990 (Div. 2),ZhishengIE003,3199,1733214300,1438,1379
2047,Codeforces Round 990 (Div. 2),NguyenTriDung,3200,1733214300,1231,1221
2047,Codeforces Round 990 (Div. 2),Listener1379,3201,1733214300,759,979
2047,Codeforces Round 990 (Div. 2),ravipatel,3201,1733214300,1235,1223
2047,Codeforces Round 990 (Div. 2),yukiho_,3201,1733214300,792,1005
2047,Codeforces Round 990 (Div. 2),Homz,3201,1733214300,1246,1232
2047,Codeforces Round 990 (Div. 2),b_v_dheeraj__reddy,3205,1733214300,1025,1108
2047,Codeforces Round 990 (Div. 2),KAREYEV,3205,1733214300,1168,1174
2047,Codeforces Round 990 (Div. 2),JEEL001,3205,1733214300,1170,1175
2047,Codeforces Round 990 (Div. 2),DivijJ,3205,1733214300,1102,1127
2047,Codeforces Round 990 (Div. 2),ZeldaandLink,3209,1733214300,1218,1211
2047,Codeforces Round 990 (Div. 2),ch22b025,3209,1733214300,1131,1148
2047,Codeforces Round 990 (Div. 2),watcherrr,3211,1733214300,1537,1456
2047,Codeforces Round 990 (Div. 2),code_is_force,3211,1733214300,1296,1307
2047,Codeforces Round 990 (Div. 2),Neyram,3213,1733214300,1079,1110
2047,Codeforces Round 990 (Div. 2),TLEGrandMaster,3213,1733214300,1159,1168
2047,Codeforces Round 990 (Div. 2),Shivagya,3215,1733214300,1214,1207
2047,Codeforces Round 990 (Div. 2),Gold_Digger_,3216,1733214300,1161,1205
2047,Codeforces Round 990 (Div. 2),sumitpatel,3216,1733214300,1153,1163
2047,Codeforces Round 990 (Div. 2),Akash_Kr,3218,1733214300,1230,1219
2047,Codeforces Round 990 (Div. 2),wandanoko,3218,1733214300,1326,1292
2047,Codeforces Round 990 (Div. 2),mansa.outlook,3220,1733214300,1085,1114
2047,Codeforces Round 990 (Div. 2),trinhduyhung,3220,1733214300,1152,1199
2047,Codeforces Round 990 (Div. 2),Lightning_crusader,3220,1733214300,1121,1140
2047,Codeforces Round 990 (Div. 2),spud-nik,3223,1733214300,0,453
2047,Codeforces Round 990 (Div. 2),go_j0,3223,1733214300,1385,1337
2047,Codeforces Round 990 (Div. 2),_rudra_pratap_singh_,3225,1733214300,855,994
2047,Codeforces Round 990 (Div. 2),thanhtrnnn,3226,1733214300,1010,1062
2047,Codeforces Round 990 (Div. 2),Coder-crooz-v2,3226,1733214300,1143,1155
2047,Codeforces Round 990 (Div. 2),zzzoop,3226,1733214300,1253,1236
2047,Codeforces Round 990 (Div. 2),Calypsoo,3226,1733214300,1053,1092
2047,Codeforces Round 990 (Div. 2),HarshR_,3230,1733214300,1194,1192
2047,Codeforces Round 990 (Div. 2),jindal2004keshav,3230,1733214300,1134,1149
2047,Codeforces Round 990 (Div. 2),int_ro_ve_rt,3230,1733214300,502,800
2047,Codeforces Round 990 (Div. 2),noari,3233,1733214300,1263,1243
2047,Codeforces Round 990 (Div. 2),UdayKumarPG,3234,1733214300,1068,1102
2047,Codeforces Round 990 (Div. 2),ngyijie1116,3235,1733214300,1023,1071
2047,Codeforces Round 990 (Div. 2),Meitnera1n,3235,1733214300,1248,1232
2047,Codeforces Round 990 (Div. 2),Kartikey_Tanwar,3237,1733214300,1069,1102
2047,Codeforces Round 990 (Div. 2),Groud,3238,1733214300,948,1021
2047,Codeforces Round 990 (Div. 2),adevansh2005,3239,1733214300,1070,1103
2047,Codeforces Round 990 (Div. 2),AL_Qiswa,3239,1733214300,414,732
2047,Codeforces Round 990 (Div. 2),YumYumYum,3239,1733214300,634,885
2047,Codeforces Round 990 (Div. 2),LightHouse1,3239,1733214300,1383,1335
2047,Codeforces Round 990 (Div. 2),steph_hl,3243,1733214300,1330,1294
2047,Codeforces Round 990 (Div. 2),justVako,3244,1733214300,1084,1113
2047,Codeforces Round 990 (Div. 2),ShivaQuode,3245,1733214300,1335,1298
2047,Codeforces Round 990 (Div. 2),Steven-_-AbuAlkhair,3245,1733214300,1450,1387
2047,Codeforces Round 990 (Div. 2),masteromar27,3245,1733214300,1464,1398
2047,Codeforces Round 990 (Div. 2),Abhishek_28,3245,1733214300,1168,1172
2047,Codeforces Round 990 (Div. 2),A_Normal_Guy_,3245,1733214300,960,1028
2047,Codeforces Round 990 (Div. 2),Ace_18,3245,1733214300,1083,1112
2047,Codeforces Round 990 (Div. 2),Black_Jesus,3251,1733214300,1178,1179
2047,Codeforces Round 990 (Div. 2),amogh.sudarshan,3251,1733214300,940,1066
2047,Codeforces Round 990 (Div. 2),Rana_Azka,3253,1733214300,1042,1083
2047,Codeforces Round 990 (Div. 2),pkm_1226,3253,1733214300,1089,1116
2047,Codeforces Round 990 (Div. 2),El7abal,3253,1733214300,1365,1320
2047,Codeforces Round 990 (Div. 2),Apoorv_Dubey,3256,1733214300,1382,1334
2047,Codeforces Round 990 (Div. 2),NayemVai,3256,1733214300,1494,1421
2047,Codeforces Round 990 (Div. 2),vwv_go,3256,1733214300,1186,1185
2047,Codeforces Round 990 (Div. 2),benzenelovescp,3259,1733214300,1053,1090
2047,Codeforces Round 990 (Div. 2),NullPointered,3259,1733214300,1250,1232
2047,Codeforces Round 990 (Div. 2),sdKrhMn286,3261,1733214300,1506,1431
2047,Codeforces Round 990 (Div. 2),Fighter05vaibhav,3262,1733214300,1096,1120
2047,Codeforces Round 990 (Div. 2),AynazRoAy,3263,1733214300,1291,1263
2047,Codeforces Round 990 (Div. 2),DharmaTeja45,3263,1733214300,928,1058
2047,Codeforces Round 990 (Div. 2),onlycppcode,3263,1733214300,1356,1313
2047,Codeforces Round 990 (Div. 2),demonzz77,3263,1733214300,438,749
2047,Codeforces Round 990 (Div. 2),Morning...,3267,1733214300,1047,1156
2047,Codeforces Round 990 (Div. 2),anmolbansal1969,3268,1733214300,1054,1090
2047,Codeforces Round 990 (Div. 2),KUI1729,3268,1733214300,1177,1240
2047,Codeforces Round 990 (Div. 2),bbtbb,3268,1733214300,949,1081
2047,Codeforces Round 990 (Div. 2),Min_27,3268,1733214300,1580,1489
2047,Codeforces Round 990 (Div. 2),UBKHR,3272,1733214300,1208,1200
2047,Codeforces Round 990 (Div. 2),tshell,3272,1733214300,1085,1111
2047,Codeforces Round 990 (Div. 2),veduzz,3272,1733214300,860,962
2047,Codeforces Round 990 (Div. 2),manoj95713,3272,1733214300,1431,1371
2047,Codeforces Round 990 (Div. 2),Waterbrain,3272,1733214300,1123,1139
2047,Codeforces Round 990 (Div. 2),Rahulkr_620,3277,1733214300,1144,1154
2047,Codeforces Round 990 (Div. 2),Sarvesh2783,3277,1733214300,335,670
2047,Codeforces Round 990 (Div. 2),pranjalchabra0,3277,1733214300,920,1059
2047,Codeforces Round 990 (Div. 2),RevCoSTa,3280,1733214300,1266,1244
2047,Codeforces Round 990 (Div. 2),really_nice_pants,3280,1733214300,1174,1175
2047,Codeforces Round 990 (Div. 2),sengardeep,3282,1733214300,784,996
2047,Codeforces Round 990 (Div. 2),papusX,3282,1733214300,1181,1181
2047,Codeforces Round 990 (Div. 2),UchihaSasuke_X21,3282,1733214300,672,910
2047,Codeforces Round 990 (Div. 2),nishitmehta49,3285,1733214300,871,969
2047,Codeforces Round 990 (Div. 2),aditya_patil71,3285,1733214300,1308,1276
2047,Codeforces Round 990 (Div. 2),Dima357,3287,1733214300,1150,1158
2047,Codeforces Round 990 (Div. 2),zsh196,3287,1733214300,1086,1112
2047,Codeforces Round 990 (Div. 2),twizz,3289,1733214300,1285,1258
2047,Codeforces Round 990 (Div. 2),FifthYonko,3290,1733214300,1211,1202
2047,Codeforces Round 990 (Div. 2),mat_eternals,3291,1733214300,1016,1064
2047,Codeforces Round 990 (Div. 2),MESSI_THE_ONLY_GOAT,3292,1733214300,1184,1246
2047,Codeforces Round 990 (Div. 2),_T_L_E,3292,1733214300,1189,1185
2047,Codeforces Round 990 (Div. 2),pookiie,3294,1733214300,1215,1205
2047,Codeforces Round 990 (Div. 2),kaneki003,3294,1733214300,1400,1346
2047,Codeforces Round 990 (Div. 2),SamX64,3296,1733214300,1084,1146
2047,Codeforces Round 990 (Div. 2),Bestway11,3296,1733214300,1238,1222
2047,Codeforces Round 990 (Div. 2),harshbksp98,3298,1733214300,1307,1274
2047,Codeforces Round 990 (Div. 2),rishi_sde,3299,1733214300,1091,1174
2047,Codeforces Round 990 (Div. 2),arham_13,3300,1733214300,1055,1090
2047,Codeforces Round 990 (Div. 2),YanheLTY,3301,1733214300,1592,1498
2047,Codeforces Round 990 (Div. 2),shivank_dixit,3302,1733214300,934,1008
2047,Codeforces Round 990 (Div. 2),testingbot123,3302,1733214300,1141,1150
2047,Codeforces Round 990 (Div. 2),Daemon_X,3304,1733214300,1068,1098
2047,Codeforces Round 990 (Div. 2),adhrit_v,3304,1733214300,1056,1090
2047,Codeforces Round 990 (Div. 2),agentrico09_09,3306,1733214300,1242,1225
2047,Codeforces Round 990 (Div. 2),ronaldomessicombined,3307,1733214300,1281,1254
2047,Codeforces Round 990 (Div. 2),Ruizhu,3308,1733214300,826,989
2047,Codeforces Round 990 (Div. 2),sahaun,3308,1733214300,1629,1528
2047,Codeforces Round 990 (Div. 2),Enryue,3308,1733214300,1165,1167
2047,Codeforces Round 990 (Div. 2),TUK04,3311,1733214300,1254,1234
2047,Codeforces Round 990 (Div. 2),eruditeO_o,3311,1733214300,1447,1382
2047,Codeforces Round 990 (Div. 2),Joy2002,3313,1733214300,1035,1075
2047,Codeforces Round 990 (Div. 2),Abhi050705,3313,1733214300,1283,1256
2047,Codeforces Round 990 (Div. 2),Kguonh_1745,3315,1733214300,438,748
2047,Codeforces Round 990 (Div. 2),raghav_1910,3316,1733214300,940,1011
2047,Codeforces Round 990 (Div. 2),Ziad_Abdou,3317,1733214300,1423,1363
2047,Codeforces Round 990 (Div. 2),legodtolove,3317,1733214300,376,700
2047,Codeforces Round 990 (Div. 2),studyingfather_fan,3319,1733214300,1303,1271
2047,Codeforces Round 990 (Div. 2),rishiraj_729,3320,1733214300,1238,1221
2047,Codeforces Round 990 (Div. 2),Grain_Depot08,3320,1733214300,1414,1395
2047,Codeforces Round 990 (Div. 2),srujan_bunny,3322,1733214300,702,932
2047,Codeforces Round 990 (Div. 2),thocon6969,3323,1733214300,1532,1449
2047,Codeforces Round 990 (Div. 2),nob_lz,3324,1733214300,1050,1085
2047,Codeforces Round 990 (Div. 2),lovepie,3325,1733214300,864,962
2047,Codeforces Round 990 (Div. 2),siddharth10111,3326,1733214300,1143,1151
2047,Codeforces Round 990 (Div. 2),royshaoncse508,3327,1733214300,1198,1191
2047,Codeforces Round 990 (Div. 2),Doing69,3328,1733214300,613,884
2047,Codeforces Round 990 (Div. 2),o--ayanokoji--x,3329,1733214300,882,1029
2047,Codeforces Round 990 (Div. 2),9756,3330,1733214300,1669,1560
2047,Codeforces Round 990 (Div. 2),pankaj_c,3330,1733214300,1008,1056
2047,Codeforces Round 990 (Div. 2),nilkant_rk,3332,1733214300,1247,1228
2047,Codeforces Round 990 (Div. 2),GDCass1ni,3332,1733214300,1275,1249
2047,Codeforces Round 990 (Div. 2),sreehitha_,3334,1733214300,888,977
2047,Codeforces Round 990 (Div. 2),nikhil21229,3335,1733214300,1106,1124
2047,Codeforces Round 990 (Div. 2),algoishard,3336,1733214300,1432,1370
2047,Codeforces Round 990 (Div. 2),sai_swaroop8656,3337,1733214300,945,1047
2047,Codeforces Round 990 (Div. 2),ZROUNDF,3338,1733214300,1665,1556
2047,Codeforces Round 990 (Div. 2),Ganna_Gamal,3339,1733214300,986,1041
2047,Codeforces Round 990 (Div. 2),_Chishiya,3340,1733214300,0,449
2047,Codeforces Round 990 (Div. 2),5imp,3341,1733214300,1181,1178
2047,Codeforces Round 990 (Div. 2),Harsh_Agrawal_12,3342,1733214300,1283,1255
2047,Codeforces Round 990 (Div. 2),stibumTr,3343,1733214300,1051,1085
2047,Codeforces Round 990 (Div. 2),opstar,3344,1733214300,1284,1255
2047,Codeforces Round 990 (Div. 2),Aiyaari,3345,1733214300,662,901
2047,Codeforces Round 990 (Div. 2),silentwraithkp,3345,1733214300,895,1038
2047,Codeforces Round 990 (Div. 2),kkrmm,3347,1733214300,1086,1109
2047,Codeforces Round 990 (Div. 2),rahul1020,3348,1733214300,1005,1053
2047,Codeforces Round 990 (Div. 2),halor,3349,1733214300,1342,1299
2047,Codeforces Round 990 (Div. 2),Amirben,3350,1733214300,1184,1179
2047,Codeforces Round 990 (Div. 2),willbur,3351,1733214300,1416,1357
2047,Codeforces Round 990 (Div. 2),nesh7410,3351,1733214300,950,1016
2047,Codeforces Round 990 (Div. 2),MuhammetH,3353,1733214300,1415,1356
2047,Codeforces Round 990 (Div. 2),RFDd,3354,1733214300,1341,1298
2047,Codeforces Round 990 (Div. 2),liberjellyfish,3355,1733214300,1075,1101
2047,Codeforces Round 990 (Div. 2),jubair7,3356,1733214300,1237,1219
2047,Codeforces Round 990 (Div. 2),iantsai0616,3357,1733214300,1172,1171
2047,Codeforces Round 990 (Div. 2),RadiShh,3358,1733214300,1082,1106
2047,Codeforces Round 990 (Div. 2),ACR909d,3359,1733214300,1095,1115
2047,Codeforces Round 990 (Div. 2),nana_o,3360,1733214300,1417,1357
2047,Codeforces Round 990 (Div. 2),Void_666,3361,1733214300,696,896
2047,Codeforces Round 990 (Div. 2),georginio,3361,1733214300,1231,1214
2047,Codeforces Round 990 (Div. 2),AntheaFlourish,3361,1733214300,901,1084
2047,Codeforces Round 990 (Div. 2),Eth3r3al,3364,1733214300,879,1025
2047,Codeforces Round 990 (Div. 2),soumil_10,3365,1733214300,1142,1148
2047,Codeforces Round 990 (Div. 2),shy_robot_No8,3366,1733214300,1012,1113
2047,Codeforces Round 990 (Div. 2),suraj321,3367,1733214300,986,1040
2047,Codeforces Round 990 (Div. 2),RichardDevers,3368,1733214300,745,930
2047,Codeforces Round 990 (Div. 2),Postolache,3369,1733214300,474,737
2047,Codeforces Round 990 (Div. 2),yasdf,3370,1733214300,1322,1284
2047,Codeforces Round 990 (Div. 2),escape_01,3371,1733214300,694,924
2047,Codeforces Round 990 (Div. 2),coheshan,3372,1733214300,910,989
2047,Codeforces Round 990 (Div. 2),akm2005,3373,1733214300,851,951
2047,Codeforces Round 990 (Div. 2),ACsz,3374,1733214300,1239,1220
2047,Codeforces Round 990 (Div. 2),Chetan_0111,3375,1733214300,1198,1189
2047,Codeforces Round 990 (Div. 2),meeeet,3376,1733214300,1157,1159
2047,Codeforces Round 990 (Div. 2),sanchit30,3377,1733214300,1137,1145
2047,Codeforces Round 990 (Div. 2),asahi18,3378,1733214300,1033,1071
2047,Codeforces Round 990 (Div. 2),kanish217,3379,1733214300,624,818
2047,Codeforces Round 990 (Div. 2),Aqi_HomStar,3380,1733214300,1138,1145
2047,Codeforces Round 990 (Div. 2),shatru908,3381,1733214300,533,819
2047,Codeforces Round 990 (Div. 2),May_the_Force_be_with_me,3382,1733214300,1143,1148
2047,Codeforces Round 990 (Div. 2),i.shivam.s,3383,1733214300,1574,1481
2047,Codeforces Round 990 (Div. 2),AndrewNguyen,3384,1733214300,1800,1665
2047,Codeforces Round 990 (Div. 2),GaurangGupta,3385,1733214300,1381,1329
2047,Codeforces Round 990 (Div. 2),uwbt17,3386,1733214300,1511,1431
2047,Codeforces Round 990 (Div. 2),nr0728,3387,1733214300,923,1057
2047,Codeforces Round 990 (Div. 2),greenbinjack,3388,1733214300,1685,1570
2047,Codeforces Round 990 (Div. 2),Ahmed_Faraj,3389,1733214300,1269,1242
2047,Codeforces Round 990 (Div. 2),Complexity_MR_01,3389,1733214300,938,1006
2047,Codeforces Round 990 (Div. 2),dpgaharwal,3391,1733214300,1140,1182
2047,Codeforces Round 990 (Div. 2),Yapper,3391,1733214300,1263,1237
2047,Codeforces Round 990 (Div. 2),ExtractStars,3391,1733214300,1742,1617
2047,Codeforces Round 990 (Div. 2),RelifE2025,3394,1733214300,0,448
2047,Codeforces Round 990 (Div. 2),Falchenko_Georgii,3395,1733214300,792,961
2047,Codeforces Round 990 (Div. 2),GuEnhao,3395,1733214300,1893,1742
2047,Codeforces Round 990 (Div. 2),NotMyFault,3395,1733214300,1646,1538
2047,Codeforces Round 990 (Div. 2),Ahmed-Sahlol,3395,1733214300,1358,1310
2047,Codeforces Round 990 (Div. 2),luogu_official_alts,3395,1733214300,1323,1322
2047,Codeforces Round 990 (Div. 2),paulza,3395,1733214300,1647,1540
2047,Codeforces Round 990 (Div. 2),StealthBlack0_o,3401,1733214300,1335,1292
2047,Codeforces Round 990 (Div. 2),ershivam,3401,1733214300,1597,1499
2047,Codeforces Round 990 (Div. 2),shreyashp714,3403,1733214300,352,679
2047,Codeforces Round 990 (Div. 2),adityateltia22,3403,1733214300,1306,1269
2047,Codeforces Round 990 (Div. 2),lgm_,3405,1733214300,1318,1279
2047,Codeforces Round 990 (Div. 2),Abokaaa,3405,1733214300,1125,1212
2047,Codeforces Round 990 (Div. 2),perfume_,3407,1733214300,1186,1243
2047,Codeforces Round 990 (Div. 2),30yardstopbin,3407,1733214300,1184,1215
2047,Codeforces Round 990 (Div. 2),germanjke,3407,1733214300,1173,1169
2047,Codeforces Round 990 (Div. 2),sanmor.,3407,1733214300,1287,1255
2047,Codeforces Round 990 (Div. 2),pnx,3407,1733214300,1303,1267
2047,Codeforces Round 990 (Div. 2),txwqwq,3412,1733214300,470,769
2047,Codeforces Round 990 (Div. 2),AbhinavJain821,3412,1733214300,1231,1212
2047,Codeforces Round 990 (Div. 2),Dynamic_landing,3412,1733214300,1069,1094
2047,Codeforces Round 990 (Div. 2),bramar2,3415,1733214300,1620,1517
2047,Codeforces Round 990 (Div. 2),rrohitsy0h0,3415,1733214300,1100,1116
2047,Codeforces Round 990 (Div. 2),f___off,3417,1733214300,1293,1260
2047,Codeforces Round 990 (Div. 2),un_known21,3418,1733214300,1213,1236
2047,Codeforces Round 990 (Div. 2),Rupangkan19,3418,1733214300,1232,1213
2047,Codeforces Round 990 (Div. 2),unmeshgoutimabehera20,3418,1733214300,1333,1290
2047,Codeforces Round 990 (Div. 2),arikrrr77,3421,1733214300,1564,1472
2047,Codeforces Round 990 (Div. 2),soumybisht1242,3421,1733214300,1466,1394
2047,Codeforces Round 990 (Div. 2),Champ28,3423,1733214300,1377,1324
2047,Codeforces Round 990 (Div. 2),khan3575,3423,1733214300,1094,1111
2047,Codeforces Round 990 (Div. 2),Galaxy-Chaos,3423,1733214300,1366,1316
2047,Codeforces Round 990 (Div. 2),kanshuman,3423,1733214300,1101,1116
2047,Codeforces Round 990 (Div. 2),Samarth_Udagi,3427,1733214300,1186,1178
2047,Codeforces Round 990 (Div. 2),JorgeMartinez,3427,1733214300,1133,1139
2047,Codeforces Round 990 (Div. 2),RainbowDash.,3429,1733214300,1693,1576
2047,Codeforces Round 990 (Div. 2),truot_tuyen_tong_hop,3429,1733214300,1801,1665
2047,Codeforces Round 990 (Div. 2),susanthenerd,3429,1733214300,1835,1693
2047,Codeforces Round 990 (Div. 2),himanshi15,3432,1733214300,1124,1132
2047,Codeforces Round 990 (Div. 2),Aryan_Maheshwari25,3432,1733214300,1295,1260
2047,Codeforces Round 990 (Div. 2),Ch3ckm4te,3432,1733214300,1226,1207
2047,Codeforces Round 990 (Div. 2),ahmed_hassanM,3435,1733214300,1213,1198
2047,Codeforces Round 990 (Div. 2),rohangupta512003,3435,1733214300,1221,1204
2047,Codeforces Round 990 (Div. 2),kbbtan,3435,1733214300,906,1034
2047,Codeforces Round 990 (Div. 2),saurabhraj7480,3435,1733214300,1150,1151
2047,Codeforces Round 990 (Div. 2),StealthStark,3435,1733214300,853,1044
2047,Codeforces Round 990 (Div. 2),Swagy,3440,1733214300,0,446
2047,Codeforces Round 990 (Div. 2),miaojiachun,3440,1733214300,1210,1195
2047,Codeforces Round 990 (Div. 2),talont,3440,1733214300,0,446
2047,Codeforces Round 990 (Div. 2),MubtasimSajid,3440,1733214300,1138,1142
2047,Codeforces Round 990 (Div. 2),Marike_woManMoMent,3440,1733214300,1449,1380
2047,Codeforces Round 990 (Div. 2),AGcodes,3440,1733214300,1320,1279
2047,Codeforces Round 990 (Div. 2),L1419GHT,3446,1733214300,1322,1281
2047,Codeforces Round 990 (Div. 2),muralikrishnagunti,3447,1733214300,715,937
2047,Codeforces Round 990 (Div. 2),BambooTree,3447,1733214300,1466,1393
2047,Codeforces Round 990 (Div. 2),mj_13,3447,1733214300,1333,1289
2047,Codeforces Round 990 (Div. 2),ayush.shukla_1807,3450,1733214300,1017,1113
2047,Codeforces Round 990 (Div. 2),virtualAdarsh,3450,1733214300,1301,1264
2047,Codeforces Round 990 (Div. 2),ix221,3450,1733214300,414,724
2047,Codeforces Round 990 (Div. 2),N.M.M,3450,1733214300,1501,1421
2047,Codeforces Round 990 (Div. 2),Harsh_Chanchlani,3450,1733214300,1007,1049
2047,Codeforces Round 990 (Div. 2),NOTsoGENIUS_69,3450,1733214300,1239,1217
2047,Codeforces Round 990 (Div. 2),Make_Money_Fuck_Enemy_2,3450,1733214300,1051,1080
2047,Codeforces Round 990 (Div. 2),VARKALA_THOMA,3457,1733214300,1165,1161
2047,Codeforces Round 990 (Div. 2),VNHbest,3457,1733214300,1173,1167
2047,Codeforces Round 990 (Div. 2),Manav2139,3457,1733214300,1318,1277
2047,Codeforces Round 990 (Div. 2),Balaji_Sai_charan,3457,1733214300,1081,1101
2047,Codeforces Round 990 (Div. 2),tech_Boy,3461,1733214300,1253,1293
2047,Codeforces Round 990 (Div. 2),egaMcioreH2161,3461,1733214300,1272,1241
2047,Codeforces Round 990 (Div. 2),suancai,3461,1733214300,1344,1297
2047,Codeforces Round 990 (Div. 2),MysticMavericks,3461,1733214300,1172,1166
2047,Codeforces Round 990 (Div. 2),BitManipulated,3461,1733214300,1201,1187
2047,Codeforces Round 990 (Div. 2),manas141,3461,1733214300,467,764
2047,Codeforces Round 990 (Div. 2),rana_2406,3461,1733214300,1101,1114
2047,Codeforces Round 990 (Div. 2),PrathamOP20,3461,1733214300,1062,1087
2047,Codeforces Round 990 (Div. 2),ricardo-s,3461,1733214300,1393,1335
2047,Codeforces Round 990 (Div. 2),ritam1234,3461,1733214300,1179,1171
2047,Codeforces Round 990 (Div. 2),houtongyao,3461,1733214300,1234,1213
2047,Codeforces Round 990 (Div. 2),flaemo,3472,1733214300,1387,1330
2047,Codeforces Round 990 (Div. 2),Muhammad-Talha,3472,1733214300,1171,1165
2047,Codeforces Round 990 (Div. 2),qinix,3472,1733214300,358,680
2047,Codeforces Round 990 (Div. 2),Snow_White,3472,1733214300,905,981
2047,Codeforces Round 990 (Div. 2),mattferrer,3472,1733214300,1085,1139
2047,Codeforces Round 990 (Div. 2),d_Dhruv_Tripathi,3472,1733214300,1393,1335
2047,Codeforces Round 990 (Div. 2),Ali_Nasser,3478,1733214300,1381,1325
2047,Codeforces Round 990 (Div. 2),pritam1293,3478,1733214300,1211,1194
2047,Codeforces Round 990 (Div. 2),lev-13,3480,1733214300,575,831
2047,Codeforces Round 990 (Div. 2),neveraboolean,3480,1733214300,1115,1124
2047,Codeforces Round 990 (Div. 2),samDong,3480,1733214300,1565,1471
2047,Codeforces Round 990 (Div. 2),weak546,3483,1733214300,994,1108
2047,Codeforces Round 990 (Div. 2),aaryaj,3483,1733214300,1381,1325
2047,Codeforces Round 990 (Div. 2),satvikmittal638,3483,1733214300,1009,1049
2047,Codeforces Round 990 (Div. 2),vchakhno,3483,1733214300,0,444
2047,Codeforces Round 990 (Div. 2),ff_U,3483,1733214300,872,1057
2047,Codeforces Round 990 (Div. 2),DivyaMusahib,3483,1733214300,1236,1213
2047,Codeforces Round 990 (Div. 2),PXLXTA,3489,1733214300,1097,1110
2047,Codeforces Round 990 (Div. 2),Anonymous_HF,3489,1733214300,1385,1328
2047,Codeforces Round 990 (Div. 2),banasauras,3489,1733214300,1277,1244
2047,Codeforces Round 990 (Div. 2),arvindchoudhary054,3489,1733214300,1155,1152
2047,Codeforces Round 990 (Div. 2),srikar2429,3489,1733214300,1154,1152
2047,Codeforces Round 990 (Div. 2),QuirkSolver,3494,1733214300,1039,1069
2047,Codeforces Round 990 (Div. 2),vmcoder311,3494,1733214300,1091,1106
2047,Codeforces Round 990 (Div. 2),OneIndexed,3494,1733214300,1408,1345
2047,Codeforces Round 990 (Div. 2),dsp_geek51,3494,1733214300,1132,1136
2047,Codeforces Round 990 (Div. 2),mintu_007,3498,1733214300,794,958
2047,Codeforces Round 990 (Div. 2),villain_arc,3498,1733214300,1378,1322
2047,Codeforces Round 990 (Div. 2),vihasingla21,3498,1733214300,1172,1164
2047,Codeforces Round 990 (Div. 2),CypherSage,3501,1733214300,1000,1111
2047,Codeforces Round 990 (Div. 2),emmet_i,3501,1733214300,1336,1289
2047,Codeforces Round 990 (Div. 2),KNGN,3501,1733214300,445,746
2047,Codeforces Round 990 (Div. 2),Yash1290,3501,1733214300,803,1002
2047,Codeforces Round 990 (Div. 2),Jyotiraditya_harichandan,3501,1733214300,1321,1278
2047,Codeforces Round 990 (Div. 2),titan_gamini,3501,1733214300,1224,1204
2047,Codeforces Round 990 (Div. 2),weijiatong,3501,1733214300,422,728
2047,Codeforces Round 990 (Div. 2),bhool_gaya,3501,1733214300,665,896
2047,Codeforces Round 990 (Div. 2),iaiceglot4298,3501,1733214300,0,444
2047,Codeforces Round 990 (Div. 2),hithesh_0802,3510,1733214300,1187,1175
2047,Codeforces Round 990 (Div. 2),Vilas713,3510,1733214300,810,918
2047,Codeforces Round 990 (Div. 2),Ghostrider_,3510,1733214300,1242,1217
2047,Codeforces Round 990 (Div. 2),eRali,3510,1733214300,1045,1072
2047,Codeforces Round 990 (Div. 2),nabovtl,3510,1733214300,1068,1089
2047,Codeforces Round 990 (Div. 2),brickster241,3510,1733214300,1297,1297
2047,Codeforces Round 990 (Div. 2),TanMinati,3510,1733214300,1243,1218
2047,Codeforces Round 990 (Div. 2),AHMADUL,3517,1733214300,1077,1095
2047,Codeforces Round 990 (Div. 2),18ajbro,3517,1733214300,1169,1162
2047,Codeforces Round 990 (Div. 2),BraveBeter,3517,1733214300,1617,1512
2047,Codeforces Round 990 (Div. 2),Maruf_Hasan235,3517,1733214300,1081,1098
2047,Codeforces Round 990 (Div. 2),Anogh,3517,1733214300,929,994
2047,Codeforces Round 990 (Div. 2),maiovo,3517,1733214300,465,761
2047,Codeforces Round 990 (Div. 2),zele,3517,1733214300,1635,1527
2047,Codeforces Round 990 (Div. 2),Divyansh1551,3524,1733214300,1112,1120
2047,Codeforces Round 990 (Div. 2),prakhar22gupta,3524,1733214300,0,443
2047,Codeforces Round 990 (Div. 2),Pi213,3524,1733214300,1266,1235
2047,Codeforces Round 990 (Div. 2),zhang123456889,3524,1733214300,1366,1312
2047,Codeforces Round 990 (Div. 2),Tamajeet7,3524,1733214300,1019,1054
2047,Codeforces Round 990 (Div. 2),hzf1720,3524,1733214300,0,443
2047,Codeforces Round 990 (Div. 2),lifetimes0721,3524,1733214300,406,715
2047,Codeforces Round 990 (Div. 2),rb.doyen,3524,1733214300,1200,1184
2047,Codeforces Round 990 (Div. 2),Zonorox,3524,1733214300,1366,1312
2047,Codeforces Round 990 (Div. 2),TengK,3524,1733214300,1255,1226
2047,Codeforces Round 990 (Div. 2),FalseShadow,3524,1733214300,1191,1177
2047,Codeforces Round 990 (Div. 2),wajdi4,3535,1733214300,1037,1066
2047,Codeforces Round 990 (Div. 2),welken,3535,1733214300,700,922
2047,Codeforces Round 990 (Div. 2),JackI,3535,1733214300,1368,1313
2047,Codeforces Round 990 (Div. 2),Rashedunnabi_Rashed,3535,1733214300,1352,1300
2047,Codeforces Round 990 (Div. 2),Byte_Forge,3535,1733214300,1070,1089
2047,Codeforces Round 990 (Div. 2),Tr.Hieu,3535,1733214300,930,994
2047,Codeforces Round 990 (Div. 2),xingyunri,3535,1733214300,1248,1220
2047,Codeforces Round 990 (Div. 2),nikhil404,3535,1733214300,973,1022
2047,Codeforces Round 990 (Div. 2),finn_shelby,3535,1733214300,1290,1252
2047,Codeforces Round 990 (Div. 2),for_Yang,3535,1733214300,959,1078
2047,Codeforces Round 990 (Div. 2),Venties,3535,1733214300,994,1036
2047,Codeforces Round 990 (Div. 2),atharva_n29,3546,1733214300,1151,1147
2047,Codeforces Round 990 (Div. 2),W0LVeRiNE,3546,1733214300,741,952
2047,Codeforces Round 990 (Div. 2),Ghost..,3546,1733214300,1240,1214
2047,Codeforces Round 990 (Div. 2),Ruban_Denic,3546,1733214300,1221,1199
2047,Codeforces Round 990 (Div. 2),lakshetha,3546,1733214300,851,942
2047,Codeforces Round 990 (Div. 2),Always_WA14,3546,1733214300,902,1034
2047,Codeforces Round 990 (Div. 2),motviybletb,3546,1733214300,468,762
2047,Codeforces Round 990 (Div. 2),Ayan_samanta,3546,1733214300,1202,1184
2047,Codeforces Round 990 (Div. 2),Deepanshu_Pundir1709,3546,1733214300,1026,1058
2047,Codeforces Round 990 (Div. 2),HolyFuk,3546,1733214300,1114,1120
2047,Codeforces Round 990 (Div. 2),2112aru,3546,1733214300,1055,1078
2047,Codeforces Round 990 (Div. 2),3laa2Turing,3546,1733214300,1140,1139
2047,Codeforces Round 990 (Div. 2),Riff_sr,3546,1733214300,939,999
2047,Codeforces Round 990 (Div. 2),Aastha2902,3559,1733214300,1268,1235
2047,Codeforces Round 990 (Div. 2),harshitraj969,3559,1733214300,1278,1242
2047,Codeforces Round 990 (Div. 2),skj_og,3559,1733214300,1430,1361
2047,Codeforces Round 990 (Div. 2),jiusheng,3559,1733214300,923,988
2047,Codeforces Round 990 (Div. 2),HarshalHolkar,3559,1733214300,1501,1417
2047,Codeforces Round 990 (Div. 2),htkhanh05,3559,1733214300,1061,1082
2047,Codeforces Round 990 (Div. 2),rahulcancode,3559,1733214300,0,442
2047,Codeforces Round 990 (Div. 2),Durga_456,3559,1733214300,1297,1257
2047,Codeforces Round 990 (Div. 2),AyushmanKumarSingh,3559,1733214300,1321,1276
2047,Codeforces Round 990 (Div. 2),shekhar1608,3559,1733214300,1412,1347
2047,Codeforces Round 990 (Div. 2),Pujan_Khunt,3569,1733214300,995,1035
2047,Codeforces Round 990 (Div. 2),omgupta04,3569,1733214300,1003,1041
2047,Codeforces Round 990 (Div. 2),Koustav_Kundu,3569,1733214300,1162,1218
2047,Codeforces Round 990 (Div. 2),tan074,3569,1733214300,1209,1190
2047,Codeforces Round 990 (Div. 2),kindasomethin,3569,1733214300,1230,1206
2047,Codeforces Round 990 (Div. 2),Hazem.Gamal,3569,1733214300,870,953
2047,Codeforces Round 990 (Div. 2),Murph_KBS,3569,1733214300,1430,1361
2047,Codeforces Round 990 (Div. 2),immobius,3569,1733214300,503,790
2047,Codeforces Round 990 (Div. 2),kytoLam,3577,1733214300,1247,1218
2047,Codeforces Round 990 (Div. 2),professor_aka_CM,3577,1733214300,1150,1145
2047,Codeforces Round 990 (Div. 2),irfan6321,3577,1733214300,1156,1150
2047,Codeforces Round 990 (Div. 2),Shanballile,3577,1733214300,1157,1150
2047,Codeforces Round 990 (Div. 2),HARSHISBEAST,3581,1733214300,1165,1156
2047,Codeforces Round 990 (Div. 2),BabaSambar,3581,1733214300,914,980
2047,Codeforces Round 990 (Div. 2),sukumar_11,3581,1733214300,1277,1241
2047,Codeforces Round 990 (Div. 2),usernameson,3581,1733214300,1769,1635
2047,Codeforces Round 990 (Div. 2),ic23btech11023,3581,1733214300,1246,1217
2047,Codeforces Round 990 (Div. 2),ArmCO,3581,1733214300,346,667
2047,Codeforces Round 990 (Div. 2),Ashwin183,3581,1733214300,986,1028
2047,Codeforces Round 990 (Div. 2),roshanpatil0029,3581,1733214300,672,899
2047,Codeforces Round 990 (Div. 2),shubhamjha2405,3581,1733214300,1142,1139
2047,Codeforces Round 990 (Div. 2),sgement,3581,1733214300,1431,1361
2047,Codeforces Round 990 (Div. 2),vasanth1491,3581,1733214300,1255,1224
2047,Codeforces Round 990 (Div. 2),AbhiRam27,3581,1733214300,1273,1237
2047,Codeforces Round 990 (Div. 2),Akai47,3593,1733214300,1220,1197
2047,Codeforces Round 990 (Div. 2),redgex,3593,1733214300,722,937
2047,Codeforces Round 990 (Div. 2),Error503,3593,1733214300,1165,1156
2047,Codeforces Round 990 (Div. 2),adold_op,3593,1733214300,1223,1199
2047,Codeforces Round 990 (Div. 2),Orifkhon,3593,1733214300,1302,1259
2047,Codeforces Round 990 (Div. 2),vignesh_1324,3593,1733214300,1184,1170
2047,Codeforces Round 990 (Div. 2),marszhanghaoliang,3593,1733214300,1165,1156
2047,Codeforces Round 990 (Div. 2),WuShF,3600,1733214300,1510,1423
2047,Codeforces Round 990 (Div. 2),Zymmi,3600,1733214300,1267,1233
2047,Codeforces Round 990 (Div. 2),kr_vishal,3600,1733214300,1065,1083
2047,Codeforces Round 990 (Div. 2),Tirthankarpal123,3600,1733214300,1022,1053
2047,Codeforces Round 990 (Div. 2),Narayan247,3600,1733214300,1104,1110
2047,Codeforces Round 990 (Div. 2),Vimlendu2003,3600,1733214300,993,1089
2047,Codeforces Round 990 (Div. 2),kathanshah743,3606,1733214300,1100,1108
2047,Codeforces Round 990 (Div. 2),vanshxgupta,3606,1733214300,952,1004
2047,Codeforces Round 990 (Div. 2),Fu_Yun024,3606,1733214300,1220,1196
2047,Codeforces Round 990 (Div. 2),Siva2003,3606,1733214300,1231,1205
2047,Codeforces Round 990 (Div. 2),Kevin_FOS,3606,1733214300,1148,1224
2047,Codeforces Round 990 (Div. 2),viraaz11,3606,1733214300,1202,1183
2047,Codeforces Round 990 (Div. 2),Rajnesh34698,3606,1733214300,1191,1174
2047,Codeforces Round 990 (Div. 2),pranavoak7698,3606,1733214300,1177,1164
2047,Codeforces Round 990 (Div. 2),AlanJimenez8,3606,1733214300,786,898
2047,Codeforces Round 990 (Div. 2),Endy3032,3606,1733214300,607,849
2047,Codeforces Round 990 (Div. 2),dhruva_k04,3606,1733214300,1171,1159
2047,Codeforces Round 990 (Div. 2),anushka04,3606,1733214300,1005,1040
2047,Codeforces Round 990 (Div. 2),ambitiousButLazy,3618,1733214300,375,688
2047,Codeforces Round 990 (Div. 2),WA_spammer,3618,1733214300,0,440
2047,Codeforces Round 990 (Div. 2),raneatharva,3618,1733214300,1053,1073
2047,Codeforces Round 990 (Div. 2),toto_1,3618,1733214300,714,930
2047,Codeforces Round 990 (Div. 2),uditgarg007,3618,1733214300,1006,1076
2047,Codeforces Round 990 (Div. 2),kgoel,3618,1733214300,1576,1476
2047,Codeforces Round 990 (Div. 2),coderbodrul,3618,1733214300,1282,1243
2047,Codeforces Round 990 (Div. 2),kaival.s,3618,1733214300,1016,1083
2047,Codeforces Round 990 (Div. 2),ChuotBeTy,3626,1733214300,900,1021
2047,Codeforces Round 990 (Div. 2),ochpochmak141,3626,1733214300,1083,1094
2047,Codeforces Round 990 (Div. 2),sarthakvyas2006,3626,1733214300,1257,1223
2047,Codeforces Round 990 (Div. 2),bAAAAzzigarrr,3626,1733214300,1117,1119
2047,Codeforces Round 990 (Div. 2),Louis_zxLiu,3626,1733214300,1061,1115
2047,Codeforces Round 990 (Div. 2),Amy621,3626,1733214300,834,927
2047,Codeforces Round 990 (Div. 2),Alsidius,3626,1733214300,1007,1041
2047,Codeforces Round 990 (Div. 2),v252,3626,1733214300,1109,1113
2047,Codeforces Round 990 (Div. 2),BoysAlgoCry,3626,1733214300,956,1073
2047,Codeforces Round 990 (Div. 2),Hijackedsoul,3626,1733214300,1422,1352
2047,Codeforces Round 990 (Div. 2),The_Bharadwaj,3626,1733214300,1235,1293
2047,Codeforces Round 990 (Div. 2),chuichuifeng,3626,1733214300,933,990
2047,Codeforces Round 990 (Div. 2),Devblitz,3626,1733214300,1167,1155
2047,Codeforces Round 990 (Div. 2),Ronak426,3626,1733214300,1124,1124
2047,Codeforces Round 990 (Div. 2),Bits_bytes_01,3626,1733214300,901,969
2047,Codeforces Round 990 (Div. 2),md_nihal,3641,1733214300,1477,1396
2047,Codeforces Round 990 (Div. 2),mihira04,3641,1733214300,953,1038
2047,Codeforces Round 990 (Div. 2),dharampal,3641,1733214300,1178,1201
2047,Codeforces Round 990 (Div. 2),RestiaAshbell,3641,1733214300,0,439
2047,Codeforces Round 990 (Div. 2),Clclclcl,3641,1733214300,1337,1285
2047,Codeforces Round 990 (Div. 2),Diego_Mucha,3641,1733214300,1127,1126
2047,Codeforces Round 990 (Div. 2),Fluffy.burd,3647,1733214300,1184,1167
2047,Codeforces Round 990 (Div. 2),Omipotent65,3647,1733214300,1128,1126
2047,Codeforces Round 990 (Div. 2),devangAD,3647,1733214300,1020,1049
2047,Codeforces Round 990 (Div. 2),BakievaShukrona,3647,1733214300,1370,1310
2047,Codeforces Round 990 (Div. 2),Nappiz,3647,1733214300,1254,1221
2047,Codeforces Round 990 (Div. 2),diannaojun,3647,1733214300,362,677
2047,Codeforces Round 990 (Div. 2),Dawn_y,3647,1733214300,1252,1219
2047,Codeforces Round 990 (Div. 2),Abnoxious,3647,1733214300,1224,1198
2047,Codeforces Round 990 (Div. 2),Arghajit,3647,1733214300,691,911
2047,Codeforces Round 990 (Div. 2),collatz,3647,1733214300,1122,1122
2047,Codeforces Round 990 (Div. 2),gauravmishra_iitr,3647,1733214300,960,1008
2047,Codeforces Round 990 (Div. 2),siddhant7,3658,1733214300,1202,1181
2047,Codeforces Round 990 (Div. 2),YiMuyAn,3658,1733214300,1277,1238
2047,Codeforces Round 990 (Div. 2),Raj_Gupta_,3658,1733214300,1175,1160
2047,Codeforces Round 990 (Div. 2),MIH_CFF,3658,1733214300,1167,1154
2047,Codeforces Round 990 (Div. 2),Alvaro_Quispe,3658,1733214300,694,913
2047,Codeforces Round 990 (Div. 2),nobody98,3658,1733214300,971,1015
2047,Codeforces Round 990 (Div. 2),isdodola,3658,1733214300,913,1028
2047,Codeforces Round 990 (Div. 2),24user_code,3665,1733214300,1124,1122
2047,Codeforces Round 990 (Div. 2),sum_1,3665,1733214300,1121,1120
2047,Codeforces Round 990 (Div. 2),neatHyperTxt,3665,1733214300,1401,1335
2047,Codeforces Round 990 (Div. 2),averageAlgoEnjoyer,3665,1733214300,1296,1252
2047,Codeforces Round 990 (Div. 2),As1236,3665,1733214300,1212,1254
2047,Codeforces Round 990 (Div. 2),outlast_NATE,3665,1733214300,1349,1294
2047,Codeforces Round 990 (Div. 2),Xizusha,3665,1733214300,1297,1253
2047,Codeforces Round 990 (Div. 2),Yukash,3665,1733214300,1492,1407
2047,Codeforces Round 990 (Div. 2),desparado,3665,1733214300,1345,1291
2047,Codeforces Round 990 (Div. 2),stressing,3665,1733214300,0,438
2047,Codeforces Round 990 (Div. 2),Slakscape,3665,1733214300,414,716
2047,Codeforces Round 990 (Div. 2),Regulus,3665,1733214300,1294,1251
2047,Codeforces Round 990 (Div. 2),Saurx9611,3677,1733214300,1176,1161
2047,Codeforces Round 990 (Div. 2),Mr_Frost_2021,3677,1733214300,779,890
2047,Codeforces Round 990 (Div. 2),__shivam_kumar,3677,1733214300,1033,1057
2047,Codeforces Round 990 (Div. 2),rohan2210,3677,1733214300,1006,1095
2047,Codeforces Round 990 (Div. 2),masoom21,3677,1733214300,1082,1153
2047,Codeforces Round 990 (Div. 2),Shekher.Rishi,3677,1733214300,435,732
2047,Codeforces Round 990 (Div. 2),aadiiii,3677,1733214300,967,1011
2047,Codeforces Round 990 (Div. 2),alanlix11,3677,1733214300,411,714
2047,Codeforces Round 990 (Div. 2),Nandan_star,3677,1733214300,1281,1240
2047,Codeforces Round 990 (Div. 2),ananyapurwar,3686,1733214300,891,960
2047,Codeforces Round 990 (Div. 2),smiling007,3686,1733214300,1280,1240
2047,Codeforces Round 990 (Div. 2),im_winter,3686,1733214300,516,796
2047,Codeforces Round 990 (Div. 2),_MMU_,3686,1733214300,1023,1049
2047,Codeforces Round 990 (Div. 2),YYYYuki,3686,1733214300,1458,1379
2047,Codeforces Round 990 (Div. 2),arorapranav_,3691,1733214300,1018,1080
2047,Codeforces Round 990 (Div. 2),foonssk,3691,1733214300,1104,1107
2047,Codeforces Round 990 (Div. 2),DeterminedSage,3691,1733214300,1553,1455
2047,Codeforces Round 990 (Div. 2),yuanxinping,3691,1733214300,1108,1110
2047,Codeforces Round 990 (Div. 2),ujjawalmeena9468,3691,1733214300,1076,1086
2047,Codeforces Round 990 (Div. 2),Codesystem,3691,1733214300,1372,1311
2047,Codeforces Round 990 (Div. 2),7Collector,3691,1733214300,932,987
2047,Codeforces Round 990 (Div. 2),nisha0247,3691,1733214300,1202,1179
2047,Codeforces Round 990 (Div. 2),Ayush1574,3691,1733214300,388,695
2047,Codeforces Round 990 (Div. 2),Priyanshu_1.618031,3700,1733214300,1431,1357
2047,Codeforces Round 990 (Div. 2),c_maximus_a,3700,1733214300,1257,1221
2047,Codeforces Round 990 (Div. 2),Arpit_Upadhyay,3700,1733214300,1166,1152
2047,Codeforces Round 990 (Div. 2),bhramankaari,3700,1733214300,1149,1204
2047,Codeforces Round 990 (Div. 2),aditya_134,3700,1733214300,1270,1231
2047,Codeforces Round 990 (Div. 2),100010100,3700,1733214300,1317,1268
2047,Codeforces Round 990 (Div. 2),Kartikey_M,3700,1733214300,1206,1182
2047,Codeforces Round 990 (Div. 2),harshitupreti18,3700,1733214300,1107,1108
2047,Codeforces Round 990 (Div. 2),devendra_1608,3700,1733214300,1267,1229
2047,Codeforces Round 990 (Div. 2),Saurav_31,3700,1733214300,1003,1035
2047,Codeforces Round 990 (Div. 2),AbstractAxiom,3710,1733214300,1051,1068
2047,Codeforces Round 990 (Div. 2),AnriArkania,3710,1733214300,1047,1065
2047,Codeforces Round 990 (Div. 2),alamgir-2.0,3710,1733214300,564,764
2047,Codeforces Round 990 (Div. 2),XMAN12321,3710,1733214300,828,1015
2047,Codeforces Round 990 (Div. 2),Vedaansh,3710,1733214300,1159,1146
2047,Codeforces Round 990 (Div. 2),mmsaicharan07,3710,1733214300,1039,1059
2047,Codeforces Round 990 (Div. 2),evssubramanyam,3710,1733214300,1263,1225
2047,Codeforces Round 990 (Div. 2),sandeepkumar9,3710,1733214300,1114,1113
2047,Codeforces Round 990 (Div. 2),pragyan_,3710,1733214300,1008,1037
2047,Codeforces Round 990 (Div. 2),nahin.binkaysar,3710,1733214300,1253,1218
2047,Codeforces Round 990 (Div. 2),debanjanmaity2018,3710,1733214300,971,1012
2047,Codeforces Round 990 (Div. 2),codeddresser,3721,1733214300,1299,1292
2047,Codeforces Round 990 (Div. 2),psm9352,3721,1733214300,1232,1201
2047,Codeforces Round 990 (Div. 2),vasireddyvenu,3721,1733214300,1123,1120
2047,Codeforces Round 990 (Div. 2),AceTaffy258,3721,1733214300,1218,1191
2047,Codeforces Round 990 (Div. 2),yemenlander,3721,1733214300,1223,1194
2047,Codeforces Round 990 (Div. 2),AniruddhSaraf,3721,1733214300,1072,1083
2047,Codeforces Round 990 (Div. 2),siddheshkotwal,3721,1733214300,1109,1109
2047,Codeforces Round 990 (Div. 2),avikantk94,3721,1733214300,1259,1222
2047,Codeforces Round 990 (Div. 2),KNIGA_BRATAN_IDI_KA_SUDA,3729,1733214300,1107,1108
2047,Codeforces Round 990 (Div. 2),Invin976,3729,1733214300,1119,1116
2047,Codeforces Round 990 (Div. 2),handezheng,3729,1733214300,767,967
2047,Codeforces Round 990 (Div. 2),vegeta_2907,3729,1733214300,1138,1168
2047,Codeforces Round 990 (Div. 2),anurag1517,3729,1733214300,1036,1092
2047,Codeforces Round 990 (Div. 2),hichi_pichini,3729,1733214300,344,661
2047,Codeforces Round 990 (Div. 2),md_ashraful_islam,3735,1733214300,1257,1220
2047,Codeforces Round 990 (Div. 2),hello_dodo,3735,1733214300,958,1036
2047,Codeforces Round 990 (Div. 2),mythresh07,3735,1733214300,1122,1118
2047,Codeforces Round 990 (Div. 2),sayan_mandal,3735,1733214300,976,1014
2047,Codeforces Round 990 (Div. 2),xxdddd,3735,1733214300,737,943
2047,Codeforces Round 990 (Div. 2),nilesar,3735,1733214300,998,1030
2047,Codeforces Round 990 (Div. 2),tdas11235,3735,1733214300,1033,1114
2047,Codeforces Round 990 (Div. 2),ambargogia,3735,1733214300,889,989
2047,Codeforces Round 990 (Div. 2),8_kguru,3735,1733214300,1002,1032
2047,Codeforces Round 990 (Div. 2),2023csb1115,3735,1733214300,1136,1128
2047,Codeforces Round 990 (Div. 2),wxy_7,3735,1733214300,1219,1190
2047,Codeforces Round 990 (Div. 2),arafat7r5,3735,1733214300,1269,1229
2047,Codeforces Round 990 (Div. 2),Alex_11037,3747,1733214300,959,1002
2047,Codeforces Round 990 (Div. 2),shahil_005,3747,1733214300,1278,1236
2047,Codeforces Round 990 (Div. 2),rishi_jaat,3747,1733214300,1078,1085
2047,Codeforces Round 990 (Div. 2),DreamToBeASwufer,3747,1733214300,827,971
2047,Codeforces Round 990 (Div. 2),wddd,3747,1733214300,1586,1521
2047,Codeforces Round 990 (Div. 2),brokenZipper,3747,1733214300,1221,1192
2047,Codeforces Round 990 (Div. 2),temir_ka,3747,1733214300,1326,1273
2047,Codeforces Round 990 (Div. 2),Rohan_Garg_,3747,1733214300,997,1028
2047,Codeforces Round 990 (Div. 2),sanjaysweeju2006,3747,1733214300,931,983
2047,Codeforces Round 990 (Div. 2),anubhavhajela4,3747,1733214300,1126,1121
2047,Codeforces Round 990 (Div. 2),Shreyas_Chougaonkar,3757,1733214300,1040,1058
2047,Codeforces Round 990 (Div. 2),cjspraneeth,3757,1733214300,1030,1051
2047,Codeforces Round 990 (Div. 2),paul_195,3757,1733214300,749,951
2047,Codeforces Round 990 (Div. 2),why_sjy,3757,1733214300,1367,1305
2047,Codeforces Round 990 (Div. 2),PetrShinomontazh,3757,1733214300,1117,1113
2047,Codeforces Round 990 (Div. 2),NADIDADIT,3757,1733214300,1098,1100
2047,Codeforces Round 990 (Div. 2),nanami11,3757,1733214300,0,435
2047,Codeforces Round 990 (Div. 2),MoCkZeTa,3757,1733214300,1054,1068
2047,Codeforces Round 990 (Div. 2),_Wolfpack_,3757,1733214300,1084,1089
2047,Codeforces Round 990 (Div. 2),Inquisitive_Bear,3757,1733214300,1051,1065
2047,Codeforces Round 990 (Div. 2),hrithik_248,3757,1733214300,1107,1106
2047,Codeforces Round 990 (Div. 2),wxd114514,3757,1733214300,573,839
2047,Codeforces Round 990 (Div. 2),MeltySnow_,3757,1733214300,1032,1052
2047,Codeforces Round 990 (Div. 2),noxjeet,3770,1733214300,909,968
2047,Codeforces Round 990 (Div. 2),Hacker_Dt,3770,1733214300,1222,1192
2047,Codeforces Round 990 (Div. 2),danimania,3770,1733214300,1047,1062
2047,Codeforces Round 990 (Div. 2),eepy,3770,1733214300,1248,1211
2047,Codeforces Round 990 (Div. 2),sid_31,3770,1733214300,1000,1029
2047,Codeforces Round 990 (Div. 2),suchirkalra,3770,1733214300,1006,1033
2047,Codeforces Round 990 (Div. 2),Sytirr,3770,1733214300,1037,1055
2047,Codeforces Round 990 (Div. 2),_Infinity_Leo_,3770,1733214300,1052,1066
2047,Codeforces Round 990 (Div. 2),anvit08,3778,1733214300,417,715
2047,Codeforces Round 990 (Div. 2),TheTakibKhan,3778,1733214300,1296,1248
2047,Codeforces Round 990 (Div. 2),Ayanokoji_agbd,3778,1733214300,0,435
2047,Codeforces Round 990 (Div. 2),MASRAFI221,3778,1733214300,1019,1042
2047,Codeforces Round 990 (Div. 2),lwdfks,3778,1733214300,926,1045
2047,Codeforces Round 990 (Div. 2),Tian_Ming_Yo,3778,1733214300,968,1077
2047,Codeforces Round 990 (Div. 2),Ahnaf.Shahriar.Asif,3778,1733214300,1517,1424
2047,Codeforces Round 990 (Div. 2),a_maiti,3778,1733214300,1225,1194
2047,Codeforces Round 990 (Div. 2),yanghongyan,3778,1733214300,1269,1228
2047,Codeforces Round 990 (Div. 2),cyb3r_b0nd2004,3778,1733214300,872,943
2047,Codeforces Round 990 (Div. 2),SachinPec,3788,1733214300,1195,1171
2047,Codeforces Round 990 (Div. 2),chethan_10,3788,1733214300,895,958
2047,Codeforces Round 990 (Div. 2),orgiltsogt,3788,1733214300,1353,1293
2047,Codeforces Round 990 (Div. 2),ChickenBoner69,3788,1733214300,0,435
2047,Codeforces Round 990 (Div. 2),Unstoppable_Aman,3788,1733214300,994,1024
2047,Codeforces Round 990 (Div. 2),avi258719,3788,1733214300,1147,1135
2047,Codeforces Round 990 (Div. 2),harshith__98,3788,1733214300,639,867
2047,Codeforces Round 990 (Div. 2),ZyadH1,3795,1733214300,1294,1246
2047,Codeforces Round 990 (Div. 2),saikiran-bpr,3795,1733214300,1140,1129
2047,Codeforces Round 990 (Div. 2),kotlish,3795,1733214300,935,1039
2047,Codeforces Round 990 (Div. 2),Armaan_rawat11,3795,1733214300,1343,1285
2047,Codeforces Round 990 (Div. 2),2848598118,3795,1733214300,1075,1082
2047,Codeforces Round 990 (Div. 2),yyhbyd,3795,1733214300,0,434
2047,Codeforces Round 990 (Div. 2),iamtheharsh,3795,1733214300,1075,1082
2047,Codeforces Round 990 (Div. 2),nelsi_sousa,3795,1733214300,1314,1262
2047,Codeforces Round 990 (Div. 2),zhako_diddy,3803,1733214300,0,434
2047,Codeforces Round 990 (Div. 2),green-eyeliner,3803,1733214300,1110,1106
2047,Codeforces Round 990 (Div. 2),alimar04,3803,1733214300,944,989
2047,Codeforces Round 990 (Div. 2),Yuvraj_Rathod,3803,1733214300,978,1013
2047,Codeforces Round 990 (Div. 2),Natsuya,3803,1733214300,1220,1189
2047,Codeforces Round 990 (Div. 2),atishay_j.47,3803,1733214300,1188,1164
2047,Codeforces Round 990 (Div. 2),ragulnath255,3803,1733214300,968,1005
2047,Codeforces Round 990 (Div. 2),keshavbhalotia149,3803,1733214300,1311,1259
2047,Codeforces Round 990 (Div. 2),PolarisDA,3803,1733214300,1101,1100
2047,Codeforces Round 990 (Div. 2),kha420,3803,1733214300,1210,1181
2047,Codeforces Round 990 (Div. 2),fadeelkhan,3803,1733214300,1151,1136
2047,Codeforces Round 990 (Div. 2),_Oinng_,3803,1733214300,1631,1516
2047,Codeforces Round 990 (Div. 2),Abhijit1135,3803,1733214300,1076,1081
2047,Codeforces Round 990 (Div. 2),17107201,3803,1733214300,1220,1227
2047,Codeforces Round 990 (Div. 2),kalpana523,3817,1733214300,977,1011
2047,Codeforces Round 990 (Div. 2),Devil_Kira,3817,1733214300,0,434
2047,Codeforces Round 990 (Div. 2),Risan99,3817,1733214300,1367,1303
2047,Codeforces Round 990 (Div. 2),ankur_232,3817,1733214300,1254,1215
2047,Codeforces Round 990 (Div. 2),SadikMR,3817,1733214300,1253,1214
2047,Codeforces Round 990 (Div. 2),__Kiavash__,3817,1733214300,1058,1068
2047,Codeforces Round 990 (Div. 2),Anurag6022,3817,1733214300,1171,1152
2047,Codeforces Round 990 (Div. 2),asadullo_1111,3824,1733214300,1237,1201
2047,Codeforces Round 990 (Div. 2),_Jain_,3824,1733214300,1267,1224
2047,Codeforces Round 990 (Div. 2),roy.aavas,3824,1733214300,1067,1074
2047,Codeforces Round 990 (Div. 2),nooop,3824,1733214300,994,1023
2047,Codeforces Round 990 (Div. 2),genesis,3824,1733214300,1198,1210
2047,Codeforces Round 990 (Div. 2),Alpha_132,3824,1733214300,0,433
2047,Codeforces Round 990 (Div. 2),Backstabber,3824,1733214300,1346,1286
2047,Codeforces Round 990 (Div. 2),enderr,3824,1733214300,986,1017
2047,Codeforces Round 990 (Div. 2),DragQuaza,3824,1733214300,1025,1080
2047,Codeforces Round 990 (Div. 2),KashiViswanath,3824,1733214300,1287,1240
2047,Codeforces Round 990 (Div. 2),mhr_emon,3824,1733214300,1206,1178
2047,Codeforces Round 990 (Div. 2),chethan78,3835,1733214300,1576,1471
2047,Codeforces Round 990 (Div. 2),PrathanJho,3835,1733214300,1254,1214
2047,Codeforces Round 990 (Div. 2),HELLONOOW,3835,1733214300,1057,1128
2047,Codeforces Round 990 (Div. 2),HarshDSingh_2004,3835,1733214300,1066,1073
2047,Codeforces Round 990 (Div. 2),Paan_Waala,3835,1733214300,1200,1173
2047,Codeforces Round 990 (Div. 2),bhuvnesh_choudhary21,3835,1733214300,1087,1088
2047,Codeforces Round 990 (Div. 2),devansh2020raulo,3835,1733214300,1061,1069
2047,Codeforces Round 990 (Div. 2),RitaKofGokkan,3835,1733214300,1168,1149
2047,Codeforces Round 990 (Div. 2),Tide,3835,1733214300,1163,1144
2047,Codeforces Round 990 (Div. 2),aqua_dhmo,3835,1733214300,410,708
2047,Codeforces Round 990 (Div. 2),Andy102,3835,1733214300,1052,1124
2047,Codeforces Round 990 (Div. 2),Adi_1234,3846,1733214300,1064,1071
2047,Codeforces Round 990 (Div. 2),BhairabGorai,3846,1733214300,1163,1144
2047,Codeforces Round 990 (Div. 2),mostafaabdelaal_03,3846,1733214300,1636,1519
2047,Codeforces Round 990 (Div. 2),wirepuller,3846,1733214300,1240,1203
2047,Codeforces Round 990 (Div. 2),CoderMax777,3846,1733214300,940,985
2047,Codeforces Round 990 (Div. 2),shivanshx365,3846,1733214300,1282,1235
2047,Codeforces Round 990 (Div. 2),EmmanuelRojas,3846,1733214300,1243,1206
2047,Codeforces Round 990 (Div. 2),ali1386dehghani,3846,1733214300,1110,1105
2047,Codeforces Round 990 (Div. 2),jagritisingh2006,3854,1733214300,711,919
2047,Codeforces Round 990 (Div. 2),Ahnaf_Shahriar,3854,1733214300,913,966
2047,Codeforces Round 990 (Div. 2),Akshaj_9349,3854,1733214300,979,1011
2047,Codeforces Round 990 (Div. 2),infinityextends,3854,1733214300,1165,1146
2047,Codeforces Round 990 (Div. 2),DylanMyers,3854,1733214300,1064,1071
2047,Codeforces Round 990 (Div. 2),samyakjain7860,3854,1733214300,1046,1058
2047,Codeforces Round 990 (Div. 2),loke_coder,3854,1733214300,1067,1073
2047,Codeforces Round 990 (Div. 2),Debraj_2438,3854,1733214300,1065,1071
2047,Codeforces Round 990 (Div. 2),XoXoHarsh,3854,1733214300,1491,1401
2047,Codeforces Round 990 (Div. 2),joel_moses,3854,1733214300,1211,1180
2047,Codeforces Round 990 (Div. 2),tmunavver,3854,1733214300,1055,1126
2047,Codeforces Round 990 (Div. 2),chi_hiro,3865,1733214300,1030,1046
2047,Codeforces Round 990 (Div. 2),Shaheer.Old,3865,1733214300,1304,1252
2047,Codeforces Round 990 (Div. 2),aarzooK,3865,1733214300,1010,1032
2047,Codeforces Round 990 (Div. 2),UI-Shashank,3865,1733214300,1112,1105
2047,Codeforces Round 990 (Div. 2),raag_dengre,3865,1733214300,1130,1119
2047,Codeforces Round 990 (Div. 2),voyager_G,3865,1733214300,1025,1043
2047,Codeforces Round 990 (Div. 2),mrBelka,3871,1733214300,1165,1145
2047,Codeforces Round 990 (Div. 2),Sambhav1607,3871,1733214300,950,990
2047,Codeforces Round 990 (Div. 2),__dattebayo__,3871,1733214300,1118,1110
2047,Codeforces Round 990 (Div. 2),jiteshdhawan171,3871,1733214300,989,1017
2047,Codeforces Round 990 (Div. 2),AnkitPathak_05,3871,1733214300,1083,1084
2047,Codeforces Round 990 (Div. 2),--strawberry--,3871,1733214300,1324,1267
2047,Codeforces Round 990 (Div. 2),devbhutani10,3871,1733214300,1272,1227
2047,Codeforces Round 990 (Div. 2),Mikhail_Litvin,3878,1733214300,893,1016
2047,Codeforces Round 990 (Div. 2),Mridul_007,3878,1733214300,1170,1148
2047,Codeforces Round 990 (Div. 2),mayankkushwaha,3878,1733214300,1061,1068
2047,Codeforces Round 990 (Div. 2),amar31661,3878,1733214300,951,990
2047,Codeforces Round 990 (Div. 2),Md.Salam_Uddin,3878,1733214300,1377,1309
2047,Codeforces Round 990 (Div. 2),kawsar14,3878,1733214300,1108,1102
2047,Codeforces Round 990 (Div. 2),zeeshan8134,3878,1733214300,1023,1040
2047,Codeforces Round 990 (Div. 2),lucypher,3878,1733214300,1104,1099
2047,Codeforces Round 990 (Div. 2),ShinDor,3886,1733214300,1099,1132
2047,Codeforces Round 990 (Div. 2),tanvibansall,3886,1733214300,972,1004
2047,Codeforces Round 990 (Div. 2),prcsh14,3886,1733214300,1150,1133
2047,Codeforces Round 990 (Div. 2),chakriyvs,3886,1733214300,956,993
2047,Codeforces Round 990 (Div. 2),StuckOnNewbie,3886,1733214300,1194,1166
2047,Codeforces Round 990 (Div. 2),Niiu040630,3886,1733214300,1037,1050
2047,Codeforces Round 990 (Div. 2),100_percent,3886,1733214300,1039,1112
2047,Codeforces Round 990 (Div. 2),Pacific_Hues,3886,1733214300,988,1015
2047,Codeforces Round 990 (Div. 2),penne,3886,1733214300,0,432
2047,Codeforces Round 990 (Div. 2),rajat_shubhra,3886,1733214300,1204,1174
2047,Codeforces Round 990 (Div. 2),FWhiteMoS,3896,1733214300,1126,1114
2047,Codeforces Round 990 (Div. 2),himanshuyv,3896,1733214300,1293,1242
2047,Codeforces Round 990 (Div. 2),SudoKuder,3896,1733214300,883,1007
2047,Codeforces Round 990 (Div. 2),a1verma8105,3896,1733214300,1231,1194
2047,Codeforces Round 990 (Div. 2),Poatan,3896,1733214300,1424,1346
2047,Codeforces Round 990 (Div. 2),SJMA_11723,3896,1733214300,1396,1323
2047,Codeforces Round 990 (Div. 2),Vaibhav_Aditya18,3896,1733214300,638,794
2047,Codeforces Round 990 (Div. 2),Momit_Mahir,3896,1733214300,1321,1264
2047,Codeforces Round 990 (Div. 2),SyamSriBalajiT,3896,1733214300,1224,1188
2047,Codeforces Round 990 (Div. 2),akash_kumar_gupta,3896,1733214300,1154,1135
2047,Codeforces Round 990 (Div. 2),golam_kibriya_fahim,3896,1733214300,1010,1030
2047,Codeforces Round 990 (Div. 2),headintheclouds104,3907,1733214300,767,870
2047,Codeforces Round 990 (Div. 2),ShashankGupta,3907,1733214300,1164,1143
2047,Codeforces Round 990 (Div. 2),kanikadebnath8759,3907,1733214300,899,954
2047,Codeforces Round 990 (Div. 2),Pedro_xdd,3907,1733214300,906,959
2047,Codeforces Round 990 (Div. 2),ishaan19code,3907,1733214300,1208,1176
2047,Codeforces Round 990 (Div. 2),sadliu,3907,1733214300,1104,1135
2047,Codeforces Round 990 (Div. 2),tequila_sunrise,3907,1733214300,710,916
2047,Codeforces Round 990 (Div. 2),Pankaj-kumar-3,3907,1733214300,1205,1174
2047,Codeforces Round 990 (Div. 2),ZaeThrix,3915,1733214300,1238,1199
2047,Codeforces Round 990 (Div. 2),Cappybara,3915,1733214300,1411,1335
2047,Codeforces Round 990 (Div. 2),yangyunzhe,3915,1733214300,1012,1031
2047,Codeforces Round 990 (Div. 2),Najibullo_prog,3915,1733214300,903,956
2047,Codeforces Round 990 (Div. 2),godAngryOver,3915,1733214300,850,1026
2047,Codeforces Round 990 (Div. 2),Abdujalilodddd,3915,1733214300,850,922
2047,Codeforces Round 990 (Div. 2),nagarjunsunki,3915,1733214300,1138,1122
2047,Codeforces Round 990 (Div. 2),HetmesAskalana,3915,1733214300,1147,1129
2047,Codeforces Round 990 (Div. 2),yogesh013,3915,1733214300,1219,1184
2047,Codeforces Round 990 (Div. 2),gentlecoder29,3915,1733214300,1011,1030
2047,Codeforces Round 990 (Div. 2),kittydev,3915,1733214300,881,994
2047,Codeforces Round 990 (Div. 2),rahulgavhar,3926,1733214300,1070,1072
2047,Codeforces Round 990 (Div. 2),lehoangnam291209,3926,1733214300,930,1043
2047,Codeforces Round 990 (Div. 2),shreyash_arya,3926,1733214300,1045,1054
2047,Codeforces Round 990 (Div. 2),sonal_231115,3926,1733214300,862,929
2047,Codeforces Round 990 (Div. 2),Byte_Wizard-018,3926,1733214300,964,997
2047,Codeforces Round 990 (Div. 2),professor_kumar,3926,1733214300,1207,1175
2047,Codeforces Round 990 (Div. 2),shreyassn,3926,1733214300,1100,1094
2047,Codeforces Round 990 (Div. 2),kchhillar13,3926,1733214300,655,873
2047,Codeforces Round 990 (Div. 2),Yug_Bargaway,3934,1733214300,958,992
2047,Codeforces Round 990 (Div. 2),Dragon_Krissash,3934,1733214300,1068,1070
2047,Codeforces Round 990 (Div. 2),ritesh_3822,3934,1733214300,1167,1144
2047,Codeforces Round 990 (Div. 2),_phamductuan_,3934,1733214300,383,683
2047,Codeforces Round 990 (Div. 2),sahal,3934,1733214300,1312,1256
2047,Codeforces Round 990 (Div. 2),ashwini_codes,3934,1733214300,1121,1109
2047,Codeforces Round 990 (Div. 2),5harshitshrivastava,3934,1733214300,903,955
2047,Codeforces Round 990 (Div. 2),karmit_langhnoda,3934,1733214300,1145,1127
2047,Codeforces Round 990 (Div. 2),never_code,3934,1733214300,1005,1025
2047,Codeforces Round 990 (Div. 2),K.Outis,3934,1733214300,1251,1208
2047,Codeforces Round 990 (Div. 2),_xguagua_Firefly_,3944,1733214300,1037,1083
2047,Codeforces Round 990 (Div. 2),suolroiis,3944,1733214300,1015,1031
2047,Codeforces Round 990 (Div. 2),adarsh.17.10,3944,1733214300,415,708
2047,Codeforces Round 990 (Div. 2),saba.ent,3944,1733214300,1053,1059
2047,Codeforces Round 990 (Div. 2),Tariful_3.0,3944,1733214300,1036,1047
2047,Codeforces Round 990 (Div. 2),Testcase007,3944,1733214300,447,733
2047,Codeforces Round 990 (Div. 2),Endo,3944,1733214300,1121,1109
2047,Codeforces Round 990 (Div. 2),kk_290999,3944,1733214300,1024,1099
2047,Codeforces Round 990 (Div. 2),Seeker220,3952,1733214300,1215,1180
2047,Codeforces Round 990 (Div. 2),malloc_function,3952,1733214300,1055,1060
2047,Codeforces Round 990 (Div. 2),andrei22116,3952,1733214300,1107,1098
2047,Codeforces Round 990 (Div. 2),c0ncUSSi0n_sub,3952,1733214300,908,958
2047,Codeforces Round 990 (Div. 2),nikhil_kumar_tomar,3952,1733214300,1076,1076
2047,Codeforces Round 990 (Div. 2),141GHOST,3957,1733214300,960,1028
2047,Codeforces Round 990 (Div. 2),ArpitThakur,3957,1733214300,906,956
2047,Codeforces Round 990 (Div. 2),velyadu,3957,1733214300,853,982
2047,Codeforces Round 990 (Div. 2),Dinic_xcn,3957,1733214300,1098,1091
2047,Codeforces Round 990 (Div. 2),Raju_kr,3957,1733214300,995,1052
2047,Codeforces Round 990 (Div. 2),moon.horse,3957,1733214300,0,429
2047,Codeforces Round 990 (Div. 2),Aman_27p,3957,1733214300,1235,1195
2047,Codeforces Round 990 (Div. 2),DJ_theCODER,3957,1733214300,1019,1034
2047,Codeforces Round 990 (Div. 2),Hantur,3957,1733214300,721,840
2047,Codeforces Round 990 (Div. 2),Otaku_Zoldyck,3957,1733214300,833,908
2047,Codeforces Round 990 (Div. 2),Hrithik,3967,1733214300,1150,1130
2047,Codeforces Round 990 (Div. 2),saanvigoel30,3967,1733214300,947,983
2047,Codeforces Round 990 (Div. 2),_Kamisato_Ayaka_,3967,1733214300,973,1001
2047,Codeforces Round 990 (Div. 2),Harshitha21,3967,1733214300,928,1039
2047,Codeforces Round 990 (Div. 2),Seif_samir,3967,1733214300,1129,1113
2047,Codeforces Round 990 (Div. 2),Ahsan612,3967,1733214300,1148,1128
2047,Codeforces Round 990 (Div. 2),Eanid,3967,1733214300,490,766
2047,Codeforces Round 990 (Div. 2),Roshan_jha,3967,1733214300,990,1013
2047,Codeforces Round 990 (Div. 2),Ihsan_Tamim,3967,1733214300,1132,1116
2047,Codeforces Round 990 (Div. 2),ChAranj33th,3967,1733214300,877,936
2047,Codeforces Round 990 (Div. 2),__bot__2.0,3967,1733214300,940,979
2047,Codeforces Round 990 (Div. 2),unemployed_479,3967,1733214300,1161,1138
2047,Codeforces Round 990 (Div. 2),sakash_sirohi,3967,1733214300,1051,1056
2047,Codeforces Round 990 (Div. 2),MD_Ziyad_Hussain,3980,1733214300,405,698
2047,Codeforces Round 990 (Div. 2),B4TMAN,3980,1733214300,1026,1038
2047,Codeforces Round 990 (Div. 2),Shrish331,3980,1733214300,1140,1121
2047,Codeforces Round 990 (Div. 2),AS20059,3980,1733214300,1405,1328
2047,Codeforces Round 990 (Div. 2),codeinferno99,3980,1733214300,453,736
2047,Codeforces Round 990 (Div. 2),harshilkgp,3980,1733214300,801,887
2047,Codeforces Round 990 (Div. 2),Kezak,3980,1733214300,848,950
2047,Codeforces Round 990 (Div. 2),uma5125,3980,1733214300,423,713
2047,Codeforces Round 990 (Div. 2),prasukbajaj08,3988,1733214300,1140,1121
2047,Codeforces Round 990 (Div. 2),alamgir65,3988,1733214300,1214,1178
2047,Codeforces Round 990 (Div. 2),AviShahCode,3988,1733214300,0,429
2047,Codeforces Round 990 (Div. 2),SaltedFish_,3988,1733214300,1341,1277
2047,Codeforces Round 990 (Div. 2),FisherGo,3988,1733214300,1242,1199
2047,Codeforces Round 990 (Div. 2),life_incredible,3988,1733214300,883,939
2047,Codeforces Round 990 (Div. 2),Imperfection,3988,1733214300,0,429
2047,Codeforces Round 990 (Div. 2),Mr.Abu0540,3995,1733214300,1144,1124
2047,Codeforces Round 990 (Div. 2),m_r_dhanush,3995,1733214300,864,990
2047,Codeforces Round 990 (Div. 2),kaustubhgoge,3995,1733214300,1016,1066
2047,Codeforces Round 990 (Div. 2),R0nit_K,3995,1733214300,1033,1042
2047,Codeforces Round 990 (Div. 2),rishi_5906,3995,1733214300,838,942
2047,Codeforces Round 990 (Div. 2),RakshitRane30,3995,1733214300,822,1002
2047,Codeforces Round 990 (Div. 2),devraj,3995,1733214300,1228,1188
2047,Codeforces Round 990 (Div. 2),nullbrain79,3995,1733214300,1337,1274
2047,Codeforces Round 990 (Div. 2),Aditey-N,3995,1733214300,0,428
2047,Codeforces Round 990 (Div. 2),Puppeter,3995,1733214300,1018,1067
2047,Codeforces Round 990 (Div. 2),kayden25,3995,1733214300,1050,1054
2047,Codeforces Round 990 (Div. 2),SimeonS,4006,1733214300,1137,1118
2047,Codeforces Round 990 (Div. 2),tben,4006,1733214300,1061,1062
2047,Codeforces Round 990 (Div. 2),paardarshee,4006,1733214300,1155,1132
2047,Codeforces Round 990 (Div. 2),sakshamShukla,4006,1733214300,0,428
2047,Codeforces Round 990 (Div. 2),priyash1010,4006,1733214300,814,894
2047,Codeforces Round 990 (Div. 2),manan_ms,4006,1733214300,1074,1071
2047,Codeforces Round 990 (Div. 2),ModiNator,4006,1733214300,0,428
2047,Codeforces Round 990 (Div. 2),_canute,4006,1733214300,967,996
2047,Codeforces Round 990 (Div. 2),wampo007,4006,1733214300,384,681
2047,Codeforces Round 990 (Div. 2),devan_modhavadiya,4006,1733214300,1097,1088
2047,Codeforces Round 990 (Div. 2),Sasmita_mk,4016,1733214300,1104,1093
2047,Codeforces Round 990 (Div. 2),mohassan.dev,4016,1733214300,1262,1214
2047,Codeforces Round 990 (Div. 2),_ryuko,4016,1733214300,1173,1145
2047,Codeforces Round 990 (Div. 2),_Freaky_Coder_U_T_,4016,1733214300,1007,1022
2047,Codeforces Round 990 (Div. 2),shamrat69,4016,1733214300,909,955
2047,Codeforces Round 990 (Div. 2),NAZIROV,4016,1733214300,1083,1078
2047,Codeforces Round 990 (Div. 2),abiramee,4016,1733214300,1431,1348
2047,Codeforces Round 990 (Div. 2),dhruvgupta3307,4016,1733214300,1061,1061
2047,Codeforces Round 990 (Div. 2),good_angel,4016,1733214300,1128,1111
2047,Codeforces Round 990 (Div. 2),Blackwolf04,4016,1733214300,615,839
2047,Codeforces Round 990 (Div. 2),m_bhaskar,4016,1733214300,1213,1176
2047,Codeforces Round 990 (Div. 2),Karabey17,4016,1733214300,1223,1184
2047,Codeforces Round 990 (Div. 2),rohansai2104,4028,1733214300,861,986
2047,Codeforces Round 990 (Div. 2),AnurakRana,4028,1733214300,1019,1031
2047,Codeforces Round 990 (Div. 2),lylia,4028,1733214300,1071,1068
2047,Codeforces Round 990 (Div. 2),johann_,4028,1733214300,1160,1135
2047,Codeforces Round 990 (Div. 2),Krritin,4028,1733214300,1193,1160
2047,Codeforces Round 990 (Div. 2),akshaydc14,4028,1733214300,1157,1133
2047,Codeforces Round 990 (Div. 2),adarsh_,4028,1733214300,971,997
2047,Codeforces Round 990 (Div. 2),Shashank_Bhake,4028,1733214300,937,973
2047,Codeforces Round 990 (Div. 2),Kevinnnnn,4028,1733214300,1242,1198
2047,Codeforces Round 990 (Div. 2),Chronos13,4028,1733214300,1139,1119
2047,Codeforces Round 990 (Div. 2),Bigbu,4028,1733214300,0,428
2047,Codeforces Round 990 (Div. 2),Tsotne2019,4028,1733214300,749,942
2047,Codeforces Round 990 (Div. 2),Coddoc,4028,1733214300,1079,1074
2047,Codeforces Round 990 (Div. 2),drizzydrake,4041,1733214300,875,996
2047,Codeforces Round 990 (Div. 2),uectic,4041,1733214300,1042,1126
2047,Codeforces Round 990 (Div. 2),Ahmad-Al-Ateek,4041,1733214300,1209,1172
2047,Codeforces Round 990 (Div. 2),ashwinimishra666,4041,1733214300,1094,1149
2047,Codeforces Round 990 (Div. 2),ByteBlade2104,4041,1733214300,967,994
2047,Codeforces Round 990 (Div. 2),somil0701,4041,1733214300,358,660
2047,Codeforces Round 990 (Div. 2),kill5witch,4041,1733214300,0,427
2047,Codeforces Round 990 (Div. 2),Shubhamkr585,4041,1733214300,1069,1066
2047,Codeforces Round 990 (Div. 2),humble,4049,1733214300,1152,1128
2047,Codeforces Round 990 (Div. 2),kshitij12,4049,1733214300,1239,1195
2047,Codeforces Round 990 (Div. 2),23220209,4049,1733214300,439,724
2047,Codeforces Round 990 (Div. 2),meethereum07,4049,1733214300,1025,1034
2047,Codeforces Round 990 (Div. 2),snoozekid,4049,1733214300,1006,1097
2047,Codeforces Round 990 (Div. 2),HouzMeIfYouCan,4049,1733214300,1402,1324
2047,Codeforces Round 990 (Div. 2),Maybe0_0,4055,1733214300,912,1024
2047,Codeforces Round 990 (Div. 2),ac418,4055,1733214300,1056,1137
2047,Codeforces Round 990 (Div. 2),Mr_Gupta,4055,1733214300,1048,1051
2047,Codeforces Round 990 (Div. 2),Zesanul_Islam,4055,1733214300,1469,1377
2047,Codeforces Round 990 (Div. 2),bharat_bardiya,4055,1733214300,1138,1118
2047,Codeforces Round 990 (Div. 2),LaMbarghambar,4060,1733214300,1415,1334
2047,Codeforces Round 990 (Div. 2),realnilesh,4060,1733214300,753,852
2047,Codeforces Round 990 (Div. 2),LittleVigney,4060,1733214300,919,960
2047,Codeforces Round 990 (Div. 2),qiuyu0_0,4060,1733214300,1184,1152
2047,Codeforces Round 990 (Div. 2),Vivek_Prakash_Yadav,4060,1733214300,1117,1139
2047,Codeforces Round 990 (Div. 2),omarsaifeldeen2000,4060,1733214300,1099,1087
2047,Codeforces Round 990 (Div. 2),YSlow,4060,1733214300,1278,1225
2047,Codeforces Round 990 (Div. 2),KOBILOV,4060,1733214300,1059,1058
2047,Codeforces Round 990 (Div. 2),kannu06,4060,1733214300,1276,1224
2047,Codeforces Round 990 (Div. 2),jimmy2683,4060,1733214300,1173,1144
2047,Codeforces Round 990 (Div. 2),aksh.maheshwari05,4060,1733214300,973,1032
2047,Codeforces Round 990 (Div. 2),vasude_v,4060,1733214300,1223,1182
2047,Codeforces Round 990 (Div. 2),shantanugupta2907,4072,1733214300,1211,1172
2047,Codeforces Round 990 (Div. 2),Instu,4072,1733214300,1165,1137
2047,Codeforces Round 990 (Div. 2),ja_ya,4072,1733214300,1170,1141
2047,Codeforces Round 990 (Div. 2),I_love_Mitsuri_Kanroji,4072,1733214300,865,976
2047,Codeforces Round 990 (Div. 2),404SkillNotFound,4072,1733214300,1053,1053
2047,Codeforces Round 990 (Div. 2),AlgoKnight1,4072,1733214300,1017,1027
2047,Codeforces Round 990 (Div. 2),bharath_Kmar,4072,1733214300,1385,1309
2047,Codeforces Round 990 (Div. 2),105260_zhou,4072,1733214300,972,1055
2047,Codeforces Round 990 (Div. 2),ak74ay,4080,1733214300,915,1012
2047,Codeforces Round 990 (Div. 2),I_am_waqib_,4080,1733214300,986,1005
2047,Codeforces Round 990 (Div. 2),Chef-KTK,4080,1733214300,964,990
2047,Codeforces Round 990 (Div. 2),AlgoAce_4C3,4080,1733214300,972,995
2047,Codeforces Round 990 (Div. 2),iamtaran,4080,1733214300,419,707
2047,Codeforces Round 990 (Div. 2),realayush,4080,1733214300,1063,1060
2047,Codeforces Round 990 (Div. 2),Destroyer69,4080,1733214300,1210,1172
2047,Codeforces Round 990 (Div. 2),7AM,4080,1733214300,1107,1093
2047,Codeforces Round 990 (Div. 2),osdjfojsd,4080,1733214300,393,686
2047,Codeforces Round 990 (Div. 2),Iridium1234,4080,1733214300,920,959
2047,Codeforces Round 990 (Div. 2),praveen2912,4090,1733214300,1095,1084
2047,Codeforces Round 990 (Div. 2),Last_Bencher0_0,4090,1733214300,955,983
2047,Codeforces Round 990 (Div. 2),zzzssz,4090,1733214300,1194,1159
2047,Codeforces Round 990 (Div. 2),Rohithr,4090,1733214300,1161,1172
2047,Codeforces Round 990 (Div. 2),Dileep_Gampala,4094,1733214300,985,1004
2047,Codeforces Round 990 (Div. 2),_skywalker_77,4094,1733214300,0,425
2047,Codeforces Round 990 (Div. 2),DeepakMali007,4094,1733214300,1069,1128
2047,Codeforces Round 990 (Div. 2),mohitrajpoot,4094,1733214300,1141,1118
2047,Codeforces Round 990 (Div. 2),hasin_sadaf,4094,1733214300,1194,1158
2047,Codeforces Round 990 (Div. 2),abhimanyu_ganguly,4094,1733214300,1100,1087
2047,Codeforces Round 990 (Div. 2),cj_28,4094,1733214300,1068,1063
2047,Codeforces Round 990 (Div. 2),sunny009,4094,1733214300,892,939
2047,Codeforces Round 990 (Div. 2),EthanHunt_03,4094,1733214300,1188,1192
2047,Codeforces Round 990 (Div. 2),SunnyyLove,4094,1733214300,0,425
2047,Codeforces Round 990 (Div. 2),emskate,4094,1733214300,858,917
2047,Codeforces Round 990 (Div. 2),armaansingh,4094,1733214300,1135,1113
2047,Codeforces Round 990 (Div. 2),SkyDS,4094,1733214300,1058,1056
2047,Codeforces Round 990 (Div. 2),justin_lingyyy,4094,1733214300,1060,1058
2047,Codeforces Round 990 (Div. 2),gauravkr_0220,4108,1733214300,1117,1099
2047,Codeforces Round 990 (Div. 2),Smilee007,4108,1733214300,411,699
2047,Codeforces Round 990 (Div. 2),AnubhavKishoreAnand,4108,1733214300,1061,1058
2047,Codeforces Round 990 (Div. 2),kuxha,4108,1733214300,1091,1079
2047,Codeforces Round 990 (Div. 2),krohit22,4108,1733214300,1061,1058
2047,Codeforces Round 990 (Div. 2),vinaypepakayala01,4108,1733214300,1037,1103
2047,Codeforces Round 990 (Div. 2),Aniket_abhi,4108,1733214300,1026,1033
2047,Codeforces Round 990 (Div. 2),dtgG1856_7,4108,1733214300,1083,1074
2047,Codeforces Round 990 (Div. 2),step.shu,4116,1733214300,1184,1150
2047,Codeforces Round 990 (Div. 2),metellus,4116,1733214300,1155,1128
2047,Codeforces Round 990 (Div. 2),bawali_coder,4116,1733214300,1010,1021
2047,Codeforces Round 990 (Div. 2),manish36,4116,1733214300,976,997
2047,Codeforces Round 990 (Div. 2),tagasko,4116,1733214300,376,672
2047,Codeforces Round 990 (Div. 2),hacketthadwin7,4121,1733214300,917,1025
2047,Codeforces Round 990 (Div. 2),Lubesh,4121,1733214300,1270,1216
2047,Codeforces Round 990 (Div. 2),DareDevil__0__,4121,1733214300,0,425
2047,Codeforces Round 990 (Div. 2),Shinzo2005,4121,1733214300,808,884
2047,Codeforces Round 990 (Div. 2),stillnongdamba,4121,1733214300,750,940
2047,Codeforces Round 990 (Div. 2),Antonvishnar,4121,1733214300,886,989
2047,Codeforces Round 990 (Div. 2),red_army98,4127,1733214300,1210,1169
2047,Codeforces Round 990 (Div. 2),TLElover,4127,1733214300,957,982
2047,Codeforces Round 990 (Div. 2),MCPN,4127,1733214300,679,884
2047,Codeforces Round 990 (Div. 2),Storm7424,4127,1733214300,1021,1090
2047,Codeforces Round 990 (Div. 2),DongJie111,4127,1733214300,0,425
2047,Codeforces Round 990 (Div. 2),prakharsingh13,4127,1733214300,1255,1205
2047,Codeforces Round 990 (Div. 2),akshitgupta_,4127,1733214300,1282,1266
2047,Codeforces Round 990 (Div. 2),m_raj5,4127,1733214300,1480,1385
2047,Codeforces Round 990 (Div. 2),Griffolyon,4135,1733214300,912,951
2047,Codeforces Round 990 (Div. 2),modi.yash3108,4135,1733214300,889,1003
2047,Codeforces Round 990 (Div. 2),mahiensanklechaa555,4135,1733214300,1136,1113
2047,Codeforces Round 990 (Div. 2),smsarfroz78,4135,1733214300,1258,1206
2047,Codeforces Round 990 (Div. 2),proxychainz,4135,1733214300,714,911
2047,Codeforces Round 990 (Div. 2),guanglongshen,4135,1733214300,1110,1092
2047,Codeforces Round 990 (Div. 2),pandaincode,4135,1733214300,793,930
2047,Codeforces Round 990 (Div. 2),saraffa,4135,1733214300,1244,1196
2047,Codeforces Round 990 (Div. 2),TINK_435,4135,1733214300,802,880
2047,Codeforces Round 990 (Div. 2),ifelsegawd,4144,1733214300,1155,1127
2047,Codeforces Round 990 (Div. 2),nikhilvishwakarma9775_,4144,1733214300,1114,1095
2047,Codeforces Round 990 (Div. 2),unknownn_04,4144,1733214300,1078,1069
2047,Codeforces Round 990 (Div. 2),gauravsharma.200410,4144,1733214300,1038,1040
2047,Codeforces Round 990 (Div. 2),expect9,4144,1733214300,1051,1049
2047,Codeforces Round 990 (Div. 2),emptyUser,4144,1733214300,1287,1230
2047,Codeforces Round 990 (Div. 2),raj_gigt,4144,1733214300,1089,1076
2047,Codeforces Round 990 (Div. 2),riteshkushwaha,4144,1733214300,674,801
2047,Codeforces Round 990 (Div. 2),SpartanX,4144,1733214300,990,1005
2047,Codeforces Round 990 (Div. 2),FirstImpression,4153,1733214300,1029,1033
2047,Codeforces Round 990 (Div. 2),Rajat31,4153,1733214300,1117,1098
2047,Codeforces Round 990 (Div. 2),namprozz,4153,1733214300,661,793
2047,Codeforces Round 990 (Div. 2),HarshSingh,4153,1733214300,1206,1165
2047,Codeforces Round 990 (Div. 2),Refaat.,4153,1733214300,1162,1132
2047,Codeforces Round 990 (Div. 2),_Abdelsalam_,4153,1733214300,1098,1083
2047,Codeforces Round 990 (Div. 2),Bill35,4159,1733214300,1048,1046
2047,Codeforces Round 990 (Div. 2),balajee_kumar,4159,1733214300,682,805
2047,Codeforces Round 990 (Div. 2),Arhaner26,4159,1733214300,1083,1071
2047,Codeforces Round 990 (Div. 2),tanishk1o,4159,1733214300,734,926
2047,Codeforces Round 990 (Div. 2),mechtop,4159,1733214300,939,1026
2047,Codeforces Round 990 (Div. 2),STARS_RAY56,4159,1733214300,918,954
2047,Codeforces Round 990 (Div. 2),SakshamSaldhi123,4165,1733214300,969,988
2047,Codeforces Round 990 (Div. 2),fen_2005,4165,1733214300,1056,1051
2047,Codeforces Round 990 (Div. 2),toughnut,4165,1733214300,1039,1039
2047,Codeforces Round 990 (Div. 2),vyankateshd,4165,1733214300,641,780
2047,Codeforces Round 990 (Div. 2),comebackking,4165,1733214300,1355,1282
2047,Codeforces Round 990 (Div. 2),Ruuuumi,4165,1733214300,981,997
2047,Codeforces Round 990 (Div. 2),Bardia10,4165,1733214300,955,979
2047,Codeforces Round 990 (Div. 2),harith-s,4165,1733214300,381,674
2047,Codeforces Round 990 (Div. 2),marYhe,4165,1733214300,1081,1070
2047,Codeforces Round 990 (Div. 2),Dangerwizard,4165,1733214300,1020,1025
2047,Codeforces Round 990 (Div. 2),NavinKumarM,4165,1733214300,713,909
2047,Codeforces Round 990 (Div. 2),bo8_dady,4165,1733214300,1019,1060
2047,Codeforces Round 990 (Div. 2),Nakul_069,4165,1733214300,1175,1141
2047,Codeforces Round 990 (Div. 2),BanBan.,4165,1733214300,431,713
2047,Codeforces Round 990 (Div. 2),Rohan1875,4165,1733214300,1176,1142
2047,Codeforces Round 990 (Div. 2),sanchitkumar2911,4165,1733214300,984,1000
2047,Codeforces Round 990 (Div. 2),vipul2003,4181,1733214300,1220,1176
2047,Codeforces Round 990 (Div. 2),zzzlf,4181,1733214300,1317,1252
2047,Codeforces Round 990 (Div. 2),CookiePookie,4181,1733214300,1241,1192
2047,Codeforces Round 990 (Div. 2),NineSense,4181,1733214300,1013,1081
2047,Codeforces Round 990 (Div. 2),CoderVinit,4181,1733214300,1113,1093
2047,Codeforces Round 990 (Div. 2),wizard_24,4181,1733214300,1188,1150
2047,Codeforces Round 990 (Div. 2),Spicy_Syntax,4181,1733214300,1328,1260
2047,Codeforces Round 990 (Div. 2),AnSharma84,4181,1733214300,1116,1162
2047,Codeforces Round 990 (Div. 2),Ajay_2705,4181,1733214300,970,989
2047,Codeforces Round 990 (Div. 2),Ahmed_Akram,4181,1733214300,1021,1025
2047,Codeforces Round 990 (Div. 2),ajspeed,4181,1733214300,355,653
2047,Codeforces Round 990 (Div. 2),B1naryKn1ght,4181,1733214300,1060,1053
2047,Codeforces Round 990 (Div. 2),reileen00,4181,1733214300,996,1007
2047,Codeforces Round 990 (Div. 2),jojolastico,4194,1733214300,0,423
2047,Codeforces Round 990 (Div. 2),Yaman-Kadan,4194,1733214300,904,999
2047,Codeforces Round 990 (Div. 2),smahak_20,4194,1733214300,1211,1168
2047,Codeforces Round 990 (Div. 2),ClinZ,4194,1733214300,973,991
2047,Codeforces Round 990 (Div. 2),8Xtreme,4194,1733214300,1040,1039
2047,Codeforces Round 990 (Div. 2),wemby,4194,1733214300,1167,1172
2047,Codeforces Round 990 (Div. 2),_AhmedTarek_,4194,1733214300,1123,1101
2047,Codeforces Round 990 (Div. 2),Shresth_Rai,4201,1733214300,1071,1061
2047,Codeforces Round 990 (Div. 2),LONEWOLF09,4201,1733214300,1045,1042
2047,Codeforces Round 990 (Div. 2),doubleMasalaMaggi,4201,1733214300,1088,1112
2047,Codeforces Round 990 (Div. 2),xhuan200,4201,1733214300,1217,1172
2047,Codeforces Round 990 (Div. 2),JollyCowsHu,4201,1733214300,482,753
2047,Codeforces Round 990 (Div. 2),Prajwal2212,4201,1733214300,1194,1155
2047,Codeforces Round 990 (Div. 2),I_love_Gulchiroy,4201,1733214300,1062,1054
2047,Codeforces Round 990 (Div. 2),chirag786,4201,1733214300,1156,1125
2047,Codeforces Round 990 (Div. 2),evgen_hi,4209,1733214300,984,1034
2047,Codeforces Round 990 (Div. 2),Black_Swordsman,4209,1733214300,985,998
2047,Codeforces Round 990 (Div. 2),fx_tourist,4209,1733214300,1049,1044
2047,Codeforces Round 990 (Div. 2),vindication2023,4209,1733214300,1182,1145
2047,Codeforces Round 990 (Div. 2),infoSleuth25,4209,1733214300,0,422
2047,Codeforces Round 990 (Div. 2),1017530625,4209,1733214300,1168,1134
2047,Codeforces Round 990 (Div. 2),raj_mistry01,4209,1733214300,1084,1071
2047,Codeforces Round 990 (Div. 2),DewanganDeeksha,4209,1733214300,951,974
2047,Codeforces Round 990 (Div. 2),maxsony0297,4217,1733214300,408,694
2047,Codeforces Round 990 (Div. 2),GENERATIONAL_TALENT,4217,1733214300,451,728
2047,Codeforces Round 990 (Div. 2),harryfloppa,4217,1733214300,948,972
2047,Codeforces Round 990 (Div. 2),CodeVoyager...,4217,1733214300,948,972
2047,Codeforces Round 990 (Div. 2),parth_2003,4217,1733214300,960,980
2047,Codeforces Round 990 (Div. 2),Vedanttttt30,4222,1733214300,970,986
2047,Codeforces Round 990 (Div. 2),muqeeth26832,4222,1733214300,1158,1126
2047,Codeforces Round 990 (Div. 2),FANTASY.,4222,1733214300,1075,1062
2047,Codeforces Round 990 (Div. 2),LogicRover,4222,1733214300,391,680
2047,Codeforces Round 990 (Div. 2),nwaf,4222,1733214300,0,422
2047,Codeforces Round 990 (Div. 2),CoderWitch09,4222,1733214300,927,1029
2047,Codeforces Round 990 (Div. 2),liuby,4222,1733214300,1035,1033
2047,Codeforces Round 990 (Div. 2),kiruthees5,4222,1733214300,1279,1220
2047,Codeforces Round 990 (Div. 2),goshaman,4222,1733214300,0,422
2047,Codeforces Round 990 (Div. 2),vibhav175,4222,1733214300,922,953
2047,Codeforces Round 990 (Div. 2),Pkhacks,4222,1733214300,415,699
2047,Codeforces Round 990 (Div. 2),Jyoti_024,4222,1733214300,647,856
2047,Codeforces Round 990 (Div. 2),Bruck_08,4222,1733214300,1021,1023
2047,Codeforces Round 990 (Div. 2),aashcharyagorakh,4222,1733214300,1066,1056
2047,Codeforces Round 990 (Div. 2),code-sans,4222,1733214300,983,996
2047,Codeforces Round 990 (Div. 2),PumpKIN_,4222,1733214300,608,757
2047,Codeforces Round 990 (Div. 2),CarbonBlack,4222,1733214300,843,964
2047,Codeforces Round 990 (Div. 2),asl0304_karthikeya,4239,1733214300,969,986
2047,Codeforces Round 990 (Div. 2),omkarph,4239,1733214300,1067,1056
2047,Codeforces Round 990 (Div. 2),MHMD_3R,4239,1733214300,1284,1223
2047,Codeforces Round 990 (Div. 2),thisthisthiswhatisthis,4239,1733214300,982,1056
2047,Codeforces Round 990 (Div. 2),jagadeesh46,4239,1733214300,1106,1086
2047,Codeforces Round 990 (Div. 2),Richie26,4239,1733214300,436,715
2047,Codeforces Round 990 (Div. 2),last_switch,4239,1733214300,1258,1203
2047,Codeforces Round 990 (Div. 2),Ahmad12,4239,1733214300,1291,1230
2047,Codeforces Round 990 (Div. 2),HashRash786,4239,1733214300,1148,1118
2047,Codeforces Round 990 (Div. 2),koushik79,4239,1733214300,958,978
2047,Codeforces Round 990 (Div. 2),KenSi,4239,1733214300,942,967
2047,Codeforces Round 990 (Div. 2),Kinder_1,4250,1733214300,987,998
2047,Codeforces Round 990 (Div. 2),muyangplus,4250,1733214300,0,421
2047,Codeforces Round 990 (Div. 2),amcace,4250,1733214300,1047,1041
2047,Codeforces Round 990 (Div. 2),mahin661,4250,1733214300,1141,1112
2047,Codeforces Round 990 (Div. 2),Rohit3_,4250,1733214300,1185,1146
2047,Codeforces Round 990 (Div. 2),Shahbaz001,4250,1733214300,956,976
2047,Codeforces Round 990 (Div. 2),ashmit_rawatt,4250,1733214300,1058,1049
2047,Codeforces Round 990 (Div. 2),RB_001,4250,1733214300,1170,1134
2047,Codeforces Round 990 (Div. 2),Akhand_24,4250,1733214300,1061,1051
2047,Codeforces Round 990 (Div. 2),marcohe,4250,1733214300,643,852
2047,Codeforces Round 990 (Div. 2),ashwin_22,4250,1733214300,987,998
2047,Codeforces Round 990 (Div. 2),sahuaanshuman,4261,1733214300,861,911
2047,Codeforces Round 990 (Div. 2),p_2626,4261,1733214300,835,957
2047,Codeforces Round 990 (Div. 2),rohitt26,4261,1733214300,1083,1068
2047,Codeforces Round 990 (Div. 2),vishalkuma4180,4261,1733214300,1065,1054
2047,Codeforces Round 990 (Div. 2),ALLEN929,4261,1733214300,1010,1077
2047,Codeforces Round 990 (Div. 2),Yedige2,4261,1733214300,1279,1219
2047,Codeforces Round 990 (Div. 2),G_rizz_ly,4267,1733214300,1073,1098
2047,Codeforces Round 990 (Div. 2),Micrlol,4267,1733214300,1046,1040
2047,Codeforces Round 990 (Div. 2),100GODMOON,4267,1733214300,1195,1153
2047,Codeforces Round 990 (Div. 2),swapnilkunwar340,4267,1733214300,885,926
2047,Codeforces Round 990 (Div. 2),abandonme,4267,1733214300,1242,1190
2047,Codeforces Round 990 (Div. 2),Kuroneko_CIHL,4267,1733214300,936,961
2047,Codeforces Round 990 (Div. 2),algowizard07,4267,1733214300,1256,1201
2047,Codeforces Round 990 (Div. 2),-Ananas-,4267,1733214300,1269,1211
2047,Codeforces Round 990 (Div. 2),gdrw_long,4267,1733214300,1714,1574
2047,Codeforces Round 990 (Div. 2),emotional_emf,4267,1733214300,960,1013
2047,Codeforces Round 990 (Div. 2),ShareefAfzal,4267,1733214300,1050,1043
2047,Codeforces Round 990 (Div. 2),ravit_chatrath,4267,1733214300,925,1011
2047,Codeforces Round 990 (Div. 2),dhavalk19,4279,1733214300,1151,1119
2047,Codeforces Round 990 (Div. 2),Strongest,4279,1733214300,1226,1177
2047,Codeforces Round 990 (Div. 2),tizzytyt,4279,1733214300,1404,1318
2047,Codeforces Round 990 (Div. 2),Tagizade,4279,1733214300,849,902
2047,Codeforces Round 990 (Div. 2),shivamk0103,4279,1733214300,1107,1085
2047,Codeforces Round 990 (Div. 2),isataygaygaygaygaygaygay,4279,1733214300,1192,1150
2047,Codeforces Round 990 (Div. 2),_Mizanur,4279,1733214300,1260,1203
2047,Codeforces Round 990 (Div. 2),VulpisFoglia,4279,1733214300,934,1018
2047,Codeforces Round 990 (Div. 2),slowcoder48,4279,1733214300,1127,1139
2047,Codeforces Round 990 (Div. 2),bablo,4279,1733214300,1567,1452
2047,Codeforces Round 990 (Div. 2),saidarshan135,4289,1733214300,1066,1054
2047,Codeforces Round 990 (Div. 2),kapillohani023,4289,1733214300,1196,1153
2047,Codeforces Round 990 (Div. 2),zwh_,4289,1733214300,356,650
2047,Codeforces Round 990 (Div. 2),abhi325,4289,1733214300,931,956
2047,Codeforces Round 990 (Div. 2),dazaij,4289,1733214300,939,1036
2047,Codeforces Round 990 (Div. 2),vishal1620,4289,1733214300,1154,1120
2047,Codeforces Round 990 (Div. 2),Skittle_06,4289,1733214300,617,831
2047,Codeforces Round 990 (Div. 2),coolkid1412,4289,1733214300,766,947
2047,Codeforces Round 990 (Div. 2),tausif26,4289,1733214300,998,1004
2047,Codeforces Round 990 (Div. 2),klu2300080335,4289,1733214300,762,900
2047,Codeforces Round 990 (Div. 2),suplex_city,4289,1733214300,1176,1137
2047,Codeforces Round 990 (Div. 2),Paulieaditya,4289,1733214300,1169,1132
2047,Codeforces Round 990 (Div. 2),Jatin012,4289,1733214300,1157,1123
2047,Codeforces Round 990 (Div. 2),llawliet030874,4302,1733214300,1110,1086
2047,Codeforces Round 990 (Div. 2),1day_89,4302,1733214300,1137,1107
2047,Codeforces Round 990 (Div. 2),Dynam_7,4302,1733214300,977,988
2047,Codeforces Round 990 (Div. 2),Sen.,4302,1733214300,0,419
2047,Codeforces Round 990 (Div. 2),pa1_Kum4r,4302,1733214300,704,898
2047,Codeforces Round 990 (Div. 2),amar_13,4302,1733214300,894,931
2047,Codeforces Round 990 (Div. 2),sho_eib_w_sho_msh_eib,4302,1733214300,1441,1348
2047,Codeforces Round 990 (Div. 2),zzxuu,4302,1733214300,1141,1110
2047,Codeforces Round 990 (Div. 2),lusakanower,4302,1733214300,1023,1021
2047,Codeforces Round 990 (Div. 2),nmn_,4311,1733214300,1075,1059
2047,Codeforces Round 990 (Div. 2),uddhavjaju,4311,1733214300,1078,1061
2047,Codeforces Round 990 (Div. 2),sak_kn,4311,1733214300,1626,1500
2047,Codeforces Round 990 (Div. 2),stablelcy,4311,1733214300,598,815
2047,Codeforces Round 990 (Div. 2),adi.rajput,4311,1733214300,1168,1130
2047,Codeforces Round 990 (Div. 2),Direwolfghost,4311,1733214300,1146,1113
2047,Codeforces Round 990 (Div. 2),Silent_Ayanokoji,4311,1733214300,1048,1039
2047,Codeforces Round 990 (Div. 2),aradhyaagrawal2605,4311,1733214300,982,991
2047,Codeforces Round 990 (Div. 2),Boogeyman912,4311,1733214300,1183,1142
2047,Codeforces Round 990 (Div. 2),Rinker,4311,1733214300,747,932
2047,Codeforces Round 990 (Div. 2),mithil45,4321,1733214300,997,1038
2047,Codeforces Round 990 (Div. 2),santrupt_29,4321,1733214300,1134,1142
2047,Codeforces Round 990 (Div. 2),goketo,4321,1733214300,677,876
2047,Codeforces Round 990 (Div. 2),smerkii,4321,1733214300,978,988
2047,Codeforces Round 990 (Div. 2),yashwanth01,4321,1733214300,1140,1108
2047,Codeforces Round 990 (Div. 2),sprftw,4321,1733214300,445,720
2047,Codeforces Round 990 (Div. 2),danonymouse,4321,1733214300,663,865
2047,Codeforces Round 990 (Div. 2),Sujha,4321,1733214300,967,1041
2047,Codeforces Round 990 (Div. 2),perseus999,4321,1733214300,1118,1092
2047,Codeforces Round 990 (Div. 2),ganesh1806,4321,1733214300,1334,1261
2047,Codeforces Round 990 (Div. 2),parinavputhran,4321,1733214300,918,946
2047,Codeforces Round 990 (Div. 2),LONGTIANYI,4332,1733214300,1124,1134
2047,Codeforces Round 990 (Div. 2),GabrielCFranco,4332,1733214300,850,953
2047,Codeforces Round 990 (Div. 2),alsaim199,4332,1733214300,846,896
2047,Codeforces Round 990 (Div. 2),Zhl04,4332,1733214300,1071,1056
2047,Codeforces Round 990 (Div. 2),N1kh1L_Gujjar,4332,1733214300,939,960
2047,Codeforces Round 990 (Div. 2),spidey777,4332,1733214300,921,947
2047,Codeforces Round 990 (Div. 2),HaRsH_sHUKlA-,4332,1733214300,1142,1109
2047,Codeforces Round 990 (Div. 2),siuuuuuro7,4332,1733214300,1375,1294
2047,Codeforces Round 990 (Div. 2),Starkx07,4332,1733214300,1058,1046
2047,Codeforces Round 990 (Div. 2),mnshsk,4332,1733214300,831,887
2047,Codeforces Round 990 (Div. 2),adesh_ghadage,4342,1733214300,1160,1123
2047,Codeforces Round 990 (Div. 2),lliggelfb,4342,1733214300,857,971
2047,Codeforces Round 990 (Div. 2),Bogeyman_,4342,1733214300,868,979
2047,Codeforces Round 990 (Div. 2),karthikeyachanda,4342,1733214300,1129,1099
2047,Codeforces Round 990 (Div. 2),DARK_CL0UD,4342,1733214300,1141,1108
2047,Codeforces Round 990 (Div. 2),stillcyb3rnaut,4342,1733214300,840,892
2047,Codeforces Round 990 (Div. 2),Makise_004,4342,1733214300,823,881
2047,Codeforces Round 990 (Div. 2),sanders003,4342,1733214300,906,937
2047,Codeforces Round 990 (Div. 2),_MaHtab,4342,1733214300,989,995
2047,Codeforces Round 990 (Div. 2),Paul_Subh01,4342,1733214300,358,650
2047,Codeforces Round 990 (Div. 2),dark_horse95,4352,1733214300,1001,1003
2047,Codeforces Round 990 (Div. 2),mahto_warrior,4352,1733214300,1273,1211
2047,Codeforces Round 990 (Div. 2),miststar,4352,1733214300,970,1042
2047,Codeforces Round 990 (Div. 2),RadientRaven,4352,1733214300,1072,1055
2047,Codeforces Round 990 (Div. 2),Wiz-AR-d,4352,1733214300,807,870
2047,Codeforces Round 990 (Div. 2),YelloWhite,4352,1733214300,1201,1154
2047,Codeforces Round 990 (Div. 2),flux0k,4352,1733214300,1131,1101
2047,Codeforces Round 990 (Div. 2),-MaRuF_,4352,1733214300,901,933
2047,Codeforces Round 990 (Div. 2),Acceptacular,4352,1733214300,440,715
2047,Codeforces Round 990 (Div. 2),Mohan_Poornachandra,4352,1733214300,0,418
2047,Codeforces Round 990 (Div. 2),p_karthikeya,4362,1733214300,1051,1039
2047,Codeforces Round 990 (Div. 2),Omu_Planta,4362,1733214300,1261,1201
2047,Codeforces Round 990 (Div. 2),naveen_95,4362,1733214300,956,971
2047,Codeforces Round 990 (Div. 2),zhuifengqu,4362,1733214300,704,896
2047,Codeforces Round 990 (Div. 2),The_Obsessed_Coder,4362,1733214300,1128,1098
2047,Codeforces Round 990 (Div. 2),Sarvan_Yaduvanshi_,4362,1733214300,1348,1271
2047,Codeforces Round 990 (Div. 2),nipu_das,4368,1733214300,1324,1251
2047,Codeforces Round 990 (Div. 2),SMTYON,4368,1733214300,650,853
2047,Codeforces Round 990 (Div. 2),XoXoDipti,4368,1733214300,1075,1057
2047,Codeforces Round 990 (Div. 2),qav,4368,1733214300,1329,1256
2047,Codeforces Round 990 (Div. 2),Yashika_garg,4368,1733214300,887,922
2047,Codeforces Round 990 (Div. 2),Arkadeb,4368,1733214300,1087,1066
2047,Codeforces Round 990 (Div. 2),nikhilist,4368,1733214300,1101,1077
2047,Codeforces Round 990 (Div. 2),l_FoRbIdDeN_l,4368,1733214300,1298,1231
2047,Codeforces Round 990 (Div. 2),achal3,4376,1733214300,665,865
2047,Codeforces Round 990 (Div. 2),JustNoobkkk,4376,1733214300,1132,1100
2047,Codeforces Round 990 (Div. 2),suryansh22s,4376,1733214300,860,903
2047,Codeforces Round 990 (Div. 2),abhikumar63,4376,1733214300,977,985
2047,Codeforces Round 990 (Div. 2),krishna612,4376,1733214300,954,968
2047,Codeforces Round 990 (Div. 2),Destroyer2_4_3,4376,1733214300,1169,1129
2047,Codeforces Round 990 (Div. 2),akil1625,4376,1733214300,1046,1035
2047,Codeforces Round 990 (Div. 2),Phoenix_petrel,4376,1733214300,1078,1059
2047,Codeforces Round 990 (Div. 2),CrimsonMarauderr,4384,1733214300,1042,1070
2047,Codeforces Round 990 (Div. 2),rishinotfound,4384,1733214300,818,928
2047,Codeforces Round 990 (Div. 2),huanyizhiyuan,4384,1733214300,1486,1383
2047,Codeforces Round 990 (Div. 2),anumulaadarsh0,4384,1733214300,852,898
2047,Codeforces Round 990 (Div. 2),JyotishmanSaikia,4384,1733214300,581,799
2047,Codeforces Round 990 (Div. 2),wubian231,4389,1733214300,958,971
2047,Codeforces Round 990 (Div. 2),harshitbeniwal,4389,1733214300,1285,1220
2047,Codeforces Round 990 (Div. 2),RMolanoD7,4389,1733214300,664,863
2047,Codeforces Round 990 (Div. 2),Real_Gangster,4389,1733214300,0,417
2047,Codeforces Round 990 (Div. 2),ayush_rider,4389,1733214300,914,1013
2047,Codeforces Round 990 (Div. 2),rakib730,4389,1733214300,1173,1131
2047,Codeforces Round 990 (Div. 2),sharmalavneesh3,4389,1733214300,1016,1012
2047,Codeforces Round 990 (Div. 2),Chet1398,4389,1733214300,1133,1100
2047,Codeforces Round 990 (Div. 2),Krashna_23,4397,1733214300,1245,1187
2047,Codeforces Round 990 (Div. 2),yash88147,4397,1733214300,1027,1020
2047,Codeforces Round 990 (Div. 2),Jazaba,4397,1733214300,1157,1119
2047,Codeforces Round 990 (Div. 2),YouSen,4397,1733214300,962,973
2047,Codeforces Round 990 (Div. 2),Sreven,4397,1733214300,947,962
2047,Codeforces Round 990 (Div. 2),bhanusngr362,4397,1733214300,1101,1076
2047,Codeforces Round 990 (Div. 2),VelvetJinx,4397,1733214300,728,914
2047,Codeforces Round 990 (Div. 2),Saaraas,4397,1733214300,911,995
2047,Codeforces Round 990 (Div. 2),KushLahoti,4397,1733214300,1172,1130
2047,Codeforces Round 990 (Div. 2),Blue_BEE,4406,1733214300,1193,1146
2047,Codeforces Round 990 (Div. 2),NazarM,4406,1733214300,1080,1060
2047,Codeforces Round 990 (Div. 2),JBR_CP_1000101,4406,1733214300,930,950
2047,Codeforces Round 990 (Div. 2),Turkeyy,4409,1733214300,1061,1045
2047,Codeforces Round 990 (Div. 2),__Nayeem_,4409,1733214300,863,959
2047,Codeforces Round 990 (Div. 2),Andreas0x07,4409,1733214300,1192,1145
2047,Codeforces Round 990 (Div. 2),kanishka88660,4409,1733214300,1029,1021
2047,Codeforces Round 990 (Div. 2),MohamedA_,4409,1733214300,839,888
2047,Codeforces Round 990 (Div. 2),mzz2,4409,1733214300,825,879
2047,Codeforces Round 990 (Div. 2),jadoocoder,4409,1733214300,1102,1076
2047,Codeforces Round 990 (Div. 2),Nasr74,4416,1733214300,1245,1187
2047,Codeforces Round 990 (Div. 2),Akhil_19,4416,1733214300,932,951
2047,Codeforces Round 990 (Div. 2),akkiydav21,4418,1733214300,985,988
2047,Codeforces Round 990 (Div. 2),sanchitkumarsingh0988,4418,1733214300,992,993
2047,Codeforces Round 990 (Div. 2),tanmaisai123,4418,1733214300,983,987
2047,Codeforces Round 990 (Div. 2),big_snus,4418,1733214300,0,416
2047,Codeforces Round 990 (Div. 2),Future_Polymath,4418,1733214300,1072,1053
2047,Codeforces Round 990 (Div. 2),phantomstar3.14,4418,1733214300,1305,1235
2047,Codeforces Round 990 (Div. 2),Dhaval-Jain-867,4418,1733214300,707,896
2047,Codeforces Round 990 (Div. 2),b75487854,4418,1733214300,991,992
2047,Codeforces Round 990 (Div. 2),gourav_27,4418,1733214300,1015,1010
2047,Codeforces Round 990 (Div. 2),YayaScript,4418,1733214300,1008,1005
2047,Codeforces Round 990 (Div. 2),SohanKumar109,4428,1733214300,837,952
2047,Codeforces Round 990 (Div. 2),wdy._.hizard,4428,1733214300,770,946
2047,Codeforces Round 990 (Div. 2),wmdmzxfhhh,4428,1733214300,941,1017
2047,Codeforces Round 990 (Div. 2),-0.50,4428,1733214300,1107,1079
2047,Codeforces Round 990 (Div. 2),chknaren,4428,1733214300,992,993
2047,Codeforces Round 990 (Div. 2),JaiShivShankar,4428,1733214300,903,988
2047,Codeforces Round 990 (Div. 2),rishabhgoyal.champion123,4428,1733214300,970,977
2047,Codeforces Round 990 (Div. 2),NeuralKnight,4428,1733214300,1159,1119
2047,Codeforces Round 990 (Div. 2),James_bond_067,4428,1733214300,1268,1204
2047,Codeforces Round 990 (Div. 2),ROCHDI,4437,1733214300,1107,1079
2047,Codeforces Round 990 (Div. 2),Lavox,4437,1733214300,682,876
2047,Codeforces Round 990 (Div. 2),Mayank_kumar1710,4437,1733214300,406,685
2047,Codeforces Round 990 (Div. 2),ColdestKyurem,4437,1733214300,661,859
2047,Codeforces Round 990 (Div. 2),shubhamgyd,4437,1733214300,988,990
2047,Codeforces Round 990 (Div. 2),Ahbbxjaiq,4437,1733214300,812,933
2047,Codeforces Round 990 (Div. 2),NaroToT,4437,1733214300,1049,1034
2047,Codeforces Round 990 (Div. 2),Abhiroop_11,4437,1733214300,1019,1012
2047,Codeforces Round 990 (Div. 2),ARYAN._,4437,1733214300,978,982
2047,Codeforces Round 990 (Div. 2),lior_,4437,1733214300,392,674
2047,Codeforces Round 990 (Div. 2),Daemon_,4437,1733214300,1047,1033
2047,Codeforces Round 990 (Div. 2),Special_One,4448,1733214300,1099,1072
2047,Codeforces Round 990 (Div. 2),A_a_s_h_u_,4448,1733214300,956,966
2047,Codeforces Round 990 (Div. 2),FallAir,4448,1733214300,880,984
2047,Codeforces Round 990 (Div. 2),aeyaz,4448,1733214300,1034,1023
2047,Codeforces Round 990 (Div. 2),Adel_Nasyf,4448,1733214300,798,921
2047,Codeforces Round 990 (Div. 2),scutmgy,4448,1733214300,893,979
2047,Codeforces Round 990 (Div. 2),yi100887,4448,1733214300,632,836
2047,Codeforces Round 990 (Div. 2),slol003,4448,1733214300,888,953
2047,Codeforces Round 990 (Div. 2),devanshmishra123,4448,1733214300,711,804
2047,Codeforces Round 990 (Div. 2),Terrifier,4448,1733214300,1076,1055
2047,Codeforces Round 990 (Div. 2),YangJJie,4458,1733214300,1309,1237
2047,Codeforces Round 990 (Div. 2),irony101,4458,1733214300,392,673
2047,Codeforces Round 990 (Div. 2),MatinalCosmos,4458,1733214300,914,1011
2047,Codeforces Round 990 (Div. 2),duss_duss,4458,1733214300,1142,1105
2047,Codeforces Round 990 (Div. 2),Love-to-Byte,4458,1733214300,1034,1087
2047,Codeforces Round 990 (Div. 2),vansh.pa77,4458,1733214300,396,676
2047,Codeforces Round 990 (Div. 2),blinderchief,4458,1733214300,994,993
2047,Codeforces Round 990 (Div. 2),_mustafo_,4458,1733214300,956,1002
2047,Codeforces Round 990 (Div. 2),HazelVoyage,4458,1733214300,788,960
2047,Codeforces Round 990 (Div. 2),damiya,4467,1733214300,1096,1069
2047,Codeforces Round 990 (Div. 2),angrygroot,4467,1733214300,1081,1058
2047,Codeforces Round 990 (Div. 2),Rimon_Tanmoy,4467,1733214300,1213,1160
2047,Codeforces Round 990 (Div. 2),SeeYouSpaceCowboy,4467,1733214300,1151,1111
2047,Codeforces Round 990 (Div. 2),tanvee,4467,1733214300,1256,1194
2047,Codeforces Round 990 (Div. 2),keshav_singhal04,4467,1733214300,886,989
2047,Codeforces Round 990 (Div. 2),prayag2,4473,1733214300,955,1025
2047,Codeforces Round 990 (Div. 2),lovesosa,4473,1733214300,1225,1169
2047,Codeforces Round 990 (Div. 2),NishantBansal2003,4473,1733214300,1634,1503
2047,Codeforces Round 990 (Div. 2),BOT_GIAN,4473,1733214300,917,938
2047,Codeforces Round 990 (Div. 2),sulabhambule,4473,1733214300,1203,1151
2047,Codeforces Round 990 (Div. 2),DrRedScull,4478,1733214300,1349,1268
2047,Codeforces Round 990 (Div. 2),xrk20060523xrk,4478,1733214300,0,415
2047,Codeforces Round 990 (Div. 2),cl_2,4478,1733214300,644,844
2047,Codeforces Round 990 (Div. 2),Abdullah-Arslan,4478,1733214300,1085,1060
2047,Codeforces Round 990 (Div. 2),paradox_24,4478,1733214300,930,946
2047,Codeforces Round 990 (Div. 2),kaosar_the_Joyboy,4478,1733214300,1128,1093
2047,Codeforces Round 990 (Div. 2),Alonso_zz,4478,1733214300,1145,1106
2047,Codeforces Round 990 (Div. 2),Pavan_g,4485,1733214300,852,961
2047,Codeforces Round 990 (Div. 2),forceag,4485,1733214300,1083,1058
2047,Codeforces Round 990 (Div. 2),fedi.benothmen3,4485,1733214300,632,835
2047,Codeforces Round 990 (Div. 2),dhdung2009,4485,1733214300,0,414
2047,Codeforces Round 990 (Div. 2),theuniqueFersa,4485,1733214300,1024,1014
2047,Codeforces Round 990 (Div. 2),Hemanshu2003,4485,1733214300,1030,1018
2047,Codeforces Round 990 (Div. 2),target3000,4485,1733214300,931,1023
2047,Codeforces Round 990 (Div. 2),Hossain0012,4485,1733214300,1168,1124
2047,Codeforces Round 990 (Div. 2),dhynincoding2004,4493,1733214300,1098,1069
2047,Codeforces Round 990 (Div. 2),sarthak107,4493,1733214300,1303,1231
2047,Codeforces Round 990 (Div. 2),rajasurya_rjs,4493,1733214300,1034,1021
2047,Codeforces Round 990 (Div. 2),Atul_2301,4493,1733214300,1329,1252
2047,Codeforces Round 990 (Div. 2),ahsanhabibsadik123,4493,1733214300,1126,1091
2047,Codeforces Round 990 (Div. 2),butterfly14,4493,1733214300,985,985
2047,Codeforces Round 990 (Div. 2),Biologist,4493,1733214300,1097,1069
2047,Codeforces Round 990 (Div. 2),Hemal__404,4493,1733214300,1059,1040
2047,Codeforces Round 990 (Div. 2),Th3_Ch0sen_One,4493,1733214300,1128,1092
2047,Codeforces Round 990 (Div. 2),prembansal,4502,1733214300,968,973
2047,Codeforces Round 990 (Div. 2),hua_z,4502,1733214300,0,414
2047,Codeforces Round 990 (Div. 2),_mradul_,4502,1733214300,696,885
2047,Codeforces Round 990 (Div. 2),atijain12,4502,1733214300,804,860
2047,Codeforces Round 990 (Div. 2),sunny_0502,4502,1733214300,1273,1206
2047,Codeforces Round 990 (Div. 2),tong_qi,4502,1733214300,708,894
2047,Codeforces Round 990 (Div. 2),Occasional_Optimist,4502,1733214300,990,1051
2047,Codeforces Round 990 (Div. 2),OmMaheshwari,4509,1733214300,1105,1074
2047,Codeforces Round 990 (Div. 2),suzakudry,4509,1733214300,1201,1149
2047,Codeforces Round 990 (Div. 2),Hossain_Ahmed,4509,1733214300,945,956
2047,Codeforces Round 990 (Div. 2),Mephiston,4509,1733214300,949,1019
2047,Codeforces Round 990 (Div. 2),Leeeee,4513,1733214300,1348,1267
2047,Codeforces Round 990 (Div. 2),Sumanth_hs,4513,1733214300,973,1012
2047,Codeforces Round 990 (Div. 2),tnpzzz03,4513,1733214300,995,991
2047,Codeforces Round 990 (Div. 2),honoured_one7,4513,1733214300,1136,1098
2047,Codeforces Round 990 (Div. 2),Kunsh_2637,4513,1733214300,685,784
2047,Codeforces Round 990 (Div. 2),Prathvik1246,4513,1733214300,933,947
2047,Codeforces Round 990 (Div. 2),nhihorakya1,4519,1733214300,856,949
2047,Codeforces Round 990 (Div. 2),gehiv_1,4519,1733214300,1081,1055
2047,Codeforces Round 990 (Div. 2),Uzumaki123,4519,1733214300,1166,1121
2047,Codeforces Round 990 (Div. 2),prashant81556,4519,1733214300,1063,1042
2047,Codeforces Round 990 (Div. 2),yerlan.newlife15,4519,1733214300,869,973
2047,Codeforces Round 990 (Div. 2),vasubhrdwj,4519,1733214300,1055,1036
2047,Codeforces Round 990 (Div. 2),Radit27GT,4519,1733214300,861,897
2047,Codeforces Round 990 (Div. 2),riazul_islam,4526,1733214300,1125,1089
2047,Codeforces Round 990 (Div. 2),13_pihul,4526,1733214300,1014,1005
2047,Codeforces Round 990 (Div. 2),vikaschinthala,4526,1733214300,837,935
2047,Codeforces Round 990 (Div. 2),Harshit_Raj_14,4526,1733214300,1194,1143
2047,Codeforces Round 990 (Div. 2),telur,4526,1733214300,1789,1631
2047,Codeforces Round 990 (Div. 2),zhongwenzhen,4526,1733214300,1136,1097
2047,Codeforces Round 990 (Div. 2),Millenialkiid,4526,1733214300,1192,1141
2047,Codeforces Round 990 (Div. 2),Mr_Gajera112,4526,1733214300,941,952
2047,Codeforces Round 990 (Div. 2),echen9870,4534,1733214300,461,726
2047,Codeforces Round 990 (Div. 2),EIR94326,4534,1733214300,1025,1012
2047,Codeforces Round 990 (Div. 2),ReverseFlash081,4534,1733214300,393,672
2047,Codeforces Round 990 (Div. 2),Yule_,4534,1733214300,975,1057
2047,Codeforces Round 990 (Div. 2),3omda_,4534,1733214300,976,976
2047,Codeforces Round 990 (Div. 2),Monzer_DA,4534,1733214300,1279,1210
2047,Codeforces Round 990 (Div. 2),Syanvu1,4534,1733214300,1400,1308
2047,Codeforces Round 990 (Div. 2),tardis75,4534,1733214300,991,988
2047,Codeforces Round 990 (Div. 2),MrAngello,4542,1733214300,1224,1166
2047,Codeforces Round 990 (Div. 2),huyhieu1422002,4542,1733214300,479,741
2047,Codeforces Round 990 (Div. 2),coderseaorcus,4542,1733214300,1050,1031
2047,Codeforces Round 990 (Div. 2),Omar_Hamdon,4542,1733214300,1519,1406
2047,Codeforces Round 990 (Div. 2),rhanyu,4542,1733214300,1139,1099
2047,Codeforces Round 990 (Div. 2),Anubhav_Sultania,4542,1733214300,1130,1092
2047,Codeforces Round 990 (Div. 2),zzNcl,4542,1733214300,0,413
2047,Codeforces Round 990 (Div. 2),eizw,4542,1733214300,0,413
2047,Codeforces Round 990 (Div. 2),RacsoFractal,4542,1733214300,991,987
2047,Codeforces Round 990 (Div. 2),Coding_Ninja01,4542,1733214300,1131,1093
2047,Codeforces Round 990 (Div. 2),NandosIsOk,4552,1733214300,871,902
2047,Codeforces Round 990 (Div. 2),casterly6,4552,1733214300,681,871
2047,Codeforces Round 990 (Div. 2),Ayush_ece,4552,1733214300,1126,1089
2047,Codeforces Round 990 (Div. 2),Shivam_Choithwani,4555,1733214300,1135,1096
2047,Codeforces Round 990 (Div. 2),dante0,4555,1733214300,1229,1169
2047,Codeforces Round 990 (Div. 2),Herbert_lyw,4555,1733214300,1098,1106
2047,Codeforces Round 990 (Div. 2),devansh2624,4555,1733214300,972,973
2047,Codeforces Round 990 (Div. 2),BhaviG,4555,1733214300,873,975
2047,Codeforces Round 990 (Div. 2),sibashis_12,4555,1733214300,1307,1232
2047,Codeforces Round 990 (Div. 2),EverBeyondInfinity,4555,1733214300,0,412
2047,Codeforces Round 990 (Div. 2),SamarMahfooz,4555,1733214300,987,983
2047,Codeforces Round 990 (Div. 2),Luca0506,4563,1733214300,415,688
2047,Codeforces Round 990 (Div. 2),Aryan_BV,4563,1733214300,897,978
2047,Codeforces Round 990 (Div. 2),barshan_10,4563,1733214300,942,951
2047,Codeforces Round 990 (Div. 2),vishal_2304,4563,1733214300,0,412
2047,Codeforces Round 990 (Div. 2),anshika.yadav.mat22,4563,1733214300,1063,1040
2047,Codeforces Round 990 (Div. 2),pookieblinders,4563,1733214300,972,1009
2047,Codeforces Round 990 (Div. 2),addirox_29,4569,1733214300,1094,1063
2047,Codeforces Round 990 (Div. 2),XxtmoitraxX,4569,1733214300,890,914
2047,Codeforces Round 990 (Div. 2),tranminhtri2808,4569,1733214300,623,824
2047,Codeforces Round 990 (Div. 2),murad501,4569,1733214300,1136,1096
2047,Codeforces Round 990 (Div. 2),verdiayuv,4569,1733214300,919,934
2047,Codeforces Round 990 (Div. 2),Binomial77,4569,1733214300,1121,1084
2047,Codeforces Round 990 (Div. 2),NaRsU_98,4575,1733214300,941,949
2047,Codeforces Round 990 (Div. 2),Kitty_alo_Ronaldo,4575,1733214300,927,1000
2047,Codeforces Round 990 (Div. 2),h4rry_cf,4575,1733214300,1246,1182
2047,Codeforces Round 990 (Div. 2),anuragak021,4575,1733214300,985,981
2047,Codeforces Round 990 (Div. 2),manash2042003,4575,1733214300,1184,1133
2047,Codeforces Round 990 (Div. 2),aryansingh7910,4575,1733214300,1110,1075
2047,Codeforces Round 990 (Div. 2),lohith_matcha,4581,1733214300,1156,1111
2047,Codeforces Round 990 (Div. 2),Andrey_Tyukh,4581,1733214300,1189,1137
2047,Codeforces Round 990 (Div. 2),Invincible108,4581,1733214300,1022,1046
2047,Codeforces Round 990 (Div. 2),CowBLjh,4581,1733214300,914,990
2047,Codeforces Round 990 (Div. 2),jigyasu_kalyan,4585,1733214300,1084,1055
2047,Codeforces Round 990 (Div. 2),mridulChhipa,4585,1733214300,924,998
2047,Codeforces Round 990 (Div. 2),RahaZK,4585,1733214300,945,952
2047,Codeforces Round 990 (Div. 2),.Terist,4585,1733214300,1185,1134
2047,Codeforces Round 990 (Div. 2),Dusk1706,4585,1733214300,1169,1121
2047,Codeforces Round 990 (Div. 2),Langjiqianli,4585,1733214300,1006,996
2047,Codeforces Round 990 (Div. 2),d3v.souparno.ch28,4591,1733214300,953,957
2047,Codeforces Round 990 (Div. 2),sooryakumar0236,4591,1733214300,1147,1143
2047,Codeforces Round 990 (Div. 2),Steamy_Potato,4591,1733214300,413,686
2047,Codeforces Round 990 (Div. 2),n4h1ss,4591,1733214300,961,963
2047,Codeforces Round 990 (Div. 2),IrColor,4591,1733214300,1075,1048
2047,Codeforces Round 990 (Div. 2),Ny0n,4591,1733214300,1323,1244
2047,Codeforces Round 990 (Div. 2),av_01,4591,1733214300,1347,1263
2047,Codeforces Round 990 (Div. 2),Mohammad_Almstafa,4598,1733214300,1140,1098
2047,Codeforces Round 990 (Div. 2),pramitkchandra10,4598,1733214300,1195,1141
2047,Codeforces Round 990 (Div. 2),A_aryan_121,4598,1733214300,881,980
2047,Codeforces Round 990 (Div. 2),zhuzk,4598,1733214300,713,895
2047,Codeforces Round 990 (Div. 2),TuanMinhDo123,4598,1733214300,1183,1131
2047,Codeforces Round 990 (Div. 2),Aloo___Paratha,4598,1733214300,1363,1277
2047,Codeforces Round 990 (Div. 2),veduuuuu,4604,1733214300,666,857
2047,Codeforces Round 990 (Div. 2),Inevitble,4604,1733214300,1017,1004
2047,Codeforces Round 990 (Div. 2),Puzzle_ninja,4604,1733214300,949,954
2047,Codeforces Round 990 (Div. 2),adesh11,4604,1733214300,930,1001
2047,Codeforces Round 990 (Div. 2),oprizoff,4604,1733214300,1039,1020
2047,Codeforces Round 990 (Div. 2),MiaoYu404,4604,1733214300,812,975
2047,Codeforces Round 990 (Div. 2),pradeepsingh30,4604,1733214300,956,959
2047,Codeforces Round 990 (Div. 2),Le_Tuong_Chi,4611,1733214300,379,658
2047,Codeforces Round 990 (Div. 2),rishank.goyal,4611,1733214300,1294,1292
2047,Codeforces Round 990 (Div. 2),dammuchaitanya,4611,1733214300,1076,1048
2047,Codeforces Round 990 (Div. 2),selvaganesh12p,4611,1733214300,894,990
2047,Codeforces Round 990 (Div. 2),MithilaReich,4611,1733214300,1406,1311
2047,Codeforces Round 990 (Div. 2),JAS1123,4611,1733214300,1101,1105
2047,Codeforces Round 990 (Div. 2),SHREYANSHJAIN,4611,1733214300,1178,1127
2047,Codeforces Round 990 (Div. 2),A_E_S,4611,1733214300,1004,993
2047,Codeforces Round 990 (Div. 2),metadev,4611,1733214300,905,922
2047,Codeforces Round 990 (Div. 2),rAUGer,4620,1733214300,1179,1128
2047,Codeforces Round 990 (Div. 2),xinglili,4620,1733214300,1527,1411
2047,Codeforces Round 990 (Div. 2),Sakshi_22,4620,1733214300,1209,1151
2047,Codeforces Round 990 (Div. 2),NeerajMansingh,4620,1733214300,920,993
2047,Codeforces Round 990 (Div. 2),KaSo06,4624,1733214300,912,986
2047,Codeforces Round 990 (Div. 2),cezarica,4624,1733214300,902,920
2047,Codeforces Round 990 (Div. 2),abhishek763__,4624,1733214300,1290,1256
2047,Codeforces Round 990 (Div. 2),rampkroctzzcc,4624,1733214300,852,956
2047,Codeforces Round 990 (Div. 2),Heet.Patel,4624,1733214300,1154,1108
2047,Codeforces Round 990 (Div. 2),polanap,4624,1733214300,951,954
2047,Codeforces Round 990 (Div. 2),shahriyarsami,4630,1733214300,1007,995
2047,Codeforces Round 990 (Div. 2),udaysr17,4630,1733214300,1151,1105
2047,Codeforces Round 990 (Div. 2),harsha_medicharla,4630,1733214300,967,965
2047,Codeforces Round 990 (Div. 2),mwh04,4630,1733214300,1295,1220
2047,Codeforces Round 990 (Div. 2),echo-hope,4630,1733214300,999,989
2047,Codeforces Round 990 (Div. 2),spacelion,4635,1733214300,1153,1107
2047,Codeforces Round 990 (Div. 2),Sanat0412,4635,1733214300,1185,1132
2047,Codeforces Round 990 (Div. 2),phanquangminh070707,4635,1733214300,1078,1048
2047,Codeforces Round 990 (Div. 2),MetalZeal,4638,1733214300,1062,1036
2047,Codeforces Round 990 (Div. 2),Anuj123321,4638,1733214300,1283,1210
2047,Codeforces Round 990 (Div. 2),fxnb,4638,1733214300,1067,1040
2047,Codeforces Round 990 (Div. 2),Devesh7701,4638,1733214300,950,953
2047,Codeforces Round 990 (Div. 2),SunFlowerBaby,4638,1733214300,0,410
2047,Codeforces Round 990 (Div. 2),newyear,4638,1733214300,1130,1088
2047,Codeforces Round 990 (Div. 2),tanviiir,4638,1733214300,944,948
2047,Codeforces Round 990 (Div. 2),donghuyhoang,4638,1733214300,1031,1012
2047,Codeforces Round 990 (Div. 2),vikramseervi,4638,1733214300,867,894
2047,Codeforces Round 990 (Div. 2),TheAnonymousAMGR,4647,1733214300,1077,1047
2047,Codeforces Round 990 (Div. 2),jacobdavis,4647,1733214300,1019,1003
2047,Codeforces Round 990 (Div. 2),Razvan_velcu,4647,1733214300,829,868
2047,Codeforces Round 990 (Div. 2),rakshit__modi,4647,1733214300,0,410
2047,Codeforces Round 990 (Div. 2),Istiak516,4647,1733214300,1219,1158
2047,Codeforces Round 990 (Div. 2),ayush_mnag,4647,1733214300,0,410
2047,Codeforces Round 990 (Div. 2),AAE,4653,1733214300,1070,1042
2047,Codeforces Round 990 (Div. 2),2077devwave,4653,1733214300,1193,1137
2047,Codeforces Round 990 (Div. 2),mika.andriamiadana,4653,1733214300,391,666
2047,Codeforces Round 990 (Div. 2),kubayaxi,4653,1733214300,874,898
2047,Codeforces Round 990 (Div. 2),jai_hanuman_,4653,1733214300,0,410
2047,Codeforces Round 990 (Div. 2),Teja_dayana,4653,1733214300,728,803
2047,Codeforces Round 990 (Div. 2),another_tourist,4653,1733214300,0,410
2047,Codeforces Round 990 (Div. 2),spark93,4660,1733214300,949,952
2047,Codeforces Round 990 (Div. 2),feitiandog,4661,1733214300,946,949
2047,Codeforces Round 990 (Div. 2),Priyanshu171,4661,1733214300,1013,998
2047,Codeforces Round 990 (Div. 2),Salazar,4661,1733214300,1244,1178
2047,Codeforces Round 990 (Div. 2),dthai2424,4661,1733214300,1140,1095
2047,Codeforces Round 990 (Div. 2),beluga_yeet,4661,1733214300,887,907
2047,Codeforces Round 990 (Div. 2),anshika_04,4661,1733214300,995,984
2047,Codeforces Round 990 (Div. 2),xxxxffxx,4661,1733214300,1095,1060
2047,Codeforces Round 990 (Div. 2),PunIsher_11,4668,1733214300,1147,1140
2047,Codeforces Round 990 (Div. 2),Skryy,4668,1733214300,1055,1118
2047,Codeforces Round 990 (Div. 2),virtual2.0,4668,1733214300,976,970
2047,Codeforces Round 990 (Div. 2),wiza_rd,4668,1733214300,1179,1126
2047,Codeforces Round 990 (Div. 2),IntruSieve,4672,1733214300,1069,1040
2047,Codeforces Round 990 (Div. 2),yuvanadvaith,4672,1733214300,788,839
2047,Codeforces Round 990 (Div. 2),PAYAS_GOD,4672,1733214300,887,966
2047,Codeforces Round 990 (Div. 2),baishakhmahfiz,4675,1733214300,1042,1020
2047,Codeforces Round 990 (Div. 2),pranavjawale01,4675,1733214300,1276,1203
2047,Codeforces Round 990 (Div. 2),Zxeao,4675,1733214300,1020,1041
2047,Codeforces Round 990 (Div. 2),winnertakesitall,4675,1733214300,739,808
2047,Codeforces Round 990 (Div. 2),Hiro-Hamada,4675,1733214300,1079,1047
2047,Codeforces Round 990 (Div. 2),Kushagra_Jain02,4675,1733214300,1239,1173
2047,Codeforces Round 990 (Div. 2),zeroFPS,4675,1733214300,883,939
2047,Codeforces Round 990 (Div. 2),suzziahar,4675,1733214300,854,884
2047,Codeforces Round 990 (Div. 2),AarushIITM,4675,1733214300,1058,1031
2047,Codeforces Round 990 (Div. 2),LogicalLuminary,4675,1733214300,671,859
2047,Codeforces Round 990 (Div. 2),Xhita,4685,1733214300,1040,1056
2047,Codeforces Round 990 (Div. 2),Sagnik_2004,4685,1733214300,439,704
2047,Codeforces Round 990 (Div. 2),ashule,4685,1733214300,847,950
2047,Codeforces Round 990 (Div. 2),DrPaulVazo,4685,1733214300,1141,1095
2047,Codeforces Round 990 (Div. 2),catastrophic,4685,1733214300,429,696
2047,Codeforces Round 990 (Div. 2),T0asted_T1tan,4685,1733214300,1043,1020
2047,Codeforces Round 990 (Div. 2),Alexander12313,4691,1733214300,0,409
2047,Codeforces Round 990 (Div. 2),Thunder_strom007,4691,1733214300,1364,1275
2047,Codeforces Round 990 (Div. 2),motongyu,4691,1733214300,0,409
2047,Codeforces Round 990 (Div. 2),MadhusudanKabra,4694,1733214300,1587,1459
2047,Codeforces Round 990 (Div. 2),nikhil172,4694,1733214300,694,877
2047,Codeforces Round 990 (Div. 2),BitMonk,4694,1733214300,835,940
2047,Codeforces Round 990 (Div. 2),Paarth_Mandelia,4697,1733214300,770,890
2047,Codeforces Round 990 (Div. 2),arnabdas_1034,4697,1733214300,414,683
2047,Codeforces Round 990 (Div. 2),goddddgg,4697,1733214300,893,986
2047,Codeforces Round 990 (Div. 2),dhruvgoyal04,4697,1733214300,0,409
2047,Codeforces Round 990 (Div. 2),hongzhenbo,4697,1733214300,604,805
2047,Codeforces Round 990 (Div. 2),King_Psi,4697,1733214300,410,680
2047,Codeforces Round 990 (Div. 2),24112006,4697,1733214300,983,974
2047,Codeforces Round 990 (Div. 2),albatrosh,4704,1733214300,461,722
2047,Codeforces Round 990 (Div. 2),VSS103073_Ali,4704,1733214300,855,883
2047,Codeforces Round 990 (Div. 2),stoney,4704,1733214300,919,928
2047,Codeforces Round 990 (Div. 2),Haythammahmed22,4704,1733214300,921,929
2047,Codeforces Round 990 (Div. 2),LifeHardMode,4704,1733214300,721,898
2047,Codeforces Round 990 (Div. 2),3mk_Mina,4704,1733214300,977,969
2047,Codeforces Round 990 (Div. 2),Shahd_Ku,4704,1733214300,1033,1011
2047,Codeforces Round 990 (Div. 2),zanifa_zini,4704,1733214300,1021,1002
2047,Codeforces Round 990 (Div. 2),Vimury,4712,1733214300,1416,1316
2047,Codeforces Round 990 (Div. 2),Anu_rag_Singh,4712,1733214300,1044,1020
2047,Codeforces Round 990 (Div. 2),HB_Error20,4712,1733214300,987,976
2047,Codeforces Round 990 (Div. 2),askeladdd,4712,1733214300,1287,1211
2047,Codeforces Round 990 (Div. 2),Trumpsunderwear,4716,1733214300,899,912
2047,Codeforces Round 990 (Div. 2),CPsuckz,4716,1733214300,1013,995
2047,Codeforces Round 990 (Div. 2),bluket,4716,1733214300,879,974
2047,Codeforces Round 990 (Div. 2),Maulik_Agarwal,4716,1733214300,897,988
2047,Codeforces Round 990 (Div. 2),DBsan,4716,1733214300,1067,1037
2047,Codeforces Round 990 (Div. 2),Priyanshu324,4716,1733214300,883,901
2047,Codeforces Round 990 (Div. 2),_Berlin_,4716,1733214300,900,913
2047,Codeforces Round 990 (Div. 2),JSS_VATSAV,4716,1733214300,0,408
2047,Codeforces Round 990 (Div. 2),gamer_in_heart,4724,1733214300,642,834
2047,Codeforces Round 990 (Div. 2),DarkVoyage,4724,1733214300,1010,1031
2047,Codeforces Round 990 (Div. 2),theadotk,4724,1733214300,644,746
2047,Codeforces Round 990 (Div. 2),its_kartik,4724,1733214300,409,679
2047,Codeforces Round 990 (Div. 2),amanraj87,4724,1733214300,1234,1167
2047,Codeforces Round 990 (Div. 2),varun_8402,4724,1733214300,991,1016
2047,Codeforces Round 990 (Div. 2),Mikesinister,4724,1733214300,1034,1011
2047,Codeforces Round 990 (Div. 2),yuvrajye,4724,1733214300,931,935
2047,Codeforces Round 990 (Div. 2),sunflower80,4724,1733214300,975,967
2047,Codeforces Round 990 (Div. 2),ayaanOVO,4724,1733214300,1160,1109
2047,Codeforces Round 990 (Div. 2),swjswj2529411658,4734,1733214300,971,963
2047,Codeforces Round 990 (Div. 2),aayush_0208,4734,1733214300,1033,1010
2047,Codeforces Round 990 (Div. 2),professionalgamerz36,4734,1733214300,0,407
2047,Codeforces Round 990 (Div. 2),maan1225,4734,1733214300,925,930
2047,Codeforces Round 990 (Div. 2),himani3366,4734,1733214300,918,987
2047,Codeforces Round 990 (Div. 2),himanshugugria,4734,1733214300,796,908
2047,Codeforces Round 990 (Div. 2),limif,4734,1733214300,1491,1378
2047,Codeforces Round 990 (Div. 2),shuangcf,4734,1733214300,0,407
2047,Codeforces Round 990 (Div. 2),advaitpat9,4734,1733214300,1070,1038
2047,Codeforces Round 990 (Div. 2),itachi9604,4743,1733214300,598,799
2047,Codeforces Round 990 (Div. 2),Abdelkarim_,4743,1733214300,1308,1227
2047,Codeforces Round 990 (Div. 2),abhayeditor123,4743,1733214300,1010,992
2047,Codeforces Round 990 (Div. 2),DIVYESH_ODEDARA,4743,1733214300,893,907
2047,Codeforces Round 990 (Div. 2),TakatsukiSpring,4747,1733214300,913,957
2047,Codeforces Round 990 (Div. 2),himmimehta21,4747,1733214300,1030,1008
2047,Codeforces Round 990 (Div. 2),Prakash_OP,4747,1733214300,1182,1125
2047,Codeforces Round 990 (Div. 2),Bravo8787,4747,1733214300,412,680
2047,Codeforces Round 990 (Div. 2),emper0r_24,4747,1733214300,816,854
2047,Codeforces Round 990 (Div. 2),tanvirul_2002,4747,1733214300,1103,1063
2047,Codeforces Round 990 (Div. 2),harnika,4747,1733214300,976,967
2047,Codeforces Round 990 (Div. 2),HopeDealer,4747,1733214300,0,407
2047,Codeforces Round 990 (Div. 2),naveen_8801,4755,1733214300,1063,1032
2047,Codeforces Round 990 (Div. 2),lic-a,4755,1733214300,978,1033
2047,Codeforces Round 990 (Div. 2),nish0602,4755,1733214300,407,676
2047,Codeforces Round 990 (Div. 2),Longsenpaj,4755,1733214300,1031,1008
2047,Codeforces Round 990 (Div. 2),h_saharawat,4759,1733214300,902,913
2047,Codeforces Round 990 (Div. 2),Grimshow,4759,1733214300,972,1027
2047,Codeforces Round 990 (Div. 2),AprilNEA,4759,1733214300,510,761
2047,Codeforces Round 990 (Div. 2),shivam2301,4759,1733214300,0,407
2047,Codeforces Round 990 (Div. 2),Sw_M,4759,1733214300,419,686
2047,Codeforces Round 990 (Div. 2),dChosen1,4759,1733214300,0,407
2047,Codeforces Round 990 (Div. 2),AMIN_AL_ISLAM,4765,1733214300,854,879
2047,Codeforces Round 990 (Div. 2),YASH_VENOM,4765,1733214300,811,850
2047,Codeforces Round 990 (Div. 2),chiragshirsath,4765,1733214300,1191,1132
2047,Codeforces Round 990 (Div. 2),thedarksoy,4765,1733214300,944,942
2047,Codeforces Round 990 (Div. 2),harshwss23,4765,1733214300,923,928
2047,Codeforces Round 990 (Div. 2),anhhhquan,4770,1733214300,0,407
2047,Codeforces Round 990 (Div. 2),Jubayed5604,4770,1733214300,943,941
2047,Codeforces Round 990 (Div. 2),bitBoss,4770,1733214300,996,980
2047,Codeforces Round 990 (Div. 2),Gyanpapi,4770,1733214300,1144,1095
2047,Codeforces Round 990 (Div. 2),galleta,4770,1733214300,992,977
2047,Codeforces Round 990 (Div. 2),RockStar132,4770,1733214300,1096,1057
2047,Codeforces Round 990 (Div. 2),mi_rai,4770,1733214300,0,407
2047,Codeforces Round 990 (Div. 2),hello_world_1729,4777,1733214300,358,636
2047,Codeforces Round 990 (Div. 2),ayanahmed11,4777,1733214300,887,901
2047,Codeforces Round 990 (Div. 2),LightClear,4779,1733214300,985,1010
2047,Codeforces Round 990 (Div. 2),CodeCorn55,4779,1733214300,790,952
2047,Codeforces Round 990 (Div. 2),Phantom_03,4779,1733214300,964,994
2047,Codeforces Round 990 (Div. 2),Lee_s_Engineer,4779,1733214300,883,934
2047,Codeforces Round 990 (Div. 2),sveti,4779,1733214300,1200,1139
2047,Codeforces Round 990 (Div. 2),sohaanigupta18,4784,1733214300,855,878
2047,Codeforces Round 990 (Div. 2),HITMANUBHAV,4784,1733214300,1064,1032
2047,Codeforces Round 990 (Div. 2),eargle,4784,1733214300,823,928
2047,Codeforces Round 990 (Div. 2),utsavi_2Vapt187,4784,1733214300,785,832
2047,Codeforces Round 990 (Div. 2),WAIL-01,4784,1733214300,1117,1073
2047,Codeforces Round 990 (Div. 2),bloom-in-yours,4784,1733214300,1267,1192
2047,Codeforces Round 990 (Div. 2),Md_Eibrahim11,4790,1733214300,910,917
2047,Codeforces Round 990 (Div. 2),Vaibhav_navneet,4790,1733214300,1009,990
2047,Codeforces Round 990 (Div. 2),omJadon,4790,1733214300,954,948
2047,Codeforces Round 990 (Div. 2),zetrocodes,4790,1733214300,1153,1101
2047,Codeforces Round 990 (Div. 2),arun_7609,4790,1733214300,733,905
2047,Codeforces Round 990 (Div. 2),coderRebooted,4790,1733214300,903,991
2047,Codeforces Round 990 (Div. 2),BanPian_ZhiQian,4790,1733214300,957,988
2047,Codeforces Round 990 (Div. 2),Akin2010,4790,1733214300,1283,1205
2047,Codeforces Round 990 (Div. 2),buhsan,4790,1733214300,686,767
2047,Codeforces Round 990 (Div. 2),Jayprakash12,4799,1733214300,1087,1049
2047,Codeforces Round 990 (Div. 2),ashishmi811,4799,1733214300,0,406
2047,Codeforces Round 990 (Div. 2),accen_ker,4799,1733214300,777,891
2047,Codeforces Round 990 (Div. 2),Con,4799,1733214300,1246,1176
2047,Codeforces Round 990 (Div. 2),Goddan.,4799,1733214300,1316,1232
2047,Codeforces Round 990 (Div. 2),i_laxman_,4804,1733214300,1021,998
2047,Codeforces Round 990 (Div. 2),Nitin_dev,4804,1733214300,1030,1005
2047,Codeforces Round 990 (Div. 2),yashksingh790,4804,1733214300,883,957
2047,Codeforces Round 990 (Div. 2),Makar.Pozh,4804,1733214300,1274,1198
2047,Codeforces Round 990 (Div. 2),Supriyo645,4804,1733214300,1010,990
2047,Codeforces Round 990 (Div. 2),CTPAHHUK,4804,1733214300,1329,1243
2047,Codeforces Round 990 (Div. 2),Goku_makoto,4804,1733214300,1109,1066
2047,Codeforces Round 990 (Div. 2),patternreader,4811,1733214300,1000,982
2047,Codeforces Round 990 (Div. 2),tinytroubles,4811,1733214300,1189,1129
2047,Codeforces Round 990 (Div. 2),wangzs,4811,1733214300,1186,1127
2047,Codeforces Round 990 (Div. 2),yashk1005,4811,1733214300,352,629
2047,Codeforces Round 990 (Div. 2),w5q,4815,1733214300,0,405
2047,Codeforces Round 990 (Div. 2),gosimhada,4815,1733214300,648,836
2047,Codeforces Round 990 (Div. 2),aisky,4815,1733214300,863,882
2047,Codeforces Round 990 (Div. 2),ekram.apan,4815,1733214300,863,942
2047,Codeforces Round 990 (Div. 2),ritwik_b18,4815,1733214300,358,634
2047,Codeforces Round 990 (Div. 2),ATRI001,4820,1733214300,752,871
2047,Codeforces Round 990 (Div. 2),KushalAgrawal,4820,1733214300,949,943
2047,Codeforces Round 990 (Div. 2),Kirn123,4820,1733214300,644,833
2047,Codeforces Round 990 (Div. 2),idrive0,4820,1733214300,1178,1120
2047,Codeforces Round 990 (Div. 2),PaunCalin,4820,1733214300,1181,1122
2047,Codeforces Round 990 (Div. 2),IdinI,4820,1733214300,753,808
2047,Codeforces Round 990 (Div. 2),RomanceAA,4826,1733214300,880,954
2047,Codeforces Round 990 (Div. 2),BoobaRooba,4826,1733214300,1055,1023
2047,Codeforces Round 990 (Div. 2),mihikas02,4826,1733214300,1310,1226
2047,Codeforces Round 990 (Div. 2),shaswati_mishra,4826,1733214300,885,897
2047,Codeforces Round 990 (Div. 2),Pranav_006,4826,1733214300,0,405
2047,Codeforces Round 990 (Div. 2),h3lic0pt3r,4826,1733214300,1040,1012
2047,Codeforces Round 990 (Div. 2),shahin_11814,4826,1733214300,1050,1019
2047,Codeforces Round 990 (Div. 2),Ab_IrOverflows,4826,1733214300,844,942
2047,Codeforces Round 990 (Div. 2),Dipesh_kumar04,4834,1733214300,1158,1103
2047,Codeforces Round 990 (Div. 2),propulse_7969,4834,1733214300,821,853
2047,Codeforces Round 990 (Div. 2),anurag2121,4836,1733214300,995,977
2047,Codeforces Round 990 (Div. 2),StrawAniki,4836,1733214300,1057,1024
2047,Codeforces Round 990 (Div. 2),akimzhan,4836,1733214300,1064,1029
2047,Codeforces Round 990 (Div. 2),_sansan,4839,1733214300,1324,1238
2047,Codeforces Round 990 (Div. 2),Freyas,4839,1733214300,889,935
2047,Codeforces Round 990 (Div. 2),diyah2000d,4839,1733214300,818,921
2047,Codeforces Round 990 (Div. 2),LostStar,4839,1733214300,1032,1073
2047,Codeforces Round 990 (Div. 2),Geethesh,4839,1733214300,1028,1002
2047,Codeforces Round 990 (Div. 2),hahahhha,4839,1733214300,410,676
2047,Codeforces Round 990 (Div. 2),AayushKumar_,4845,1733214300,994,976
2047,Codeforces Round 990 (Div. 2),Shashank_bhatnagar03,4845,1733214300,1210,1145
2047,Codeforces Round 990 (Div. 2),truong433,4845,1733214300,391,660
2047,Codeforces Round 990 (Div. 2),sj0123,4848,1733214300,811,916
2047,Codeforces Round 990 (Div. 2),elnazeskandariasl,4848,1733214300,1035,1006
2047,Codeforces Round 990 (Div. 2),awasthi_suryansh,4848,1733214300,959,949
2047,Codeforces Round 990 (Div. 2),Shoyeb45,4848,1733214300,1255,1181
2047,Codeforces Round 990 (Div. 2),Ujjwal_mehta,4848,1733214300,507,658
2047,Codeforces Round 990 (Div. 2),1.e4,4848,1733214300,1271,1194
2047,Codeforces Round 990 (Div. 2),fibbonugget,4848,1733214300,938,1073
2047,Codeforces Round 990 (Div. 2),adilakhmetov,4848,1733214300,855,950
2047,Codeforces Round 990 (Div. 2),Devansh_001,4856,1733214300,0,404
2047,Codeforces Round 990 (Div. 2),GoldiTrysToCode,4856,1733214300,828,913
2047,Codeforces Round 990 (Div. 2),rivu_10,4856,1733214300,1047,1016
2047,Codeforces Round 990 (Div. 2),Akki15,4856,1733214300,1032,1004
2047,Codeforces Round 990 (Div. 2),anirudhagrawal6778,4856,1733214300,1060,1065
2047,Codeforces Round 990 (Div. 2),littbird,4856,1733214300,997,978
2047,Codeforces Round 990 (Div. 2),pranzoro,4862,1733214300,1137,1086
2047,Codeforces Round 990 (Div. 2),ShazidMashrafi,4862,1733214300,1052,1019
2047,Codeforces Round 990 (Div. 2),Rishi_677,4862,1733214300,1110,1064
2047,Codeforces Round 990 (Div. 2),KS_ayush,4865,1733214300,1011,988
2047,Codeforces Round 990 (Div. 2),QuantiX,4865,1733214300,1477,1364
2047,Codeforces Round 990 (Div. 2),zWyrm,4867,1733214300,1106,1061
2047,Codeforces Round 990 (Div. 2),NiamulKarim,4867,1733214300,1134,1083
2047,Codeforces Round 990 (Div. 2),practice2006_2005,4867,1733214300,1085,1114
2047,Codeforces Round 990 (Div. 2),abncdf,4867,1733214300,972,1023
2047,Codeforces Round 990 (Div. 2),harilakshman24,4867,1733214300,965,953
2047,Codeforces Round 990 (Div. 2),One_True,4867,1733214300,999,979
2047,Codeforces Round 990 (Div. 2),cheenus_07,4867,1733214300,949,941
2047,Codeforces Round 990 (Div. 2),Astroage,4874,1733214300,1095,1052
2047,Codeforces Round 990 (Div. 2),Avid.Angler,4874,1733214300,801,837
2047,Codeforces Round 990 (Div. 2),1.b3,4874,1733214300,1084,1044
2047,Codeforces Round 990 (Div. 2),LostProthoma,4877,1733214300,1188,1126
2047,Codeforces Round 990 (Div. 2),Muhammad__Ali,4877,1733214300,1185,1123
2047,Codeforces Round 990 (Div. 2),Tanmay_Mankar,4877,1733214300,1067,1030
2047,Codeforces Round 990 (Div. 2),Harshal_Kanani,4877,1733214300,1080,1040
2047,Codeforces Round 990 (Div. 2),MagzhanX,4881,1733214300,1177,1117
2047,Codeforces Round 990 (Div. 2),Dan1c,4881,1733214300,1000,979
2047,Codeforces Round 990 (Div. 2),mvr_,4881,1733214300,825,925
2047,Codeforces Round 990 (Div. 2),j3Devil,4881,1733214300,1081,1041
2047,Codeforces Round 990 (Div. 2),ars3nl,4881,1733214300,619,810
2047,Codeforces Round 990 (Div. 2),imran_islam12,4886,1733214300,918,917
2047,Codeforces Round 990 (Div. 2),azeem,4886,1733214300,1058,1023
2047,Codeforces Round 990 (Div. 2),Natsu,4886,1733214300,1245,1172
2047,Codeforces Round 990 (Div. 2),yyawdxhp,4886,1733214300,1409,1306
2047,Codeforces Round 990 (Div. 2),Coder738,4886,1733214300,415,679
2047,Codeforces Round 990 (Div. 2),Neelesh1017,4891,1733214300,1116,1068
2047,Codeforces Round 990 (Div. 2),saianudra,4891,1733214300,847,866
2047,Codeforces Round 990 (Div. 2),chandandutt44,4891,1733214300,902,968
2047,Codeforces Round 990 (Div. 2),priyanshu950,4891,1733214300,1092,1049
2047,Codeforces Round 990 (Div. 2),mrutunjay--,4891,1733214300,1042,1010
2047,Codeforces Round 990 (Div. 2),917,4891,1733214300,1247,1173
2047,Codeforces Round 990 (Div. 2),Ravi_sonamani01,4891,1733214300,1112,1065
2047,Codeforces Round 990 (Div. 2),CharTara,4898,1733214300,1031,1001
2047,Codeforces Round 990 (Div. 2),V1ni,4898,1733214300,383,652
2047,Codeforces Round 990 (Div. 2),hardy2106,4898,1733214300,1517,1396
2047,Codeforces Round 990 (Div. 2),Prabhdeep-24,4898,1733214300,1033,1003
2047,Codeforces Round 990 (Div. 2),prudhvi_machana,4898,1733214300,906,945
2047,Codeforces Round 990 (Div. 2),HeXagonX95,4903,1733214300,1085,1043
2047,Codeforces Round 990 (Div. 2),Vonnegout,4903,1733214300,1245,1171
2047,Codeforces Round 990 (Div. 2),Reagger,4903,1733214300,1255,1179
2047,Codeforces Round 990 (Div. 2),decalcomania24,4903,1733214300,940,933
2047,Codeforces Round 990 (Div. 2),coder__jain,4907,1733214300,685,863
2047,Codeforces Round 990 (Div. 2),lnxhm1,4907,1733214300,382,651
2047,Codeforces Round 990 (Div. 2),dhruv.p6,4907,1733214300,638,731
2047,Codeforces Round 990 (Div. 2),karmanya21,4907,1733214300,804,907
2047,Codeforces Round 990 (Div. 2),SystemTesting,4907,1733214300,1463,1351
2047,Codeforces Round 990 (Div. 2),maanuom35,4912,1733214300,819,919
2047,Codeforces Round 990 (Div. 2),ghost_7386,4912,1733214300,822,848
2047,Codeforces Round 990 (Div. 2),himmi_r10,4912,1733214300,1068,1029
2047,Codeforces Round 990 (Div. 2),SnnuS,4912,1733214300,958,983
2047,Codeforces Round 990 (Div. 2),codingismaths6969,4912,1733214300,872,883
2047,Codeforces Round 990 (Div. 2),what_to_code,4917,1733214300,1070,1031
2047,Codeforces Round 990 (Div. 2),sjayanthkumar,4917,1733214300,711,775
2047,Codeforces Round 990 (Div. 2),saharsh05,4917,1733214300,870,881
2047,Codeforces Round 990 (Div. 2),aarfazafar2,4920,1733214300,928,987
2047,Codeforces Round 990 (Div. 2),dcccccc_______,4920,1733214300,906,943
2047,Codeforces Round 990 (Div. 2),Dev_Vaghani,4920,1733214300,1155,1098
2047,Codeforces Round 990 (Div. 2),chickendumbiryani,4920,1733214300,1186,1123
2047,Codeforces Round 990 (Div. 2),ArjunP123,4920,1733214300,807,910
2047,Codeforces Round 990 (Div. 2),LoPen,4925,1733214300,1005,980
2047,Codeforces Round 990 (Div. 2),cehengxnu,4925,1733214300,472,725
2047,Codeforces Round 990 (Div. 2),Labib_,4925,1733214300,1445,1336
2047,Codeforces Round 990 (Div. 2),Mohamed_3nan,4925,1733214300,1266,1261
2047,Codeforces Round 990 (Div. 2),Janaki_vallabh,4925,1733214300,975,957
2047,Codeforces Round 990 (Div. 2),hardikkaurav7,4925,1733214300,909,908
2047,Codeforces Round 990 (Div. 2),okmijn123,4931,1733214300,811,840
2047,Codeforces Round 990 (Div. 2),safiullahforagy,4931,1733214300,571,689
2047,Codeforces Round 990 (Div. 2),madapatibrungeshwar,4931,1733214300,1108,1060
2047,Codeforces Round 990 (Div. 2),Aishwarya_2003,4931,1733214300,972,954
2047,Codeforces Round 990 (Div. 2),codefierce,4935,1733214300,947,936
2047,Codeforces Round 990 (Div. 2),TenseLemon,4936,1733214300,944,933
2047,Codeforces Round 990 (Div. 2),mustansirhy,4936,1733214300,749,798
2047,Codeforces Round 990 (Div. 2),Ace_Azimuth_Aviator,4936,1733214300,983,964
2047,Codeforces Round 990 (Div. 2),saptarshikuar2003,4936,1733214300,1133,1080
2047,Codeforces Round 990 (Div. 2),kushallt4586,4940,1733214300,383,651
2047,Codeforces Round 990 (Div. 2),Priyanshu233,4940,1733214300,1146,1089
2047,Codeforces Round 990 (Div. 2),ayushman07,4940,1733214300,919,915
2047,Codeforces Round 990 (Div. 2),JA_Tausif,4940,1733214300,1464,1351
2047,Codeforces Round 990 (Div. 2),hungcf,4944,1733214300,955,1028
2047,Codeforces Round 990 (Div. 2),rubel1,4944,1733214300,972,1042
2047,Codeforces Round 990 (Div. 2),NTLE,4944,1733214300,900,902
2047,Codeforces Round 990 (Div. 2),The__ICONIC_STAR,4947,1733214300,1128,1075
2047,Codeforces Round 990 (Div. 2),Satyam36736,4947,1733214300,932,924
2047,Codeforces Round 990 (Div. 2),vimalathithan17,4947,1733214300,843,937
2047,Codeforces Round 990 (Div. 2),hardik_shreyas,4950,1733214300,827,908
2047,Codeforces Round 990 (Div. 2),chenganger04,4950,1733214300,691,760
2047,Codeforces Round 990 (Div. 2),Rawz,4950,1733214300,0,401
2047,Codeforces Round 990 (Div. 2),PlumEvo,4950,1733214300,1142,1086
2047,Codeforces Round 990 (Div. 2),D_Malhar04,4950,1733214300,627,814
2047,Codeforces Round 990 (Div. 2),jjinendra3,4950,1733214300,835,855
2047,Codeforces Round 990 (Div. 2),DHieb,4950,1733214300,1067,1027
2047,Codeforces Round 990 (Div. 2),_stoic,4957,1733214300,1080,1037
2047,Codeforces Round 990 (Div. 2),Timka,4958,1733214300,1372,1274
2047,Codeforces Round 990 (Div. 2),Nitter,4958,1733214300,1098,1051
2047,Codeforces Round 990 (Div. 2),Petrov_cs,4958,1733214300,0,402
2047,Codeforces Round 990 (Div. 2),Evil_Morty_,4961,1733214300,1406,1302
2047,Codeforces Round 990 (Div. 2),shubhamakool,4961,1733214300,855,868
2047,Codeforces Round 990 (Div. 2),D.H.A.N.U.S.H.,4963,1733214300,823,904
2047,Codeforces Round 990 (Div. 2),avngr___stark,4963,1733214300,969,951
2047,Codeforces Round 990 (Div. 2),SobakaMaxim,4965,1733214300,0,401
2047,Codeforces Round 990 (Div. 2),Mohamad_Ahmad_taieb,4965,1733214300,908,906
2047,Codeforces Round 990 (Div. 2),unregistered277,4965,1733214300,387,653
2047,Codeforces Round 990 (Div. 2),afsdssseee,4965,1733214300,939,929
2047,Codeforces Round 990 (Div. 2),moderax_draxx,4969,1733214300,917,913
2047,Codeforces Round 990 (Div. 2),Grischa,4969,1733214300,1210,1141
2047,Codeforces Round 990 (Div. 2),bluish,4969,1733214300,1244,1168
2047,Codeforces Round 990 (Div. 2),SID-211,4969,1733214300,1187,1122
2047,Codeforces Round 990 (Div. 2),B.Haki,4969,1733214300,1121,1068
2047,Codeforces Round 990 (Div. 2),BILAL-TABBAA,4974,1733214300,786,891
2047,Codeforces Round 990 (Div. 2),zishan005,4974,1733214300,1158,1098
2047,Codeforces Round 990 (Div. 2),thien_nga,4974,1733214300,1144,1087
2047,Codeforces Round 990 (Div. 2),Sarthak_Patoliya,4974,1733214300,1046,1010
2047,Codeforces Round 990 (Div. 2),DevandCoder,4974,1733214300,413,674
2047,Codeforces Round 990 (Div. 2),Shravan6398,4974,1733214300,1163,1102
2047,Codeforces Round 990 (Div. 2),xf519ffi77,4980,1733214300,638,822
2047,Codeforces Round 990 (Div. 2),_sultan_ul_arfin_,4980,1733214300,972,953
2047,Codeforces Round 990 (Div. 2),Samarth123,4982,1733214300,897,897
2047,Codeforces Round 990 (Div. 2),zwn1ow,4982,1733214300,843,935
2047,Codeforces Round 990 (Div. 2),Yerugulan,4982,1733214300,972,953
2047,Codeforces Round 990 (Div. 2),Radhe_1,4982,1733214300,984,961
2047,Codeforces Round 990 (Div. 2),yadubir12,4982,1733214300,853,865
2047,Codeforces Round 990 (Div. 2),erm_what_the_sigma,4987,1733214300,407,669
2047,Codeforces Round 990 (Div. 2),yorpl,4987,1733214300,674,851
2047,Codeforces Round 990 (Div. 2),Ragnarok_II,4989,1733214300,635,819
2047,Codeforces Round 990 (Div. 2),zhouzhenxing,4989,1733214300,620,807
2047,Codeforces Round 990 (Div. 2),BlackAnd_White,4989,1733214300,899,898
2047,Codeforces Round 990 (Div. 2),DCodes_,4989,1733214300,501,747
2047,Codeforces Round 990 (Div. 2),binbin.chen,4993,1733214300,393,657
2047,Codeforces Round 990 (Div. 2),ugly_parrot,4993,1733214300,631,816
2047,Codeforces Round 990 (Div. 2),eddycael,4993,1733214300,1472,1356
2047,Codeforces Round 990 (Div. 2),Abdulla_Al_Noman,4993,1733214300,860,870
2047,Codeforces Round 990 (Div. 2),Astik01,4993,1733214300,993,968
2047,Codeforces Round 990 (Div. 2),maruf_khan96,4993,1733214300,1170,1107
2047,Codeforces Round 990 (Div. 2),AbduAlrimali,4999,1733214300,1158,1097
2047,Codeforces Round 990 (Div. 2),venkatasaikarthik2006,4999,1733214300,1258,1178
2047,Codeforces Round 990 (Div. 2),ankush_raj_2507,4999,1733214300,1116,1064
2047,Codeforces Round 990 (Div. 2),ankit37saha,4999,1733214300,1327,1236
2047,Codeforces Round 990 (Div. 2),zwhard,4999,1733214300,602,792
2047,Codeforces Round 990 (Div. 2),sayantikaLaskar,5004,1733214300,816,839
2047,Codeforces Round 990 (Div. 2),Qwerty1412,5004,1733214300,1177,1113
2047,Codeforces Round 990 (Div. 2),gouravpanseja25,5004,1733214300,974,953
2047,Codeforces Round 990 (Div. 2),ZnZrYb,5004,1733214300,1066,1094
2047,Codeforces Round 990 (Div. 2),rjnpratik,5008,1733214300,921,913
2047,Codeforces Round 990 (Div. 2),maamruthan2,5008,1733214300,595,786
2047,Codeforces Round 990 (Div. 2),OmarRashid147,5008,1733214300,1046,1008
2047,Codeforces Round 990 (Div. 2),Anubhav_105,5011,1733214300,816,838
2047,Codeforces Round 990 (Div. 2),K_vinay_123,5011,1733214300,1308,1220
2047,Codeforces Round 990 (Div. 2),20551a0523.tejasatya,5013,1733214300,782,886
2047,Codeforces Round 990 (Div. 2),Coding_Boob,5013,1733214300,407,668
2047,Codeforces Round 990 (Div. 2),prime29,5013,1733214300,1126,1071
2047,Codeforces Round 990 (Div. 2),san4kok,5016,1733214300,0,400
2047,Codeforces Round 990 (Div. 2),anup16,5016,1733214300,842,856
2047,Codeforces Round 990 (Div. 2),Levis111,5018,1733214300,865,952
2047,Codeforces Round 990 (Div. 2),AKASH_ALAM,5018,1733214300,1112,1060
2047,Codeforces Round 990 (Div. 2),leelamohan_123,5018,1733214300,822,842
2047,Codeforces Round 990 (Div. 2),_inu,5021,1733214300,1256,1176
2047,Codeforces Round 990 (Div. 2),Rakib_18,5021,1733214300,1179,1113
2047,Codeforces Round 990 (Div. 2),888krishnam,5023,1733214300,972,951
2047,Codeforces Round 990 (Div. 2),vrithish06,5023,1733214300,908,987
2047,Codeforces Round 990 (Div. 2),Departed,5025,1733214300,976,954
2047,Codeforces Round 990 (Div. 2),Ankushtyagi,5025,1733214300,1101,1051
2047,Codeforces Round 990 (Div. 2),___tourist,5025,1733214300,1164,1174
2047,Codeforces Round 990 (Div. 2),tyb3122,5028,1733214300,800,899
2047,Codeforces Round 990 (Div. 2),fsssdsns,5028,1733214300,941,927
2047,Codeforces Round 990 (Div. 2),SantaSingh_.sid.,5030,1733214300,1202,1132
2047,Codeforces Round 990 (Div. 2),zbi,5030,1733214300,787,817
2047,Codeforces Round 990 (Div. 2),Proxyy,5032,1733214300,951,934
2047,Codeforces Round 990 (Div. 2),pratyushdhital,5032,1733214300,933,921
2047,Codeforces Round 990 (Div. 2),nyesha18_,5032,1733214300,400,662
2047,Codeforces Round 990 (Div. 2),Chintu-Harish,5032,1733214300,943,928
2047,Codeforces Round 990 (Div. 2),ash_heat,5036,1733214300,1286,1201
2047,Codeforces Round 990 (Div. 2),Mahima28,5036,1733214300,959,978
2047,Codeforces Round 990 (Div. 2),betaboomer,5036,1733214300,1264,1182
2047,Codeforces Round 990 (Div. 2),prakhar_ee69,5036,1733214300,1017,984
2047,Codeforces Round 990 (Div. 2),k03495545,5036,1733214300,1057,1015
2047,Codeforces Round 990 (Div. 2),jatinkabra2005,5041,1733214300,920,910
2047,Codeforces Round 990 (Div. 2),ash9642,5042,1733214300,358,627
2047,Codeforces Round 990 (Div. 2),AbdullahAl_Masud,5042,1733214300,1085,1037
2047,Codeforces Round 990 (Div. 2),VVV2705,5042,1733214300,0,399
2047,Codeforces Round 990 (Div. 2),maryam_abdelhady_,5045,1733214300,1073,1028
2047,Codeforces Round 990 (Div. 2),BhanuPrakash_Laveti,5045,1733214300,924,913
2047,Codeforces Round 990 (Div. 2),Satyam.pr,5045,1733214300,736,782
2047,Codeforces Round 990 (Div. 2),TAUHID_,5045,1733214300,995,967
2047,Codeforces Round 990 (Div. 2),Gold_Digger_14,5045,1733214300,969,948
2047,Codeforces Round 990 (Div. 2),Trot1er,5045,1733214300,353,623
2047,Codeforces Round 990 (Div. 2),_SIYAM_,5051,1733214300,1073,1098
2047,Codeforces Round 990 (Div. 2),Hugs-From_adicto,5051,1733214300,803,827
2047,Codeforces Round 990 (Div. 2),harsh_1806,5051,1733214300,1136,1078
2047,Codeforces Round 990 (Div. 2),af__n,5054,1733214300,862,867
2047,Codeforces Round 990 (Div. 2),I_m_on_it,5054,1733214300,1255,1174
2047,Codeforces Round 990 (Div. 2),ZiadMysara,5054,1733214300,852,897
2047,Codeforces Round 990 (Div. 2),Jayasurya2006,5054,1733214300,980,955
2047,Codeforces Round 990 (Div. 2),004dpn,5054,1733214300,917,908
2047,Codeforces Round 990 (Div. 2),Aryanwastaken,5054,1733214300,875,958
2047,Codeforces Round 990 (Div. 2),RahulBisht,5060,1733214300,976,952
2047,Codeforces Round 990 (Div. 2),Destructor_1091,5060,1733214300,991,964
2047,Codeforces Round 990 (Div. 2),dhruvmalaviya14,5060,1733214300,903,897
2047,Codeforces Round 990 (Div. 2),KaMRaN_AHmeD36BD,5060,1733214300,1087,1038
2047,Codeforces Round 990 (Div. 2),Harly24,5060,1733214300,1016,982
2047,Codeforces Round 990 (Div. 2),Thorfin_ll,5065,1733214300,1153,1091
2047,Codeforces Round 990 (Div. 2),casxxycas,5065,1733214300,956,1025
2047,Codeforces Round 990 (Div. 2),lesdoit,5065,1733214300,931,917
2047,Codeforces Round 990 (Div. 2),suheb,5068,1733214300,1089,1039
2047,Codeforces Round 990 (Div. 2),rohi156,5068,1733214300,829,844
2047,Codeforces Round 990 (Div. 2),hiker_s101,5068,1733214300,977,952
2047,Codeforces Round 990 (Div. 2),RedImposter,5068,1733214300,1035,996
2047,Codeforces Round 990 (Div. 2),yasmin13,5068,1733214300,996,967
2047,Codeforces Round 990 (Div. 2),phamhuy050407,5068,1733214300,841,852
2047,Codeforces Round 990 (Div. 2),Inverted_Nipples,5068,1733214300,547,783
2047,Codeforces Round 990 (Div. 2),joker19102,5075,1733214300,1288,1201
2047,Codeforces Round 990 (Div. 2),ManasM01,5075,1733214300,1004,973
2047,Codeforces Round 990 (Div. 2),Lemon4ik5687,5077,1733214300,748,909
2047,Codeforces Round 990 (Div. 2),nurkkkk,5077,1733214300,605,698
2047,Codeforces Round 990 (Div. 2),Rabbi-02,5077,1733214300,855,861
2047,Codeforces Round 990 (Div. 2),NAHID.,5080,1733214300,1153,1090
2047,Codeforces Round 990 (Div. 2),failure71311,5080,1733214300,710,877
2047,Codeforces Round 990 (Div. 2),KAIRU_LIU,5080,1733214300,966,943
2047,Codeforces Round 990 (Div. 2),HiddenSecret,5083,1733214300,420,677
2047,Codeforces Round 990 (Div. 2),Free__Palestine__,5083,1733214300,1230,1153
2047,Codeforces Round 990 (Div. 2),bastenahamad,5083,1733214300,1168,1102
2047,Codeforces Round 990 (Div. 2),deify,5083,1733214300,0,399
2047,Codeforces Round 990 (Div. 2),ck_07,5083,1733214300,356,624
2047,Codeforces Round 990 (Div. 2),Nuraman2010,5083,1733214300,1139,1079
2047,Codeforces Round 990 (Div. 2),width,5089,1733214300,1014,1018
2047,Codeforces Round 990 (Div. 2),_Y0STAFNDI_,5089,1733214300,1004,972
2047,Codeforces Round 990 (Div. 2),Archit746,5091,1733214300,0,398
2047,Codeforces Round 990 (Div. 2),sonu69,5091,1733214300,741,783
2047,Codeforces Round 990 (Div. 2),R7G,5091,1733214300,749,857
2047,Codeforces Round 990 (Div. 2),praxiitr,5091,1733214300,0,398
2047,Codeforces Round 990 (Div. 2),Timothey_Ishmatov,5091,1733214300,1007,974
2047,Codeforces Round 990 (Div. 2),Brakeintime,5096,1733214300,831,904
2047,Codeforces Round 990 (Div. 2),wonderfu1,5096,1733214300,1122,1105
2047,Codeforces Round 990 (Div. 2),anchalsingh810,5096,1733214300,905,897
2047,Codeforces Round 990 (Div. 2),sasaurabh11,5099,1733214300,1383,1279
2047,Codeforces Round 990 (Div. 2),CodeChakravyuh,5099,1733214300,651,828
2047,Codeforces Round 990 (Div. 2),focus_2025,5099,1733214300,940,922
2047,Codeforces Round 990 (Div. 2),Monsterprince_233,5099,1733214300,0,398
2047,Codeforces Round 990 (Div. 2),jagtapritesh06,5103,1733214300,1007,973
2047,Codeforces Round 990 (Div. 2),angelo4ek,5104,1733214300,1015,979
2047,Codeforces Round 990 (Div. 2),404404,5104,1733214300,936,919
2047,Codeforces Round 990 (Div. 2),SiyamBhuiyan,5104,1733214300,1091,1039
2047,Codeforces Round 990 (Div. 2),Mahmudunnabi_Fahim,5104,1733214300,1091,1039
2047,Codeforces Round 990 (Div. 2),imko,5104,1733214300,759,864
2047,Codeforces Round 990 (Div. 2),Kakusei,5109,1733214300,997,965
2047,Codeforces Round 990 (Div. 2),Nachiket_Deore_,5109,1733214300,947,928
2047,Codeforces Round 990 (Div. 2),jack34867,5109,1733214300,660,836
2047,Codeforces Round 990 (Div. 2),VighneshPatidar,5112,1733214300,996,965
2047,Codeforces Round 990 (Div. 2),Casper007,5112,1733214300,971,946
2047,Codeforces Round 990 (Div. 2),muser,5112,1733214300,1268,1183
2047,Codeforces Round 990 (Div. 2),DJH404,5115,1733214300,0,398
2047,Codeforces Round 990 (Div. 2),hp1206,5116,1733214300,670,844
2047,Codeforces Round 990 (Div. 2),Namanush,5116,1733214300,1031,991
2047,Codeforces Round 990 (Div. 2),Yafumo_Ran,5116,1733214300,1519,1393
2047,Codeforces Round 990 (Div. 2),fankswy,5119,1733214300,810,863
2047,Codeforces Round 990 (Div. 2),woodenshelves1101,5119,1733214300,0,397
2047,Codeforces Round 990 (Div. 2),vik_as,5119,1733214300,777,805
2047,Codeforces Round 990 (Div. 2),ifndef_define_Dhruv,5119,1733214300,821,913
2047,Codeforces Round 990 (Div. 2),jayesh.sewlani.civ22,5119,1733214300,834,844
2047,Codeforces Round 990 (Div. 2),RaHuL-IsLaM,5124,1733214300,1093,1041
2047,Codeforces Round 990 (Div. 2),urs_satyam,5124,1733214300,1084,1033
2047,Codeforces Round 990 (Div. 2),Jayansh_805,5124,1733214300,883,879
2047,Codeforces Round 990 (Div. 2),all.the.best,5127,1733214300,841,848
2047,Codeforces Round 990 (Div. 2),Utsav_1711,5127,1733214300,847,853
2047,Codeforces Round 990 (Div. 2),xye_dan,5127,1733214300,1060,1014
2047,Codeforces Round 990 (Div. 2),MHS75,5127,1733214300,1005,971
2047,Codeforces Round 990 (Div. 2),raj.shaibya,5127,1733214300,971,945
2047,Codeforces Round 990 (Div. 2),dattap,5132,1733214300,757,791
2047,Codeforces Round 990 (Div. 2),glintingtlinting,5132,1733214300,965,1030
2047,Codeforces Round 990 (Div. 2),ananya_2704,5132,1733214300,1127,1067
2047,Codeforces Round 990 (Div. 2),Karan1122,5132,1733214300,957,934
2047,Codeforces Round 990 (Div. 2),evalmydeval,5132,1733214300,0,397
2047,Codeforces Round 990 (Div. 2),ProElectro07,5137,1733214300,987,957
2047,Codeforces Round 990 (Div. 2),Dragonhearteed,5137,1733214300,974,947
2047,Codeforces Round 990 (Div. 2),hifranklin,5139,1733214300,955,932
2047,Codeforces Round 990 (Div. 2),aryankadam20,5139,1733214300,1139,1077
2047,Codeforces Round 990 (Div. 2),CloudLeopard,5139,1733214300,851,856
2047,Codeforces Round 990 (Div. 2),pratik_sinha123,5142,1733214300,1358,1257
2047,Codeforces Round 990 (Div. 2),Lubna-Sadia,5142,1733214300,989,958
2047,Codeforces Round 990 (Div. 2),Nevil_Anghan,5142,1733214300,850,935
2047,Codeforces Round 990 (Div. 2),Nuc_Z,5145,1733214300,447,698
2047,Codeforces Round 990 (Div. 2),rishabh_04,5145,1733214300,0,397
2047,Codeforces Round 990 (Div. 2),piyushsingh755,5145,1733214300,1011,975
2047,Codeforces Round 990 (Div. 2),devanshadhok,5145,1733214300,906,960
2047,Codeforces Round 990 (Div. 2),Parth_L0310,5149,1733214300,828,838
2047,Codeforces Round 990 (Div. 2),c0mm4nd,5149,1733214300,624,805
2047,Codeforces Round 990 (Div. 2),eyewal_18,5149,1733214300,1164,1096
2047,Codeforces Round 990 (Div. 2),12112002,5149,1733214300,976,948
2047,Codeforces Round 990 (Div. 2),hariom15102004,5149,1733214300,1334,1237
2047,Codeforces Round 990 (Div. 2),Vivek52,5149,1733214300,961,936
2047,Codeforces Round 990 (Div. 2),alokkr_,5155,1733214300,1125,1065
2047,Codeforces Round 990 (Div. 2),_necrozma_,5155,1733214300,1247,1164
2047,Codeforces Round 990 (Div. 2),RebelStar,5155,1733214300,1197,1123
2047,Codeforces Round 990 (Div. 2),krishsaini_777,5155,1733214300,1087,1034
2047,Codeforces Round 990 (Div. 2),oreki_07,5155,1733214300,786,883
2047,Codeforces Round 990 (Div. 2),me_error,5155,1733214300,996,963
2047,Codeforces Round 990 (Div. 2),zvemiw9,5161,1733214300,725,887
2047,Codeforces Round 990 (Div. 2),_k4nng_,5161,1733214300,1124,1064
2047,Codeforces Round 990 (Div. 2),harsh.verma28,5161,1733214300,1042,998
2047,Codeforces Round 990 (Div. 2),Mystery2000,5161,1733214300,806,899
2047,Codeforces Round 990 (Div. 2),AbdoGad,5165,1733214300,1511,1385
2047,Codeforces Round 990 (Div. 2),Is_R_at,5166,1733214300,968,941
2047,Codeforces Round 990 (Div. 2),OMI_14,5167,1733214300,1230,1150
2047,Codeforces Round 990 (Div. 2),Moageza,5168,1733214300,1088,1034
2047,Codeforces Round 990 (Div. 2),zihad535,5168,1733214300,968,941
2047,Codeforces Round 990 (Div. 2),SJl_NB,5168,1733214300,589,775
2047,Codeforces Round 990 (Div. 2),MatthewColon,5168,1733214300,746,836
2047,Codeforces Round 990 (Div. 2),l4vender,5168,1733214300,414,670
2047,Codeforces Round 990 (Div. 2),sohail_hasan,5173,1733214300,994,960
2047,Codeforces Round 990 (Div. 2),apocy,5173,1733214300,1007,1064
2047,Codeforces Round 990 (Div. 2),Orange_2006,5173,1733214300,419,674
2047,Codeforces Round 990 (Div. 2),harshitpareekharshit,5173,1733214300,0,396
2047,Codeforces Round 990 (Div. 2),Divya_Reddy78094,5173,1733214300,763,792
2047,Codeforces Round 990 (Div. 2),Raltoos,5173,1733214300,1222,1143
2047,Codeforces Round 990 (Div. 2),Arif.30,5179,1733214300,823,833
2047,Codeforces Round 990 (Div. 2),gehadd,5179,1733214300,1174,1104
2047,Codeforces Round 990 (Div. 2),_shanks_7,5179,1733214300,484,728
2047,Codeforces Round 990 (Div. 2),Abhijeethere1,5182,1733214300,408,664
2047,Codeforces Round 990 (Div. 2),espacio,5182,1733214300,1225,1145
2047,Codeforces Round 990 (Div. 2),vaishali0801,5182,1733214300,924,906
2047,Codeforces Round 990 (Div. 2),wwwwacwwww,5182,1733214300,0,395
2047,Codeforces Round 990 (Div. 2),chanakya_sujal,5186,1733214300,0,396
2047,Codeforces Round 990 (Div. 2),encodeworld,5186,1733214300,843,909
2047,Codeforces Round 990 (Div. 2),sweet007,5186,1733214300,1212,1135
2047,Codeforces Round 990 (Div. 2),Mk_Rahi,5186,1733214300,1127,1065
2047,Codeforces Round 990 (Div. 2),warshith,5190,1733214300,1072,1021
2047,Codeforces Round 990 (Div. 2),BeQuiet,5190,1733214300,889,944
2047,Codeforces Round 990 (Div. 2),brain_wash,5190,1733214300,739,774
2047,Codeforces Round 990 (Div. 2),xiaozhisoc,5190,1733214300,842,845
2047,Codeforces Round 990 (Div. 2),halo_,5194,1733214300,1559,1425
2047,Codeforces Round 990 (Div. 2),Rishabh-_9,5194,1733214300,1062,1013
2047,Codeforces Round 990 (Div. 2),Nmsabd,5196,1733214300,836,922
2047,Codeforces Round 990 (Div. 2),Hallothere,5196,1733214300,1007,969
2047,Codeforces Round 990 (Div. 2),KitaCompressed,5198,1733214300,995,1029
2047,Codeforces Round 990 (Div. 2),ThomasPearson,5198,1733214300,746,834
2047,Codeforces Round 990 (Div. 2),Rik_on,5198,1733214300,1087,1032
2047,Codeforces Round 990 (Div. 2),Andis2CF,5198,1733214300,920,902
2047,Codeforces Round 990 (Div. 2),himanshuiitg27,5202,1733214300,917,900
2047,Codeforces Round 990 (Div. 2),Nayan2026,5202,1733214300,1105,1047
2047,Codeforces Round 990 (Div. 2),Maruf_,5204,1733214300,844,846
2047,Codeforces Round 990 (Div. 2),abu_abdullah,5204,1733214300,802,894
2047,Codeforces Round 990 (Div. 2),anu2608,5204,1733214300,984,1020
2047,Codeforces Round 990 (Div. 2),zhoyanov,5204,1733214300,913,896
2047,Codeforces Round 990 (Div. 2),chandlerngo,5208,1733214300,892,946
2047,Codeforces Round 990 (Div. 2),Dennisraig,5208,1733214300,745,833
2047,Codeforces Round 990 (Div. 2),hehe_boi30,5210,1733214300,1283,1193
2047,Codeforces Round 990 (Div. 2),Anshu_chaudhary,5210,1733214300,984,951
2047,Codeforces Round 990 (Div. 2),rajat2913,5210,1733214300,1022,980
2047,Codeforces Round 990 (Div. 2),aditya_1605,5210,1733214300,651,825
2047,Codeforces Round 990 (Div. 2),adas142,5214,1733214300,780,859
2047,Codeforces Round 990 (Div. 2),0xaL4te,5214,1733214300,877,907
2047,Codeforces Round 990 (Div. 2),Rifat5689,5214,1733214300,877,907
2047,Codeforces Round 990 (Div. 2),codii_anujkumar,5214,1733214300,938,915
2047,Codeforces Round 990 (Div. 2),munnibadnamhui,5218,1733214300,786,804
2047,Codeforces Round 990 (Div. 2),Night_Fury_2411,5218,1733214300,713,756
2047,Codeforces Round 990 (Div. 2),Thaitufifai,5220,1733214300,930,947
2047,Codeforces Round 990 (Div. 2),zsy0237,5220,1733214300,0,395
2047,Codeforces Round 990 (Div. 2),__byte_bender,5220,1733214300,986,952
2047,Codeforces Round 990 (Div. 2),--hmzabanna--,5223,1733214300,998,1031
2047,Codeforces Round 990 (Div. 2),singalreddyrishitha7,5223,1733214300,0,395
2047,Codeforces Round 990 (Div. 2),shvm4800,5225,1733214300,976,944
2047,Codeforces Round 990 (Div. 2),Mohammed_Abdalkreem,5226,1733214300,1354,1252
2047,Codeforces Round 990 (Div. 2),viveksinha,5226,1733214300,720,759
2047,Codeforces Round 990 (Div. 2),seom98,5228,1733214300,705,869
2047,Codeforces Round 990 (Div. 2),knightofthe7kingdoms,5228,1733214300,921,968
2047,Codeforces Round 990 (Div. 2),y.seledkin,5228,1733214300,430,681
2047,Codeforces Round 990 (Div. 2),ku1hua,5231,1733214300,858,919
2047,Codeforces Round 990 (Div. 2),jayesh_sc026,5232,1733214300,1203,1126
2047,Codeforces Round 990 (Div. 2),bhartisuhani,5232,1733214300,973,941
2047,Codeforces Round 990 (Div. 2),_AaDitya_,5234,1733214300,643,817
2047,Codeforces Round 990 (Div. 2),narayanp,5234,1733214300,1084,1029
2047,Codeforces Round 990 (Div. 2),stvharbee_dimes,5236,1733214300,1103,1044
2047,Codeforces Round 990 (Div. 2),_a_d_i_t_y_a_,5236,1733214300,1000,962
2047,Codeforces Round 990 (Div. 2),xiangyangli,5236,1733214300,0,394
2047,Codeforces Round 990 (Div. 2),milon12,5236,1733214300,687,738
2047,Codeforces Round 990 (Div. 2),PinkElfLady,5240,1733214300,0,394
2047,Codeforces Round 990 (Div. 2),kumarpushpesh007,5240,1733214300,443,692
2047,Codeforces Round 990 (Div. 2),Calc2,5240,1733214300,1014,973
2047,Codeforces Round 990 (Div. 2),Honda1234,5243,1733214300,420,673
2047,Codeforces Round 990 (Div. 2),Monjur1518,5243,1733214300,0,394
2047,Codeforces Round 990 (Div. 2),ToddLamb,5243,1733214300,746,832
2047,Codeforces Round 990 (Div. 2),R0biJoy,5243,1733214300,917,987
2047,Codeforces Round 990 (Div. 2),ByteVerse_,5243,1733214300,1220,1139
2047,Codeforces Round 990 (Div. 2),3403589630,5248,1733214300,1025,1052
2047,Codeforces Round 990 (Div. 2),faritu_23,5248,1733214300,1090,1033
2047,Codeforces Round 990 (Div. 2),1stbit,5248,1733214300,793,941
2047,Codeforces Round 990 (Div. 2),IIN_SKY,5248,1733214300,1209,1130
2047,Codeforces Round 990 (Div. 2),natkhat_balak,5248,1733214300,408,662
2047,Codeforces Round 990 (Div. 2),roger_goat_div,5253,1733214300,406,661
2047,Codeforces Round 990 (Div. 2),dj2005,5253,1733214300,600,781
2047,Codeforces Round 990 (Div. 2),Blissysurya,5253,1733214300,0,394
2047,Codeforces Round 990 (Div. 2),lawwash._.,5253,1733214300,1136,1070
2047,Codeforces Round 990 (Div. 2),Princeton911,5253,1733214300,848,910
2047,Codeforces Round 990 (Div. 2),christopher_nolan,5253,1733214300,451,699
2047,Codeforces Round 990 (Div. 2),cqurain,5253,1733214300,393,649
2047,Codeforces Round 990 (Div. 2),guptaprakhar_01,5260,1733214300,1075,1021
2047,Codeforces Round 990 (Div. 2),chenhh_ddl,5261,1733214300,1184,1109
2047,Codeforces Round 990 (Div. 2),JohnCowana,5261,1733214300,744,829
2047,Codeforces Round 990 (Div. 2),tanuj_2001,5261,1733214300,722,759
2047,Codeforces Round 990 (Div. 2),arsalan_0024,5261,1733214300,838,901
2047,Codeforces Round 990 (Div. 2),EarlBohon,5261,1733214300,746,831
2047,Codeforces Round 990 (Div. 2),_Randooom_,5261,1733214300,847,845
2047,Codeforces Round 990 (Div. 2),UmnayaLampochka,5267,1733214300,972,939
2047,Codeforces Round 990 (Div. 2),Sino_2009,5267,1733214300,1128,1063
2047,Codeforces Round 990 (Div. 2),Shafi705,5269,1733214300,832,834
2047,Codeforces Round 990 (Div. 2),tan_inverse,5269,1733214300,849,846
2047,Codeforces Round 990 (Div. 2),Problem8ic,5269,1733214300,1114,1051
2047,Codeforces Round 990 (Div. 2),fuadj,5269,1733214300,1031,985
2047,Codeforces Round 990 (Div. 2),saisathwik_n,5273,1733214300,1049,1071
2047,Codeforces Round 990 (Div. 2),code_as_i_like,5274,1733214300,1089,1071
2047,Codeforces Round 990 (Div. 2),smothii_Batee5,5274,1733214300,894,917
2047,Codeforces Round 990 (Div. 2),anshumansingh7333,5276,1733214300,1025,980
2047,Codeforces Round 990 (Div. 2),baak_jun,5277,1733214300,698,862
2047,Codeforces Round 990 (Div. 2),iamsiting,5277,1733214300,0,393
2047,Codeforces Round 990 (Div. 2),JohnSearcyyy,5279,1733214300,745,829
2047,Codeforces Round 990 (Div. 2),RichardMason,5279,1733214300,746,830
2047,Codeforces Round 990 (Div. 2),killerHitman,5281,1733214300,1054,1043
2047,Codeforces Round 990 (Div. 2),FlappyBob,5281,1733214300,777,871
2047,Codeforces Round 990 (Div. 2),arifakhtar808,5283,1733214300,1286,1193
2047,Codeforces Round 990 (Div. 2),ordinary1,5283,1733214300,878,866
2047,Codeforces Round 990 (Div. 2),FlowInk,5283,1733214300,992,954
2047,Codeforces Round 990 (Div. 2),tacuya,5283,1733214300,1268,1178
2047,Codeforces Round 990 (Div. 2),amrinakther312,5287,1733214300,864,856
2047,Codeforces Round 990 (Div. 2),Mostafa_Mokhtar,5288,1733214300,959,928
2047,Codeforces Round 990 (Div. 2),jaskirat07,5288,1733214300,1094,1035
2047,Codeforces Round 990 (Div. 2),DJK27,5290,1733214300,492,732
2047,Codeforces Round 990 (Div. 2),wuyou515,5291,1733214300,386,643
2047,Codeforces Round 990 (Div. 2),rishavk,5292,1733214300,978,942
2047,Codeforces Round 990 (Div. 2),_SIEG_,5293,1733214300,1124,1059
2047,Codeforces Round 990 (Div. 2),Pial0101,5293,1733214300,882,869
2047,Codeforces Round 990 (Div. 2),Apon_17,5295,1733214300,1032,985
2047,Codeforces Round 990 (Div. 2),Msol,5295,1733214300,1078,1021
2047,Codeforces Round 990 (Div. 2),Sumon_Ahmed,5297,1733214300,1335,1233
2047,Codeforces Round 990 (Div. 2),Cupupyyy,5297,1733214300,870,946
2047,Codeforces Round 990 (Div. 2),SamiaShareen,5299,1733214300,1132,1065
2047,Codeforces Round 990 (Div. 2),r_b2006,5300,1733214300,866,856
2047,Codeforces Round 990 (Div. 2),hashiirama,5301,1733214300,925,901
2047,Codeforces Round 990 (Div. 2),vinit_04,5301,1733214300,896,879
2047,Codeforces Round 990 (Div. 2),SKT.uzi,5303,1733214300,1341,1239
2047,Codeforces Round 990 (Div. 2),KriShnA_Raju,5303,1733214300,1087,1029
2047,Codeforces Round 990 (Div. 2),practice_code,5305,1733214300,1016,1011
2047,Codeforces Round 990 (Div. 2),t_fortanweer,5306,1733214300,955,993
2047,Codeforces Round 990 (Div. 2),pavankalyan767,5307,1733214300,1008,965
2047,Codeforces Round 990 (Div. 2),bestows,5308,1733214300,909,889
2047,Codeforces Round 990 (Div. 2),Nishu_Coder,5309,1733214300,963,930
2047,Codeforces Round 990 (Div. 2),sum8t_k,5310,1733214300,368,627
2047,Codeforces Round 990 (Div. 2),AD24,5310,1733214300,928,903
2047,Codeforces Round 990 (Div. 2),c-e-GJ2,5310,1733214300,674,840
2047,Codeforces Round 990 (Div. 2),dkp17,5310,1733214300,613,790
2047,Codeforces Round 990 (Div. 2),Jison_Chakma,5310,1733214300,1018,973
2047,Codeforces Round 990 (Div. 2),Tourist_Sea,5310,1733214300,674,840
2047,Codeforces Round 990 (Div. 2),rohithchebrolu007,5310,1733214300,997,996
2047,Codeforces Round 990 (Div. 2),TouristElMenoufia,5317,1733214300,623,798
2047,Codeforces Round 990 (Div. 2),farhan_s_a,5317,1733214300,358,619
2047,Codeforces Round 990 (Div. 2),K_A_Akhi_,5319,1733214300,891,874
2047,Codeforces Round 990 (Div. 2),hyp0pharynxcafe,5319,1733214300,1038,988
2047,Codeforces Round 990 (Div. 2),rahi088,5321,1733214300,1132,1064
2047,Codeforces Round 990 (Div. 2),anishamajumder1302,5321,1733214300,813,817
2047,Codeforces Round 990 (Div. 2),sajid_01,5323,1733214300,783,795
2047,Codeforces Round 990 (Div. 2),AM_YEAD-27,5324,1733214300,943,914
2047,Codeforces Round 990 (Div. 2),-RIFAT-,5324,1733214300,1126,1059
2047,Codeforces Round 990 (Div. 2),AyanoKosaka,5326,1733214300,0,392
2047,Codeforces Round 990 (Div. 2),rudra_chase,5327,1733214300,1241,1154
2047,Codeforces Round 990 (Div. 2),utkarshsahu,5328,1733214300,775,790
2047,Codeforces Round 990 (Div. 2),mdhasib,5329,1733214300,1118,1052
2047,Codeforces Round 990 (Div. 2),0xscifi,5329,1733214300,370,629
2047,Codeforces Round 990 (Div. 2),siddhant_07,5329,1733214300,1048,996
2047,Codeforces Round 990 (Div. 2),02ayush02,5332,1733214300,1041,990
2047,Codeforces Round 990 (Div. 2),CipherGeek,5333,1733214300,0,392
2047,Codeforces Round 990 (Div. 2),FARHADUL_ISLAM,5333,1733214300,1031,982
2047,Codeforces Round 990 (Div. 2),Infinity4,5333,1733214300,809,875
2047,Codeforces Round 990 (Div. 2),abhiguptaofficial30,5336,1733214300,829,891
2047,Codeforces Round 990 (Div. 2),madhavareddy773,5336,1733214300,846,904
2047,Codeforces Round 990 (Div. 2),mohityadaviitbombay,5338,1733214300,910,888
2047,Codeforces Round 990 (Div. 2),j-v,5339,1733214300,1033,983
2047,Codeforces Round 990 (Div. 2),sak_red_sakai,5340,1733214300,371,629
2047,Codeforces Round 990 (Div. 2),gullu51,5341,1733214300,1023,975
2047,Codeforces Round 990 (Div. 2),atik7788,5342,1733214300,1008,963
2047,Codeforces Round 990 (Div. 2),ihcvhwhg,5343,1733214300,944,983
2047,Codeforces Round 990 (Div. 2),shivam7214376,5343,1733214300,1109,1044
2047,Codeforces Round 990 (Div. 2),nosochek8098,5345,1733214300,353,614
2047,Codeforces Round 990 (Div. 2),reeCompiler,5346,1733214300,0,392
2047,Codeforces Round 990 (Div. 2),current_nai,5347,1733214300,926,900
2047,Codeforces Round 990 (Div. 2),Aditya_Prajesh101,5348,1733214300,1089,1028
2047,Codeforces Round 990 (Div. 2),uditmehra3224,5349,1733214300,1292,1196
2047,Codeforces Round 990 (Div. 2),visheshvaidya24112004,5350,1733214300,1123,1055
2047,Codeforces Round 990 (Div. 2),king_73,5351,1733214300,946,915
2047,Codeforces Round 990 (Div. 2),IndianCoder123,5351,1733214300,1133,1064
2047,Codeforces Round 990 (Div. 2),divyansh884,5353,1733214300,799,886
2047,Codeforces Round 990 (Div. 2),gaurav08coder,5354,1733214300,680,724
2047,Codeforces Round 990 (Div. 2),Laav10,5354,1733214300,891,872
2047,Codeforces Round 990 (Div. 2),SYnthetic,5356,1733214300,938,908
2047,Codeforces Round 990 (Div. 2),Anmoldua_,5357,1733214300,608,784
2047,Codeforces Round 990 (Div. 2),deepesh7024,5357,1733214300,954,921
2047,Codeforces Round 990 (Div. 2),Jamil_Akbarov,5357,1733214300,358,618
2047,Codeforces Round 990 (Div. 2),Haya_ahm08,5357,1733214300,1155,1082
2047,Codeforces Round 990 (Div. 2),As_Sabirin,5361,1733214300,1054,1000
2047,Codeforces Round 990 (Div. 2),firehawk05,5362,1733214300,819,882
2047,Codeforces Round 990 (Div. 2),ALLISWELL_ENDL,5363,1733214300,919,893
2047,Codeforces Round 990 (Div. 2),Aniroop08,5364,1733214300,921,895
2047,Codeforces Round 990 (Div. 2),coderaman06,5365,1733214300,947,915
2047,Codeforces Round 990 (Div. 2),Ravi___09,5366,1733214300,375,631
2047,Codeforces Round 990 (Div. 2),avanishpandey03,5367,1733214300,733,758
2047,Codeforces Round 990 (Div. 2),aniketkc,5368,1733214300,898,944
2047,Codeforces Round 990 (Div. 2),helloimabid,5368,1733214300,410,661
2047,Codeforces Round 990 (Div. 2),mis959748,5370,1733214300,377,633
2047,Codeforces Round 990 (Div. 2),OSAMA_KHAN,5371,1733214300,751,770
2047,Codeforces Round 990 (Div. 2),CiAFang,5372,1733214300,0,391
2047,Codeforces Round 990 (Div. 2),risav68111,5373,1733214300,917,891
2047,Codeforces Round 990 (Div. 2),prasannakasar,5374,1733214300,920,893
2047,Codeforces Round 990 (Div. 2),biskybites,5375,1733214300,351,611
2047,Codeforces Round 990 (Div. 2),suman573,5375,1733214300,780,870
2047,Codeforces Round 990 (Div. 2),rs11004,5375,1733214300,968,930
2047,Codeforces Round 990 (Div. 2),the_seal,5378,1733214300,1065,1007
2047,Codeforces Round 990 (Div. 2),codermvs46,5379,1733214300,1091,1028
2047,Codeforces Round 990 (Div. 2),rahulchaudhary4542075,5380,1733214300,956,921
2047,Codeforces Round 990 (Div. 2),Araday,5381,1733214300,1116,1048
2047,Codeforces Round 990 (Div. 2),shubham73,5381,1733214300,932,902
2047,Codeforces Round 990 (Div. 2),sarahejaz77,5383,1733214300,835,829
2047,Codeforces Round 990 (Div. 2),SkTasnimUrRahman,5383,1733214300,848,838
2047,Codeforces Round 990 (Div. 2),nokia,5385,1733214300,1240,1151
2047,Codeforces Round 990 (Div. 2),MANAN1112,5386,1733214300,909,884
2047,Codeforces Round 990 (Div. 2),052_from_031,5387,1733214300,1287,1191
2047,Codeforces Round 990 (Div. 2),akashchaudhary5812,5388,1733214300,854,842
2047,Codeforces Round 990 (Div. 2),rhm_gan,5388,1733214300,1438,1318
2047,Codeforces Round 990 (Div. 2),BehruzbekSuyunov,5390,1733214300,1506,1376
2047,Codeforces Round 990 (Div. 2),20050808Ff,5390,1733214300,701,735
2047,Codeforces Round 990 (Div. 2),AkshatK6971,5392,1733214300,627,799
2047,Codeforces Round 990 (Div. 2),genshin-expert,5392,1733214300,1430,1311
2047,Codeforces Round 990 (Div. 2),cankjaca,5394,1733214300,976,936
2047,Codeforces Round 990 (Div. 2),thietgia3452002,5395,1733214300,1425,1307
2047,Codeforces Round 990 (Div. 2),f20231336,5395,1733214300,745,840
2047,Codeforces Round 990 (Div. 2),feyre,5395,1733214300,811,811
2047,Codeforces Round 990 (Div. 2),dipesh1203,5395,1733214300,987,944
2047,Codeforces Round 990 (Div. 2),TheVidz,5399,1733214300,1173,1095
2047,Codeforces Round 990 (Div. 2),hhh_ya,5399,1733214300,0,390
2047,Codeforces Round 990 (Div. 2),izoomrood,5399,1733214300,1837,1658
2047,Codeforces Round 990 (Div. 2),siddhant27,5399,1733214300,1212,1127
2047,Codeforces Round 990 (Div. 2),a600,5399,1733214300,1140,1068
2047,Codeforces Round 990 (Div. 2),_unworthy,5399,1733214300,987,943
2047,Codeforces Round 990 (Div. 2),Luna379,5399,1733214300,380,634
2047,Codeforces Round 990 (Div. 2),ghoshswarnava49,5406,1733214300,761,810
2047,Codeforces Round 990 (Div. 2),EeSalaCupNamde,5406,1733214300,827,966
2047,Codeforces Round 990 (Div. 2),gupta_harshal,5406,1733214300,1018,968
2047,Codeforces Round 990 (Div. 2),quasain,5406,1733214300,963,995
2047,Codeforces Round 990 (Div. 2),ad_ldi7,5410,1733214300,877,896
2047,Codeforces Round 990 (Div. 2),Hawkeye_007,5410,1733214300,1431,1312
2047,Codeforces Round 990 (Div. 2),ziyoufeiyan,5410,1733214300,0,390
2047,Codeforces Round 990 (Div. 2),tushardogra19,5410,1733214300,776,784
2047,Codeforces Round 990 (Div. 2),haohuihui,5410,1733214300,1073,1012
2047,Codeforces Round 990 (Div. 2),Srivijayaraghav_S,5410,1733214300,847,901
2047,Codeforces Round 990 (Div. 2),justachillguy,5410,1733214300,917,957
2047,Codeforces Round 990 (Div. 2),RB19,5410,1733214300,1232,1144
2047,Codeforces Round 990 (Div. 2),Wangyizecss,5410,1733214300,912,953
2047,Codeforces Round 990 (Div. 2),stringboom,5410,1733214300,1027,1016
2047,Codeforces Round 990 (Div. 2),ramjatan1154,5410,1733214300,1179,1099
2047,Codeforces Round 990 (Div. 2),green_maniac,5421,1733214300,1074,1013
2047,Codeforces Round 990 (Div. 2),1nurtas,5421,1733214300,1324,1221
2047,Codeforces Round 990 (Div. 2),medbar,5421,1733214300,1029,976
2047,Codeforces Round 990 (Div. 2),chenlleess,5421,1733214300,406,656
2047,Codeforces Round 990 (Div. 2),BobaTea,5421,1733214300,1074,1087
2047,Codeforces Round 990 (Div. 2),pushkar3009,5421,1733214300,1012,962
2047,Codeforces Round 990 (Div. 2),ilhom08,5421,1733214300,0,389
2047,Codeforces Round 990 (Div. 2),MemoMeto35,5421,1733214300,516,749
2047,Codeforces Round 990 (Div. 2),bobbavishwanth,5421,1733214300,0,389
2047,Codeforces Round 990 (Div. 2),kliment,5430,1733214300,1284,1264
2047,Codeforces Round 990 (Div. 2),_Numbskull,5430,1733214300,1065,1005
2047,Codeforces Round 990 (Div. 2),Meghana1817,5430,1733214300,751,844
2047,Codeforces Round 990 (Div. 2),gurjar_sahab,5430,1733214300,1089,1025
2047,Codeforces Round 990 (Div. 2),xylalala,5430,1733214300,875,856
2047,Codeforces Round 990 (Div. 2),PlanetEarth,5435,1733214300,879,859
2047,Codeforces Round 990 (Div. 2),e_mur0d_,5435,1733214300,1156,1079
2047,Codeforces Round 990 (Div. 2),andyyy,5435,1733214300,1198,1114
2047,Codeforces Round 990 (Div. 2),aqwerty2203,5435,1733214300,1274,1178
2047,Codeforces Round 990 (Div. 2),cntofu,5435,1733214300,639,807
2047,Codeforces Round 990 (Div. 2),Dharanitharan_R,5435,1733214300,985,980
2047,Codeforces Round 990 (Div. 2),Maverick_Vishal,5435,1733214300,1074,1012
2047,Codeforces Round 990 (Div. 2),meetarmman,5435,1733214300,969,928
2047,Codeforces Round 990 (Div. 2),Little-Fairy,5435,1733214300,1068,1007
2047,Codeforces Round 990 (Div. 2),ShaikAbdulSameer,5435,1733214300,1133,1061
2047,Codeforces Round 990 (Div. 2),Rakesh552,5445,1733214300,1061,1000
2047,Codeforces Round 990 (Div. 2),Kushagra_subhedar,5445,1733214300,1044,1028
2047,Codeforces Round 990 (Div. 2),dangduycvak32,5445,1733214300,385,637
2047,Codeforces Round 990 (Div. 2),shhh_knight30,5445,1733214300,993,986
2047,Codeforces Round 990 (Div. 2),Fr_tourist,5445,1733214300,1045,988
2047,Codeforces Round 990 (Div. 2),kashyap49,5445,1733214300,928,895
2047,Codeforces Round 990 (Div. 2),saranshyadav,5445,1733214300,0,388
2047,Codeforces Round 990 (Div. 2),askm,5445,1733214300,971,929
2047,Codeforces Round 990 (Div. 2),Aurora_12,5445,1733214300,913,883
2047,Codeforces Round 990 (Div. 2),Arshan.A,5445,1733214300,1021,968
2047,Codeforces Round 990 (Div. 2),k.kaushik,5445,1733214300,983,978
2047,Codeforces Round 990 (Div. 2),heisenberg_31,5445,1733214300,893,868
2047,Codeforces Round 990 (Div. 2),ayanbissengali,5457,1733214300,919,888
2047,Codeforces Round 990 (Div. 2),ANOnymou5,5457,1733214300,595,770
2047,Codeforces Round 990 (Div. 2),graceus0613,5457,1733214300,1030,975
2047,Codeforces Round 990 (Div. 2),supahaxxa,5457,1733214300,911,881
2047,Codeforces Round 990 (Div. 2),pawansrinivas10,5457,1733214300,831,821
2047,Codeforces Round 990 (Div. 2),kusumasree789,5457,1733214300,678,714
2047,Codeforces Round 990 (Div. 2),raultimar,5463,1733214300,428,673
2047,Codeforces Round 990 (Div. 2),muthheeee,5463,1733214300,786,870
2047,Codeforces Round 990 (Div. 2),unsigned_char,5463,1733214300,752,763
2047,Codeforces Round 990 (Div. 2),gjit515,5463,1733214300,819,811
2047,Codeforces Round 990 (Div. 2),classic_aish,5463,1733214300,870,850
2047,Codeforces Round 990 (Div. 2),GS0912,5463,1733214300,1018,965
2047,Codeforces Round 990 (Div. 2),Pramod67,5463,1733214300,1073,1010
2047,Codeforces Round 990 (Div. 2),VedantMate,5463,1733214300,398,647
2047,Codeforces Round 990 (Div. 2),shakil_21_,5463,1733214300,1132,1058
2047,Codeforces Round 990 (Div. 2),Deep_2005,5463,1733214300,918,886
2047,Codeforces Round 990 (Div. 2),unlimited_ovo,5463,1733214300,0,388
2047,Codeforces Round 990 (Div. 2),AhmadTomeh3,5463,1733214300,1089,1023
2047,Codeforces Round 990 (Div. 2),vaaman123,5463,1733214300,1126,1053
2047,Codeforces Round 990 (Div. 2),wildmoon,5463,1733214300,663,825
2047,Codeforces Round 990 (Div. 2),RohiT_6,5463,1733214300,1095,1028
2047,Codeforces Round 990 (Div. 2),BigBrainShre,5463,1733214300,0,388
2047,Codeforces Round 990 (Div. 2),Vishesh_Sachdeva,5463,1733214300,1243,1151
2047,Codeforces Round 990 (Div. 2),Ishaan_06,5463,1733214300,941,904
2047,Codeforces Round 990 (Div. 2),SushiTrash,5463,1733214300,986,939
2047,Codeforces Round 990 (Div. 2),mahin_sarker,5482,1733214300,833,821
2047,Codeforces Round 990 (Div. 2),timerl,5482,1733214300,401,650
2047,Codeforces Round 990 (Div. 2),ankit.raj23,5482,1733214300,585,761
2047,Codeforces Round 990 (Div. 2),Nithin264,5482,1733214300,1069,1006
2047,Codeforces Round 990 (Div. 2),mfaiz_1,5482,1733214300,0,388
2047,Codeforces Round 990 (Div. 2),luffy_5254,5482,1733214300,1046,987
2047,Codeforces Round 990 (Div. 2),violet21,5482,1733214300,350,607
2047,Codeforces Round 990 (Div. 2),sanjeev1205,5482,1733214300,950,910
2047,Codeforces Round 990 (Div. 2),fotodi809,5482,1733214300,908,878
2047,Codeforces Round 990 (Div. 2),srijapallampati,5491,1733214300,619,789
2047,Codeforces Round 990 (Div. 2),aniketkanwar007,5491,1733214300,880,923
2047,Codeforces Round 990 (Div. 2),Paladin.,5491,1733214300,1030,973
2047,Codeforces Round 990 (Div. 2),Leo_Black,5491,1733214300,395,644
2047,Codeforces Round 990 (Div. 2),suvrodroy_,5491,1733214300,1044,1086
2047,Codeforces Round 990 (Div. 2),aadityarajK1,5491,1733214300,928,893
2047,Codeforces Round 990 (Div. 2),me23b176,5491,1733214300,662,824
2047,Codeforces Round 990 (Div. 2),6ix9in3,5491,1733214300,868,937
2047,Codeforces Round 990 (Div. 2),gezhizhou,5499,1733214300,0,388
2047,Codeforces Round 990 (Div. 2),cmlxj,5499,1733214300,0,388
2047,Codeforces Round 990 (Div. 2),yunjaepeel,5499,1733214300,346,603
2047,Codeforces Round 990 (Div. 2),CarbonBlue,5499,1733214300,1049,989
2047,Codeforces Round 990 (Div. 2),Hady17,5499,1733214300,404,652
2047,Codeforces Round 990 (Div. 2),Arnav.T21,5499,1733214300,0,388
2047,Codeforces Round 990 (Div. 2),EshadReza,5499,1733214300,1130,1055
2047,Codeforces Round 990 (Div. 2),aadi21s,5499,1733214300,0,388
2047,Codeforces Round 990 (Div. 2),saiswapnith,5499,1733214300,974,928
2047,Codeforces Round 990 (Div. 2),Timen_GG111,5499,1733214300,956,914
2047,Codeforces Round 990 (Div. 2),syna,5499,1733214300,358,613
2047,Codeforces Round 990 (Div. 2),Catarina031105,5499,1733214300,1056,1035
2047,Codeforces Round 990 (Div. 2),vgm_haron,5499,1733214300,1187,1145
2047,Codeforces Round 990 (Div. 2),Superionsai,5499,1733214300,666,827
2047,Codeforces Round 990 (Div. 2),Fahmid-404,5499,1733214300,980,933
2047,Codeforces Round 990 (Div. 2),suthatnonao,5514,1733214300,0,387
2047,Codeforces Round 990 (Div. 2),Badrawy,5514,1733214300,1271,1173
2047,Codeforces Round 990 (Div. 2),Mllo_,5514,1733214300,923,927
2047,Codeforces Round 990 (Div. 2),rohit738,5514,1733214300,751,899
2047,Codeforces Round 990 (Div. 2),EpicFailure404,5514,1733214300,1035,977
2047,Codeforces Round 990 (Div. 2),amar1,5514,1733214300,958,915
2047,Codeforces Round 990 (Div. 2),xiaotan,5514,1733214300,0,387
2047,Codeforces Round 990 (Div. 2),_RedemptionArc_,5514,1733214300,830,817
2047,Codeforces Round 990 (Div. 2),What_is_this,5514,1733214300,376,628
2047,Codeforces Round 990 (Div. 2),trunghieubnt_cg_nh,5514,1733214300,969,924
2047,Codeforces Round 990 (Div. 2),successfulsanta,5524,1733214300,0,387
2047,Codeforces Round 990 (Div. 2),ki_shu,5524,1733214300,963,919
2047,Codeforces Round 990 (Div. 2),Q1anAnAn,5524,1733214300,1097,1027
2047,Codeforces Round 990 (Div. 2),pranavagrawal2005,5524,1733214300,880,893
2047,Codeforces Round 990 (Div. 2),sn1638,5524,1733214300,778,778
2047,Codeforces Round 990 (Div. 2),ZISAN,5524,1733214300,1193,1107
2047,Codeforces Round 990 (Div. 2),soumya_gour,5524,1733214300,773,774
2047,Codeforces Round 990 (Div. 2),qaisB,5524,1733214300,727,820
2047,Codeforces Round 990 (Div. 2),Venom_Strike,5524,1733214300,1153,1074
2047,Codeforces Round 990 (Div. 2),nishtha.shah,5524,1733214300,978,930
2047,Codeforces Round 990 (Div. 2),practice9999,5524,1733214300,770,855
2047,Codeforces Round 990 (Div. 2),Arif_07,5524,1733214300,1155,1075
2047,Codeforces Round 990 (Div. 2),cryuff14,5524,1733214300,411,657
2047,Codeforces Round 990 (Div. 2),nazmul_fiz,5524,1733214300,744,833
2047,Codeforces Round 990 (Div. 2),Adityaa_Mehra,5524,1733214300,448,688
2047,Codeforces Round 990 (Div. 2),tryingCP,5539,1733214300,662,823
2047,Codeforces Round 990 (Div. 2),ritik85,5539,1733214300,1289,1188
2047,Codeforces Round 990 (Div. 2),tusharrajput2008,5539,1733214300,1178,1094
2047,Codeforces Round 990 (Div. 2),berry_10,5539,1733214300,1113,1040
2047,Codeforces Round 990 (Div. 2),vedantk888,5539,1733214300,820,807
2047,Codeforces Round 990 (Div. 2),_respect.,5539,1733214300,1041,1022
2047,Codeforces Round 990 (Div. 2),HELLOProgrammer112,5539,1733214300,796,790
2047,Codeforces Round 990 (Div. 2),Subhoshripal,5539,1733214300,1174,1091
2047,Codeforces Round 990 (Div. 2),duchuan75,5539,1733214300,0,386
2047,Codeforces Round 990 (Div. 2),subhamgaurav011,5539,1733214300,744,753
2047,Codeforces Round 990 (Div. 2),Gucyc,5539,1733214300,692,717
2047,Codeforces Round 990 (Div. 2),Kklu,5539,1733214300,730,743
2047,Codeforces Round 990 (Div. 2),Dheeraj1706,5539,1733214300,877,889
2047,Codeforces Round 990 (Div. 2),ZGonce819,5539,1733214300,953,910
2047,Codeforces Round 990 (Div. 2),lsagi,5553,1733214300,881,922
2047,Codeforces Round 990 (Div. 2),Raj_Aryan_631,5553,1733214300,380,630
2047,Codeforces Round 990 (Div. 2),inverno_yt,5553,1733214300,949,946
2047,Codeforces Round 990 (Div. 2),chanakya208,5553,1733214300,1193,1106
2047,Codeforces Round 990 (Div. 2),NamOreoo,5553,1733214300,754,841
2047,Codeforces Round 990 (Div. 2),mahika.24,5553,1733214300,757,843
2047,Codeforces Round 990 (Div. 2),Alsi123,5553,1733214300,866,841
2047,Codeforces Round 990 (Div. 2),bayra,5553,1733214300,755,759
2047,Codeforces Round 990 (Div. 2),milind_bansal,5553,1733214300,681,838
2047,Codeforces Round 990 (Div. 2),mr.president,5553,1733214300,1108,1035
2047,Codeforces Round 990 (Div. 2),aasill,5553,1733214300,1187,1101
2047,Codeforces Round 990 (Div. 2),Hancles_Lahza,5553,1733214300,1230,1138
2047,Codeforces Round 990 (Div. 2),Cenzio,5553,1733214300,917,880
2047,Codeforces Round 990 (Div. 2),ambikesh_singh,5553,1733214300,723,873
2047,Codeforces Round 990 (Div. 2),prvnaidu,5553,1733214300,1058,994
2047,Codeforces Round 990 (Div. 2),krish12252005,5553,1733214300,1027,968
2047,Codeforces Round 990 (Div. 2),_Sidhanth_,5569,1733214300,595,765
2047,Codeforces Round 990 (Div. 2),RohithReddy14,5569,1733214300,1023,965
2047,Codeforces Round 990 (Div. 2),zhy_knownothing,5569,1733214300,893,861
2047,Codeforces Round 990 (Div. 2),siddheshtodi,5569,1733214300,865,908
2047,Codeforces Round 990 (Div. 2),wzdhwn,5569,1733214300,0,386
2047,Codeforces Round 990 (Div. 2),The-Dreamer,5569,1733214300,797,875
2047,Codeforces Round 990 (Div. 2),alexbonchis,5569,1733214300,407,652
2047,Codeforces Round 990 (Div. 2),Surajit25,5569,1733214300,732,742
2047,Codeforces Round 990 (Div. 2),dung040310,5569,1733214300,1035,975
2047,Codeforces Round 990 (Div. 2),minhkhoa1611dn,5569,1733214300,724,874
2047,Codeforces Round 990 (Div. 2),J1M80,5569,1733214300,0,386
2047,Codeforces Round 990 (Div. 2),aarishtickoo,5580,1733214300,1070,1003
2047,Codeforces Round 990 (Div. 2),sspring094,5580,1733214300,1012,996
2047,Codeforces Round 990 (Div. 2),IDK17o1,5580,1733214300,946,974
2047,Codeforces Round 990 (Div. 2),nuurgb,5580,1733214300,0,385
2047,Codeforces Round 990 (Div. 2),Shaon_,5580,1733214300,936,966
2047,Codeforces Round 990 (Div. 2),penglll,5580,1733214300,426,668
2047,Codeforces Round 990 (Div. 2),Advaithftw,5580,1733214300,0,385
2047,Codeforces Round 990 (Div. 2),Masum_Ahmed,5580,1733214300,1038,976
2047,Codeforces Round 990 (Div. 2),LynxCat,5580,1733214300,1295,1192
2047,Codeforces Round 990 (Div. 2),bansalgeetansh325,5580,1733214300,0,385
2047,Codeforces Round 990 (Div. 2),BlitzOverload,5580,1733214300,404,650
2047,Codeforces Round 990 (Div. 2),polr,5580,1733214300,834,815
2047,Codeforces Round 990 (Div. 2),kk.the.omniscient,5592,1733214300,887,855
2047,Codeforces Round 990 (Div. 2),matija13795,5592,1733214300,923,923
2047,Codeforces Round 990 (Div. 2),clairvoyance.000,5592,1733214300,938,895
2047,Codeforces Round 990 (Div. 2),maomaoMAOMAO,5592,1733214300,999,985
2047,Codeforces Round 990 (Div. 2),Mr_Bombastik,5592,1733214300,929,887
2047,Codeforces Round 990 (Div. 2),miss_cleopatra,5592,1733214300,856,831
2047,Codeforces Round 990 (Div. 2),Onkar_23,5592,1733214300,856,831
2047,Codeforces Round 990 (Div. 2),Karan_IITG,5592,1733214300,1086,1015
2047,Codeforces Round 990 (Div. 2),gwen777778,5592,1733214300,0,385
2047,Codeforces Round 990 (Div. 2),nr_p,5592,1733214300,1280,1179
2047,Codeforces Round 990 (Div. 2),ABugWithTheBigDreams,5592,1733214300,876,846
2047,Codeforces Round 990 (Div. 2),manojbhavvan124,5592,1733214300,0,385
2047,Codeforces Round 990 (Div. 2),mohmmdali,5592,1733214300,1432,1308
2047,Codeforces Round 990 (Div. 2),Answeryangs,5592,1733214300,843,889
2047,Codeforces Round 990 (Div. 2),shr3yash_sharma,5592,1733214300,686,842
2047,Codeforces Round 990 (Div. 2),swaroop.77,5592,1733214300,410,654
2047,Codeforces Round 990 (Div. 2),Twila,5592,1733214300,794,822
2047,Codeforces Round 990 (Div. 2),Imran_86,5609,1733214300,1017,958
2047,Codeforces Round 990 (Div. 2),shivam_gupta,5609,1733214300,989,935
2047,Codeforces Round 990 (Div. 2),PixelCode01,5609,1733214300,575,634
2047,Codeforces Round 990 (Div. 2),August,5609,1733214300,909,872
2047,Codeforces Round 990 (Div. 2),Crystal_Tanishq,5609,1733214300,1061,994
2047,Codeforces Round 990 (Div. 2),chenhr,5609,1733214300,1012,954
2047,Codeforces Round 990 (Div. 2),Shakyawal_S,5609,1733214300,907,869
2047,Codeforces Round 990 (Div. 2),BrainlessGhost,5609,1733214300,833,813
2047,Codeforces Round 990 (Div. 2),invincible2-12-77-33-14,5609,1733214300,0,385
2047,Codeforces Round 990 (Div. 2),iit8fc,5609,1733214300,730,818
2047,Codeforces Round 990 (Div. 2),XXXX6,5609,1733214300,952,905
2047,Codeforces Round 990 (Div. 2),prepodd,5609,1733214300,1103,1029
2047,Codeforces Round 990 (Div. 2),DoctorAndy,5609,1733214300,946,901
2047,Codeforces Round 990 (Div. 2),imitrix,5622,1733214300,915,875
2047,Codeforces Round 990 (Div. 2),focuzd,5622,1733214300,935,891
2047,Codeforces Round 990 (Div. 2),sahiltanwani67,5622,1733214300,392,638
2047,Codeforces Round 990 (Div. 2),JVgu,5622,1733214300,809,794
2047,Codeforces Round 990 (Div. 2),EnAnsari,5622,1733214300,1230,1135
2047,Codeforces Round 990 (Div. 2),javaphile,5622,1733214300,1011,952
2047,Codeforces Round 990 (Div. 2),tumulid,5622,1733214300,632,795
2047,Codeforces Round 990 (Div. 2),frank22,5622,1733214300,358,609
2047,Codeforces Round 990 (Div. 2),harishrd,5622,1733214300,0,384
2047,Codeforces Round 990 (Div. 2),masonhuang0320,5622,1733214300,879,886
2047,Codeforces Round 990 (Div. 2),chef2025,5622,1733214300,651,811
2047,Codeforces Round 990 (Div. 2),the_panda123,5633,1733214300,0,384
2047,Codeforces Round 990 (Div. 2),aparkhi,5633,1733214300,923,882
2047,Codeforces Round 990 (Div. 2),Ehsaash,5633,1733214300,0,384
2047,Codeforces Round 990 (Div. 2),abull_mama,5633,1733214300,800,787
2047,Codeforces Round 990 (Div. 2),chen_yuxin,5633,1733214300,0,384
2047,Codeforces Round 990 (Div. 2),KUSHAGRA2606,5633,1733214300,863,835
2047,Codeforces Round 990 (Div. 2),Tudzle,5639,1733214300,898,861
2047,Codeforces Round 990 (Div. 2),Sunaura,5639,1733214300,1088,1015
2047,Codeforces Round 990 (Div. 2),srivarsha2401,5639,1733214300,0,384
2047,Codeforces Round 990 (Div. 2),ALONEWOLF_167,5639,1733214300,410,653
2047,Codeforces Round 990 (Div. 2),luck_xxkp,5639,1733214300,766,847
2047,Codeforces Round 990 (Div. 2),silverspoonnik,5639,1733214300,610,776
2047,Codeforces Round 990 (Div. 2),P47H4N,5639,1733214300,1007,949
2047,Codeforces Round 990 (Div. 2),TheCodingBeastX,5639,1733214300,1004,987
2047,Codeforces Round 990 (Div. 2),Arab_squad_111,5639,1733214300,808,859
2047,Codeforces Round 990 (Div. 2),DEXTER_0,5639,1733214300,920,878
2047,Codeforces Round 990 (Div. 2),Sambit04,5639,1733214300,603,649
2047,Codeforces Round 990 (Div. 2),MMMim,5639,1733214300,1045,979
2047,Codeforces Round 990 (Div. 2),callmeGade,5639,1733214300,737,883
2047,Codeforces Round 990 (Div. 2),abelabraham77,5639,1733214300,1054,1029
2047,Codeforces Round 990 (Div. 2),Hashicy,5639,1733214300,0,384
2047,Codeforces Round 990 (Div. 2),dev_tank,5654,1733214300,963,912
2047,Codeforces Round 990 (Div. 2),ShawnL14,5654,1733214300,977,998
2047,Codeforces Round 990 (Div. 2),Shadow7494,5654,1733214300,956,947
2047,Codeforces Round 990 (Div. 2),_NEOCERATODUS,5654,1733214300,637,671
2047,Codeforces Round 990 (Div. 2),Godsent,5654,1733214300,1000,942
2047,Codeforces Round 990 (Div. 2),ktranada1403,5654,1733214300,603,769
2047,Codeforces Round 990 (Div. 2),Vikas_Rathod,5654,1733214300,846,820
2047,Codeforces Round 990 (Div. 2),1m2a3h4b5o6d,5661,1733214300,0,383
2047,Codeforces Round 990 (Div. 2),filankes,5661,1733214300,561,782
2047,Codeforces Round 990 (Div. 2),SudhanshuSM,5661,1733214300,883,849
2047,Codeforces Round 990 (Div. 2),vortex05,5661,1733214300,0,383
2047,Codeforces Round 990 (Div. 2),mohit_maverick,5661,1733214300,354,605
2047,Codeforces Round 990 (Div. 2),Ebnesamit,5661,1733214300,910,869
2047,Codeforces Round 990 (Div. 2),Ares_77,5661,1733214300,1158,1115
2047,Codeforces Round 990 (Div. 2),hezhimengtian,5668,1733214300,0,383
2047,Codeforces Round 990 (Div. 2),Monster_,5668,1733214300,805,788
2047,Codeforces Round 990 (Div. 2),SinSteR,5668,1733214300,930,885
2047,Codeforces Round 990 (Div. 2),BTQTY,5668,1733214300,1036,971
2047,Codeforces Round 990 (Div. 2),Armin_shirvani89,5668,1733214300,0,383
2047,Codeforces Round 990 (Div. 2),Tr_affable,5668,1733214300,374,622
2047,Codeforces Round 990 (Div. 2),ltghung24,5668,1733214300,1025,1003
2047,Codeforces Round 990 (Div. 2),sarkerantor,5668,1733214300,808,791
2047,Codeforces Round 990 (Div. 2),Parth_Maliye,5668,1733214300,1082,1051
2047,Codeforces Round 990 (Div. 2),vd_03,5668,1733214300,0,383
2047,Codeforces Round 990 (Div. 2),Cocaindedo14,5678,1733214300,990,974
2047,Codeforces Round 990 (Div. 2),MaxieMad,5678,1733214300,734,736
2047,Codeforces Round 990 (Div. 2),Jeffs,5678,1733214300,602,768
2047,Codeforces Round 990 (Div. 2),Arpita799,5678,1733214300,992,935
2047,Codeforces Round 990 (Div. 2),Candy-an,5678,1733214300,610,775
2047,Codeforces Round 990 (Div. 2),roshnisahoo04,5678,1733214300,989,1007
2047,Codeforces Round 990 (Div. 2),akshat2911,5678,1733214300,743,827
2047,Codeforces Round 990 (Div. 2),lclclc0202,5685,1733214300,380,626
2047,Codeforces Round 990 (Div. 2),Tanisha1015,5685,1733214300,837,811
2047,Codeforces Round 990 (Div. 2),Shashi_01,5685,1733214300,752,747
2047,Codeforces Round 990 (Div. 2),Dpanddfs,5685,1733214300,891,950
2047,Codeforces Round 990 (Div. 2),Isa231,5685,1733214300,0,382
2047,Codeforces Round 990 (Div. 2),Metablaze,5685,1733214300,385,631
2047,Codeforces Round 990 (Div. 2),Nogaybica,5685,1733214300,1055,1062
2047,Codeforces Round 990 (Div. 2),HelloKitty-y,5685,1733214300,967,914
2047,Codeforces Round 990 (Div. 2),historicAlok,5685,1733214300,696,708
2047,Codeforces Round 990 (Div. 2),vijaypavan34,5685,1733214300,841,814
2047,Codeforces Round 990 (Div. 2),fanstar900,5685,1733214300,905,904
2047,Codeforces Round 990 (Div. 2),lsk8644,5696,1733214300,0,383
2047,Codeforces Round 990 (Div. 2),oakahdz,5696,1733214300,0,383
2047,Codeforces Round 990 (Div. 2),AcroBatics,5696,1733214300,773,851
2047,Codeforces Round 990 (Div. 2),CodingKaro,5696,1733214300,491,721
2047,Codeforces Round 990 (Div. 2),ZenithHacker,5696,1733214300,651,809
2047,Codeforces Round 990 (Div. 2),rsaumya2001,5696,1733214300,842,909
2047,Codeforces Round 990 (Div. 2),maikl6382,5702,1733214300,909,866
2047,Codeforces Round 990 (Div. 2),M0NTANA,5702,1733214300,800,782
2047,Codeforces Round 990 (Div. 2),mellowsky,5702,1733214300,930,883
2047,Codeforces Round 990 (Div. 2),furyfist,5702,1733214300,927,881
2047,Codeforces Round 990 (Div. 2),uvii,5702,1733214300,778,765
2047,Codeforces Round 990 (Div. 2),chhattanichirag478,5702,1733214300,1062,991
2047,Codeforces Round 990 (Div. 2),Furina_,5702,1733214300,397,640
2047,Codeforces Round 990 (Div. 2),atigdng,5702,1733214300,967,954
2047,Codeforces Round 990 (Div. 2),Saurav_levi,5702,1733214300,847,818
2047,Codeforces Round 990 (Div. 2),Aka_sh_,5702,1733214300,790,774
2047,Codeforces Round 990 (Div. 2),zyxabcd,5702,1733214300,1019,1031
2047,Codeforces Round 990 (Div. 2),i_m_kartik_01,5713,1733214300,870,875
2047,Codeforces Round 990 (Div. 2),MiracleInvoker,5713,1733214300,709,858
2047,Codeforces Round 990 (Div. 2),Siam_cse_22,5713,1733214300,791,865
2047,Codeforces Round 990 (Div. 2),Preetishukla,5713,1733214300,840,812
2047,Codeforces Round 990 (Div. 2),ihsir,5713,1733214300,626,787
2047,Codeforces Round 990 (Div. 2),Ravi_0007,5718,1733214300,377,623
2047,Codeforces Round 990 (Div. 2),Devasis11,5718,1733214300,838,880
2047,Codeforces Round 990 (Div. 2),hmm303003,5718,1733214300,903,861
2047,Codeforces Round 990 (Div. 2),PaRsHvMeShIyA,5718,1733214300,659,681
2047,Codeforces Round 990 (Div. 2),HeadAche__,5718,1733214300,1037,970
2047,Codeforces Round 990 (Div. 2),GauravPandey_1_1,5718,1733214300,0,382
2047,Codeforces Round 990 (Div. 2),icpcdream,5724,1733214300,939,991
2047,Codeforces Round 990 (Div. 2),fzzz03,5724,1733214300,961,907
2047,Codeforces Round 990 (Div. 2),lmphuong07hcm,5724,1733214300,0,382
2047,Codeforces Round 990 (Div. 2),Sameer2003,5724,1733214300,901,859
2047,Codeforces Round 990 (Div. 2),bkdn24.karuizawa,5724,1733214300,912,940
2047,Codeforces Round 990 (Div. 2),NikhilN123,5729,1733214300,900,857
2047,Codeforces Round 990 (Div. 2),yuxyn,5729,1733214300,933,958
2047,Codeforces Round 990 (Div. 2),VIRTUOSO_8051,5729,1733214300,641,799
2047,Codeforces Round 990 (Div. 2),shizukaMinamoto,5729,1733214300,900,930
2047,Codeforces Round 990 (Div. 2),rahul2479soni,5729,1733214300,762,840
2047,Codeforces Round 990 (Div. 2),The-Carnage,5729,1733214300,0,382
2047,Codeforces Round 990 (Div. 2),Xw1.0,5729,1733214300,1113,1033
2047,Codeforces Round 990 (Div. 2),siddheshgarud,5729,1733214300,750,892
2047,Codeforces Round 990 (Div. 2),Bidyendu29,5729,1733214300,677,691
2047,Codeforces Round 990 (Div. 2),harshchhallani3,5729,1733214300,0,382
2047,Codeforces Round 990 (Div. 2),sajaltikadar,5729,1733214300,528,594
2047,Codeforces Round 990 (Div. 2),LeGrosss,5729,1733214300,1139,1055
2047,Codeforces Round 990 (Div. 2),chill_guy_chimtu,5741,1733214300,976,993
2047,Codeforces Round 990 (Div. 2),Lafalef,5741,1733214300,601,814
2047,Codeforces Round 990 (Div. 2),Sahadheep,5741,1733214300,797,869
2047,Codeforces Round 990 (Div. 2),MervinLuo,5741,1733214300,778,853
2047,Codeforces Round 990 (Div. 2),AR_TUFAN,5741,1733214300,1011,947
2047,Codeforces Round 990 (Div. 2),daria.diaconu,5741,1733214300,939,888
2047,Codeforces Round 990 (Div. 2),Kiana423,5741,1733214300,811,787
2047,Codeforces Round 990 (Div. 2),a.nabilfri,5741,1733214300,573,741
2047,Codeforces Round 990 (Div. 2),xuchangyyds,5741,1733214300,825,892
2047,Codeforces Round 990 (Div. 2),oloy,5741,1733214300,1481,1347
2047,Codeforces Round 990 (Div. 2),punithreddy417,5741,1733214300,358,606
2047,Codeforces Round 990 (Div. 2),yogeshjangir2080,5741,1733214300,407,648
2047,Codeforces Round 990 (Div. 2),uppada_sandeep,5741,1733214300,396,638
2047,Codeforces Round 990 (Div. 2),Animesh_369,5754,1733214300,1144,1058
2047,Codeforces Round 990 (Div. 2),BinaryKnight,5754,1733214300,0,381
2047,Codeforces Round 990 (Div. 2),BhaveshZode,5754,1733214300,602,765
2047,Codeforces Round 990 (Div. 2),avnee_2925,5754,1733214300,654,673
2047,Codeforces Round 990 (Div. 2),Raghvendra_Singh,5754,1733214300,995,933
2047,Codeforces Round 990 (Div. 2),suryasahi900,5754,1733214300,999,978
2047,Codeforces Round 990 (Div. 2),PRADEEPTA,5754,1733214300,606,769
2047,Codeforces Round 990 (Div. 2),____mr99__,5754,1733214300,1001,938
2047,Codeforces Round 990 (Div. 2),gomuj,5754,1733214300,1073,998
2047,Codeforces Round 990 (Div. 2),gaganurs,5754,1733214300,1065,991
2047,Codeforces Round 990 (Div. 2),BTC,5754,1733214300,606,641
2047,Codeforces Round 990 (Div. 2),ashk4568,5754,1733214300,819,887
2047,Codeforces Round 990 (Div. 2),python_is_trash,5766,1733214300,1106,1026
2047,Codeforces Round 990 (Div. 2),sharinecf,5766,1733214300,626,785
2047,Codeforces Round 990 (Div. 2),Prakshaale_Jain,5766,1733214300,994,932
2047,Codeforces Round 990 (Div. 2),chu1423,5766,1733214300,376,621
2047,Codeforces Round 990 (Div. 2),Beat-O-O-Heat,5766,1733214300,1058,985
2047,Codeforces Round 990 (Div. 2),tabassumkashfia,5766,1733214300,802,779
2047,Codeforces Round 990 (Div. 2),Norway_,5766,1733214300,851,817
2047,Codeforces Round 990 (Div. 2),Sa15MiyagiJapan,5766,1733214300,0,381
2047,Codeforces Round 990 (Div. 2),naseanishka,5774,1733214300,922,913
2047,Codeforces Round 990 (Div. 2),Astra_,5774,1733214300,988,927
2047,Codeforces Round 990 (Div. 2),algowiz826004,5774,1733214300,996,1009
2047,Codeforces Round 990 (Div. 2),vishnu_2510,5774,1733214300,940,928
2047,Codeforces Round 990 (Div. 2),Kaikondar,5774,1733214300,500,572
2047,Codeforces Round 990 (Div. 2),duezzz,5774,1733214300,603,765
2047,Codeforces Round 990 (Div. 2),manishkujur,5774,1733214300,908,862
2047,Codeforces Round 990 (Div. 2),Aya92,5774,1733214300,855,820
2047,Codeforces Round 990 (Div. 2),24110262,5782,1733214300,589,753
2047,Codeforces Round 990 (Div. 2),HOUND98,5782,1733214300,982,921
2047,Codeforces Round 990 (Div. 2),fardeen.es7,5782,1733214300,655,671
2047,Codeforces Round 990 (Div. 2),kinshu000,5782,1733214300,472,703
2047,Codeforces Round 990 (Div. 2),abisyekue,5786,1733214300,968,910
2047,Codeforces Round 990 (Div. 2),KEDAR9,5786,1733214300,889,886
2047,Codeforces Round 990 (Div. 2),MartinB47,5786,1733214300,859,822
2047,Codeforces Round 990 (Div. 2),BabyChem,5786,1733214300,383,626
2047,Codeforces Round 990 (Div. 2),2PuNCheez,5786,1733214300,983,922
2047,Codeforces Round 990 (Div. 2),Sazzad0yt,5791,1733214300,636,793
2047,Codeforces Round 990 (Div. 2),jeanlvcandiii,5792,1733214300,999,935
2047,Codeforces Round 990 (Div. 2),Codacker007,5792,1733214300,407,646
2047,Codeforces Round 990 (Div. 2),Paras027,5792,1733214300,997,933
2047,Codeforces Round 990 (Div. 2),Araz_-05-,5792,1733214300,752,829
2047,Codeforces Round 990 (Div. 2),XuanCY,5792,1733214300,0,380
2047,Codeforces Round 990 (Div. 2),nnpuyen07hcm,5792,1733214300,0,380
2047,Codeforces Round 990 (Div. 2),wasushabi,5792,1733214300,932,880
2047,Codeforces Round 990 (Div. 2),codervipul,5792,1733214300,771,845
2047,Codeforces Round 990 (Div. 2),_Ashish028,5792,1733214300,981,919
2047,Codeforces Round 990 (Div. 2),Eularioal,5792,1733214300,0,380
2047,Codeforces Round 990 (Div. 2),Stucknight,5792,1733214300,986,965
2047,Codeforces Round 990 (Div. 2),Alyaa_R116,5792,1733214300,936,883
2047,Codeforces Round 990 (Div. 2),MAK963,5804,1733214300,1152,1063
2047,Codeforces Round 990 (Div. 2),eveloll,5804,1733214300,578,743
2047,Codeforces Round 990 (Div. 2),navra,5804,1733214300,745,886
2047,Codeforces Round 990 (Div. 2),beamer_02,5804,1733214300,787,858
2047,Codeforces Round 990 (Div. 2),shashankkosta717,5804,1733214300,1045,973
2047,Codeforces Round 990 (Div. 2),RoyalChalengersBanglore,5804,1733214300,1143,1056
2047,Codeforces Round 990 (Div. 2),agrimchauhan.18,5804,1733214300,879,909
2047,Codeforces Round 990 (Div. 2),Jannatul_Mawa23,5811,1733214300,881,838
2047,Codeforces Round 990 (Div. 2),DayDreamer_9527,5811,1733214300,583,747
2047,Codeforces Round 990 (Div. 2),insultovich,5813,1733214300,358,604
2047,Codeforces Round 990 (Div. 2),codeInterpreter05,5813,1733214300,935,881
2047,Codeforces Round 990 (Div. 2),AragornXFrodo,5813,1733214300,741,819
2047,Codeforces Round 990 (Div. 2),_ALI__,5813,1733214300,1051,977
2047,Codeforces Round 990 (Div. 2),Jana_KrisnaB,5813,1733214300,943,887
2047,Codeforces Round 990 (Div. 2),noob_rahim,5818,1733214300,547,596
2047,Codeforces Round 990 (Div. 2),maniabhi976,5818,1733214300,630,787
2047,Codeforces Round 990 (Div. 2),XUXY,5818,1733214300,624,782
2047,Codeforces Round 990 (Div. 2),shuilanjiao,5818,1733214300,0,380
2047,Codeforces Round 990 (Div. 2),mednour844,5818,1733214300,610,770
2047,Codeforces Round 990 (Div. 2),Naik18,5818,1733214300,826,794
2047,Codeforces Round 990 (Div. 2),sepsepakal,5824,1733214300,397,637
2047,Codeforces Round 990 (Div. 2),ByteWizard45,5824,1733214300,1055,981
2047,Codeforces Round 990 (Div. 2),m_s_sat,5824,1733214300,847,850
2047,Codeforces Round 990 (Div. 2),Pyrawn,5824,1733214300,833,799
2047,Codeforces Round 990 (Div. 2),ACE_DX3906,5828,1733214300,640,795
2047,Codeforces Round 990 (Div. 2),zy233,5828,1733214300,840,804
2047,Codeforces Round 990 (Div. 2),raghavjoshi862006,5828,1733214300,437,671
2047,Codeforces Round 990 (Div. 2),6_months,5828,1733214300,834,799
2047,Codeforces Round 990 (Div. 2),sadat_islam,5828,1733214300,1112,1028
2047,Codeforces Round 990 (Div. 2),_tapash,5828,1733214300,960,901
2047,Codeforces Round 990 (Div. 2),__Skywalker__,5828,1733214300,636,791
2047,Codeforces Round 990 (Div. 2),Abdullah_Siddique,5828,1733214300,923,945
2047,Codeforces Round 990 (Div. 2),anish.15,5836,1733214300,398,638
2047,Codeforces Round 990 (Div. 2),Enque,5836,1733214300,0,379
2047,Codeforces Round 990 (Div. 2),INTJ-A,5836,1733214300,1089,1008
2047,Codeforces Round 990 (Div. 2),Nishi_0506,5836,1733214300,703,849
2047,Codeforces Round 990 (Div. 2),TRAN_KHAC_THANG123,5836,1733214300,890,945
2047,Codeforces Round 990 (Div. 2),tejbir_7,5836,1733214300,0,379
2047,Codeforces Round 990 (Div. 2),Iftikhar_Shams_Niloy,5836,1733214300,840,875
2047,Codeforces Round 990 (Div. 2),kokozzz,5836,1733214300,980,959
2047,Codeforces Round 990 (Div. 2),pranavtiwari1506,5844,1733214300,1006,980
2047,Codeforces Round 990 (Div. 2),Gianamtong0502,5844,1733214300,1087,1085
2047,Codeforces Round 990 (Div. 2),sandeep172918,5844,1733214300,914,863
2047,Codeforces Round 990 (Div. 2),KRISH_V_0630,5844,1733214300,0,379
2047,Codeforces Round 990 (Div. 2),sa1Lx,5844,1733214300,804,871
2047,Codeforces Round 990 (Div. 2),monicareddynarem,5844,1733214300,0,379
2047,Codeforces Round 990 (Div. 2),FARMAAN_KHANN,5844,1733214300,1069,991
2047,Codeforces Round 990 (Div. 2),ameenshakkib,5844,1733214300,862,920
2047,Codeforces Round 990 (Div. 2),Nazi84,5844,1733214300,831,796
2047,Codeforces Round 990 (Div. 2),tacotent43,5853,1733214300,596,757
2047,Codeforces Round 990 (Div. 2),Valerion052,5853,1733214300,875,831
2047,Codeforces Round 990 (Div. 2),ivi0ii00ix,5853,1733214300,614,637
2047,Codeforces Round 990 (Div. 2),coder_024,5853,1733214300,0,378
2047,Codeforces Round 990 (Div. 2),codeforces.ai,5857,1733214300,1066,988
2047,Codeforces Round 990 (Div. 2),nomorealoser,5857,1733214300,422,657
2047,Codeforces Round 990 (Div. 2),ajijulquanta,5857,1733214300,0,378
2047,Codeforces Round 990 (Div. 2),rodnoi,5857,1733214300,661,669
2047,Codeforces Round 990 (Div. 2),ngyixiang21,5857,1733214300,0,378
2047,Codeforces Round 990 (Div. 2),vin2,5857,1733214300,868,824
2047,Codeforces Round 990 (Div. 2),ANSHp-G,5857,1733214300,677,826
2047,Codeforces Round 990 (Div. 2),MangoFI,5857,1733214300,1035,1004
2047,Codeforces Round 990 (Div. 2),Vansh_Motwani_IIITH,5857,1733214300,1160,1068
2047,Codeforces Round 990 (Div. 2),F-L-A-S-H,5857,1733214300,0,378
2047,Codeforces Round 990 (Div. 2),AsifOlindo,5857,1733214300,817,824
2047,Codeforces Round 990 (Div. 2),aamirray,5868,1733214300,597,757
2047,Codeforces Round 990 (Div. 2),Zorojuro,5868,1733214300,836,799
2047,Codeforces Round 990 (Div. 2),tyutyu80,5868,1733214300,1056,1022
2047,Codeforces Round 990 (Div. 2),anand_2703,5868,1733214300,777,753
2047,Codeforces Round 990 (Div. 2),tahmid.haque,5868,1733214300,619,638
2047,Codeforces Round 990 (Div. 2),parveshsgulati,5868,1733214300,936,983
2047,Codeforces Round 990 (Div. 2),lmy_nju,5874,1733214300,0,379
2047,Codeforces Round 990 (Div. 2),UjjwalBharti13,5874,1733214300,1294,1183
2047,Codeforces Round 990 (Div. 2),Aravind_N_,5874,1733214300,773,750
2047,Codeforces Round 990 (Div. 2),spiricoder,5877,1733214300,878,831
2047,Codeforces Round 990 (Div. 2),ry9999,5877,1733214300,378,619
2047,Codeforces Round 990 (Div. 2),shreyvijay,5877,1733214300,896,887
2047,Codeforces Round 990 (Div. 2),anarbay.nrislam,5877,1733214300,583,745
2047,Codeforces Round 990 (Div. 2),white_hawk,5877,1733214300,812,877
2047,Codeforces Round 990 (Div. 2),Ryeuga,5877,1733214300,610,768
2047,Codeforces Round 990 (Div. 2),Shanddosh,5883,1733214300,955,894
2047,Codeforces Round 990 (Div. 2),AmarEEE23,5883,1733214300,959,897
2047,Codeforces Round 990 (Div. 2),YashCdf,5883,1733214300,626,781
2047,Codeforces Round 990 (Div. 2),Nour777,5883,1733214300,0,378
2047,Codeforces Round 990 (Div. 2),boss8055n,5883,1733214300,816,782
2047,Codeforces Round 990 (Div. 2),mhidi,5888,1733214300,785,757
2047,Codeforces Round 990 (Div. 2),_Rakib_,5888,1733214300,844,803
2047,Codeforces Round 990 (Div. 2),Shafeen_code4ever,5888,1733214300,596,755
2047,Codeforces Round 990 (Div. 2),cipher.dj,5888,1733214300,914,860
2047,Codeforces Round 990 (Div. 2),yjkira,5888,1733214300,358,601
2047,Codeforces Round 990 (Div. 2),KhushWadhwa,5888,1733214300,1246,1141
2047,Codeforces Round 990 (Div. 2),ro_.hi__th._,5888,1733214300,650,802
2047,Codeforces Round 990 (Div. 2),3211714864,5888,1733214300,830,891
2047,Codeforces Round 990 (Div. 2),vfix,5896,1733214300,917,862
2047,Codeforces Round 990 (Div. 2),temuulen0420,5897,1733214300,548,588
2047,Codeforces Round 990 (Div. 2),coke_pussy,5897,1733214300,664,667
2047,Codeforces Round 990 (Div. 2),VivekSahu,5897,1733214300,989,999
2047,Codeforces Round 990 (Div. 2),dksak556465,5897,1733214300,349,593
2047,Codeforces Round 990 (Div. 2),kaede-kefeng,5897,1733214300,0,378
2047,Codeforces Round 990 (Div. 2),harry0111,5902,1733214300,355,598
2047,Codeforces Round 990 (Div. 2),akshatd03,5902,1733214300,664,814
2047,Codeforces Round 990 (Div. 2),vyaswanthssmv,5902,1733214300,871,824
2047,Codeforces Round 990 (Div. 2),bryan-hdz7,5902,1733214300,881,873
2047,Codeforces Round 990 (Div. 2),Ren_2007,5902,1733214300,0,377
2047,Codeforces Round 990 (Div. 2),Osalotioman,5902,1733214300,793,763
2047,Codeforces Round 990 (Div. 2),random_77,5902,1733214300,731,807
2047,Codeforces Round 990 (Div. 2),TudorHolota,5902,1733214300,726,867
2047,Codeforces Round 990 (Div. 2),Benjamin_Lewis,5910,1733214300,0,378
2047,Codeforces Round 990 (Div. 2),CP_W5A,5910,1733214300,894,842
2047,Codeforces Round 990 (Div. 2),autobot_prime,5910,1733214300,809,846
2047,Codeforces Round 990 (Div. 2),822124,5910,1733214300,713,791
2047,Codeforces Round 990 (Div. 2),pruthvinathreddyy,5910,1733214300,752,731
2047,Codeforces Round 990 (Div. 2),stack_69,5915,1733214300,1034,959
2047,Codeforces Round 990 (Div. 2),saaad,5915,1733214300,724,709
2047,Codeforces Round 990 (Div. 2),Ra1nSen,5915,1733214300,883,936
2047,Codeforces Round 990 (Div. 2),OM_11,5915,1733214300,947,886
2047,Codeforces Round 990 (Div. 2),Pulkeshin,5915,1733214300,917,861
2047,Codeforces Round 990 (Div. 2),Arpita6379,5920,1733214300,859,813
2047,Codeforces Round 990 (Div. 2),Coder_Devdas,5920,1733214300,0,377
2047,Codeforces Round 990 (Div. 2),lidc,5920,1733214300,676,823
2047,Codeforces Round 990 (Div. 2),jainWin,5920,1733214300,952,889
2047,Codeforces Round 990 (Div. 2),Shy_Retriever,5920,1733214300,716,703
2047,Codeforces Round 990 (Div. 2),Xiao_WZ,5920,1733214300,0,377
2047,Codeforces Round 990 (Div. 2),Epsilon0p,5920,1733214300,807,773
2047,Codeforces Round 990 (Div. 2),George_Joseph,5927,1733214300,837,795
2047,Codeforces Round 990 (Div. 2),no_acm_no_life,5927,1733214300,889,912
2047,Codeforces Round 990 (Div. 2),m._.,5927,1733214300,0,377
2047,Codeforces Round 990 (Div. 2),venom1406,5927,1733214300,1212,1111
2047,Codeforces Round 990 (Div. 2),Punith_B_R_27,5927,1733214300,617,772
2047,Codeforces Round 990 (Div. 2),Bvngls,5927,1733214300,1097,1054
2047,Codeforces Round 990 (Div. 2),Agosseni,5927,1733214300,356,599
2047,Codeforces Round 990 (Div. 2),whxuan,5934,1733214300,0,377
2047,Codeforces Round 990 (Div. 2),Sjain_16,5934,1733214300,822,783
2047,Codeforces Round 990 (Div. 2),Rushil24,5934,1733214300,933,915
2047,Codeforces Round 990 (Div. 2),Piyush_GYL,5934,1733214300,381,620
2047,Codeforces Round 990 (Div. 2),Shu-ham29,5934,1733214300,900,845
2047,Codeforces Round 990 (Div. 2),Bushrasyeda,5934,1733214300,761,735
2047,Codeforces Round 990 (Div. 2),parteekoncode,5934,1733214300,1005,933
2047,Codeforces Round 990 (Div. 2),grigora_anaptyx,5934,1733214300,755,826
2047,Codeforces Round 990 (Div. 2),bsricharan,5942,1733214300,924,865
2047,Codeforces Round 990 (Div. 2),SherryL,5942,1733214300,787,853
2047,Codeforces Round 990 (Div. 2),ansh_000,5944,1733214300,626,779
2047,Codeforces Round 990 (Div. 2),JaJaSrija,5944,1733214300,634,786
2047,Codeforces Round 990 (Div. 2),madhuri1,5944,1733214300,0,376
2047,Codeforces Round 990 (Div. 2),mohibulJesan,5944,1733214300,763,737
2047,Codeforces Round 990 (Div. 2),arifkm2006,5948,1733214300,0,376
2047,Codeforces Round 990 (Div. 2),bholax,5948,1733214300,0,376
2047,Codeforces Round 990 (Div. 2),wenyongjia,5948,1733214300,374,614
2047,Codeforces Round 990 (Div. 2),Teddysphotos,5951,1733214300,0,377
2047,Codeforces Round 990 (Div. 2),sumitlord,5951,1733214300,876,825
2047,Codeforces Round 990 (Div. 2),SR_Zisan,5951,1733214300,771,742
2047,Codeforces Round 990 (Div. 2),Caraxes_00,5951,1733214300,977,909
2047,Codeforces Round 990 (Div. 2),PermaPupil,5951,1733214300,1208,1107
2047,Codeforces Round 990 (Div. 2),RealStormRider,5951,1733214300,0,377
2047,Codeforces Round 990 (Div. 2),SkywalkerX,5957,1733214300,898,843
2047,Codeforces Round 990 (Div. 2),Rifatjoy,5957,1733214300,358,600
2047,Codeforces Round 990 (Div. 2),John__Shelby,5957,1733214300,773,744
2047,Codeforces Round 990 (Div. 2),sidharthn1105,5957,1733214300,842,797
2047,Codeforces Round 990 (Div. 2),Natto_,5961,1733214300,1096,1010
2047,Codeforces Round 990 (Div. 2),quietsnake,5961,1733214300,909,852
2047,Codeforces Round 990 (Div. 2),akshaybhasin,5963,1733214300,603,759
2047,Codeforces Round 990 (Div. 2),aliostraa,5963,1733214300,792,829
2047,Codeforces Round 990 (Div. 2),tsakhirmaa,5963,1733214300,787,793
2047,Codeforces Round 990 (Div. 2),Rohit3260,5963,1733214300,378,617
2047,Codeforces Round 990 (Div. 2),Sashreek,5963,1733214300,780,846
2047,Codeforces Round 990 (Div. 2),Sarvansh28,5968,1733214300,631,783
2047,Codeforces Round 990 (Div. 2),AnshulChaudhary2122004,5968,1733214300,827,858
2047,Codeforces Round 990 (Div. 2),stop_it,5968,1733214300,1193,1093
2047,Codeforces Round 990 (Div. 2),notron,5968,1733214300,386,624
2047,Codeforces Round 990 (Div. 2),bye_bye,5968,1733214300,900,885
2047,Codeforces Round 990 (Div. 2),crazyprash,5968,1733214300,0,376
2047,Codeforces Round 990 (Div. 2),arjun.b,5974,1733214300,606,761
2047,Codeforces Round 990 (Div. 2),Zoror,5974,1733214300,1048,968
2047,Codeforces Round 990 (Div. 2),isha2422,5974,1733214300,989,918
2047,Codeforces Round 990 (Div. 2),nxvdeep,5974,1733214300,370,610
2047,Codeforces Round 990 (Div. 2),Sourcecamp,5978,1733214300,0,376
2047,Codeforces Round 990 (Div. 2),gravedig8er,5978,1733214300,0,376
2047,Codeforces Round 990 (Div. 2),Suhanijain2904,5978,1733214300,751,724
2047,Codeforces Round 990 (Div. 2),krikera,5978,1733214300,912,959
2047,Codeforces Round 990 (Div. 2),litch07,5978,1733214300,788,852
2047,Codeforces Round 990 (Div. 2),jef_22_12,5978,1733214300,719,700
2047,Codeforces Round 990 (Div. 2),Rosv,5984,1733214300,949,884
2047,Codeforces Round 990 (Div. 2),Ya7ia.,5984,1733214300,1204,1102
2047,Codeforces Round 990 (Div. 2),flashstep,5984,1733214300,405,640
2047,Codeforces Round 990 (Div. 2),Nitin_Bansal,5987,1733214300,952,886
2047,Codeforces Round 990 (Div. 2),bmbxzm,5987,1733214300,929,866
2047,Codeforces Round 990 (Div. 2),letrungkienhd1308hust,5987,1733214300,619,772
2047,Codeforces Round 990 (Div. 2),ghostmikz,5987,1733214300,376,615
2047,Codeforces Round 990 (Div. 2),Rhea_29,5987,1733214300,844,871
2047,Codeforces Round 990 (Div. 2),abee95,5987,1733214300,705,780
2047,Codeforces Round 990 (Div. 2),PHOX_,5993,1733214300,824,883
2047,Codeforces Round 990 (Div. 2),_404_,5994,1733214300,949,883
2047,Codeforces Round 990 (Div. 2),GrayBeard,5994,1733214300,924,862
2047,Codeforces Round 990 (Div. 2),sachinup,5994,1733214300,853,804
2047,Codeforces Round 990 (Div. 2),imdandelia117,5994,1733214300,0,375
2047,Codeforces Round 990 (Div. 2),Hohlistro,5994,1733214300,854,909
2047,Codeforces Round 990 (Div. 2),rohnoan,5994,1733214300,626,631
2047,Codeforces Round 990 (Div. 2),Hacker_Xtreme,6000,1733214300,795,797
2047,Codeforces Round 990 (Div. 2),Md_kaif2782,6000,1733214300,0,375
2047,Codeforces Round 990 (Div. 2),thienbui2006hd,6000,1733214300,610,764
2047,Codeforces Round 990 (Div. 2),johyy,6000,1733214300,1006,931
2047,Codeforces Round 990 (Div. 2),ritika._.27,6004,1733214300,360,600
2047,Codeforces Round 990 (Div. 2),249074471,6004,1733214300,637,787
2047,Codeforces Round 990 (Div. 2),apple532,6006,1733214300,830,859
2047,Codeforces Round 990 (Div. 2),ravindrabhati,6007,1733214300,835,789
2047,Codeforces Round 990 (Div. 2),tanmay_amritkar,6007,1733214300,1013,937
2047,Codeforces Round 990 (Div. 2),runner_13,6009,1733214300,583,740
2047,Codeforces Round 990 (Div. 2),A_A_Jubair,6009,1733214300,942,876
2047,Codeforces Round 990 (Div. 2),echikawa,6009,1733214300,918,856
2047,Codeforces Round 990 (Div. 2),kapilkundu1380,6009,1733214300,856,881
2047,Codeforces Round 990 (Div. 2),RuchirSharma038,6013,1733214300,604,758
2047,Codeforces Round 990 (Div. 2),shubham.soni,6013,1733214300,650,645
2047,Codeforces Round 990 (Div. 2),nghoangtuan.anh2006,6013,1733214300,358,598
2047,Codeforces Round 990 (Div. 2),iiif_,6013,1733214300,0,375
2047,Codeforces Round 990 (Div. 2),arish07,6013,1733214300,396,631
2047,Codeforces Round 990 (Div. 2),shen_kong,6013,1733214300,1122,1073
2047,Codeforces Round 990 (Div. 2),Shinnei,6019,1733214300,808,806
2047,Codeforces Round 990 (Div. 2),keye,6019,1733214300,1000,925
2047,Codeforces Round 990 (Div. 2),Saini_30,6021,1733214300,392,628
2047,Codeforces Round 990 (Div. 2),Abs0luteZero,6021,1733214300,810,767
2047,Codeforces Round 990 (Div. 2),Monstiez,6021,1733214300,718,791
2047,Codeforces Round 990 (Div. 2),return_aikansh,6021,1733214300,863,810
2047,Codeforces Round 990 (Div. 2),youcando,6025,1733214300,926,862
2047,Codeforces Round 990 (Div. 2),Mantaka_Mahir,6025,1733214300,862,809
2047,Codeforces Round 990 (Div. 2),kishore200519,6025,1733214300,915,895
2047,Codeforces Round 990 (Div. 2),microrevit,6028,1733214300,0,374
2047,Codeforces Round 990 (Div. 2),Sagen19,6028,1733214300,688,672
2047,Codeforces Round 990 (Div. 2),CLydq,6030,1733214300,0,374
2047,Codeforces Round 990 (Div. 2),_Break_The_Limits_,6031,1733214300,881,824
2047,Codeforces Round 990 (Div. 2),jaisx,6031,1733214300,662,653
2047,Codeforces Round 990 (Div. 2),Praneeth018,6031,1733214300,358,598
2047,Codeforces Round 990 (Div. 2),DipJadhav,6034,1733214300,396,631
2047,Codeforces Round 990 (Div. 2),notUnknown,6034,1733214300,896,837
2047,Codeforces Round 990 (Div. 2),mritesh108,6034,1733214300,698,679
2047,Codeforces Round 990 (Div. 2),minhaj48,6034,1733214300,0,374
2047,Codeforces Round 990 (Div. 2),cin_ANUP,6038,1733214300,818,773
2047,Codeforces Round 990 (Div. 2),neevrathod,6038,1733214300,609,761
2047,Codeforces Round 990 (Div. 2),an0nim,6040,1733214300,782,912
2047,Codeforces Round 990 (Div. 2),shiva___np,6041,1733214300,798,859
2047,Codeforces Round 990 (Div. 2),Harshitaaaaaa,6041,1733214300,760,825
2047,Codeforces Round 990 (Div. 2),__Ravi_Shankar18,6041,1733214300,788,917
2047,Codeforces Round 990 (Div. 2),aakhu_bansal,6041,1733214300,828,780
2047,Codeforces Round 990 (Div. 2),_GUARD1AN,6041,1733214300,770,834
2047,Codeforces Round 990 (Div. 2),sidd_1728,6046,1733214300,358,597
2047,Codeforces Round 990 (Div. 2),sifatCF,6046,1733214300,591,745
2047,Codeforces Round 990 (Div. 2),Ghost_from_JU,6046,1733214300,631,781
2047,Codeforces Round 990 (Div. 2),JGSSU,6046,1733214300,0,374
2047,Codeforces Round 990 (Div. 2),wilke,6046,1733214300,425,655
2047,Codeforces Round 990 (Div. 2),jrp25,6051,1733214300,623,774
2047,Codeforces Round 990 (Div. 2),SDSC0623,6052,1733214300,0,374
2047,Codeforces Round 990 (Div. 2),Origin_77,6053,1733214300,451,679
2047,Codeforces Round 990 (Div. 2),Pratik28_coder,6053,1733214300,617,768
2047,Codeforces Round 990 (Div. 2),Sanpan07,6055,1733214300,1213,1108
2047,Codeforces Round 990 (Div. 2),Abdo_Sleem,6055,1733214300,1431,1298
2047,Codeforces Round 990 (Div. 2),sukehiro,6055,1733214300,850,839
2047,Codeforces Round 990 (Div. 2),faisalbhaisera,6058,1733214300,671,657
2047,Codeforces Round 990 (Div. 2),richeeck_2006,6058,1733214300,883,825
2047,Codeforces Round 990 (Div. 2),a.anuradhakgloc027,6058,1733214300,576,588
2047,Codeforces Round 990 (Div. 2),AYUSHmishra04,6061,1733214300,907,886
2047,Codeforces Round 990 (Div. 2),GARVVVV,6061,1733214300,1087,998
2047,Codeforces Round 990 (Div. 2),CoLH,6061,1733214300,732,801
2047,Codeforces Round 990 (Div. 2),im4rv1nd,6061,1733214300,782,844
2047,Codeforces Round 990 (Div. 2),iam2mhs,6061,1733214300,846,793
2047,Codeforces Round 990 (Div. 2),YuxinZhao12138,6066,1733214300,0,374
2047,Codeforces Round 990 (Div. 2),ayush_dixit_iit_bhu,6066,1733214300,0,374
2047,Codeforces Round 990 (Div. 2),MariaAngelica,6066,1733214300,1010,974
2047,Codeforces Round 990 (Div. 2),shubham._.,6069,1733214300,408,640
2047,Codeforces Round 990 (Div. 2),nilesh1729,6069,1733214300,980,906
2047,Codeforces Round 990 (Div. 2),pyt123,6071,1733214300,463,688
2047,Codeforces Round 990 (Div. 2),imbaa,6071,1733214300,351,591
2047,Codeforces Round 990 (Div. 2),MD_JU_Jewel,6071,1733214300,859,803
2047,Codeforces Round 990 (Div. 2),Fuad_Hasan43,6071,1733214300,966,893
2047,Codeforces Round 990 (Div. 2),sadhvini235,6075,1733214300,379,615
2047,Codeforces Round 990 (Div. 2),aksa001,6075,1733214300,966,893
2047,Codeforces Round 990 (Div. 2),KA-terrarian,6075,1733214300,974,900
2047,Codeforces Round 990 (Div. 2),ayu_264,6078,1733214300,730,700
2047,Codeforces Round 990 (Div. 2),windlights33,6079,1733214300,793,852
2047,Codeforces Round 990 (Div. 2),deekshithkm,6079,1733214300,383,618
2047,Codeforces Round 990 (Div. 2),padurariu_riccardo,6079,1733214300,0,373
2047,Codeforces Round 990 (Div. 2),Chintu__123,6079,1733214300,868,811
2047,Codeforces Round 990 (Div. 2),v91988339,6079,1733214300,955,884
2047,Codeforces Round 990 (Div. 2),E_manjusaka,6079,1733214300,0,373
2047,Codeforces Round 990 (Div. 2),Elevate.,6085,1733214300,879,897
2047,Codeforces Round 990 (Div. 2),Sub._.Zero,6086,1733214300,677,819
2047,Codeforces Round 990 (Div. 2),Maruf_68,6087,1733214300,928,860
2047,Codeforces Round 990 (Div. 2),pratyushhh,6088,1733214300,381,616
2047,Codeforces Round 990 (Div. 2),b0nkimch0ndro,6089,1733214300,1019,938
2047,Codeforces Round 990 (Div. 2),tekka_ity,6089,1733214300,894,832
2047,Codeforces Round 990 (Div. 2),Coder_RZ1001,6091,1733214300,815,766
2047,Codeforces Round 990 (Div. 2),mamgaingaurav14,6092,1733214300,1135,1082
2047,Codeforces Round 990 (Div. 2),manthan.parmarr,6093,1733214300,657,642
2047,Codeforces Round 990 (Div. 2),krishgoblin,6093,1733214300,631,779
2047,Codeforces Round 990 (Div. 2),bowlofruits,6095,1733214300,899,913
2047,Codeforces Round 990 (Div. 2),jenil_gabani,6096,1733214300,963,890
2047,Codeforces Round 990 (Div. 2),rakibfrags,6097,1733214300,0,373
2047,Codeforces Round 990 (Div. 2),xyz_mc1234,6097,1733214300,920,853
2047,Codeforces Round 990 (Div. 2),priya15d99,6099,1733214300,937,947
2047,Codeforces Round 990 (Div. 2),IAmDenji,6100,1733214300,0,373
2047,Codeforces Round 990 (Div. 2),victimkiddo32,6100,1733214300,693,669
2047,Codeforces Round 990 (Div. 2),Cosmic90,6102,1733214300,935,865
2047,Codeforces Round 990 (Div. 2),who_shivamanand,6103,1733214300,1056,969
2047,Codeforces Round 990 (Div. 2),greenLine_065,6104,1733214300,672,653
2047,Codeforces Round 990 (Div. 2),god_thor001,6105,1733214300,898,834
2047,Codeforces Round 990 (Div. 2),Delication,6105,1733214300,1100,1051
2047,Codeforces Round 990 (Div. 2),Ankityadav2004,6107,1733214300,767,726
2047,Codeforces Round 990 (Div. 2),PrakharSahu,6108,1733214300,824,772
2047,Codeforces Round 990 (Div. 2),Rakobay,6109,1733214300,1021,939
2047,Codeforces Round 990 (Div. 2),RIAD_SABER,6110,1733214300,839,784
2047,Codeforces Round 990 (Div. 2),Dior_Ezboll,6111,1733214300,1153,1053
2047,Codeforces Round 990 (Div. 2),Fathulloev_M,6112,1733214300,934,864
2047,Codeforces Round 990 (Div. 2),bogurar.doiii,6113,1733214300,887,866
2047,Codeforces Round 990 (Div. 2),___S_O_H_I_D_U_L___,6114,1733214300,849,793
2047,Codeforces Round 990 (Div. 2),sabbir2.0,6115,1733214300,840,784
2047,Codeforces Round 990 (Div. 2),MONA7124,6115,1733214300,886,823
2047,Codeforces Round 990 (Div. 2),Ashikul_IslamM,6117,1733214300,903,837
2047,Codeforces Round 990 (Div. 2),Sahilrm,6118,1733214300,1027,944
2047,Codeforces Round 990 (Div. 2),shashankkosta940,6119,1733214300,888,825
2047,Codeforces Round 990 (Div. 2),Samin_Rayed,6119,1733214300,664,807
2047,Codeforces Round 990 (Div. 2),Vietbach,6121,1733214300,1124,1028
2047,Codeforces Round 990 (Div. 2),Mustafa_Essam,6121,1733214300,1034,949
2047,Codeforces Round 990 (Div. 2),Vsh23,6121,1733214300,885,931
2047,Codeforces Round 990 (Div. 2),DrEam_x,6121,1733214300,433,661
2047,Codeforces Round 990 (Div. 2),Jia.,6121,1733214300,991,912
2047,Codeforces Round 990 (Div. 2),Toronto.Tokyo,6121,1733214300,1014,932
2047,Codeforces Round 990 (Div. 2),Ahmad_Hasan,6121,1733214300,956,881
2047,Codeforces Round 990 (Div. 2),Kuonj1_C4t,6121,1733214300,1028,944
2047,Codeforces Round 990 (Div. 2),polp10,6129,1733214300,0,360
2047,Codeforces Round 990 (Div. 2),vineetvardhan27,6129,1733214300,0,360
2047,Codeforces Round 990 (Div. 2),Abdumalik_2011,6129,1733214300,594,728
2047,Codeforces Round 990 (Div. 2),olaghoneim,6129,1733214300,940,885
2047,Codeforces Round 990 (Div. 2),Vedant_Dabhade_44,6129,1733214300,0,360
2047,Codeforces Round 990 (Div. 2),khusnikhorlan,6129,1733214300,590,724
2047,Codeforces Round 990 (Div. 2),Moyeenul_Islam,6129,1733214300,586,499
2047,Codeforces Round 990 (Div. 2),bludC,6129,1733214300,928,827
2047,Codeforces Round 990 (Div. 2),chulbulPandey,6129,1733214300,950,937
2047,Codeforces Round 990 (Div. 2),elonmusky075,6129,1733214300,622,753
2047,Codeforces Round 990 (Div. 2),zylq,6129,1733214300,0,360
2047,Codeforces Round 990 (Div. 2),magical69,6129,1733214300,841,836
2047,Codeforces Round 990 (Div. 2),roniket72,6129,1733214300,0,360
2047,Codeforces Round 990 (Div. 2),_SAIMON,6129,1733214300,940,839
2047,Codeforces Round 990 (Div. 2),AnonymousYeagerist,6129,1733214300,756,797
2047,Codeforces Round 990 (Div. 2),JrMelloXOmega,6129,1733214300,746,655
2047,Codeforces Round 990 (Div. 2),Sqrt_-1,6129,1733214300,1091,979
2047,Codeforces Round 990 (Div. 2),24CodeNebula,6129,1733214300,426,643
2047,Codeforces Round 990 (Div. 2),LuSter__M,6129,1733214300,0,360
2047,Codeforces Round 990 (Div. 2),hrszo,6129,1733214300,954,852
2047,Codeforces Round 990 (Div. 2),manikanta_01,6129,1733214300,927,826
2047,Codeforces Round 990 (Div. 2),rashedjamanraju,6129,1733214300,852,756
2047,Codeforces Round 990 (Div. 2),gati_vora,6129,1733214300,850,883
2047,Codeforces Round 990 (Div. 2),harsh.d.r007,6129,1733214300,1182,1148
2047,Codeforces Round 990 (Div. 2),Md.zuel,6129,1733214300,465,381
2047,Codeforces Round 990 (Div. 2),anup_kr,6129,1733214300,877,870
2047,Codeforces Round 990 (Div. 2),ubaydullo,6129,1733214300,412,630
2047,Codeforces Round 990 (Div. 2),VENOM_25,6129,1733214300,389,609
2047,Codeforces Round 990 (Div. 2),rahul_a22,6129,1733214300,1048,939
2047,Codeforces Round 990 (Div. 2),MEthylene_koishi,6129,1733214300,0,360
2047,Codeforces Round 990 (Div. 2),Tortoise795,6129,1733214300,921,821
2047,Codeforces Round 990 (Div. 2),itsbillyannnn,6129,1733214300,0,360
2047,Codeforces Round 990 (Div. 2),Guhan_C,6129,1733214300,1084,973
2047,Codeforces Round 990 (Div. 2),desaidipesh2002,6129,1733214300,1131,1016
2047,Codeforces Round 990 (Div. 2),georgopolgoregopal1,6129,1733214300,710,754
2047,Codeforces Round 990 (Div. 2),cphelepr,6129,1733214300,358,581
2047,Codeforces Round 990 (Div. 2),TheBadriX.,6129,1733214300,985,881
2047,Codeforces Round 990 (Div. 2),hhhxl,6129,1733214300,787,694
2047,Codeforces Round 990 (Div. 2),jorcaeff,6129,1733214300,703,827
2047,Codeforces Round 990 (Div. 2),dilveergur203,6129,1733214300,777,684
2047,Codeforces Round 990 (Div. 2),linh_n,6129,1733214300,395,615
2047,Codeforces Round 990 (Div. 2),cheemeshmeh,6129,1733214300,1045,937
2047,Codeforces Round 990 (Div. 2),Souhail1411,6129,1733214300,822,727
2047,Codeforces Round 990 (Div. 2),spectat0r,6129,1733214300,1325,1275
2047,Codeforces Round 990 (Div. 2),mmp277,6129,1733214300,1001,942
2047,Codeforces Round 990 (Div. 2),amank25,6129,1733214300,866,769
2047,Codeforces Round 990 (Div. 2),yashasviii,6129,1733214300,0,360
2047,Codeforces Round 990 (Div. 2),knagpal119,6129,1733214300,374,596
2047,Codeforces Round 990 (Div. 2),CodePool327,6129,1733214300,902,803
2047,Codeforces Round 990 (Div. 2),HeySiri_,6129,1733214300,0,360
2047,Codeforces Round 990 (Div. 2),Hawkwatch_19,6129,1733214300,821,726
2047,Codeforces Round 990 (Div. 2),xzzedsmr,6129,1733214300,1095,1174
2047,Codeforces Round 990 (Div. 2),Erro_R,6129,1733214300,992,887
2047,Codeforces Round 990 (Div. 2),J0KER.,6129,1733214300,1287,1158
2047,Codeforces Round 990 (Div. 2),togamysovabyl,6129,1733214300,417,635
2047,Codeforces Round 990 (Div. 2),M_Sajjad_VSS,6129,1733214300,0,360
2047,Codeforces Round 990 (Div. 2),sharvilkothari,6129,1733214300,931,830
2047,Codeforces Round 990 (Div. 2),NobitaNoobie_,6129,1733214300,930,876
2047,Codeforces Round 990 (Div. 2),srineel_9,6129,1733214300,705,749
2047,Codeforces Round 990 (Div. 2),Brown_fox,6129,1733214300,787,694
2047,Codeforces Round 990 (Div. 2),shaurya_0211,6129,1733214300,929,918
2047,Codeforces Round 990 (Div. 2),farmmm,6129,1733214300,46,5
2047,Codeforces Round 990 (Div. 2),rohitchavan1,6129,1733214300,0,360
2047,Codeforces Round 990 (Div. 2),amitommiter,6129,1733214300,778,685
2047,Codeforces Round 990 (Div. 2),Ansh_Kumar-SIngh,6129,1733214300,757,798
2047,Codeforces Round 990 (Div. 2),harsh_k_777,6129,1733214300,0,360
2047,Codeforces Round 990 (Div. 2),replyr,6129,1733214300,682,808
2047,Codeforces Round 990 (Div. 2),aayush_18,6129,1733214300,638,550
2047,Codeforces Round 990 (Div. 2),jamal1223124,6129,1733214300,788,742
2047,Codeforces Round 990 (Div. 2),logifo,6129,1733214300,358,581
2047,Codeforces Round 990 (Div. 2),shubham021x,6129,1733214300,1214,1092
2047,Codeforces Round 990 (Div. 2),VVarn_2005,6129,1733214300,924,824
2047,Codeforces Round 990 (Div. 2),BlackBird123,6129,1733214300,693,603
2047,Codeforces Round 990 (Div. 2),lakshmi_rm,6129,1733214300,0,360
2047,Codeforces Round 990 (Div. 2),TAX_ME_DADDY,6129,1733214300,1459,1311
2047,Codeforces Round 990 (Div. 2),aye_sayne,6129,1733214300,741,783
2047,Codeforces Round 990 (Div. 2),dhruvchavda1403,6129,1733214300,1025,964
2047,Codeforces Round 990 (Div. 2),CipherPhoenix,6129,1733214300,927,826
2047,Codeforces Round 990 (Div. 2),_bidhayak,6129,1733214300,701,611
2047,Codeforces Round 990 (Div. 2),wertyui,6129,1733214300,0,360
2047,Codeforces Round 990 (Div. 2),alanmamitov2003,6129,1733214300,590,724
2047,Codeforces Round 990 (Div. 2),Fardin2.0,6129,1733214300,353,577
2047,Codeforces Round 990 (Div. 2),Fse5,6129,1733214300,387,608
2047,Codeforces Round 990 (Div. 2),ReVoR,6129,1733214300,1108,995
2047,Codeforces Round 990 (Div. 2),codeitV,6129,1733214300,1093,1068
2047,Codeforces Round 990 (Div. 2),Ash13_gupta,6129,1733214300,970,867
2047,Codeforces Round 990 (Div. 2),Vanshiiii_K,6129,1733214300,720,629
2047,Codeforces Round 990 (Div. 2),2004M.chitranshu791113,6129,1733214300,906,807
2047,Codeforces Round 990 (Div. 2),richhcir,6129,1733214300,434,650
2047,Codeforces Round 990 (Div. 2),Cold_Blood,6129,1733214300,783,782
2047,Codeforces Round 990 (Div. 2),meherin_ahmmed,6129,1733214300,704,614
2047,Codeforces Round 990 (Div. 2),i_hate_,6129,1733214300,407,626
2047,Codeforces Round 990 (Div. 2),Najmul_Huda_,6129,1733214300,955,853
2047,Codeforces Round 990 (Div. 2),sahilkumar993277,6129,1733214300,875,906
2047,Codeforces Round 990 (Div. 2),666kaushalkurdiya,6129,1733214300,847,751
2047,Codeforces Round 990 (Div. 2),duo_yi_nan,6129,1733214300,0,360
2047,Codeforces Round 990 (Div. 2),lipglossuserr,6129,1733214300,593,727
2047,Codeforces Round 990 (Div. 2),Rho_Ruler,6129,1733214300,407,626
2047,Codeforces Round 990 (Div. 2),Anish_J,6129,1733214300,1021,914
2047,Codeforces Round 990 (Div. 2),2021331025,6129,1733214300,766,673
2047,Codeforces Round 990 (Div. 2),what_a_man,6129,1733214300,936,835
2047,Codeforces Round 990 (Div. 2),Divyanshu_05,6129,1733214300,836,740
2047,Codeforces Round 990 (Div. 2),COMET.w,6129,1733214300,618,750
2047,Codeforces Round 990 (Div. 2),shanto_gyn_017,6129,1733214300,688,598
2047,Codeforces Round 990 (Div. 2),sreyosh,6129,1733214300,873,775
2047,Codeforces Round 990 (Div. 2),Syeda_Mahjabin,6129,1733214300,603,736
2047,Codeforces Round 990 (Div. 2),I-Nobody,6129,1733214300,725,634
2047,Codeforces Round 990 (Div. 2),hendllyeee,6129,1733214300,384,605
2047,Codeforces Round 990 (Div. 2),chiranjeevi_k,6129,1733214300,387,608
2047,Codeforces Round 990 (Div. 2),BAT88,6129,1733214300,0,360
2047,Codeforces Round 990 (Div. 2),shiv_shamboo,6129,1733214300,0,360
2047,Codeforces Round 990 (Div. 2),TaufiQ,6129,1733214300,1173,1054
2047,Codeforces Round 990 (Div. 2),ritsham007,6129,1733214300,650,562
2047,Codeforces Round 990 (Div. 2),Harshavardhankatla,6129,1733214300,0,360
2047,Codeforces Round 990 (Div. 2),SahaPacific,6129,1733214300,1059,950
2047,Codeforces Round 990 (Div. 2),TAZDIK_HOSSAIN,6129,1733214300,771,771
2047,Codeforces Round 990 (Div. 2),physical23,6129,1733214300,1068,958
2047,Codeforces Round 990 (Div. 2),aarushisharma16,6129,1733214300,0,360
2047,Codeforces Round 990 (Div. 2),Sizzle86,6129,1733214300,358,581
2047,Codeforces Round 990 (Div. 2),tushar_07,6129,1733214300,776,683
2047,Codeforces Round 990 (Div. 2),045-Arys.BIL-Erdau-2027,6129,1733214300,626,538
2047,Codeforces Round 990 (Div. 2),yanghow,6129,1733214300,601,734
2047,Codeforces Round 990 (Div. 2),Aryan_Akoji,6129,1733214300,0,360
2047,Codeforces Round 990 (Div. 2),lucifer3.1415,6129,1733214300,922,822
2047,Codeforces Round 990 (Div. 2),guzudon2code,6129,1733214300,388,609
2047,Codeforces Round 990 (Div. 2),jha44481,6129,1733214300,358,582
2047,Codeforces Round 990 (Div. 2),keerthi.sree2105,6129,1733214300,971,868
2047,Codeforces Round 990 (Div. 2),MdNazmulHossain,6129,1733214300,767,675
2047,Codeforces Round 990 (Div. 2),arpita_g,6129,1733214300,590,724
2047,Codeforces Round 990 (Div. 2),Mehemmed.nabiyev,6129,1733214300,1026,919
2047,Codeforces Round 990 (Div. 2),wtfflowflow,6129,1733214300,831,999
2047,Codeforces Round 990 (Div. 2),Tushar0903200,6129,1733214300,0,360
2047,Codeforces Round 990 (Div. 2),VedantMudiraj,6129,1733214300,831,827
2047,Codeforces Round 990 (Div. 2),mathema23,6129,1733214300,0,360
2047,Codeforces Round 990 (Div. 2),himanshubhadu,6129,1733214300,0,360
2047,Codeforces Round 990 (Div. 2),hi_hii004,6129,1733214300,0,360
2047,Codeforces Round 990 (Div. 2),supriya_0320,6129,1733214300,435,651
2047,Codeforces Round 990 (Div. 2),Toriya,6129,1733214300,794,833
2047,Codeforces Round 990 (Div. 2),guptasamarth200,6129,1733214300,730,773
2047,Codeforces Round 990 (Div. 2),tarundeepakjain,6129,1733214300,0,360
2047,Codeforces Round 990 (Div. 2),mamali,6129,1733214300,921,821
2047,Codeforces Round 990 (Div. 2),Sardor_oo1,6129,1733214300,0,360
2047,Codeforces Round 990 (Div. 2),atikarik,6129,1733214300,901,802
2047,Codeforces Round 990 (Div. 2),antmant,6129,1733214300,0,360
2047,Codeforces Round 990 (Div. 2),karmugilan_28,6129,1733214300,597,731
2047,Codeforces Round 990 (Div. 2),Gautam2003Kumar,6129,1733214300,636,548
2047,Codeforces Round 990 (Div. 2),Shakib_Ahmed,6129,1733214300,869,772
2047,Codeforces Round 990 (Div. 2),Maxcillius,6129,1733214300,1067,957
2047,Codeforces Round 990 (Div. 2),RagoubiDali,6129,1733214300,409,627
2047,Codeforces Round 990 (Div. 2),MasterMind812,6129,1733214300,1110,997
2047,Codeforces Round 990 (Div. 2),jay_walker,6129,1733214300,1277,1149
2047,Codeforces Round 990 (Div. 2),JM_rabby,6129,1733214300,312,231
2047,Codeforces Round 990 (Div. 2),dikshantnegi674,6129,1733214300,978,874
2047,Codeforces Round 990 (Div. 2),db_dib,6129,1733214300,400,620
2047,Codeforces Round 990 (Div. 2),22501a4458,6129,1733214300,960,947
2047,Codeforces Round 990 (Div. 2),doctroy,6129,1733214300,358,582
2047,Codeforces Round 990 (Div. 2),pradyuman554,6129,1733214300,884,787
2047,Codeforces Round 990 (Div. 2),tHe_bAbA_yEgA,6129,1733214300,920,820
2047,Codeforces Round 990 (Div. 2),who_mohdayan,6129,1733214300,369,591
2047,Codeforces Round 990 (Div. 2),VSS_Sajid,6129,1733214300,359,582
2047,Codeforces Round 990 (Div. 2),MirazHossain_847,6129,1733214300,1062,952
2047,Codeforces Round 990 (Div. 2),rishabhpatel00042,6129,1733214300,912,813
2047,Codeforces Round 990 (Div. 2),beThe1,6129,1733214300,847,751
2047,Codeforces Round 990 (Div. 2),Encore71,6129,1733214300,915,815
2047,Codeforces Round 990 (Div. 2),Adarsh__Pal,6129,1733214300,1221,1098
2047,Codeforces Round 990 (Div. 2),Foysal_001,6129,1733214300,756,664
2047,Codeforces Round 990 (Div. 2),iamabhi1373,6129,1733214300,790,697
2047,Codeforces Round 990 (Div. 2),RuinTown,6129,1733214300,0,360
2047,Codeforces Round 990 (Div. 2),hemantsharma_,6129,1733214300,779,687
2047,Codeforces Round 990 (Div. 2),krikelq,6129,1733214300,0,360
2047,Codeforces Round 990 (Div. 2),LightThatILLuminatesAll,6129,1733214300,407,626
2047,Codeforces Round 990 (Div. 2),Maisoon,6129,1733214300,783,690
2047,Codeforces Round 990 (Div. 2),codeNaru,6129,1733214300,668,579
2047,Codeforces Round 990 (Div. 2),123GG,6129,1733214300,938,927
2047,Codeforces Round 990 (Div. 2),uday.ingle9767,6129,1733214300,582,717
2047,Codeforces Round 990 (Div. 2),Ishaan_bansal,6129,1733214300,840,836
2047,Codeforces Round 990 (Div. 2),Tanvi_2765,6129,1733214300,880,782
2047,Codeforces Round 990 (Div. 2),Tagen,6129,1733214300,589,502
2047,Codeforces Round 990 (Div. 2),adityaksharma,6129,1733214300,785,692
2047,Codeforces Round 990 (Div. 2),akhmedovdiyorbek,6129,1733214300,0,360
2047,Codeforces Round 990 (Div. 2),Samiul1288,6129,1733214300,783,690
2047,Codeforces Round 990 (Div. 2),chepurnov.serge,6129,1733214300,815,720
2047,Codeforces Round 990 (Div. 2),__wrong_submission,6129,1733214300,390,611
2047,Codeforces Round 990 (Div. 2),Ultimate_Crew,6129,1733214300,712,622
2047,Codeforces Round 990 (Div. 2),raushanlakh,6129,1733214300,868,771
2047,Codeforces Round 990 (Div. 2),cx060626,6129,1733214300,470,682
2047,Codeforces Round 990 (Div. 2),chinmoypaul,6129,1733214300,875,777
2047,Codeforces Round 990 (Div. 2),Rohann_0707,6129,1733214300,799,753
2047,Codeforces Round 990 (Div. 2),Opsaran,6129,1733214300,881,831
2047,Codeforces Round 990 (Div. 2),justnotnguyen,6129,1733214300,1212,1090
2047,Codeforces Round 990 (Div. 2),Dark_Horse69,6129,1733214300,619,751
2047,Codeforces Round 990 (Div. 2),tod_de_uska_panja_re,6129,1733214300,0,360
2047,Codeforces Round 990 (Div. 2),rudra_826,6129,1733214300,723,632
2047,Codeforces Round 990 (Div. 2),ArimaKana1,6129,1733214300,800,838
2047,Codeforces Round 990 (Div. 2),suharshjha,6129,1733214300,0,360
2047,Codeforces Round 990 (Div. 2),abduvahhob_011,6129,1733214300,766,806
2047,Codeforces Round 990 (Div. 2),Gaurav0987,6129,1733214300,0,360
2047,Codeforces Round 990 (Div. 2),Azam_12,6129,1733214300,0,360
2047,Codeforces Round 990 (Div. 2),w1nd_,6129,1733214300,0,360
2047,Codeforces Round 990 (Div. 2),-NOT,6129,1733214300,964,862
2047,Codeforces Round 990 (Div. 2),TTTT_TTTT,6129,1733214300,623,537
2047,Codeforces Round 990 (Div. 2),SlideMoon,6129,1733214300,358,582
2047,Codeforces Round 990 (Div. 2),Abdulmajeed_Da,6129,1733214300,358,582
2047,Codeforces Round 990 (Div. 2),_MUH_84,6129,1733214300,658,570
2047,Codeforces Round 990 (Div. 2),_epsilon_003,6129,1733214300,569,706
2047,Codeforces Round 990 (Div. 2),kanatello,6129,1733214300,0,360
2047,Codeforces Round 990 (Div. 2),diyorbekakhmedov,6129,1733214300,994,936
2047,Codeforces Round 990 (Div. 2),studboy,6129,1733214300,1613,1447
2047,Codeforces Round 990 (Div. 2),saksham34e,6129,1733214300,1020,914
2047,Codeforces Round 990 (Div. 2),a12baghel2,6129,1733214300,805,711
2047,Codeforces Round 990 (Div. 2),IEC2024047,6129,1733214300,624,756
2047,Codeforces Round 990 (Div. 2),TCS_Bhediya,6129,1733214300,1381,1242
2047,Codeforces Round 990 (Div. 2),naresh_swe_24,6129,1733214300,0,360
2047,Codeforces Round 990 (Div. 2),__Mahatab,6129,1733214300,942,841
2047,Codeforces Round 990 (Div. 2),harshitkantharia1,6129,1733214300,0,360
2047,Codeforces Round 990 (Div. 2),L_lawliet13,6129,1733214300,847,881
2047,Codeforces Round 990 (Div. 2),zwz168,6129,1733214300,473,685
2047,Codeforces Round 990 (Div. 2),Shamsivakumar,6129,1733214300,742,784
2047,Codeforces Round 990 (Div. 2),TJK_KARTOSHKA,6129,1733214300,0,360
2047,Codeforces Round 990 (Div. 2),aryakrish,6129,1733214300,801,707
2047,Codeforces Round 990 (Div. 2),Intelligence10,6129,1733214300,433,350
2047,Codeforces Round 990 (Div. 2),kirti2024,6129,1733214300,0,360
2047,Codeforces Round 990 (Div. 2),janedoe218,6129,1733214300,358,582
2047,Codeforces Round 990 (Div. 2),anishdesai,6129,1733214300,809,715
2047,Codeforces Round 990 (Div. 2),Frukt65,6129,1733214300,0,360
2047,Codeforces Round 990 (Div. 2),vtrixe,6129,1733214300,0,360
2047,Codeforces Round 990 (Div. 2),lukeshpoddar,6129,1733214300,591,725
2047,Codeforces Round 990 (Div. 2),Harsharma6749,6129,1733214300,861,764
2047,Codeforces Round 990 (Div. 2),lhy2440539709,6129,1733214300,992,934
2047,Codeforces Round 990 (Div. 2),noufal69,6129,1733214300,976,919
2047,Codeforces Round 990 (Div. 2),Ippa_Deekshitha,6129,1733214300,561,698
2047,Codeforces Round 990 (Div. 2),Fu_Gui__,6129,1733214300,358,582
2047,Codeforces Round 990 (Div. 2),Error_Nasim,6129,1733214300,822,728
2047,Codeforces Round 990 (Div. 2),PMStrive___0007,6129,1733214300,358,582
2047,Codeforces Round 990 (Div. 2),prakhar-_-,6129,1733214300,763,803
2047,Codeforces Round 990 (Div. 2),N8_HAWK,6129,1733214300,1015,909
2047,Codeforces Round 990 (Div. 2),chandini_chinta,6129,1733214300,729,772
2047,Codeforces Round 990 (Div. 2),ff.shayx,6129,1733214300,0,360
2047,Codeforces Round 990 (Div. 2),avi_jit_7,6129,1733214300,913,813
2047,Codeforces Round 990 (Div. 2),iamShubham2001,6129,1733214300,385,606
2047,Codeforces Round 990 (Div. 2),himalayarr,6129,1733214300,793,699
2047,Codeforces Round 990 (Div. 2),Artzum,6129,1733214300,0,360
2047,Codeforces Round 990 (Div. 2),Misbah2019,6129,1733214300,772,772
2047,Codeforces Round 990 (Div. 2),mathurmihir13,6129,1733214300,0,360
2047,Codeforces Round 990 (Div. 2),dhruvmishra2111,6129,1733214300,920,867
2047,Codeforces Round 990 (Div. 2),krishieboy001,6129,1733214300,373,596
2047,Codeforces Round 990 (Div. 2),Yerkhan_Yerbolat,6129,1733214300,410,629
2047,Codeforces Round 990 (Div. 2),Fahim_Hossain,6129,1733214300,904,805
2047,Codeforces Round 990 (Div. 2),Jorim,6129,1733214300,954,852
2047,Codeforces Round 990 (Div. 2),one_minus_one,6129,1733214300,959,904
2047,Codeforces Round 990 (Div. 2),sheart95,6129,1733214300,358,582
2047,Codeforces Round 990 (Div. 2),SeerLite,6129,1733214300,833,829
2047,Codeforces Round 990 (Div. 2),shr3yan,6129,1733214300,1140,1025
2047,Codeforces Round 990 (Div. 2),Saul_Badman_,6129,1733214300,997,892
2047,Codeforces Round 990 (Div. 2),SUNRUOBING,6129,1733214300,349,573
2047,Codeforces Round 990 (Div. 2),aniket.d07,6129,1733214300,998,894
2047,Codeforces Round 990 (Div. 2),Ganesh12433,6129,1733214300,1178,1105
2047,Codeforces Round 990 (Div. 2),an14udh,6129,1733214300,853,848
2047,Codeforces Round 990 (Div. 2),atishkumar6115,6129,1733214300,843,838
2047,Codeforces Round 990 (Div. 2),Tamima_Azad,6129,1733214300,813,719
2047,Codeforces Round 990 (Div. 2),akgul01,6129,1733214300,604,737
2047,Codeforces Round 990 (Div. 2),kriyasatali04,6129,1733214300,0,360
2047,Codeforces Round 990 (Div. 2),SaikatHossain,6129,1733214300,912,902
2047,Codeforces Round 990 (Div. 2),Dream-zzc,6129,1733214300,0,360
2047,Codeforces Round 990 (Div. 2),Ali_Imran_1633,6129,1733214300,961,859
2047,Codeforces Round 990 (Div. 2),guntilahari431,6129,1733214300,0,360
2047,Codeforces Round 990 (Div. 2),Tanmaisai,6129,1733214300,504,419
2047,Codeforces Round 990 (Div. 2),PRIYANSHU21830,6129,1733214300,1142,1026
2047,Codeforces Round 990 (Div. 2),Its_afridi,6129,1733214300,701,612
2047,Codeforces Round 990 (Div. 2),Cracker_323,6129,1733214300,1314,1182
2047,Codeforces Round 990 (Div. 2),scitc_wgq,6129,1733214300,381,602
2047,Codeforces Round 990 (Div. 2),mdnushadjamanraj,6129,1733214300,379,600
2047,Codeforces Round 990 (Div. 2),mo.sayed,6129,1733214300,863,766
2047,Codeforces Round 990 (Div. 2),mdm63,6129,1733214300,1046,938
2047,Codeforces Round 990 (Div. 2),Binarybeast24,6129,1733214300,893,795
2047,Codeforces Round 990 (Div. 2),noyonkazi,6129,1733214300,733,643
2047,Codeforces Round 990 (Div. 2),adimishra021,6129,1733214300,1030,923
2047,Codeforces Round 990 (Div. 2),fragzelion_72,6129,1733214300,0,360
2047,Codeforces Round 990 (Div. 2),daredevil123pass,6129,1733214300,856,889
2047,Codeforces Round 990 (Div. 2),pratikjaiswal808,6129,1733214300,1056,947
2047,Codeforces Round 990 (Div. 2),shobhitsri1405,6129,1733214300,356,580
2047,Codeforces Round 990 (Div. 2),ashu_4979,6129,1733214300,974,871
2047,Codeforces Round 990 (Div. 2),Nilesh_Dhirhe,6129,1733214300,0,360
2047,Codeforces Round 990 (Div. 2),chillguy_1255,6129,1733214300,0,360
2047,Codeforces Round 990 (Div. 2),Batyr-A-016-2027,6129,1733214300,717,761
2047,Codeforces Round 990 (Div. 2),Xtheme,6129,1733214300,0,360
2047,Codeforces Round 990 (Div. 2),salman160,6129,1733214300,356,580
2047,Codeforces Round 990 (Div. 2),darkkid,6129,1733214300,972,869
2047,Codeforces Round 990 (Div. 2),GluconicAcid,6129,1733214300,865,769
2047,Codeforces Round 990 (Div. 2),bekar_boy_,6129,1733214300,554,469
2047,Codeforces Round 990 (Div. 2),_tirtha_,6129,1733214300,908,809
2047,Codeforces Round 990 (Div. 2),Shadid_H_Niloy,6129,1733214300,824,729
2047,Codeforces Round 990 (Div. 2),DeadllyPillow,6129,1733214300,775,775
2047,Codeforces Round 990 (Div. 2),Saksham9934,6129,1733214300,635,765
2047,Codeforces Round 990 (Div. 2),chenRenning,6129,1733214300,1444,1298
2047,Codeforces Round 990 (Div. 2),MashrafeBoss,6129,1733214300,701,612
2047,Codeforces Round 990 (Div. 2),ddtrgyewhh,6129,1733214300,819,772
2047,Codeforces Round 990 (Div. 2),skaran_1911,6129,1733214300,823,820
2047,Codeforces Round 990 (Div. 2),Sve7,6129,1733214300,0,360
2047,Codeforces Round 990 (Div. 2),NSTNur1s,6129,1733214300,745,787
2047,Codeforces Round 990 (Div. 2),shanco7,6129,1733214300,817,722
2047,Codeforces Round 990 (Div. 2),sohel440,6129,1733214300,1045,937
2047,Codeforces Round 990 (Div. 2),uj_26,6129,1733214300,940,929
2047,Codeforces Round 990 (Div. 2),Heavenlysorrow27,6129,1733214300,636,766
2047,Codeforces Round 990 (Div. 2),ikun-_-666,6129,1733214300,805,842
2047,Codeforces Round 990 (Div. 2),yihsunphys,6129,1733214300,844,878
2047,Codeforces Round 990 (Div. 2),faysal.ahmed,6129,1733214300,793,699
2047,Codeforces Round 990 (Div. 2),shreyas65,6129,1733214300,709,754
2047,Codeforces Round 990 (Div. 2),ariosotoodeh90,6129,1733214300,374,596
2047,Codeforces Round 990 (Div. 2),T_arnav04,6129,1733214300,1001,896
2047,Codeforces Round 990 (Div. 2),0_Percent_Risk,6129,1733214300,764,672
2047,Codeforces Round 990 (Div. 2),Nisikto,6129,1733214300,1638,1468
2047,Codeforces Round 990 (Div. 2),xiyangdaxia,6129,1733214300,1108,995
2047,Codeforces Round 990 (Div. 2),pramtik,6129,1733214300,982,878
2047,Codeforces Round 990 (Div. 2),LiOn_vng,6129,1733214300,634,765
2047,Codeforces Round 990 (Div. 2),KedaarK,6129,1733214300,1004,987
2047,Codeforces Round 990 (Div. 2),Mashrafi_Rumpa,6129,1733214300,639,552
2047,Codeforces Round 990 (Div. 2),Aadyant_05,6129,1733214300,693,819
2047,Codeforces Round 990 (Div. 2),TBR4031,6129,1733214300,737,780
2047,Codeforces Round 990 (Div. 2),ishikaAggarwal,6129,1733214300,1075,964
2047,Codeforces Round 990 (Div. 2),anandjha38506,6129,1733214300,799,706
2047,Codeforces Round 990 (Div. 2),Newcoder_123,6129,1733214300,712,622
2047,Codeforces Round 990 (Div. 2),KGF320,6129,1733214300,678,805
2047,Codeforces Round 990 (Div. 2),adityajhajhria,6129,1733214300,823,729
2047,Codeforces Round 990 (Div. 2),dummysassy00,6129,1733214300,784,739
2047,Codeforces Round 990 (Div. 2),ddidu,6129,1733214300,358,582
2047,Codeforces Round 990 (Div. 2),anmolagarwal2021,6129,1733214300,360,584
2047,Codeforces Round 990 (Div. 2),fast_run,6129,1733214300,606,739
2047,Codeforces Round 990 (Div. 2),youssef-othman,6129,1733214300,0,360
2047,Codeforces Round 990 (Div. 2),rhomboid,6129,1733214300,0,360
2047,Codeforces Round 990 (Div. 2),krhk,6129,1733214300,840,792
2047,Codeforces Round 990 (Div. 2),XUZZ02,6129,1733214300,0,360
2047,Codeforces Round 990 (Div. 2),Asad_Jafri,6129,1733214300,1056,947
2047,Codeforces Round 990 (Div. 2),g__k_f,6129,1733214300,881,912
2047,Codeforces Round 990 (Div. 2),Fireflys,6129,1733214300,947,845
2047,Codeforces Round 990 (Div. 2),kamulboyev__diyorbek,6129,1733214300,1139,1024
2047,Codeforces Round 990 (Div. 2),subratadas,6129,1733214300,776,684
2047,Codeforces Round 990 (Div. 2),Quarky,6129,1733214300,894,796
2047,Codeforces Round 990 (Div. 2),Dhitiraj_Sarma,6129,1733214300,0,360
2047,Codeforces Round 990 (Div. 2),Sampad_2006,6129,1733214300,371,594
2047,Codeforces Round 990 (Div. 2),NPC404,6129,1733214300,1074,964
2047,Codeforces Round 990 (Div. 2),rajan072,6129,1733214300,836,741
2047,Codeforces Round 990 (Div. 2),config________,6129,1733214300,905,934
2047,Codeforces Round 990 (Div. 2),burfy,6129,1733214300,495,412
2047,Codeforces Round 990 (Div. 2),chy_ankit_07,6129,1733214300,349,574
2047,Codeforces Round 990 (Div. 2),oreshn1k,6129,1733214300,830,735
2047,Codeforces Round 990 (Div. 2),parth_0007,6129,1733214300,372,594
2047,Codeforces Round 990 (Div. 2),O-Abubakir-003-28,6129,1733214300,915,862
2047,Codeforces Round 990 (Div. 2),Aswin-04,6129,1733214300,646,558
2047,Codeforces Round 990 (Div. 2),mhishrak,6129,1733214300,816,721
2047,Codeforces Round 990 (Div. 2),soo_you_mee,6129,1733214300,833,738
2047,Codeforces Round 990 (Div. 2),ykr_0808,6129,1733214300,1099,1074
2047,Codeforces Round 990 (Div. 2),aparichit20,6129,1733214300,807,713
2047,Codeforces Round 990 (Div. 2),tranbaonam2009,6129,1733214300,374,596
2047,Codeforces Round 990 (Div. 2),shrish0098,6129,1733214300,682,593
2047,Codeforces Round 990 (Div. 2),olivia_nagy,6129,1733214300,376,598
2047,Codeforces Round 990 (Div. 2),mazen_c0d3,6129,1733214300,578,713
2047,Codeforces Round 990 (Div. 2),Azmain_999,6129,1733214300,769,677
2047,Codeforces Round 990 (Div. 2),defender087,6129,1733214300,1448,1301
2047,Codeforces Round 990 (Div. 2),Xbalanque,6129,1733214300,1096,984
2047,Codeforces Round 990 (Div. 2),mowafaq_1.0,6129,1733214300,879,829
2047,Codeforces Round 990 (Div. 2),_wHisper_,6129,1733214300,349,573
2047,Codeforces Round 990 (Div. 2),sanrx,6129,1733214300,922,822
2047,Codeforces Round 990 (Div. 2),date_3.0,6129,1733214300,627,539
2047,Codeforces Round 990 (Div. 2),sanikakadam604,6129,1733214300,358,581
2047,Codeforces Round 990 (Div. 2),AryanRanavat,6129,1733214300,742,784
2047,Codeforces Round 990 (Div. 2),average_out,6129,1733214300,830,735
2047,Codeforces Round 990 (Div. 2),tle_19,6129,1733214300,1029,922
2047,Codeforces Round 990 (Div. 2),23._.qurbanov,6129,1733214300,0,360
2047,Codeforces Round 990 (Div. 2),_The_eRRoR_,6129,1733214300,1030,923
2047,Codeforces Round 990 (Div. 2),blackbinary,6129,1733214300,679,590
2047,Codeforces Round 990 (Div. 2),Jenish.B,6129,1733214300,413,631
2047,Codeforces Round 990 (Div. 2),TranKimLT,6129,1733214300,962,949
2047,Codeforces Round 990 (Div. 2),trushita09,6129,1733214300,1019,913
2047,Codeforces Round 990 (Div. 2),megatronn,6129,1733214300,580,715
2047,Codeforces Round 990 (Div. 2),schmOple,6129,1733214300,1107,994
2047,Codeforces Round 990 (Div. 2),__.Fischer.__,6129,1733214300,1028,921
2047,Codeforces Round 990 (Div. 2),srilakshmidurga,6129,1733214300,0,360
2047,Codeforces Round 990 (Div. 2),aruzanturgalieva107,6129,1733214300,802,800
2047,Codeforces Round 990 (Div. 2),Mo7amedAbady,6129,1733214300,825,730
2047,Codeforces Round 990 (Div. 2),waqar_codes,6129,1733214300,751,752
2047,Codeforces Round 990 (Div. 2),Shams.t,6129,1733214300,1075,964
2047,Codeforces Round 990 (Div. 2),White______Devil,6129,1733214300,808,845
2047,Codeforces Round 990 (Div. 2),srikarprakash,6129,1733214300,0,360
2047,Codeforces Round 990 (Div. 2),Ayush_Agrawal_18,6129,1733214300,1029,922
2047,Codeforces Round 990 (Div. 2),CasperTwin05,6129,1733214300,785,784
2047,Codeforces Round 990 (Div. 2),sdtik,6129,1733214300,783,822
2047,Codeforces Round 990 (Div. 2),WairForIt,6129,1733214300,1055,946
2047,Codeforces Round 990 (Div. 2),Alok_2003,6129,1733214300,0,360
2047,Codeforces Round 990 (Div. 2),guptaavinash302111,6129,1733214300,819,724
2047,Codeforces Round 990 (Div. 2),traj_07,6129,1733214300,824,729
2047,Codeforces Round 990 (Div. 2),kalyan_n4,6129,1733214300,780,687
2047,Codeforces Round 990 (Div. 2),rafinmahmud1636,6129,1733214300,379,600
2047,Codeforces Round 990 (Div. 2),ultimate_goal,6129,1733214300,992,887
2047,Codeforces Round 990 (Div. 2),liazuf061,6129,1733214300,1151,1034
2047,Codeforces Round 990 (Div. 2),sachin_bhe,6129,1733214300,706,616
2047,Codeforces Round 990 (Div. 2),roman0102,6129,1733214300,956,854
2047,Codeforces Round 990 (Div. 2),armaanepiic,6129,1733214300,901,802
2047,Codeforces Round 990 (Div. 2),284p,6129,1733214300,422,639
2047,Codeforces Round 990 (Div. 2),Yesk0,6129,1733214300,0,360
2047,Codeforces Round 990 (Div. 2),EL7okooma,6129,1733214300,977,873
2047,Codeforces Round 990 (Div. 2),coder_moana,6129,1733214300,819,724
2047,Codeforces Round 990 (Div. 2),iz17,6129,1733214300,578,778
2047,Codeforces Round 990 (Div. 2),Ikinji_account,6129,1733214300,0,360
2047,Codeforces Round 990 (Div. 2),new_pupil,6129,1733214300,847,751
2047,Codeforces Round 990 (Div. 2),manish_soni03,6129,1733214300,909,809
2047,Codeforces Round 990 (Div. 2),low_bug,6129,1733214300,885,787
2047,Codeforces Round 990 (Div. 2),prisha0714,6129,1733214300,895,796
2047,Codeforces Round 990 (Div. 2),hemanthmuthyamdevareddy,6129,1733214300,0,360
2047,Codeforces Round 990 (Div. 2),VSS201445_HashirWaqar,6129,1733214300,871,821
2047,Codeforces Round 990 (Div. 2),striver_tj,6129,1733214300,791,829
2047,Codeforces Round 990 (Div. 2),Abdolski,6129,1733214300,985,881
2047,Codeforces Round 990 (Div. 2),ibboko04,6129,1733214300,0,360
2047,Codeforces Round 990 (Div. 2),utopia013,6129,1733214300,358,581
2047,Codeforces Round 990 (Div. 2),MrKekuse,6129,1733214300,616,748
2047,Codeforces Round 990 (Div. 2),AboWalid,6129,1733214300,879,781
2047,Codeforces Round 990 (Div. 2),NHVKhang,6129,1733214300,1027,920
2047,Codeforces Round 990 (Div. 2),vaibhavsetiya,6129,1733214300,941,840
2047,Codeforces Round 990 (Div. 2),season1929,6129,1733214300,990,885
2047,Codeforces Round 990 (Div. 2),onkarshinde77,6129,1733214300,358,581
2047,Codeforces Round 990 (Div. 2),Mr._bean,6129,1733214300,799,797
2047,Codeforces Round 990 (Div. 2),ABHI070707,6129,1733214300,591,725
2047,Codeforces Round 990 (Div. 2),mahedi0tamim,6129,1733214300,865,768
2047,Codeforces Round 990 (Div. 2),shahamatirtisham,6129,1733214300,0,360
2047,Codeforces Round 990 (Div. 2),tracktor,6129,1733214300,643,555
2047,Codeforces Round 990 (Div. 2),s_santhoshkumar,6129,1733214300,383,604
2047,Codeforces Round 990 (Div. 2),_Addyx123,6129,1733214300,894,795
2047,Codeforces Round 990 (Div. 2),Maziwa,6129,1733214300,1000,895
2047,Codeforces Round 990 (Div. 2),piyushbawaskar1008,6129,1733214300,825,730
2047,Codeforces Round 990 (Div. 2),sriharshach,6129,1733214300,830,826
2047,Codeforces Round 990 (Div. 2),20113043,6129,1733214300,942,841
2047,Codeforces Round 990 (Div. 2),harsh_kumar_arya,6129,1733214300,990,885
2047,Codeforces Round 990 (Div. 2),sayem.shuvo999,6129,1733214300,886,788
2047,Codeforces Round 990 (Div. 2),sad_af007,6129,1733214300,811,717
2047,Codeforces Round 990 (Div. 2),vivek106123142,6129,1733214300,0,360
2047,Codeforces Round 990 (Div. 2),yuvrajchat,6129,1733214300,961,858
2047,Codeforces Round 990 (Div. 2),hashcliffe,6129,1733214300,783,690
2047,Codeforces Round 990 (Div. 2),Sparsh_Chaudhary,6129,1733214300,369,591
2047,Codeforces Round 990 (Div. 2),HailHitler,6129,1733214300,944,842
2047,Codeforces Round 990 (Div. 2),SN2809,6129,1733214300,824,729
2047,Codeforces Round 990 (Div. 2),sajid982884,6129,1733214300,754,662
2047,Codeforces Round 990 (Div. 2),Doraemon_07,6129,1733214300,944,842
2047,Codeforces Round 990 (Div. 2),mdolikahmed,6129,1733214300,759,667
2047,Codeforces Round 990 (Div. 2),harshit001,6129,1733214300,1151,1034
2047,Codeforces Round 990 (Div. 2),Kei07r,6129,1733214300,0,360
2047,Codeforces Round 990 (Div. 2),mt13s_s,6129,1733214300,0,360
2047,Codeforces Round 990 (Div. 2),Zelenusik,6129,1733214300,1040,932
2047,Codeforces Round 990 (Div. 2),rohithsharmaa105,6129,1733214300,0,360
2047,Codeforces Round 990 (Div. 2),Anshverma598,6129,1733214300,992,887
2047,Codeforces Round 990 (Div. 2),Vegetable_Cat,6129,1733214300,798,970
2047,Codeforces Round 990 (Div. 2),siddhi2003,6129,1733214300,812,717
2047,Codeforces Round 990 (Div. 2),Mrinali9,6129,1733214300,0,360
2047,Codeforces Round 990 (Div. 2),DSTycoon,6129,1733214300,1179,1060
2047,Codeforces Round 990 (Div. 2),eywoo,6129,1733214300,358,581
2047,Codeforces Round 990 (Div. 2),Owl_Knight,6129,1733214300,678,589
2047,Codeforces Round 990 (Div. 2),_EmonX_,6129,1733214300,1159,1042
2047,Codeforces Round 990 (Div. 2),mhtayef25,6129,1733214300,764,804
2047,Codeforces Round 990 (Div. 2),MisterWhite,6129,1733214300,440,655
2047,Codeforces Round 990 (Div. 2),RahulXsharma,6129,1733214300,0,360
2047,Codeforces Round 990 (Div. 2),sohamroynew,6129,1733214300,0,360
2047,Codeforces Round 990 (Div. 2),Bokka2011,6129,1733214300,0,360
2047,Codeforces Round 990 (Div. 2),bidyanshu_kumar20,6129,1733214300,782,689
2047,Codeforces Round 990 (Div. 2),ruminator_143,6129,1733214300,763,763
2047,Codeforces Round 990 (Div. 2),5lx,6129,1733214300,0,360
2047,Codeforces Round 990 (Div. 2),__Whisper,6129,1733214300,995,890
2047,Codeforces Round 990 (Div. 2),loser7,6129,1733214300,0,360
2047,Codeforces Round 990 (Div. 2),Al_Noman22,6129,1733214300,911,811
2047,Codeforces Round 990 (Div. 2),chessmaniitg30,6129,1733214300,840,874
2047,Codeforces Round 990 (Div. 2),suryanshdixit,6129,1733214300,994,889
2047,Codeforces Round 990 (Div. 2),Am_2010_math,6129,1733214300,356,580
2047,Codeforces Round 990 (Div. 2),staceywangf,6129,1733214300,0,360
2047,Codeforces Round 990 (Div. 2),ArcanoxXx,6129,1733214300,0,360
2047,Codeforces Round 990 (Div. 2),shivangi16.09,6129,1733214300,0,360
2047,Codeforces Round 990 (Div. 2),115108,6129,1733214300,901,802
2047,Codeforces Round 990 (Div. 2),Shivam0608,6129,1733214300,801,799
2047,Codeforces Round 990 (Div. 2),vignesh24,6129,1733214300,612,744
2047,Codeforces Round 990 (Div. 2),devendraa_18_,6129,1733214300,351,575
2047,Codeforces Round 990 (Div. 2),Kriteeka_Modak,6129,1733214300,839,743
2047,Codeforces Round 990 (Div. 2),Meher07,6129,1733214300,952,939
2047,Codeforces Round 990 (Div. 2),VSS201515_M.Affan,6129,1733214300,775,775
2047,Codeforces Round 990 (Div. 2),Mabingnan__V,6129,1733214300,705,749
2047,Codeforces Round 990 (Div. 2),chrisl,6129,1733214300,913,813
2047,Codeforces Round 990 (Div. 2),little_boy2000,6129,1733214300,624,536
2047,Codeforces Round 990 (Div. 2),Titaniitianok,6129,1733214300,762,670
2047,Codeforces Round 990 (Div. 2),anshul_57,6129,1733214300,952,850
2047,Codeforces Round 990 (Div. 2),guess__who__,6129,1733214300,841,745
2047,Codeforces Round 990 (Div. 2),ghazywiz99,6129,1733214300,0,360
2047,Codeforces Round 990 (Div. 2),truong_8502,6129,1733214300,1028,921
