contestId,contestName,handle,rank,ratingUpdateTimeSeconds,oldRating,newRating
2027,Codeforces Round 982 (Div. 2),nathan_higgs,1,1729960500,1765,2162
2027,Codeforces Round 982 (Div. 2),puru-puru-pururin,2,1729960500,2041,2286
2027,Codeforces Round 982 (Div. 2),Nonoze,3,1729960500,1767,2080
2027,Codeforces Round 982 (Div. 2),Hong_Meiling,4,1729960500,1951,2191
2027,Codeforces Round 982 (Div. 2),Nika_Tamliani,5,1729960500,2071,2265
2027,Codeforces Round 982 (Div. 2),I_am_Domik,6,1729960500,1866,2115
2027,Codeforces Round 982 (Div. 2),top_tree,7,1729960500,1367,1842
2027,Codeforces Round 982 (Div. 2),__baozii__,8,1729960500,2036,2219
2027,Codeforces Round 982 (Div. 2),Wizard_of_Orz,9,1729960500,2007,2193
2027,Codeforces Round 982 (Div. 2),Tang__Tang,10,1729960500,2005,2187
2027,Codeforces Round 982 (Div. 2),_user_,11,1729960500,2003,2181
2027,Codeforces Round 982 (Div. 2),4dalols,12,1729960500,2055,2214
2027,Codeforces Round 982 (Div. 2),Popyk_Andrey,13,1729960500,2091,2236
2027,Codeforces Round 982 (Div. 2),sonic407,14,1729960500,1694,1959
2027,Codeforces Round 982 (Div. 2),hakaishin_3181,15,1729960500,1923,2111
2027,Codeforces Round 982 (Div. 2),AKSLEGION,16,1729960500,2018,2171
2027,Codeforces Round 982 (Div. 2),Nika533,16,1729960500,2078,2214
2027,Codeforces Round 982 (Div. 2),mumuxinfei,18,1729960500,1586,1876
2027,Codeforces Round 982 (Div. 2),kl0989e,19,1729960500,1942,2113
2027,Codeforces Round 982 (Div. 2),HusseinFarhat,20,1729960500,2017,2163
2027,Codeforces Round 982 (Div. 2),Denislav_Manev,21,1729960500,1917,2091
2027,Codeforces Round 982 (Div. 2),Max-324,22,1729960500,1949,2111
2027,Codeforces Round 982 (Div. 2),AIinLoh420,23,1729960500,877,1441
2027,Codeforces Round 982 (Div. 2),bro_jie,24,1729960500,2098,2212
2027,Codeforces Round 982 (Div. 2),yahia,25,1729960500,2093,2207
2027,Codeforces Round 982 (Div. 2),xfxcy,26,1729960500,1822,2076
2027,Codeforces Round 982 (Div. 2),StefanSebez,27,1729960500,1987,2128
2027,Codeforces Round 982 (Div. 2),Lezy233,28,1729960500,1921,2080
2027,Codeforces Round 982 (Div. 2),AkiLotus,29,1729960500,1908,2067
2027,Codeforces Round 982 (Div. 2),cdd,29,1729960500,1933,2085
2027,Codeforces Round 982 (Div. 2),PeRuaDangYeu,31,1729960500,1903,2062
2027,Codeforces Round 982 (Div. 2),MonchIkPonch,32,1729960500,1967,2105
2027,Codeforces Round 982 (Div. 2),fight_for_NoConstructive,33,1729960500,1911,2100
2027,Codeforces Round 982 (Div. 2),Chifwin,34,1729960500,1888,2047
2027,Codeforces Round 982 (Div. 2),yishangtanhuan,35,1729960500,1989,2152
2027,Codeforces Round 982 (Div. 2),EnDeRBeaT,36,1729960500,2076,2177
2027,Codeforces Round 982 (Div. 2),ooscode,37,1729960500,2085,2182
2027,Codeforces Round 982 (Div. 2),dreamCoderFromKZ,38,1729960500,1913,2059
2027,Codeforces Round 982 (Div. 2),Soumil69,39,1729960500,2060,2162
2027,Codeforces Round 982 (Div. 2),Mr_Ell,40,1729960500,1987,2109
2027,Codeforces Round 982 (Div. 2),towrist,41,1729960500,1959,2088
2027,Codeforces Round 982 (Div. 2),koukanni,42,1729960500,1986,2106
2027,Codeforces Round 982 (Div. 2),MikaKoKo,43,1729960500,1818,1988
2027,Codeforces Round 982 (Div. 2),sai-17,44,1729960500,2040,2142
2027,Codeforces Round 982 (Div. 2),Big_Dankakon,45,1729960500,1793,1967
2027,Codeforces Round 982 (Div. 2),Mn6fy,45,1729960500,1849,2006
2027,Codeforces Round 982 (Div. 2),cmbddl,47,1729960500,2068,2159
2027,Codeforces Round 982 (Div. 2),Trentium,48,1729960500,2082,2168
2027,Codeforces Round 982 (Div. 2),Bahamin,49,1729960500,2007,2113
2027,Codeforces Round 982 (Div. 2),timurkn,50,1729960500,1721,1914
2027,Codeforces Round 982 (Div. 2),rot,51,1729960500,2061,2150
2027,Codeforces Round 982 (Div. 2),Nullptrs,52,1729960500,2090,2170
2027,Codeforces Round 982 (Div. 2),_tudor_costin_,53,1729960500,1806,1969
2027,Codeforces Round 982 (Div. 2),pera2008,54,1729960500,2063,2147
2027,Codeforces Round 982 (Div. 2),yjf1225,54,1729960500,1916,2042
2027,Codeforces Round 982 (Div. 2),Final_Track,54,1729960500,2071,2152
2027,Codeforces Round 982 (Div. 2),ScottChou,57,1729960500,2041,2130
2027,Codeforces Round 982 (Div. 2),biximo,58,1729960500,2092,2165
2027,Codeforces Round 982 (Div. 2),Alexxx,58,1729960500,2092,2165
2027,Codeforces Round 982 (Div. 2),shrey_gta,60,1729960500,1923,2044
2027,Codeforces Round 982 (Div. 2),_helloLad,61,1729960500,1952,2063
2027,Codeforces Round 982 (Div. 2),Mukundan314,62,1729960500,1943,2056
2027,Codeforces Round 982 (Div. 2),Eslam_Saleh,63,1729960500,2063,2141
2027,Codeforces Round 982 (Div. 2),BUAA_bacon,64,1729960500,1943,2054
2027,Codeforces Round 982 (Div. 2),CaveNightingale,64,1729960500,2043,2125
2027,Codeforces Round 982 (Div. 2),DoHuongGiang,66,1729960500,1628,1837
2027,Codeforces Round 982 (Div. 2),Hygebra,67,1729960500,1910,2029
2027,Codeforces Round 982 (Div. 2),I_HATE_GEOMETRY,68,1729960500,1978,2076
2027,Codeforces Round 982 (Div. 2),dddxyyy,69,1729960500,1952,2057
2027,Codeforces Round 982 (Div. 2),ASahib,70,1729960500,2046,2124
2027,Codeforces Round 982 (Div. 2),MINIFISH,71,1729960500,1989,2082
2027,Codeforces Round 982 (Div. 2),shyamer3,72,1729960500,1967,2066
2027,Codeforces Round 982 (Div. 2),CodeforcesADMlN,73,1729960500,1672,1860
2027,Codeforces Round 982 (Div. 2),RabbitPower,73,1729960500,1886,2007
2027,Codeforces Round 982 (Div. 2),hashman,75,1729960500,2054,2126
2027,Codeforces Round 982 (Div. 2),KALARRY,76,1729960500,2053,2123
2027,Codeforces Round 982 (Div. 2),Pekiban,76,1729960500,2068,2134
2027,Codeforces Round 982 (Div. 2),AkibAzmain,76,1729960500,1782,1932
2027,Codeforces Round 982 (Div. 2),Dobata,79,1729960500,1426,1743
2027,Codeforces Round 982 (Div. 2),oicourse,80,1729960500,1995,2080
2027,Codeforces Round 982 (Div. 2),harasaala,80,1729960500,1716,1885
2027,Codeforces Round 982 (Div. 2),YassineBenYounes,82,1729960500,1837,1968
2027,Codeforces Round 982 (Div. 2),FplusFplusF,83,1729960500,1836,1967
2027,Codeforces Round 982 (Div. 2),dmkozyrev,84,1729960500,1892,2005
2027,Codeforces Round 982 (Div. 2),kh0i,85,1729960500,2025,2099
2027,Codeforces Round 982 (Div. 2),lto5,86,1729960500,1852,1975
2027,Codeforces Round 982 (Div. 2),willychan,86,1729960500,1946,2041
2027,Codeforces Round 982 (Div. 2),wshcl,88,1729960500,2077,2135
2027,Codeforces Round 982 (Div. 2),pecksniff,89,1729960500,2038,2106
2027,Codeforces Round 982 (Div. 2),_aditya_b,90,1729960500,1887,1998
2027,Codeforces Round 982 (Div. 2),notSayeef,91,1729960500,2052,2115
2027,Codeforces Round 982 (Div. 2),a65,91,1729960500,2073,2130
2027,Codeforces Round 982 (Div. 2),Mishutka_221,93,1729960500,1782,1923
2027,Codeforces Round 982 (Div. 2),yukihasui439,93,1729960500,2043,2107
2027,Codeforces Round 982 (Div. 2),Beyond,95,1729960500,1908,2009
2027,Codeforces Round 982 (Div. 2),Astrayt,95,1729960500,1851,1969
2027,Codeforces Round 982 (Div. 2),chinhdeptraiso1vn,97,1729960500,1523,1745
2027,Codeforces Round 982 (Div. 2),oqmsac,98,1729960500,1900,2003
2027,Codeforces Round 982 (Div. 2),OldMemory,99,1729960500,1859,1973
2027,Codeforces Round 982 (Div. 2),arman_ferdous,99,1729960500,2068,2122
2027,Codeforces Round 982 (Div. 2),SoReMore,101,1729960500,1937,2027
2027,Codeforces Round 982 (Div. 2),tloinuy,101,1729960500,1987,2063
2027,Codeforces Round 982 (Div. 2),Atri,103,1729960500,1904,2003
2027,Codeforces Round 982 (Div. 2),vako_P,104,1729960500,1974,2051
2027,Codeforces Round 982 (Div. 2),AhmetKaan,104,1729960500,2021,2085
2027,Codeforces Round 982 (Div. 2),funuo,104,1729960500,1732,1882
2027,Codeforces Round 982 (Div. 2),GeoCalibur,107,1729960500,1917,2010
2027,Codeforces Round 982 (Div. 2),Ansori,108,1729960500,1858,1968
2027,Codeforces Round 982 (Div. 2),Joey_W,109,1729960500,1932,2020
2027,Codeforces Round 982 (Div. 2),Issa,110,1729960500,2064,2114
2027,Codeforces Round 982 (Div. 2),Ayalla,111,1729960500,2018,2081
2027,Codeforces Round 982 (Div. 2),December_rain,112,1729960500,1878,1980
2027,Codeforces Round 982 (Div. 2),Divine_Spark,112,1729960500,2019,2080
2027,Codeforces Round 982 (Div. 2),sakib.safwan,114,1729960500,1890,1988
2027,Codeforces Round 982 (Div. 2),zhangeb,115,1729960500,1934,2018
2027,Codeforces Round 982 (Div. 2),XDEv11,115,1729960500,2074,2119
2027,Codeforces Round 982 (Div. 2),fsj-o,117,1729960500,1837,1949
2027,Codeforces Round 982 (Div. 2),emeraldacoustics,117,1729960500,1989,2057
2027,Codeforces Round 982 (Div. 2),Hasan0540,119,1729960500,2064,2110
2027,Codeforces Round 982 (Div. 2),H-R-2004,120,1729960500,1874,1974
2027,Codeforces Round 982 (Div. 2),Rittin_Sehgal,121,1729960500,1780,1908
2027,Codeforces Round 982 (Div. 2),xly_tyty,122,1729960500,1773,1902
2027,Codeforces Round 982 (Div. 2),Dulustan,122,1729960500,1987,2053
2027,Codeforces Round 982 (Div. 2),ruhan.habib39,124,1729960500,1888,1982
2027,Codeforces Round 982 (Div. 2),Markusssian,125,1729960500,1894,1985
2027,Codeforces Round 982 (Div. 2),Ztin,125,1729960500,1853,1956
2027,Codeforces Round 982 (Div. 2),Abhishek_Srivastava,127,1729960500,1894,1985
2027,Codeforces Round 982 (Div. 2),Danilo21,128,1729960500,1885,1978
2027,Codeforces Round 982 (Div. 2),_Gabriel_,129,1729960500,0,747
2027,Codeforces Round 982 (Div. 2),hesham,130,1729960500,1887,1979
2027,Codeforces Round 982 (Div. 2),mxqwp,131,1729960500,1925,2006
2027,Codeforces Round 982 (Div. 2),MarioYC,132,1729960500,1913,1997
2027,Codeforces Round 982 (Div. 2),tyoi_ak_master,133,1729960500,2015,2070
2027,Codeforces Round 982 (Div. 2),kindmango,134,1729960500,1918,2000
2027,Codeforces Round 982 (Div. 2),zsc985246,135,1729960500,2039,2086
2027,Codeforces Round 982 (Div. 2),people_plus_plus,136,1729960500,1970,2036
2027,Codeforces Round 982 (Div. 2),Tahirliyev,137,1729960500,1907,1990
2027,Codeforces Round 982 (Div. 2),MrAndria,137,1729960500,1918,1998
2027,Codeforces Round 982 (Div. 2),FzArK,139,1729960500,1934,2009
2027,Codeforces Round 982 (Div. 2),nhphuc,140,1729960500,1979,2041
2027,Codeforces Round 982 (Div. 2),ponjuice,141,1729960500,1907,2058
2027,Codeforces Round 982 (Div. 2),TheRedStone,142,1729960500,1894,1979
2027,Codeforces Round 982 (Div. 2),Linear_B,142,1729960500,2080,2113
2027,Codeforces Round 982 (Div. 2),Lzy_,144,1729960500,1832,1935
2027,Codeforces Round 982 (Div. 2),Tadfo,145,1729960500,1902,1984
2027,Codeforces Round 982 (Div. 2),ThatOnePythonUser,146,1729960500,2041,2083
2027,Codeforces Round 982 (Div. 2),1ThoiDeNho,146,1729960500,1572,1755
2027,Codeforces Round 982 (Div. 2),Div.5,146,1729960500,0,738
2027,Codeforces Round 982 (Div. 2),tkt0506tkt,149,1729960500,1624,1789
2027,Codeforces Round 982 (Div. 2),Jotinha,150,1729960500,1861,1953
2027,Codeforces Round 982 (Div. 2),hardenisthegoat,151,1729960500,1978,2037
2027,Codeforces Round 982 (Div. 2),Ryazimn,152,1729960500,2057,2093
2027,Codeforces Round 982 (Div. 2),what_a_name,152,1729960500,1891,1974
2027,Codeforces Round 982 (Div. 2),qfl_zzz,154,1729960500,1956,2020
2027,Codeforces Round 982 (Div. 2),arujbansal,155,1729960500,1778,1892
2027,Codeforces Round 982 (Div. 2),AsukaSaito,155,1729960500,1937,2005
2027,Codeforces Round 982 (Div. 2),aucoder123,155,1729960500,1941,2008
2027,Codeforces Round 982 (Div. 2),Mox_Taest3r,155,1729960500,1843,1938
2027,Codeforces Round 982 (Div. 2),Two_Punch_Man,159,1729960500,1635,1793
2027,Codeforces Round 982 (Div. 2),rm-fr,160,1729960500,752,1254
2027,Codeforces Round 982 (Div. 2),xieyijie,161,1729960500,1853,1944
2027,Codeforces Round 982 (Div. 2),gs17005,162,1729960500,1934,2001
2027,Codeforces Round 982 (Div. 2),shhy287029,163,1729960500,2052,2086
2027,Codeforces Round 982 (Div. 2),LightSky,164,1729960500,1701,1837
2027,Codeforces Round 982 (Div. 2),CUMTB_sillk,165,1729960500,688,1209
2027,Codeforces Round 982 (Div. 2),william950615,166,1729960500,1776,1888
2027,Codeforces Round 982 (Div. 2),crap_the_coder,167,1729960500,1752,1871
2027,Codeforces Round 982 (Div. 2),Swayyyy,168,1729960500,1816,1916
2027,Codeforces Round 982 (Div. 2),IC1101,169,1729960500,1940,2003
2027,Codeforces Round 982 (Div. 2),MathGuy1729,170,1729960500,1878,1959
2027,Codeforces Round 982 (Div. 2),hshhh_,171,1729960500,1953,2012
2027,Codeforces Round 982 (Div. 2),coldminded,172,1729960500,2022,2061
2027,Codeforces Round 982 (Div. 2),igeee,172,1729960500,1824,1919
2027,Codeforces Round 982 (Div. 2),geeseesee,172,1729960500,1976,2027
2027,Codeforces Round 982 (Div. 2),MagicalGirl,172,1729960500,1609,1770
2027,Codeforces Round 982 (Div. 2),I_FloPPed21,176,1729960500,1746,1864
2027,Codeforces Round 982 (Div. 2),chengke,176,1729960500,2009,2051
2027,Codeforces Round 982 (Div. 2),MagnusCarlsen321,178,1729960500,2053,2083
2027,Codeforces Round 982 (Div. 2),ksuksuksu,179,1729960500,1555,1790
2027,Codeforces Round 982 (Div. 2),lemonilemon,180,1729960500,1857,1941
2027,Codeforces Round 982 (Div. 2),drpav,181,1729960500,1954,2010
2027,Codeforces Round 982 (Div. 2),Alex239,182,1729960500,2014,2053
2027,Codeforces Round 982 (Div. 2),konghaojie,182,1729960500,1934,1995
2027,Codeforces Round 982 (Div. 2),romarkovets,184,1729960500,2048,2077
2027,Codeforces Round 982 (Div. 2),Kouba64,184,1729960500,1954,2009
2027,Codeforces Round 982 (Div. 2),Sochu,186,1729960500,1672,1809
2027,Codeforces Round 982 (Div. 2),Shubham_KV,187,1729960500,1896,1966
2027,Codeforces Round 982 (Div. 2),luckyblock233,188,1729960500,1976,2023
2027,Codeforces Round 982 (Div. 2),momohara,188,1729960500,1961,2012
2027,Codeforces Round 982 (Div. 2),peacebringer167,190,1729960500,1864,1943
2027,Codeforces Round 982 (Div. 2),Ntd123,191,1729960500,1820,1911
2027,Codeforces Round 982 (Div. 2),m7a1g5i8k8a1r4p0,192,1729960500,2036,2066
2027,Codeforces Round 982 (Div. 2),SuBtitle,193,1729960500,1648,1791
2027,Codeforces Round 982 (Div. 2),spider_nadman,194,1729960500,1755,1865
2027,Codeforces Round 982 (Div. 2),thelightinsidehasbroken,195,1729960500,1658,1852
2027,Codeforces Round 982 (Div. 2),I_love_maxaxaxaxa,196,1729960500,1890,1959
2027,Codeforces Round 982 (Div. 2),3.14IQ,197,1729960500,1956,2007
2027,Codeforces Round 982 (Div. 2),Ricki_White,198,1729960500,2096,2109
2027,Codeforces Round 982 (Div. 2),cicwri,199,1729960500,1809,1901
2027,Codeforces Round 982 (Div. 2),JakubLap,200,1729960500,1880,1951
2027,Codeforces Round 982 (Div. 2),der_Kaizer,201,1729960500,1968,2014
2027,Codeforces Round 982 (Div. 2),thekkcpp,202,1729960500,1690,1817
2027,Codeforces Round 982 (Div. 2),lucky__389,203,1729960500,1922,1980
2027,Codeforces Round 982 (Div. 2),d.o.,204,1729960500,2011,2045
2027,Codeforces Round 982 (Div. 2),stdfloat,205,1729960500,1810,1900
2027,Codeforces Round 982 (Div. 2),Fluoresce,205,1729960500,1759,1864
2027,Codeforces Round 982 (Div. 2),Zbyszek99,205,1729960500,1947,1997
2027,Codeforces Round 982 (Div. 2),Falcon_76,208,1729960500,1855,1931
2027,Codeforces Round 982 (Div. 2),syun0713,209,1729960500,1800,1892
2027,Codeforces Round 982 (Div. 2),dhsg,210,1729960500,2030,2057
2027,Codeforces Round 982 (Div. 2),_Pahal_Aman,211,1729960500,1853,1929
2027,Codeforces Round 982 (Div. 2),alexk07,212,1729960500,1984,2023
2027,Codeforces Round 982 (Div. 2),csegura,213,1729960500,1689,1813
2027,Codeforces Round 982 (Div. 2),ThucLV,214,1729960500,1861,1934
2027,Codeforces Round 982 (Div. 2),ElyesChaabouni,215,1729960500,1878,1945
2027,Codeforces Round 982 (Div. 2),ritik_369,215,1729960500,1708,1825
2027,Codeforces Round 982 (Div. 2),thinety,215,1729960500,1765,1865
2027,Codeforces Round 982 (Div. 2),Aboeldahab,218,1729960500,1888,1952
2027,Codeforces Round 982 (Div. 2),Chinze,219,1729960500,1419,1682
2027,Codeforces Round 982 (Div. 2),otarius,220,1729960500,1950,1996
2027,Codeforces Round 982 (Div. 2),SambhavJain,221,1729960500,1777,1873
2027,Codeforces Round 982 (Div. 2),Drages,222,1729960500,1962,2005
2027,Codeforces Round 982 (Div. 2),woodie_0063,223,1729960500,1612,1792
2027,Codeforces Round 982 (Div. 2),Ernest0_0Abreu,224,1729960500,1666,1794
2027,Codeforces Round 982 (Div. 2),Sicko_Lasombra,224,1729960500,1271,1529
2027,Codeforces Round 982 (Div. 2),MinuteImposter,226,1729960500,1596,1799
2027,Codeforces Round 982 (Div. 2),ilyastarost,227,1729960500,2064,2078
2027,Codeforces Round 982 (Div. 2),Navier_boltzmann,228,1729960500,1668,1794
2027,Codeforces Round 982 (Div. 2),NguyenTien,229,1729960500,1905,1962
2027,Codeforces Round 982 (Div. 2),FatihCihan,230,1729960500,2072,2083
2027,Codeforces Round 982 (Div. 2),Shivansh0809,231,1729960500,1799,1885
2027,Codeforces Round 982 (Div. 2),kavorka,232,1729960500,1973,2010
2027,Codeforces Round 982 (Div. 2),bkdn24.__hide,233,1729960500,1654,1783
2027,Codeforces Round 982 (Div. 2),gohan123,234,1729960500,1977,2013
2027,Codeforces Round 982 (Div. 2),Sersawy,235,1729960500,1811,1893
2027,Codeforces Round 982 (Div. 2),aastik231205,236,1729960500,1845,1917
2027,Codeforces Round 982 (Div. 2),CoderAbhi27,237,1729960500,1964,2002
2027,Codeforces Round 982 (Div. 2),DnD41,238,1729960500,1891,1949
2027,Codeforces Round 982 (Div. 2),Tsukuba,239,1729960500,1867,1932
2027,Codeforces Round 982 (Div. 2),marks39,240,1729960500,1827,1903
2027,Codeforces Round 982 (Div. 2),Rkatsiteli,241,1729960500,961,1383
2027,Codeforces Round 982 (Div. 2),.no_Name.,242,1729960500,1776,1867
2027,Codeforces Round 982 (Div. 2),lyons,243,1729960500,2095,2097
2027,Codeforces Round 982 (Div. 2),violetctl39,244,1729960500,1762,1856
2027,Codeforces Round 982 (Div. 2),IceHydra,245,1729960500,1409,1613
2027,Codeforces Round 982 (Div. 2),Isj2009,245,1729960500,1942,2021
2027,Codeforces Round 982 (Div. 2),Teto,245,1729960500,1717,1824
2027,Codeforces Round 982 (Div. 2),Colier,248,1729960500,1687,1858
2027,Codeforces Round 982 (Div. 2),ywc_,249,1729960500,1828,1902
2027,Codeforces Round 982 (Div. 2),Man25,250,1729960500,1462,1648
2027,Codeforces Round 982 (Div. 2),Layn,251,1729960500,2030,2048
2027,Codeforces Round 982 (Div. 2),chennie,252,1729960500,1921,1968
2027,Codeforces Round 982 (Div. 2),Obsidius,253,1729960500,1986,2015
2027,Codeforces Round 982 (Div. 2),EvilAffectx,254,1729960500,1585,1731
2027,Codeforces Round 982 (Div. 2),ceciver,255,1729960500,1881,1938
2027,Codeforces Round 982 (Div. 2),tushar_joshi,255,1729960500,1897,1950
2027,Codeforces Round 982 (Div. 2),TopazDragon89,257,1729960500,1900,1952
2027,Codeforces Round 982 (Div. 2),truebqccq,258,1729960500,1541,1760
2027,Codeforces Round 982 (Div. 2),haihamabossu,259,1729960500,1755,1848
2027,Codeforces Round 982 (Div. 2),KOPOLb_4YPOK,260,1729960500,1698,1808
2027,Codeforces Round 982 (Div. 2),altnant,261,1729960500,2088,2089
2027,Codeforces Round 982 (Div. 2),Ryshi,261,1729960500,1891,1944
2027,Codeforces Round 982 (Div. 2),Danish_Jhanji,263,1729960500,1877,1934
2027,Codeforces Round 982 (Div. 2),Almus,264,1729960500,1983,2011
2027,Codeforces Round 982 (Div. 2),MaherSefo,265,1729960500,1984,2012
2027,Codeforces Round 982 (Div. 2),nermin,266,1729960500,1700,1808
2027,Codeforces Round 982 (Div. 2),SSafarov,267,1729960500,1757,1848
2027,Codeforces Round 982 (Div. 2),bright_ml,268,1729960500,1778,1863
2027,Codeforces Round 982 (Div. 2),annyeong1,269,1729960500,2064,2070
2027,Codeforces Round 982 (Div. 2),jr_zlw,270,1729960500,1892,1943
2027,Codeforces Round 982 (Div. 2),Imagine.2019,270,1729960500,1917,1961
2027,Codeforces Round 982 (Div. 2),idr1ska,272,1729960500,1945,1981
2027,Codeforces Round 982 (Div. 2),leo_rc,273,1729960500,1673,1787
2027,Codeforces Round 982 (Div. 2),Muelsyse_sep006,273,1729960500,1965,2057
2027,Codeforces Round 982 (Div. 2),lyongwolf,275,1729960500,1789,1869
2027,Codeforces Round 982 (Div. 2),APMAH,276,1729960500,1762,1849
2027,Codeforces Round 982 (Div. 2),toilanvd_HUST,277,1729960500,1925,1966
2027,Codeforces Round 982 (Div. 2),Jeleyka,278,1729960500,1736,1830
2027,Codeforces Round 982 (Div. 2),clarinha,279,1729960500,2009,2027
2027,Codeforces Round 982 (Div. 2),Kladrr,280,1729960500,1882,1934
2027,Codeforces Round 982 (Div. 2),PPTenshi_Heimin,281,1729960500,1688,1796
2027,Codeforces Round 982 (Div. 2),1t2o3n4y,282,1729960500,1759,1846
2027,Codeforces Round 982 (Div. 2),Go8,283,1729960500,1827,1894
2027,Codeforces Round 982 (Div. 2),pty6666,284,1729960500,2064,2066
2027,Codeforces Round 982 (Div. 2),misteg168,285,1729960500,2085,2082
2027,Codeforces Round 982 (Div. 2),great_fortune,286,1729960500,2026,2038
2027,Codeforces Round 982 (Div. 2),now_cow,287,1729960500,2028,2040
2027,Codeforces Round 982 (Div. 2),Linver,288,1729960500,1775,1855
2027,Codeforces Round 982 (Div. 2),frankly6,288,1729960500,1690,1796
2027,Codeforces Round 982 (Div. 2),enar,290,1729960500,1602,1734
2027,Codeforces Round 982 (Div. 2),Azm1t,291,1729960500,1960,1988
2027,Codeforces Round 982 (Div. 2),joaozao,291,1729960500,2088,2083
2027,Codeforces Round 982 (Div. 2),AvgCivilEng,293,1729960500,1799,1872
2027,Codeforces Round 982 (Div. 2),Cai_caiji,294,1729960500,2013,2027
2027,Codeforces Round 982 (Div. 2),ococonomy1,295,1729960500,1996,2014
2027,Codeforces Round 982 (Div. 2),Spaseeker,295,1729960500,1921,1960
2027,Codeforces Round 982 (Div. 2),sidlad,297,1729960500,1717,1813
2027,Codeforces Round 982 (Div. 2),AngkyAkdi,298,1729960500,1724,1818
2027,Codeforces Round 982 (Div. 2),Achilys,298,1729960500,1266,1557
2027,Codeforces Round 982 (Div. 2),ahmed.elbakly,300,1729960500,1822,1887
2027,Codeforces Round 982 (Div. 2),piyush_pransukhka,300,1729960500,2078,2074
2027,Codeforces Round 982 (Div. 2),DissonantHarmony,300,1729960500,1544,1691
2027,Codeforces Round 982 (Div. 2),Gabituss,303,1729960500,1713,1809
2027,Codeforces Round 982 (Div. 2),SriniV,304,1729960500,1902,1944
2027,Codeforces Round 982 (Div. 2),Nephren_Sakura,305,1729960500,1937,1969
2027,Codeforces Round 982 (Div. 2),DarkTemplarDrop,306,1729960500,1814,1880
2027,Codeforces Round 982 (Div. 2),lixp,307,1729960500,1939,1969
2027,Codeforces Round 982 (Div. 2),Piwry,307,1729960500,1618,1741
2027,Codeforces Round 982 (Div. 2),sai_cf,307,1729960500,1780,1855
2027,Codeforces Round 982 (Div. 2),Shri_874,307,1729960500,1926,1961
2027,Codeforces Round 982 (Div. 2),Justinshao,311,1729960500,1809,1875
2027,Codeforces Round 982 (Div. 2),kunzaZa183,312,1729960500,1950,1978
2027,Codeforces Round 982 (Div. 2),Maxduan,312,1729960500,1868,1917
2027,Codeforces Round 982 (Div. 2),S4muraj,314,1729960500,1922,1957
2027,Codeforces Round 982 (Div. 2),SkillZz_,315,1729960500,1784,1857
2027,Codeforces Round 982 (Div. 2),mshandilya,316,1729960500,1856,1908
2027,Codeforces Round 982 (Div. 2),maxK99,316,1729960500,1862,1912
2027,Codeforces Round 982 (Div. 2),dwuy,316,1729960500,1808,1873
2027,Codeforces Round 982 (Div. 2),hihitherethere,319,1729960500,1633,1750
2027,Codeforces Round 982 (Div. 2),ezluci,320,1729960500,2015,2023
2027,Codeforces Round 982 (Div. 2),rqoi033,321,1729960500,1810,1944
2027,Codeforces Round 982 (Div. 2),Vitaly239239,321,1729960500,2033,2036
2027,Codeforces Round 982 (Div. 2),NotSoNice,323,1729960500,1688,1788
2027,Codeforces Round 982 (Div. 2),minalb,324,1729960500,1924,1956
2027,Codeforces Round 982 (Div. 2),BF01,325,1729960500,1419,1601
2027,Codeforces Round 982 (Div. 2),SCUTkk,325,1729960500,1700,1795
2027,Codeforces Round 982 (Div. 2),MATDORI,327,1729960500,2060,2056
2027,Codeforces Round 982 (Div. 2),yash30201,328,1729960500,1573,1706
2027,Codeforces Round 982 (Div. 2),thegreaisthis,329,1729960500,1567,1702
2027,Codeforces Round 982 (Div. 2),Hectorungo_18,330,1729960500,1881,1924
2027,Codeforces Round 982 (Div. 2),uto,330,1729960500,1783,1853
2027,Codeforces Round 982 (Div. 2),Aylup,332,1729960500,1627,1743
2027,Codeforces Round 982 (Div. 2),Rom_Bog,333,1729960500,1608,1729
2027,Codeforces Round 982 (Div. 2),SpadeA261,334,1729960500,2058,2053
2027,Codeforces Round 982 (Div. 2),beckman004,334,1729960500,1614,1733
2027,Codeforces Round 982 (Div. 2),cixagafyeadfas,336,1729960500,1397,1641
2027,Codeforces Round 982 (Div. 2),Nreyog,336,1729960500,1735,1818
2027,Codeforces Round 982 (Div. 2),psruk,338,1729960500,1984,1998
2027,Codeforces Round 982 (Div. 2),Filikec,339,1729960500,1830,1886
2027,Codeforces Round 982 (Div. 2),psb0623,340,1729960500,2080,2069
2027,Codeforces Round 982 (Div. 2),VahanAbraham,341,1729960500,1943,1968
2027,Codeforces Round 982 (Div. 2),Jiangnan111,342,1729960500,1739,1820
2027,Codeforces Round 982 (Div. 2),meow_love,343,1729960500,1660,1764
2027,Codeforces Round 982 (Div. 2),AAAAAAAAAAAAAAAAA,344,1729960500,2029,2030
2027,Codeforces Round 982 (Div. 2),TokaiZaopen,345,1729960500,1886,1925
2027,Codeforces Round 982 (Div. 2),Magnet1c,345,1729960500,1863,1908
2027,Codeforces Round 982 (Div. 2),drizzle_codes,347,1729960500,1833,1886
2027,Codeforces Round 982 (Div. 2),D06,348,1729960500,1707,1796
2027,Codeforces Round 982 (Div. 2),no_oneplb,349,1729960500,1970,1986
2027,Codeforces Round 982 (Div. 2),Lixoskywalker,349,1729960500,2060,2052
2027,Codeforces Round 982 (Div. 2),expertcoderhk,351,1729960500,1659,1762
2027,Codeforces Round 982 (Div. 2),Dan4Life,352,1729960500,1605,1724
2027,Codeforces Round 982 (Div. 2),panchangamakhil,353,1729960500,1848,1897
2027,Codeforces Round 982 (Div. 2),sim_ba,354,1729960500,2030,2029
2027,Codeforces Round 982 (Div. 2),aizen_sosuke_,355,1729960500,1624,1737
2027,Codeforces Round 982 (Div. 2),afjskdlfjafkj,355,1729960500,1949,1970
2027,Codeforces Round 982 (Div. 2),ksi4495,357,1729960500,1711,1798
2027,Codeforces Round 982 (Div. 2),wuyu06,358,1729960500,1714,1799
2027,Codeforces Round 982 (Div. 2),lockedlock,358,1729960500,1649,1810
2027,Codeforces Round 982 (Div. 2),INLE,360,1729960500,2008,2012
2027,Codeforces Round 982 (Div. 2),Oanh_va_Khoi,361,1729960500,1886,1923
2027,Codeforces Round 982 (Div. 2),-firefly-,361,1729960500,1905,1936
2027,Codeforces Round 982 (Div. 2),cherryk,363,1729960500,2046,2040
2027,Codeforces Round 982 (Div. 2),Yuvraj_Patel,364,1729960500,1663,1763
2027,Codeforces Round 982 (Div. 2),ShootingStar33,365,1729960500,1856,1900
2027,Codeforces Round 982 (Div. 2),PNJ0714,365,1729960500,1920,1946
2027,Codeforces Round 982 (Div. 2),new-wave,367,1729960500,1900,1931
2027,Codeforces Round 982 (Div. 2),wxgmjfhy,368,1729960500,1808,1865
2027,Codeforces Round 982 (Div. 2),Kalashyan,368,1729960500,1895,1928
2027,Codeforces Round 982 (Div. 2),aminjon__,370,1729960500,1838,1886
2027,Codeforces Round 982 (Div. 2),_Gawd_,370,1729960500,1938,1959
2027,Codeforces Round 982 (Div. 2),NinjaSenpai,372,1729960500,1862,1904
2027,Codeforces Round 982 (Div. 2),torus711,373,1729960500,1608,1722
2027,Codeforces Round 982 (Div. 2),alexz1205,374,1729960500,1708,1793
2027,Codeforces Round 982 (Div. 2),harshith_04,375,1729960500,1858,1900
2027,Codeforces Round 982 (Div. 2),CatnipIsAddictive,375,1729960500,1779,1843
2027,Codeforces Round 982 (Div. 2),BitmaskDP,375,1729960500,1429,1599
2027,Codeforces Round 982 (Div. 2),JahonaliX,378,1729960500,1778,1842
2027,Codeforces Round 982 (Div. 2),TripleIceCream,379,1729960500,1701,1787
2027,Codeforces Round 982 (Div. 2),tenagazaru,379,1729960500,2083,2065
2027,Codeforces Round 982 (Div. 2),Srinjaypanja,381,1729960500,1243,1475
2027,Codeforces Round 982 (Div. 2),vijay_katari23,382,1729960500,1941,1959
2027,Codeforces Round 982 (Div. 2),thelegendary08,382,1729960500,1970,1981
2027,Codeforces Round 982 (Div. 2),PsychoPinkQ,384,1729960500,1850,1893
2027,Codeforces Round 982 (Div. 2),xwysyy,385,1729960500,1814,1866
2027,Codeforces Round 982 (Div. 2),BiggestOtaku,385,1729960500,1896,1926
2027,Codeforces Round 982 (Div. 2),QweQer,387,1729960500,1655,1753
2027,Codeforces Round 982 (Div. 2),imsahar,388,1729960500,1273,1545
2027,Codeforces Round 982 (Div. 2),yyh603,388,1729960500,1901,1929
2027,Codeforces Round 982 (Div. 2),Mohd_Faiz,388,1729960500,1666,1760
2027,Codeforces Round 982 (Div. 2),pk_27,388,1729960500,1973,1982
2027,Codeforces Round 982 (Div. 2),552Hz,388,1729960500,1997,1999
2027,Codeforces Round 982 (Div. 2),pora,393,1729960500,1717,1795
2027,Codeforces Round 982 (Div. 2),marianoferesin,393,1729960500,1809,1862
2027,Codeforces Round 982 (Div. 2),Harsh_kunwar,395,1729960500,1773,1835
2027,Codeforces Round 982 (Div. 2),Kawaii,395,1729960500,1789,1847
2027,Codeforces Round 982 (Div. 2),placik,397,1729960500,1957,1969
2027,Codeforces Round 982 (Div. 2),Dragnoid99,397,1729960500,1893,1922
2027,Codeforces Round 982 (Div. 2),jia,399,1729960500,1991,1994
2027,Codeforces Round 982 (Div. 2),illbeatyou,400,1729960500,1545,1729
2027,Codeforces Round 982 (Div. 2),leviackermann,401,1729960500,1722,1798
2027,Codeforces Round 982 (Div. 2),AkramElOmrani,401,1729960500,1822,1870
2027,Codeforces Round 982 (Div. 2),vladimirfilip,403,1729960500,1309,1514
2027,Codeforces Round 982 (Div. 2),nikoro256,404,1729960500,1662,1755
2027,Codeforces Round 982 (Div. 2),fanwen,405,1729960500,1731,1804
2027,Codeforces Round 982 (Div. 2),Deruzh,406,1729960500,1412,1582
2027,Codeforces Round 982 (Div. 2),B_3,407,1729960500,1971,1978
2027,Codeforces Round 982 (Div. 2),jjaewon,408,1729960500,1841,1883
2027,Codeforces Round 982 (Div. 2),FXLY_awa,409,1729960500,1734,1805
2027,Codeforces Round 982 (Div. 2),ventusliberum,409,1729960500,1939,1953
2027,Codeforces Round 982 (Div. 2),schmosby,409,1729960500,1672,1761
2027,Codeforces Round 982 (Div. 2),ripity,409,1729960500,2040,2028
2027,Codeforces Round 982 (Div. 2),mezavant,409,1729960500,1999,1998
2027,Codeforces Round 982 (Div. 2),ahmedalaa22,414,1729960500,1956,1965
2027,Codeforces Round 982 (Div. 2),ikun_ac,414,1729960500,1839,1880
2027,Codeforces Round 982 (Div. 2),ayushi.mm,416,1729960500,1694,1776
2027,Codeforces Round 982 (Div. 2),HJR_,417,1729960500,1812,1861
2027,Codeforces Round 982 (Div. 2),thatsramen,418,1729960500,1924,1941
2027,Codeforces Round 982 (Div. 2),orzQWQ,419,1729960500,1764,1825
2027,Codeforces Round 982 (Div. 2),SoloSerenade,420,1729960500,1813,1861
2027,Codeforces Round 982 (Div. 2),KK_1729,421,1729960500,1576,1692
2027,Codeforces Round 982 (Div. 2),_ville.claude__,421,1729960500,1841,1881
2027,Codeforces Round 982 (Div. 2),caustique,421,1729960500,1638,1735
2027,Codeforces Round 982 (Div. 2),CaptainBD,421,1729960500,1753,1817
2027,Codeforces Round 982 (Div. 2),bitZenith,425,1729960500,1422,1585
2027,Codeforces Round 982 (Div. 2),sparsh_16,426,1729960500,1831,1872
2027,Codeforces Round 982 (Div. 2),clinix58,426,1729960500,1408,1575
2027,Codeforces Round 982 (Div. 2),Baiter_,426,1729960500,1595,1704
2027,Codeforces Round 982 (Div. 2),PradeepKumar11519,426,1729960500,1351,1537
2027,Codeforces Round 982 (Div. 2),MUZAN,426,1729960500,1908,1928
2027,Codeforces Round 982 (Div. 2),SumitKSaini,431,1729960500,1158,1412
2027,Codeforces Round 982 (Div. 2),warks,431,1729960500,1847,1884
2027,Codeforces Round 982 (Div. 2),evil_rage,433,1729960500,1431,1643
2027,Codeforces Round 982 (Div. 2),loveyoulitach,433,1729960500,1675,1760
2027,Codeforces Round 982 (Div. 2),taishogun,435,1729960500,1442,1597
2027,Codeforces Round 982 (Div. 2),Misha100896,435,1729960500,1879,1907
2027,Codeforces Round 982 (Div. 2),myoi0905,437,1729960500,2075,2052
2027,Codeforces Round 982 (Div. 2),xiao__xiao,437,1729960500,1902,1923
2027,Codeforces Round 982 (Div. 2),HediChehaidar,439,1729960500,1676,1760
2027,Codeforces Round 982 (Div. 2),Armaan48,439,1729960500,1801,1849
2027,Codeforces Round 982 (Div. 2),Artria,439,1729960500,1797,1846
2027,Codeforces Round 982 (Div. 2),yottabot,442,1729960500,1694,1772
2027,Codeforces Round 982 (Div. 2),YipChip,443,1729960500,1548,1669
2027,Codeforces Round 982 (Div. 2),gabriel,444,1729960500,1567,1682
2027,Codeforces Round 982 (Div. 2),Left0807,445,1729960500,1891,1913
2027,Codeforces Round 982 (Div. 2),pengin_2000,445,1729960500,1985,1983
2027,Codeforces Round 982 (Div. 2),og.kostya,447,1729960500,1893,1915
2027,Codeforces Round 982 (Div. 2),codack_mayank,447,1729960500,1618,1718
2027,Codeforces Round 982 (Div. 2),guesswhetherIamXJK,449,1729960500,1633,1728
2027,Codeforces Round 982 (Div. 2),Neev4321,449,1729960500,1817,1860
2027,Codeforces Round 982 (Div. 2),YungCf,451,1729960500,1657,1745
2027,Codeforces Round 982 (Div. 2),Abhi8803,452,1729960500,1862,1892
2027,Codeforces Round 982 (Div. 2),wuhudsm,453,1729960500,2029,2015
2027,Codeforces Round 982 (Div. 2),lo_brainer,454,1729960500,1652,1741
2027,Codeforces Round 982 (Div. 2),SitableChair,455,1729960500,1140,1428
2027,Codeforces Round 982 (Div. 2),Ashrayy,456,1729960500,1712,1783
2027,Codeforces Round 982 (Div. 2),TheQuantiX,456,1729960500,1996,1990
2027,Codeforces Round 982 (Div. 2),Satyanweshi45,458,1729960500,1911,1927
2027,Codeforces Round 982 (Div. 2),enhenh,459,1729960500,1402,1567
2027,Codeforces Round 982 (Div. 2),Timosh,459,1729960500,1805,1850
2027,Codeforces Round 982 (Div. 2),HoriaB,461,1729960500,1890,1911
2027,Codeforces Round 982 (Div. 2),bebera,462,1729960500,1838,1873
2027,Codeforces Round 982 (Div. 2),ankit_dsvv,463,1729960500,1441,1593
2027,Codeforces Round 982 (Div. 2),germanking6,464,1729960500,1653,1740
2027,Codeforces Round 982 (Div. 2),Shahrad_Mirzaei,465,1729960500,1851,1882
2027,Codeforces Round 982 (Div. 2),mita,465,1729960500,2006,1996
2027,Codeforces Round 982 (Div. 2),umesh_konduru,465,1729960500,1674,1754
2027,Codeforces Round 982 (Div. 2),Bolaloon,468,1729960500,1769,1823
2027,Codeforces Round 982 (Div. 2),natalina,469,1729960500,1696,1769
2027,Codeforces Round 982 (Div. 2),aash8a9,469,1729960500,1889,1909
2027,Codeforces Round 982 (Div. 2),chrono989,471,1729960500,1780,1830
2027,Codeforces Round 982 (Div. 2),altgifted,472,1729960500,1948,1953
2027,Codeforces Round 982 (Div. 2),Chika-aki,473,1729960500,1649,1736
2027,Codeforces Round 982 (Div. 2),Leo_0503,474,1729960500,2059,2035
2027,Codeforces Round 982 (Div. 2),doujinshi_master,475,1729960500,1519,1699
2027,Codeforces Round 982 (Div. 2),new2ac,475,1729960500,2016,2002
2027,Codeforces Round 982 (Div. 2),virinci,477,1729960500,1741,1801
2027,Codeforces Round 982 (Div. 2),lwm7708,478,1729960500,2091,2059
2027,Codeforces Round 982 (Div. 2),TahsinArafat,478,1729960500,1698,1770
2027,Codeforces Round 982 (Div. 2),Lets_end_this_shall_we,478,1729960500,2095,2062
2027,Codeforces Round 982 (Div. 2),truongminhduc_beo,481,1729960500,1710,1836
2027,Codeforces Round 982 (Div. 2),Ackhava,481,1729960500,1972,1969
2027,Codeforces Round 982 (Div. 2),Carucao,483,1729960500,1917,1928
2027,Codeforces Round 982 (Div. 2),martins,483,1729960500,1797,1841
2027,Codeforces Round 982 (Div. 2),dryeab,483,1729960500,1709,1777
2027,Codeforces Round 982 (Div. 2),NeverSpot,486,1729960500,1615,1710
2027,Codeforces Round 982 (Div. 2),5phInX,487,1729960500,1836,1868
2027,Codeforces Round 982 (Div. 2),ThirteenFrames,488,1729960500,1855,1882
2027,Codeforces Round 982 (Div. 2),SkySummer,489,1729960500,1985,1977
2027,Codeforces Round 982 (Div. 2),Paras05,489,1729960500,1669,1748
2027,Codeforces Round 982 (Div. 2),ccj123,491,1729960500,1772,1821
2027,Codeforces Round 982 (Div. 2),lbm47,492,1729960500,1877,1898
2027,Codeforces Round 982 (Div. 2),b00s,493,1729960500,1772,1821
2027,Codeforces Round 982 (Div. 2),ZawszeInLove,493,1729960500,1515,1639
2027,Codeforces Round 982 (Div. 2),MahmoudBassem,495,1729960500,1770,1819
2027,Codeforces Round 982 (Div. 2),hwpvector,496,1729960500,1202,1507
2027,Codeforces Round 982 (Div. 2),its_priyans,496,1729960500,1465,1604
2027,Codeforces Round 982 (Div. 2),chaemh2013,498,1729960500,1396,1557
2027,Codeforces Round 982 (Div. 2),Andrei.E,498,1729960500,1811,1849
2027,Codeforces Round 982 (Div. 2),Khaled_Al_Awad,500,1729960500,1780,1826
2027,Codeforces Round 982 (Div. 2),nuyoah007,501,1729960500,1855,1880
2027,Codeforces Round 982 (Div. 2),sperm,502,1729960500,1588,1689
2027,Codeforces Round 982 (Div. 2),ALAov,502,1729960500,1848,1875
2027,Codeforces Round 982 (Div. 2),ChandrashekharD2,504,1729960500,1746,1801
2027,Codeforces Round 982 (Div. 2),absrdly,505,1729960500,1942,1943
2027,Codeforces Round 982 (Div. 2),jsiso_practice,505,1729960500,1597,1695
2027,Codeforces Round 982 (Div. 2),sksshivam007,505,1729960500,1544,1658
2027,Codeforces Round 982 (Div. 2),legendaryICE,508,1729960500,1740,1796
2027,Codeforces Round 982 (Div. 2),Gaomer,508,1729960500,1809,1846
2027,Codeforces Round 982 (Div. 2),Techphile,508,1729960500,1696,1764
2027,Codeforces Round 982 (Div. 2),EntityPlantt,511,1729960500,1751,1804
2027,Codeforces Round 982 (Div. 2),dontforgetyourself,512,1729960500,1894,1908
2027,Codeforces Round 982 (Div. 2),chetan_saini,512,1729960500,1628,1716
2027,Codeforces Round 982 (Div. 2),ImSarthak,514,1729960500,1592,1690
2027,Codeforces Round 982 (Div. 2),hebau_ber,514,1729960500,1622,1712
2027,Codeforces Round 982 (Div. 2),downfall,516,1729960500,1953,1950
2027,Codeforces Round 982 (Div. 2),harurun4635,516,1729960500,805,1220
2027,Codeforces Round 982 (Div. 2),npc,518,1729960500,1613,1704
2027,Codeforces Round 982 (Div. 2),Vinicius_Asaad,519,1729960500,1107,1366
2027,Codeforces Round 982 (Div. 2),Rafiullah,520,1729960500,1616,1706
2027,Codeforces Round 982 (Div. 2),JaiShriMahakal,521,1729960500,1289,1482
2027,Codeforces Round 982 (Div. 2),Yufe1210,522,1729960500,1888,1902
2027,Codeforces Round 982 (Div. 2),passwordisa,523,1729960500,1796,1835
2027,Codeforces Round 982 (Div. 2),BorealBear,523,1729960500,1711,1773
2027,Codeforces Round 982 (Div. 2),_greedy,525,1729960500,1897,1908
2027,Codeforces Round 982 (Div. 2),penrosecat,526,1729960500,1479,1609
2027,Codeforces Round 982 (Div. 2),oviyan_gandhi,526,1729960500,1613,1703
2027,Codeforces Round 982 (Div. 2),Od_Ali,528,1729960500,1538,1650
2027,Codeforces Round 982 (Div. 2),GMode,528,1729960500,1635,1719
2027,Codeforces Round 982 (Div. 2),ihgazi,530,1729960500,1876,1892
2027,Codeforces Round 982 (Div. 2),TychoElling,530,1729960500,1874,1890
2027,Codeforces Round 982 (Div. 2),Ankit_singh_sisodya,530,1729960500,1596,1691
2027,Codeforces Round 982 (Div. 2),dhar.chiradeep,533,1729960500,1496,1621
2027,Codeforces Round 982 (Div. 2),lv.zheng,534,1729960500,1878,1893
2027,Codeforces Round 982 (Div. 2),N_K_E_1,535,1729960500,1634,1717
2027,Codeforces Round 982 (Div. 2),_infinite_,536,1729960500,1820,1850
2027,Codeforces Round 982 (Div. 2),Rajat.18,536,1729960500,1570,1672
2027,Codeforces Round 982 (Div. 2),dinhthily979,536,1729960500,1506,1627
2027,Codeforces Round 982 (Div. 2),nikhil_thogaru,536,1729960500,1802,1838
2027,Codeforces Round 982 (Div. 2),Jarvis_Z,540,1729960500,1683,1751
2027,Codeforces Round 982 (Div. 2),Husanboy,540,1729960500,1947,1943
2027,Codeforces Round 982 (Div. 2),NguyenDuyQuang,542,1729960500,1925,1927
2027,Codeforces Round 982 (Div. 2),bkdn24.WindChime,542,1729960500,1544,1653
2027,Codeforces Round 982 (Div. 2),envariant,544,1729960500,1945,1942
2027,Codeforces Round 982 (Div. 2),Scalm,545,1729960500,2092,2052
2027,Codeforces Round 982 (Div. 2),omegaphi,545,1729960500,1672,1743
2027,Codeforces Round 982 (Div. 2),pe4enka_play,547,1729960500,1556,1661
2027,Codeforces Round 982 (Div. 2),dont_love_anyone,547,1729960500,1157,1442
2027,Codeforces Round 982 (Div. 2),hnust_pengjingyan,549,1729960500,1606,1696
2027,Codeforces Round 982 (Div. 2),DianaMystery,550,1729960500,1340,1512
2027,Codeforces Round 982 (Div. 2),EduardoBrito,551,1729960500,1718,1775
2027,Codeforces Round 982 (Div. 2),shshank_10,551,1729960500,1583,1679
2027,Codeforces Round 982 (Div. 2),Your_Bunny_Wrote,551,1729960500,1547,1654
2027,Codeforces Round 982 (Div. 2),_AdiYadav_,554,1729960500,1803,1836
2027,Codeforces Round 982 (Div. 2),vatsal_04,554,1729960500,1772,1814
2027,Codeforces Round 982 (Div. 2),plevande,554,1729960500,2066,2031
2027,Codeforces Round 982 (Div. 2),Nishu_2005,554,1729960500,1604,1694
2027,Codeforces Round 982 (Div. 2),FeiWuLiuZiao,558,1729960500,1659,1733
2027,Codeforces Round 982 (Div. 2),Ridham.,559,1729960500,1768,1810
2027,Codeforces Round 982 (Div. 2),Anas_Da,560,1729960500,1693,1756
2027,Codeforces Round 982 (Div. 2),nakshatraexe,561,1729960500,1944,1939
2027,Codeforces Round 982 (Div. 2),RiMiDo,561,1729960500,651,1105
2027,Codeforces Round 982 (Div. 2),C-plus,563,1729960500,1635,1772
2027,Codeforces Round 982 (Div. 2),soham_c04,563,1729960500,1667,1737
2027,Codeforces Round 982 (Div. 2),Tesla.,563,1729960500,1537,1645
2027,Codeforces Round 982 (Div. 2),A.I.skeleton_,563,1729960500,1736,1786
2027,Codeforces Round 982 (Div. 2),...-.....---.-...-.,567,1729960500,1837,1859
2027,Codeforces Round 982 (Div. 2),bobthestickman,568,1729960500,1758,1802
2027,Codeforces Round 982 (Div. 2),TheSlayer33,568,1729960500,1566,1665
2027,Codeforces Round 982 (Div. 2),askr_58,570,1729960500,1908,1911
2027,Codeforces Round 982 (Div. 2),coldwind9029,571,1729960500,1823,1849
2027,Codeforces Round 982 (Div. 2),SPizzzz,572,1729960500,1662,1732
2027,Codeforces Round 982 (Div. 2),baby_awerty,572,1729960500,566,1045
2027,Codeforces Round 982 (Div. 2),taran_1407,572,1729960500,2003,1982
2027,Codeforces Round 982 (Div. 2),FreenCKup,572,1729960500,1378,1534
2027,Codeforces Round 982 (Div. 2),mosli,576,1729960500,1626,1707
2027,Codeforces Round 982 (Div. 2),Shakil17,577,1729960500,2079,2039
2027,Codeforces Round 982 (Div. 2),termal,577,1729960500,1934,1930
2027,Codeforces Round 982 (Div. 2),ckk,577,1729960500,1610,1695
2027,Codeforces Round 982 (Div. 2),PratapSingh,580,1729960500,0,649
2027,Codeforces Round 982 (Div. 2),Vanthoci,580,1729960500,1950,1942
2027,Codeforces Round 982 (Div. 2),cjtsai,580,1729960500,1729,1779
2027,Codeforces Round 982 (Div. 2),DoanHaiAnh_VT_1,580,1729960500,713,1147
2027,Codeforces Round 982 (Div. 2),Jashh_2704,584,1729960500,1124,1415
2027,Codeforces Round 982 (Div. 2),fikys,584,1729960500,1797,1829
2027,Codeforces Round 982 (Div. 2),beyondpluto,584,1729960500,1882,1891
2027,Codeforces Round 982 (Div. 2),tulip01,587,1729960500,1347,1570
2027,Codeforces Round 982 (Div. 2),krishnaagrawal61,587,1729960500,1639,1715
2027,Codeforces Round 982 (Div. 2),CosAlpha,589,1729960500,1649,1721
2027,Codeforces Round 982 (Div. 2),Yagnik_Dhameliya,589,1729960500,1694,1754
2027,Codeforces Round 982 (Div. 2),ken-kei,589,1729960500,1722,1773
2027,Codeforces Round 982 (Div. 2),Betelgeuse,592,1729960500,1747,1792
2027,Codeforces Round 982 (Div. 2),JYUNL,593,1729960500,1320,1551
2027,Codeforces Round 982 (Div. 2),Ferrriccc,593,1729960500,1824,1847
2027,Codeforces Round 982 (Div. 2),Mahesh11,593,1729960500,1723,1774
2027,Codeforces Round 982 (Div. 2),Duanzishou134,596,1729960500,1768,1807
2027,Codeforces Round 982 (Div. 2),VanshRA,596,1729960500,1964,1951
2027,Codeforces Round 982 (Div. 2),AyuAnchor,598,1729960500,1838,1857
2027,Codeforces Round 982 (Div. 2),Muhammad_Aneeq,598,1729960500,1680,1742
2027,Codeforces Round 982 (Div. 2),go_next,600,1729960500,1880,1887
2027,Codeforces Round 982 (Div. 2),nh_nayeem,600,1729960500,1755,1796
2027,Codeforces Round 982 (Div. 2),ishan_nandwal,600,1729960500,1336,1503
2027,Codeforces Round 982 (Div. 2),Hawkeye_007,600,1729960500,472,977
2027,Codeforces Round 982 (Div. 2),Belal_Abouraya,604,1729960500,1852,1867
2027,Codeforces Round 982 (Div. 2),dongggle,605,1729960500,1994,1973
2027,Codeforces Round 982 (Div. 2),huo_hua_ya,605,1729960500,1553,1652
2027,Codeforces Round 982 (Div. 2),ram.bhakt,605,1729960500,1702,1757
2027,Codeforces Round 982 (Div. 2),GoogleDocs,605,1729960500,1594,1680
2027,Codeforces Round 982 (Div. 2),Cannonbolt2704,609,1729960500,1622,1700
2027,Codeforces Round 982 (Div. 2),xiaoxiaobaozi,609,1729960500,1867,1877
2027,Codeforces Round 982 (Div. 2),ChihoLam,609,1729960500,1716,1767
2027,Codeforces Round 982 (Div. 2),jamil314,609,1729960500,1654,1723
2027,Codeforces Round 982 (Div. 2),tymond,613,1729960500,1918,1915
2027,Codeforces Round 982 (Div. 2),__orz__,613,1729960500,1721,1770
2027,Codeforces Round 982 (Div. 2),Routec,615,1729960500,2054,2017
2027,Codeforces Round 982 (Div. 2),lftroq,615,1729960500,1858,1870
2027,Codeforces Round 982 (Div. 2),yupooh,615,1729960500,1985,1964
2027,Codeforces Round 982 (Div. 2),HTCD,618,1729960500,1766,1802
2027,Codeforces Round 982 (Div. 2),sixplusfour,619,1729960500,1819,1841
2027,Codeforces Round 982 (Div. 2),THE_THUNDERSTORM_BEGINS,620,1729960500,1676,1737
2027,Codeforces Round 982 (Div. 2),aviennx,620,1729960500,1766,1803
2027,Codeforces Round 982 (Div. 2),ViratKohliGoat,620,1729960500,2000,1975
2027,Codeforces Round 982 (Div. 2),The_M7nk_Arrived,623,1729960500,1329,1495
2027,Codeforces Round 982 (Div. 2),abhilash__360,623,1729960500,1756,1795
2027,Codeforces Round 982 (Div. 2),ritikjainrj18,625,1729960500,1649,1718
2027,Codeforces Round 982 (Div. 2),yatharthsinghal1,625,1729960500,1957,1943
2027,Codeforces Round 982 (Div. 2),Abdullah-Ishfaq,625,1729960500,1761,1798
2027,Codeforces Round 982 (Div. 2),Genteki,625,1729960500,1702,1756
2027,Codeforces Round 982 (Div. 2),Mateo,629,1729960500,1958,1943
2027,Codeforces Round 982 (Div. 2),im.priyansh,630,1729960500,1807,1831
2027,Codeforces Round 982 (Div. 2),Farhan20,630,1729960500,1774,1807
2027,Codeforces Round 982 (Div. 2),M1chael_Petrov,632,1729960500,1734,1778
2027,Codeforces Round 982 (Div. 2),octal2024,632,1729960500,1629,1703
2027,Codeforces Round 982 (Div. 2),mrsunsss,634,1729960500,1798,1824
2027,Codeforces Round 982 (Div. 2),hnust_maoyiyun,635,1729960500,1614,1691
2027,Codeforces Round 982 (Div. 2),ernurator,635,1729960500,1589,1673
2027,Codeforces Round 982 (Div. 2),miemiemie,635,1729960500,1487,1602
2027,Codeforces Round 982 (Div. 2),threebody2,638,1729960500,1644,1713
2027,Codeforces Round 982 (Div. 2),AIpha_Q,638,1729960500,1671,1732
2027,Codeforces Round 982 (Div. 2),The_Caspian_Sea,640,1729960500,2034,2000
2027,Codeforces Round 982 (Div. 2),ghuy4g,641,1729960500,1668,1730
2027,Codeforces Round 982 (Div. 2),ppmn_6,642,1729960500,1535,1635
2027,Codeforces Round 982 (Div. 2),s0f1sm,642,1729960500,1464,1585
2027,Codeforces Round 982 (Div. 2),retard.,644,1729960500,1739,1781
2027,Codeforces Round 982 (Div. 2),bnmanubharadwaj,644,1729960500,1606,1685
2027,Codeforces Round 982 (Div. 2),DuckLee,646,1729960500,1636,1706
2027,Codeforces Round 982 (Div. 2),cleanser,647,1729960500,1814,1834
2027,Codeforces Round 982 (Div. 2),takaou,648,1729960500,1678,1736
2027,Codeforces Round 982 (Div. 2),paolofederico1,648,1729960500,1782,1811
2027,Codeforces Round 982 (Div. 2),artemi__sav,650,1729960500,1764,1798
2027,Codeforces Round 982 (Div. 2),Deeppandya04,651,1729960500,1553,1647
2027,Codeforces Round 982 (Div. 2),Mr.Roamer,651,1729960500,1699,1751
2027,Codeforces Round 982 (Div. 2),kkapoor,651,1729960500,1544,1640
2027,Codeforces Round 982 (Div. 2),Punpun018,654,1729960500,1295,1469
2027,Codeforces Round 982 (Div. 2),TheYashB,655,1729960500,1706,1755
2027,Codeforces Round 982 (Div. 2),Glitch-20,656,1729960500,1688,1742
2027,Codeforces Round 982 (Div. 2),shisukenohara,657,1729960500,1623,1732
2027,Codeforces Round 982 (Div. 2),Brinton,658,1729960500,1902,1899
2027,Codeforces Round 982 (Div. 2),Asbjorn,659,1729960500,2071,2026
2027,Codeforces Round 982 (Div. 2),buzzinga__,659,1729960500,1597,1677
2027,Codeforces Round 982 (Div. 2),drath10,661,1729960500,1720,1764
2027,Codeforces Round 982 (Div. 2),felipe_massa,661,1729960500,1626,1698
2027,Codeforces Round 982 (Div. 2),podys,661,1729960500,1515,1619
2027,Codeforces Round 982 (Div. 2),olegator2007,664,1729960500,1739,1779
2027,Codeforces Round 982 (Div. 2),paz15,664,1729960500,1834,1847
2027,Codeforces Round 982 (Div. 2),coderdhanraj,666,1729960500,1905,1900
2027,Codeforces Round 982 (Div. 2),Marco_Escandon,667,1729960500,1922,1913
2027,Codeforces Round 982 (Div. 2),surajajaydwivedi,668,1729960500,1249,1437
2027,Codeforces Round 982 (Div. 2),harshporwal033,669,1729960500,1515,1618
2027,Codeforces Round 982 (Div. 2),etian6795,669,1729960500,1932,1920
2027,Codeforces Round 982 (Div. 2),chllo777,671,1729960500,1944,1928
2027,Codeforces Round 982 (Div. 2),pranavb.02,672,1729960500,1593,1672
2027,Codeforces Round 982 (Div. 2),Traveller_zzz,672,1729960500,1401,1600
2027,Codeforces Round 982 (Div. 2),YUYyyyy,674,1729960500,1515,1618
2027,Codeforces Round 982 (Div. 2),ace01,675,1729960500,1790,1815
2027,Codeforces Round 982 (Div. 2),xxx.ego,676,1729960500,1688,1740
2027,Codeforces Round 982 (Div. 2),RevyChan,676,1729960500,1914,1905
2027,Codeforces Round 982 (Div. 2),Atekichan,676,1729960500,2077,2029
2027,Codeforces Round 982 (Div. 2),kaizan,676,1729960500,1592,1671
2027,Codeforces Round 982 (Div. 2),ananthak,680,1729960500,1584,1665
2027,Codeforces Round 982 (Div. 2),Hanoon,680,1729960500,1578,1661
2027,Codeforces Round 982 (Div. 2),Martian148,680,1729960500,1794,1816
2027,Codeforces Round 982 (Div. 2),Adhoom_El3almy,683,1729960500,1664,1723
2027,Codeforces Round 982 (Div. 2),danlll,683,1729960500,1837,1848
2027,Codeforces Round 982 (Div. 2),sanmai_reddy123,685,1729960500,1845,1854
2027,Codeforces Round 982 (Div. 2),George_Rubio,685,1729960500,1726,1767
2027,Codeforces Round 982 (Div. 2),natnuo,687,1729960500,1482,1593
2027,Codeforces Round 982 (Div. 2),ansul_18,687,1729960500,1493,1601
2027,Codeforces Round 982 (Div. 2),the_dragon_emperor,687,1729960500,1904,1897
2027,Codeforces Round 982 (Div. 2),wsztbq,687,1729960500,1618,1689
2027,Codeforces Round 982 (Div. 2),Patel45,691,1729960500,1654,1714
2027,Codeforces Round 982 (Div. 2),Sarvesh43,691,1729960500,1708,1753
2027,Codeforces Round 982 (Div. 2),newusercf,691,1729960500,1550,1640
2027,Codeforces Round 982 (Div. 2),SG2Alok,691,1729960500,1631,1698
2027,Codeforces Round 982 (Div. 2),Desh01,691,1729960500,1974,1950
2027,Codeforces Round 982 (Div. 2),Eevangelion,696,1729960500,1674,1729
2027,Codeforces Round 982 (Div. 2),manan_chhajed,696,1729960500,1637,1702
2027,Codeforces Round 982 (Div. 2),Kry111,698,1729960500,1788,1811
2027,Codeforces Round 982 (Div. 2),VanLam,698,1729960500,1597,1673
2027,Codeforces Round 982 (Div. 2),Sahu_1402,698,1729960500,1854,1859
2027,Codeforces Round 982 (Div. 2),soumyadiptocodes,698,1729960500,1555,1643
2027,Codeforces Round 982 (Div. 2),Too_Weak_To_Anything,702,1729960500,1879,1878
2027,Codeforces Round 982 (Div. 2),dbGIs,703,1729960500,1661,1718
2027,Codeforces Round 982 (Div. 2),Alexbrii,703,1729960500,1969,1945
2027,Codeforces Round 982 (Div. 2),grindinpeace,703,1729960500,1679,1731
2027,Codeforces Round 982 (Div. 2),BaiLi_nya,706,1729960500,1682,1733
2027,Codeforces Round 982 (Div. 2),SeaYellow,706,1729960500,2050,2006
2027,Codeforces Round 982 (Div. 2),chiranjivikeshav,706,1729960500,1575,1657
2027,Codeforces Round 982 (Div. 2),_Crimson_,706,1729960500,2037,1996
2027,Codeforces Round 982 (Div. 2),AI80,710,1729960500,1559,1644
2027,Codeforces Round 982 (Div. 2),alexlin99,710,1729960500,559,1025
2027,Codeforces Round 982 (Div. 2),HFDLYS,710,1729960500,1770,1796
2027,Codeforces Round 982 (Div. 2),gurnoorchhabra21,713,1729960500,1687,1736
2027,Codeforces Round 982 (Div. 2),__anuj,714,1729960500,1906,1897
2027,Codeforces Round 982 (Div. 2),Xiphion,715,1729960500,1699,1745
2027,Codeforces Round 982 (Div. 2),RiRinbaru,715,1729960500,1980,1952
2027,Codeforces Round 982 (Div. 2),Zeus_285,717,1729960500,1279,1451
2027,Codeforces Round 982 (Div. 2),yellowflash_,717,1729960500,1575,1655
2027,Codeforces Round 982 (Div. 2),Al5ateeb,717,1729960500,1754,1784
2027,Codeforces Round 982 (Div. 2),theoriginalshyam,720,1729960500,1634,1697
2027,Codeforces Round 982 (Div. 2),vibhorsaxena000,720,1729960500,575,1035
2027,Codeforces Round 982 (Div. 2),friedel,720,1729960500,1656,1713
2027,Codeforces Round 982 (Div. 2),onkar_somani,723,1729960500,1756,1785
2027,Codeforces Round 982 (Div. 2),trassis,724,1729960500,1743,1776
2027,Codeforces Round 982 (Div. 2),arpit.rastOGi,724,1729960500,1285,1507
2027,Codeforces Round 982 (Div. 2),DemberS06,724,1729960500,1530,1623
2027,Codeforces Round 982 (Div. 2),TankYoung,724,1729960500,1793,1812
2027,Codeforces Round 982 (Div. 2),stingspree_,724,1729960500,1633,1696
2027,Codeforces Round 982 (Div. 2),tuananh238,729,1729960500,1687,1734
2027,Codeforces Round 982 (Div. 2),kanishkgupta071,729,1729960500,1625,1690
2027,Codeforces Round 982 (Div. 2),Lilypad,731,1729960500,1963,1939
2027,Codeforces Round 982 (Div. 2),mohdsufiyan,731,1729960500,1568,1649
2027,Codeforces Round 982 (Div. 2),Zeyush,733,1729960500,1846,1851
2027,Codeforces Round 982 (Div. 2),jaikritsanandiya,733,1729960500,1589,1663
2027,Codeforces Round 982 (Div. 2),lalid,733,1729960500,1392,1526
2027,Codeforces Round 982 (Div. 2),motsuni04,736,1729960500,1794,1812
2027,Codeforces Round 982 (Div. 2),_lcy_,736,1729960500,1844,1849
2027,Codeforces Round 982 (Div. 2),ak_alt07,738,1729960500,1499,1600
2027,Codeforces Round 982 (Div. 2),Road_to_3k,739,1729960500,1598,1705
2027,Codeforces Round 982 (Div. 2),kabanovrk,739,1729960500,1476,1640
2027,Codeforces Round 982 (Div. 2),fisher199,739,1729960500,1647,1705
2027,Codeforces Round 982 (Div. 2),cwz2024,742,1729960500,1908,1896
2027,Codeforces Round 982 (Div. 2),MadRat_0,742,1729960500,1964,1938
2027,Codeforces Round 982 (Div. 2),Ning_Practice,744,1729960500,428,931
2027,Codeforces Round 982 (Div. 2),PetrificusTotalus,744,1729960500,1441,1559
2027,Codeforces Round 982 (Div. 2),gbula,746,1729960500,1685,1731
2027,Codeforces Round 982 (Div. 2),chikien2009,746,1729960500,1719,1756
2027,Codeforces Round 982 (Div. 2),maithehung123,746,1729960500,1566,1646
2027,Codeforces Round 982 (Div. 2),vangtrangtan,749,1729960500,1914,1899
2027,Codeforces Round 982 (Div. 2),sahilkumar_1,750,1729960500,1845,1849
2027,Codeforces Round 982 (Div. 2),ILoveGenshin,751,1729960500,1793,1846
2027,Codeforces Round 982 (Div. 2),ajinkya1p3,751,1729960500,1953,1929
2027,Codeforces Round 982 (Div. 2),WorldBias,751,1729960500,1656,1710
2027,Codeforces Round 982 (Div. 2),kushal46,751,1729960500,1587,1661
2027,Codeforces Round 982 (Div. 2),akkafakka,755,1729960500,1830,1837
2027,Codeforces Round 982 (Div. 2),AloneMusk,755,1729960500,1636,1695
2027,Codeforces Round 982 (Div. 2),S1eGa,755,1729960500,1886,1878
2027,Codeforces Round 982 (Div. 2),MagedSayed,758,1729960500,1238,1420
2027,Codeforces Round 982 (Div. 2),bkdn24.kimchi,759,1729960500,1553,1636
2027,Codeforces Round 982 (Div. 2),Muhammad-Saram,760,1729960500,1948,1925
2027,Codeforces Round 982 (Div. 2),AIF_is_carving,760,1729960500,1954,1929
2027,Codeforces Round 982 (Div. 2),wadexin,760,1729960500,1341,1489
2027,Codeforces Round 982 (Div. 2),_Art_,763,1729960500,1537,1624
2027,Codeforces Round 982 (Div. 2),bassclef,764,1729960500,1264,1436
2027,Codeforces Round 982 (Div. 2),2288,764,1729960500,1371,1570
2027,Codeforces Round 982 (Div. 2),goats_9,764,1729960500,2061,2010
2027,Codeforces Round 982 (Div. 2),RegenFallen,767,1729960500,2072,2018
2027,Codeforces Round 982 (Div. 2),Krispy,767,1729960500,1835,1839
2027,Codeforces Round 982 (Div. 2),VHPro,767,1729960500,1916,1900
2027,Codeforces Round 982 (Div. 2),GreySpecter,767,1729960500,1597,1666
2027,Codeforces Round 982 (Div. 2),S_Neal,767,1729960500,1821,1829
2027,Codeforces Round 982 (Div. 2),AdityaDargan2,772,1729960500,1665,1715
2027,Codeforces Round 982 (Div. 2),shushukl,772,1729960500,1676,1723
2027,Codeforces Round 982 (Div. 2),insrt_username,772,1729960500,1713,1750
2027,Codeforces Round 982 (Div. 2),Electrony,772,1729960500,1638,1695
2027,Codeforces Round 982 (Div. 2),cirex,776,1729960500,1746,1774
2027,Codeforces Round 982 (Div. 2),harshb,777,1729960500,1511,1605
2027,Codeforces Round 982 (Div. 2),BrotherCall,777,1729960500,1914,1897
2027,Codeforces Round 982 (Div. 2),Arnur2937,779,1729960500,1627,1687
2027,Codeforces Round 982 (Div. 2),Popusk3000lvl,779,1729960500,1795,1809
2027,Codeforces Round 982 (Div. 2),jastaway,781,1729960500,1754,1779
2027,Codeforces Round 982 (Div. 2),devangsvaghani,781,1729960500,1783,1800
2027,Codeforces Round 982 (Div. 2),nick_heck,783,1729960500,1373,1508
2027,Codeforces Round 982 (Div. 2),KostyR13,783,1729960500,1769,1789
2027,Codeforces Round 982 (Div. 2),Top12,783,1729960500,1533,1619
2027,Codeforces Round 982 (Div. 2),CELD_07,786,1729960500,1508,1601
2027,Codeforces Round 982 (Div. 2),vinayravi064,786,1729960500,874,1194
2027,Codeforces Round 982 (Div. 2),csizmiki,786,1729960500,1921,1902
2027,Codeforces Round 982 (Div. 2),_Kee,786,1729960500,1689,1731
2027,Codeforces Round 982 (Div. 2),HoaBanMaTuyy,790,1729960500,1480,1581
2027,Codeforces Round 982 (Div. 2),Vinayak286,790,1729960500,1662,1711
2027,Codeforces Round 982 (Div. 2),its_Yogi,790,1729960500,1800,1811
2027,Codeforces Round 982 (Div. 2),AtharvaDing,790,1729960500,1707,1743
2027,Codeforces Round 982 (Div. 2),priyanshu.p,794,1729960500,1667,1714
2027,Codeforces Round 982 (Div. 2),deeper_xd,794,1729960500,1760,1782
2027,Codeforces Round 982 (Div. 2),Naamani,794,1729960500,1957,1928
2027,Codeforces Round 982 (Div. 2),--O----O--,797,1729960500,1627,1685
2027,Codeforces Round 982 (Div. 2),_endeavor_,797,1729960500,1359,1497
2027,Codeforces Round 982 (Div. 2),belgianbot,799,1729960500,1553,1632
2027,Codeforces Round 982 (Div. 2),XuZirui20,799,1729960500,1544,1626
2027,Codeforces Round 982 (Div. 2),UzuHa_NaruSuke,799,1729960500,1580,1651
2027,Codeforces Round 982 (Div. 2),sagargupta36,799,1729960500,1609,1672
2027,Codeforces Round 982 (Div. 2),ThunderXGod,803,1729960500,1610,1672
2027,Codeforces Round 982 (Div. 2),CodeCraftsPhoenix,803,1729960500,1660,1708
2027,Codeforces Round 982 (Div. 2),Hasan_av,803,1729960500,1373,1561
2027,Codeforces Round 982 (Div. 2),chakshu2022,806,1729960500,1819,1825
2027,Codeforces Round 982 (Div. 2),lce4113,806,1729960500,1492,1588
2027,Codeforces Round 982 (Div. 2),Abilmansur-007,806,1729960500,1455,1562
2027,Codeforces Round 982 (Div. 2),mt19937,809,1729960500,1773,1791
2027,Codeforces Round 982 (Div. 2),MuUJa,810,1729960500,1348,1549
2027,Codeforces Round 982 (Div. 2),mmdrzada,810,1729960500,1768,1786
2027,Codeforces Round 982 (Div. 2),no_lie,810,1729960500,1689,1729
2027,Codeforces Round 982 (Div. 2),Vasu_Bajaj,810,1729960500,1377,1508
2027,Codeforces Round 982 (Div. 2),earnmoney,814,1729960500,1154,1411
2027,Codeforces Round 982 (Div. 2),chaitanyan,815,1729960500,1554,1631
2027,Codeforces Round 982 (Div. 2),manasagarwal129,815,1729960500,1562,1637
2027,Codeforces Round 982 (Div. 2),MonoLith,815,1729960500,1420,1537
2027,Codeforces Round 982 (Div. 2),MithilaReich,815,1729960500,1412,1532
2027,Codeforces Round 982 (Div. 2),murivan07,815,1729960500,636,1068
2027,Codeforces Round 982 (Div. 2),beaaaan,820,1729960500,1636,1689
2027,Codeforces Round 982 (Div. 2),aniket-ingle,820,1729960500,1829,1831
2027,Codeforces Round 982 (Div. 2),MingdzxWillWinIOI,822,1729960500,595,1039
2027,Codeforces Round 982 (Div. 2),new_001,823,1729960500,0,624
2027,Codeforces Round 982 (Div. 2),not_insync,823,1729960500,1549,1627
2027,Codeforces Round 982 (Div. 2),AloWarshik,825,1729960500,1624,1681
2027,Codeforces Round 982 (Div. 2),Curlwiz,825,1729960500,1510,1599
2027,Codeforces Round 982 (Div. 2),zhanedilov,825,1729960500,1272,1436
2027,Codeforces Round 982 (Div. 2),robert.barbu27,828,1729960500,1951,1922
2027,Codeforces Round 982 (Div. 2),dalgu,829,1729960500,1755,1776
2027,Codeforces Round 982 (Div. 2),0mar,830,1729960500,1550,1627
2027,Codeforces Round 982 (Div. 2),polariscyy,830,1729960500,1951,1922
2027,Codeforces Round 982 (Div. 2),LeftTwixStick,832,1729960500,0,624
2027,Codeforces Round 982 (Div. 2),Chaska,832,1729960500,1651,1700
2027,Codeforces Round 982 (Div. 2),tillCM,834,1729960500,1454,1594
2027,Codeforces Round 982 (Div. 2),Haz_Begonia,834,1729960500,1842,1839
2027,Codeforces Round 982 (Div. 2),Garendaxe,834,1729960500,1699,1734
2027,Codeforces Round 982 (Div. 2),denk,834,1729960500,1873,1863
2027,Codeforces Round 982 (Div. 2),Fresh,838,1729960500,1546,1624
2027,Codeforces Round 982 (Div. 2),nandan-akshit,838,1729960500,1766,1783
2027,Codeforces Round 982 (Div. 2),dk10211,840,1729960500,1890,1874
2027,Codeforces Round 982 (Div. 2),Hiraethsoul,840,1729960500,1916,1895
2027,Codeforces Round 982 (Div. 2),MINO1,842,1729960500,1794,1803
2027,Codeforces Round 982 (Div. 2),khuongduy2121,842,1729960500,1651,1699
2027,Codeforces Round 982 (Div. 2),Nishu16,842,1729960500,0,623
2027,Codeforces Round 982 (Div. 2),Monis_Azarus,842,1729960500,1686,1724
2027,Codeforces Round 982 (Div. 2),TanvirZihad,846,1729960500,1542,1620
2027,Codeforces Round 982 (Div. 2),adhocforces_,846,1729960500,1487,1582
2027,Codeforces Round 982 (Div. 2),Ahmedmadbouly186,846,1729960500,1816,1819
2027,Codeforces Round 982 (Div. 2),fbrunodr,849,1729960500,1820,1822
2027,Codeforces Round 982 (Div. 2),Contest4Fun,850,1729960500,1281,1440
2027,Codeforces Round 982 (Div. 2),Werner,850,1729960500,1648,1696
2027,Codeforces Round 982 (Div. 2),d1mk,852,1729960500,1841,1837
2027,Codeforces Round 982 (Div. 2),adepteXiao,853,1729960500,1729,1755
2027,Codeforces Round 982 (Div. 2),tmarcinkevicius,853,1729960500,1790,1799
2027,Codeforces Round 982 (Div. 2),rashed_raihan,853,1729960500,1833,1831
2027,Codeforces Round 982 (Div. 2),yvmr_33,856,1729960500,1591,1655
2027,Codeforces Round 982 (Div. 2),Mr_Coder7,856,1729960500,1263,1427
2027,Codeforces Round 982 (Div. 2),kerembozkaya,856,1729960500,1618,1674
2027,Codeforces Round 982 (Div. 2),NusGhy,859,1729960500,1806,1810
2027,Codeforces Round 982 (Div. 2),Redpanda_x,859,1729960500,1739,1761
2027,Codeforces Round 982 (Div. 2),Prostochell1,859,1729960500,1458,1560
2027,Codeforces Round 982 (Div. 2),sidpopa234,862,1729960500,1521,1604
2027,Codeforces Round 982 (Div. 2),bkdn24.artteiv,862,1729960500,1478,1639
2027,Codeforces Round 982 (Div. 2),xuangou,862,1729960500,1501,1590
2027,Codeforces Round 982 (Div. 2),silvertides,862,1729960500,1869,1857
2027,Codeforces Round 982 (Div. 2),salvini_god,862,1729960500,1643,1692
2027,Codeforces Round 982 (Div. 2),wlu28,867,1729960500,1327,1469
2027,Codeforces Round 982 (Div. 2),JaydeepMachhi,867,1729960500,1294,1506
2027,Codeforces Round 982 (Div. 2),AyushSinghBhadauria,867,1729960500,1359,1525
2027,Codeforces Round 982 (Div. 2),_ZyC_,870,1729960500,1487,1579
2027,Codeforces Round 982 (Div. 2),aarjavJain,870,1729960500,1672,1712
2027,Codeforces Round 982 (Div. 2),pakqwq,870,1729960500,1331,1472
2027,Codeforces Round 982 (Div. 2),elotelo,873,1729960500,1624,1677
2027,Codeforces Round 982 (Div. 2),Sigh,873,1729960500,1989,1947
2027,Codeforces Round 982 (Div. 2),convective_rain,875,1729960500,1761,1776
2027,Codeforces Round 982 (Div. 2),2-qiym,875,1729960500,1842,1836
2027,Codeforces Round 982 (Div. 2),4saken,875,1729960500,1494,1584
2027,Codeforces Round 982 (Div. 2),vinhdangquoc729,878,1729960500,1780,1790
2027,Codeforces Round 982 (Div. 2),atanu_09,878,1729960500,1445,1549
2027,Codeforces Round 982 (Div. 2),6fishes,878,1729960500,1632,1682
2027,Codeforces Round 982 (Div. 2),marinkaa,878,1729960500,1690,1724
2027,Codeforces Round 982 (Div. 2),SteveDuncan,882,1729960500,1067,1299
2027,Codeforces Round 982 (Div. 2),mcrash12,883,1729960500,1819,1819
2027,Codeforces Round 982 (Div. 2),ktoan619,883,1729960500,1662,1704
2027,Codeforces Round 982 (Div. 2),xiaolanshu,883,1729960500,1856,1846
2027,Codeforces Round 982 (Div. 2),FHH2004,886,1729960500,1481,1574
2027,Codeforces Round 982 (Div. 2),LT_Unknown,886,1729960500,1180,1370
2027,Codeforces Round 982 (Div. 2),chaoslong,888,1729960500,1461,1560
2027,Codeforces Round 982 (Div. 2),bkdn24.ntth,888,1729960500,1677,1714
2027,Codeforces Round 982 (Div. 2),WORTH,890,1729960500,1919,1893
2027,Codeforces Round 982 (Div. 2),miya145592,891,1729960500,1638,1686
2027,Codeforces Round 982 (Div. 2),Lyamzin_alexandr,891,1729960500,1652,1696
2027,Codeforces Round 982 (Div. 2),Firewood_co,893,1729960500,1564,1633
2027,Codeforces Round 982 (Div. 2),bkdn24.JKGreedy,893,1729960500,1415,1527
2027,Codeforces Round 982 (Div. 2),bkdn24.leevox,895,1729960500,1945,1912
2027,Codeforces Round 982 (Div. 2),alphax171,895,1729960500,1734,1755
2027,Codeforces Round 982 (Div. 2),Mysterious109,895,1729960500,1806,1808
2027,Codeforces Round 982 (Div. 2),Ayis137,898,1729960500,1681,1717
2027,Codeforces Round 982 (Div. 2),Ra_ist,899,1729960500,1669,1707
2027,Codeforces Round 982 (Div. 2),Shubh_modi,899,1729960500,1327,1466
2027,Codeforces Round 982 (Div. 2),aryak05,901,1729960500,1539,1613
2027,Codeforces Round 982 (Div. 2),Suplex,901,1729960500,1478,1571
2027,Codeforces Round 982 (Div. 2),chlalstjr,901,1729960500,1680,1715
2027,Codeforces Round 982 (Div. 2),megapoH,904,1729960500,1566,1633
2027,Codeforces Round 982 (Div. 2),KluydQ,904,1729960500,1709,1736
2027,Codeforces Round 982 (Div. 2),drexdelta,904,1729960500,1838,1831
2027,Codeforces Round 982 (Div. 2),sharmajii7,907,1729960500,1788,1794
2027,Codeforces Round 982 (Div. 2),nani29,907,1729960500,1348,1480
2027,Codeforces Round 982 (Div. 2),Sofiatpc,909,1729960500,1565,1631
2027,Codeforces Round 982 (Div. 2),lira.frts,909,1729960500,1336,1472
2027,Codeforces Round 982 (Div. 2),eadr5334,911,1729960500,1597,1654
2027,Codeforces Round 982 (Div. 2),walizamanee,911,1729960500,1638,1684
2027,Codeforces Round 982 (Div. 2),GMgrizo,911,1729960500,1571,1636
2027,Codeforces Round 982 (Div. 2),Deep__Blue,914,1729960500,1621,1671
2027,Codeforces Round 982 (Div. 2),randomshuffle,914,1729960500,1691,1722
2027,Codeforces Round 982 (Div. 2),KushBansal,914,1729960500,1706,1733
2027,Codeforces Round 982 (Div. 2),Logibob,914,1729960500,1724,1746
2027,Codeforces Round 982 (Div. 2),naneosmic,918,1729960500,1822,1818
2027,Codeforces Round 982 (Div. 2),sakshamkaseraa,919,1729960500,1443,1544
2027,Codeforces Round 982 (Div. 2),reidenong,919,1729960500,1554,1623
2027,Codeforces Round 982 (Div. 2),ramanji36,919,1729960500,1312,1514
2027,Codeforces Round 982 (Div. 2),momen159,919,1729960500,1950,1915
2027,Codeforces Round 982 (Div. 2),BehruzSS,919,1729960500,1300,1446
2027,Codeforces Round 982 (Div. 2),AlephZero01,924,1729960500,1774,1782
2027,Codeforces Round 982 (Div. 2),MrBruceWayne,925,1729960500,1508,1590
2027,Codeforces Round 982 (Div. 2),hbg1345,926,1729960500,1579,1640
2027,Codeforces Round 982 (Div. 2),Ench_Lolz,926,1729960500,1833,1826
2027,Codeforces Round 982 (Div. 2),Mr.Perfume,928,1729960500,1824,1819
2027,Codeforces Round 982 (Div. 2),Iris1647,929,1729960500,1761,1773
2027,Codeforces Round 982 (Div. 2),jose_vales,930,1729960500,1842,1832
2027,Codeforces Round 982 (Div. 2),CiKie,931,1729960500,1236,1403
2027,Codeforces Round 982 (Div. 2),Maburb,932,1729960500,1811,1809
2027,Codeforces Round 982 (Div. 2),M_Rana,932,1729960500,1516,1595
2027,Codeforces Round 982 (Div. 2),Wasimur,932,1729960500,1551,1619
2027,Codeforces Round 982 (Div. 2),yoru_sacri,932,1729960500,1757,1769
2027,Codeforces Round 982 (Div. 2),ASB_,936,1729960500,1738,1755
2027,Codeforces Round 982 (Div. 2),Dexter_Moorgan,936,1729960500,1383,1502
2027,Codeforces Round 982 (Div. 2),moonpole,938,1729960500,2063,2000
2027,Codeforces Round 982 (Div. 2),liveworldlike,938,1729960500,1799,1800
2027,Codeforces Round 982 (Div. 2),ChinatsuKano,938,1729960500,1977,1934
2027,Codeforces Round 982 (Div. 2),Vishy1111,941,1729960500,1664,1700
2027,Codeforces Round 982 (Div. 2),varunraj8182,941,1729960500,995,1293
2027,Codeforces Round 982 (Div. 2),stan23456,941,1729960500,2033,1977
2027,Codeforces Round 982 (Div. 2),meowmeow_,941,1729960500,1949,1950
2027,Codeforces Round 982 (Div. 2),M_SQRT,945,1729960500,1763,1773
2027,Codeforces Round 982 (Div. 2),cbdsopa,946,1729960500,1752,1765
2027,Codeforces Round 982 (Div. 2),KnightDark,946,1729960500,1490,1576
2027,Codeforces Round 982 (Div. 2),redoak,948,1729960500,1618,1667
2027,Codeforces Round 982 (Div. 2),_Hridoy_,949,1729960500,1385,1501
2027,Codeforces Round 982 (Div. 2),archit.jain,949,1729960500,1371,1492
2027,Codeforces Round 982 (Div. 2),alternn,949,1729960500,1616,1665
2027,Codeforces Round 982 (Div. 2),starplatinumzawarudo,949,1729960500,1679,1711
2027,Codeforces Round 982 (Div. 2),Saptak3315,953,1729960500,1565,1628
2027,Codeforces Round 982 (Div. 2),CK453,953,1729960500,1096,1342
2027,Codeforces Round 982 (Div. 2),dremlory,953,1729960500,1866,1849
2027,Codeforces Round 982 (Div. 2),AvanRocks,953,1729960500,1741,1756
2027,Codeforces Round 982 (Div. 2),sourav_suku,957,1729960500,1779,1784
2027,Codeforces Round 982 (Div. 2),John314,958,1729960500,1688,1717
2027,Codeforces Round 982 (Div. 2),aayushdhankecha,959,1729960500,1742,1757
2027,Codeforces Round 982 (Div. 2),daud04,959,1729960500,1778,1783
2027,Codeforces Round 982 (Div. 2),AwesomeParrot,959,1729960500,1809,1805
2027,Codeforces Round 982 (Div. 2),H030m0001,962,1729960500,1643,1684
2027,Codeforces Round 982 (Div. 2),verdantgmd,963,1729960500,1433,1534
2027,Codeforces Round 982 (Div. 2),aa008,964,1729960500,1507,1586
2027,Codeforces Round 982 (Div. 2),pizza53,965,1729960500,1824,1817
2027,Codeforces Round 982 (Div. 2),qwsxza,965,1729960500,1499,1580
2027,Codeforces Round 982 (Div. 2),DangHoaiDuc,967,1729960500,1707,1730
2027,Codeforces Round 982 (Div. 2),shark666,967,1729960500,996,1314
2027,Codeforces Round 982 (Div. 2),Austin4.5,967,1729960500,1824,1817
2027,Codeforces Round 982 (Div. 2),Pleitehuenas,970,1729960500,1634,1677
2027,Codeforces Round 982 (Div. 2),coderbd,970,1729960500,1635,1678
2027,Codeforces Round 982 (Div. 2),ibraheemkureshi,970,1729960500,1676,1707
2027,Codeforces Round 982 (Div. 2),Focti20,970,1729960500,1760,1769
2027,Codeforces Round 982 (Div. 2),Necrohades,974,1729960500,1430,1531
2027,Codeforces Round 982 (Div. 2),polsage,974,1729960500,1647,1686
2027,Codeforces Round 982 (Div. 2),LorenzoC,974,1729960500,1701,1725
2027,Codeforces Round 982 (Div. 2),GTGCodes,974,1729960500,1503,1582
2027,Codeforces Round 982 (Div. 2),SP1029,978,1729960500,1668,1701
2027,Codeforces Round 982 (Div. 2),oyasumi_sion,978,1729960500,1387,1501
2027,Codeforces Round 982 (Div. 2),Rabeeeee,980,1729960500,1554,1618
2027,Codeforces Round 982 (Div. 2),Saikat123Dev,981,1729960500,1366,1486
2027,Codeforces Round 982 (Div. 2),pseudorandom_name,981,1729960500,2046,1984
2027,Codeforces Round 982 (Div. 2),pulkit_garg14,981,1729960500,1363,1484
2027,Codeforces Round 982 (Div. 2),ando_copy,984,1729960500,1523,1596
2027,Codeforces Round 982 (Div. 2),Crbubble,984,1729960500,1789,1790
2027,Codeforces Round 982 (Div. 2),I_love_PLBH,986,1729960500,1328,1460
2027,Codeforces Round 982 (Div. 2),Ayuna,986,1729960500,1774,1778
2027,Codeforces Round 982 (Div. 2),txnb,988,1729960500,1542,1610
2027,Codeforces Round 982 (Div. 2),Shahod,989,1729960500,1549,1614
2027,Codeforces Round 982 (Div. 2),bruno.iljazovic,989,1729960500,1838,1825
2027,Codeforces Round 982 (Div. 2),THATS_HOW_LIFE_WORKS,991,1729960500,1686,1713
2027,Codeforces Round 982 (Div. 2),af90k,992,1729960500,1523,1596
2027,Codeforces Round 982 (Div. 2),shubh_197,992,1729960500,1530,1600
2027,Codeforces Round 982 (Div. 2),Hanyu_23,992,1729960500,1629,1671
2027,Codeforces Round 982 (Div. 2),Sabbir.Hasan,995,1729960500,1565,1625
2027,Codeforces Round 982 (Div. 2),smallbrainsovamain1,995,1729960500,1559,1621
2027,Codeforces Round 982 (Div. 2),Mendeke,995,1729960500,1418,1521
2027,Codeforces Round 982 (Div. 2),JucuDynamics,995,1729960500,1541,1608
2027,Codeforces Round 982 (Div. 2),Involve,995,1729960500,1792,1791
2027,Codeforces Round 982 (Div. 2),ow3nLLL,1000,1729960500,1944,1905
2027,Codeforces Round 982 (Div. 2),FugiPig,1000,1729960500,1651,1687
2027,Codeforces Round 982 (Div. 2),Nksp,1000,1729960500,1776,1778
2027,Codeforces Round 982 (Div. 2),Asuka555,1000,1729960500,1150,1341
2027,Codeforces Round 982 (Div. 2),aryanth,1004,1729960500,1673,1702
2027,Codeforces Round 982 (Div. 2),apoorvtandon81,1004,1729960500,1657,1691
2027,Codeforces Round 982 (Div. 2),Seismic_Toss,1004,1729960500,1572,1630
2027,Codeforces Round 982 (Div. 2),anfanite396,1004,1729960500,1887,1861
2027,Codeforces Round 982 (Div. 2),Yuki_B,1004,1729960500,1676,1705
2027,Codeforces Round 982 (Div. 2),antares2262,1009,1729960500,1819,1810
2027,Codeforces Round 982 (Div. 2),iridescent_1024,1009,1729960500,1788,1787
2027,Codeforces Round 982 (Div. 2),SXZZ5,1009,1729960500,1441,1536
2027,Codeforces Round 982 (Div. 2),podgornijehor,1009,1729960500,613,1048
2027,Codeforces Round 982 (Div. 2),teoet6,1013,1729960500,1505,1581
2027,Codeforces Round 982 (Div. 2),Kosya,1014,1729960500,1835,1821
2027,Codeforces Round 982 (Div. 2),_HaTien_,1014,1729960500,1482,1565
2027,Codeforces Round 982 (Div. 2),xingliu,1014,1729960500,1632,1672
2027,Codeforces Round 982 (Div. 2),CUST_GIAO_ZE,1017,1729960500,1615,1660
2027,Codeforces Round 982 (Div. 2),LETTTER,1017,1729960500,1643,1680
2027,Codeforces Round 982 (Div. 2),avighnakc,1017,1729960500,1706,1726
2027,Codeforces Round 982 (Div. 2),RAHUL_MOST,1020,1729960500,1331,1459
2027,Codeforces Round 982 (Div. 2),crispy-tofu,1020,1729960500,1812,1804
2027,Codeforces Round 982 (Div. 2),nyavim,1022,1729960500,1625,1667
2027,Codeforces Round 982 (Div. 2),0xEssam,1023,1729960500,1457,1546
2027,Codeforces Round 982 (Div. 2),shushhh,1023,1729960500,1528,1597
2027,Codeforces Round 982 (Div. 2),ericg,1025,1729960500,1668,1697
2027,Codeforces Round 982 (Div. 2),Amay12,1025,1729960500,1528,1596
2027,Codeforces Round 982 (Div. 2),8pete8,1025,1729960500,1707,1787
2027,Codeforces Round 982 (Div. 2),KindaGoodGames,1028,1729960500,1436,1531
2027,Codeforces Round 982 (Div. 2),avyjit,1028,1729960500,1393,1501
2027,Codeforces Round 982 (Div. 2),sainadhsn,1028,1729960500,1636,1674
2027,Codeforces Round 982 (Div. 2),kodesky,1031,1729960500,1344,1467
2027,Codeforces Round 982 (Div. 2),HenriqueCP,1031,1729960500,1478,1560
2027,Codeforces Round 982 (Div. 2),Rahul_172,1031,1729960500,1751,1758
2027,Codeforces Round 982 (Div. 2),LiFar,1031,1729960500,1565,1622
2027,Codeforces Round 982 (Div. 2),sdmrlh,1035,1729960500,1311,1498
2027,Codeforces Round 982 (Div. 2),Yx_My,1035,1729960500,1594,1643
2027,Codeforces Round 982 (Div. 2),Terror_404,1035,1729960500,1640,1676
2027,Codeforces Round 982 (Div. 2),Patta_gobhi_,1038,1729960500,1695,1716
2027,Codeforces Round 982 (Div. 2),AayushiM,1038,1729960500,1587,1638
2027,Codeforces Round 982 (Div. 2),tir_vlad,1038,1729960500,1417,1573
2027,Codeforces Round 982 (Div. 2),Mathhh,1041,1729960500,1350,1471
2027,Codeforces Round 982 (Div. 2),unarch,1042,1729960500,1621,1662
2027,Codeforces Round 982 (Div. 2),XiaoMo247,1042,1729960500,1735,1745
2027,Codeforces Round 982 (Div. 2),0123456789_2025,1042,1729960500,1812,1802
2027,Codeforces Round 982 (Div. 2),shubhu_279,1042,1729960500,1631,1670
2027,Codeforces Round 982 (Div. 2),khangai11,1046,1729960500,1980,1929
2027,Codeforces Round 982 (Div. 2),giga-bit,1046,1729960500,1883,1856
2027,Codeforces Round 982 (Div. 2),serenipity,1046,1729960500,1551,1611
2027,Codeforces Round 982 (Div. 2),_Equinox,1049,1729960500,1443,1534
2027,Codeforces Round 982 (Div. 2),secondstarr,1049,1729960500,1423,1520
2027,Codeforces Round 982 (Div. 2),yogi3926,1049,1729960500,1617,1659
2027,Codeforces Round 982 (Div. 2),procodgok,1052,1729960500,1706,1724
2027,Codeforces Round 982 (Div. 2),ultraaryan10,1052,1729960500,1639,1675
2027,Codeforces Round 982 (Div. 2),greenbinjack,1054,1729960500,1564,1620
2027,Codeforces Round 982 (Div. 2),sadif609,1054,1729960500,1345,1466
2027,Codeforces Round 982 (Div. 2),4uck_d3v,1054,1729960500,1541,1604
2027,Codeforces Round 982 (Div. 2),Scean_Tong,1057,1729960500,1435,1528
2027,Codeforces Round 982 (Div. 2),dead_pool_4554,1058,1729960500,1073,1287
2027,Codeforces Round 982 (Div. 2),random_213,1058,1729960500,1745,1752
2027,Codeforces Round 982 (Div. 2),saeidanwar,1060,1729960500,1447,1537
2027,Codeforces Round 982 (Div. 2),tomarint,1061,1729960500,1674,1699
2027,Codeforces Round 982 (Div. 2),ninjacoder2209,1062,1729960500,1819,1807
2027,Codeforces Round 982 (Div. 2),shengZzz,1063,1729960500,1480,1560
2027,Codeforces Round 982 (Div. 2),alpha1324,1063,1729960500,1582,1632
2027,Codeforces Round 982 (Div. 2),Adham_Ibrahim,1063,1729960500,1512,1582
2027,Codeforces Round 982 (Div. 2),juneharold,1066,1729960500,1834,1817
2027,Codeforces Round 982 (Div. 2),C0RRECT,1067,1729960500,1893,1862
2027,Codeforces Round 982 (Div. 2),iamaryankr,1068,1729960500,1532,1596
2027,Codeforces Round 982 (Div. 2),NeverMindRating,1068,1729960500,1916,1879
2027,Codeforces Round 982 (Div. 2),omium,1068,1729960500,1522,1589
2027,Codeforces Round 982 (Div. 2),suyasho786,1071,1729960500,1362,1477
2027,Codeforces Round 982 (Div. 2),Lionel_code,1072,1729960500,1531,1595
2027,Codeforces Round 982 (Div. 2),gveli21,1073,1729960500,1289,1427
2027,Codeforces Round 982 (Div. 2),thaakur_,1073,1729960500,1218,1379
2027,Codeforces Round 982 (Div. 2),deuteridayo,1075,1729960500,1902,1868
2027,Codeforces Round 982 (Div. 2),NeeeraJ,1075,1729960500,1769,1768
2027,Codeforces Round 982 (Div. 2),Hashim-Ali,1077,1729960500,1609,1651
2027,Codeforces Round 982 (Div. 2),FakeDuck,1078,1729960500,1801,1792
2027,Codeforces Round 982 (Div. 2),NotRequired,1078,1729960500,1511,1581
2027,Codeforces Round 982 (Div. 2),MR_NoSolution,1078,1729960500,1524,1590
2027,Codeforces Round 982 (Div. 2),Sir-Ahmed-Imran,1081,1729960500,1886,1856
2027,Codeforces Round 982 (Div. 2),lequydon,1081,1729960500,1634,1669
2027,Codeforces Round 982 (Div. 2),patilmanishkishor,1081,1729960500,1295,1430
2027,Codeforces Round 982 (Div. 2),KnightWithSword,1081,1729960500,1293,1429
2027,Codeforces Round 982 (Div. 2),msvardhan19,1085,1729960500,1645,1677
2027,Codeforces Round 982 (Div. 2),SyedSohaib,1085,1729960500,1662,1689
2027,Codeforces Round 982 (Div. 2),shuniko,1085,1729960500,1573,1624
2027,Codeforces Round 982 (Div. 2),AshutoshSingh10,1088,1729960500,1891,1859
2027,Codeforces Round 982 (Div. 2),cyyzzxx,1088,1729960500,1824,1809
2027,Codeforces Round 982 (Div. 2),chicken_BONg_,1090,1729960500,1451,1537
2027,Codeforces Round 982 (Div. 2),scottlv95,1090,1729960500,1787,1781
2027,Codeforces Round 982 (Div. 2),YuvrajSharma,1090,1729960500,1948,1902
2027,Codeforces Round 982 (Div. 2),Luvinz,1093,1729960500,1548,1606
2027,Codeforces Round 982 (Div. 2),TheMarioFan102,1093,1729960500,1530,1593
2027,Codeforces Round 982 (Div. 2),hydra_cody,1095,1729960500,1583,1631
2027,Codeforces Round 982 (Div. 2),FlutterShy.,1095,1729960500,1512,1580
2027,Codeforces Round 982 (Div. 2),nsk_98,1097,1729960500,1598,1642
2027,Codeforces Round 982 (Div. 2),zenlog,1097,1729960500,2081,2004
2027,Codeforces Round 982 (Div. 2),Nuyoah-Yan,1099,1729960500,1731,1739
2027,Codeforces Round 982 (Div. 2),goth,1100,1729960500,899,1235
2027,Codeforces Round 982 (Div. 2),Vedant_Borkar,1100,1729960500,1386,1491
2027,Codeforces Round 982 (Div. 2),Willump1,1102,1729960500,1758,1759
2027,Codeforces Round 982 (Div. 2),kauperwood,1102,1729960500,1739,1745
2027,Codeforces Round 982 (Div. 2),Hackerman278,1104,1729960500,1788,1781
2027,Codeforces Round 982 (Div. 2),Alorithm,1104,1729960500,1666,1691
2027,Codeforces Round 982 (Div. 2),HoneyGupta,1106,1729960500,1591,1636
2027,Codeforces Round 982 (Div. 2),AkTtt,1107,1729960500,1711,1724
2027,Codeforces Round 982 (Div. 2),suprend,1108,1729960500,1877,1847
2027,Codeforces Round 982 (Div. 2),Wuming_shi,1109,1729960500,1746,1749
2027,Codeforces Round 982 (Div. 2),rating_underflow_error,1109,1729960500,1599,1642
2027,Codeforces Round 982 (Div. 2),pufferFishZJ,1109,1729960500,1439,1527
2027,Codeforces Round 982 (Div. 2),Priyanshu_1510,1109,1729960500,1594,1638
2027,Codeforces Round 982 (Div. 2),smallchick_gia,1113,1729960500,1422,1515
2027,Codeforces Round 982 (Div. 2),swapnil159,1113,1729960500,1935,1892
2027,Codeforces Round 982 (Div. 2),_shikhr,1113,1729960500,1287,1422
2027,Codeforces Round 982 (Div. 2),Rafat_Kabir,1116,1729960500,1647,1676
2027,Codeforces Round 982 (Div. 2),AC_bhai_AC,1116,1729960500,1558,1612
2027,Codeforces Round 982 (Div. 2),Sahilence,1118,1729960500,1645,1675
2027,Codeforces Round 982 (Div. 2),kuruluu,1119,1729960500,1739,1743
2027,Codeforces Round 982 (Div. 2),77z77,1119,1729960500,1759,1759
2027,Codeforces Round 982 (Div. 2),bkdn24.IloveDMhiuhiu,1121,1729960500,1676,1697
2027,Codeforces Round 982 (Div. 2),Mohammad.Nour,1122,1729960500,1473,1551
2027,Codeforces Round 982 (Div. 2),AndrewDJ,1122,1729960500,1887,1854
2027,Codeforces Round 982 (Div. 2),Axire,1124,1729960500,1870,1841
2027,Codeforces Round 982 (Div. 2),Elite_D,1124,1729960500,1428,1519
2027,Codeforces Round 982 (Div. 2),Yti_J,1124,1729960500,1478,1589
2027,Codeforces Round 982 (Div. 2),ZoeeoZ,1124,1729960500,1165,1390
2027,Codeforces Round 982 (Div. 2),_Roxy,1128,1729960500,1674,1695
2027,Codeforces Round 982 (Div. 2),br0n,1128,1729960500,1447,1532
2027,Codeforces Round 982 (Div. 2),At7777,1130,1729960500,1718,1727
2027,Codeforces Round 982 (Div. 2),Kiffaz,1130,1729960500,1665,1688
2027,Codeforces Round 982 (Div. 2),hiteshmaurya,1130,1729960500,1775,1769
2027,Codeforces Round 982 (Div. 2),Kushi,1133,1729960500,1493,1564
2027,Codeforces Round 982 (Div. 2),Akhil_09,1133,1729960500,1455,1537
2027,Codeforces Round 982 (Div. 2),AhmedPlusPlus,1133,1729960500,1608,1646
2027,Codeforces Round 982 (Div. 2),tiangua,1133,1729960500,1733,1738
2027,Codeforces Round 982 (Div. 2),somemonkey,1133,1729960500,1617,1653
2027,Codeforces Round 982 (Div. 2),M.Ibrahem,1138,1729960500,1409,1504
2027,Codeforces Round 982 (Div. 2),Mohamed_Waheed,1139,1729960500,1637,1667
2027,Codeforces Round 982 (Div. 2),iamalizaidi,1140,1729960500,1408,1503
2027,Codeforces Round 982 (Div. 2),monui,1140,1729960500,1626,1659
2027,Codeforces Round 982 (Div. 2),keyur03,1140,1729960500,1393,1493
2027,Codeforces Round 982 (Div. 2),Ryukendo_18,1143,1729960500,1417,1510
2027,Codeforces Round 982 (Div. 2),MohammadHijaz,1143,1729960500,1672,1693
2027,Codeforces Round 982 (Div. 2),Inori166,1145,1729960500,1569,1618
2027,Codeforces Round 982 (Div. 2),AST_TheCoder,1145,1729960500,2056,1983
2027,Codeforces Round 982 (Div. 2),Retired_Lixy,1147,1729960500,1700,1713
2027,Codeforces Round 982 (Div. 2),Jingulu,1147,1729960500,1676,1695
2027,Codeforces Round 982 (Div. 2),-brr,1149,1729960500,1489,1560
2027,Codeforces Round 982 (Div. 2),Ruthvik2835,1149,1729960500,1619,1654
2027,Codeforces Round 982 (Div. 2),dark___,1151,1729960500,1674,1694
2027,Codeforces Round 982 (Div. 2),mamion,1151,1729960500,1429,1517
2027,Codeforces Round 982 (Div. 2),BakedBrain,1151,1729960500,1634,1664
2027,Codeforces Round 982 (Div. 2),philipwangovo,1151,1729960500,0,599
2027,Codeforces Round 982 (Div. 2),rishirohilla12,1155,1729960500,1326,1446
2027,Codeforces Round 982 (Div. 2),cemil1234,1155,1729960500,1753,1752
2027,Codeforces Round 982 (Div. 2),kibr,1155,1729960500,1777,1769
2027,Codeforces Round 982 (Div. 2),abc917372,1155,1729960500,1148,1381
2027,Codeforces Round 982 (Div. 2),Lemonana,1159,1729960500,1586,1629
2027,Codeforces Round 982 (Div. 2),fooish,1159,1729960500,1642,1670
2027,Codeforces Round 982 (Div. 2),franchu,1161,1729960500,1859,1831
2027,Codeforces Round 982 (Div. 2),harryb17,1161,1729960500,1735,1738
2027,Codeforces Round 982 (Div. 2),prasadaasneh,1163,1729960500,1787,1776
2027,Codeforces Round 982 (Div. 2),KAZHYI,1163,1729960500,1730,1734
2027,Codeforces Round 982 (Div. 2),Barkaat,1163,1729960500,1528,1587
2027,Codeforces Round 982 (Div. 2),YouKnowMe6207,1166,1729960500,1553,1605
2027,Codeforces Round 982 (Div. 2),shu_900,1166,1729960500,1569,1616
2027,Codeforces Round 982 (Div. 2),BatmanWhoLaughs,1166,1729960500,1334,1450
2027,Codeforces Round 982 (Div. 2),RandomUserTarang,1166,1729960500,1508,1572
2027,Codeforces Round 982 (Div. 2),pranav8,1166,1729960500,1516,1578
2027,Codeforces Round 982 (Div. 2),Karim53,1171,1729960500,1506,1571
2027,Codeforces Round 982 (Div. 2),tw20000807,1171,1729960500,2098,2014
2027,Codeforces Round 982 (Div. 2),FranSkarica,1171,1729960500,1997,1935
2027,Codeforces Round 982 (Div. 2),rawatrohan443,1174,1729960500,1218,1372
2027,Codeforces Round 982 (Div. 2),McLovin6,1174,1729960500,1499,1566
2027,Codeforces Round 982 (Div. 2),pattagobhii,1176,1729960500,1629,1659
2027,Codeforces Round 982 (Div. 2),Rxret,1177,1729960500,1797,1821
2027,Codeforces Round 982 (Div. 2),dAwnnwAb,1178,1729960500,1966,1911
2027,Codeforces Round 982 (Div. 2),Ogloblin,1178,1729960500,1538,1593
2027,Codeforces Round 982 (Div. 2),AR_Nasim,1178,1729960500,1498,1565
2027,Codeforces Round 982 (Div. 2),xrenenena,1181,1729960500,1296,1424
2027,Codeforces Round 982 (Div. 2),HYDRA_RITIK,1181,1729960500,1604,1640
2027,Codeforces Round 982 (Div. 2),Soestx,1181,1729960500,1591,1668
2027,Codeforces Round 982 (Div. 2),scratch,1184,1729960500,1582,1625
2027,Codeforces Round 982 (Div. 2),Deepak_Sujay,1185,1729960500,1704,1714
2027,Codeforces Round 982 (Div. 2),RizzGod,1186,1729960500,1612,1646
2027,Codeforces Round 982 (Div. 2),AKA_icpc,1186,1729960500,1027,1321
2027,Codeforces Round 982 (Div. 2),ortsac,1186,1729960500,1768,1761
2027,Codeforces Round 982 (Div. 2),wangwenhan1,1189,1729960500,1826,1804
2027,Codeforces Round 982 (Div. 2),ricky_ponting,1189,1729960500,1732,1734
2027,Codeforces Round 982 (Div. 2),Mina7akim,1189,1729960500,1792,1778
2027,Codeforces Round 982 (Div. 2),justin_zed,1189,1729960500,2086,2003
2027,Codeforces Round 982 (Div. 2),jiaozic,1189,1729960500,1454,1532
2027,Codeforces Round 982 (Div. 2),ydv_mk77,1189,1729960500,1224,1374
2027,Codeforces Round 982 (Div. 2),rohajrohit,1189,1729960500,1457,1534
2027,Codeforces Round 982 (Div. 2),linnzsc,1196,1729960500,1454,1533
2027,Codeforces Round 982 (Div. 2),itisdevansh,1197,1729960500,1402,1496
2027,Codeforces Round 982 (Div. 2),lq5,1198,1729960500,2012,1946
2027,Codeforces Round 982 (Div. 2),Ras_Vz,1198,1729960500,1853,1825
2027,Codeforces Round 982 (Div. 2),shriyansh20sinha,1200,1729960500,1326,1443
2027,Codeforces Round 982 (Div. 2),ko0g,1200,1729960500,1550,1601
2027,Codeforces Round 982 (Div. 2),DOOMJUICE,1202,1729960500,1617,1649
2027,Codeforces Round 982 (Div. 2),_CrazyForCode_,1203,1729960500,1820,1799
2027,Codeforces Round 982 (Div. 2),23337456,1203,1729960500,1419,1507
2027,Codeforces Round 982 (Div. 2),niranjanrajeev25,1203,1729960500,1652,1674
2027,Codeforces Round 982 (Div. 2),Celes,1206,1729960500,1460,1536
2027,Codeforces Round 982 (Div. 2),Zeeman01,1206,1729960500,1890,1852
2027,Codeforces Round 982 (Div. 2),Dreameclipse,1206,1729960500,1640,1665
2027,Codeforces Round 982 (Div. 2),anil_1,1209,1729960500,1571,1615
2027,Codeforces Round 982 (Div. 2),Mak_05,1210,1729960500,1705,1713
2027,Codeforces Round 982 (Div. 2),MegaUmbreon,1211,1729960500,1685,1698
2027,Codeforces Round 982 (Div. 2),jayantjha1109,1211,1729960500,1752,1747
2027,Codeforces Round 982 (Div. 2),Homulilly,1213,1729960500,1306,1483
2027,Codeforces Round 982 (Div. 2),Mad_Nad,1213,1729960500,1780,1768
2027,Codeforces Round 982 (Div. 2),yunl,1215,1729960500,1620,1650
2027,Codeforces Round 982 (Div. 2),ankan2526,1216,1729960500,1903,1862
2027,Codeforces Round 982 (Div. 2),ppt1524,1216,1729960500,1833,1808
2027,Codeforces Round 982 (Div. 2),Vansh_Sohal,1216,1729960500,1398,1491
2027,Codeforces Round 982 (Div. 2),cmy415,1219,1729960500,1360,1500
2027,Codeforces Round 982 (Div. 2),idfkman,1219,1729960500,1569,1613
2027,Codeforces Round 982 (Div. 2),54snh,1221,1729960500,1879,1843
2027,Codeforces Round 982 (Div. 2),Manav_Shah24,1221,1729960500,1811,1791
2027,Codeforces Round 982 (Div. 2),Egg_Knight,1221,1729960500,1667,1684
2027,Codeforces Round 982 (Div. 2),rakvc456,1224,1729960500,1315,1468
2027,Codeforces Round 982 (Div. 2),ayuxhkumxr22,1225,1729960500,1522,1579
2027,Codeforces Round 982 (Div. 2),__Maksik__,1225,1729960500,1496,1560
2027,Codeforces Round 982 (Div. 2),synthborne,1227,1729960500,1840,1813
2027,Codeforces Round 982 (Div. 2),bramar2,1227,1729960500,1500,1563
2027,Codeforces Round 982 (Div. 2),hjh123445,1227,1729960500,1866,1833
2027,Codeforces Round 982 (Div. 2),psyre,1227,1729960500,1551,1599
2027,Codeforces Round 982 (Div. 2),TheShahnawaz,1231,1729960500,1500,1562
2027,Codeforces Round 982 (Div. 2),harshgarg,1231,1729960500,1487,1553
2027,Codeforces Round 982 (Div. 2),ConstructiveHater,1233,1729960500,1659,1678
2027,Codeforces Round 982 (Div. 2),szj,1234,1729960500,1784,1770
2027,Codeforces Round 982 (Div. 2),suroptimist,1234,1729960500,1868,1834
2027,Codeforces Round 982 (Div. 2),samir4ik,1236,1729960500,1643,1666
2027,Codeforces Round 982 (Div. 2),Modar_Ali,1236,1729960500,1854,1823
2027,Codeforces Round 982 (Div. 2),Mazhiken,1238,1729960500,1524,1580
2027,Codeforces Round 982 (Div. 2),nbnbnbnbnb,1239,1729960500,1541,1592
2027,Codeforces Round 982 (Div. 2),sarode,1240,1729960500,1361,1465
2027,Codeforces Round 982 (Div. 2),Aukotiq,1241,1729960500,1642,1665
2027,Codeforces Round 982 (Div. 2),_lao_ya,1242,1729960500,1827,1802
2027,Codeforces Round 982 (Div. 2),pandeyaryann,1242,1729960500,1200,1388
2027,Codeforces Round 982 (Div. 2),sbr3385,1242,1729960500,1439,1519
2027,Codeforces Round 982 (Div. 2),Rapids,1242,1729960500,1484,1550
2027,Codeforces Round 982 (Div. 2),vbsinha,1246,1729960500,1974,1914
2027,Codeforces Round 982 (Div. 2),Third_Thread,1246,1729960500,1241,1435
2027,Codeforces Round 982 (Div. 2),Anon_chan,1248,1729960500,1676,1689
2027,Codeforces Round 982 (Div. 2),hwy2580,1249,1729960500,1619,1648
2027,Codeforces Round 982 (Div. 2),CuteJerry,1249,1729960500,1667,1683
2027,Codeforces Round 982 (Div. 2),Miki_23,1249,1729960500,1438,1517
2027,Codeforces Round 982 (Div. 2),sabino1,1252,1729960500,1871,1836
2027,Codeforces Round 982 (Div. 2),strikingarrow,1253,1729960500,1574,1615
2027,Codeforces Round 982 (Div. 2),NayemVai,1254,1729960500,1478,1546
2027,Codeforces Round 982 (Div. 2),EbrahimSaad,1255,1729960500,1835,1808
2027,Codeforces Round 982 (Div. 2),TheMaysan,1255,1729960500,1648,1668
2027,Codeforces Round 982 (Div. 2),wangql,1257,1729960500,1341,1449
2027,Codeforces Round 982 (Div. 2),outlander,1258,1729960500,1550,1597
2027,Codeforces Round 982 (Div. 2),Janer,1259,1729960500,1606,1637
2027,Codeforces Round 982 (Div. 2),yokoyama-midori,1259,1729960500,1411,1564
2027,Codeforces Round 982 (Div. 2),GGapa,1259,1729960500,1893,1852
2027,Codeforces Round 982 (Div. 2),Enatsu__8,1259,1729960500,1394,1485
2027,Codeforces Round 982 (Div. 2),Hakunaaa,1259,1729960500,1652,1671
2027,Codeforces Round 982 (Div. 2),sarthakkjha,1264,1729960500,1611,1641
2027,Codeforces Round 982 (Div. 2),Ayanak2004,1264,1729960500,1583,1620
2027,Codeforces Round 982 (Div. 2),WIIEP,1266,1729960500,1505,1564
2027,Codeforces Round 982 (Div. 2),silverfish,1267,1729960500,1794,1776
2027,Codeforces Round 982 (Div. 2),YerzhanU,1267,1729960500,1935,1883
2027,Codeforces Round 982 (Div. 2),blue_clay,1269,1729960500,1541,1589
2027,Codeforces Round 982 (Div. 2),ZROUNDF,1269,1729960500,1617,1645
2027,Codeforces Round 982 (Div. 2),anonymo12,1269,1729960500,1620,1647
2027,Codeforces Round 982 (Div. 2),Yvens,1269,1729960500,1576,1615
2027,Codeforces Round 982 (Div. 2),Dianana,1273,1729960500,1878,1839
2027,Codeforces Round 982 (Div. 2),_Dimpal_,1273,1729960500,1716,1717
2027,Codeforces Round 982 (Div. 2),Hile_Meow,1273,1729960500,2035,1960
2027,Codeforces Round 982 (Div. 2),Max_Mayfield,1273,1729960500,1615,1717
2027,Codeforces Round 982 (Div. 2),rawalevedant,1277,1729960500,1374,1471
2027,Codeforces Round 982 (Div. 2),ItsNikolor,1278,1729960500,1602,1633
2027,Codeforces Round 982 (Div. 2),srujanwadkar13,1278,1729960500,1891,1849
2027,Codeforces Round 982 (Div. 2),amr_abdelazim,1280,1729960500,1776,1761
2027,Codeforces Round 982 (Div. 2),keshvmlik,1280,1729960500,1070,1346
2027,Codeforces Round 982 (Div. 2),3rrSensei,1282,1729960500,1616,1643
2027,Codeforces Round 982 (Div. 2),BlueBlue,1282,1729960500,1772,1759
2027,Codeforces Round 982 (Div. 2),heavenly_principles,1282,1729960500,1647,1666
2027,Codeforces Round 982 (Div. 2),Iroha_3856,1285,1729960500,0,591
2027,Codeforces Round 982 (Div. 2),ZnPdCo,1285,1729960500,1099,1367
2027,Codeforces Round 982 (Div. 2),LLightt,1285,1729960500,1330,1440
2027,Codeforces Round 982 (Div. 2),ravi_2009,1288,1729960500,1417,1501
2027,Codeforces Round 982 (Div. 2),rainy_,1288,1729960500,1407,1493
2027,Codeforces Round 982 (Div. 2),dmitriy48,1288,1729960500,1575,1614
2027,Codeforces Round 982 (Div. 2),vandalcrime2,1291,1729960500,1443,1519
2027,Codeforces Round 982 (Div. 2),DanRan02,1291,1729960500,1408,1494
2027,Codeforces Round 982 (Div. 2),mzhao,1293,1729960500,1640,1660
2027,Codeforces Round 982 (Div. 2),vedantjain29,1293,1729960500,1772,1758
2027,Codeforces Round 982 (Div. 2),vinh1e2kg,1295,1729960500,1589,1623
2027,Codeforces Round 982 (Div. 2),premsukh_2510,1295,1729960500,1644,1664
2027,Codeforces Round 982 (Div. 2),vikram108,1297,1729960500,1794,1774
2027,Codeforces Round 982 (Div. 2),0xarmin,1298,1729960500,1850,1817
2027,Codeforces Round 982 (Div. 2),TAIYANGFENG,1299,1729960500,2087,1999
2027,Codeforces Round 982 (Div. 2),kinji_hakari,1300,1729960500,1598,1629
2027,Codeforces Round 982 (Div. 2),laspinko,1300,1729960500,1828,1800
2027,Codeforces Round 982 (Div. 2),SLastChance,1302,1729960500,1517,1571
2027,Codeforces Round 982 (Div. 2),lmj,1303,1729960500,1689,1696
2027,Codeforces Round 982 (Div. 2),jai_hanumant,1304,1729960500,1504,1561
2027,Codeforces Round 982 (Div. 2),kaysan,1305,1729960500,1542,1588
2027,Codeforces Round 982 (Div. 2),pajju04,1305,1729960500,1743,1736
2027,Codeforces Round 982 (Div. 2),3c_273,1307,1729960500,1418,1500
2027,Codeforces Round 982 (Div. 2),chinawcp,1308,1729960500,1647,1665
2027,Codeforces Round 982 (Div. 2),prefix_sum,1309,1729960500,1696,1701
2027,Codeforces Round 982 (Div. 2),xfp_17,1309,1729960500,1437,1513
2027,Codeforces Round 982 (Div. 2),Emailam,1311,1729960500,1561,1602
2027,Codeforces Round 982 (Div. 2),diya0131,1311,1729960500,1751,1741
2027,Codeforces Round 982 (Div. 2),BiNARyBeastt,1311,1729960500,1709,1710
2027,Codeforces Round 982 (Div. 2),AgOH,1314,1729960500,1888,1845
2027,Codeforces Round 982 (Div. 2),wincat,1314,1729960500,1303,1482
2027,Codeforces Round 982 (Div. 2),TheRedMoon,1314,1729960500,1588,1621
2027,Codeforces Round 982 (Div. 2),null0124,1317,1729960500,1695,1700
2027,Codeforces Round 982 (Div. 2),figure_yang,1318,1729960500,1712,1712
2027,Codeforces Round 982 (Div. 2),alyalnmr,1318,1729960500,1389,1479
2027,Codeforces Round 982 (Div. 2),E.M.T,1320,1729960500,1691,1696
2027,Codeforces Round 982 (Div. 2),mathworker21,1320,1729960500,1630,1652
2027,Codeforces Round 982 (Div. 2),hsz2009,1320,1729960500,1440,1572
2027,Codeforces Round 982 (Div. 2),ganta.jashu,1323,1729960500,1461,1529
2027,Codeforces Round 982 (Div. 2),Graduation,1323,1729960500,1437,1512
2027,Codeforces Round 982 (Div. 2),tapish32,1323,1729960500,1676,1685
2027,Codeforces Round 982 (Div. 2),rshohruh,1323,1729960500,1520,1571
2027,Codeforces Round 982 (Div. 2),chronobox,1323,1729960500,1510,1564
2027,Codeforces Round 982 (Div. 2),luis01qs,1328,1729960500,1587,1620
2027,Codeforces Round 982 (Div. 2),kxb75,1329,1729960500,1957,1897
2027,Codeforces Round 982 (Div. 2),byebye10000,1330,1729960500,1678,1686
2027,Codeforces Round 982 (Div. 2),AlexJzG,1331,1729960500,1621,1644
2027,Codeforces Round 982 (Div. 2),Artist04,1331,1729960500,1696,1700
2027,Codeforces Round 982 (Div. 2),DallashSmurf,1333,1729960500,1380,1472
2027,Codeforces Round 982 (Div. 2),2O30,1333,1729960500,942,1250
2027,Codeforces Round 982 (Div. 2),void_09,1333,1729960500,1363,1460
2027,Codeforces Round 982 (Div. 2),ViscaBarca,1333,1729960500,1705,1706
2027,Codeforces Round 982 (Div. 2),Aman_star,1337,1729960500,1658,1672
2027,Codeforces Round 982 (Div. 2),EslamSamy2002,1338,1729960500,1453,1523
2027,Codeforces Round 982 (Div. 2),i3mr125,1339,1729960500,1529,1577
2027,Codeforces Round 982 (Div. 2),sumanth_Bobby,1340,1729960500,1585,1618
2027,Codeforces Round 982 (Div. 2),Ahad_18,1340,1729960500,1541,1585
2027,Codeforces Round 982 (Div. 2),ebofan,1342,1729960500,1754,1742
2027,Codeforces Round 982 (Div. 2),Astroid_Destroyer,1342,1729960500,1349,1449
2027,Codeforces Round 982 (Div. 2),vivan_01,1342,1729960500,1639,1657
2027,Codeforces Round 982 (Div. 2),shivamgupta15347,1342,1729960500,1701,1703
2027,Codeforces Round 982 (Div. 2),Jahshahauskdmw,1342,1729960500,1585,1617
2027,Codeforces Round 982 (Div. 2),quanpk07,1347,1729960500,1534,1580
2027,Codeforces Round 982 (Div. 2),dangiyatharth9,1348,1729960500,1789,1768
2027,Codeforces Round 982 (Div. 2),Antivenom10,1348,1729960500,1536,1582
2027,Codeforces Round 982 (Div. 2),LlLlCc,1350,1729960500,1794,1772
2027,Codeforces Round 982 (Div. 2),pugong,1350,1729960500,1511,1564
2027,Codeforces Round 982 (Div. 2),arjunKunwar,1352,1729960500,1575,1610
2027,Codeforces Round 982 (Div. 2),ankitkundu837,1353,1729960500,1518,1568
2027,Codeforces Round 982 (Div. 2),mcuadros,1353,1729960500,1601,1629
2027,Codeforces Round 982 (Div. 2),amirhozaifa,1355,1729960500,1683,1689
2027,Codeforces Round 982 (Div. 2),achyut88,1355,1729960500,1509,1562
2027,Codeforces Round 982 (Div. 2),cogarik222,1357,1729960500,0,587
2027,Codeforces Round 982 (Div. 2),MartenSip,1358,1729960500,1490,1548
2027,Codeforces Round 982 (Div. 2),A_M_Namdar,1358,1729960500,1838,1805
2027,Codeforces Round 982 (Div. 2),0I0acOJleHbKa,1360,1729960500,1822,1793
2027,Codeforces Round 982 (Div. 2),DarLam,1360,1729960500,1908,1858
2027,Codeforces Round 982 (Div. 2),AnkushDeshmukh,1360,1729960500,1436,1509
2027,Codeforces Round 982 (Div. 2),aftab_AFZAL,1363,1729960500,1365,1459
2027,Codeforces Round 982 (Div. 2),JohanXLiebert,1363,1729960500,1510,1562
2027,Codeforces Round 982 (Div. 2),Carousel,1365,1729960500,1752,1739
2027,Codeforces Round 982 (Div. 2),X_01,1366,1729960500,1404,1487
2027,Codeforces Round 982 (Div. 2),shraddha__gulati,1367,1729960500,1302,1416
2027,Codeforces Round 982 (Div. 2),quynhit,1367,1729960500,1416,1495
2027,Codeforces Round 982 (Div. 2),-3en_7oras-,1367,1729960500,1942,1884
2027,Codeforces Round 982 (Div. 2),Grumpy_Tucker3,1370,1729960500,1243,1375
2027,Codeforces Round 982 (Div. 2),Aditya__iit,1370,1729960500,1105,1285
2027,Codeforces Round 982 (Div. 2),nikile,1372,1729960500,1415,1494
2027,Codeforces Round 982 (Div. 2),thundersmoker,1372,1729960500,1494,1550
2027,Codeforces Round 982 (Div. 2),krishnagopal2004,1372,1729960500,1541,1584
2027,Codeforces Round 982 (Div. 2),AlimkhanMeshok,1372,1729960500,1622,1643
2027,Codeforces Round 982 (Div. 2),vlk0,1376,1729960500,1766,1749
2027,Codeforces Round 982 (Div. 2),satwik12345,1377,1729960500,1406,1488
2027,Codeforces Round 982 (Div. 2),somanaik,1377,1729960500,1558,1596
2027,Codeforces Round 982 (Div. 2),Horka,1379,1729960500,1914,1862
2027,Codeforces Round 982 (Div. 2),Light_007,1380,1729960500,1346,1445
2027,Codeforces Round 982 (Div. 2),apt_dpd,1380,1729960500,1684,1688
2027,Codeforces Round 982 (Div. 2),huanjua,1380,1729960500,1668,1677
2027,Codeforces Round 982 (Div. 2),Poliker,1383,1729960500,1640,1655
2027,Codeforces Round 982 (Div. 2),ns0,1383,1729960500,1468,1531
2027,Codeforces Round 982 (Div. 2),Konchi_Babaa__,1385,1729960500,1334,1437
2027,Codeforces Round 982 (Div. 2),wizzz,1385,1729960500,1475,1536
2027,Codeforces Round 982 (Div. 2),vg18,1385,1729960500,1552,1591
2027,Codeforces Round 982 (Div. 2),ak47kumaradarsh,1388,1729960500,849,1130
2027,Codeforces Round 982 (Div. 2),Caspian_blood,1389,1729960500,1391,1511
2027,Codeforces Round 982 (Div. 2),catastrophic18,1389,1729960500,1687,1690
2027,Codeforces Round 982 (Div. 2),uppercut,1391,1729960500,1632,1649
2027,Codeforces Round 982 (Div. 2),jomathyc,1391,1729960500,1502,1555
2027,Codeforces Round 982 (Div. 2),bhanuteja_08,1393,1729960500,1414,1492
2027,Codeforces Round 982 (Div. 2),KCL108,1393,1729960500,1722,1716
2027,Codeforces Round 982 (Div. 2),aditya888,1395,1729960500,1311,1420
2027,Codeforces Round 982 (Div. 2),GrayNextCentury,1396,1729960500,1354,1450
2027,Codeforces Round 982 (Div. 2),britishcat,1396,1729960500,1770,1751
2027,Codeforces Round 982 (Div. 2),angad_2002,1398,1729960500,1242,1373
2027,Codeforces Round 982 (Div. 2),qhyer,1399,1729960500,1678,1683
2027,Codeforces Round 982 (Div. 2),mohit_dua,1400,1729960500,1567,1602
2027,Codeforces Round 982 (Div. 2),2750884426,1400,1729960500,1741,1729
2027,Codeforces Round 982 (Div. 2),juruo_stl,1402,1729960500,1639,1654
2027,Codeforces Round 982 (Div. 2),ashKs,1403,1729960500,1339,1439
2027,Codeforces Round 982 (Div. 2),starting_from_zero,1403,1729960500,1093,1327
2027,Codeforces Round 982 (Div. 2),YZRun,1405,1729960500,1597,1623
2027,Codeforces Round 982 (Div. 2),wangjunchao,1405,1729960500,1664,1672
2027,Codeforces Round 982 (Div. 2),Amrkhaled1,1405,1729960500,1388,1473
2027,Codeforces Round 982 (Div. 2),TsotneSV,1408,1729960500,1711,1707
2027,Codeforces Round 982 (Div. 2),ayush09316,1408,1729960500,1453,1519
2027,Codeforces Round 982 (Div. 2),LoopHero,1410,1729960500,1913,1859
2027,Codeforces Round 982 (Div. 2),notNafis,1411,1729960500,1502,1553
2027,Codeforces Round 982 (Div. 2),Rem_,1412,1729960500,1564,1598
2027,Codeforces Round 982 (Div. 2),ttluczek,1412,1729960500,1532,1575
2027,Codeforces Round 982 (Div. 2),IceSerpent,1414,1729960500,1780,1758
2027,Codeforces Round 982 (Div. 2),whn,1414,1729960500,1935,1876
2027,Codeforces Round 982 (Div. 2),enjoyerist,1416,1729960500,1473,1533
2027,Codeforces Round 982 (Div. 2),Zass11,1417,1729960500,1580,1610
2027,Codeforces Round 982 (Div. 2),vats_cf,1417,1729960500,1535,1577
2027,Codeforces Round 982 (Div. 2),Gaurav834,1419,1729960500,1398,1479
2027,Codeforces Round 982 (Div. 2),SecondWave,1420,1729960500,1573,1605
2027,Codeforces Round 982 (Div. 2),addnine,1421,1729960500,1625,1643
2027,Codeforces Round 982 (Div. 2),shubh_aps,1422,1729960500,1620,1639
2027,Codeforces Round 982 (Div. 2),onlytrall,1423,1729960500,1942,1881
2027,Codeforces Round 982 (Div. 2),Shibi2,1424,1729960500,1308,1416
2027,Codeforces Round 982 (Div. 2),TheRoadLessTaken,1425,1729960500,1262,1385
2027,Codeforces Round 982 (Div. 2),alwaysCE,1425,1729960500,1533,1575
2027,Codeforces Round 982 (Div. 2),i24,1425,1729960500,1634,1649
2027,Codeforces Round 982 (Div. 2),cooluo,1428,1729960500,1593,1619
2027,Codeforces Round 982 (Div. 2),FilipL,1429,1729960500,1876,1830
2027,Codeforces Round 982 (Div. 2),fanhuaxingyu,1429,1729960500,1796,1769
2027,Codeforces Round 982 (Div. 2),han_ser,1431,1729960500,1363,1454
2027,Codeforces Round 982 (Div. 2),BlueCrowner,1432,1729960500,1490,1544
2027,Codeforces Round 982 (Div. 2),TheSensei,1433,1729960500,1495,1547
2027,Codeforces Round 982 (Div. 2),abhinavgangil,1434,1729960500,1578,1607
2027,Codeforces Round 982 (Div. 2),CS_17,1434,1729960500,1469,1529
2027,Codeforces Round 982 (Div. 2),Chandupatla_Abhinav,1434,1729960500,1366,1456
2027,Codeforces Round 982 (Div. 2),rankCrusher,1434,1729960500,0,582
2027,Codeforces Round 982 (Div. 2),Surge568,1438,1729960500,1523,1567
2027,Codeforces Round 982 (Div. 2),apricity,1439,1729960500,1703,1700
2027,Codeforces Round 982 (Div. 2),2200170080,1440,1729960500,1493,1546
2027,Codeforces Round 982 (Div. 2),hombrecito2580,1440,1729960500,1564,1597
2027,Codeforces Round 982 (Div. 2),pagemrw,1442,1729960500,1182,1364
2027,Codeforces Round 982 (Div. 2),shiroiuso,1442,1729960500,0,582
2027,Codeforces Round 982 (Div. 2),mateberishvili,1444,1729960500,1663,1669
2027,Codeforces Round 982 (Div. 2),also_hr9,1445,1729960500,1495,1583
2027,Codeforces Round 982 (Div. 2),pantom,1446,1729960500,1815,1783
2027,Codeforces Round 982 (Div. 2),anuj31032001,1446,1729960500,1376,1462
2027,Codeforces Round 982 (Div. 2),heckervn,1448,1729960500,1305,1413
2027,Codeforces Round 982 (Div. 2),Padlovarish,1448,1729960500,1464,1524
2027,Codeforces Round 982 (Div. 2),chuangsheep,1450,1729960500,1652,1661
2027,Codeforces Round 982 (Div. 2),X_xp,1451,1729960500,1507,1555
2027,Codeforces Round 982 (Div. 2),sungjae0506,1451,1729960500,1662,1668
2027,Codeforces Round 982 (Div. 2),18310303612,1453,1729960500,1097,1275
2027,Codeforces Round 982 (Div. 2),HCandMaSoon,1453,1729960500,1690,1689
2027,Codeforces Round 982 (Div. 2),Ami_01,1453,1729960500,1314,1419
2027,Codeforces Round 982 (Div. 2),patriapra,1456,1729960500,1487,1541
2027,Codeforces Round 982 (Div. 2),Damoonmah,1457,1729960500,1634,1647
2027,Codeforces Round 982 (Div. 2),congege,1457,1729960500,1495,1546
2027,Codeforces Round 982 (Div. 2),ngmtuan,1459,1729960500,1833,1796
2027,Codeforces Round 982 (Div. 2),521289,1460,1729960500,0,581
2027,Codeforces Round 982 (Div. 2),blablabla1803,1461,1729960500,1577,1605
2027,Codeforces Round 982 (Div. 2),ddpigeon,1461,1729960500,1473,1531
2027,Codeforces Round 982 (Div. 2),tejas.sharma.1729,1463,1729960500,571,979
2027,Codeforces Round 982 (Div. 2),ColobocCodeforces,1464,1729960500,1859,1815
2027,Codeforces Round 982 (Div. 2),non_fried_chips,1464,1729960500,1437,1504
2027,Codeforces Round 982 (Div. 2),sweetwibu2k8,1464,1729960500,1491,1543
2027,Codeforces Round 982 (Div. 2),caiwen,1464,1729960500,1504,1552
2027,Codeforces Round 982 (Div. 2),daniklol392,1464,1729960500,1074,1291
2027,Codeforces Round 982 (Div. 2),NeikuiColacat,1469,1729960500,1488,1541
2027,Codeforces Round 982 (Div. 2),ideservebetter,1470,1729960500,1590,1614
2027,Codeforces Round 982 (Div. 2),petsernik,1470,1729960500,1460,1520
2027,Codeforces Round 982 (Div. 2),nguyenkhangninh99,1470,1729960500,1457,1518
2027,Codeforces Round 982 (Div. 2),008-Issa-Kuanish-2028,1470,1729960500,1312,1416
2027,Codeforces Round 982 (Div. 2),Short_Bit,1474,1729960500,1792,1764
2027,Codeforces Round 982 (Div. 2),donpaul2718,1474,1729960500,1483,1537
2027,Codeforces Round 982 (Div. 2),ram_2141,1474,1729960500,1595,1617
2027,Codeforces Round 982 (Div. 2),TheDefeatedOne,1474,1729960500,1165,1317
2027,Codeforces Round 982 (Div. 2),italianDefence,1474,1729960500,1705,1699
2027,Codeforces Round 982 (Div. 2),razoncdr,1479,1729960500,1453,1515
2027,Codeforces Round 982 (Div. 2),Hardy_Lee,1480,1729960500,1953,1887
2027,Codeforces Round 982 (Div. 2),_Underrated_,1481,1729960500,724,1090
2027,Codeforces Round 982 (Div. 2),Muhammadali009,1482,1729960500,1540,1577
2027,Codeforces Round 982 (Div. 2),vidux,1482,1729960500,1505,1552
2027,Codeforces Round 982 (Div. 2),OgradL,1484,1729960500,1746,1729
2027,Codeforces Round 982 (Div. 2),pranav_2005,1484,1729960500,1417,1489
2027,Codeforces Round 982 (Div. 2),Alenygam,1486,1729960500,1422,1493
2027,Codeforces Round 982 (Div. 2),majhiswadhin808,1486,1729960500,1547,1583
2027,Codeforces Round 982 (Div. 2),hnust_huangjiaxing,1488,1729960500,1683,1682
2027,Codeforces Round 982 (Div. 2),Empty_is,1488,1729960500,1431,1499
2027,Codeforces Round 982 (Div. 2),cheng-jian,1490,1729960500,1549,1584
2027,Codeforces Round 982 (Div. 2),alexxey,1490,1729960500,1511,1556
2027,Codeforces Round 982 (Div. 2),Lin1991122,1492,1729960500,1915,1857
2027,Codeforces Round 982 (Div. 2),abkibaarcmpaar1900,1493,1729960500,886,1180
2027,Codeforces Round 982 (Div. 2),parthido,1494,1729960500,1400,1477
2027,Codeforces Round 982 (Div. 2),titan_2,1495,1729960500,1431,1499
2027,Codeforces Round 982 (Div. 2),doyo,1496,1729960500,1628,1641
2027,Codeforces Round 982 (Div. 2),worthytacos,1497,1729960500,1669,1671
2027,Codeforces Round 982 (Div. 2),XIAOyang4,1497,1729960500,1511,1556
2027,Codeforces Round 982 (Div. 2),if_test_AC,1499,1729960500,1607,1625
2027,Codeforces Round 982 (Div. 2),sai_surya-talla123,1499,1729960500,1256,1377
2027,Codeforces Round 982 (Div. 2),poat,1499,1729960500,1501,1548
2027,Codeforces Round 982 (Div. 2),Satrpx,1502,1729960500,1740,1724
2027,Codeforces Round 982 (Div. 2),geckods,1502,1729960500,1768,1746
2027,Codeforces Round 982 (Div. 2),UBory,1504,1729960500,1954,1887
2027,Codeforces Round 982 (Div. 2),.-__-.,1504,1729960500,1712,1703
2027,Codeforces Round 982 (Div. 2),uffff,1504,1729960500,1425,1494
2027,Codeforces Round 982 (Div. 2),liut,1504,1729960500,1611,1628
2027,Codeforces Round 982 (Div. 2),karasuno_10,1508,1729960500,1354,1479
2027,Codeforces Round 982 (Div. 2),456niketkumar,1508,1729960500,1439,1503
2027,Codeforces Round 982 (Div. 2),neal27,1510,1729960500,1529,1568
2027,Codeforces Round 982 (Div. 2),Brighton7,1511,1729960500,529,946
2027,Codeforces Round 982 (Div. 2),loki_shloki,1512,1729960500,1508,1552
2027,Codeforces Round 982 (Div. 2),no_mind,1513,1729960500,1823,1787
2027,Codeforces Round 982 (Div. 2),AbelDE,1514,1729960500,1551,1583
2027,Codeforces Round 982 (Div. 2),conjectureguy,1514,1729960500,1847,1804
2027,Codeforces Round 982 (Div. 2),-Raspberry-,1516,1729960500,0,578
2027,Codeforces Round 982 (Div. 2),oliverpanda_,1517,1729960500,1491,1541
2027,Codeforces Round 982 (Div. 2),tanishk_gpt,1517,1729960500,1303,1408
2027,Codeforces Round 982 (Div. 2),Kirlos_Nabil,1519,1729960500,1756,1735
2027,Codeforces Round 982 (Div. 2),nooooob_IbRaHiM2,1520,1729960500,1481,1533
2027,Codeforces Round 982 (Div. 2),BoltzZ,1521,1729960500,1866,1819
2027,Codeforces Round 982 (Div. 2),hqhlxj,1521,1729960500,1543,1578
2027,Codeforces Round 982 (Div. 2),re0hg,1521,1729960500,1412,1484
2027,Codeforces Round 982 (Div. 2),MohammadMx,1524,1729960500,1944,1878
2027,Codeforces Round 982 (Div. 2),grandfather,1524,1729960500,1491,1540
2027,Codeforces Round 982 (Div. 2),wangmarui,1526,1729960500,1966,1895
2027,Codeforces Round 982 (Div. 2),Honerad,1526,1729960500,1562,1591
2027,Codeforces Round 982 (Div. 2),AnkurGupta04,1528,1729960500,1654,1696
2027,Codeforces Round 982 (Div. 2),densainhoi,1529,1729960500,1049,1240
2027,Codeforces Round 982 (Div. 2),dinskid,1529,1729960500,1599,1618
2027,Codeforces Round 982 (Div. 2),_WD_,1531,1729960500,1774,1749
2027,Codeforces Round 982 (Div. 2),Cheeseman,1532,1729960500,1670,1670
2027,Codeforces Round 982 (Div. 2),Manjeet_Pathak,1533,1729960500,1332,1427
2027,Codeforces Round 982 (Div. 2),aggarwalshivam,1534,1729960500,1203,1339
2027,Codeforces Round 982 (Div. 2),Enamul_Hasan85,1535,1729960500,1510,1553
2027,Codeforces Round 982 (Div. 2),_Poltergeist_,1535,1729960500,1669,1669
2027,Codeforces Round 982 (Div. 2),Pranjuuu,1537,1729960500,1162,1312
2027,Codeforces Round 982 (Div. 2),Soltane,1538,1729960500,1700,1693
2027,Codeforces Round 982 (Div. 2),new_li,1539,1729960500,1762,1739
2027,Codeforces Round 982 (Div. 2),MaxKon,1540,1729960500,1674,1673
2027,Codeforces Round 982 (Div. 2),ankangarai,1541,1729960500,1494,1541
2027,Codeforces Round 982 (Div. 2),jsonfoant,1541,1729960500,1705,1696
2027,Codeforces Round 982 (Div. 2),Jaydatt.,1541,1729960500,1627,1638
2027,Codeforces Round 982 (Div. 2),Crystal11101,1544,1729960500,1509,1552
2027,Codeforces Round 982 (Div. 2),monthudorff,1545,1729960500,1776,1749
2027,Codeforces Round 982 (Div. 2),Ganesh12433,1546,1729960500,498,922
2027,Codeforces Round 982 (Div. 2),deepanshusau,1547,1729960500,1668,1668
2027,Codeforces Round 982 (Div. 2),SajidZakaria,1548,1729960500,1855,1809
2027,Codeforces Round 982 (Div. 2),shengdanbucuo,1548,1729960500,1797,1765
2027,Codeforces Round 982 (Div. 2),RebibeMeJett,1550,1729960500,1406,1478
2027,Codeforces Round 982 (Div. 2),amzngNbdy24,1550,1729960500,1515,1556
2027,Codeforces Round 982 (Div. 2),Euphoria_07,1550,1729960500,1904,1846
2027,Codeforces Round 982 (Div. 2),Aquarius_11,1553,1729960500,1565,1592
2027,Codeforces Round 982 (Div. 2),lazymystic,1554,1729960500,1446,1506
2027,Codeforces Round 982 (Div. 2),Fahad06,1554,1729960500,1187,1327
2027,Codeforces Round 982 (Div. 2),Circling,1556,1729960500,2041,1952
2027,Codeforces Round 982 (Div. 2),pranitrai07,1556,1729960500,1671,1670
2027,Codeforces Round 982 (Div. 2),tao_bo_tuc,1556,1729960500,0,576
2027,Codeforces Round 982 (Div. 2),GusavoIsYou,1559,1729960500,1764,1739
2027,Codeforces Round 982 (Div. 2),akash_s29,1560,1729960500,1581,1603
2027,Codeforces Round 982 (Div. 2),Raju_3,1561,1729960500,1735,1717
2027,Codeforces Round 982 (Div. 2),pwkazn,1562,1729960500,1452,1546
2027,Codeforces Round 982 (Div. 2),Shaykat_The_Great,1563,1729960500,1664,1664
2027,Codeforces Round 982 (Div. 2),Tanzim_bn,1564,1729960500,1710,1699
2027,Codeforces Round 982 (Div. 2),Rating_10101010,1565,1729960500,1665,1665
2027,Codeforces Round 982 (Div. 2),NS.One8,1565,1729960500,1666,1666
2027,Codeforces Round 982 (Div. 2),zheqing,1567,1729960500,1670,1669
2027,Codeforces Round 982 (Div. 2),Neeki,1568,1729960500,1766,1741
2027,Codeforces Round 982 (Div. 2),shivang_04,1568,1729960500,1569,1631
2027,Codeforces Round 982 (Div. 2),daotuankhoi,1570,1729960500,1424,1490
2027,Codeforces Round 982 (Div. 2),TRollingHash,1571,1729960500,1549,1580
2027,Codeforces Round 982 (Div. 2),LRC11,1572,1729960500,1776,1748
2027,Codeforces Round 982 (Div. 2),Kotoha,1573,1729960500,1542,1574
2027,Codeforces Round 982 (Div. 2),iN_siDious,1574,1729960500,1678,1675
2027,Codeforces Round 982 (Div. 2),farhan95104,1575,1729960500,1380,1459
2027,Codeforces Round 982 (Div. 2),nathjess,1576,1729960500,1754,1731
2027,Codeforces Round 982 (Div. 2),TsunamiNoLetGo,1577,1729960500,2018,1934
2027,Codeforces Round 982 (Div. 2),KKT_89,1577,1729960500,1831,1789
2027,Codeforces Round 982 (Div. 2),ashuthe1x,1579,1729960500,1484,1532
2027,Codeforces Round 982 (Div. 2),1champgwen,1580,1729960500,1826,1786
2027,Codeforces Round 982 (Div. 2),aman0037,1581,1729960500,1593,1611
2027,Codeforces Round 982 (Div. 2),LightningFury,1582,1729960500,1518,1557
2027,Codeforces Round 982 (Div. 2),rose_DKY,1583,1729960500,1622,1632
2027,Codeforces Round 982 (Div. 2),nzo,1584,1729960500,1917,1855
2027,Codeforces Round 982 (Div. 2),LightGran,1584,1729960500,1573,1657
2027,Codeforces Round 982 (Div. 2),coder3000,1586,1729960500,1680,1675
2027,Codeforces Round 982 (Div. 2),kDotReal,1587,1729960500,1659,1660
2027,Codeforces Round 982 (Div. 2),Suvrat6,1588,1729960500,1695,1686
2027,Codeforces Round 982 (Div. 2),devansh_p6,1588,1729960500,1441,1500
2027,Codeforces Round 982 (Div. 2),tojifushiguro,1588,1729960500,1416,1483
2027,Codeforces Round 982 (Div. 2),karthi222528,1591,1729960500,1835,1792
2027,Codeforces Round 982 (Div. 2),chikel,1592,1729960500,1778,1749
2027,Codeforces Round 982 (Div. 2),pedrolino,1593,1729960500,1622,1632
2027,Codeforces Round 982 (Div. 2),satyam533patel,1594,1729960500,1668,1666
2027,Codeforces Round 982 (Div. 2),_Ore_,1594,1729960500,1925,1861
2027,Codeforces Round 982 (Div. 2),dkvg_77,1596,1729960500,1667,1665
2027,Codeforces Round 982 (Div. 2),tonyu0,1597,1729960500,1574,1597
2027,Codeforces Round 982 (Div. 2),LKV0429,1598,1729960500,1482,1566
2027,Codeforces Round 982 (Div. 2),your_yyc,1598,1729960500,1641,1646
2027,Codeforces Round 982 (Div. 2),ak2k8,1600,1729960500,1616,1627
2027,Codeforces Round 982 (Div. 2),singh_ujjain07,1601,1729960500,1503,1544
2027,Codeforces Round 982 (Div. 2),gdrw_long,1602,1729960500,1527,1562
2027,Codeforces Round 982 (Div. 2),nguyhoangphu,1603,1729960500,1420,1521
2027,Codeforces Round 982 (Div. 2),PonyHex_,1604,1729960500,1509,1549
2027,Codeforces Round 982 (Div. 2),ankitbansal17,1605,1729960500,1378,1455
2027,Codeforces Round 982 (Div. 2),bkaurav,1606,1729960500,965,1184
2027,Codeforces Round 982 (Div. 2),Ishannnn,1607,1729960500,1553,1581
2027,Codeforces Round 982 (Div. 2),TimurKul,1608,1729960500,1561,1586
2027,Codeforces Round 982 (Div. 2),dorjderem,1609,1729960500,1585,1604
2027,Codeforces Round 982 (Div. 2),1443356159,1609,1729960500,1968,1893
2027,Codeforces Round 982 (Div. 2),klimin,1611,1729960500,1389,1462
2027,Codeforces Round 982 (Div. 2),marcos07,1612,1729960500,1543,1573
2027,Codeforces Round 982 (Div. 2),Demon1111,1613,1729960500,1632,1638
2027,Codeforces Round 982 (Div. 2),MrLolthe1st,1614,1729960500,1791,1758
2027,Codeforces Round 982 (Div. 2),IR101,1615,1729960500,1616,1627
2027,Codeforces Round 982 (Div. 2),The_Sandeep_22,1616,1729960500,1698,1687
2027,Codeforces Round 982 (Div. 2),insane_dexterity,1617,1729960500,0,573
2027,Codeforces Round 982 (Div. 2),kyuukyuusha,1618,1729960500,1838,1793
2027,Codeforces Round 982 (Div. 2),DavidKushner,1618,1729960500,1476,1524
2027,Codeforces Round 982 (Div. 2),duyngadocton,1620,1729960500,1360,1442
2027,Codeforces Round 982 (Div. 2),spajzmand,1621,1729960500,1512,1550
2027,Codeforces Round 982 (Div. 2),FlyingLamb,1621,1729960500,1449,1505
2027,Codeforces Round 982 (Div. 2),jxjjjj,1623,1729960500,1617,1627
2027,Codeforces Round 982 (Div. 2),jianylg,1624,1729960500,2095,1992
2027,Codeforces Round 982 (Div. 2),linearspace,1625,1729960500,1722,1705
2027,Codeforces Round 982 (Div. 2),LADuy23127011,1626,1729960500,0,572
2027,Codeforces Round 982 (Div. 2),Jayket,1626,1729960500,1632,1638
2027,Codeforces Round 982 (Div. 2),0gur4ik,1628,1729960500,1634,1640
2027,Codeforces Round 982 (Div. 2),...._....__...___,1629,1729960500,1675,1670
2027,Codeforces Round 982 (Div. 2),maxn1e5,1630,1729960500,1636,1641
2027,Codeforces Round 982 (Div. 2),amen.xa,1631,1729960500,1297,1398
2027,Codeforces Round 982 (Div. 2),0xero7,1632,1729960500,1512,1550
2027,Codeforces Round 982 (Div. 2),unbit,1633,1729960500,1393,1465
2027,Codeforces Round 982 (Div. 2),p-space,1634,1729960500,1567,1589
2027,Codeforces Round 982 (Div. 2),ARB_NITD,1635,1729960500,1354,1437
2027,Codeforces Round 982 (Div. 2),Reina__,1635,1729960500,2041,1949
2027,Codeforces Round 982 (Div. 2),Pashteticus,1637,1729960500,1884,1827
2027,Codeforces Round 982 (Div. 2),ArafRaihan,1638,1729960500,1434,1493
2027,Codeforces Round 982 (Div. 2),Ryan_Gosling,1639,1729960500,1700,1688
2027,Codeforces Round 982 (Div. 2),podyapolskiy.yaroslav,1640,1729960500,881,1191
2027,Codeforces Round 982 (Div. 2),AIR_COLOR5,1641,1729960500,1747,1723
2027,Codeforces Round 982 (Div. 2),Ruchit1,1642,1729960500,1702,1689
2027,Codeforces Round 982 (Div. 2),Re_Sircle,1643,1729960500,1559,1583
2027,Codeforces Round 982 (Div. 2),CrazyApple,1644,1729960500,1488,1532
2027,Codeforces Round 982 (Div. 2),PMPuns,1645,1729960500,2061,1964
2027,Codeforces Round 982 (Div. 2),ronisds,1646,1729960500,1503,1543
2027,Codeforces Round 982 (Div. 2),Abdullah500,1647,1729960500,1779,1747
2027,Codeforces Round 982 (Div. 2),Dawnshard,1648,1729960500,1713,1697
2027,Codeforces Round 982 (Div. 2),123_QWEasd,1648,1729960500,1446,1501
2027,Codeforces Round 982 (Div. 2),kiwi_1,1650,1729960500,1908,1845
2027,Codeforces Round 982 (Div. 2),sahilshile25,1650,1729960500,1529,1561
2027,Codeforces Round 982 (Div. 2),Mr_Surfer,1652,1729960500,1624,1631
2027,Codeforces Round 982 (Div. 2),iluem100,1653,1729960500,1519,1554
2027,Codeforces Round 982 (Div. 2),GuillemBCohomological,1654,1729960500,742,1094
2027,Codeforces Round 982 (Div. 2),ducksson,1654,1729960500,1488,1531
2027,Codeforces Round 982 (Div. 2),rangerscowboys,1656,1729960500,1808,1769
2027,Codeforces Round 982 (Div. 2),vivekananda1001,1657,1729960500,1414,1478
2027,Codeforces Round 982 (Div. 2),Serene_Towers,1658,1729960500,0,571
2027,Codeforces Round 982 (Div. 2),akzytr,1658,1729960500,1138,1290
2027,Codeforces Round 982 (Div. 2),Nafisraza,1660,1729960500,1314,1408
2027,Codeforces Round 982 (Div. 2),Doroshi,1660,1729960500,1577,1595
2027,Codeforces Round 982 (Div. 2),kalpitdon7,1660,1729960500,1539,1568
2027,Codeforces Round 982 (Div. 2),killua74,1660,1729960500,1492,1534
2027,Codeforces Round 982 (Div. 2),black_.box,1664,1729960500,1750,1725
2027,Codeforces Round 982 (Div. 2),PatoBot,1665,1729960500,1644,1645
2027,Codeforces Round 982 (Div. 2),KalashShah,1666,1729960500,1662,1658
2027,Codeforces Round 982 (Div. 2),LuckyOx,1666,1729960500,1621,1628
2027,Codeforces Round 982 (Div. 2),Best_HUAN,1668,1729960500,1537,1566
2027,Codeforces Round 982 (Div. 2),YQD,1668,1729960500,1358,1438
2027,Codeforces Round 982 (Div. 2),arnavra3,1670,1729960500,1707,1692
2027,Codeforces Round 982 (Div. 2),fangz,1671,1729960500,1985,1904
2027,Codeforces Round 982 (Div. 2),Dedibeat,1671,1729960500,1865,1812
2027,Codeforces Round 982 (Div. 2),RoadToSA,1673,1729960500,1310,1404
2027,Codeforces Round 982 (Div. 2),Misa-Misa,1674,1729960500,1873,1818
2027,Codeforces Round 982 (Div. 2),aa2,1675,1729960500,1974,1895
2027,Codeforces Round 982 (Div. 2),eulmelk,1676,1729960500,1651,1650
2027,Codeforces Round 982 (Div. 2),d0hyunii,1676,1729960500,1663,1659
2027,Codeforces Round 982 (Div. 2),Chelovek9,1676,1729960500,1948,1875
2027,Codeforces Round 982 (Div. 2),Erida,1679,1729960500,1784,1750
2027,Codeforces Round 982 (Div. 2),hyperion1019,1680,1729960500,2004,1919
2027,Codeforces Round 982 (Div. 2),Dilaylay,1681,1729960500,1419,1481
2027,Codeforces Round 982 (Div. 2),Bronya_H,1682,1729960500,1727,1706
2027,Codeforces Round 982 (Div. 2),yellowtt,1683,1729960500,1544,1608
2027,Codeforces Round 982 (Div. 2),LetianPie,1684,1729960500,1539,1567
2027,Codeforces Round 982 (Div. 2),Muhammad-Zendy,1685,1729960500,1791,1755
2027,Codeforces Round 982 (Div. 2),-saharsh-,1686,1729960500,1523,1555
2027,Codeforces Round 982 (Div. 2),luv29,1686,1729960500,1557,1580
2027,Codeforces Round 982 (Div. 2),xina,1688,1729960500,1695,1682
2027,Codeforces Round 982 (Div. 2),LKLCK,1688,1729960500,1762,1733
2027,Codeforces Round 982 (Div. 2),.-.-.-,1690,1729960500,1479,1523
2027,Codeforces Round 982 (Div. 2),Darsh_Jain,1691,1729960500,1710,1693
2027,Codeforces Round 982 (Div. 2),SANKI,1691,1729960500,1615,1622
2027,Codeforces Round 982 (Div. 2),Deho_777,1693,1729960500,1606,1616
2027,Codeforces Round 982 (Div. 2),.Alireza.,1694,1729960500,1637,1638
2027,Codeforces Round 982 (Div. 2),SadNewYear,1695,1729960500,1911,1846
2027,Codeforces Round 982 (Div. 2),darkus-_-,1696,1729960500,1850,1799
2027,Codeforces Round 982 (Div. 2),leolin0214,1697,1729960500,1945,1872
2027,Codeforces Round 982 (Div. 2),ABDAZE,1698,1729960500,1492,1532
2027,Codeforces Round 982 (Div. 2),detective...dots,1699,1729960500,1548,1573
2027,Codeforces Round 982 (Div. 2),dr.doom007,1700,1729960500,1697,1683
2027,Codeforces Round 982 (Div. 2),coolboy19521,1700,1729960500,1581,1597
2027,Codeforces Round 982 (Div. 2),iliya_mon,1702,1729960500,1673,1665
2027,Codeforces Round 982 (Div. 2),VKnight,1702,1729960500,1563,1584
2027,Codeforces Round 982 (Div. 2),JakovJ,1702,1729960500,1835,1788
2027,Codeforces Round 982 (Div. 2),Ar4d,1705,1729960500,1597,1608
2027,Codeforces Round 982 (Div. 2),Amdadul,1705,1729960500,1729,1707
2027,Codeforces Round 982 (Div. 2),ashuashutosh468453,1705,1729960500,1171,1309
2027,Codeforces Round 982 (Div. 2),4svOff,1708,1729960500,1832,1785
2027,Codeforces Round 982 (Div. 2),PM_2509,1709,1729960500,1430,1487
2027,Codeforces Round 982 (Div. 2),Bilguungerelt_0717,1710,1729960500,1678,1669
2027,Codeforces Round 982 (Div. 2),halqifibrax,1711,1729960500,1569,1588
2027,Codeforces Round 982 (Div. 2),StrangePenguin,1712,1729960500,1430,1487
2027,Codeforces Round 982 (Div. 2),cowthecow,1712,1729960500,1734,1711
2027,Codeforces Round 982 (Div. 2),happy_sisyphus,1714,1729960500,1775,1741
2027,Codeforces Round 982 (Div. 2),Lechaa,1715,1729960500,1475,1519
2027,Codeforces Round 982 (Div. 2),KARM,1716,1729960500,1678,1668
2027,Codeforces Round 982 (Div. 2),Arkweedy,1717,1729960500,1813,1770
2027,Codeforces Round 982 (Div. 2),zhuo__,1717,1729960500,1638,1638
2027,Codeforces Round 982 (Div. 2),HemantSingh,1719,1729960500,1441,1494
2027,Codeforces Round 982 (Div. 2),pd_codes,1720,1729960500,1978,1896
2027,Codeforces Round 982 (Div. 2),Nasif_44th,1721,1729960500,1688,1675
2027,Codeforces Round 982 (Div. 2),MongHwa,1721,1729960500,1878,1819
2027,Codeforces Round 982 (Div. 2),Hexiuqi,1721,1729960500,1712,1693
2027,Codeforces Round 982 (Div. 2),MishaTer,1721,1729960500,1250,1361
2027,Codeforces Round 982 (Div. 2),IamHereForFun,1725,1729960500,1571,1588
2027,Codeforces Round 982 (Div. 2),HHHlbw233,1726,1729960500,1782,1746
2027,Codeforces Round 982 (Div. 2),s210083,1727,1729960500,1927,1857
2027,Codeforces Round 982 (Div. 2),__AB__,1728,1729960500,1903,1838
2027,Codeforces Round 982 (Div. 2),Danzev,1728,1729960500,1560,1580
2027,Codeforces Round 982 (Div. 2),TeletubiGaim33,1730,1729960500,1561,1581
2027,Codeforces Round 982 (Div. 2),yeetholmes619,1730,1729960500,1632,1633
2027,Codeforces Round 982 (Div. 2),ambak,1730,1729960500,1538,1564
2027,Codeforces Round 982 (Div. 2),bhajji,1733,1729960500,1728,1705
2027,Codeforces Round 982 (Div. 2),HarshAgrawal425,1734,1729960500,1578,1593
2027,Codeforces Round 982 (Div. 2),23122023,1735,1729960500,1053,1312
2027,Codeforces Round 982 (Div. 2),paogesb,1736,1729960500,1513,1582
2027,Codeforces Round 982 (Div. 2),Abhiram_29,1736,1729960500,1278,1379
2027,Codeforces Round 982 (Div. 2),Fendada,1738,1729960500,1573,1590
2027,Codeforces Round 982 (Div. 2),ddndd,1738,1729960500,1447,1498
2027,Codeforces Round 982 (Div. 2),rt200505,1740,1729960500,1735,1710
2027,Codeforces Round 982 (Div. 2),man-ray,1740,1729960500,1687,1674
2027,Codeforces Round 982 (Div. 2),krakar,1740,1729960500,1521,1551
2027,Codeforces Round 982 (Div. 2),st20241907,1743,1729960500,1815,1770
2027,Codeforces Round 982 (Div. 2),rishigodre14,1743,1729960500,1440,1493
2027,Codeforces Round 982 (Div. 2),Dhruv-Singh-Negi,1745,1729960500,1488,1527
2027,Codeforces Round 982 (Div. 2),puchohenza,1745,1729960500,1644,1641
2027,Codeforces Round 982 (Div. 2),Warrior_G,1745,1729960500,1703,1685
2027,Codeforces Round 982 (Div. 2),birsnot,1745,1729960500,1917,1848
2027,Codeforces Round 982 (Div. 2),Aviat918,1749,1729960500,1644,1641
2027,Codeforces Round 982 (Div. 2),Mahf,1750,1729960500,1534,1560
2027,Codeforces Round 982 (Div. 2),evergreen1124,1751,1729960500,1248,1413
2027,Codeforces Round 982 (Div. 2),FateWielder,1752,1729960500,1461,1507
2027,Codeforces Round 982 (Div. 2),yooz,1752,1729960500,403,846
2027,Codeforces Round 982 (Div. 2),tristanzhang,1754,1729960500,1563,1642
2027,Codeforces Round 982 (Div. 2),davit_tsibadze,1755,1729960500,1715,1694
2027,Codeforces Round 982 (Div. 2),jzst,1756,1729960500,722,1074
2027,Codeforces Round 982 (Div. 2),shtrumpf,1757,1729960500,415,854
2027,Codeforces Round 982 (Div. 2),CraaazyShep,1757,1729960500,1485,1524
2027,Codeforces Round 982 (Div. 2),OnYour_Side,1757,1729960500,1677,1665
2027,Codeforces Round 982 (Div. 2),Jawad.Akbar_JJ,1757,1729960500,1980,1897
2027,Codeforces Round 982 (Div. 2),E-rK,1761,1729960500,1504,1538
2027,Codeforces Round 982 (Div. 2),dhruv6_6,1762,1729960500,1330,1414
2027,Codeforces Round 982 (Div. 2),AnanasBanan,1763,1729960500,1843,1791
2027,Codeforces Round 982 (Div. 2),xrqqqqq,1764,1729960500,1511,1543
2027,Codeforces Round 982 (Div. 2),bac_h,1764,1729960500,1685,1671
2027,Codeforces Round 982 (Div. 2),aryankesharwani142004,1766,1729960500,1621,1623
2027,Codeforces Round 982 (Div. 2),AdityaLuthra,1767,1729960500,1323,1409
2027,Codeforces Round 982 (Div. 2),FalejchikNik,1767,1729960500,1469,1512
2027,Codeforces Round 982 (Div. 2),Nurex_001,1769,1729960500,1625,1626
2027,Codeforces Round 982 (Div. 2),shu,1769,1729960500,1366,1439
2027,Codeforces Round 982 (Div. 2),jokertao,1769,1729960500,1549,1571
2027,Codeforces Round 982 (Div. 2),LHaooo,1772,1729960500,1646,1642
2027,Codeforces Round 982 (Div. 2),aru123,1773,1729960500,1607,1613
2027,Codeforces Round 982 (Div. 2),gagan_6730,1774,1729960500,1544,1566
2027,Codeforces Round 982 (Div. 2),zzzzzzzzzzzx,1774,1729960500,968,1247
2027,Codeforces Round 982 (Div. 2),MTI-ICPC,1774,1729960500,1545,1567
2027,Codeforces Round 982 (Div. 2),qweoksdfjkldsf,1777,1729960500,1419,1475
2027,Codeforces Round 982 (Div. 2),_tempest,1777,1729960500,1693,1676
2027,Codeforces Round 982 (Div. 2),KeziaEvelyn,1777,1729960500,1400,1462
2027,Codeforces Round 982 (Div. 2),PoetryFactory,1777,1729960500,1616,1619
2027,Codeforces Round 982 (Div. 2),Suuii,1777,1729960500,1414,1472
2027,Codeforces Round 982 (Div. 2),jkb_gryz,1777,1729960500,1669,1658
2027,Codeforces Round 982 (Div. 2),Byte_Bender_3,1783,1729960500,1556,1575
2027,Codeforces Round 982 (Div. 2),ricardo-s,1784,1729960500,1337,1418
2027,Codeforces Round 982 (Div. 2),Farewell,1784,1729960500,1238,1349
2027,Codeforces Round 982 (Div. 2),melted_scoop,1784,1729960500,1627,1627
2027,Codeforces Round 982 (Div. 2),Connectus,1787,1729960500,1454,1501
2027,Codeforces Round 982 (Div. 2),hhjk,1787,1729960500,1895,1830
2027,Codeforces Round 982 (Div. 2),RD_TheCoder,1787,1729960500,1643,1639
2027,Codeforces Round 982 (Div. 2),Sri_0iq,1790,1729960500,1472,1513
2027,Codeforces Round 982 (Div. 2),Petricore,1791,1729960500,1419,1475
2027,Codeforces Round 982 (Div. 2),awesomemaths,1792,1729960500,1716,1694
2027,Codeforces Round 982 (Div. 2),Tushei_45,1792,1729960500,1481,1520
2027,Codeforces Round 982 (Div. 2),elizarov,1794,1729960500,2033,1937
2027,Codeforces Round 982 (Div. 2),KaijuNoXero,1794,1729960500,1633,1631
2027,Codeforces Round 982 (Div. 2),zheng00,1794,1729960500,1678,1665
2027,Codeforces Round 982 (Div. 2),Goblin_mode,1797,1729960500,1305,1395
2027,Codeforces Round 982 (Div. 2),Aladdinee,1798,1729960500,1920,1888
2027,Codeforces Round 982 (Div. 2),2791591457,1798,1729960500,1024,1210
2027,Codeforces Round 982 (Div. 2),nonname55,1798,1729960500,1480,1518
2027,Codeforces Round 982 (Div. 2),iLLuSiOnZ,1801,1729960500,1537,1560
2027,Codeforces Round 982 (Div. 2),Aishiteru,1802,1729960500,1632,1630
2027,Codeforces Round 982 (Div. 2),zetiboom,1803,1729960500,1615,1617
2027,Codeforces Round 982 (Div. 2),meipulu,1803,1729960500,933,1221
2027,Codeforces Round 982 (Div. 2),TranQuocKhanh,1805,1729960500,1482,1520
2027,Codeforces Round 982 (Div. 2),kmth.7z,1805,1729960500,1603,1608
2027,Codeforces Round 982 (Div. 2),Photon,1807,1729960500,1357,1431
2027,Codeforces Round 982 (Div. 2),MTX_AS,1807,1729960500,1560,1577
2027,Codeforces Round 982 (Div. 2),longting,1809,1729960500,1630,1628
2027,Codeforces Round 982 (Div. 2),mr-zer0,1809,1729960500,1181,1310
2027,Codeforces Round 982 (Div. 2),cwal,1811,1729960500,1720,1696
2027,Codeforces Round 982 (Div. 2),Koushik,1811,1729960500,1668,1656
2027,Codeforces Round 982 (Div. 2),ADAR2002,1811,1729960500,1672,1659
2027,Codeforces Round 982 (Div. 2),maejik,1814,1729960500,1536,1559
2027,Codeforces Round 982 (Div. 2),brawler45,1814,1729960500,1394,1457
2027,Codeforces Round 982 (Div. 2),NeVzZo,1814,1729960500,1628,1626
2027,Codeforces Round 982 (Div. 2),xmy2005,1814,1729960500,1312,1399
2027,Codeforces Round 982 (Div. 2),sanju1221,1818,1729960500,1430,1482
2027,Codeforces Round 982 (Div. 2),-ChunChunMaru-,1818,1729960500,1408,1537
2027,Codeforces Round 982 (Div. 2),Indroneel10,1820,1729960500,1380,1446
2027,Codeforces Round 982 (Div. 2),svnhbbmss,1820,1729960500,1748,1716
2027,Codeforces Round 982 (Div. 2),akshatkrsing,1820,1729960500,1433,1484
2027,Codeforces Round 982 (Div. 2),OmarAnalog,1820,1729960500,1359,1431
2027,Codeforces Round 982 (Div. 2),VegetableF,1820,1729960500,1322,1406
2027,Codeforces Round 982 (Div. 2),SzypkiBill,1820,1729960500,1409,1467
2027,Codeforces Round 982 (Div. 2),addy_14,1826,1729960500,1552,1570
2027,Codeforces Round 982 (Div. 2),EFTEKHER2000,1826,1729960500,1115,1316
2027,Codeforces Round 982 (Div. 2),meumarkhan,1828,1729960500,1602,1607
2027,Codeforces Round 982 (Div. 2),kidus72,1828,1729960500,1550,1568
2027,Codeforces Round 982 (Div. 2),Munna134,1828,1729960500,1195,1318
2027,Codeforces Round 982 (Div. 2),playinwithfire,1828,1729960500,1435,1485
2027,Codeforces Round 982 (Div. 2),trgao,1832,1729960500,1608,1611
2027,Codeforces Round 982 (Div. 2),solsecond,1833,1729960500,1660,1649
2027,Codeforces Round 982 (Div. 2),akat,1833,1729960500,1919,1846
2027,Codeforces Round 982 (Div. 2),shaanjijoe2,1833,1729960500,1366,1436
2027,Codeforces Round 982 (Div. 2),Talent_Camellia,1836,1729960500,1620,1620
2027,Codeforces Round 982 (Div. 2),kingbass,1837,1729960500,1485,1521
2027,Codeforces Round 982 (Div. 2),tock,1837,1729960500,1391,1453
2027,Codeforces Round 982 (Div. 2),buouuuu,1839,1729960500,1735,1706
2027,Codeforces Round 982 (Div. 2),lord_rajat,1839,1729960500,1509,1538
2027,Codeforces Round 982 (Div. 2),vaiibhav75,1839,1729960500,1842,1787
2027,Codeforces Round 982 (Div. 2),eugenechka.boyko.2_0-0,1842,1729960500,1611,1613
2027,Codeforces Round 982 (Div. 2),1900_or_burst,1843,1729960500,1440,1488
2027,Codeforces Round 982 (Div. 2),lordshanks,1843,1729960500,1409,1465
2027,Codeforces Round 982 (Div. 2),KuroLeaf,1845,1729960500,1239,1347
2027,Codeforces Round 982 (Div. 2),paneeshdv,1845,1729960500,1688,1670
2027,Codeforces Round 982 (Div. 2),DanWin,1845,1729960500,1642,1636
2027,Codeforces Round 982 (Div. 2),rito_b,1845,1729960500,1136,1278
2027,Codeforces Round 982 (Div. 2),fermion5,1849,1729960500,1657,1647
2027,Codeforces Round 982 (Div. 2),UlookEE,1850,1729960500,1442,1489
2027,Codeforces Round 982 (Div. 2),BitSlayer,1850,1729960500,1436,1485
2027,Codeforces Round 982 (Div. 2),Liu_Yun,1850,1729960500,1629,1625
2027,Codeforces Round 982 (Div. 2),garpacho,1853,1729960500,990,1231
2027,Codeforces Round 982 (Div. 2),Derarinho,1853,1729960500,1442,1489
2027,Codeforces Round 982 (Div. 2),qswsw,1853,1729960500,1606,1608
2027,Codeforces Round 982 (Div. 2),platypus_koala,1853,1729960500,0,561
2027,Codeforces Round 982 (Div. 2),TheGreatAntivirus,1853,1729960500,1440,1488
2027,Codeforces Round 982 (Div. 2),BakievaShukrona,1853,1729960500,1318,1401
2027,Codeforces Round 982 (Div. 2),ra5anchor,1853,1729960500,1725,1697
2027,Codeforces Round 982 (Div. 2),_STGiang24127005,1860,1729960500,498,907
2027,Codeforces Round 982 (Div. 2),Badalyan_Shavarsh,1860,1729960500,1850,1792
2027,Codeforces Round 982 (Div. 2),PapyrusTheSkeleton,1860,1729960500,1184,1369
2027,Codeforces Round 982 (Div. 2),wangxi527,1860,1729960500,1694,1674
2027,Codeforces Round 982 (Div. 2),SunQihang,1864,1729960500,1590,1596
2027,Codeforces Round 982 (Div. 2),hieu_2004,1865,1729960500,1916,1843
2027,Codeforces Round 982 (Div. 2),Roumak,1866,1729960500,1449,1493
2027,Codeforces Round 982 (Div. 2),Munkh-Orgil416,1866,1729960500,1779,1738
2027,Codeforces Round 982 (Div. 2),SriRam523,1866,1729960500,1552,1568
2027,Codeforces Round 982 (Div. 2),OmRaturi,1869,1729960500,1537,1557
2027,Codeforces Round 982 (Div. 2),MrPizza,1869,1729960500,2008,1915
2027,Codeforces Round 982 (Div. 2),asom22,1869,1729960500,1754,1719
2027,Codeforces Round 982 (Div. 2),hungry_sid,1869,1729960500,1498,1529
2027,Codeforces Round 982 (Div. 2),_regular_show,1873,1729960500,1360,1430
2027,Codeforces Round 982 (Div. 2),Ali_Alp_Yazici,1873,1729960500,1436,1484
2027,Codeforces Round 982 (Div. 2),ArrayKnight,1873,1729960500,1430,1479
2027,Codeforces Round 982 (Div. 2),Vatsalite,1873,1729960500,1475,1512
2027,Codeforces Round 982 (Div. 2),pastimeplays,1877,1729960500,1572,1582
2027,Codeforces Round 982 (Div. 2),DarkLord_20,1877,1729960500,1507,1535
2027,Codeforces Round 982 (Div. 2),DarthCoder33,1877,1729960500,1694,1673
2027,Codeforces Round 982 (Div. 2),shinhuichan,1877,1729960500,1449,1552
2027,Codeforces Round 982 (Div. 2),szy10010,1881,1729960500,1692,1671
2027,Codeforces Round 982 (Div. 2),Newbie_QQH,1881,1729960500,1526,1549
2027,Codeforces Round 982 (Div. 2),TMSniper,1881,1729960500,1524,1547
2027,Codeforces Round 982 (Div. 2),t6stks,1884,1729960500,1426,1476
2027,Codeforces Round 982 (Div. 2),BlackGuy42,1884,1729960500,1440,1486
2027,Codeforces Round 982 (Div. 2),Cold_Green_Dragon,1884,1729960500,1372,1438
2027,Codeforces Round 982 (Div. 2),Skvid,1884,1729960500,1248,1351
2027,Codeforces Round 982 (Div. 2),BodaciousLord007,1888,1729960500,1551,1567
2027,Codeforces Round 982 (Div. 2),vidushi0204,1889,1729960500,1625,1621
2027,Codeforces Round 982 (Div. 2),Nomia,1889,1729960500,1321,1401
2027,Codeforces Round 982 (Div. 2),andrei6184,1889,1729960500,1825,1772
2027,Codeforces Round 982 (Div. 2),Dif1rent,1889,1729960500,1387,1448
2027,Codeforces Round 982 (Div. 2),CruiseY,1889,1729960500,1705,1681
2027,Codeforces Round 982 (Div. 2),jenil0108,1894,1729960500,1603,1604
2027,Codeforces Round 982 (Div. 2),Papa_Tunde,1895,1729960500,1661,1647
2027,Codeforces Round 982 (Div. 2),Gaurav1,1895,1729960500,1692,1671
2027,Codeforces Round 982 (Div. 2),1234567qeq,1895,1729960500,1712,1686
2027,Codeforces Round 982 (Div. 2),ji2duan,1898,1729960500,1201,1319
2027,Codeforces Round 982 (Div. 2),IsacBieber,1898,1729960500,1572,1582
2027,Codeforces Round 982 (Div. 2),radlergaenger,1898,1729960500,1815,1764
2027,Codeforces Round 982 (Div. 2),ippo_B,1901,1729960500,1421,1472
2027,Codeforces Round 982 (Div. 2),dbestvarun,1901,1729960500,1363,1430
2027,Codeforces Round 982 (Div. 2),_wonderful_,1901,1729960500,1312,1395
2027,Codeforces Round 982 (Div. 2),HAJIME123,1901,1729960500,1460,1500
2027,Codeforces Round 982 (Div. 2),9Kitsune,1905,1729960500,1391,1450
2027,Codeforces Round 982 (Div. 2),blankKyo,1906,1729960500,1725,1695
2027,Codeforces Round 982 (Div. 2),theSkeleton,1906,1729960500,1624,1620
2027,Codeforces Round 982 (Div. 2),dragonoverlord3000,1906,1729960500,1763,1724
2027,Codeforces Round 982 (Div. 2),core_huduga,1906,1729960500,1410,1464
2027,Codeforces Round 982 (Div. 2),okbhr2O9,1910,1729960500,1569,1579
2027,Codeforces Round 982 (Div. 2),SidZRed_15,1911,1729960500,1280,1372
2027,Codeforces Round 982 (Div. 2),wasd1234,1911,1729960500,1711,1685
2027,Codeforces Round 982 (Div. 2),infinitix,1913,1729960500,1701,1677
2027,Codeforces Round 982 (Div. 2),ninjaHattori1,1913,1729960500,1431,1478
2027,Codeforces Round 982 (Div. 2),Linchh,1913,1729960500,1679,1660
2027,Codeforces Round 982 (Div. 2),datma._coder,1916,1729960500,1426,1475
2027,Codeforces Round 982 (Div. 2),pokefunc,1916,1729960500,1714,1687
2027,Codeforces Round 982 (Div. 2),BenGJ,1918,1729960500,1516,1540
2027,Codeforces Round 982 (Div. 2),dio_2,1918,1729960500,1695,1672
2027,Codeforces Round 982 (Div. 2),RomBro,1918,1729960500,1483,1516
2027,Codeforces Round 982 (Div. 2),Pili_02,1921,1729960500,1289,1378
2027,Codeforces Round 982 (Div. 2),ritakura1,1921,1729960500,1525,1546
2027,Codeforces Round 982 (Div. 2),LYQHX,1923,1729960500,0,559
2027,Codeforces Round 982 (Div. 2),SevenAlarm,1923,1729960500,1542,1559
2027,Codeforces Round 982 (Div. 2),Woxuanyi,1925,1729960500,1404,1459
2027,Codeforces Round 982 (Div. 2),cpinramadan,1926,1729960500,1584,1589
2027,Codeforces Round 982 (Div. 2),_Seele_Vollerei_,1926,1729960500,1262,1423
2027,Codeforces Round 982 (Div. 2),arnabmanna,1926,1729960500,1679,1660
2027,Codeforces Round 982 (Div. 2),rishi_sde,1926,1729960500,596,981
2027,Codeforces Round 982 (Div. 2),olizarowskib,1926,1729960500,1582,1588
2027,Codeforces Round 982 (Div. 2),ritik85,1931,1729960500,1311,1393
2027,Codeforces Round 982 (Div. 2),bhishma_v2,1931,1729960500,1211,1324
2027,Codeforces Round 982 (Div. 2),peatrovich,1931,1729960500,1763,1724
2027,Codeforces Round 982 (Div. 2),liaozixuan,1931,1729960500,1640,1631
2027,Codeforces Round 982 (Div. 2),Daniel180610,1935,1729960500,1449,1490
2027,Codeforces Round 982 (Div. 2),anurag_m,1935,1729960500,1657,1643
2027,Codeforces Round 982 (Div. 2),lemac006,1937,1729960500,1397,1453
2027,Codeforces Round 982 (Div. 2),B0neh3ad,1937,1729960500,1443,1486
2027,Codeforces Round 982 (Div. 2),Ahad,1937,1729960500,1442,1485
2027,Codeforces Round 982 (Div. 2),shreyk,1940,1729960500,1612,1609
2027,Codeforces Round 982 (Div. 2),Manas_DixiT,1940,1729960500,1452,1492
2027,Codeforces Round 982 (Div. 2),TanJWcode,1940,1729960500,1484,1515
2027,Codeforces Round 982 (Div. 2),hk_brave,1940,1729960500,1456,1495
2027,Codeforces Round 982 (Div. 2),gates_orz,1940,1729960500,1569,1578
2027,Codeforces Round 982 (Div. 2),HameDo0,1940,1729960500,1262,1358
2027,Codeforces Round 982 (Div. 2),455a,1940,1729960500,1662,1647
2027,Codeforces Round 982 (Div. 2),tin.le2,1947,1729960500,1556,1568
2027,Codeforces Round 982 (Div. 2),Radman_,1947,1729960500,1557,1569
2027,Codeforces Round 982 (Div. 2),quan_quan,1949,1729960500,1283,1372
2027,Codeforces Round 982 (Div. 2),y_a_s_2026,1950,1729960500,1110,1256
2027,Codeforces Round 982 (Div. 2),not_sure_yet,1950,1729960500,1388,1482
2027,Codeforces Round 982 (Div. 2),BitHashTech,1952,1729960500,1670,1652
2027,Codeforces Round 982 (Div. 2),Slanyara,1953,1729960500,1514,1537
2027,Codeforces Round 982 (Div. 2),Jester611,1953,1729960500,1522,1543
2027,Codeforces Round 982 (Div. 2),1.sh,1953,1729960500,1691,1668
2027,Codeforces Round 982 (Div. 2),ONISINO,1956,1729960500,1570,1578
2027,Codeforces Round 982 (Div. 2),Alenochka,1956,1729960500,1629,1622
2027,Codeforces Round 982 (Div. 2),Youssefproof,1958,1729960500,1332,1406
2027,Codeforces Round 982 (Div. 2),Lina_Inverse,1958,1729960500,1449,1490
2027,Codeforces Round 982 (Div. 2),jt__112,1958,1729960500,1632,1624
2027,Codeforces Round 982 (Div. 2),acoderzj,1958,1729960500,1441,1483
2027,Codeforces Round 982 (Div. 2),ZhuoFan,1958,1729960500,1152,1335
2027,Codeforces Round 982 (Div. 2),yusuf12360,1963,1729960500,1803,1753
2027,Codeforces Round 982 (Div. 2),lechihoang73,1964,1729960500,1500,1526
2027,Codeforces Round 982 (Div. 2),namsee1,1965,1729960500,1603,1601
2027,Codeforces Round 982 (Div. 2),WiredMind,1965,1729960500,1040,1211
2027,Codeforces Round 982 (Div. 2),Nium2025,1965,1729960500,1698,1673
2027,Codeforces Round 982 (Div. 2),ankushsoun123,1965,1729960500,669,1028
2027,Codeforces Round 982 (Div. 2),MOATSM_MOSTAFA_hafez,1969,1729960500,1106,1253
2027,Codeforces Round 982 (Div. 2),Erkinoff_Mohammed,1969,1729960500,1828,1772
2027,Codeforces Round 982 (Div. 2),arnavsingh_047,1969,1729960500,1176,1299
2027,Codeforces Round 982 (Div. 2),Archit_Gogoi,1969,1729960500,1485,1515
2027,Codeforces Round 982 (Div. 2),ZhixingYi,1973,1729960500,1347,1416
2027,Codeforces Round 982 (Div. 2),CIXTEEN,1974,1729960500,1979,1888
2027,Codeforces Round 982 (Div. 2),jaiShree_RAM,1975,1729960500,1473,1506
2027,Codeforces Round 982 (Div. 2),lavesh1612000,1975,1729960500,1141,1327
2027,Codeforces Round 982 (Div. 2),KobicGend,1975,1729960500,2020,1920
2027,Codeforces Round 982 (Div. 2),Techno_rumka,1975,1729960500,358,804
2027,Codeforces Round 982 (Div. 2),suqingchen,1979,1729960500,1319,1396
2027,Codeforces Round 982 (Div. 2),pranbunny,1979,1729960500,1502,1527
2027,Codeforces Round 982 (Div. 2),ClosetNarcissist,1979,1729960500,1419,1467
2027,Codeforces Round 982 (Div. 2),stayer_anna,1979,1729960500,1615,1610
2027,Codeforces Round 982 (Div. 2),mimingucci,1979,1729960500,1525,1544
2027,Codeforces Round 982 (Div. 2),Abwbkr,1984,1729960500,1678,1657
2027,Codeforces Round 982 (Div. 2),Sakura_Love,1984,1729960500,1652,1638
2027,Codeforces Round 982 (Div. 2),dragoonSlayer,1986,1729960500,1735,1700
2027,Codeforces Round 982 (Div. 2),FallingRain,1986,1729960500,1646,1633
2027,Codeforces Round 982 (Div. 2),_berlin_086,1986,1729960500,1248,1346
2027,Codeforces Round 982 (Div. 2),am_25,1986,1729960500,1727,1694
2027,Codeforces Round 982 (Div. 2),Cosmic_sky,1986,1729960500,950,1185
2027,Codeforces Round 982 (Div. 2),notnotharsh,1986,1729960500,1576,1581
2027,Codeforces Round 982 (Div. 2),testdemo,1992,1729960500,1172,1295
2027,Codeforces Round 982 (Div. 2),Ban.kai,1992,1729960500,1629,1620
2027,Codeforces Round 982 (Div. 2),Coder96,1994,1729960500,1311,1390
2027,Codeforces Round 982 (Div. 2),spicybutter123,1994,1729960500,1409,1459
2027,Codeforces Round 982 (Div. 2),libantian2,1996,1729960500,1377,1436
2027,Codeforces Round 982 (Div. 2),cgnoooob,1997,1729960500,1291,1376
2027,Codeforces Round 982 (Div. 2),zicheng-liu,1997,1729960500,1399,1452
2027,Codeforces Round 982 (Div. 2),charu.ccj,1997,1729960500,1518,1538
2027,Codeforces Round 982 (Div. 2),athiest07,1997,1729960500,1143,1276
2027,Codeforces Round 982 (Div. 2),im_veer29,2001,1729960500,1488,1516
2027,Codeforces Round 982 (Div. 2),Aurorawlm,2001,1729960500,1564,1572
2027,Codeforces Round 982 (Div. 2),Adi1706,2003,1729960500,1495,1521
2027,Codeforces Round 982 (Div. 2),jarik25,2003,1729960500,954,1156
2027,Codeforces Round 982 (Div. 2),cecilia.chan,2003,1729960500,1386,1443
2027,Codeforces Round 982 (Div. 2),Rohan454,2006,1729960500,1310,1388
2027,Codeforces Round 982 (Div. 2),TrispdTit,2006,1729960500,1324,1399
2027,Codeforces Round 982 (Div. 2),0loSh_23,2006,1729960500,1396,1449
2027,Codeforces Round 982 (Div. 2),aniket21231,2006,1729960500,1237,1338
2027,Codeforces Round 982 (Div. 2),___Rakibul_Hassan___,2010,1729960500,1121,1260
2027,Codeforces Round 982 (Div. 2),yanhau,2010,1729960500,1461,1496
2027,Codeforces Round 982 (Div. 2),rajmotwani38,2012,1729960500,1028,1201
2027,Codeforces Round 982 (Div. 2),sunup15,2013,1729960500,1373,1433
2027,Codeforces Round 982 (Div. 2),Zaxas,2013,1729960500,1494,1519
2027,Codeforces Round 982 (Div. 2),abhin,2015,1729960500,1522,1540
2027,Codeforces Round 982 (Div. 2),2212190203,2015,1729960500,1594,1593
2027,Codeforces Round 982 (Div. 2),gungunsingh29,2015,1729960500,1522,1540
2027,Codeforces Round 982 (Div. 2),shreyasmn,2015,1729960500,1569,1575
2027,Codeforces Round 982 (Div. 2),Camellia_lsy,2015,1729960500,1705,1677
2027,Codeforces Round 982 (Div. 2),myx12345,2020,1729960500,1705,1676
2027,Codeforces Round 982 (Div. 2),_omar,2020,1729960500,1398,1450
2027,Codeforces Round 982 (Div. 2),reirugan,2022,1729960500,1746,1708
2027,Codeforces Round 982 (Div. 2),morariu.tudor,2022,1729960500,1487,1514
2027,Codeforces Round 982 (Div. 2),Kalimos,2022,1729960500,1401,1452
2027,Codeforces Round 982 (Div. 2),kl_2400040202,2025,1729960500,772,1078
2027,Codeforces Round 982 (Div. 2),akhil,2025,1729960500,1552,1562
2027,Codeforces Round 982 (Div. 2),harshvora64,2025,1729960500,1568,1573
2027,Codeforces Round 982 (Div. 2),ahmedmaheer,2025,1729960500,1240,1339
2027,Codeforces Round 982 (Div. 2),KartikSharma99,2029,1729960500,1404,1454
2027,Codeforces Round 982 (Div. 2),J_Jain,2030,1729960500,1850,1786
2027,Codeforces Round 982 (Div. 2),Fuehrer7,2030,1729960500,1282,1368
2027,Codeforces Round 982 (Div. 2),red_army98,2032,1729960500,1141,1272
2027,Codeforces Round 982 (Div. 2),deepakkumar.nea10a,2032,1729960500,1451,1488
2027,Codeforces Round 982 (Div. 2),mr_warlock,2034,1729960500,1438,1478
2027,Codeforces Round 982 (Div. 2),fang_baby,2034,1729960500,1720,1687
2027,Codeforces Round 982 (Div. 2),BerSerKeR07,2034,1729960500,1441,1480
2027,Codeforces Round 982 (Div. 2),bksw,2034,1729960500,1116,1312
2027,Codeforces Round 982 (Div. 2),LyKienTrung,2034,1729960500,1336,1405
2027,Codeforces Round 982 (Div. 2),Raul2008487,2039,1729960500,1857,1792
2027,Codeforces Round 982 (Div. 2),_XVIIVX,2040,1729960500,945,1219
2027,Codeforces Round 982 (Div. 2),AnshV2,2040,1729960500,1200,1365
2027,Codeforces Round 982 (Div. 2),zhangjiang,2042,1729960500,1414,1461
2027,Codeforces Round 982 (Div. 2),deptraiquakho,2043,1729960500,525,918
2027,Codeforces Round 982 (Div. 2),Nathan4,2043,1729960500,1776,1729
2027,Codeforces Round 982 (Div. 2),Ellipse,2043,1729960500,1359,1421
2027,Codeforces Round 982 (Div. 2),SmartyNotchy,2043,1729960500,1305,1383
2027,Codeforces Round 982 (Div. 2),Saton.,2047,1729960500,1286,1370
2027,Codeforces Round 982 (Div. 2),darkEye,2048,1729960500,1546,1556
2027,Codeforces Round 982 (Div. 2),Mixnight,2048,1729960500,1581,1582
2027,Codeforces Round 982 (Div. 2),Buzdi,2048,1729960500,1558,1565
2027,Codeforces Round 982 (Div. 2),ihavebigdick,2048,1729960500,1546,1556
2027,Codeforces Round 982 (Div. 2),moonshineTP,2052,1729960500,1614,1607
2027,Codeforces Round 982 (Div. 2),Yuvi13,2052,1729960500,1222,1326
2027,Codeforces Round 982 (Div. 2),LeetCodeforces_Null,2054,1729960500,1434,1475
2027,Codeforces Round 982 (Div. 2),Cucumber_Love_Math,2055,1729960500,1675,1653
2027,Codeforces Round 982 (Div. 2),liu_ming,2055,1729960500,1420,1464
2027,Codeforces Round 982 (Div. 2),gaz-b,2057,1729960500,1469,1500
2027,Codeforces Round 982 (Div. 2),pradeep,2058,1729960500,1607,1601
2027,Codeforces Round 982 (Div. 2),Nikitajmv,2058,1729960500,1356,1419
2027,Codeforces Round 982 (Div. 2),Xing_Kong_C,2058,1729960500,1368,1427
2027,Codeforces Round 982 (Div. 2),nemesis_S,2061,1729960500,1601,1596
2027,Codeforces Round 982 (Div. 2),TrushChauhan,2061,1729960500,1352,1416
2027,Codeforces Round 982 (Div. 2),Ange1,2061,1729960500,1012,1235
2027,Codeforces Round 982 (Div. 2),Mousa_Aboubaker,2061,1729960500,1609,1602
2027,Codeforces Round 982 (Div. 2),xiahaob,2065,1729960500,1197,1309
2027,Codeforces Round 982 (Div. 2),azizbek_,2066,1729960500,1226,1328
2027,Codeforces Round 982 (Div. 2),kian2009,2066,1729960500,1895,1820
2027,Codeforces Round 982 (Div. 2),CP_nii_krni,2066,1729960500,1425,1467
2027,Codeforces Round 982 (Div. 2),Osiric,2069,1729960500,1536,1548
2027,Codeforces Round 982 (Div. 2),nanotcodes,2069,1729960500,1499,1521
2027,Codeforces Round 982 (Div. 2),aloo,2069,1729960500,1202,1365
2027,Codeforces Round 982 (Div. 2),alexbenescu,2069,1729960500,1961,1871
2027,Codeforces Round 982 (Div. 2),jnjwnwnw,2069,1729960500,1600,1595
2027,Codeforces Round 982 (Div. 2),CST17017,2074,1729960500,1697,1668
2027,Codeforces Round 982 (Div. 2),pupilemus,2074,1729960500,1954,1866
2027,Codeforces Round 982 (Div. 2),rogachkovdenis,2074,1729960500,1404,1452
2027,Codeforces Round 982 (Div. 2),_comeback_,2074,1729960500,1433,1509
2027,Codeforces Round 982 (Div. 2),Yo_Yo_Yogi,2078,1729960500,1303,1380
2027,Codeforces Round 982 (Div. 2),Senya_24,2078,1729960500,1209,1316
2027,Codeforces Round 982 (Div. 2),heyelaile,2078,1729960500,1336,1404
2027,Codeforces Round 982 (Div. 2),rahul.2.718.fsl,2078,1729960500,1625,1614
2027,Codeforces Round 982 (Div. 2),srlabib,2078,1729960500,1405,1453
2027,Codeforces Round 982 (Div. 2),xuese,2083,1729960500,1311,1386
2027,Codeforces Round 982 (Div. 2),kukuforward,2084,1729960500,1435,1474
2027,Codeforces Round 982 (Div. 2),ChaosReasonOne,2084,1729960500,1562,1566
2027,Codeforces Round 982 (Div. 2),Ranco,2084,1729960500,1352,1415
2027,Codeforces Round 982 (Div. 2),Alamin2000,2084,1729960500,1313,1387
2027,Codeforces Round 982 (Div. 2),Cellul4r,2088,1729960500,1329,1398
2027,Codeforces Round 982 (Div. 2),har10shith,2088,1729960500,776,1078
2027,Codeforces Round 982 (Div. 2),Pankaj777,2088,1729960500,1664,1643
2027,Codeforces Round 982 (Div. 2),YGkingNan,2088,1729960500,1583,1582
2027,Codeforces Round 982 (Div. 2),Aryan16,2092,1729960500,1727,1690
2027,Codeforces Round 982 (Div. 2),Nonunou,2092,1729960500,1521,1536
2027,Codeforces Round 982 (Div. 2),-1984-,2092,1729960500,1434,1473
2027,Codeforces Round 982 (Div. 2),sanjeevkumarray1,2095,1729960500,975,1164
2027,Codeforces Round 982 (Div. 2),Togi,2095,1729960500,1574,1575
2027,Codeforces Round 982 (Div. 2),Whyush,2095,1729960500,1366,1424
2027,Codeforces Round 982 (Div. 2),cinCout,2095,1729960500,1303,1379
2027,Codeforces Round 982 (Div. 2),RealSpineFreezer_1410,2099,1729960500,1457,1489
2027,Codeforces Round 982 (Div. 2),xttt,2099,1729960500,1573,1574
2027,Codeforces Round 982 (Div. 2),Betichod_890,2099,1729960500,1147,1307
2027,Codeforces Round 982 (Div. 2),pastilia,2099,1729960500,1518,1533
2027,Codeforces Round 982 (Div. 2),maxrgby,2103,1729960500,1860,1792
2027,Codeforces Round 982 (Div. 2),S_V_M,2103,1729960500,1544,1552
2027,Codeforces Round 982 (Div. 2),shubham002_again,2103,1729960500,1299,1377
2027,Codeforces Round 982 (Div. 2),Ati_3,2106,1729960500,1119,1255
2027,Codeforces Round 982 (Div. 2),marles27,2106,1729960500,1381,1434
2027,Codeforces Round 982 (Div. 2),_sjy_,2108,1729960500,1573,1574
2027,Codeforces Round 982 (Div. 2),Ravishekhar12,2108,1729960500,1357,1417
2027,Codeforces Round 982 (Div. 2),Pritam_19,2108,1729960500,1599,1593
2027,Codeforces Round 982 (Div. 2),okk_man,2108,1729960500,1567,1569
2027,Codeforces Round 982 (Div. 2),Heartbeateffect,2112,1729960500,1720,1685
2027,Codeforces Round 982 (Div. 2),Exiled_Code2022,2112,1729960500,1540,1549
2027,Codeforces Round 982 (Div. 2),mujhe_nahi_pata,2112,1729960500,1412,1456
2027,Codeforces Round 982 (Div. 2),cat.lover,2112,1729960500,1311,1385
2027,Codeforces Round 982 (Div. 2),suraj15102003,2116,1729960500,1501,1521
2027,Codeforces Round 982 (Div. 2),themehulpahuja,2116,1729960500,1221,1322
2027,Codeforces Round 982 (Div. 2),Fede37,2116,1729960500,1373,1428
2027,Codeforces Round 982 (Div. 2),Ozurie,2119,1729960500,1810,1753
2027,Codeforces Round 982 (Div. 2),pro_harshit,2119,1729960500,1618,1607
2027,Codeforces Round 982 (Div. 2),ExtractStars,2119,1729960500,1616,1605
2027,Codeforces Round 982 (Div. 2),_cooler_,2119,1729960500,1279,1362
2027,Codeforces Round 982 (Div. 2),Roofsuf,2119,1729960500,1300,1412
2027,Codeforces Round 982 (Div. 2),pallavshrm27,2124,1729960500,1374,1429
2027,Codeforces Round 982 (Div. 2),doctorPrime,2125,1729960500,1249,1341
2027,Codeforces Round 982 (Div. 2),rohitsomani,2125,1729960500,1642,1625
2027,Codeforces Round 982 (Div. 2),manipulatedBit,2127,1729960500,1552,1558
2027,Codeforces Round 982 (Div. 2),zhouyeah,2127,1729960500,1292,1371
2027,Codeforces Round 982 (Div. 2),xmucp,2127,1729960500,1873,1801
2027,Codeforces Round 982 (Div. 2),keerthanyadav23,2127,1729960500,1594,1589
2027,Codeforces Round 982 (Div. 2),__AlephNuLL,2131,1729960500,1482,1506
2027,Codeforces Round 982 (Div. 2),robertlilintek,2131,1729960500,0,550
2027,Codeforces Round 982 (Div. 2),ducanh1234,2131,1729960500,1291,1370
2027,Codeforces Round 982 (Div. 2),ngocnho2605n,2134,1729960500,1489,1511
2027,Codeforces Round 982 (Div. 2),Ghassane,2134,1729960500,1580,1578
2027,Codeforces Round 982 (Div. 2),mystic_coder234,2134,1729960500,1544,1552
2027,Codeforces Round 982 (Div. 2),DSP-friendly,2134,1729960500,1536,1546
2027,Codeforces Round 982 (Div. 2),Tamzid_Tariq,2138,1729960500,1349,1410
2027,Codeforces Round 982 (Div. 2),ideally,2138,1729960500,451,862
2027,Codeforces Round 982 (Div. 2),Hagag,2138,1729960500,1691,1662
2027,Codeforces Round 982 (Div. 2),mimiya,2141,1729960500,1392,1441
2027,Codeforces Round 982 (Div. 2),Tomke,2141,1729960500,1333,1399
2027,Codeforces Round 982 (Div. 2),trailhead,2141,1729960500,1152,1275
2027,Codeforces Round 982 (Div. 2),notaleksandrlaptev,2141,1729960500,1530,1541
2027,Codeforces Round 982 (Div. 2),CM_quick,2141,1729960500,1583,1580
2027,Codeforces Round 982 (Div. 2),mhr23,2146,1729960500,1470,1497
2027,Codeforces Round 982 (Div. 2),sowing,2146,1729960500,1305,1436
2027,Codeforces Round 982 (Div. 2),Priyanshu_1.618031,2148,1729960500,1473,1499
2027,Codeforces Round 982 (Div. 2),dauka,2148,1729960500,1704,1671
2027,Codeforces Round 982 (Div. 2),MasterMuskan,2148,1729960500,1478,1503
2027,Codeforces Round 982 (Div. 2),keshav.sai0311,2148,1729960500,1426,1465
2027,Codeforces Round 982 (Div. 2),alphaRaWaY,2152,1729960500,1473,1499
2027,Codeforces Round 982 (Div. 2),notarmen,2153,1729960500,1335,1400
2027,Codeforces Round 982 (Div. 2),AlRntn,2153,1729960500,1777,1726
2027,Codeforces Round 982 (Div. 2),Somesh_012,2153,1729960500,1482,1505
2027,Codeforces Round 982 (Div. 2),-Grapes-,2153,1729960500,1390,1439
2027,Codeforces Round 982 (Div. 2),torif,2153,1729960500,1508,1525
2027,Codeforces Round 982 (Div. 2),L.us,2153,1729960500,0,549
2027,Codeforces Round 982 (Div. 2),rish01,2153,1729960500,1401,1447
2027,Codeforces Round 982 (Div. 2),Modulo.TwentyEight,2160,1729960500,1301,1376
2027,Codeforces Round 982 (Div. 2),jogarao,2161,1729960500,1422,1462
2027,Codeforces Round 982 (Div. 2),GuWolf,2162,1729960500,1506,1523
2027,Codeforces Round 982 (Div. 2),BrutHawk,2162,1729960500,1352,1411
2027,Codeforces Round 982 (Div. 2),elate,2162,1729960500,1470,1496
2027,Codeforces Round 982 (Div. 2),AnteTheDestroyer,2162,1729960500,1305,1378
2027,Codeforces Round 982 (Div. 2),bill_lin,2166,1729960500,1820,1758
2027,Codeforces Round 982 (Div. 2),dipu1927,2166,1729960500,1241,1334
2027,Codeforces Round 982 (Div. 2),The_Starry_Night,2166,1729960500,1419,1459
2027,Codeforces Round 982 (Div. 2),COME___BACK,2166,1729960500,1154,1275
2027,Codeforces Round 982 (Div. 2),duuuuude5,2170,1729960500,1394,1441
2027,Codeforces Round 982 (Div. 2),AboGhozah,2170,1729960500,1640,1622
2027,Codeforces Round 982 (Div. 2),Mo_Elaksher,2170,1729960500,1281,1362
2027,Codeforces Round 982 (Div. 2),utshab1618,2170,1729960500,1793,1738
2027,Codeforces Round 982 (Div. 2),sakethlucky11,2174,1729960500,1356,1449
2027,Codeforces Round 982 (Div. 2),yadvendra_iitd,2174,1729960500,1433,1469
2027,Codeforces Round 982 (Div. 2),colin_07,2174,1729960500,1427,1464
2027,Codeforces Round 982 (Div. 2),Aryan0524,2174,1729960500,1177,1290
2027,Codeforces Round 982 (Div. 2),the_only_noob,2174,1729960500,1891,1813
2027,Codeforces Round 982 (Div. 2),L1s0run,2174,1729960500,1961,1907
2027,Codeforces Round 982 (Div. 2),nemkin,2174,1729960500,1655,1633
2027,Codeforces Round 982 (Div. 2),Devanshu__Sharma,2181,1729960500,1281,1361
2027,Codeforces Round 982 (Div. 2),vandanpatel1703,2181,1729960500,1312,1382
2027,Codeforces Round 982 (Div. 2),batman1244,2181,1729960500,1477,1538
2027,Codeforces Round 982 (Div. 2),super_hook_girl_lover,2181,1729960500,1439,1473
2027,Codeforces Round 982 (Div. 2),HungHot,2185,1729960500,511,903
2027,Codeforces Round 982 (Div. 2),cimcle,2185,1729960500,1740,1697
2027,Codeforces Round 982 (Div. 2),nitin_choudhary,2185,1729960500,1337,1400
2027,Codeforces Round 982 (Div. 2),boris_7,2185,1729960500,1662,1638
2027,Codeforces Round 982 (Div. 2),LittleYoo,2185,1729960500,1611,1600
2027,Codeforces Round 982 (Div. 2),_Code_No.Name_,2185,1729960500,1033,1244
2027,Codeforces Round 982 (Div. 2),ikun-ikun,2191,1729960500,1297,1372
2027,Codeforces Round 982 (Div. 2),MallaSailesh,2191,1729960500,1427,1464
2027,Codeforces Round 982 (Div. 2),Shubh_Garg,2191,1729960500,1257,1344
2027,Codeforces Round 982 (Div. 2),xiaohuangji,2194,1729960500,1491,1510
2027,Codeforces Round 982 (Div. 2),dustin,2194,1729960500,1348,1407
2027,Codeforces Round 982 (Div. 2),TheDarkKnightRises.,2196,1729960500,1419,1458
2027,Codeforces Round 982 (Div. 2),Kevin.H,2196,1729960500,1191,1299
2027,Codeforces Round 982 (Div. 2),LonggVuz,2198,1729960500,456,863
2027,Codeforces Round 982 (Div. 2),JustOK,2198,1729960500,1662,1638
2027,Codeforces Round 982 (Div. 2),likesleep,2198,1729960500,917,1166
2027,Codeforces Round 982 (Div. 2),keshavcoding18,2201,1729960500,1338,1400
2027,Codeforces Round 982 (Div. 2),_Djhhh,2201,1729960500,1483,1504
2027,Codeforces Round 982 (Div. 2),Utkarsh1601,2201,1729960500,1445,1477
2027,Codeforces Round 982 (Div. 2),buri_buri_zaemon21,2201,1729960500,1406,1448
2027,Codeforces Round 982 (Div. 2),Ayxan007,2205,1729960500,1460,1487
2027,Codeforces Round 982 (Div. 2),pulkit_k26,2205,1729960500,1244,1335
2027,Codeforces Round 982 (Div. 2),kimryungyo,2205,1729960500,1038,1250
2027,Codeforces Round 982 (Div. 2),songcd,2205,1729960500,1389,1436
2027,Codeforces Round 982 (Div. 2),Overlord99,2209,1729960500,1542,1547
2027,Codeforces Round 982 (Div. 2),vrajshah2811,2209,1729960500,1457,1485
2027,Codeforces Round 982 (Div. 2),zhuanxihui,2209,1729960500,1694,1662
2027,Codeforces Round 982 (Div. 2),kamranm,2209,1729960500,1713,1676
2027,Codeforces Round 982 (Div. 2),Candypaint_9,2209,1729960500,1299,1372
2027,Codeforces Round 982 (Div. 2),omdixit2107,2214,1729960500,1453,1482
2027,Codeforces Round 982 (Div. 2),Xiter,2214,1729960500,1511,1524
2027,Codeforces Round 982 (Div. 2),hacker5238,2214,1729960500,1347,1406
2027,Codeforces Round 982 (Div. 2),akhileshsirohi,2214,1729960500,1441,1473
2027,Codeforces Round 982 (Div. 2),BhuwanSkumar,2214,1729960500,1362,1416
2027,Codeforces Round 982 (Div. 2),a7mad_taieb,2214,1729960500,1355,1411
2027,Codeforces Round 982 (Div. 2),_vaibhav_9888,2220,1729960500,1583,1577
2027,Codeforces Round 982 (Div. 2),ppbinh2010,2220,1729960500,1109,1243
2027,Codeforces Round 982 (Div. 2),summertime.sadness,2220,1729960500,1828,1763
2027,Codeforces Round 982 (Div. 2),Th1nker,2220,1729960500,1136,1261
2027,Codeforces Round 982 (Div. 2),xiaomo1001,2220,1729960500,1456,1484
2027,Codeforces Round 982 (Div. 2),Prashant_Flick,2225,1729960500,1379,1428
2027,Codeforces Round 982 (Div. 2),Madhav_1608,2225,1729960500,1847,1778
2027,Codeforces Round 982 (Div. 2),beny_kh,2225,1729960500,1496,1513
2027,Codeforces Round 982 (Div. 2),Xh_QwQ,2228,1729960500,1555,1556
2027,Codeforces Round 982 (Div. 2),itachiiii,2228,1729960500,574,947
2027,Codeforces Round 982 (Div. 2),bubble,2228,1729960500,1598,1588
2027,Codeforces Round 982 (Div. 2),d2s2,2228,1729960500,1542,1547
2027,Codeforces Round 982 (Div. 2),Partha,2228,1729960500,1555,1556
2027,Codeforces Round 982 (Div. 2),0saurav0,2233,1729960500,1469,1493
2027,Codeforces Round 982 (Div. 2),alyosha,2233,1729960500,1326,1390
2027,Codeforces Round 982 (Div. 2),re-bone,2233,1729960500,822,1123
2027,Codeforces Round 982 (Div. 2),LanaSkarica,2236,1729960500,1432,1466
2027,Codeforces Round 982 (Div. 2),saiteja_0712,2236,1729960500,1236,1328
2027,Codeforces Round 982 (Div. 2),rhm_gan,2238,1729960500,1375,1425
2027,Codeforces Round 982 (Div. 2),WTC_W,2238,1729960500,1785,1730
2027,Codeforces Round 982 (Div. 2),ragi_bytes,2240,1729960500,1504,1518
2027,Codeforces Round 982 (Div. 2),Khattaab,2240,1729960500,1497,1513
2027,Codeforces Round 982 (Div. 2),Tianyu_miao,2240,1729960500,1295,1368
2027,Codeforces Round 982 (Div. 2),Remineva,2240,1729960500,1680,1650
2027,Codeforces Round 982 (Div. 2),ilya_kip,2244,1729960500,1309,1378
2027,Codeforces Round 982 (Div. 2),sanmor.,2244,1729960500,1162,1277
2027,Codeforces Round 982 (Div. 2),s3yoonpark,2244,1729960500,1616,1601
2027,Codeforces Round 982 (Div. 2),darysani,2247,1729960500,1549,1551
2027,Codeforces Round 982 (Div. 2),AboObaida,2247,1729960500,1583,1576
2027,Codeforces Round 982 (Div. 2),KaLKIavtar,2247,1729960500,0,546
2027,Codeforces Round 982 (Div. 2),yxd1,2250,1729960500,1328,1391
2027,Codeforces Round 982 (Div. 2),Ahmed_Fahmy17,2250,1729960500,1385,1431
2027,Codeforces Round 982 (Div. 2),2.0,2250,1729960500,1752,1704
2027,Codeforces Round 982 (Div. 2),KFPanda,2253,1729960500,1761,1710
2027,Codeforces Round 982 (Div. 2),--jatin--,2253,1729960500,1492,1509
2027,Codeforces Round 982 (Div. 2),semicolon18,2253,1729960500,1586,1579
2027,Codeforces Round 982 (Div. 2),hmq,2253,1729960500,1549,1551
2027,Codeforces Round 982 (Div. 2),divyateja,2257,1729960500,1600,1589
2027,Codeforces Round 982 (Div. 2),HatodaAko,2257,1729960500,2026,1917
2027,Codeforces Round 982 (Div. 2),M-Sa3dy,2257,1729960500,1505,1518
2027,Codeforces Round 982 (Div. 2),pac-man,2257,1729960500,1608,1594
2027,Codeforces Round 982 (Div. 2),Valan_Tamil_Dasan,2257,1729960500,1375,1424
2027,Codeforces Round 982 (Div. 2),Soray2516,2257,1729960500,1329,1392
2027,Codeforces Round 982 (Div. 2),Hezov,2263,1729960500,1357,1411
2027,Codeforces Round 982 (Div. 2),ilyaZg,2263,1729960500,1521,1530
2027,Codeforces Round 982 (Div. 2),knyazev_sv,2263,1729960500,1522,1531
2027,Codeforces Round 982 (Div. 2),hatsunemiku11,2263,1729960500,1285,1360
2027,Codeforces Round 982 (Div. 2),params19,2267,1729960500,1275,1353
2027,Codeforces Round 982 (Div. 2),Aom_20,2267,1729960500,1235,1326
2027,Codeforces Round 982 (Div. 2),Urnisha_p,2267,1729960500,1453,1480
2027,Codeforces Round 982 (Div. 2),Priyanshu_phc,2267,1729960500,1257,1341
2027,Codeforces Round 982 (Div. 2),0x0F4240,2271,1729960500,1559,1558
2027,Codeforces Round 982 (Div. 2),SarthakCP21,2271,1729960500,1484,1502
2027,Codeforces Round 982 (Div. 2),ysahu,2271,1729960500,1251,1402
2027,Codeforces Round 982 (Div. 2),aadit59,2271,1729960500,1381,1428
2027,Codeforces Round 982 (Div. 2),adilsadman60,2275,1729960500,1470,1492
2027,Codeforces Round 982 (Div. 2),AGRAZ,2275,1729960500,1773,1719
2027,Codeforces Round 982 (Div. 2),AdletShelby,2277,1729960500,1851,1779
2027,Codeforces Round 982 (Div. 2),Harshjain4001,2277,1729960500,1542,1545
2027,Codeforces Round 982 (Div. 2),liankh,2277,1729960500,1488,1505
2027,Codeforces Round 982 (Div. 2),Lecorbio,2277,1729960500,1649,1625
2027,Codeforces Round 982 (Div. 2),coderlazy5,2277,1729960500,1001,1221
2027,Codeforces Round 982 (Div. 2),nik4o,2282,1729960500,1302,1371
2027,Codeforces Round 982 (Div. 2),shy0729,2283,1729960500,1593,1582
2027,Codeforces Round 982 (Div. 2),YOGI2004,2283,1729960500,1255,1339
2027,Codeforces Round 982 (Div. 2),yumingsk,2283,1729960500,1669,1640
2027,Codeforces Round 982 (Div. 2),Phnx29,2286,1729960500,1331,1392
2027,Codeforces Round 982 (Div. 2),i_am_extremely_dumb,2286,1729960500,1551,1551
2027,Codeforces Round 982 (Div. 2),Siddarth_MSR,2286,1729960500,1640,1618
2027,Codeforces Round 982 (Div. 2),IvayloS,2286,1729960500,1700,1663
2027,Codeforces Round 982 (Div. 2),Slamix,2290,1729960500,1292,1364
2027,Codeforces Round 982 (Div. 2),Kadir1,2291,1729960500,386,810
2027,Codeforces Round 982 (Div. 2),ansh_hacked,2291,1729960500,1489,1505
2027,Codeforces Round 982 (Div. 2),Vipattim_Jayati,2291,1729960500,1443,1471
2027,Codeforces Round 982 (Div. 2),Hamster_Jin,2294,1729960500,911,1117
2027,Codeforces Round 982 (Div. 2),StarLord024,2294,1729960500,1221,1315
2027,Codeforces Round 982 (Div. 2),rxl_re,2294,1729960500,1495,1510
2027,Codeforces Round 982 (Div. 2),SJ_SJ,2294,1729960500,1432,1464
2027,Codeforces Round 982 (Div. 2),_SHAHIN,2294,1729960500,1483,1501
2027,Codeforces Round 982 (Div. 2),achiieeec,2299,1729960500,1631,1610
2027,Codeforces Round 982 (Div. 2),Duziks,2299,1729960500,1288,1361
2027,Codeforces Round 982 (Div. 2),Abeke,2299,1729960500,1533,1537
2027,Codeforces Round 982 (Div. 2),infinitin007,2302,1729960500,1472,1492
2027,Codeforces Round 982 (Div. 2),Jerryliu2008,2302,1729960500,1386,1430
2027,Codeforces Round 982 (Div. 2),shvetagupta123,2302,1729960500,1473,1493
2027,Codeforces Round 982 (Div. 2),AhmedGhazaly,2305,1729960500,1288,1361
2027,Codeforces Round 982 (Div. 2),KurtSteinkraus,2305,1729960500,1249,1399
2027,Codeforces Round 982 (Div. 2),jalalium,2305,1729960500,1609,1594
2027,Codeforces Round 982 (Div. 2),duongthang,2305,1729960500,1472,1492
2027,Codeforces Round 982 (Div. 2),hqcoder,2305,1729960500,1409,1447
2027,Codeforces Round 982 (Div. 2),UchihaMadara786,2305,1729960500,1105,1294
2027,Codeforces Round 982 (Div. 2),Kcits970,2311,1729960500,953,1186
2027,Codeforces Round 982 (Div. 2),hippo19,2311,1729960500,1604,1590
2027,Codeforces Round 982 (Div. 2),letter,2311,1729960500,1320,1383
2027,Codeforces Round 982 (Div. 2),nianben,2311,1729960500,1551,1550
2027,Codeforces Round 982 (Div. 2),zheng_zijian,2311,1729960500,1452,1514
2027,Codeforces Round 982 (Div. 2),garvit2002,2316,1729960500,1401,1440
2027,Codeforces Round 982 (Div. 2),zabrouter,2316,1729960500,1604,1590
2027,Codeforces Round 982 (Div. 2),Rishiyangala,2318,1729960500,1630,1609
2027,Codeforces Round 982 (Div. 2),240205,2318,1729960500,1488,1503
2027,Codeforces Round 982 (Div. 2),Nedal,2318,1729960500,1823,1756
2027,Codeforces Round 982 (Div. 2),K.Outis,2318,1729960500,1150,1266
2027,Codeforces Round 982 (Div. 2),puravjn,2318,1729960500,1231,1321
2027,Codeforces Round 982 (Div. 2),KRKanakad,2323,1729960500,1508,1518
2027,Codeforces Round 982 (Div. 2),c111zzz,2324,1729960500,1394,1435
2027,Codeforces Round 982 (Div. 2),nikita2007,2324,1729960500,1191,1294
2027,Codeforces Round 982 (Div. 2),samvidpundir799,2324,1729960500,1313,1377
2027,Codeforces Round 982 (Div. 2),mvemjsun,2324,1729960500,1458,1481
2027,Codeforces Round 982 (Div. 2),IAMGaoeight,2328,1729960500,1474,1493
2027,Codeforces Round 982 (Div. 2),DariaMikhaylova,2328,1729960500,1364,1413
2027,Codeforces Round 982 (Div. 2),sungam1,2328,1729960500,1379,1460
2027,Codeforces Round 982 (Div. 2),3water,2331,1729960500,544,921
2027,Codeforces Round 982 (Div. 2),Anfi77,2331,1729960500,1335,1393
2027,Codeforces Round 982 (Div. 2),yell_,2331,1729960500,1310,1375
2027,Codeforces Round 982 (Div. 2),hima_vamsi_m,2331,1729960500,1590,1579
2027,Codeforces Round 982 (Div. 2),bshkort,2331,1729960500,0,543
2027,Codeforces Round 982 (Div. 2),shivroy,2336,1729960500,1168,1277
2027,Codeforces Round 982 (Div. 2),Mr.BearCoder,2336,1729960500,1402,1440
2027,Codeforces Round 982 (Div. 2),Rahul_Karthik,2336,1729960500,1476,1494
2027,Codeforces Round 982 (Div. 2),MinValgen,2336,1729960500,1365,1414
2027,Codeforces Round 982 (Div. 2),yashgo9878,2336,1729960500,1277,1352
2027,Codeforces Round 982 (Div. 2),ITIS_Code,2341,1729960500,1368,1416
2027,Codeforces Round 982 (Div. 2),TheRubicon,2341,1729960500,1133,1254
2027,Codeforces Round 982 (Div. 2),peiyangwjx,2343,1729960500,1621,1601
2027,Codeforces Round 982 (Div. 2),aslezar,2343,1729960500,1397,1437
2027,Codeforces Round 982 (Div. 2),Animmah,2343,1729960500,1460,1482
2027,Codeforces Round 982 (Div. 2),dmrmra,2343,1729960500,1623,1603
2027,Codeforces Round 982 (Div. 2),maguuus,2347,1729960500,1316,1379
2027,Codeforces Round 982 (Div. 2),Ziad_Abdou,2347,1729960500,1445,1471
2027,Codeforces Round 982 (Div. 2),Labib_tc,2347,1729960500,1390,1431
2027,Codeforces Round 982 (Div. 2),A_R_A,2347,1729960500,1312,1376
2027,Codeforces Round 982 (Div. 2),autn2643,2351,1729960500,1455,1478
2027,Codeforces Round 982 (Div. 2),HaUI.Yud,2351,1729960500,1154,1268
2027,Codeforces Round 982 (Div. 2),magagam,2351,1729960500,1459,1481
2027,Codeforces Round 982 (Div. 2),kimo,2351,1729960500,1636,1613
2027,Codeforces Round 982 (Div. 2),PseudoWritter,2351,1729960500,1653,1625
2027,Codeforces Round 982 (Div. 2),omgwtfbbqstfu,2351,1729960500,1512,1557
2027,Codeforces Round 982 (Div. 2),G_D,2351,1729960500,1542,1542
2027,Codeforces Round 982 (Div. 2),buchu,2358,1729960500,1159,1270
2027,Codeforces Round 982 (Div. 2),nxynb,2358,1729960500,1503,1513
2027,Codeforces Round 982 (Div. 2),_inu,2358,1729960500,1222,1313
2027,Codeforces Round 982 (Div. 2),heckdameth,2358,1729960500,1498,1509
2027,Codeforces Round 982 (Div. 2),rp20,2358,1729960500,1428,1459
2027,Codeforces Round 982 (Div. 2),Soffiaa,2358,1729960500,1475,1529
2027,Codeforces Round 982 (Div. 2),NexisTK,2358,1729960500,444,848
2027,Codeforces Round 982 (Div. 2),hellkaiserhaou,2365,1729960500,1367,1415
2027,Codeforces Round 982 (Div. 2),nafijimtiaz,2365,1729960500,1370,1416
2027,Codeforces Round 982 (Div. 2),WajdAlmadi,2367,1729960500,1152,1265
2027,Codeforces Round 982 (Div. 2),Ivangog,2367,1729960500,1576,1567
2027,Codeforces Round 982 (Div. 2),__rose,2367,1729960500,1366,1413
2027,Codeforces Round 982 (Div. 2),k12byda5h,2367,1729960500,1131,1310
2027,Codeforces Round 982 (Div. 2),abhijit_1408,2371,1729960500,1690,1653
2027,Codeforces Round 982 (Div. 2),shucshin,2371,1729960500,1412,1446
2027,Codeforces Round 982 (Div. 2),Pavly-Makram,2371,1729960500,1039,1192
2027,Codeforces Round 982 (Div. 2),guptaji_2,2371,1729960500,1585,1573
2027,Codeforces Round 982 (Div. 2),RaymondRedd,2375,1729960500,1311,1374
2027,Codeforces Round 982 (Div. 2),aimerfan,2375,1729960500,0,542
2027,Codeforces Round 982 (Div. 2),thor_odinson1,2375,1729960500,1643,1617
2027,Codeforces Round 982 (Div. 2),C01d,2378,1729960500,1373,1418
2027,Codeforces Round 982 (Div. 2),radhekrishn2104,2378,1729960500,1469,1487
2027,Codeforces Round 982 (Div. 2),close_enough,2378,1729960500,1690,1653
2027,Codeforces Round 982 (Div. 2),saminabdullah123,2378,1729960500,1039,1191
2027,Codeforces Round 982 (Div. 2),debghosh666,2378,1729960500,1512,1519
2027,Codeforces Round 982 (Div. 2),evwyb,2378,1729960500,848,1136
2027,Codeforces Round 982 (Div. 2),As1m0vv,2378,1729960500,778,1086
2027,Codeforces Round 982 (Div. 2),rishu8210,2385,1729960500,1250,1331
2027,Codeforces Round 982 (Div. 2),the_keshav.08,2385,1729960500,1524,1527
2027,Codeforces Round 982 (Div. 2),intensefrenemy4227,2385,1729960500,1292,1360
2027,Codeforces Round 982 (Div. 2),ma_moutahid,2388,1729960500,1933,1840
2027,Codeforces Round 982 (Div. 2),k-128,2389,1729960500,1294,1362
2027,Codeforces Round 982 (Div. 2),TNCWB_Better,2389,1729960500,1700,1660
2027,Codeforces Round 982 (Div. 2),OwnerOf666Niger,2389,1729960500,1279,1351
2027,Codeforces Round 982 (Div. 2),adipuli_2004,2389,1729960500,1483,1497
2027,Codeforces Round 982 (Div. 2),suhas018,2389,1729960500,1258,1336
2027,Codeforces Round 982 (Div. 2),rmnv,2389,1729960500,1616,1596
2027,Codeforces Round 982 (Div. 2),katonyonko,2389,1729960500,1919,1828
2027,Codeforces Round 982 (Div. 2),YYYYuki,2396,1729960500,1472,1489
2027,Codeforces Round 982 (Div. 2),Ku5Hg,2396,1729960500,1476,1492
2027,Codeforces Round 982 (Div. 2),gaurav_m7,2396,1729960500,1704,1663
2027,Codeforces Round 982 (Div. 2),msingh5_be20,2396,1729960500,1511,1555
2027,Codeforces Round 982 (Div. 2),mihir111p,2400,1729960500,1434,1461
2027,Codeforces Round 982 (Div. 2),hwmiao,2400,1729960500,1357,1442
2027,Codeforces Round 982 (Div. 2),zeroko,2400,1729960500,1464,1483
2027,Codeforces Round 982 (Div. 2),vansh3617,2400,1729960500,1310,1372
2027,Codeforces Round 982 (Div. 2),ParasBedi298,2400,1729960500,1559,1553
2027,Codeforces Round 982 (Div. 2),Proff_Shawn,2400,1729960500,1302,1424
2027,Codeforces Round 982 (Div. 2),not_huete,2406,1729960500,1049,1250
2027,Codeforces Round 982 (Div. 2),AbdoGad,2407,1729960500,1590,1576
2027,Codeforces Round 982 (Div. 2),Krit,2407,1729960500,1428,1457
2027,Codeforces Round 982 (Div. 2),xxx_pussyslayer69_xxx,2407,1729960500,1839,1766
2027,Codeforces Round 982 (Div. 2),nithish654,2410,1729960500,1539,1538
2027,Codeforces Round 982 (Div. 2),BurnerID69,2410,1729960500,1264,1340
2027,Codeforces Round 982 (Div. 2),theGitNoob,2412,1729960500,1450,1472
2027,Codeforces Round 982 (Div. 2),sriramtemp2000,2412,1729960500,1435,1462
2027,Codeforces Round 982 (Div. 2),mazen228,2412,1729960500,1394,1432
2027,Codeforces Round 982 (Div. 2),lrx___,2415,1729960500,1705,1663
2027,Codeforces Round 982 (Div. 2),mangosis,2415,1729960500,1366,1412
2027,Codeforces Round 982 (Div. 2),yu__xuan,2415,1729960500,1467,1485
2027,Codeforces Round 982 (Div. 2),Sweed,2418,1729960500,465,861
2027,Codeforces Round 982 (Div. 2),bytebard2004,2418,1729960500,1289,1357
2027,Codeforces Round 982 (Div. 2),ankurydv,2418,1729960500,1303,1367
2027,Codeforces Round 982 (Div. 2),prathamp_05,2418,1729960500,1515,1520
2027,Codeforces Round 982 (Div. 2),dumdum123,2422,1729960500,1643,1616
2027,Codeforces Round 982 (Div. 2),Raiji,2422,1729960500,981,1154
2027,Codeforces Round 982 (Div. 2),ajay.16,2424,1729960500,1166,1272
2027,Codeforces Round 982 (Div. 2),Kshitiz9975,2424,1729960500,1099,1228
2027,Codeforces Round 982 (Div. 2),Mohammed84Farouk,2424,1729960500,1543,1540
2027,Codeforces Round 982 (Div. 2),yimg,2424,1729960500,1573,1563
2027,Codeforces Round 982 (Div. 2),BurnerAce,2424,1729960500,1585,1571
2027,Codeforces Round 982 (Div. 2),Legendary_CP,2424,1729960500,1302,1366
2027,Codeforces Round 982 (Div. 2),Rajiun_nabi,2424,1729960500,1419,1450
2027,Codeforces Round 982 (Div. 2),Palindrome,2424,1729960500,1343,1395
2027,Codeforces Round 982 (Div. 2),jahangard,2424,1729960500,1971,1868
2027,Codeforces Round 982 (Div. 2),gyuzacha,2433,1729960500,1827,1755
2027,Codeforces Round 982 (Div. 2),maahirarora_0305,2433,1729960500,1354,1402
2027,Codeforces Round 982 (Div. 2),sudhanshu_2808,2433,1729960500,1380,1421
2027,Codeforces Round 982 (Div. 2),Luka_Zecevic,2436,1729960500,1352,1401
2027,Codeforces Round 982 (Div. 2),BeanJackfr,2436,1729960500,1369,1413
2027,Codeforces Round 982 (Div. 2),master_rak,2436,1729960500,0,539
2027,Codeforces Round 982 (Div. 2),Ankit3388,2436,1729960500,1177,1279
2027,Codeforces Round 982 (Div. 2),cyg_mihaiz,2440,1729960500,652,997
2027,Codeforces Round 982 (Div. 2),dayuxiaoshui,2440,1729960500,1327,1383
2027,Codeforces Round 982 (Div. 2),pawanmsr,2442,1729960500,1429,1456
2027,Codeforces Round 982 (Div. 2),xiahou,2442,1729960500,1219,1342
2027,Codeforces Round 982 (Div. 2),Morsi_,2442,1729960500,1249,1328
2027,Codeforces Round 982 (Div. 2),sidd_27,2442,1729960500,1191,1288
2027,Codeforces Round 982 (Div. 2),_Hemlock_,2442,1729960500,1311,1371
2027,Codeforces Round 982 (Div. 2),mohmmdali,2442,1729960500,1358,1405
2027,Codeforces Round 982 (Div. 2),hangto,2442,1729960500,1664,1631
2027,Codeforces Round 982 (Div. 2),mehul1512,2442,1729960500,1550,1545
2027,Codeforces Round 982 (Div. 2),ZcDawn,2450,1729960500,1461,1479
2027,Codeforces Round 982 (Div. 2),MacQuy,2450,1729960500,1301,1364
2027,Codeforces Round 982 (Div. 2),xsf111,2450,1729960500,1506,1512
2027,Codeforces Round 982 (Div. 2),DenMusya,2450,1729960500,1463,1481
2027,Codeforces Round 982 (Div. 2),Ionut27,2450,1729960500,1448,1470
2027,Codeforces Round 982 (Div. 2),Alikhder7,2450,1729960500,1427,1455
2027,Codeforces Round 982 (Div. 2),RajaVamshiNath,2450,1729960500,1530,1530
2027,Codeforces Round 982 (Div. 2),KonoDio,2457,1729960500,0,539
2027,Codeforces Round 982 (Div. 2),Perhac,2457,1729960500,1324,1380
2027,Codeforces Round 982 (Div. 2),nakili_daisuki,2457,1729960500,1130,1247
2027,Codeforces Round 982 (Div. 2),GabrielNeri,2457,1729960500,1184,1283
2027,Codeforces Round 982 (Div. 2),valyanarezka,2457,1729960500,1659,1627
2027,Codeforces Round 982 (Div. 2),trqrizu,2457,1729960500,1617,1595
2027,Codeforces Round 982 (Div. 2),rowechen,2463,1729960500,1964,1862
2027,Codeforces Round 982 (Div. 2),bibong,2464,1729960500,1417,1446
2027,Codeforces Round 982 (Div. 2),vivid_stareium,2465,1729960500,1282,1350
2027,Codeforces Round 982 (Div. 2),a_khare123,2465,1729960500,1084,1273
2027,Codeforces Round 982 (Div. 2),Dream_startooo,2465,1729960500,1436,1460
2027,Codeforces Round 982 (Div. 2),edge_case,2465,1729960500,1508,1513
2027,Codeforces Round 982 (Div. 2),Archaeopteryx,2465,1729960500,1596,1579
2027,Codeforces Round 982 (Div. 2),Sinatbt,2470,1729960500,1494,1502
2027,Codeforces Round 982 (Div. 2),Khawaja_,2470,1729960500,1445,1467
2027,Codeforces Round 982 (Div. 2),wanggl,2470,1729960500,1625,1601
2027,Codeforces Round 982 (Div. 2),cp_hater,2473,1729960500,1431,1457
2027,Codeforces Round 982 (Div. 2),Adhithyasena,2473,1729960500,439,840
2027,Codeforces Round 982 (Div. 2),mangoxuan,2475,1729960500,1039,1220
2027,Codeforces Round 982 (Div. 2),CrH2,2475,1729960500,1979,1873
2027,Codeforces Round 982 (Div. 2),sanamdeepsinghbhatia,2477,1729960500,1438,1461
2027,Codeforces Round 982 (Div. 2),stayhungry,2477,1729960500,1225,1310
2027,Codeforces Round 982 (Div. 2),EvaElfie,2477,1729960500,1206,1297
2027,Codeforces Round 982 (Div. 2),DeanMenezes93,2477,1729960500,1276,1413
2027,Codeforces Round 982 (Div. 2),daitangchen2008,2481,1729960500,1416,1446
2027,Codeforces Round 982 (Div. 2),_SSH_,2481,1729960500,1534,1532
2027,Codeforces Round 982 (Div. 2),kmaydo,2481,1729960500,1521,1522
2027,Codeforces Round 982 (Div. 2),sarthakvyas2006,2481,1729960500,1329,1383
2027,Codeforces Round 982 (Div. 2),The_Cryptic_TG,2481,1729960500,1707,1663
2027,Codeforces Round 982 (Div. 2),le3081,2486,1729960500,1066,1254
2027,Codeforces Round 982 (Div. 2),vishnus,2487,1729960500,1636,1608
2027,Codeforces Round 982 (Div. 2),DEXTER_quang,2487,1729960500,1315,1373
2027,Codeforces Round 982 (Div. 2),QiudaoyuMaster,2489,1729960500,1473,1548
2027,Codeforces Round 982 (Div. 2),Pei.,2489,1729960500,1442,1464
2027,Codeforces Round 982 (Div. 2),ravi_sumit33,2489,1729960500,1396,1430
2027,Codeforces Round 982 (Div. 2),mukhin_kostya,2489,1729960500,1596,1578
2027,Codeforces Round 982 (Div. 2),AamodJain,2489,1729960500,1504,1509
2027,Codeforces Round 982 (Div. 2),Nitin93501,2489,1729960500,1182,1281
2027,Codeforces Round 982 (Div. 2),juruosheep,2489,1729960500,1592,1575
2027,Codeforces Round 982 (Div. 2),alextigau,2489,1729960500,1489,1498
2027,Codeforces Round 982 (Div. 2),isA_lst_time,2489,1729960500,1283,1350
2027,Codeforces Round 982 (Div. 2),__Anshul__,2498,1729960500,815,1086
2027,Codeforces Round 982 (Div. 2),AhuraKz,2499,1729960500,1553,1545
2027,Codeforces Round 982 (Div. 2),Noctambulant,2500,1729960500,1647,1616
2027,Codeforces Round 982 (Div. 2),sensational03,2500,1729960500,1380,1419
2027,Codeforces Round 982 (Div. 2),Karavaiev,2500,1729960500,1604,1583
2027,Codeforces Round 982 (Div. 2),AG___,2500,1729960500,1472,1485
2027,Codeforces Round 982 (Div. 2),aryan672002,2500,1729960500,1111,1233
2027,Codeforces Round 982 (Div. 2),mayank69goel,2505,1729960500,1637,1609
2027,Codeforces Round 982 (Div. 2),justanerd,2505,1729960500,927,1160
2027,Codeforces Round 982 (Div. 2),25willwin,2505,1729960500,1421,1448
2027,Codeforces Round 982 (Div. 2),Daisy.,2505,1729960500,1466,1481
2027,Codeforces Round 982 (Div. 2),Kailash01,2509,1729960500,1322,1377
2027,Codeforces Round 982 (Div. 2),OCIN10,2509,1729960500,1391,1427
2027,Codeforces Round 982 (Div. 2),pekka_rider,2509,1729960500,1602,1582
2027,Codeforces Round 982 (Div. 2),tmpzlp,2512,1729960500,1882,1796
2027,Codeforces Round 982 (Div. 2),ParthP3,2512,1729960500,421,826
2027,Codeforces Round 982 (Div. 2),_Manual_,2512,1729960500,1178,1277
2027,Codeforces Round 982 (Div. 2),code_to_heaven,2512,1729960500,1471,1484
2027,Codeforces Round 982 (Div. 2),winter_aespa,2516,1729960500,1683,1643
2027,Codeforces Round 982 (Div. 2),Adnan_yayme,2516,1729960500,1654,1621
2027,Codeforces Round 982 (Div. 2),nhicutie448,2516,1729960500,1279,1382
2027,Codeforces Round 982 (Div. 2),barvay,2516,1729960500,1270,1340
2027,Codeforces Round 982 (Div. 2),the__professor,2520,1729960500,1373,1413
2027,Codeforces Round 982 (Div. 2),Zern0_0,2520,1729960500,1061,1249
2027,Codeforces Round 982 (Div. 2),LuoxuanLove,2520,1729960500,1460,1476
2027,Codeforces Round 982 (Div. 2),Abhinav_0806,2520,1729960500,1416,1443
2027,Codeforces Round 982 (Div. 2),U_L_T-Paoku,2520,1729960500,1499,1504
2027,Codeforces Round 982 (Div. 2),hustler221071,2520,1729960500,1285,1350
2027,Codeforces Round 982 (Div. 2),t3mpt,2520,1729960500,1515,1516
2027,Codeforces Round 982 (Div. 2),Hayan,2520,1729960500,1473,1485
2027,Codeforces Round 982 (Div. 2),QuanCraft,2520,1729960500,1372,1412
2027,Codeforces Round 982 (Div. 2),21.0,2529,1729960500,1490,1498
2027,Codeforces Round 982 (Div. 2),yesterNever,2529,1729960500,1283,1349
2027,Codeforces Round 982 (Div. 2),A_Nafees,2529,1729960500,1866,1783
2027,Codeforces Round 982 (Div. 2),JAC_Sadi,2529,1729960500,1755,1697
2027,Codeforces Round 982 (Div. 2),m_s_t_y,2529,1729960500,1610,1587
2027,Codeforces Round 982 (Div. 2),Ineesh_reddy,2534,1729960500,1449,1467
2027,Codeforces Round 982 (Div. 2),md83,2534,1729960500,1548,1540
2027,Codeforces Round 982 (Div. 2),rahulshamr620607,2534,1729960500,0,536
2027,Codeforces Round 982 (Div. 2),fREaK092,2534,1729960500,1351,1397
2027,Codeforces Round 982 (Div. 2),aaaaaac,2534,1729960500,1397,1430
2027,Codeforces Round 982 (Div. 2),weeker,2534,1729960500,1563,1552
2027,Codeforces Round 982 (Div. 2),desparado,2534,1729960500,1310,1367
2027,Codeforces Round 982 (Div. 2),samhuyc,2534,1729960500,1656,1622
2027,Codeforces Round 982 (Div. 2),garvitjain.og,2542,1729960500,1282,1348
2027,Codeforces Round 982 (Div. 2),bihnehminduh,2542,1729960500,1208,1296
2027,Codeforces Round 982 (Div. 2),Cloud_,2542,1729960500,1639,1609
2027,Codeforces Round 982 (Div. 2),M.Thaer,2542,1729960500,1433,1455
2027,Codeforces Round 982 (Div. 2),emni_o,2542,1729960500,1434,1456
2027,Codeforces Round 982 (Div. 2),RifatALmuiN,2547,1729960500,1460,1475
2027,Codeforces Round 982 (Div. 2),smeshar,2547,1729960500,1246,1322
2027,Codeforces Round 982 (Div. 2),proodigy,2547,1729960500,1213,1300
2027,Codeforces Round 982 (Div. 2),copyPasteCoder,2550,1729960500,1605,1583
2027,Codeforces Round 982 (Div. 2),Abdalaziz_Alshami,2550,1729960500,1548,1540
2027,Codeforces Round 982 (Div. 2),ElayV1313,2550,1729960500,1193,1286
2027,Codeforces Round 982 (Div. 2),cuongson,2550,1729960500,1773,1711
2027,Codeforces Round 982 (Div. 2),Nestik,2550,1729960500,1420,1446
2027,Codeforces Round 982 (Div. 2),iamarman,2555,1729960500,1430,1453
2027,Codeforces Round 982 (Div. 2),Abdu_Shik,2555,1729960500,1323,1376
2027,Codeforces Round 982 (Div. 2),666ggh,2555,1729960500,1194,1286
2027,Codeforces Round 982 (Div. 2),_CHEEMS_,2558,1729960500,1118,1235
2027,Codeforces Round 982 (Div. 2),404soloplayer1,2558,1729960500,1292,1412
2027,Codeforces Round 982 (Div. 2),YFffffffff,2558,1729960500,1244,1321
2027,Codeforces Round 982 (Div. 2),Mohit2002Kukreja,2561,1729960500,1520,1519
2027,Codeforces Round 982 (Div. 2),Olexander,2561,1729960500,1308,1365
2027,Codeforces Round 982 (Div. 2),emulative,2563,1729960500,1122,1290
2027,Codeforces Round 982 (Div. 2),FSZ560,2563,1729960500,1387,1422
2027,Codeforces Round 982 (Div. 2),Luffy-san,2565,1729960500,1410,1438
2027,Codeforces Round 982 (Div. 2),slow..thinker,2565,1729960500,1310,1366
2027,Codeforces Round 982 (Div. 2),lastbencher_14,2565,1729960500,1231,1312
2027,Codeforces Round 982 (Div. 2),hsuanxs111,2565,1729960500,1345,1391
2027,Codeforces Round 982 (Div. 2),sufi_16,2569,1729960500,1365,1405
2027,Codeforces Round 982 (Div. 2),kartik_gupta03,2569,1729960500,1079,1210
2027,Codeforces Round 982 (Div. 2),MokshMangal,2571,1729960500,1500,1504
2027,Codeforces Round 982 (Div. 2),FuelTheBurn,2572,1729960500,1742,1686
2027,Codeforces Round 982 (Div. 2),OmarMoBadr,2572,1729960500,1553,1543
2027,Codeforces Round 982 (Div. 2),Anuj123321,2572,1729960500,1140,1249
2027,Codeforces Round 982 (Div. 2),Mysterious_X,2572,1729960500,1390,1423
2027,Codeforces Round 982 (Div. 2),suuuiii,2572,1729960500,1489,1495
2027,Codeforces Round 982 (Div. 2),WhyYouSmile,2572,1729960500,957,1209
2027,Codeforces Round 982 (Div. 2),automaton24,2578,1729960500,1461,1474
2027,Codeforces Round 982 (Div. 2),MitakeMoca,2578,1729960500,1644,1611
2027,Codeforces Round 982 (Div. 2),sunrisevision,2578,1729960500,1165,1266
2027,Codeforces Round 982 (Div. 2),Azzay_11,2578,1729960500,1435,1456
2027,Codeforces Round 982 (Div. 2),Milil,2578,1729960500,1148,1254
2027,Codeforces Round 982 (Div. 2),stanirina,2578,1729960500,1550,1540
2027,Codeforces Round 982 (Div. 2),DarkSearch,2584,1729960500,1205,1293
2027,Codeforces Round 982 (Div. 2),Ali_07,2584,1729960500,1722,1671
2027,Codeforces Round 982 (Div. 2),Leeisateam,2584,1729960500,1987,1877
2027,Codeforces Round 982 (Div. 2),Nazar_Shch,2584,1729960500,1471,1482
2027,Codeforces Round 982 (Div. 2),ia7ck,2584,1729960500,1300,1359
2027,Codeforces Round 982 (Div. 2),yaya,2584,1729960500,1839,1761
2027,Codeforces Round 982 (Div. 2),second_acc,2584,1729960500,1265,1334
2027,Codeforces Round 982 (Div. 2),79209748,2591,1729960500,1633,1603
2027,Codeforces Round 982 (Div. 2),Ash-X-Phoenix,2591,1729960500,1125,1239
2027,Codeforces Round 982 (Div. 2),sodriet,2591,1729960500,1632,1602
2027,Codeforces Round 982 (Div. 2),man_in_the_hat_,2591,1729960500,1448,1465
2027,Codeforces Round 982 (Div. 2),believsh_1010,2595,1729960500,1407,1435
2027,Codeforces Round 982 (Div. 2),konni35,2595,1729960500,1269,1337
2027,Codeforces Round 982 (Div. 2),suiwaya,2595,1729960500,1453,1468
2027,Codeforces Round 982 (Div. 2),dh1,2598,1729960500,1433,1454
2027,Codeforces Round 982 (Div. 2),ramvijay_24,2598,1729960500,1299,1357
2027,Codeforces Round 982 (Div. 2),swarup19,2598,1729960500,1608,1584
2027,Codeforces Round 982 (Div. 2),RadioactiveDK7,2601,1729960500,1301,1359
2027,Codeforces Round 982 (Div. 2),JML,2601,1729960500,1540,1532
2027,Codeforces Round 982 (Div. 2),limabeans,2601,1729960500,1800,1730
2027,Codeforces Round 982 (Div. 2),AdisFDinArashi,2604,1729960500,1680,1638
2027,Codeforces Round 982 (Div. 2),SKRAY_059,2604,1729960500,1160,1295
2027,Codeforces Round 982 (Div. 2),nbzzz,2604,1729960500,1474,1483
2027,Codeforces Round 982 (Div. 2),nagureneeraj,2607,1729960500,1246,1320
2027,Codeforces Round 982 (Div. 2),jamil_safi,2607,1729960500,1386,1419
2027,Codeforces Round 982 (Div. 2),prasoon054,2609,1729960500,1362,1402
2027,Codeforces Round 982 (Div. 2),Alkaser_ID,2609,1729960500,1634,1603
2027,Codeforces Round 982 (Div. 2),neural_gainzz,2609,1729960500,1271,1337
2027,Codeforces Round 982 (Div. 2),sectumsemprra,2609,1729960500,1333,1381
2027,Codeforces Round 982 (Div. 2),yuvi_768,2609,1729960500,1247,1355
2027,Codeforces Round 982 (Div. 2),_Untrackable_,2609,1729960500,1302,1359
2027,Codeforces Round 982 (Div. 2),_watch_this_,2609,1729960500,1404,1432
2027,Codeforces Round 982 (Div. 2),Bardia_AB,2609,1729960500,1530,1525
2027,Codeforces Round 982 (Div. 2),nicolaev,2609,1729960500,1481,1488
2027,Codeforces Round 982 (Div. 2),ParsaFarin,2618,1729960500,1474,1483
2027,Codeforces Round 982 (Div. 2),kphoenix,2618,1729960500,1186,1279
2027,Codeforces Round 982 (Div. 2),Praim,2618,1729960500,1209,1294
2027,Codeforces Round 982 (Div. 2),ali2241,2621,1729960500,1629,1599
2027,Codeforces Round 982 (Div. 2),hehe012,2621,1729960500,1518,1515
2027,Codeforces Round 982 (Div. 2),MK4624,2621,1729960500,1269,1371
2027,Codeforces Round 982 (Div. 2),Kagarii22,2624,1729960500,1142,1249
2027,Codeforces Round 982 (Div. 2),giorgi_pkhaladze,2624,1729960500,1336,1383
2027,Codeforces Round 982 (Div. 2),akash10rout,2626,1729960500,1513,1511
2027,Codeforces Round 982 (Div. 2),dibyxnshu,2626,1729960500,1274,1339
2027,Codeforces Round 982 (Div. 2),HosseinAbadan,2626,1729960500,1743,1685
2027,Codeforces Round 982 (Div. 2),monubhargav,2626,1729960500,1569,1553
2027,Codeforces Round 982 (Div. 2),-archit-,2630,1729960500,1368,1406
2027,Codeforces Round 982 (Div. 2),qianliang23333,2630,1729960500,1296,1354
2027,Codeforces Round 982 (Div. 2),HACKTHEBEST1234,2632,1729960500,1481,1488
2027,Codeforces Round 982 (Div. 2),1205691775,2632,1729960500,2062,1935
2027,Codeforces Round 982 (Div. 2),Saurav_Kumar,2632,1729960500,1420,1443
2027,Codeforces Round 982 (Div. 2),masti,2632,1729960500,1532,1525
2027,Codeforces Round 982 (Div. 2),kir_b,2632,1729960500,1373,1409
2027,Codeforces Round 982 (Div. 2),Rua_bit,2637,1729960500,1445,1461
2027,Codeforces Round 982 (Div. 2),CarpeTree,2637,1729960500,1196,1319
2027,Codeforces Round 982 (Div. 2),imprince,2637,1729960500,1473,1482
2027,Codeforces Round 982 (Div. 2),uint,2640,1729960500,803,1094
2027,Codeforces Round 982 (Div. 2),tricksterboi,2640,1729960500,1433,1452
2027,Codeforces Round 982 (Div. 2),juten,2642,1729960500,1138,1279
2027,Codeforces Round 982 (Div. 2),chuka231,2643,1729960500,1639,1605
2027,Codeforces Round 982 (Div. 2),wlmrh,2643,1729960500,1541,1532
2027,Codeforces Round 982 (Div. 2),diego_in_cf,2643,1729960500,1539,1530
2027,Codeforces Round 982 (Div. 2),noobCoderVP,2643,1729960500,1474,1482
2027,Codeforces Round 982 (Div. 2),Gabriel98,2643,1729960500,1632,1600
2027,Codeforces Round 982 (Div. 2),pavan1670,2643,1729960500,1649,1614
2027,Codeforces Round 982 (Div. 2),sameer2004,2649,1729960500,875,1122
2027,Codeforces Round 982 (Div. 2),dineshdcoc,2649,1729960500,1382,1415
2027,Codeforces Round 982 (Div. 2),RH_Konok,2651,1729960500,890,1089
2027,Codeforces Round 982 (Div. 2),dad,2651,1729960500,1546,1535
2027,Codeforces Round 982 (Div. 2),ChineseBheL,2651,1729960500,1413,1437
2027,Codeforces Round 982 (Div. 2),krishsingla06,2651,1729960500,1541,1531
2027,Codeforces Round 982 (Div. 2),Shahriar_88,2651,1729960500,1286,1346
2027,Codeforces Round 982 (Div. 2),Kunal_Bhardwaj,2656,1729960500,1066,1198
2027,Codeforces Round 982 (Div. 2),KINGZIE,2656,1729960500,1635,1602
2027,Codeforces Round 982 (Div. 2),Kolyanchick,2656,1729960500,1556,1543
2027,Codeforces Round 982 (Div. 2),Moynul_Islam,2659,1729960500,1455,1467
2027,Codeforces Round 982 (Div. 2),shivanshdhawan21,2659,1729960500,1468,1477
2027,Codeforces Round 982 (Div. 2),vedxnt,2661,1729960500,1380,1413
2027,Codeforces Round 982 (Div. 2),jackhftang,2661,1729960500,1447,1461
2027,Codeforces Round 982 (Div. 2),VexedVectors101,2661,1729960500,1391,1421
2027,Codeforces Round 982 (Div. 2),Invinvibleanirban,2661,1729960500,966,1134
2027,Codeforces Round 982 (Div. 2),asr_ayanokoji,2661,1729960500,1255,1324
2027,Codeforces Round 982 (Div. 2),heisenberg..,2666,1729960500,1537,1528
2027,Codeforces Round 982 (Div. 2),sangam2ishra,2666,1729960500,1432,1451
2027,Codeforces Round 982 (Div. 2),vkcodeforces,2666,1729960500,1369,1405
2027,Codeforces Round 982 (Div. 2),Dark_knight174,2666,1729960500,1492,1495
2027,Codeforces Round 982 (Div. 2),siddharth_yd,2670,1729960500,1426,1446
2027,Codeforces Round 982 (Div. 2),khan_ali,2670,1729960500,1434,1452
2027,Codeforces Round 982 (Div. 2),Macho_Moron_96,2670,1729960500,1461,1472
2027,Codeforces Round 982 (Div. 2),wbsbot,2670,1729960500,831,1113
2027,Codeforces Round 982 (Div. 2),-tmp22,2674,1729960500,1136,1243
2027,Codeforces Round 982 (Div. 2),Izaz,2674,1729960500,1475,1482
2027,Codeforces Round 982 (Div. 2),chandler1837,2674,1729960500,1635,1601
2027,Codeforces Round 982 (Div. 2),RitwikRishRaj,2674,1729960500,1000,1202
2027,Codeforces Round 982 (Div. 2),MahD,2674,1729960500,1444,1459
2027,Codeforces Round 982 (Div. 2),SidA003,2674,1729960500,1316,1367
2027,Codeforces Round 982 (Div. 2),Citrus_maxima,2680,1729960500,1286,1345
2027,Codeforces Round 982 (Div. 2),zhc135,2680,1729960500,1251,1321
2027,Codeforces Round 982 (Div. 2),ChrisKJM,2680,1729960500,0,531
2027,Codeforces Round 982 (Div. 2),EdL,2680,1729960500,1287,1346
2027,Codeforces Round 982 (Div. 2),vanvector,2680,1729960500,1930,1829
2027,Codeforces Round 982 (Div. 2),prabhav_cf,2680,1729960500,1249,1319
2027,Codeforces Round 982 (Div. 2),xingsirumeng,2680,1729960500,1538,1528
2027,Codeforces Round 982 (Div. 2),_Sterben_,2680,1729960500,1362,1399
2027,Codeforces Round 982 (Div. 2),imtushar0001,2680,1729960500,1505,1504
2027,Codeforces Round 982 (Div. 2),use__less,2680,1729960500,821,1106
2027,Codeforces Round 982 (Div. 2),Mohamed_M.M.R,2690,1729960500,1679,1635
2027,Codeforces Round 982 (Div. 2),antiplib,2690,1729960500,1233,1308
2027,Codeforces Round 982 (Div. 2),woaixuexiSR,2690,1729960500,1665,1624
2027,Codeforces Round 982 (Div. 2),_from_scratch,2690,1729960500,1701,1651
2027,Codeforces Round 982 (Div. 2),anishray042,2690,1729960500,1370,1405
2027,Codeforces Round 982 (Div. 2),Ronak1808,2690,1729960500,1649,1612
2027,Codeforces Round 982 (Div. 2),bugbu6,2696,1729960500,1196,1337
2027,Codeforces Round 982 (Div. 2),sting_like_a_bee,2696,1729960500,1394,1422
2027,Codeforces Round 982 (Div. 2),Parfen01,2696,1729960500,1731,1674
2027,Codeforces Round 982 (Div. 2),Sveshnikov,2699,1729960500,1747,1686
2027,Codeforces Round 982 (Div. 2),muhil18,2699,1729960500,1184,1274
2027,Codeforces Round 982 (Div. 2),BhavikYadav,2699,1729960500,1147,1249
2027,Codeforces Round 982 (Div. 2),Solo_codee,2699,1729960500,1447,1461
2027,Codeforces Round 982 (Div. 2),siugi,2703,1729960500,1461,1471
2027,Codeforces Round 982 (Div. 2),shi-bal,2703,1729960500,1202,1287
2027,Codeforces Round 982 (Div. 2),Jalendra_123,2703,1729960500,1178,1270
2027,Codeforces Round 982 (Div. 2),Aeternum632,2703,1729960500,1220,1299
2027,Codeforces Round 982 (Div. 2),Sh_Kaisar,2703,1729960500,934,1113
2027,Codeforces Round 982 (Div. 2),AhmedZ_1,2708,1729960500,1465,1473
2027,Codeforces Round 982 (Div. 2),ArcAkiZki,2708,1729960500,1508,1542
2027,Codeforces Round 982 (Div. 2),-Akihito,2708,1729960500,1288,1346
2027,Codeforces Round 982 (Div. 2),chinmay_02,2708,1729960500,1370,1404
2027,Codeforces Round 982 (Div. 2),just_a_chill_guy,2708,1729960500,1582,1561
2027,Codeforces Round 982 (Div. 2),1018lll,2708,1729960500,1120,1290
2027,Codeforces Round 982 (Div. 2),vyom_1225,2714,1729960500,1425,1444
2027,Codeforces Round 982 (Div. 2),AkshatSrivastava,2714,1729960500,1363,1399
2027,Codeforces Round 982 (Div. 2),abhinavsingh_82,2714,1729960500,1383,1413
2027,Codeforces Round 982 (Div. 2),FakeAjay,2714,1729960500,927,1182
2027,Codeforces Round 982 (Div. 2),chichiro,2714,1729960500,1491,1492
2027,Codeforces Round 982 (Div. 2),ata_karim,2719,1729960500,1349,1389
2027,Codeforces Round 982 (Div. 2),p2k,2719,1729960500,1602,1576
2027,Codeforces Round 982 (Div. 2),monaxia,2719,1729960500,1296,1351
2027,Codeforces Round 982 (Div. 2),Aiden_02,2719,1729960500,1599,1573
2027,Codeforces Round 982 (Div. 2),div1345gupta,2723,1729960500,1348,1388
2027,Codeforces Round 982 (Div. 2),_shelby70,2723,1729960500,1200,1284
2027,Codeforces Round 982 (Div. 2),mitanshu2019,2723,1729960500,1345,1386
2027,Codeforces Round 982 (Div. 2),sarodesparsh,2723,1729960500,1425,1444
2027,Codeforces Round 982 (Div. 2),akhilPrabananth,2723,1729960500,1549,1535
2027,Codeforces Round 982 (Div. 2),_P.E.K.K.A_,2723,1729960500,1439,1454
2027,Codeforces Round 982 (Div. 2),rishabh_sri17,2729,1729960500,1350,1389
2027,Codeforces Round 982 (Div. 2),hars_raj,2729,1729960500,1435,1451
2027,Codeforces Round 982 (Div. 2),traveler__,2729,1729960500,1131,1290
2027,Codeforces Round 982 (Div. 2),Sibycoin,2732,1729960500,1605,1577
2027,Codeforces Round 982 (Div. 2),_Madoka,2732,1729960500,1408,1431
2027,Codeforces Round 982 (Div. 2),rkn2005,2732,1729960500,874,1076
2027,Codeforces Round 982 (Div. 2),Yahbim,2735,1729960500,1776,1707
2027,Codeforces Round 982 (Div. 2),devecent,2735,1729960500,1363,1399
2027,Codeforces Round 982 (Div. 2),KP__,2735,1729960500,1334,1377
2027,Codeforces Round 982 (Div. 2),astronom1cal,2735,1729960500,1471,1477
2027,Codeforces Round 982 (Div. 2),0.o,2739,1729960500,1242,1313
2027,Codeforces Round 982 (Div. 2),Osman_112,2739,1729960500,1025,1168
2027,Codeforces Round 982 (Div. 2),Hataru,2739,1729960500,1271,1368
2027,Codeforces Round 982 (Div. 2),upsainian3747,2739,1729960500,1619,1588
2027,Codeforces Round 982 (Div. 2),Loopguru321,2739,1729960500,1314,1363
2027,Codeforces Round 982 (Div. 2),Jaguar,2744,1729960500,1494,1494
2027,Codeforces Round 982 (Div. 2),Holanda2103,2744,1729960500,1364,1399
2027,Codeforces Round 982 (Div. 2),ajdhk,2744,1729960500,1389,1417
2027,Codeforces Round 982 (Div. 2),coindarw,2744,1729960500,1892,1798
2027,Codeforces Round 982 (Div. 2),gaoxam123,2744,1729960500,1550,1536
2027,Codeforces Round 982 (Div. 2),shrek1234,2744,1729960500,1331,1375
2027,Codeforces Round 982 (Div. 2),BrotherHong,2750,1729960500,1550,1535
2027,Codeforces Round 982 (Div. 2),DonMichael,2750,1729960500,1497,1533
2027,Codeforces Round 982 (Div. 2),rnishu12,2750,1729960500,1461,1469
2027,Codeforces Round 982 (Div. 2),Chef_OMF,2753,1729960500,1320,1367
2027,Codeforces Round 982 (Div. 2),Necrosis_,2753,1729960500,1250,1318
2027,Codeforces Round 982 (Div. 2),ascyrax_,2753,1729960500,1411,1432
2027,Codeforces Round 982 (Div. 2),K_vinay_123,2756,1729960500,1105,1219
2027,Codeforces Round 982 (Div. 2),Mugiwara_01,2756,1729960500,1467,1473
2027,Codeforces Round 982 (Div. 2),Toufik,2756,1729960500,1485,1487
2027,Codeforces Round 982 (Div. 2),_Rounak,2759,1729960500,1492,1492
2027,Codeforces Round 982 (Div. 2),krishankant05,2759,1729960500,1458,1466
2027,Codeforces Round 982 (Div. 2),AnshulKawarey,2759,1729960500,1143,1278
2027,Codeforces Round 982 (Div. 2),ycperson,2759,1729960500,1375,1406
2027,Codeforces Round 982 (Div. 2),avirat2211,2759,1729960500,1440,1454
2027,Codeforces Round 982 (Div. 2),i_am_pratik,2759,1729960500,1377,1407
2027,Codeforces Round 982 (Div. 2),Sugee,2759,1729960500,1464,1471
2027,Codeforces Round 982 (Div. 2),dhruvcodes423,2759,1729960500,1354,1391
2027,Codeforces Round 982 (Div. 2),mercyknight100,2759,1729960500,1331,1374
2027,Codeforces Round 982 (Div. 2),zerocloud01,2768,1729960500,1381,1410
2027,Codeforces Round 982 (Div. 2),Vcoistnt,2768,1729960500,1278,1337
2027,Codeforces Round 982 (Div. 2),ikeha,2768,1729960500,1244,1313
2027,Codeforces Round 982 (Div. 2),Ra7_aljaml_bima_7aml,2768,1729960500,1075,1199
2027,Codeforces Round 982 (Div. 2),Felix555,2768,1729960500,1158,1254
2027,Codeforces Round 982 (Div. 2),qianshuln,2773,1729960500,1456,1465
2027,Codeforces Round 982 (Div. 2),SpringHan,2773,1729960500,1498,1495
2027,Codeforces Round 982 (Div. 2),qsxDreee,2773,1729960500,1401,1424
2027,Codeforces Round 982 (Div. 2),AceAlgo_07,2773,1729960500,855,1102
2027,Codeforces Round 982 (Div. 2),rampkroctzzc,2777,1729960500,1221,1297
2027,Codeforces Round 982 (Div. 2),_wannacry_,2777,1729960500,1294,1348
2027,Codeforces Round 982 (Div. 2),ramazan777,2777,1729960500,1426,1443
2027,Codeforces Round 982 (Div. 2),skinnyasiandude,2777,1729960500,1585,1561
2027,Codeforces Round 982 (Div. 2),sou_rai,2777,1729960500,0,528
2027,Codeforces Round 982 (Div. 2),catgirl,2777,1729960500,1657,1615
2027,Codeforces Round 982 (Div. 2),fuziyi0702,2783,1729960500,1042,1177
2027,Codeforces Round 982 (Div. 2),cryomancer148,2783,1729960500,1677,1631
2027,Codeforces Round 982 (Div. 2),Zoma17,2785,1729960500,1682,1635
2027,Codeforces Round 982 (Div. 2),onii__chan,2785,1729960500,1424,1441
2027,Codeforces Round 982 (Div. 2),bekarcoder2005,2785,1729960500,1371,1402
2027,Codeforces Round 982 (Div. 2),0missionimpossible0,2785,1729960500,1701,1648
2027,Codeforces Round 982 (Div. 2),parth_mishra23,2789,1729960500,1468,1473
2027,Codeforces Round 982 (Div. 2),sho_eib_w_sho_msh_eib,2789,1729960500,1424,1441
2027,Codeforces Round 982 (Div. 2),sathviksidd,2789,1729960500,1345,1383
2027,Codeforces Round 982 (Div. 2),aaaaaannnnnnaan,2789,1729960500,501,874
2027,Codeforces Round 982 (Div. 2),WhoCareRating.,2789,1729960500,1518,1510
2027,Codeforces Round 982 (Div. 2),Ls110916,2789,1729960500,1300,1351
2027,Codeforces Round 982 (Div. 2),SaveliyIsaev,2795,1729960500,1374,1405
2027,Codeforces Round 982 (Div. 2),YoussefSobhy30,2795,1729960500,1614,1582
2027,Codeforces Round 982 (Div. 2),vannagar.,2795,1729960500,1575,1553
2027,Codeforces Round 982 (Div. 2),chetan2004,2798,1729960500,1627,1592
2027,Codeforces Round 982 (Div. 2),Chaotic_carni,2798,1729960500,1410,1430
2027,Codeforces Round 982 (Div. 2),shiv-aay,2798,1729960500,1565,1545
2027,Codeforces Round 982 (Div. 2),wylt_bupt,2801,1729960500,529,894
2027,Codeforces Round 982 (Div. 2),EkkoTM,2801,1729960500,1364,1397
2027,Codeforces Round 982 (Div. 2),Oryshych,2803,1729960500,1558,1539
2027,Codeforces Round 982 (Div. 2),narrrruuto,2803,1729960500,1337,1377
2027,Codeforces Round 982 (Div. 2),Omar_Mohammad,2803,1729960500,1904,1806
2027,Codeforces Round 982 (Div. 2),meotkt234,2803,1729960500,1143,1243
2027,Codeforces Round 982 (Div. 2),v_potoke,2803,1729960500,1343,1382
2027,Codeforces Round 982 (Div. 2),ThorOfWebDev,2808,1729960500,1124,1230
2027,Codeforces Round 982 (Div. 2),BikashPdYadav,2809,1729960500,1369,1400
2027,Codeforces Round 982 (Div. 2),koyomi_xox,2809,1729960500,0,527
2027,Codeforces Round 982 (Div. 2),isnotKokomi,2809,1729960500,0,527
2027,Codeforces Round 982 (Div. 2),whb569,2809,1729960500,1200,1316
2027,Codeforces Round 982 (Div. 2),kya_maal_hai_yaar,2809,1729960500,1552,1573
2027,Codeforces Round 982 (Div. 2),xxyylearn,2809,1729960500,777,1070
2027,Codeforces Round 982 (Div. 2),konglb,2815,1729960500,1515,1507
2027,Codeforces Round 982 (Div. 2),zimno,2815,1729960500,1504,1499
2027,Codeforces Round 982 (Div. 2),aryk8an,2815,1729960500,1365,1397
2027,Codeforces Round 982 (Div. 2),AWei,2815,1729960500,1387,1413
2027,Codeforces Round 982 (Div. 2),Panda_codes,2815,1729960500,1300,1351
2027,Codeforces Round 982 (Div. 2),sahilf637,2815,1729960500,1233,1304
2027,Codeforces Round 982 (Div. 2),gauravupadhyay,2821,1729960500,1269,1329
2027,Codeforces Round 982 (Div. 2),Sourav__01,2821,1729960500,1326,1369
2027,Codeforces Round 982 (Div. 2),Arju_365i,2821,1729960500,1462,1468
2027,Codeforces Round 982 (Div. 2),LeoZhang_2012,2821,1729960500,1174,1263
2027,Codeforces Round 982 (Div. 2),codeanand17,2821,1729960500,1393,1417
2027,Codeforces Round 982 (Div. 2),Believe_In_God,2826,1729960500,1100,1213
2027,Codeforces Round 982 (Div. 2),Snigdho1978,2826,1729960500,1445,1455
2027,Codeforces Round 982 (Div. 2),Romicro,2826,1729960500,1660,1616
2027,Codeforces Round 982 (Div. 2),zaque1,2826,1729960500,1334,1447
2027,Codeforces Round 982 (Div. 2),fmp_noname_,2826,1729960500,1380,1408
2027,Codeforces Round 982 (Div. 2),Somefolk,2826,1729960500,1227,1299
2027,Codeforces Round 982 (Div. 2),bonk,2826,1729960500,1759,1692
2027,Codeforces Round 982 (Div. 2),helicopto,2833,1729960500,1281,1337
2027,Codeforces Round 982 (Div. 2),TANMAY_1408,2833,1729960500,1486,1485
2027,Codeforces Round 982 (Div. 2),Angooo,2833,1729960500,1306,1354
2027,Codeforces Round 982 (Div. 2),Aheront_,2833,1729960500,1223,1331
2027,Codeforces Round 982 (Div. 2),pallavgoyal136,2833,1729960500,1941,1834
2027,Codeforces Round 982 (Div. 2),senshiiii,2838,1729960500,414,810
2027,Codeforces Round 982 (Div. 2),roshanVerma,2838,1729960500,1651,1609
2027,Codeforces Round 982 (Div. 2),ITBlockZ,2838,1729960500,1163,1255
2027,Codeforces Round 982 (Div. 2),Destroyer069,2838,1729960500,1331,1372
2027,Codeforces Round 982 (Div. 2),error407,2842,1729960500,1212,1288
2027,Codeforces Round 982 (Div. 2),Sumith_chandra,2842,1729960500,1399,1421
2027,Codeforces Round 982 (Div. 2),Ke_scholar,2844,1729960500,1500,1495
2027,Codeforces Round 982 (Div. 2),Im.Boo,2844,1729960500,995,1145
2027,Codeforces Round 982 (Div. 2),twoeggandanvegetable,2844,1729960500,0,526
2027,Codeforces Round 982 (Div. 2),__4mpty__,2844,1729960500,1376,1404
2027,Codeforces Round 982 (Div. 2),AC_or_suicide,2844,1729960500,1343,1380
2027,Codeforces Round 982 (Div. 2),refred1,2849,1729960500,1356,1390
2027,Codeforces Round 982 (Div. 2),leo_small,2850,1729960500,869,1135
2027,Codeforces Round 982 (Div. 2),skullhell,2850,1729960500,755,1053
2027,Codeforces Round 982 (Div. 2),rayated,2850,1729960500,1622,1587
2027,Codeforces Round 982 (Div. 2),Akaki_Macharashvili,2850,1729960500,1715,1658
2027,Codeforces Round 982 (Div. 2),Parthprajapat_2005,2850,1729960500,1330,1371
2027,Codeforces Round 982 (Div. 2),9ine,2850,1729960500,1297,1348
2027,Codeforces Round 982 (Div. 2),Crab,2850,1729960500,1329,1370
2027,Codeforces Round 982 (Div. 2),Mohammed_Ayad_Alhajji,2850,1729960500,1344,1381
2027,Codeforces Round 982 (Div. 2),Jackkk,2858,1729960500,1405,1425
2027,Codeforces Round 982 (Div. 2),PaulSaisnouo,2858,1729960500,1365,1396
2027,Codeforces Round 982 (Div. 2),runde,2858,1729960500,1683,1633
2027,Codeforces Round 982 (Div. 2),immortalnotop,2858,1729960500,1283,1396
2027,Codeforces Round 982 (Div. 2),FURDREAMS,2858,1729960500,1654,1611
2027,Codeforces Round 982 (Div. 2),BlackCat_,2863,1729960500,1360,1392
2027,Codeforces Round 982 (Div. 2),Dynamyte,2863,1729960500,1264,1324
2027,Codeforces Round 982 (Div. 2),Gojo---Satoru,2863,1729960500,1354,1388
2027,Codeforces Round 982 (Div. 2),shashwat_ss,2863,1729960500,1340,1378
2027,Codeforces Round 982 (Div. 2),Taha_adeel,2863,1729960500,1677,1629
2027,Codeforces Round 982 (Div. 2),Nari0222,2868,1729960500,1564,1543
2027,Codeforces Round 982 (Div. 2),aryan.12,2868,1729960500,1284,1338
2027,Codeforces Round 982 (Div. 2),lucky_ducky1,2868,1729960500,1616,1582
2027,Codeforces Round 982 (Div. 2),BUILDER_OP,2868,1729960500,1590,1562
2027,Codeforces Round 982 (Div. 2),sorry_liby,2868,1729960500,586,934
2027,Codeforces Round 982 (Div. 2),fshokripour,2868,1729960500,1508,1501
2027,Codeforces Round 982 (Div. 2),__ViLLiaN__,2868,1729960500,1510,1501
2027,Codeforces Round 982 (Div. 2),vishish_07,2875,1729960500,1143,1240
2027,Codeforces Round 982 (Div. 2),nimeshmali,2875,1729960500,1237,1304
2027,Codeforces Round 982 (Div. 2),cosmosking,2875,1729960500,1344,1380
2027,Codeforces Round 982 (Div. 2),yasir2225,2878,1729960500,1011,1154
2027,Codeforces Round 982 (Div. 2),cyborg2014,2878,1729960500,1461,1465
2027,Codeforces Round 982 (Div. 2),prabhakar03,2878,1729960500,1478,1478
2027,Codeforces Round 982 (Div. 2),Nitin333,2878,1729960500,1451,1458
2027,Codeforces Round 982 (Div. 2),SegmentTree,2878,1729960500,1316,1360
2027,Codeforces Round 982 (Div. 2),m-8719180,2878,1729960500,359,770
2027,Codeforces Round 982 (Div. 2),newone2002,2878,1729960500,1088,1237
2027,Codeforces Round 982 (Div. 2),AJ148,2885,1729960500,1512,1503
2027,Codeforces Round 982 (Div. 2),m3tr0,2885,1729960500,1727,1666
2027,Codeforces Round 982 (Div. 2),MOAZ_KING,2885,1729960500,1222,1294
2027,Codeforces Round 982 (Div. 2),catburglar_nami,2888,1729960500,1279,1333
2027,Codeforces Round 982 (Div. 2),bro_wtf,2888,1729960500,1371,1399
2027,Codeforces Round 982 (Div. 2),Ta0sif,2888,1729960500,1493,1489
2027,Codeforces Round 982 (Div. 2),kevaljain,2888,1729960500,1772,1700
2027,Codeforces Round 982 (Div. 2),Tanishq_CF,2888,1729960500,1523,1511
2027,Codeforces Round 982 (Div. 2),_Dragon_,2893,1729960500,1780,1707
2027,Codeforces Round 982 (Div. 2),nvvy,2893,1729960500,1135,1234
2027,Codeforces Round 982 (Div. 2),SWE22022,2893,1729960500,1450,1457
2027,Codeforces Round 982 (Div. 2),Sorooshtbt,2896,1729960500,1592,1563
2027,Codeforces Round 982 (Div. 2),n3wB,2896,1729960500,1314,1358
2027,Codeforces Round 982 (Div. 2),hbt101,2896,1729960500,0,524
2027,Codeforces Round 982 (Div. 2),FO7,2899,1729960500,1606,1573
2027,Codeforces Round 982 (Div. 2),Amjad_Manafikhi,2899,1729960500,1377,1403
2027,Codeforces Round 982 (Div. 2),Neelabhra,2899,1729960500,1241,1306
2027,Codeforces Round 982 (Div. 2),bigDeyta,2899,1729960500,1374,1401
2027,Codeforces Round 982 (Div. 2),Garvit_Goyal,2899,1729960500,1267,1325
2027,Codeforces Round 982 (Div. 2),kannu06,2899,1729960500,1210,1285
2027,Codeforces Round 982 (Div. 2),ajforces,2899,1729960500,1623,1586
2027,Codeforces Round 982 (Div. 2),ayushmandhar195,2899,1729960500,1343,1379
2027,Codeforces Round 982 (Div. 2),X_E_R_O,2907,1729960500,1129,1230
2027,Codeforces Round 982 (Div. 2),saba_goduadze,2907,1729960500,1578,1552
2027,Codeforces Round 982 (Div. 2),Szeleszsombor,2907,1729960500,1413,1429
2027,Codeforces Round 982 (Div. 2),DenisKarpenko,2907,1729960500,1350,1383
2027,Codeforces Round 982 (Div. 2),utkarsh.37,2911,1729960500,1243,1307
2027,Codeforces Round 982 (Div. 2),Sine_function,2911,1729960500,1137,1235
2027,Codeforces Round 982 (Div. 2),El_Roge,2911,1729960500,1604,1572
2027,Codeforces Round 982 (Div. 2),banasauras,2914,1729960500,1349,1382
2027,Codeforces Round 982 (Div. 2),rachit_08,2914,1729960500,1376,1402
2027,Codeforces Round 982 (Div. 2),xku,2914,1729960500,1367,1395
2027,Codeforces Round 982 (Div. 2),itcomesandgoes,2914,1729960500,1577,1551
2027,Codeforces Round 982 (Div. 2),dapig,2918,1729960500,1468,1532
2027,Codeforces Round 982 (Div. 2),culprit_1011,2918,1729960500,1609,1575
2027,Codeforces Round 982 (Div. 2),Shineeee,2918,1729960500,1380,1405
2027,Codeforces Round 982 (Div. 2),hokto,2921,1729960500,1612,1577
2027,Codeforces Round 982 (Div. 2),SKjustSK,2921,1729960500,1184,1266
2027,Codeforces Round 982 (Div. 2),og.Sumail,2921,1729960500,1489,1485
2027,Codeforces Round 982 (Div. 2),SidM007,2924,1729960500,1030,1219
2027,Codeforces Round 982 (Div. 2),push_noob,2924,1729960500,1302,1349
2027,Codeforces Round 982 (Div. 2),Silver_dy,2924,1729960500,1592,1562
2027,Codeforces Round 982 (Div. 2),Doi_toi_an_hanh,2924,1729960500,0,524
2027,Codeforces Round 982 (Div. 2),BedwarKing,2928,1729960500,1599,1567
2027,Codeforces Round 982 (Div. 2),Ab_Samrah,2928,1729960500,1427,1439
2027,Codeforces Round 982 (Div. 2),anshu.mehta,2928,1729960500,1461,1464
2027,Codeforces Round 982 (Div. 2),liza_denisova,2931,1729960500,1531,1516
2027,Codeforces Round 982 (Div. 2),HiteshYasam,2931,1729960500,1386,1409
2027,Codeforces Round 982 (Div. 2),Ahmed_Faraj,2933,1729960500,1209,1283
2027,Codeforces Round 982 (Div. 2),Miracle_zpy,2933,1729960500,415,808
2027,Codeforces Round 982 (Div. 2),thanh2412,2935,1729960500,1258,1317
2027,Codeforces Round 982 (Div. 2),Turb0cyb0rg,2935,1729960500,1280,1333
2027,Codeforces Round 982 (Div. 2),1mperator,2935,1729960500,1369,1396
2027,Codeforces Round 982 (Div. 2),flying_saucer,2938,1729960500,1929,1822
2027,Codeforces Round 982 (Div. 2),sleepyloofy,2938,1729960500,1194,1273
2027,Codeforces Round 982 (Div. 2),hunghoang,2940,1729960500,1500,1492
2027,Codeforces Round 982 (Div. 2),Verve,2940,1729960500,1507,1498
2027,Codeforces Round 982 (Div. 2),labixiaoxin,2940,1729960500,1071,1190
2027,Codeforces Round 982 (Div. 2),jbrenorv,2940,1729960500,1415,1430
2027,Codeforces Round 982 (Div. 2),fantastic1211,2944,1729960500,1362,1391
2027,Codeforces Round 982 (Div. 2),AdarshX,2945,1729960500,1645,1602
2027,Codeforces Round 982 (Div. 2),anjaneyasharma,2945,1729960500,1115,1219
2027,Codeforces Round 982 (Div. 2),x998244353x,2945,1729960500,1364,1429
2027,Codeforces Round 982 (Div. 2),skirtiman2985,2945,1729960500,1418,1431
2027,Codeforces Round 982 (Div. 2),TtCF_01,2945,1729960500,0,522
2027,Codeforces Round 982 (Div. 2),codesheep8,2945,1729960500,1427,1475
2027,Codeforces Round 982 (Div. 2),Xhesica,2945,1729960500,1846,1756
2027,Codeforces Round 982 (Div. 2),ChaomengOrion,2945,1729960500,1393,1413
2027,Codeforces Round 982 (Div. 2),ashishkumar260701,2945,1729960500,1287,1337
2027,Codeforces Round 982 (Div. 2),Coder-crooz-v2,2945,1729960500,1069,1189
2027,Codeforces Round 982 (Div. 2),Swan416,2955,1729960500,1389,1410
2027,Codeforces Round 982 (Div. 2),Gu_ren,2955,1729960500,1381,1404
2027,Codeforces Round 982 (Div. 2),Christine-,2957,1729960500,1575,1548
2027,Codeforces Round 982 (Div. 2),oplia,2957,1729960500,1483,1479
2027,Codeforces Round 982 (Div. 2),Le_Louch007,2957,1729960500,1275,1328
2027,Codeforces Round 982 (Div. 2),Evil_Morty_,2960,1729960500,1456,1459
2027,Codeforces Round 982 (Div. 2),ShivamKapoor23,2960,1729960500,1351,1383
2027,Codeforces Round 982 (Div. 2),mu_hua,2960,1729960500,1300,1405
2027,Codeforces Round 982 (Div. 2),kumardaksshh,2960,1729960500,1227,1294
2027,Codeforces Round 982 (Div. 2),Escape,2964,1729960500,1555,1534
2027,Codeforces Round 982 (Div. 2),Just_a_chil_guy,2964,1729960500,1225,1294
2027,Codeforces Round 982 (Div. 2),Aboalkasim,2966,1729960500,1562,1538
2027,Codeforces Round 982 (Div. 2),Kalix1110,2966,1729960500,1660,1613
2027,Codeforces Round 982 (Div. 2),Tkpd,2966,1729960500,1082,1197
2027,Codeforces Round 982 (Div. 2),anupamraj176,2966,1729960500,868,1105
2027,Codeforces Round 982 (Div. 2),md_nihal,2970,1729960500,1427,1438
2027,Codeforces Round 982 (Div. 2),Diptarshi,2970,1729960500,1058,1237
2027,Codeforces Round 982 (Div. 2),dusty.and.rusty,2972,1729960500,1794,1716
2027,Codeforces Round 982 (Div. 2),bkdn24.275,2972,1729960500,1148,1240
2027,Codeforces Round 982 (Div. 2),Cloud_rp1120,2974,1729960500,1265,1321
2027,Codeforces Round 982 (Div. 2),SmartCoder,2974,1729960500,1666,1617
2027,Codeforces Round 982 (Div. 2),_s_m_,2974,1729960500,1728,1664
2027,Codeforces Round 982 (Div. 2),Firefrog418,2977,1729960500,1299,1344
2027,Codeforces Round 982 (Div. 2),MinhTri_Star,2977,1729960500,973,1126
2027,Codeforces Round 982 (Div. 2),Dusa_Chetan_IIT_INDORE,2977,1729960500,1001,1144
2027,Codeforces Round 982 (Div. 2),kunjshah,2977,1729960500,1208,1281
2027,Codeforces Round 982 (Div. 2),krazy-8,2981,1729960500,1402,1419
2027,Codeforces Round 982 (Div. 2),Error4040,2981,1729960500,1530,1513
2027,Codeforces Round 982 (Div. 2),devang_code,2981,1729960500,1219,1288
2027,Codeforces Round 982 (Div. 2),ThomasFoster,2981,1729960500,739,1017
2027,Codeforces Round 982 (Div. 2),Ansh0216,2985,1729960500,1439,1446
2027,Codeforces Round 982 (Div. 2),raviteja3333,2985,1729960500,1394,1413
2027,Codeforces Round 982 (Div. 2),aksraj_03,2985,1729960500,1465,1465
2027,Codeforces Round 982 (Div. 2),J_A_I_KUMAR,2988,1729960500,1134,1230
2027,Codeforces Round 982 (Div. 2),Munda_Faridkotia,2988,1729960500,1438,1445
2027,Codeforces Round 982 (Div. 2),advait_cf,2988,1729960500,572,920
2027,Codeforces Round 982 (Div. 2),rehanmm,2988,1729960500,1420,1432
2027,Codeforces Round 982 (Div. 2),Gold_Dragon,2992,1729960500,1750,1681
2027,Codeforces Round 982 (Div. 2),samar_raj,2992,1729960500,1399,1416
2027,Codeforces Round 982 (Div. 2),PinnedFuture,2992,1729960500,1590,1559
2027,Codeforces Round 982 (Div. 2),manishky_254,2995,1729960500,1354,1384
2027,Codeforces Round 982 (Div. 2),zcz0263,2995,1729960500,1532,1515
2027,Codeforces Round 982 (Div. 2),shekharh433_v2,2995,1729960500,1609,1573
2027,Codeforces Round 982 (Div. 2),redcoder_122,2995,1729960500,1399,1416
2027,Codeforces Round 982 (Div. 2),Yedige2,2995,1729960500,1207,1280
2027,Codeforces Round 982 (Div. 2),anmol_jain0705,3000,1729960500,1242,1304
2027,Codeforces Round 982 (Div. 2),Mohamed_Saad62,3001,1729960500,1444,1449
2027,Codeforces Round 982 (Div. 2),Muhimin,3001,1729960500,1303,1347
2027,Codeforces Round 982 (Div. 2),aayush_bg,3001,1729960500,1491,1484
2027,Codeforces Round 982 (Div. 2),bebopboi,3004,1729960500,1448,1452
2027,Codeforces Round 982 (Div. 2),aishwarykesarwani,3004,1729960500,1391,1410
2027,Codeforces Round 982 (Div. 2),_bverma512,3004,1729960500,1460,1461
2027,Codeforces Round 982 (Div. 2),NotAryan,3004,1729960500,1603,1568
2027,Codeforces Round 982 (Div. 2),sunnysathwik,3004,1729960500,1409,1423
2027,Codeforces Round 982 (Div. 2),Call_of_Red,3004,1729960500,1301,1345
2027,Codeforces Round 982 (Div. 2),KAKAROT-M,3004,1729960500,1294,1340
2027,Codeforces Round 982 (Div. 2),CodeNhieuViDeoCoGauOm,3004,1729960500,1166,1251
2027,Codeforces Round 982 (Div. 2),wnmz,3004,1729960500,1221,1289
2027,Codeforces Round 982 (Div. 2),RoYalGamr,3004,1729960500,1329,1365
2027,Codeforces Round 982 (Div. 2),Dresist,3014,1729960500,0,521
2027,Codeforces Round 982 (Div. 2),amritbskt,3014,1729960500,1329,1365
2027,Codeforces Round 982 (Div. 2),hyacingth__,3014,1729960500,1247,1307
2027,Codeforces Round 982 (Div. 2),Leomi,3014,1729960500,1499,1489
2027,Codeforces Round 982 (Div. 2),RasouI,3014,1729960500,1549,1528
2027,Codeforces Round 982 (Div. 2),SecretCodeR7,3019,1729960500,1018,1154
2027,Codeforces Round 982 (Div. 2),kaneki003,3019,1729960500,1318,1357
2027,Codeforces Round 982 (Div. 2),aaravm,3021,1729960500,1567,1541
2027,Codeforces Round 982 (Div. 2),gg21,3021,1729960500,1077,1242
2027,Codeforces Round 982 (Div. 2),s0upy,3021,1729960500,1146,1237
2027,Codeforces Round 982 (Div. 2),mj_riffu,3024,1729960500,1363,1389
2027,Codeforces Round 982 (Div. 2),Kjust,3024,1729960500,1439,1445
2027,Codeforces Round 982 (Div. 2),zlen07,3024,1729960500,1318,1357
2027,Codeforces Round 982 (Div. 2),error_400,3027,1729960500,1363,1389
2027,Codeforces Round 982 (Div. 2),ringokin,3027,1729960500,1467,1466
2027,Codeforces Round 982 (Div. 2),krish.mangal,3027,1729960500,1495,1486
2027,Codeforces Round 982 (Div. 2),cpverse,3027,1729960500,1139,1232
2027,Codeforces Round 982 (Div. 2),CodeWode,3031,1729960500,1169,1253
2027,Codeforces Round 982 (Div. 2),Adith1000,3032,1729960500,1304,1347
2027,Codeforces Round 982 (Div. 2),giknes,3032,1729960500,1321,1358
2027,Codeforces Round 982 (Div. 2),barabula,3032,1729960500,1420,1430
2027,Codeforces Round 982 (Div. 2),Not_an_npc,3035,1729960500,1538,1518
2027,Codeforces Round 982 (Div. 2),baongoclau,3035,1729960500,1440,1445
2027,Codeforces Round 982 (Div. 2),Karieciation,3035,1729960500,1419,1430
2027,Codeforces Round 982 (Div. 2),Toet_06,3035,1729960500,463,839
2027,Codeforces Round 982 (Div. 2),koraghav,3039,1729960500,1500,1489
2027,Codeforces Round 982 (Div. 2),FengFD,3039,1729960500,1408,1458
2027,Codeforces Round 982 (Div. 2),Anil_Kumar_yedla,3041,1729960500,1436,1442
2027,Codeforces Round 982 (Div. 2),iwayurunonfikushon,3041,1729960500,0,520
2027,Codeforces Round 982 (Div. 2),manideep2004,3043,1729960500,1463,1462
2027,Codeforces Round 982 (Div. 2),juzar_7,3043,1729960500,1454,1455
2027,Codeforces Round 982 (Div. 2),Quitting...,3043,1729960500,1512,1498
2027,Codeforces Round 982 (Div. 2),sillynsweet,3046,1729960500,1647,1601
2027,Codeforces Round 982 (Div. 2),kovid17,3046,1729960500,1257,1313
2027,Codeforces Round 982 (Div. 2),sainibhavesh10,3048,1729960500,1276,1326
2027,Codeforces Round 982 (Div. 2),El_Gyar,3048,1729960500,1296,1340
2027,Codeforces Round 982 (Div. 2),chiraga196,3048,1729960500,1356,1383
2027,Codeforces Round 982 (Div. 2),Hao_pp_fan,3048,1729960500,1378,1399
2027,Codeforces Round 982 (Div. 2),CedricHung,3048,1729960500,1397,1413
2027,Codeforces Round 982 (Div. 2),gameface_123,3053,1729960500,1654,1606
2027,Codeforces Round 982 (Div. 2),wagle_s,3053,1729960500,1317,1355
2027,Codeforces Round 982 (Div. 2),Amia,3053,1729960500,1320,1357
2027,Codeforces Round 982 (Div. 2),bhagwandai,3053,1729960500,1500,1489
2027,Codeforces Round 982 (Div. 2),SeleznevS1,3053,1729960500,1028,1208
2027,Codeforces Round 982 (Div. 2),Bhuban,3053,1729960500,1279,1328
2027,Codeforces Round 982 (Div. 2),dfkln,3059,1729960500,1015,1150
2027,Codeforces Round 982 (Div. 2),hdbot,3060,1729960500,1285,1332
2027,Codeforces Round 982 (Div. 2),hjxddl,3060,1729960500,1688,1632
2027,Codeforces Round 982 (Div. 2),versionbd,3062,1729960500,826,1035
2027,Codeforces Round 982 (Div. 2),bharath_2974,3062,1729960500,1041,1167
2027,Codeforces Round 982 (Div. 2),Shreyasi_Sen,3062,1729960500,1389,1407
2027,Codeforces Round 982 (Div. 2),twizz,3062,1729960500,1129,1224
2027,Codeforces Round 982 (Div. 2),wish-nu,3062,1729960500,1550,1527
2027,Codeforces Round 982 (Div. 2),yltzzz,3062,1729960500,1554,1530
2027,Codeforces Round 982 (Div. 2),maxonic,3068,1729960500,1500,1489
2027,Codeforces Round 982 (Div. 2),Schr0Smi1ey,3068,1729960500,1218,1285
2027,Codeforces Round 982 (Div. 2),ASPDK,3068,1729960500,1259,1314
2027,Codeforces Round 982 (Div. 2),mahadev2115,3068,1729960500,1114,1215
2027,Codeforces Round 982 (Div. 2),AkramKhan,3068,1729960500,999,1139
2027,Codeforces Round 982 (Div. 2),mahmoud13,3073,1729960500,1800,1718
2027,Codeforces Round 982 (Div. 2),akshath.chowdhary,3073,1729960500,1167,1250
2027,Codeforces Round 982 (Div. 2),naruto__18,3075,1729960500,1596,1561
2027,Codeforces Round 982 (Div. 2),Semyazi,3075,1729960500,1497,1486
2027,Codeforces Round 982 (Div. 2),Apurv_M,3075,1729960500,1654,1605
2027,Codeforces Round 982 (Div. 2),kou_kou_kou,3078,1729960500,1582,1588
2027,Codeforces Round 982 (Div. 2),1moon1,3078,1729960500,1602,1566
2027,Codeforces Round 982 (Div. 2),codevib22,3080,1729960500,1536,1515
2027,Codeforces Round 982 (Div. 2),oryshych.d,3080,1729960500,1146,1235
2027,Codeforces Round 982 (Div. 2),sam_arvandi,3080,1729960500,1543,1521
2027,Codeforces Round 982 (Div. 2),Masan,3083,1729960500,1479,1473
2027,Codeforces Round 982 (Div. 2),leodicaprio4791,3083,1729960500,1442,1445
2027,Codeforces Round 982 (Div. 2),akumar_23,3083,1729960500,1476,1470
2027,Codeforces Round 982 (Div. 2),_Ultimates,3083,1729960500,1652,1604
2027,Codeforces Round 982 (Div. 2),tvorjee,3083,1729960500,1159,1244
2027,Codeforces Round 982 (Div. 2),Greyitis,3083,1729960500,1367,1390
2027,Codeforces Round 982 (Div. 2),Nohatr,3089,1729960500,1344,1373
2027,Codeforces Round 982 (Div. 2),YouKnowCipher,3089,1729960500,1375,1396
2027,Codeforces Round 982 (Div. 2),Mohammed_Khaled,3089,1729960500,1177,1256
2027,Codeforces Round 982 (Div. 2),osmann,3089,1729960500,1534,1513
2027,Codeforces Round 982 (Div. 2),gh_kaka22,3089,1729960500,1203,1274
2027,Codeforces Round 982 (Div. 2),scyyyyyyyyyy,3089,1729960500,1700,1640
2027,Codeforces Round 982 (Div. 2),hotmonster,3095,1729960500,1005,1191
2027,Codeforces Round 982 (Div. 2),cstemp,3095,1729960500,1446,1448
2027,Codeforces Round 982 (Div. 2),KAS26710,3097,1729960500,0,518
2027,Codeforces Round 982 (Div. 2),rgvkansal,3097,1729960500,1307,1346
2027,Codeforces Round 982 (Div. 2),BhuvanDesale,3097,1729960500,1294,1373
2027,Codeforces Round 982 (Div. 2),s_ALI_mi,3100,1729960500,1355,1381
2027,Codeforces Round 982 (Div. 2),anry09,3100,1729960500,1169,1250
2027,Codeforces Round 982 (Div. 2),Blackwater,3100,1729960500,1509,1494
2027,Codeforces Round 982 (Div. 2),eepy,3100,1729960500,967,1119
2027,Codeforces Round 982 (Div. 2),Lalu_13,3100,1729960500,1358,1383
2027,Codeforces Round 982 (Div. 2),naPHYSICbal31,3100,1729960500,1177,1256
2027,Codeforces Round 982 (Div. 2),raghava_2506,3106,1729960500,1255,1310
2027,Codeforces Round 982 (Div. 2),Adhoc,3107,1729960500,1485,1476
2027,Codeforces Round 982 (Div. 2),viraj07,3107,1729960500,1420,1428
2027,Codeforces Round 982 (Div. 2),deepak_ganwani,3109,1729960500,1407,1419
2027,Codeforces Round 982 (Div. 2),Vidhaaan,3109,1729960500,1174,1253
2027,Codeforces Round 982 (Div. 2),FunkyLlama,3109,1729960500,1419,1427
2027,Codeforces Round 982 (Div. 2),170zhiyixi,3109,1729960500,1292,1336
2027,Codeforces Round 982 (Div. 2),DrShivam2004,3109,1729960500,1376,1396
2027,Codeforces Round 982 (Div. 2),TiLTovozzik,3114,1729960500,1764,1689
2027,Codeforces Round 982 (Div. 2),Badrawy,3114,1729960500,1378,1397
2027,Codeforces Round 982 (Div. 2),Alonse_wa,3114,1729960500,1425,1431
2027,Codeforces Round 982 (Div. 2),Luu_Hai_Dang,3114,1729960500,0,518
2027,Codeforces Round 982 (Div. 2),Confident,3114,1729960500,1610,1571
2027,Codeforces Round 982 (Div. 2),Love_sth1,3114,1729960500,1253,1308
2027,Codeforces Round 982 (Div. 2),DoNgocPhat,3120,1729960500,1010,1198
2027,Codeforces Round 982 (Div. 2),alpha00007,3121,1729960500,1200,1271
2027,Codeforces Round 982 (Div. 2),LigaI,3122,1729960500,1370,1391
2027,Codeforces Round 982 (Div. 2),John_PN,3122,1729960500,1201,1271
2027,Codeforces Round 982 (Div. 2),ANiketYadav,3122,1729960500,1144,1233
2027,Codeforces Round 982 (Div. 2),nazyalensky,3122,1729960500,1215,1281
2027,Codeforces Round 982 (Div. 2),Ermi_007,3122,1729960500,1261,1313
2027,Codeforces Round 982 (Div. 2),Mo7amed_3nan,3127,1729960500,1275,1323
2027,Codeforces Round 982 (Div. 2),TrungKien1412,3127,1729960500,1011,1194
2027,Codeforces Round 982 (Div. 2),viveksingh013,3127,1729960500,1241,1299
2027,Codeforces Round 982 (Div. 2),Gd__rajput,3127,1729960500,884,1067
2027,Codeforces Round 982 (Div. 2),jabbour.ralph,3127,1729960500,1781,1701
2027,Codeforces Round 982 (Div. 2),Mrigyank,3127,1729960500,1298,1339
2027,Codeforces Round 982 (Div. 2),party04,3127,1729960500,1271,1320
2027,Codeforces Round 982 (Div. 2),abhishekp_08,3127,1729960500,1071,1184
2027,Codeforces Round 982 (Div. 2),-PATO,3135,1729960500,1451,1450
2027,Codeforces Round 982 (Div. 2),GM_Nova18,3135,1729960500,1345,1373
2027,Codeforces Round 982 (Div. 2),a_cool_cat,3135,1729960500,1130,1222
2027,Codeforces Round 982 (Div. 2),SaralDwivedi21,3135,1729960500,1187,1261
2027,Codeforces Round 982 (Div. 2),Baby_Bird,3135,1729960500,1391,1406
2027,Codeforces Round 982 (Div. 2),Norbertnjd,3140,1729960500,0,517
2027,Codeforces Round 982 (Div. 2),aayush_001,3140,1729960500,1397,1410
2027,Codeforces Round 982 (Div. 2),Awayaway,3140,1729960500,1104,1258
2027,Codeforces Round 982 (Div. 2),kssabhinav,3140,1729960500,1510,1494
2027,Codeforces Round 982 (Div. 2),KhoaVN2008,3140,1729960500,1538,1516
2027,Codeforces Round 982 (Div. 2),hethtina,3145,1729960500,1266,1316
2027,Codeforces Round 982 (Div. 2),M.N0ThinG,3145,1729960500,1164,1245
2027,Codeforces Round 982 (Div. 2),acacacacacac,3145,1729960500,1339,1369
2027,Codeforces Round 982 (Div. 2),anuragmishra.am205,3148,1729960500,1142,1230
2027,Codeforces Round 982 (Div. 2),yupp,3148,1729960500,0,516
2027,Codeforces Round 982 (Div. 2),GAME_LORD,3148,1729960500,1475,1468
2027,Codeforces Round 982 (Div. 2),_ton618_,3148,1729960500,1431,1436
2027,Codeforces Round 982 (Div. 2),Negationist,3152,1729960500,1431,1435
2027,Codeforces Round 982 (Div. 2),AhmedAshraf,3153,1729960500,1262,1313
2027,Codeforces Round 982 (Div. 2),SmugglerZ,3153,1729960500,1621,1578
2027,Codeforces Round 982 (Div. 2),FloraStar,3153,1729960500,1469,1464
2027,Codeforces Round 982 (Div. 2),mingeyda43,3156,1729960500,1227,1289
2027,Codeforces Round 982 (Div. 2),abunyawa,3156,1729960500,1602,1564
2027,Codeforces Round 982 (Div. 2),shibofish,3156,1729960500,0,517
2027,Codeforces Round 982 (Div. 2),Chinmay_2004,3159,1729960500,1370,1390
2027,Codeforces Round 982 (Div. 2),emxl,3159,1729960500,0,516
2027,Codeforces Round 982 (Div. 2),Ruban_Denic,3159,1729960500,1267,1317
2027,Codeforces Round 982 (Div. 2),Ecank,3162,1729960500,1332,1363
2027,Codeforces Round 982 (Div. 2),ata.codes,3162,1729960500,1075,1185
2027,Codeforces Round 982 (Div. 2),_shadow_18,3162,1729960500,1168,1248
2027,Codeforces Round 982 (Div. 2),cricketer_hu_M,3162,1729960500,1342,1370
2027,Codeforces Round 982 (Div. 2),gycheng,3162,1729960500,1630,1585
2027,Codeforces Round 982 (Div. 2),ayush7_20,3167,1729960500,1232,1292
2027,Codeforces Round 982 (Div. 2),ranxi,3167,1729960500,1190,1262
2027,Codeforces Round 982 (Div. 2),bei_007_guitar,3167,1729960500,1291,1333
2027,Codeforces Round 982 (Div. 2),Pronoy_Deb,3167,1729960500,1268,1317
2027,Codeforces Round 982 (Div. 2),funnyface,3167,1729960500,1559,1531
2027,Codeforces Round 982 (Div. 2),Aldew11,3167,1729960500,1188,1261
2027,Codeforces Round 982 (Div. 2),M4rrk,3167,1729960500,1310,1347
2027,Codeforces Round 982 (Div. 2),JiangShenLi,3167,1729960500,1467,1461
2027,Codeforces Round 982 (Div. 2),newbievn,3175,1729960500,1250,1304
2027,Codeforces Round 982 (Div. 2),Septemper,3175,1729960500,1314,1349
2027,Codeforces Round 982 (Div. 2),kshitij12,3177,1729960500,1213,1278
2027,Codeforces Round 982 (Div. 2),a2965983970,3177,1729960500,1205,1272
2027,Codeforces Round 982 (Div. 2),lonely_vaibhav,3177,1729960500,1217,1281
2027,Codeforces Round 982 (Div. 2),piqueblinder,3177,1729960500,1366,1387
2027,Codeforces Round 982 (Div. 2),ayushshekhar108,3177,1729960500,963,1113
2027,Codeforces Round 982 (Div. 2),Nariman_MT,3177,1729960500,1481,1471
2027,Codeforces Round 982 (Div. 2),KANHA_123,3177,1729960500,1341,1369
2027,Codeforces Round 982 (Div. 2),captain_india1,3177,1729960500,1388,1403
2027,Codeforces Round 982 (Div. 2),JohnShorter,3185,1729960500,1358,1381
2027,Codeforces Round 982 (Div. 2),u_rl,3185,1729960500,1054,1222
2027,Codeforces Round 982 (Div. 2),Swaroop04,3185,1729960500,1373,1391
2027,Codeforces Round 982 (Div. 2),jack_100,3185,1729960500,1258,1309
2027,Codeforces Round 982 (Div. 2),atori,3189,1729960500,1426,1430
2027,Codeforces Round 982 (Div. 2),_skadooshh_,3189,1729960500,1320,1353
2027,Codeforces Round 982 (Div. 2),abhi132,3189,1729960500,1238,1295
2027,Codeforces Round 982 (Div. 2),aritra_sarkar_42,3192,1729960500,1127,1219
2027,Codeforces Round 982 (Div. 2),lyzhe_,3192,1729960500,1532,1509
2027,Codeforces Round 982 (Div. 2),Sid_7905,3192,1729960500,1343,1370
2027,Codeforces Round 982 (Div. 2),SinghAshishSingh,3192,1729960500,762,1047
2027,Codeforces Round 982 (Div. 2),utsavshahm,3192,1729960500,1048,1167
2027,Codeforces Round 982 (Div. 2),VinhTapCode,3197,1729960500,1245,1300
2027,Codeforces Round 982 (Div. 2),lockdown,3197,1729960500,1653,1601
2027,Codeforces Round 982 (Div. 2),julia_08,3197,1729960500,1388,1403
2027,Codeforces Round 982 (Div. 2),jiangshuai123,3197,1729960500,1611,1569
2027,Codeforces Round 982 (Div. 2),afxhsjodo,3197,1729960500,1310,1346
2027,Codeforces Round 982 (Div. 2),xelek,3197,1729960500,1356,1379
2027,Codeforces Round 982 (Div. 2),jiabinsunYazs,3203,1729960500,1164,1244
2027,Codeforces Round 982 (Div. 2),Alicemagic,3203,1729960500,1546,1520
2027,Codeforces Round 982 (Div. 2),alpha-1.1,3205,1729960500,1568,1536
2027,Codeforces Round 982 (Div. 2),Practice_siddharth,3205,1729960500,1652,1600
2027,Codeforces Round 982 (Div. 2),nathy94,3205,1729960500,1270,1317
2027,Codeforces Round 982 (Div. 2),Jatin_prime,3205,1729960500,1546,1520
2027,Codeforces Round 982 (Div. 2),Mokilasita,3209,1729960500,1107,1258
2027,Codeforces Round 982 (Div. 2),lord_mystery,3209,1729960500,1515,1496
2027,Codeforces Round 982 (Div. 2),Mushfiq,3211,1729960500,1166,1245
2027,Codeforces Round 982 (Div. 2),xiao_zong85,3211,1729960500,1236,1293
2027,Codeforces Round 982 (Div. 2),peepo,3211,1729960500,1212,1344
2027,Codeforces Round 982 (Div. 2),yeswanth,3214,1729960500,1596,1557
2027,Codeforces Round 982 (Div. 2),Nagasai74,3214,1729960500,1518,1498
2027,Codeforces Round 982 (Div. 2),Munnazzar,3214,1729960500,1185,1292
2027,Codeforces Round 982 (Div. 2),bitmaster_,3214,1729960500,1298,1337
2027,Codeforces Round 982 (Div. 2),Citypop,3214,1729960500,1769,1690
2027,Codeforces Round 982 (Div. 2),Dylan_Chen,3214,1729960500,1472,1464
2027,Codeforces Round 982 (Div. 2),Tenshi0x0,3214,1729960500,1822,1731
2027,Codeforces Round 982 (Div. 2),akshay_2902,3221,1729960500,1624,1579
2027,Codeforces Round 982 (Div. 2),Trade-off,3221,1729960500,1447,1445
2027,Codeforces Round 982 (Div. 2),jielosc,3221,1729960500,1622,1577
2027,Codeforces Round 982 (Div. 2),Pinaka,3221,1729960500,1234,1291
2027,Codeforces Round 982 (Div. 2),Vitaliy270604,3225,1729960500,1170,1247
2027,Codeforces Round 982 (Div. 2),MAYURnot96,3225,1729960500,1014,1193
2027,Codeforces Round 982 (Div. 2),check_D,3225,1729960500,1422,1426
2027,Codeforces Round 982 (Div. 2),MO_Tamer,3228,1729960500,1336,1364
2027,Codeforces Round 982 (Div. 2),Abhi_i788,3228,1729960500,1395,1407
2027,Codeforces Round 982 (Div. 2),VedantG99,3228,1729960500,1381,1396
2027,Codeforces Round 982 (Div. 2),ayush_039,3231,1729960500,1487,1475
2027,Codeforces Round 982 (Div. 2),ding___zhen,3231,1729960500,1014,1144
2027,Codeforces Round 982 (Div. 2),buzhii_,3231,1729960500,1350,1374
2027,Codeforces Round 982 (Div. 2),elisey786,3234,1729960500,753,1019
2027,Codeforces Round 982 (Div. 2),A_Ringer,3234,1729960500,1341,1367
2027,Codeforces Round 982 (Div. 2),OMAR_JR,3234,1729960500,1296,1335
2027,Codeforces Round 982 (Div. 2),ThePrime,3234,1729960500,1238,1294
2027,Codeforces Round 982 (Div. 2),SAEED.,3234,1729960500,1437,1437
2027,Codeforces Round 982 (Div. 2),lol24,3239,1729960500,1074,1183
2027,Codeforces Round 982 (Div. 2),Zhangyl,3239,1729960500,1286,1328
2027,Codeforces Round 982 (Div. 2),Riteshroger2021,3239,1729960500,772,1054
2027,Codeforces Round 982 (Div. 2),Aliiii,3242,1729960500,1325,1355
2027,Codeforces Round 982 (Div. 2),Unati,3242,1729960500,939,1096
2027,Codeforces Round 982 (Div. 2),smchen,3242,1729960500,1426,1429
2027,Codeforces Round 982 (Div. 2),A_bhishek_04_001,3242,1729960500,1345,1369
2027,Codeforces Round 982 (Div. 2),wust_66,3246,1729960500,1425,1428
2027,Codeforces Round 982 (Div. 2),Sansh13,3246,1729960500,621,947
2027,Codeforces Round 982 (Div. 2),finn_shelby,3248,1729960500,1181,1254
2027,Codeforces Round 982 (Div. 2),ThinkTank30,3248,1729960500,1506,1488
2027,Codeforces Round 982 (Div. 2),Captain_Vince,3248,1729960500,1383,1397
2027,Codeforces Round 982 (Div. 2),kunwar_ajay,3251,1729960500,1450,1446
2027,Codeforces Round 982 (Div. 2),Rahul_5,3251,1729960500,1185,1256
2027,Codeforces Round 982 (Div. 2),pranavpranj123,3251,1729960500,1428,1430
2027,Codeforces Round 982 (Div. 2),Fox24,3251,1729960500,1199,1266
2027,Codeforces Round 982 (Div. 2),uditsh03,3251,1729960500,1420,1424
2027,Codeforces Round 982 (Div. 2),_syntax--error_,3256,1729960500,1361,1381
2027,Codeforces Round 982 (Div. 2),hell_hacker,3256,1729960500,1829,1736
2027,Codeforces Round 982 (Div. 2),neil__,3256,1729960500,1327,1357
2027,Codeforces Round 982 (Div. 2),Yamin_,3256,1729960500,1444,1442
2027,Codeforces Round 982 (Div. 2),_hsn_,3256,1729960500,1474,1464
2027,Codeforces Round 982 (Div. 2),YuvrajSinghCharavande,3256,1729960500,1386,1399
2027,Codeforces Round 982 (Div. 2),SJF_PrimeWizard,3256,1729960500,0,514
2027,Codeforces Round 982 (Div. 2),_gopher_,3263,1729960500,1327,1356
2027,Codeforces Round 982 (Div. 2),eepsilon,3263,1729960500,2010,1880
2027,Codeforces Round 982 (Div. 2),Mohdtahakhan_22,3263,1729960500,1152,1234
2027,Codeforces Round 982 (Div. 2),xixilwz,3263,1729960500,1178,1251
2027,Codeforces Round 982 (Div. 2),GalaxyGeek,3267,1729960500,1112,1206
2027,Codeforces Round 982 (Div. 2),Lance0,3267,1729960500,1348,1371
2027,Codeforces Round 982 (Div. 2),krish_0108,3267,1729960500,1245,1298
2027,Codeforces Round 982 (Div. 2),tonmoy6052,3267,1729960500,1392,1403
2027,Codeforces Round 982 (Div. 2),rafaeLL,3271,1729960500,1234,1290
2027,Codeforces Round 982 (Div. 2),MR_MIND_THMD,3271,1729960500,1618,1573
2027,Codeforces Round 982 (Div. 2),euyogi,3273,1729960500,1308,1342
2027,Codeforces Round 982 (Div. 2),nakul02,3273,1729960500,1030,1153
2027,Codeforces Round 982 (Div. 2),__thesoleft__,3273,1729960500,1510,1491
2027,Codeforces Round 982 (Div. 2),captain-compile,3276,1729960500,1164,1242
2027,Codeforces Round 982 (Div. 2),avnlk,3276,1729960500,1174,1304
2027,Codeforces Round 982 (Div. 2),Krishhna,3276,1729960500,1673,1615
2027,Codeforces Round 982 (Div. 2),lhlephuocdao,3276,1729960500,1101,1199
2027,Codeforces Round 982 (Div. 2),sudheerreddy14,3280,1729960500,1377,1392
2027,Codeforces Round 982 (Div. 2),asgard_ian,3280,1729960500,1547,1519
2027,Codeforces Round 982 (Div. 2),Blagosloveniye,3280,1729960500,1347,1370
2027,Codeforces Round 982 (Div. 2),miyamotomusashi,3283,1729960500,1183,1310
2027,Codeforces Round 982 (Div. 2),pierrot,3283,1729960500,1627,1579
2027,Codeforces Round 982 (Div. 2),RahulRM13,3283,1729960500,1474,1463
2027,Codeforces Round 982 (Div. 2),ikunnnna,3283,1729960500,0,513
2027,Codeforces Round 982 (Div. 2),prasukbajaj08,3283,1729960500,1337,1363
2027,Codeforces Round 982 (Div. 2),Sudip809,3283,1729960500,1458,1451
2027,Codeforces Round 982 (Div. 2),CCDDYC,3283,1729960500,1192,1260
2027,Codeforces Round 982 (Div. 2),Govind_Singh,3290,1729960500,1660,1604
2027,Codeforces Round 982 (Div. 2),jennieRTmomo,3290,1729960500,1559,1528
2027,Codeforces Round 982 (Div. 2),Tanzim411,3292,1729960500,1553,1523
2027,Codeforces Round 982 (Div. 2),Dutch_vdl,3292,1729960500,398,785
2027,Codeforces Round 982 (Div. 2),citrus_AJ,3292,1729960500,1351,1373
2027,Codeforces Round 982 (Div. 2),Aatish_044,3295,1729960500,1211,1273
2027,Codeforces Round 982 (Div. 2),Nish,3295,1729960500,1286,1326
2027,Codeforces Round 982 (Div. 2),SheshuTalluri,3295,1729960500,1071,1230
2027,Codeforces Round 982 (Div. 2),rahul810050,3295,1729960500,868,1052
2027,Codeforces Round 982 (Div. 2),prikshit_sharma,3299,1729960500,1526,1502
2027,Codeforces Round 982 (Div. 2),Lamsen,3300,1729960500,0,513
2027,Codeforces Round 982 (Div. 2),Qrnqrncntst,3300,1729960500,1265,1311
2027,Codeforces Round 982 (Div. 2),sinojouni,3302,1729960500,1115,1207
2027,Codeforces Round 982 (Div. 2),ayhamzaidd,3302,1729960500,1097,1195
2027,Codeforces Round 982 (Div. 2),SardonyxX_1628,3304,1729960500,1370,1386
2027,Codeforces Round 982 (Div. 2),AskThePine,3304,1729960500,1316,1347
2027,Codeforces Round 982 (Div. 2),hatedSmile,3304,1729960500,1405,1412
2027,Codeforces Round 982 (Div. 2),no_body_can_find_me,3307,1729960500,1127,1269
2027,Codeforces Round 982 (Div. 2),kreeeesh_17,3308,1729960500,1378,1392
2027,Codeforces Round 982 (Div. 2),hnust_kuanghaojie,3309,1729960500,1390,1401
2027,Codeforces Round 982 (Div. 2),bkdn24.Le6Vo4,3309,1729960500,1529,1504
2027,Codeforces Round 982 (Div. 2),goswamineelim,3309,1729960500,1113,1259
2027,Codeforces Round 982 (Div. 2),_Yuna_,3312,1729960500,0,512
2027,Codeforces Round 982 (Div. 2),venilv912,3312,1729960500,1492,1476
2027,Codeforces Round 982 (Div. 2),wqweto,3312,1729960500,1372,1387
2027,Codeforces Round 982 (Div. 2),humandonut,3315,1729960500,1115,1260
2027,Codeforces Round 982 (Div. 2),sk_143,3315,1729960500,1439,1437
2027,Codeforces Round 982 (Div. 2),cxjjyyds,3315,1729960500,1435,1434
2027,Codeforces Round 982 (Div. 2),edrilazdanila,3315,1729960500,1052,1216
2027,Codeforces Round 982 (Div. 2),hnust_msc,3319,1729960500,1409,1414
2027,Codeforces Round 982 (Div. 2),Moemi_,3319,1729960500,1537,1510
2027,Codeforces Round 982 (Div. 2),ahanf,3319,1729960500,1506,1486
2027,Codeforces Round 982 (Div. 2),vss_1307,3319,1729960500,1383,1395
2027,Codeforces Round 982 (Div. 2),Trinitas,3323,1729960500,1514,1493
2027,Codeforces Round 982 (Div. 2),MIRAJ12,3323,1729960500,1162,1239
2027,Codeforces Round 982 (Div. 2),pittwy168,3325,1729960500,1595,1554
2027,Codeforces Round 982 (Div. 2),MizAn_IIUC,3326,1729960500,1446,1441
2027,Codeforces Round 982 (Div. 2),Green_Viper,3326,1729960500,1252,1336
2027,Codeforces Round 982 (Div. 2),817,3326,1729960500,1275,1317
2027,Codeforces Round 982 (Div. 2),__LOOP__,3326,1729960500,1009,1137
2027,Codeforces Round 982 (Div. 2),Ghatotkacha,3330,1729960500,1376,1390
2027,Codeforces Round 982 (Div. 2),Black_1_0_1_Coder,3330,1729960500,1158,1236
2027,Codeforces Round 982 (Div. 2),AwLty,3332,1729960500,1398,1406
2027,Codeforces Round 982 (Div. 2),WuShF,3332,1729960500,1280,1321
2027,Codeforces Round 982 (Div. 2),altcringer,3334,1729960500,988,1176
2027,Codeforces Round 982 (Div. 2),chUoNgnn,3334,1729960500,1827,1733
2027,Codeforces Round 982 (Div. 2),BayernForce,3336,1729960500,1430,1429
2027,Codeforces Round 982 (Div. 2),Tubication,3336,1729960500,649,964
2027,Codeforces Round 982 (Div. 2),namanbhardwaj1454,3338,1729960500,1818,1726
2027,Codeforces Round 982 (Div. 2),Jon_Snow.,3338,1729960500,1435,1433
2027,Codeforces Round 982 (Div. 2),shivamp_07,3340,1729960500,1537,1510
2027,Codeforces Round 982 (Div. 2),jay_jani_0011,3340,1729960500,1399,1406
2027,Codeforces Round 982 (Div. 2),suman0624,3342,1729960500,1169,1242
2027,Codeforces Round 982 (Div. 2),Shahiin,3342,1729960500,1333,1358
2027,Codeforces Round 982 (Div. 2),Sherlocked_Potter,3344,1729960500,1302,1336
2027,Codeforces Round 982 (Div. 2),V0ldemort,3344,1729960500,1356,1375
2027,Codeforces Round 982 (Div. 2),MEshooter,3346,1729960500,1494,1477
2027,Codeforces Round 982 (Div. 2),ash_pr,3346,1729960500,1345,1367
2027,Codeforces Round 982 (Div. 2),Shubhii_A2Z,3346,1729960500,1091,1190
2027,Codeforces Round 982 (Div. 2),death_01,3349,1729960500,1286,1324
2027,Codeforces Round 982 (Div. 2),Mr.Li_,3350,1729960500,1141,1223
2027,Codeforces Round 982 (Div. 2),erzhuochen,3350,1729960500,1413,1416
2027,Codeforces Round 982 (Div. 2),MinhKien,3350,1729960500,1622,1574
2027,Codeforces Round 982 (Div. 2),Labib_,3350,1729960500,1358,1376
2027,Codeforces Round 982 (Div. 2),wuuuk,3350,1729960500,1663,1605
2027,Codeforces Round 982 (Div. 2),sdfdfgh,3355,1729960500,1002,1132
2027,Codeforces Round 982 (Div. 2),mer_on,3355,1729960500,1366,1382
2027,Codeforces Round 982 (Div. 2),ltmh,3355,1729960500,1544,1514
2027,Codeforces Round 982 (Div. 2),notboruto,3355,1729960500,1219,1277
2027,Codeforces Round 982 (Div. 2),shivam.249,3355,1729960500,1412,1415
2027,Codeforces Round 982 (Div. 2),kylychbek,3355,1729960500,1809,1718
2027,Codeforces Round 982 (Div. 2),zedonggg,3361,1729960500,1215,1309
2027,Codeforces Round 982 (Div. 2),Bankai_123,3361,1729960500,1488,1472
2027,Codeforces Round 982 (Div. 2),hardsinc,3363,1729960500,1442,1438
2027,Codeforces Round 982 (Div. 2),Pawan_Sharma99,3364,1729960500,1471,1459
2027,Codeforces Round 982 (Div. 2),TarekRahmanTR,3364,1729960500,1358,1376
2027,Codeforces Round 982 (Div. 2),Sirius_A,3364,1729960500,1674,1613
2027,Codeforces Round 982 (Div. 2),VulcanForge,3364,1729960500,1752,1673
2027,Codeforces Round 982 (Div. 2),giri_27,3364,1729960500,1099,1195
2027,Codeforces Round 982 (Div. 2),laalkabootar,3364,1729960500,1238,1290
2027,Codeforces Round 982 (Div. 2),Abhiraj,3370,1729960500,1145,1225
2027,Codeforces Round 982 (Div. 2),chenxingyuchen,3370,1729960500,942,1094
2027,Codeforces Round 982 (Div. 2),Abhi3005,3370,1729960500,1463,1453
2027,Codeforces Round 982 (Div. 2),spacetune,3370,1729960500,1494,1476
2027,Codeforces Round 982 (Div. 2),adityaparmar9813,3374,1729960500,1357,1374
2027,Codeforces Round 982 (Div. 2),huxint.,3374,1729960500,1214,1273
2027,Codeforces Round 982 (Div. 2),SeannH,3374,1729960500,1660,1602
2027,Codeforces Round 982 (Div. 2),michaleproff,3377,1729960500,1244,1294
2027,Codeforces Round 982 (Div. 2),b_mehta,3377,1729960500,1299,1333
2027,Codeforces Round 982 (Div. 2),Aryan2311,3377,1729960500,1507,1486
2027,Codeforces Round 982 (Div. 2),COSY_CODER,3380,1729960500,1153,1231
2027,Codeforces Round 982 (Div. 2),nludfuck,3380,1729960500,0,510
2027,Codeforces Round 982 (Div. 2),yashjaiswal2509,3382,1729960500,1205,1266
2027,Codeforces Round 982 (Div. 2),daksh_singh,3382,1729960500,1373,1387
2027,Codeforces Round 982 (Div. 2),Mootra,3384,1729960500,1281,1320
2027,Codeforces Round 982 (Div. 2),hitoriray,3384,1729960500,1464,1453
2027,Codeforces Round 982 (Div. 2),Horrible120,3384,1729960500,1529,1502
2027,Codeforces Round 982 (Div. 2),jiuxiangqingfeng,3387,1729960500,1536,1508
2027,Codeforces Round 982 (Div. 2),haridevsingh,3387,1729960500,1172,1243
2027,Codeforces Round 982 (Div. 2),patrickh,3387,1729960500,1566,1530
2027,Codeforces Round 982 (Div. 2),BeyonderxX,3387,1729960500,1501,1481
2027,Codeforces Round 982 (Div. 2),144stars,3391,1729960500,0,510
2027,Codeforces Round 982 (Div. 2),kushwanth_sistu,3391,1729960500,1411,1414
2027,Codeforces Round 982 (Div. 2),shreypa,3391,1729960500,1211,1270
2027,Codeforces Round 982 (Div. 2),t-vaibhav,3394,1729960500,1182,1250
2027,Codeforces Round 982 (Div. 2),Agen,3394,1729960500,1301,1370
2027,Codeforces Round 982 (Div. 2),Saurabhcr7,3394,1729960500,1240,1290
2027,Codeforces Round 982 (Div. 2),swaroopankam,3394,1729960500,1294,1329
2027,Codeforces Round 982 (Div. 2),itsraajjjuuuu,3394,1729960500,1340,1362
2027,Codeforces Round 982 (Div. 2),AVC369,3399,1729960500,1280,1319
2027,Codeforces Round 982 (Div. 2),__profeta,3399,1729960500,1104,1197
2027,Codeforces Round 982 (Div. 2),algoskipper,3399,1729960500,1008,1134
2027,Codeforces Round 982 (Div. 2),Umbet,3402,1729960500,1361,1377
2027,Codeforces Round 982 (Div. 2),chughtaisaeed,3402,1729960500,1144,1224
2027,Codeforces Round 982 (Div. 2),LiZhiHong,3402,1729960500,1262,1306
2027,Codeforces Round 982 (Div. 2),HelloBuddyJr23,3402,1729960500,500,855
2027,Codeforces Round 982 (Div. 2),alex007__,3406,1729960500,1311,1341
2027,Codeforces Round 982 (Div. 2),RahulKt,3406,1729960500,1486,1469
2027,Codeforces Round 982 (Div. 2),prem__,3408,1729960500,1687,1622
2027,Codeforces Round 982 (Div. 2),aman_sriv,3408,1729960500,1762,1680
2027,Codeforces Round 982 (Div. 2),Heshi,3408,1729960500,1581,1541
2027,Codeforces Round 982 (Div. 2),devil_coder077,3411,1729960500,951,1145
2027,Codeforces Round 982 (Div. 2),dvverma0308,3411,1729960500,1291,1326
2027,Codeforces Round 982 (Div. 2),ZaiBug,3411,1729960500,1709,1639
2027,Codeforces Round 982 (Div. 2),MeetBrahmbhatt,3414,1729960500,2037,1898
2027,Codeforces Round 982 (Div. 2),Zeyad_3BcarenO,3414,1729960500,1346,1366
2027,Codeforces Round 982 (Div. 2),_lucho,3416,1729960500,994,1125
2027,Codeforces Round 982 (Div. 2),jonteo_2001,3416,1729960500,1226,1280
2027,Codeforces Round 982 (Div. 2),Revanth27,3416,1729960500,1322,1348
2027,Codeforces Round 982 (Div. 2),x_n,3419,1729960500,1519,1532
2027,Codeforces Round 982 (Div. 2),AlexanderGarifullin,3419,1729960500,1616,1568
2027,Codeforces Round 982 (Div. 2),immortal_water,3421,1729960500,1041,1212
2027,Codeforces Round 982 (Div. 2),EEEEEEEEEEEEEEEEEEEEEE,3421,1729960500,710,985
2027,Codeforces Round 982 (Div. 2),Br0ok,3421,1729960500,1245,1293
2027,Codeforces Round 982 (Div. 2),VasV22,3421,1729960500,1407,1410
2027,Codeforces Round 982 (Div. 2),whe961,3425,1729960500,1729,1654
2027,Codeforces Round 982 (Div. 2),Blank_123,3425,1729960500,1319,1346
2027,Codeforces Round 982 (Div. 2),zxilly,3425,1729960500,1324,1349
2027,Codeforces Round 982 (Div. 2),zoidzium,3425,1729960500,1543,1512
2027,Codeforces Round 982 (Div. 2),Galaxy_KW,3429,1729960500,1621,1571
2027,Codeforces Round 982 (Div. 2),AcPlusOne,3429,1729960500,1749,1670
2027,Codeforces Round 982 (Div. 2),RanCheer,3429,1729960500,1277,1316
2027,Codeforces Round 982 (Div. 2),Koishii,3429,1729960500,1380,1390
2027,Codeforces Round 982 (Div. 2),h.j.b.r.l,3433,1729960500,1425,1423
2027,Codeforces Round 982 (Div. 2),biniyamnegasa,3433,1729960500,1295,1328
2027,Codeforces Round 982 (Div. 2),_.BoodyRadwan._,3433,1729960500,992,1123
2027,Codeforces Round 982 (Div. 2),abdart,3436,1729960500,1342,1362
2027,Codeforces Round 982 (Div. 2),suharius,3436,1729960500,1511,1488
2027,Codeforces Round 982 (Div. 2),Caractaser,3436,1729960500,990,1175
2027,Codeforces Round 982 (Div. 2),Sh1khar,3439,1729960500,1229,1281
2027,Codeforces Round 982 (Div. 2),Sivam_Mohapatra,3439,1729960500,1374,1385
2027,Codeforces Round 982 (Div. 2),elegy__,3441,1729960500,1576,1537
2027,Codeforces Round 982 (Div. 2),gareeb_koder,3441,1729960500,1359,1374
2027,Codeforces Round 982 (Div. 2),NguyenTriDung,3441,1729960500,1201,1262
2027,Codeforces Round 982 (Div. 2),ayushdreams147,3441,1729960500,1405,1408
2027,Codeforces Round 982 (Div. 2),shashi_raj_1104,3445,1729960500,1456,1446
2027,Codeforces Round 982 (Div. 2),BlueSkull,3445,1729960500,1411,1412
2027,Codeforces Round 982 (Div. 2),MH_Parag,3445,1729960500,1609,1562
2027,Codeforces Round 982 (Div. 2),Mandar,3445,1729960500,1311,1339
2027,Codeforces Round 982 (Div. 2),Quanta160,3449,1729960500,1267,1308
2027,Codeforces Round 982 (Div. 2),LJY--2002,3449,1729960500,1541,1510
2027,Codeforces Round 982 (Div. 2),celebken,3449,1729960500,1110,1199
2027,Codeforces Round 982 (Div. 2),Royboy01,3452,1729960500,1338,1358
2027,Codeforces Round 982 (Div. 2),changshenhuang,3452,1729960500,502,856
2027,Codeforces Round 982 (Div. 2),Hanonymous,3452,1729960500,1553,1519
2027,Codeforces Round 982 (Div. 2),xk9,3452,1729960500,1434,1429
2027,Codeforces Round 982 (Div. 2),Florentinoo,3456,1729960500,1269,1309
2027,Codeforces Round 982 (Div. 2),Boxfish,3456,1729960500,972,1195
2027,Codeforces Round 982 (Div. 2),Hardikaswal,3456,1729960500,1508,1485
2027,Codeforces Round 982 (Div. 2),persive_007,3459,1729960500,1526,1499
2027,Codeforces Round 982 (Div. 2),playmaker123,3459,1729960500,1392,1398
2027,Codeforces Round 982 (Div. 2),alpha_9796,3459,1729960500,1499,1478
2027,Codeforces Round 982 (Div. 2),DivinePunishment,3459,1729960500,1736,1659
2027,Codeforces Round 982 (Div. 2),huydepchai2,3463,1729960500,912,1119
2027,Codeforces Round 982 (Div. 2),OnlyFirst,3463,1729960500,1281,1317
2027,Codeforces Round 982 (Div. 2),danielababu,3463,1729960500,1282,1318
2027,Codeforces Round 982 (Div. 2),alexi_F,3463,1729960500,1464,1451
2027,Codeforces Round 982 (Div. 2),buulee,3467,1729960500,1583,1541
2027,Codeforces Round 982 (Div. 2),dream_chaser_,3467,1729960500,1311,1339
2027,Codeforces Round 982 (Div. 2),Simurdiera_MAC,3467,1729960500,1137,1217
2027,Codeforces Round 982 (Div. 2),white_two,3467,1729960500,1311,1339
2027,Codeforces Round 982 (Div. 2),sxkane,3471,1729960500,1491,1471
2027,Codeforces Round 982 (Div. 2),anonymous372,3471,1729960500,1294,1327
2027,Codeforces Round 982 (Div. 2),jakub.zip,3473,1729960500,1365,1377
2027,Codeforces Round 982 (Div. 2),lianhao,3473,1729960500,1589,1546
2027,Codeforces Round 982 (Div. 2),nikalla,3473,1729960500,1604,1557
2027,Codeforces Round 982 (Div. 2),Pixel_alt,3473,1729960500,1188,1252
2027,Codeforces Round 982 (Div. 2),Moni_2,3473,1729960500,1408,1409
2027,Codeforces Round 982 (Div. 2),uf982,3473,1729960500,1411,1412
2027,Codeforces Round 982 (Div. 2),Shimanto_125,3479,1729960500,1093,1187
2027,Codeforces Round 982 (Div. 2),Limewk,3479,1729960500,1466,1453
2027,Codeforces Round 982 (Div. 2),tatar4onok,3479,1729960500,1587,1544
2027,Codeforces Round 982 (Div. 2),MFahim_,3479,1729960500,1403,1406
2027,Codeforces Round 982 (Div. 2),Schrody,3483,1729960500,1428,1424
2027,Codeforces Round 982 (Div. 2),VoHT,3483,1729960500,1294,1326
2027,Codeforces Round 982 (Div. 2),Jaman_khan,3483,1729960500,1393,1398
2027,Codeforces Round 982 (Div. 2),need_thing,3483,1729960500,1012,1134
2027,Codeforces Round 982 (Div. 2),av_01,3487,1729960500,1260,1301
2027,Codeforces Round 982 (Div. 2),arshad_shahzeb,3487,1729960500,1883,1773
2027,Codeforces Round 982 (Div. 2),UNKNOWwNnN,3487,1729960500,1273,1311
2027,Codeforces Round 982 (Div. 2),tnatsnoc,3487,1729960500,1406,1408
2027,Codeforces Round 982 (Div. 2),AaronCC,3491,1729960500,1334,1355
2027,Codeforces Round 982 (Div. 2),mrinmoy_2003,3492,1729960500,1476,1459
2027,Codeforces Round 982 (Div. 2),frocemetocode,3492,1729960500,1349,1366
2027,Codeforces Round 982 (Div. 2),Heathen__,3494,1729960500,1563,1525
2027,Codeforces Round 982 (Div. 2),_Trilasha_,3494,1729960500,1496,1475
2027,Codeforces Round 982 (Div. 2),ukaniirfan,3496,1729960500,1513,1488
2027,Codeforces Round 982 (Div. 2),jelly,3496,1729960500,1505,1482
2027,Codeforces Round 982 (Div. 2),dynamic_flow,3496,1729960500,1346,1363
2027,Codeforces Round 982 (Div. 2),za11,3499,1729960500,1268,1307
2027,Codeforces Round 982 (Div. 2),justYader,3499,1729960500,1331,1352
2027,Codeforces Round 982 (Div. 2),T_saha11,3499,1729960500,1352,1368
2027,Codeforces Round 982 (Div. 2),dodofaf,3499,1729960500,1008,1186
2027,Codeforces Round 982 (Div. 2),raincandy,3499,1729960500,748,1028
2027,Codeforces Round 982 (Div. 2),Amin4by4,3499,1729960500,964,1103
2027,Codeforces Round 982 (Div. 2),kisara1314,3499,1729960500,1229,1279
2027,Codeforces Round 982 (Div. 2),2004zzy,3506,1729960500,1193,1254
2027,Codeforces Round 982 (Div. 2),heyuhao,3506,1729960500,1350,1366
2027,Codeforces Round 982 (Div. 2),xprt_1,3508,1729960500,1630,1576
2027,Codeforces Round 982 (Div. 2),Fourier_Transform,3508,1729960500,1377,1386
2027,Codeforces Round 982 (Div. 2),rav_ish,3508,1729960500,1259,1300
2027,Codeforces Round 982 (Div. 2),ruby_0131,3508,1729960500,435,805
2027,Codeforces Round 982 (Div. 2),RUOHUI,3508,1729960500,1429,1424
2027,Codeforces Round 982 (Div. 2),TheUnderdog_,3513,1729960500,1127,1272
2027,Codeforces Round 982 (Div. 2),khanter_,3513,1729960500,1696,1627
2027,Codeforces Round 982 (Div. 2),ricardsjansons,3513,1729960500,1285,1355
2027,Codeforces Round 982 (Div. 2),Sri_05,3513,1729960500,843,1097
2027,Codeforces Round 982 (Div. 2),Rowd,3517,1729960500,1792,1701
2027,Codeforces Round 982 (Div. 2),Saivishwas,3517,1729960500,1403,1404
2027,Codeforces Round 982 (Div. 2),ciel_,3517,1729960500,1041,1152
2027,Codeforces Round 982 (Div. 2),Heisenberg2020,3517,1729960500,1223,1275
2027,Codeforces Round 982 (Div. 2),Le0Chan,3521,1729960500,0,507
2027,Codeforces Round 982 (Div. 2),raj2001,3521,1729960500,1297,1327
2027,Codeforces Round 982 (Div. 2),BK_sky,3523,1729960500,1354,1368
2027,Codeforces Round 982 (Div. 2),ThyDisguised,3523,1729960500,1754,1671
2027,Codeforces Round 982 (Div. 2),Rushi_Vivek,3525,1729960500,1348,1364
2027,Codeforces Round 982 (Div. 2),anikayt,3525,1729960500,1271,1308
2027,Codeforces Round 982 (Div. 2),AdariKarthikeya,3525,1729960500,1184,1247
2027,Codeforces Round 982 (Div. 2),Backstabber,3525,1729960500,1208,1264
2027,Codeforces Round 982 (Div. 2),Habash,3525,1729960500,1047,1155
2027,Codeforces Round 982 (Div. 2),berojgar1905,3530,1729960500,1480,1461
2027,Codeforces Round 982 (Div. 2),sebester,3530,1729960500,1233,1281
2027,Codeforces Round 982 (Div. 2),codekanishk293,3532,1729960500,1357,1370
2027,Codeforces Round 982 (Div. 2),Sharan_kumar,3532,1729960500,1507,1482
2027,Codeforces Round 982 (Div. 2),navneetk12,3532,1729960500,1527,1497
2027,Codeforces Round 982 (Div. 2),Hustler_796,3535,1729960500,519,866
2027,Codeforces Round 982 (Div. 2),tertho_11,3535,1729960500,1066,1168
2027,Codeforces Round 982 (Div. 2),Triscoma,3535,1729960500,1215,1269
2027,Codeforces Round 982 (Div. 2),NX7,3538,1729960500,1507,1482
2027,Codeforces Round 982 (Div. 2),Bettee12,3538,1729960500,699,946
2027,Codeforces Round 982 (Div. 2),KUI1729,3540,1729960500,867,1114
2027,Codeforces Round 982 (Div. 2),Manya6258,3540,1729960500,1098,1189
2027,Codeforces Round 982 (Div. 2),mankor123,3540,1729960500,815,1076
2027,Codeforces Round 982 (Div. 2),mobius.MB,3540,1729960500,1270,1307
2027,Codeforces Round 982 (Div. 2),NB202326206007,3544,1729960500,1244,1288
2027,Codeforces Round 982 (Div. 2),karunakar_516,3544,1729960500,1564,1525
2027,Codeforces Round 982 (Div. 2),bhavishya0149,3544,1729960500,1394,1397
2027,Codeforces Round 982 (Div. 2),xboy,3544,1729960500,1451,1439
2027,Codeforces Round 982 (Div. 2),morphinecode,3544,1729960500,1725,1648
2027,Codeforces Round 982 (Div. 2),alpha1215,3549,1729960500,1618,1566
2027,Codeforces Round 982 (Div. 2),Shawk,3549,1729960500,1554,1517
2027,Codeforces Round 982 (Div. 2),karanagarwal12,3549,1729960500,919,1119
2027,Codeforces Round 982 (Div. 2),ArnavS05,3549,1729960500,1321,1344
2027,Codeforces Round 982 (Div. 2),jenilshah740,3553,1729960500,1296,1326
2027,Codeforces Round 982 (Div. 2),lew2018,3553,1729960500,1560,1522
2027,Codeforces Round 982 (Div. 2),naivedyam,3555,1729960500,1256,1297
2027,Codeforces Round 982 (Div. 2),NO_ONE2462,3556,1729960500,1509,1483
2027,Codeforces Round 982 (Div. 2),Mohamed_Yasser,3556,1729960500,1372,1381
2027,Codeforces Round 982 (Div. 2),Makise__kurisu,3558,1729960500,1622,1569
2027,Codeforces Round 982 (Div. 2),changinmong10,3558,1729960500,1422,1417
2027,Codeforces Round 982 (Div. 2),divyamdixit49,3558,1729960500,1196,1255
2027,Codeforces Round 982 (Div. 2),hhuan1412,3561,1729960500,859,1079
2027,Codeforces Round 982 (Div. 2),bkdn24.dotuangv,3561,1729960500,1533,1501
2027,Codeforces Round 982 (Div. 2),Messier-42,3561,1729960500,1302,1330
2027,Codeforces Round 982 (Div. 2),Priyanshagrawal,3564,1729960500,1361,1372
2027,Codeforces Round 982 (Div. 2),kungfuboss,3564,1729960500,1312,1337
2027,Codeforces Round 982 (Div. 2),43IJNIF5EWL,3564,1729960500,1600,1552
2027,Codeforces Round 982 (Div. 2),ramen_tasty,3567,1729960500,1409,1408
2027,Codeforces Round 982 (Div. 2),Gaze_X,3567,1729960500,1385,1390
2027,Codeforces Round 982 (Div. 2),mehul07,3569,1729960500,1193,1252
2027,Codeforces Round 982 (Div. 2),taut0logy,3569,1729960500,1078,1174
2027,Codeforces Round 982 (Div. 2),macaquedev,3571,1729960500,1689,1620
2027,Codeforces Round 982 (Div. 2),vedant225411420,3571,1729960500,1233,1280
2027,Codeforces Round 982 (Div. 2),lemon23,3573,1729960500,1128,1208
2027,Codeforces Round 982 (Div. 2),kanavii,3573,1729960500,1277,1311
2027,Codeforces Round 982 (Div. 2),Algorithmer,3573,1729960500,1435,1427
2027,Codeforces Round 982 (Div. 2),huanxiel,3573,1729960500,1354,1367
2027,Codeforces Round 982 (Div. 2),Heenpei,3577,1729960500,1508,1482
2027,Codeforces Round 982 (Div. 2),Nikkz,3577,1729960500,1207,1261
2027,Codeforces Round 982 (Div. 2),Delta_Naz,3577,1729960500,1466,1450
2027,Codeforces Round 982 (Div. 2),Dennis_Jason,3577,1729960500,1162,1231
2027,Codeforces Round 982 (Div. 2),lap_fhyu,3577,1729960500,1640,1582
2027,Codeforces Round 982 (Div. 2),th__29,3577,1729960500,1056,1159
2027,Codeforces Round 982 (Div. 2),sandeepmoode007,3577,1729960500,1284,1316
2027,Codeforces Round 982 (Div. 2),sammilleer,3584,1729960500,1263,1301
2027,Codeforces Round 982 (Div. 2),ahambrahmasmi83761,3584,1729960500,1037,1147
2027,Codeforces Round 982 (Div. 2),newbie_26,3584,1729960500,1146,1220
2027,Codeforces Round 982 (Div. 2),ShubhamJha1607,3587,1729960500,458,820
2027,Codeforces Round 982 (Div. 2),Sereinsky,3587,1729960500,1422,1417
2027,Codeforces Round 982 (Div. 2),JIUJIU99,3589,1729960500,1400,1400
2027,Codeforces Round 982 (Div. 2),PranavVarmaDp,3589,1729960500,1431,1423
2027,Codeforces Round 982 (Div. 2),changing979,3589,1729960500,1342,1358
2027,Codeforces Round 982 (Div. 2),YEdh,3592,1729960500,1176,1240
2027,Codeforces Round 982 (Div. 2),Coder987,3592,1729960500,1323,1344
2027,Codeforces Round 982 (Div. 2),Uniqueone69,3594,1729960500,1146,1219
2027,Codeforces Round 982 (Div. 2),sanchit30,3595,1729960500,1317,1340
2027,Codeforces Round 982 (Div. 2),candiCandi,3595,1729960500,1645,1585
2027,Codeforces Round 982 (Div. 2),Mauryavardhan_Singh,3595,1729960500,1209,1263
2027,Codeforces Round 982 (Div. 2),VermiGhar180,3595,1729960500,1312,1336
2027,Codeforces Round 982 (Div. 2),IISAN,3599,1729960500,1171,1237
2027,Codeforces Round 982 (Div. 2),sidharth_11,3599,1729960500,894,1133
2027,Codeforces Round 982 (Div. 2),Selvaarumugam,3601,1729960500,1202,1258
2027,Codeforces Round 982 (Div. 2),2778256413,3602,1729960500,1414,1410
2027,Codeforces Round 982 (Div. 2),hzbjr,3602,1729960500,1366,1375
2027,Codeforces Round 982 (Div. 2),THE_._Prag,3602,1729960500,1508,1481
2027,Codeforces Round 982 (Div. 2),ALL_TER,3605,1729960500,1348,1362
2027,Codeforces Round 982 (Div. 2),Neshwanth0.,3606,1729960500,1245,1288
2027,Codeforces Round 982 (Div. 2),Anindya42001,3606,1729960500,1416,1412
2027,Codeforces Round 982 (Div. 2),Raihan2500,3608,1729960500,1450,1437
2027,Codeforces Round 982 (Div. 2),coffeefish_fan,3608,1729960500,1273,1308
2027,Codeforces Round 982 (Div. 2),rumike,3608,1729960500,1505,1479
2027,Codeforces Round 982 (Div. 2),Sandeep_Nitharwal,3611,1729960500,1613,1561
2027,Codeforces Round 982 (Div. 2),mostafaabdelaal_03,3612,1729960500,1527,1495
2027,Codeforces Round 982 (Div. 2),Hiro-Hamada,3612,1729960500,1059,1161
2027,Codeforces Round 982 (Div. 2),kafiulshabbir,3614,1729960500,1433,1424
2027,Codeforces Round 982 (Div. 2),FPython,3614,1729960500,1304,1330
2027,Codeforces Round 982 (Div. 2),YoussefMorad1,3614,1729960500,1639,1580
2027,Codeforces Round 982 (Div. 2),skrt_real,3614,1729960500,1247,1289
2027,Codeforces Round 982 (Div. 2),KNAMX,3614,1729960500,1318,1340
2027,Codeforces Round 982 (Div. 2),deeblue,3619,1729960500,1641,1582
2027,Codeforces Round 982 (Div. 2),shai_hulud,3620,1729960500,1157,1226
2027,Codeforces Round 982 (Div. 2),iij,3620,1729960500,1413,1409
2027,Codeforces Round 982 (Div. 2),Adilkhan855,3620,1729960500,1378,1383
2027,Codeforces Round 982 (Div. 2),SALmncA.S,3620,1729960500,1441,1430
2027,Codeforces Round 982 (Div. 2),RSAMSD,3624,1729960500,1702,1629
2027,Codeforces Round 982 (Div. 2),aminealist,3624,1729960500,1471,1452
2027,Codeforces Round 982 (Div. 2),Nikhil__14k,3626,1729960500,1479,1458
2027,Codeforces Round 982 (Div. 2),ayoooy,3626,1729960500,1185,1245
2027,Codeforces Round 982 (Div. 2),brave-kid,3626,1729960500,1608,1556
2027,Codeforces Round 982 (Div. 2),skk_codes,3629,1729960500,927,1122
2027,Codeforces Round 982 (Div. 2),SridharSuthapalli,3630,1729960500,1383,1387
2027,Codeforces Round 982 (Div. 2),Anshti_8237,3630,1729960500,1206,1260
2027,Codeforces Round 982 (Div. 2),Atlas_1202,3632,1729960500,1000,1176
2027,Codeforces Round 982 (Div. 2),ma2327424,3633,1729960500,750,971
2027,Codeforces Round 982 (Div. 2),adi_vankani,3634,1729960500,1204,1258
2027,Codeforces Round 982 (Div. 2),Tiglon,3634,1729960500,1223,1271
2027,Codeforces Round 982 (Div. 2),KethDeorge,3634,1729960500,1144,1282
2027,Codeforces Round 982 (Div. 2),atulrathore,3637,1729960500,1582,1536
2027,Codeforces Round 982 (Div. 2),Frosted_maze,3637,1729960500,0,504
2027,Codeforces Round 982 (Div. 2),kunj_kheni,3637,1729960500,1639,1580
2027,Codeforces Round 982 (Div. 2),caicaihui,3640,1729960500,1162,1229
2027,Codeforces Round 982 (Div. 2),rakshit0960,3640,1729960500,1141,1215
2027,Codeforces Round 982 (Div. 2),mrkj05,3640,1729960500,1133,1209
2027,Codeforces Round 982 (Div. 2),Jahid__Noob,3643,1729960500,1375,1381
2027,Codeforces Round 982 (Div. 2),harchetsingh12,3644,1729960500,1419,1413
2027,Codeforces Round 982 (Div. 2),segtreefan,3644,1729960500,1297,1324
2027,Codeforces Round 982 (Div. 2),lbc_21,3644,1729960500,1646,1585
2027,Codeforces Round 982 (Div. 2),Cloud_Wind,3647,1729960500,1345,1395
2027,Codeforces Round 982 (Div. 2),Rimuru,3647,1729960500,1565,1523
2027,Codeforces Round 982 (Div. 2),jeal0uspengu1n,3647,1729960500,1629,1572
2027,Codeforces Round 982 (Div. 2),borodin38,3647,1729960500,1212,1264
2027,Codeforces Round 982 (Div. 2),voxthane,3647,1729960500,1171,1235
2027,Codeforces Round 982 (Div. 2),khushalcofound,3652,1729960500,1148,1219
2027,Codeforces Round 982 (Div. 2),Umar_Sk,3652,1729960500,1160,1227
2027,Codeforces Round 982 (Div. 2),dhruv7811,3654,1729960500,1467,1449
2027,Codeforces Round 982 (Div. 2),Matian,3654,1729960500,1290,1355
2027,Codeforces Round 982 (Div. 2),Phon,3654,1729960500,1382,1385
2027,Codeforces Round 982 (Div. 2),dhruv_tiwari7829,3657,1729960500,907,1063
2027,Codeforces Round 982 (Div. 2),Fadel097,3658,1729960500,1485,1462
2027,Codeforces Round 982 (Div. 2),NexTopper,3658,1729960500,1605,1553
2027,Codeforces Round 982 (Div. 2),Kanishk_0012,3658,1729960500,1369,1376
2027,Codeforces Round 982 (Div. 2),dibyam_jalan,3658,1729960500,1360,1369
2027,Codeforces Round 982 (Div. 2),Leoxz,3658,1729960500,1083,1175
2027,Codeforces Round 982 (Div. 2),Rinnegone,3663,1729960500,1376,1381
2027,Codeforces Round 982 (Div. 2),Cuant_guy,3664,1729960500,1281,1312
2027,Codeforces Round 982 (Div. 2),2weeks,3665,1729960500,1497,1471
2027,Codeforces Round 982 (Div. 2),utsav7096,3666,1729960500,1003,1122
2027,Codeforces Round 982 (Div. 2),Terminator2004,3666,1729960500,1333,1349
2027,Codeforces Round 982 (Div. 2),Architect_00,3666,1729960500,1619,1564
2027,Codeforces Round 982 (Div. 2),sakuya_maid_fans,3666,1729960500,1514,1484
2027,Codeforces Round 982 (Div. 2),hpu_workhard,3670,1729960500,1209,1261
2027,Codeforces Round 982 (Div. 2),pianapolataa,3671,1729960500,1340,1355
2027,Codeforces Round 982 (Div. 2),2410017640,3672,1729960500,1168,1232
2027,Codeforces Round 982 (Div. 2),kosar,3672,1729960500,1600,1549
2027,Codeforces Round 982 (Div. 2),chillingmachine,3672,1729960500,1347,1359
2027,Codeforces Round 982 (Div. 2),_rbx_,3675,1729960500,1161,1227
2027,Codeforces Round 982 (Div. 2),vasu52,3675,1729960500,1565,1522
2027,Codeforces Round 982 (Div. 2),hotkey,3675,1729960500,1315,1336
2027,Codeforces Round 982 (Div. 2),WhiteZeta143,3675,1729960500,1400,1398
2027,Codeforces Round 982 (Div. 2),saisriramdodda1302,3679,1729960500,1147,1217
2027,Codeforces Round 982 (Div. 2),srivastava.swasti07,3679,1729960500,1396,1395
2027,Codeforces Round 982 (Div. 2),krishnamoorthy,3681,1729960500,1300,1362
2027,Codeforces Round 982 (Div. 2),STK,3681,1729960500,1282,1312
2027,Codeforces Round 982 (Div. 2),KolunG,3683,1729960500,1739,1656
2027,Codeforces Round 982 (Div. 2),JellyZeeFish,3684,1729960500,1157,1224
2027,Codeforces Round 982 (Div. 2),m_m_d_,3684,1729960500,1688,1617
2027,Codeforces Round 982 (Div. 2),nikolashami,3684,1729960500,1655,1591
2027,Codeforces Round 982 (Div. 2),Wonder_of_U_,3687,1729960500,1457,1440
2027,Codeforces Round 982 (Div. 2),wiredin,3687,1729960500,1379,1382
2027,Codeforces Round 982 (Div. 2),Swayam78,3687,1729960500,1380,1383
2027,Codeforces Round 982 (Div. 2),play4myself,3690,1729960500,1516,1550
2027,Codeforces Round 982 (Div. 2),Blunter_Decosta,3691,1729960500,1242,1283
2027,Codeforces Round 982 (Div. 2),pysunn,3691,1729960500,1123,1201
2027,Codeforces Round 982 (Div. 2),BeanBurrito,3691,1729960500,1503,1475
2027,Codeforces Round 982 (Div. 2),kmparvez,3691,1729960500,1600,1549
2027,Codeforces Round 982 (Div. 2),Deepesh-Tiwari,3691,1729960500,1191,1247
2027,Codeforces Round 982 (Div. 2),Go2Hell,3691,1729960500,1436,1424
2027,Codeforces Round 982 (Div. 2),shitij_18,3691,1729960500,1288,1316
2027,Codeforces Round 982 (Div. 2),SAYEM_19,3691,1729960500,1488,1463
2027,Codeforces Round 982 (Div. 2),Raimond,3699,1729960500,1150,1219
2027,Codeforces Round 982 (Div. 2),tnaito,3700,1729960500,1620,1564
2027,Codeforces Round 982 (Div. 2),Kaitak,3700,1729960500,1231,1275
2027,Codeforces Round 982 (Div. 2),Liushenwuzhu,3700,1729960500,1179,1295
2027,Codeforces Round 982 (Div. 2),phungtanh8901ag,3700,1729960500,1077,1170
2027,Codeforces Round 982 (Div. 2),aryaaa14,3700,1729960500,1519,1487
2027,Codeforces Round 982 (Div. 2),RevCoSTa,3700,1729960500,1342,1355
2027,Codeforces Round 982 (Div. 2),Hotash_CP_Kore_Lav_Nai,3706,1729960500,1419,1411
2027,Codeforces Round 982 (Div. 2),myProfileTEST,3706,1729960500,1185,1278
2027,Codeforces Round 982 (Div. 2),saikrishna17394,3706,1729960500,1655,1591
2027,Codeforces Round 982 (Div. 2),RakibHossain,3709,1729960500,1398,1396
2027,Codeforces Round 982 (Div. 2),O.M.G,3710,1729960500,1427,1417
2027,Codeforces Round 982 (Div. 2),chen-xi,3710,1729960500,1338,1352
2027,Codeforces Round 982 (Div. 2),t1myrkq,3712,1729960500,1178,1238
2027,Codeforces Round 982 (Div. 2),sahil1607,3712,1729960500,1021,1133
2027,Codeforces Round 982 (Div. 2),applezk,3712,1729960500,1115,1195
2027,Codeforces Round 982 (Div. 2),adi0104,3715,1729960500,1588,1539
2027,Codeforces Round 982 (Div. 2),vishu1204,3716,1729960500,1110,1191
2027,Codeforces Round 982 (Div. 2),ag._.,3716,1729960500,1575,1529
2027,Codeforces Round 982 (Div. 2),Wasi_Ur,3716,1729960500,1511,1481
2027,Codeforces Round 982 (Div. 2),Shreesh_125,3716,1729960500,1434,1422
2027,Codeforces Round 982 (Div. 2),Dr.Stop,3716,1729960500,1275,1306
2027,Codeforces Round 982 (Div. 2),imsuraj675,3721,1729960500,1574,1528
2027,Codeforces Round 982 (Div. 2),rajnishsih,3722,1729960500,1171,1233
2027,Codeforces Round 982 (Div. 2),penguinsAreCool,3722,1729960500,1165,1228
2027,Codeforces Round 982 (Div. 2),rrb_07,3724,1729960500,1243,1283
2027,Codeforces Round 982 (Div. 2),nghia051,3725,1729960500,1919,1797
2027,Codeforces Round 982 (Div. 2),OHIN2005,3725,1729960500,1294,1319
2027,Codeforces Round 982 (Div. 2),Roll_Num_499,3725,1729960500,732,958
2027,Codeforces Round 982 (Div. 2),Private_1729,3728,1729960500,1461,1442
2027,Codeforces Round 982 (Div. 2),abimael,3729,1729960500,1388,1388
2027,Codeforces Round 982 (Div. 2),Frexto,3730,1729960500,1640,1579
2027,Codeforces Round 982 (Div. 2),youssefelsayed22,3730,1729960500,1327,1343
2027,Codeforces Round 982 (Div. 2),Glitch007,3730,1729960500,1326,1342
2027,Codeforces Round 982 (Div. 2),gbitti,3733,1729960500,1249,1287
2027,Codeforces Round 982 (Div. 2),nightwing_808,3734,1729960500,1535,1498
2027,Codeforces Round 982 (Div. 2),anshul169,3734,1729960500,1393,1391
2027,Codeforces Round 982 (Div. 2),aruj_m,3736,1729960500,1363,1432
2027,Codeforces Round 982 (Div. 2),PlayDate,3736,1729960500,1439,1426
2027,Codeforces Round 982 (Div. 2),sj_27,3738,1729960500,1274,1305
2027,Codeforces Round 982 (Div. 2),uttamkumarreddy123,3739,1729960500,1371,1375
2027,Codeforces Round 982 (Div. 2),mahiro_zcy,3739,1729960500,1536,1499
2027,Codeforces Round 982 (Div. 2),rahulb2809,3741,1729960500,1674,1605
2027,Codeforces Round 982 (Div. 2),kabalidaa,3742,1729960500,1400,1396
2027,Codeforces Round 982 (Div. 2),suvvadaappalanaidu36,3742,1729960500,1205,1256
2027,Codeforces Round 982 (Div. 2),hsn8086,3744,1729960500,895,1099
2027,Codeforces Round 982 (Div. 2),WhySoSerious16,3744,1729960500,1408,1402
2027,Codeforces Round 982 (Div. 2),Sabby013,3746,1729960500,1119,1196
2027,Codeforces Round 982 (Div. 2),Moody_Blues,3746,1729960500,1355,1363
2027,Codeforces Round 982 (Div. 2),PalindromeRo_,3746,1729960500,1285,1312
2027,Codeforces Round 982 (Div. 2),Mohamed.Sweid,3749,1729960500,1146,1215
2027,Codeforces Round 982 (Div. 2),Vipul21435,3750,1729960500,821,1008
2027,Codeforces Round 982 (Div. 2),KingOfThisWorld,3750,1729960500,1574,1528
2027,Codeforces Round 982 (Div. 2),Codesmith28,3752,1729960500,1205,1255
2027,Codeforces Round 982 (Div. 2),Decimator7,3753,1729960500,1279,1344
2027,Codeforces Round 982 (Div. 2),taitruong256,3753,1729960500,1550,1509
2027,Codeforces Round 982 (Div. 2),vyomgoyal098,3755,1729960500,1336,1349
2027,Codeforces Round 982 (Div. 2),gunwant009,3755,1729960500,1453,1436
2027,Codeforces Round 982 (Div. 2),deepanshu22april,3757,1729960500,1451,1434
2027,Codeforces Round 982 (Div. 2),Moonshine_sake,3757,1729960500,1778,1685
2027,Codeforces Round 982 (Div. 2),leonlian,3759,1729960500,1670,1601
2027,Codeforces Round 982 (Div. 2),Enderbrine16,3760,1729960500,1434,1421
2027,Codeforces Round 982 (Div. 2),hasnain_bashir_,3761,1729960500,1377,1379
2027,Codeforces Round 982 (Div. 2),averagecper,3761,1729960500,1032,1189
2027,Codeforces Round 982 (Div. 2),chpp,3763,1729960500,1355,1363
2027,Codeforces Round 982 (Div. 2),Redeat,3763,1729960500,0,500
2027,Codeforces Round 982 (Div. 2),mathtsai,3763,1729960500,1588,1538
2027,Codeforces Round 982 (Div. 2),explorer_skp,3763,1729960500,1356,1363
2027,Codeforces Round 982 (Div. 2),sushmit2022,3763,1729960500,1481,1457
2027,Codeforces Round 982 (Div. 2),Skeptic.,3768,1729960500,1305,1326
2027,Codeforces Round 982 (Div. 2),Durandal02,3768,1729960500,1584,1535
2027,Codeforces Round 982 (Div. 2),Vinay2011,3770,1729960500,1361,1367
2027,Codeforces Round 982 (Div. 2),someoness,3771,1729960500,1585,1536
2027,Codeforces Round 982 (Div. 2),SuhailBWN,3771,1729960500,1462,1442
2027,Codeforces Round 982 (Div. 2),tju3023244275,3773,1729960500,1567,1522
2027,Codeforces Round 982 (Div. 2),ninana,3773,1729960500,1261,1294
2027,Codeforces Round 982 (Div. 2),BaarishBoy,3773,1729960500,1262,1295
2027,Codeforces Round 982 (Div. 2),Yuanyin26,3776,1729960500,1326,1378
2027,Codeforces Round 982 (Div. 2),DaniilPanasenkoUa,3777,1729960500,514,856
2027,Codeforces Round 982 (Div. 2),ZiadMontaser,3777,1729960500,1137,1208
2027,Codeforces Round 982 (Div. 2),yigan_Eins,3777,1729960500,1333,1347
2027,Codeforces Round 982 (Div. 2),gatico2,3780,1729960500,1249,1322
2027,Codeforces Round 982 (Div. 2),008-Amirkhan-Zh-27,3780,1729960500,961,1144
2027,Codeforces Round 982 (Div. 2),Aytan88,3782,1729960500,1052,1151
2027,Codeforces Round 982 (Div. 2),rohitkumar0510,3782,1729960500,1460,1440
2027,Codeforces Round 982 (Div. 2),shuanglin,3784,1729960500,1422,1412
2027,Codeforces Round 982 (Div. 2),Euphoriababy,3784,1729960500,1319,1336
2027,Codeforces Round 982 (Div. 2),Parthavinolover,3784,1729960500,1175,1234
2027,Codeforces Round 982 (Div. 2),InFluX_M,3787,1729960500,1442,1427
2027,Codeforces Round 982 (Div. 2),Awsdkl,3787,1729960500,1240,1279
2027,Codeforces Round 982 (Div. 2),DevBabu,3789,1729960500,1564,1519
2027,Codeforces Round 982 (Div. 2),SummitClimbingDevil,3789,1729960500,1284,1310
2027,Codeforces Round 982 (Div. 2),naman005,3789,1729960500,1596,1543
2027,Codeforces Round 982 (Div. 2),totallyAugustus,3792,1729960500,1493,1465
2027,Codeforces Round 982 (Div. 2),Decoder_Coder,3792,1729960500,1351,1359
2027,Codeforces Round 982 (Div. 2),Thanwisit_neo,3794,1729960500,1102,1247
2027,Codeforces Round 982 (Div. 2),ArmaanRawatnsut,3794,1729960500,1110,1189
2027,Codeforces Round 982 (Div. 2),Leeeee,3796,1729960500,1290,1315
2027,Codeforces Round 982 (Div. 2),AL-Yassin-105,3797,1729960500,1517,1483
2027,Codeforces Round 982 (Div. 2),batak53,3797,1729960500,1396,1392
2027,Codeforces Round 982 (Div. 2),def_not_alt,3799,1729960500,1648,1583
2027,Codeforces Round 982 (Div. 2),vijay_mali,3800,1729960500,1143,1211
2027,Codeforces Round 982 (Div. 2),Dimsas,3800,1729960500,1334,1346
2027,Codeforces Round 982 (Div. 2),swatishivam23,3800,1729960500,1283,1309
2027,Codeforces Round 982 (Div. 2),CaiXY06,3803,1729960500,1608,1552
2027,Codeforces Round 982 (Div. 2),vetcdy,3803,1729960500,1225,1268
2027,Codeforces Round 982 (Div. 2),Rikhil,3803,1729960500,1240,1279
2027,Codeforces Round 982 (Div. 2),TD0210,3806,1729960500,1455,1436
2027,Codeforces Round 982 (Div. 2),SuvroDevRoy,3807,1729960500,1245,1282
2027,Codeforces Round 982 (Div. 2),DimaShip68,3808,1729960500,1287,1312
2027,Codeforces Round 982 (Div. 2),__PACIFIC__,3809,1729960500,1251,1286
2027,Codeforces Round 982 (Div. 2),Clclclcl,3810,1729960500,1285,1311
2027,Codeforces Round 982 (Div. 2),huykhanh07hd,3811,1729960500,0,499
2027,Codeforces Round 982 (Div. 2),amazy,3812,1729960500,1279,1306
2027,Codeforces Round 982 (Div. 2),lcf12345,3812,1729960500,1706,1628
2027,Codeforces Round 982 (Div. 2),burstingfire355,3812,1729960500,1147,1214
2027,Codeforces Round 982 (Div. 2),adwit_prit,3815,1729960500,1081,1169
2027,Codeforces Round 982 (Div. 2),hemant__1,3816,1729960500,1466,1444
2027,Codeforces Round 982 (Div. 2),thandosonanh2008,3816,1729960500,1147,1248
2027,Codeforces Round 982 (Div. 2),my_name_jeff,3818,1729960500,1366,1369
2027,Codeforces Round 982 (Div. 2),Utsav_11,3819,1729960500,1274,1302
2027,Codeforces Round 982 (Div. 2),ZeroIQ,3819,1729960500,1306,1326
2027,Codeforces Round 982 (Div. 2),miruna.cpp,3819,1729960500,1325,1339
2027,Codeforces Round 982 (Div. 2),Harshil4442,3822,1729960500,1464,1443
2027,Codeforces Round 982 (Div. 2),sakibsidha,3823,1729960500,1458,1438
2027,Codeforces Round 982 (Div. 2),kishan_secondary,3824,1729960500,949,1083
2027,Codeforces Round 982 (Div. 2),harshit_singhal,3825,1729960500,1317,1333
2027,Codeforces Round 982 (Div. 2),hritikkaushik,3826,1729960500,1308,1327
2027,Codeforces Round 982 (Div. 2),mub.ch,3826,1729960500,1665,1595
2027,Codeforces Round 982 (Div. 2),truong123too,3828,1729960500,504,848
2027,Codeforces Round 982 (Div. 2),permyst,3829,1729960500,1372,1374
2027,Codeforces Round 982 (Div. 2),Norge_Rubio,3830,1729960500,1397,1392
2027,Codeforces Round 982 (Div. 2),PiscesDream,3831,1729960500,1719,1637
2027,Codeforces Round 982 (Div. 2),Prakul18,3832,1729960500,1287,1312
2027,Codeforces Round 982 (Div. 2),phancddev,3833,1729960500,1033,1188
2027,Codeforces Round 982 (Div. 2),Berton2L,3833,1729960500,1327,1340
2027,Codeforces Round 982 (Div. 2),Alive-Character,3835,1729960500,1382,1381
2027,Codeforces Round 982 (Div. 2),zime_www,3836,1729960500,1589,1537
2027,Codeforces Round 982 (Div. 2),neitydv,3836,1729960500,1440,1424
2027,Codeforces Round 982 (Div. 2),hashtaggg,3836,1729960500,1059,1154
2027,Codeforces Round 982 (Div. 2),22r01a6732,3839,1729960500,1048,1198
2027,Codeforces Round 982 (Div. 2),Qw04_Dragoknight,3839,1729960500,1336,1347
2027,Codeforces Round 982 (Div. 2),anythingwillwork,3839,1729960500,1615,1557
2027,Codeforces Round 982 (Div. 2),Elfen_Lied_Opening,3842,1729960500,1234,1273
2027,Codeforces Round 982 (Div. 2),c0s1n3,3843,1729960500,1282,1308
2027,Codeforces Round 982 (Div. 2),_FREESTYLE_,3844,1729960500,1326,1339
2027,Codeforces Round 982 (Div. 2),Behrad.,3844,1729960500,1613,1556
2027,Codeforces Round 982 (Div. 2),Coderangshu,3846,1729960500,1307,1326
2027,Codeforces Round 982 (Div. 2),turnw,3847,1729960500,1306,1325
2027,Codeforces Round 982 (Div. 2),zxtikes,3848,1729960500,1515,1480
2027,Codeforces Round 982 (Div. 2),Jerry-123,3848,1729960500,1352,1358
2027,Codeforces Round 982 (Div. 2),PushkarKumar,3850,1729960500,1428,1415
2027,Codeforces Round 982 (Div. 2),AbdulRahmanLuai,3851,1729960500,1394,1390
2027,Codeforces Round 982 (Div. 2),Harshitx_,3852,1729960500,1384,1382
2027,Codeforces Round 982 (Div. 2),chandanrupal8122,3853,1729960500,721,999
2027,Codeforces Round 982 (Div. 2),SS-18,3854,1729960500,1151,1215
2027,Codeforces Round 982 (Div. 2),tan90cot0,3855,1729960500,1498,1467
2027,Codeforces Round 982 (Div. 2),revper,3855,1729960500,1434,1419
2027,Codeforces Round 982 (Div. 2),muksah2520,3857,1729960500,1206,1253
2027,Codeforces Round 982 (Div. 2),NebulousArchon,3857,1729960500,1228,1269
2027,Codeforces Round 982 (Div. 2),rajatmah032,3859,1729960500,1369,1371
2027,Codeforces Round 982 (Div. 2),ds5631,3860,1729960500,436,796
2027,Codeforces Round 982 (Div. 2),nongrindcode,3861,1729960500,1206,1253
2027,Codeforces Round 982 (Div. 2),jinghuaz,3862,1729960500,1434,1419
2027,Codeforces Round 982 (Div. 2),VlaLee,3862,1729960500,1068,1159
2027,Codeforces Round 982 (Div. 2),djsksbrbf,3864,1729960500,1261,1292
2027,Codeforces Round 982 (Div. 2),Arvi_saleque,3864,1729960500,1335,1345
2027,Codeforces Round 982 (Div. 2),commonashishw,3864,1729960500,1068,1159
2027,Codeforces Round 982 (Div. 2),CirnoNine,3864,1729960500,1542,1501
2027,Codeforces Round 982 (Div. 2),Neverthinking,3868,1729960500,1220,1321
2027,Codeforces Round 982 (Div. 2),devess,3868,1729960500,1111,1187
2027,Codeforces Round 982 (Div. 2),CSteve_Paul,3870,1729960500,1500,1469
2027,Codeforces Round 982 (Div. 2),harshitbeniwal,3871,1729960500,1252,1285
2027,Codeforces Round 982 (Div. 2),MisterO,3872,1729960500,1288,1311
2027,Codeforces Round 982 (Div. 2),1_I_I,3873,1729960500,1201,1250
2027,Codeforces Round 982 (Div. 2),Pa121,3873,1729960500,1379,1378
2027,Codeforces Round 982 (Div. 2),lakkimsettisreyas,3875,1729960500,1546,1503
2027,Codeforces Round 982 (Div. 2),navaneethmahar,3876,1729960500,945,1111
2027,Codeforces Round 982 (Div. 2),_TheChosenOne_,3877,1729960500,1328,1340
2027,Codeforces Round 982 (Div. 2),Jyotiprakashh,3878,1729960500,1302,1321
2027,Codeforces Round 982 (Div. 2),pjmundada2005,3878,1729960500,1233,1272
2027,Codeforces Round 982 (Div. 2),Nelly.B,3878,1729960500,1170,1227
2027,Codeforces Round 982 (Div. 2),orenji,3881,1729960500,1715,1633
2027,Codeforces Round 982 (Div. 2),Gopal2210,3882,1729960500,1037,1138
2027,Codeforces Round 982 (Div. 2),enratingion,3882,1729960500,1156,1218
2027,Codeforces Round 982 (Div. 2),PlayDead,3884,1729960500,1866,1752
2027,Codeforces Round 982 (Div. 2),Utonut-Zvezdy,3885,1729960500,1753,1663
2027,Codeforces Round 982 (Div. 2),colesmith54,3886,1729960500,948,1132
2027,Codeforces Round 982 (Div. 2),Uday8045,3886,1729960500,1066,1157
2027,Codeforces Round 982 (Div. 2),Gotsuhan,3888,1729960500,1625,1563
2027,Codeforces Round 982 (Div. 2),WJHyun,3889,1729960500,1223,1264
2027,Codeforces Round 982 (Div. 2),B0udy,3890,1729960500,1525,1487
2027,Codeforces Round 982 (Div. 2),quad_wipe,3891,1729960500,1476,1450
2027,Codeforces Round 982 (Div. 2),sixx_one,3891,1729960500,1392,1387
2027,Codeforces Round 982 (Div. 2),jamesnotfound3,3891,1729960500,965,1139
2027,Codeforces Round 982 (Div. 2),xian7,3894,1729960500,977,1188
2027,Codeforces Round 982 (Div. 2),Cannabist_carlsen,3894,1729960500,1209,1254
2027,Codeforces Round 982 (Div. 2),ppoollee,3896,1729960500,1640,1575
2027,Codeforces Round 982 (Div. 2),Milonia-,3896,1729960500,1543,1501
2027,Codeforces Round 982 (Div. 2),forsst50,3898,1729960500,1422,1409
2027,Codeforces Round 982 (Div. 2),go_j0,3899,1729960500,1313,1329
2027,Codeforces Round 982 (Div. 2),UjjwalD,3900,1729960500,1413,1402
2027,Codeforces Round 982 (Div. 2),sly123,3901,1729960500,1454,1433
2027,Codeforces Round 982 (Div. 2),harshsaini_10,3902,1729960500,1339,1347
2027,Codeforces Round 982 (Div. 2),MGN111,3903,1729960500,1424,1410
2027,Codeforces Round 982 (Div. 2),TheTechieGuy,3903,1729960500,1377,1375
2027,Codeforces Round 982 (Div. 2),younesg,3905,1729960500,1693,1616
2027,Codeforces Round 982 (Div. 2),rohit00,3906,1729960500,0,497
2027,Codeforces Round 982 (Div. 2),Gojo,3907,1729960500,1291,1312
2027,Codeforces Round 982 (Div. 2),azureboy,3907,1729960500,1219,1261
2027,Codeforces Round 982 (Div. 2),tarunmuragodnavar123,3909,1729960500,937,1073
2027,Codeforces Round 982 (Div. 2),manas_agarwal16,3910,1729960500,1329,1340
2027,Codeforces Round 982 (Div. 2),ZanpakutoOfSina,3911,1729960500,1291,1312
2027,Codeforces Round 982 (Div. 2),justsurfing,3912,1729960500,1511,1476
2027,Codeforces Round 982 (Div. 2),Helo00,3913,1729960500,1385,1381
2027,Codeforces Round 982 (Div. 2),thaonguyendethuongvai,3914,1729960500,1213,1257
2027,Codeforces Round 982 (Div. 2),samchen123,3915,1729960500,1348,1353
2027,Codeforces Round 982 (Div. 2),mig,3916,1729960500,1354,1358
2027,Codeforces Round 982 (Div. 2),math_coder,3917,1729960500,796,988
2027,Codeforces Round 982 (Div. 2),harshboghara004,3917,1729960500,1435,1418
2027,Codeforces Round 982 (Div. 2),prathampekamwar,3919,1729960500,1594,1539
2027,Codeforces Round 982 (Div. 2),2022csb1071,3920,1729960500,1336,1345
2027,Codeforces Round 982 (Div. 2),MaxPhast,3921,1729960500,1203,1249
2027,Codeforces Round 982 (Div. 2),Vegetog,3921,1729960500,1560,1513
2027,Codeforces Round 982 (Div. 2),NA7OOOO,3923,1729960500,1275,1300
2027,Codeforces Round 982 (Div. 2),vipinyadavz,3924,1729960500,1261,1290
2027,Codeforces Round 982 (Div. 2),MAXsn,3925,1729960500,1631,1567
2027,Codeforces Round 982 (Div. 2),Lubesh,3926,1729960500,1230,1268
2027,Codeforces Round 982 (Div. 2),F_Rio,3927,1729960500,1833,1725
2027,Codeforces Round 982 (Div. 2),The_Best_Luck,3928,1729960500,1796,1696
2027,Codeforces Round 982 (Div. 2),_R00T,3928,1729960500,2067,1913
2027,Codeforces Round 982 (Div. 2),floaya,3930,1729960500,452,806
2027,Codeforces Round 982 (Div. 2),Timtimle,3931,1729960500,1085,1168
2027,Codeforces Round 982 (Div. 2),capybara_,3932,1729960500,1615,1555
2027,Codeforces Round 982 (Div. 2),desaidipesh2002,3933,1729960500,1103,1180
2027,Codeforces Round 982 (Div. 2),postmasterr,3933,1729960500,1446,1426
2027,Codeforces Round 982 (Div. 2),tic_tac,3935,1729960500,1495,1463
2027,Codeforces Round 982 (Div. 2),hnust_cjq,3935,1729960500,1165,1257
2027,Codeforces Round 982 (Div. 2),mhlrmj,3935,1729960500,1160,1219
2027,Codeforces Round 982 (Div. 2),Kushagra2005,3938,1729960500,1342,1348
2027,Codeforces Round 982 (Div. 2),He_Yan_Bo.,3939,1729960500,626,936
2027,Codeforces Round 982 (Div. 2),Pravant,3940,1729960500,1543,1500
2027,Codeforces Round 982 (Div. 2),Oleja123,3941,1729960500,1804,1702
2027,Codeforces Round 982 (Div. 2),pratyanshkpathak,3942,1729960500,1554,1508
2027,Codeforces Round 982 (Div. 2),Lamle,3943,1729960500,1318,1331
2027,Codeforces Round 982 (Div. 2),MEXanick,3944,1729960500,1546,1502
2027,Codeforces Round 982 (Div. 2),Friday_night,3945,1729960500,1498,1465
2027,Codeforces Round 982 (Div. 2),stasemv,3946,1729960500,1411,1400
2027,Codeforces Round 982 (Div. 2),abdalmajeed,3947,1729960500,1556,1509
2027,Codeforces Round 982 (Div. 2),varunL,3948,1729960500,1098,1176
2027,Codeforces Round 982 (Div. 2),raidencode,3949,1729960500,1398,1390
2027,Codeforces Round 982 (Div. 2),yuzhiwen123,3950,1729960500,1248,1280
2027,Codeforces Round 982 (Div. 2),aaalone,3951,1729960500,0,496
2027,Codeforces Round 982 (Div. 2),ozair07,3952,1729960500,918,1060
2027,Codeforces Round 982 (Div. 2),ayushd2910,3953,1729960500,1042,1139
2027,Codeforces Round 982 (Div. 2),_soul_scriptor_,3954,1729960500,1145,1208
2027,Codeforces Round 982 (Div. 2),GreenKedia,3955,1729960500,1719,1635
2027,Codeforces Round 982 (Div. 2),kalpesh24,3956,1729960500,1251,1282
2027,Codeforces Round 982 (Div. 2),chinagty,3956,1729960500,1543,1499
2027,Codeforces Round 982 (Div. 2),StepanYL,3958,1729960500,1719,1635
2027,Codeforces Round 982 (Div. 2),husc23.Serge_,3959,1729960500,1131,1198
2027,Codeforces Round 982 (Div. 2),VICUNA326,3960,1729960500,1605,1547
2027,Codeforces Round 982 (Div. 2),paulza,3960,1729960500,1496,1463
2027,Codeforces Round 982 (Div. 2),BaseAI,3962,1729960500,1532,1491
2027,Codeforces Round 982 (Div. 2),tyagi_Aryan,3962,1729960500,1534,1492
2027,Codeforces Round 982 (Div. 2),Imthiyash786,3964,1729960500,1488,1457
2027,Codeforces Round 982 (Div. 2),Chadencio,3965,1729960500,768,970
2027,Codeforces Round 982 (Div. 2),theunicat,3966,1729960500,1272,1297
2027,Codeforces Round 982 (Div. 2),Awesomeness._.,3967,1729960500,1680,1604
2027,Codeforces Round 982 (Div. 2),prime_Rick,3968,1729960500,1440,1421
2027,Codeforces Round 982 (Div. 2),BR0K3N_Gl4SS,3969,1729960500,1484,1454
2027,Codeforces Round 982 (Div. 2),mkkkkkkkk,3969,1729960500,1602,1544
2027,Codeforces Round 982 (Div. 2),adaptor,3971,1729960500,1372,1370
2027,Codeforces Round 982 (Div. 2),hotcocoa,3972,1729960500,1716,1632
2027,Codeforces Round 982 (Div. 2),dpos,3973,1729960500,0,495
2027,Codeforces Round 982 (Div. 2),abisheka,3974,1729960500,1935,1805
2027,Codeforces Round 982 (Div. 2),PakinDioxide,3975,1729960500,1314,1327
2027,Codeforces Round 982 (Div. 2),hemanth9103,3976,1729960500,752,995
2027,Codeforces Round 982 (Div. 2),pratham071,3977,1729960500,1289,1309
2027,Codeforces Round 982 (Div. 2),NewJeans,3977,1729960500,1231,1303
2027,Codeforces Round 982 (Div. 2),sahasrad,3977,1729960500,1773,1677
2027,Codeforces Round 982 (Div. 2),22_7_,3980,1729960500,878,1080
2027,Codeforces Round 982 (Div. 2),hello_yo,3981,1729960500,895,1092
2027,Codeforces Round 982 (Div. 2),lrjr24,3982,1729960500,1971,1834
2027,Codeforces Round 982 (Div. 2),injxshn,3983,1729960500,1330,1339
2027,Codeforces Round 982 (Div. 2),rAvArp,3984,1729960500,990,1196
2027,Codeforces Round 982 (Div. 2),eternal1422,3985,1729960500,1417,1403
2027,Codeforces Round 982 (Div. 2),ayushmittal007,3986,1729960500,1567,1517
2027,Codeforces Round 982 (Div. 2),miko089,3987,1729960500,1294,1313
2027,Codeforces Round 982 (Div. 2),navneet_shriwastav,3988,1729960500,1223,1262
2027,Codeforces Round 982 (Div. 2),Warlock_007,3988,1729960500,1278,1301
2027,Codeforces Round 982 (Div. 2),Frozen-wjl,3990,1729960500,1664,1591
2027,Codeforces Round 982 (Div. 2),Pedrinho_Eu,3990,1729960500,1675,1600
2027,Codeforces Round 982 (Div. 2),AkshatJ,3990,1729960500,1347,1351
2027,Codeforces Round 982 (Div. 2),bochkov,3993,1729960500,1673,1598
2027,Codeforces Round 982 (Div. 2),bobib,3994,1729960500,1568,1517
2027,Codeforces Round 982 (Div. 2),mistborn2005,3994,1729960500,1556,1508
2027,Codeforces Round 982 (Div. 2),klassyrahul,3996,1729960500,1374,1371
2027,Codeforces Round 982 (Div. 2),mahaihang2,3996,1729960500,1001,1111
2027,Codeforces Round 982 (Div. 2),sh1erkeh,3998,1729960500,1365,1364
2027,Codeforces Round 982 (Div. 2),shiridi_ahs,3998,1729960500,1313,1326
2027,Codeforces Round 982 (Div. 2),__praveen,3998,1729960500,1307,1321
2027,Codeforces Round 982 (Div. 2),ADO,3998,1729960500,1318,1330
2027,Codeforces Round 982 (Div. 2),omnavneet,3998,1729960500,1010,1117
2027,Codeforces Round 982 (Div. 2),kkkkush,3998,1729960500,1602,1543
2027,Codeforces Round 982 (Div. 2),Mashti_Ghazanfar,3998,1729960500,1501,1466
2027,Codeforces Round 982 (Div. 2),donaldtheduck,3998,1729960500,1212,1253
2027,Codeforces Round 982 (Div. 2),MegaBlaster505,3998,1729960500,1430,1412
2027,Codeforces Round 982 (Div. 2),FuturisticVibe,4007,1729960500,1391,1421
2027,Codeforces Round 982 (Div. 2),Liooow,4008,1729960500,1310,1324
2027,Codeforces Round 982 (Div. 2),Mr680480,4008,1729960500,1679,1603
2027,Codeforces Round 982 (Div. 2),Nakano_Miku,4010,1729960500,1694,1614
2027,Codeforces Round 982 (Div. 2),kalkaper,4010,1729960500,1031,1188
2027,Codeforces Round 982 (Div. 2),daniu66,4010,1729960500,1422,1406
2027,Codeforces Round 982 (Div. 2),EsaNahka,4010,1729960500,1522,1482
2027,Codeforces Round 982 (Div. 2),MunkhturErdenebat,4010,1729960500,1617,1555
2027,Codeforces Round 982 (Div. 2),eysikin,4010,1729960500,1289,1308
2027,Codeforces Round 982 (Div. 2),vishalrathod16,4010,1729960500,1185,1234
2027,Codeforces Round 982 (Div. 2),ib_,4010,1729960500,1134,1199
2027,Codeforces Round 982 (Div. 2),kaustubhr168,4018,1729960500,1339,1345
2027,Codeforces Round 982 (Div. 2),barium_sulphate,4019,1729960500,1487,1455
2027,Codeforces Round 982 (Div. 2),Rashed_Raiyan_,4019,1729960500,1262,1289
2027,Codeforces Round 982 (Div. 2),Ahmad_Hb,4019,1729960500,1159,1216
2027,Codeforces Round 982 (Div. 2),14_divided_by_6,4019,1729960500,1267,1352
2027,Codeforces Round 982 (Div. 2),Alumin1um,4019,1729960500,1843,1731
2027,Codeforces Round 982 (Div. 2),CenterNewHero,4019,1729960500,1366,1364
2027,Codeforces Round 982 (Div. 2),the_real_hutho,4025,1729960500,969,1143
2027,Codeforces Round 982 (Div. 2),EuclidChess,4025,1729960500,1596,1538
2027,Codeforces Round 982 (Div. 2),UnknownSurvivor,4025,1729960500,448,801
2027,Codeforces Round 982 (Div. 2),SlimShady313,4025,1729960500,1313,1325
2027,Codeforces Round 982 (Div. 2),thhhhh,4025,1729960500,1546,1500
2027,Codeforces Round 982 (Div. 2),Pramoddd,4030,1729960500,1233,1267
2027,Codeforces Round 982 (Div. 2),C...c,4030,1729960500,1238,1271
2027,Codeforces Round 982 (Div. 2),harmlesshulk,4030,1729960500,1427,1409
2027,Codeforces Round 982 (Div. 2),I_love_Si_Quy,4030,1729960500,1426,1409
2027,Codeforces Round 982 (Div. 2),ShadowNull,4030,1729960500,1453,1429
2027,Codeforces Round 982 (Div. 2),siddhant139,4030,1729960500,1083,1164
2027,Codeforces Round 982 (Div. 2),Aisham,4030,1729960500,1449,1426
2027,Codeforces Round 982 (Div. 2),Ak_16,4030,1729960500,1413,1399
2027,Codeforces Round 982 (Div. 2),t_srk,4038,1729960500,1423,1406
2027,Codeforces Round 982 (Div. 2),tianwenbin,4038,1729960500,1127,1193
2027,Codeforces Round 982 (Div. 2),fenglaosir,4038,1729960500,1683,1605
2027,Codeforces Round 982 (Div. 2),re_lentless,4038,1729960500,1276,1298
2027,Codeforces Round 982 (Div. 2),Obada_Saleh,4038,1729960500,1747,1655
2027,Codeforces Round 982 (Div. 2),Pop_951,4038,1729960500,963,1085
2027,Codeforces Round 982 (Div. 2),Yukii_P,4038,1729960500,1463,1437
2027,Codeforces Round 982 (Div. 2),Tour__Guide,4045,1729960500,1206,1284
2027,Codeforces Round 982 (Div. 2),yyyyyd,4045,1729960500,1561,1511
2027,Codeforces Round 982 (Div. 2),Jiangnuonuo,4045,1729960500,1142,1203
2027,Codeforces Round 982 (Div. 2),i-3BcarenO-i,4045,1729960500,953,1079
2027,Codeforces Round 982 (Div. 2),turkoarias,4049,1729960500,1388,1379
2027,Codeforces Round 982 (Div. 2),SABBIR_HASAN_JOY,4049,1729960500,1117,1186
2027,Codeforces Round 982 (Div. 2),abhishekthakur1061,4049,1729960500,1063,1211
2027,Codeforces Round 982 (Div. 2),blackkarn,4049,1729960500,1355,1355
2027,Codeforces Round 982 (Div. 2),Abhishek_1782,4049,1729960500,1522,1481
2027,Codeforces Round 982 (Div. 2),ZovuMeLuka,4049,1729960500,1473,1444
2027,Codeforces Round 982 (Div. 2),fox0571,4049,1729960500,1221,1258
2027,Codeforces Round 982 (Div. 2),zzz.._,4049,1729960500,1141,1203
2027,Codeforces Round 982 (Div. 2),yurril,4049,1729960500,1256,1283
2027,Codeforces Round 982 (Div. 2),coderbodrul,4049,1729960500,1256,1283
2027,Codeforces Round 982 (Div. 2),aaryaj,4059,1729960500,1473,1444
2027,Codeforces Round 982 (Div. 2),Haydar1186,4059,1729960500,1344,1347
2027,Codeforces Round 982 (Div. 2),ngominhkhoa2006,4059,1729960500,1325,1333
2027,Codeforces Round 982 (Div. 2),Phuoc_193,4059,1729960500,1247,1277
2027,Codeforces Round 982 (Div. 2),abhipandey11,4063,1729960500,949,1075
2027,Codeforces Round 982 (Div. 2),lselegies,4063,1729960500,1247,1336
2027,Codeforces Round 982 (Div. 2),bigmangohead,4063,1729960500,1429,1448
2027,Codeforces Round 982 (Div. 2),code_n_chill,4063,1729960500,1264,1288
2027,Codeforces Round 982 (Div. 2),Ryuk24,4063,1729960500,1317,1364
2027,Codeforces Round 982 (Div. 2),Kra1os,4063,1729960500,1113,1182
2027,Codeforces Round 982 (Div. 2),RandomThread,4063,1729960500,1346,1348
2027,Codeforces Round 982 (Div. 2),satyamgupta12,4063,1729960500,1420,1403
2027,Codeforces Round 982 (Div. 2),RamenNagi,4063,1729960500,633,931
2027,Codeforces Round 982 (Div. 2),phoenix_vasu,4063,1729960500,1559,1509
2027,Codeforces Round 982 (Div. 2),Redial,4063,1729960500,1478,1447
2027,Codeforces Round 982 (Div. 2),B00m,4063,1729960500,1165,1275
2027,Codeforces Round 982 (Div. 2),Sora05,4063,1729960500,1356,1356
2027,Codeforces Round 982 (Div. 2),liujingwen,4063,1729960500,1425,1407
2027,Codeforces Round 982 (Div. 2),yolx,4063,1729960500,1776,1677
2027,Codeforces Round 982 (Div. 2),CodingNinja007,4063,1729960500,1217,1255
2027,Codeforces Round 982 (Div. 2),bijiEnak,4063,1729960500,1390,1381
2027,Codeforces Round 982 (Div. 2),Filip1221,4063,1729960500,1138,1200
2027,Codeforces Round 982 (Div. 2),aerrries,4081,1729960500,1463,1436
2027,Codeforces Round 982 (Div. 2),wzxaurora,4082,1729960500,1281,1300
2027,Codeforces Round 982 (Div. 2),CipherWizard_05,4082,1729960500,1304,1317
2027,Codeforces Round 982 (Div. 2),xinglili,4082,1729960500,1414,1398
2027,Codeforces Round 982 (Div. 2),abra_r,4082,1729960500,1305,1318
2027,Codeforces Round 982 (Div. 2),rohan.gothwal29,4082,1729960500,1373,1368
2027,Codeforces Round 982 (Div. 2),ICE_awa,4082,1729960500,1220,1257
2027,Codeforces Round 982 (Div. 2),Catgod,4082,1729960500,1777,1678
2027,Codeforces Round 982 (Div. 2),lueagzil,4082,1729960500,1671,1594
2027,Codeforces Round 982 (Div. 2),NITYAM_BHUSHAN,4082,1729960500,1360,1358
2027,Codeforces Round 982 (Div. 2),Arsh_Chand,4082,1729960500,1333,1338
2027,Codeforces Round 982 (Div. 2),master_mosai,4092,1729960500,1556,1506
2027,Codeforces Round 982 (Div. 2),Krish_M,4093,1729960500,1626,1560
2027,Codeforces Round 982 (Div. 2),randomV-2.2.8,4093,1729960500,1202,1244
2027,Codeforces Round 982 (Div. 2),Akshay_Adak_289,4093,1729960500,1318,1327
2027,Codeforces Round 982 (Div. 2),mangal_2004,4093,1729960500,926,1060
2027,Codeforces Round 982 (Div. 2),rishyx,4093,1729960500,481,823
2027,Codeforces Round 982 (Div. 2),no_bed,4093,1729960500,1296,1311
2027,Codeforces Round 982 (Div. 2),MRasool,4093,1729960500,1267,1290
2027,Codeforces Round 982 (Div. 2),edward1346,4093,1729960500,394,760
2027,Codeforces Round 982 (Div. 2),JiaLan,4093,1729960500,1380,1373
2027,Codeforces Round 982 (Div. 2),yankai,4093,1729960500,1411,1460
2027,Codeforces Round 982 (Div. 2),LiveisFPV,4093,1729960500,1438,1416
2027,Codeforces Round 982 (Div. 2),Amadeus027,4093,1729960500,1594,1535
2027,Codeforces Round 982 (Div. 2),Faridun2011,4105,1729960500,1039,1132
2027,Codeforces Round 982 (Div. 2),BalaramanM,4105,1729960500,1146,1204
2027,Codeforces Round 982 (Div. 2),khba,4105,1729960500,1280,1299
2027,Codeforces Round 982 (Div. 2),SiKarmen,4105,1729960500,1417,1400
2027,Codeforces Round 982 (Div. 2),starforces,4105,1729960500,1553,1503
2027,Codeforces Round 982 (Div. 2),Shivam08,4105,1729960500,1185,1231
2027,Codeforces Round 982 (Div. 2),niku_raaz,4105,1729960500,1429,1409
2027,Codeforces Round 982 (Div. 2),Horse-chan,4105,1729960500,1512,1472
2027,Codeforces Round 982 (Div. 2),adwikon,4105,1729960500,1156,1211
2027,Codeforces Round 982 (Div. 2),_guess_who_is_back,4105,1729960500,1350,1350
2027,Codeforces Round 982 (Div. 2),qi-wanfeng,4105,1729960500,1301,1314
2027,Codeforces Round 982 (Div. 2),Savartom,4116,1729960500,1587,1529
2027,Codeforces Round 982 (Div. 2),alex_liu_1,4117,1729960500,1256,1356
2027,Codeforces Round 982 (Div. 2),SwordDance,4117,1729960500,1832,1720
2027,Codeforces Round 982 (Div. 2),Invincible745,4117,1729960500,1374,1368
2027,Codeforces Round 982 (Div. 2),buktop999,4117,1729960500,0,492
2027,Codeforces Round 982 (Div. 2),1435730,4117,1729960500,1372,1366
2027,Codeforces Round 982 (Div. 2),LaukiSubg,4117,1729960500,436,790
2027,Codeforces Round 982 (Div. 2),kartikey10,4117,1729960500,1448,1423
2027,Codeforces Round 982 (Div. 2),babaya_,4117,1729960500,1249,1276
2027,Codeforces Round 982 (Div. 2),WizAhaan,4117,1729960500,1562,1510
2027,Codeforces Round 982 (Div. 2),krypnokart,4117,1729960500,1327,1333
2027,Codeforces Round 982 (Div. 2),madziaaaaa_07,4117,1729960500,1774,1674
2027,Codeforces Round 982 (Div. 2),amongsus,4117,1729960500,1156,1211
2027,Codeforces Round 982 (Div. 2),Zhouzw,4117,1729960500,1425,1406
2027,Codeforces Round 982 (Div. 2),pramananda2402,4117,1729960500,922,1104
2027,Codeforces Round 982 (Div. 2),jeeban07,4117,1729960500,1462,1434
2027,Codeforces Round 982 (Div. 2),praveen_sr1,4117,1729960500,1143,1202
2027,Codeforces Round 982 (Div. 2),TheInvincibleKnight,4133,1729960500,0,492
2027,Codeforces Round 982 (Div. 2),justnemat,4133,1729960500,1331,1336
2027,Codeforces Round 982 (Div. 2),RitaKofGokkan,4133,1729960500,1076,1156
2027,Codeforces Round 982 (Div. 2),live,4133,1729960500,1285,1302
2027,Codeforces Round 982 (Div. 2),CandidFlakes,4133,1729960500,1290,1306
2027,Codeforces Round 982 (Div. 2),FXY_AC,4133,1729960500,1363,1359
2027,Codeforces Round 982 (Div. 2),vcaipu,4133,1729960500,1044,1187
2027,Codeforces Round 982 (Div. 2),JustaPartico,4133,1729960500,537,865
2027,Codeforces Round 982 (Div. 2),00.ghost,4141,1729960500,1241,1270
2027,Codeforces Round 982 (Div. 2),xenonide,4141,1729960500,1351,1350
2027,Codeforces Round 982 (Div. 2),ThreeSun,4141,1729960500,1222,1316
2027,Codeforces Round 982 (Div. 2),rickkcir100,4141,1729960500,854,1015
2027,Codeforces Round 982 (Div. 2),_crow_,4141,1729960500,1386,1376
2027,Codeforces Round 982 (Div. 2),Nishant_2728,4141,1729960500,1435,1413
2027,Codeforces Round 982 (Div. 2),Oruc,4141,1729960500,1085,1162
2027,Codeforces Round 982 (Div. 2),sanjeevh,4141,1729960500,1305,1316
2027,Codeforces Round 982 (Div. 2),ZihaoLiu,4141,1729960500,1189,1233
2027,Codeforces Round 982 (Div. 2),ableed,4141,1729960500,1351,1350
2027,Codeforces Round 982 (Div. 2),hatehate,4141,1729960500,1688,1606
2027,Codeforces Round 982 (Div. 2),nakul_05,4152,1729960500,1001,1139
2027,Codeforces Round 982 (Div. 2),oxidisingojha,4152,1729960500,1295,1309
2027,Codeforces Round 982 (Div. 2),Imdadul_Hasan,4152,1729960500,1139,1198
2027,Codeforces Round 982 (Div. 2),Basabu,4152,1729960500,1297,1310
2027,Codeforces Round 982 (Div. 2),Yapper,4152,1729960500,1192,1235
2027,Codeforces Round 982 (Div. 2),rollup,4152,1729960500,1229,1261
2027,Codeforces Round 982 (Div. 2),Hydrogen,4152,1729960500,1560,1508
2027,Codeforces Round 982 (Div. 2),manoj95713,4152,1729960500,1407,1391
2027,Codeforces Round 982 (Div. 2),il-pragadish-aak,4152,1729960500,1369,1363
2027,Codeforces Round 982 (Div. 2),Disfyy,4152,1729960500,1152,1207
2027,Codeforces Round 982 (Div. 2),vanshkalra,4152,1729960500,1282,1300
2027,Codeforces Round 982 (Div. 2),harshhudda,4152,1729960500,1419,1401
2027,Codeforces Round 982 (Div. 2),SolRak,4152,1729960500,1318,1325
2027,Codeforces Round 982 (Div. 2),rupanshiii,4152,1729960500,1490,1455
2027,Codeforces Round 982 (Div. 2),Micheal_13,4152,1729960500,1225,1258
2027,Codeforces Round 982 (Div. 2),poconut,4152,1729960500,1448,1423
2027,Codeforces Round 982 (Div. 2),cse220001081,4152,1729960500,1588,1529
2027,Codeforces Round 982 (Div. 2),ArcticFox,4169,1729960500,1228,1260
2027,Codeforces Round 982 (Div. 2),crying6969,4169,1729960500,1166,1217
2027,Codeforces Round 982 (Div. 2),konur,4169,1729960500,1255,1280
2027,Codeforces Round 982 (Div. 2),nazeer18,4169,1729960500,1293,1307
2027,Codeforces Round 982 (Div. 2),lead.alrn,4169,1729960500,501,837
2027,Codeforces Round 982 (Div. 2),AYHAM_HALLOUM,4169,1729960500,1198,1239
2027,Codeforces Round 982 (Div. 2),kailtsit,4169,1729960500,1277,1295
2027,Codeforces Round 982 (Div. 2),Isamatdin,4169,1729960500,1303,1314
2027,Codeforces Round 982 (Div. 2),AHMADUL,4169,1729960500,1250,1276
2027,Codeforces Round 982 (Div. 2),NagisaF,4178,1729960500,1727,1636
2027,Codeforces Round 982 (Div. 2),nikkireev,4178,1729960500,1116,1182
2027,Codeforces Round 982 (Div. 2),uleenneelu,4178,1729960500,1675,1596
2027,Codeforces Round 982 (Div. 2),prakhar7472pk,4178,1729960500,1522,1478
2027,Codeforces Round 982 (Div. 2),mooIi,4178,1729960500,1330,1334
2027,Codeforces Round 982 (Div. 2),leuva.vrund.13,4178,1729960500,1225,1257
2027,Codeforces Round 982 (Div. 2),Aidencode,4178,1729960500,1533,1486
2027,Codeforces Round 982 (Div. 2),aynya,4178,1729960500,1473,1441
2027,Codeforces Round 982 (Div. 2),brksfsrt,4178,1729960500,1253,1278
2027,Codeforces Round 982 (Div. 2),goo_l,4178,1729960500,1185,1229
2027,Codeforces Round 982 (Div. 2),841310284,4178,1729960500,1099,1225
2027,Codeforces Round 982 (Div. 2),capacity,4178,1729960500,1136,1252
2027,Codeforces Round 982 (Div. 2),__fn__,4178,1729960500,1379,1370
2027,Codeforces Round 982 (Div. 2),yrhiba,4191,1729960500,1578,1521
2027,Codeforces Round 982 (Div. 2),sachish,4191,1729960500,1247,1310
2027,Codeforces Round 982 (Div. 2),xish,4193,1729960500,1606,1542
2027,Codeforces Round 982 (Div. 2),ipavrus,4193,1729960500,1566,1511
2027,Codeforces Round 982 (Div. 2),Storm30,4193,1729960500,1277,1295
2027,Codeforces Round 982 (Div. 2),harshbksp98,4193,1729960500,1263,1285
2027,Codeforces Round 982 (Div. 2),thunder_fart,4193,1729960500,1307,1316
2027,Codeforces Round 982 (Div. 2),Lan_Fa,4193,1729960500,1447,1421
2027,Codeforces Round 982 (Div. 2),dickman,4193,1729960500,1360,1355
2027,Codeforces Round 982 (Div. 2),vs358,4193,1729960500,1384,1373
2027,Codeforces Round 982 (Div. 2),Huntik_03,4193,1729960500,1384,1373
2027,Codeforces Round 982 (Div. 2),sarvesh3003,4193,1729960500,1162,1213
2027,Codeforces Round 982 (Div. 2),MiyanoShiho,4193,1729960500,1637,1566
2027,Codeforces Round 982 (Div. 2),Ashley.cy,4193,1729960500,0,490
2027,Codeforces Round 982 (Div. 2),TheSpider.-.-.,4193,1729960500,1252,1277
2027,Codeforces Round 982 (Div. 2),Beldor,4193,1729960500,1259,1282
2027,Codeforces Round 982 (Div. 2),TheScrassee,4193,1729960500,1267,1287
2027,Codeforces Round 982 (Div. 2),Law_Light,4193,1729960500,1171,1219
2027,Codeforces Round 982 (Div. 2),bravichandra12,4193,1729960500,1172,1220
2027,Codeforces Round 982 (Div. 2),EternalExds,4210,1729960500,1147,1203
2027,Codeforces Round 982 (Div. 2),Bigarade,4211,1729960500,1246,1272
2027,Codeforces Round 982 (Div. 2),Ghanshyam144,4211,1729960500,1325,1329
2027,Codeforces Round 982 (Div. 2),r_ayush,4211,1729960500,1359,1354
2027,Codeforces Round 982 (Div. 2),Aman07s,4211,1729960500,1160,1211
2027,Codeforces Round 982 (Div. 2),qq_ac,4211,1729960500,1228,1259
2027,Codeforces Round 982 (Div. 2),TheArcticWolf,4211,1729960500,1362,1356
2027,Codeforces Round 982 (Div. 2),daksh942,4211,1729960500,1449,1422
2027,Codeforces Round 982 (Div. 2),jojojojojoojo,4211,1729960500,0,490
2027,Codeforces Round 982 (Div. 2),upkl,4211,1729960500,1484,1448
2027,Codeforces Round 982 (Div. 2),ThHa,4211,1729960500,1209,1245
2027,Codeforces Round 982 (Div. 2),anand_patel_91,4211,1729960500,1594,1532
2027,Codeforces Round 982 (Div. 2),zaf_321,4211,1729960500,1256,1279
2027,Codeforces Round 982 (Div. 2),geyanlu3,4211,1729960500,1628,1559
2027,Codeforces Round 982 (Div. 2),Carlos_Provo,4211,1729960500,1005,1107
2027,Codeforces Round 982 (Div. 2),pengsteam16,4211,1729960500,1091,1198
2027,Codeforces Round 982 (Div. 2),Rishabh-Mishra20,4211,1729960500,1296,1308
2027,Codeforces Round 982 (Div. 2),journeyCowsHu,4211,1729960500,1188,1231
2027,Codeforces Round 982 (Div. 2),egor-m08,4228,1729960500,1361,1356
2027,Codeforces Round 982 (Div. 2),jack_03,4229,1729960500,1024,1119
2027,Codeforces Round 982 (Div. 2),WatPz,4229,1729960500,0,489
2027,Codeforces Round 982 (Div. 2),sifat91,4229,1729960500,1230,1260
2027,Codeforces Round 982 (Div. 2),Vishesh_Paliwal,4229,1729960500,1315,1322
2027,Codeforces Round 982 (Div. 2),magnusCarlsen69,4229,1729960500,1423,1402
2027,Codeforces Round 982 (Div. 2),WilliamFung,4229,1729960500,1473,1440
2027,Codeforces Round 982 (Div. 2),smupadhy,4229,1729960500,1319,1324
2027,Codeforces Round 982 (Div. 2),yjtac,4229,1729960500,1342,1341
2027,Codeforces Round 982 (Div. 2),abdelwahab,4229,1729960500,1145,1200
2027,Codeforces Round 982 (Div. 2),avee12x2,4229,1729960500,1409,1391
2027,Codeforces Round 982 (Div. 2),mbsarhan,4229,1729960500,1210,1246
2027,Codeforces Round 982 (Div. 2),CH23B050,4229,1729960500,1335,1336
2027,Codeforces Round 982 (Div. 2),tawkir,4241,1729960500,1331,1333
2027,Codeforces Round 982 (Div. 2),0nmYWaY,4241,1729960500,1021,1117
2027,Codeforces Round 982 (Div. 2),skrabik,4241,1729960500,1074,1152
2027,Codeforces Round 982 (Div. 2),Peng_yu,4241,1729960500,1112,1177
2027,Codeforces Round 982 (Div. 2),traveler_47,4241,1729960500,1468,1436
2027,Codeforces Round 982 (Div. 2),rivu_10,4241,1729960500,967,1082
2027,Codeforces Round 982 (Div. 2),foolzero,4241,1729960500,1291,1304
2027,Codeforces Round 982 (Div. 2),yangshuaib,4241,1729960500,1088,1161
2027,Codeforces Round 982 (Div. 2),__monstiez__,4241,1729960500,1249,1310
2027,Codeforces Round 982 (Div. 2),luoyandanfei,4241,1729960500,1475,1441
2027,Codeforces Round 982 (Div. 2),rayray,4241,1729960500,1088,1161
2027,Codeforces Round 982 (Div. 2),vikaskumarsingh14aug,4241,1729960500,1208,1244
2027,Codeforces Round 982 (Div. 2),ambrollins619,4253,1729960500,1596,1533
2027,Codeforces Round 982 (Div. 2),nasir0v,4253,1729960500,1308,1316
2027,Codeforces Round 982 (Div. 2),akm.akm,4253,1729960500,1397,1382
2027,Codeforces Round 982 (Div. 2),lhywk,4253,1729960500,1429,1406
2027,Codeforces Round 982 (Div. 2),jianyu0922,4253,1729960500,1158,1209
2027,Codeforces Round 982 (Div. 2),kalbaisakhi,4253,1729960500,367,736
2027,Codeforces Round 982 (Div. 2),RE_Prince,4253,1729960500,1346,1344
2027,Codeforces Round 982 (Div. 2),prateeksingh,4253,1729960500,1391,1377
2027,Codeforces Round 982 (Div. 2),PQ2876,4253,1729960500,1485,1448
2027,Codeforces Round 982 (Div. 2),PLA_yer,4253,1729960500,1475,1441
2027,Codeforces Round 982 (Div. 2),neptune00762,4253,1729960500,1147,1201
2027,Codeforces Round 982 (Div. 2),balalm10,4253,1729960500,1376,1366
2027,Codeforces Round 982 (Div. 2),nitishgarg11,4253,1729960500,1247,1272
2027,Codeforces Round 982 (Div. 2),Poco_le,4253,1729960500,1066,1146
2027,Codeforces Round 982 (Div. 2),BinaryBubble,4253,1729960500,1449,1421
2027,Codeforces Round 982 (Div. 2),RomanLin,4268,1729960500,1283,1297
2027,Codeforces Round 982 (Div. 2),9922103080,4268,1729960500,1250,1273
2027,Codeforces Round 982 (Div. 2),the-NerdNinja,4268,1729960500,1540,1490
2027,Codeforces Round 982 (Div. 2),grey.,4268,1729960500,1186,1228
2027,Codeforces Round 982 (Div. 2),mahi_2005,4268,1729960500,1417,1396
2027,Codeforces Round 982 (Div. 2),bestara,4268,1729960500,1756,1657
2027,Codeforces Round 982 (Div. 2),valiant_cp,4268,1729960500,1111,1176
2027,Codeforces Round 982 (Div. 2),liuyingdegou,4268,1729960500,1296,1307
2027,Codeforces Round 982 (Div. 2),G_WhiteSphere,4268,1729960500,1310,1317
2027,Codeforces Round 982 (Div. 2),YSlow,4268,1729960500,1269,1287
2027,Codeforces Round 982 (Div. 2),SayMyName.Omar,4268,1729960500,963,1078
2027,Codeforces Round 982 (Div. 2),GarudAksha,4268,1729960500,1110,1231
2027,Codeforces Round 982 (Div. 2),last_switch,4268,1729960500,1162,1211
2027,Codeforces Round 982 (Div. 2),Quanta07,4281,1729960500,1104,1171
2027,Codeforces Round 982 (Div. 2),SykoDaedalus,4281,1729960500,1104,1171
2027,Codeforces Round 982 (Div. 2),yaroslav,4281,1729960500,1638,1565
2027,Codeforces Round 982 (Div. 2),phtung0701,4281,1729960500,1159,1208
2027,Codeforces Round 982 (Div. 2),AugensternQ723,4281,1729960500,1674,1593
2027,Codeforces Round 982 (Div. 2),abhinav170399,4281,1729960500,1216,1249
2027,Codeforces Round 982 (Div. 2),lvhaihang,4281,1729960500,1042,1163
2027,Codeforces Round 982 (Div. 2),numbertheory,4281,1729960500,921,1051
2027,Codeforces Round 982 (Div. 2),ju_mbo,4281,1729960500,1277,1292
2027,Codeforces Round 982 (Div. 2),Georgian_GS31,4281,1729960500,1643,1569
2027,Codeforces Round 982 (Div. 2),rhanyu,4281,1729960500,1210,1244
2027,Codeforces Round 982 (Div. 2),sadaltman,4281,1729960500,1015,1111
2027,Codeforces Round 982 (Div. 2),Danpyu,4281,1729960500,988,1094
2027,Codeforces Round 982 (Div. 2),cdfin,4281,1729960500,1164,1212
2027,Codeforces Round 982 (Div. 2),gopalkalawate,4281,1729960500,1414,1394
2027,Codeforces Round 982 (Div. 2),Io_Vinci,4281,1729960500,1292,1365
2027,Codeforces Round 982 (Div. 2),vanshajharsh,4281,1729960500,1188,1229
2027,Codeforces Round 982 (Div. 2),Violet___Evergarden,4281,1729960500,1380,1368
2027,Codeforces Round 982 (Div. 2),XRomanticCatX,4281,1729960500,1046,1132
2027,Codeforces Round 982 (Div. 2),ankonroy,4281,1729960500,1303,1311
2027,Codeforces Round 982 (Div. 2),Dawn_y,4301,1729960500,1182,1224
2027,Codeforces Round 982 (Div. 2),_Abhinavv_,4301,1729960500,1229,1257
2027,Codeforces Round 982 (Div. 2),visitorses,4301,1729960500,1566,1509
2027,Codeforces Round 982 (Div. 2),gaidash,4301,1729960500,1196,1234
2027,Codeforces Round 982 (Div. 2),Kineeeee,4301,1729960500,1717,1626
2027,Codeforces Round 982 (Div. 2),I_like_pranathi,4301,1729960500,959,1075
2027,Codeforces Round 982 (Div. 2),gauravantil,4301,1729960500,1418,1397
2027,Codeforces Round 982 (Div. 2),taimour.1,4301,1729960500,889,1077
2027,Codeforces Round 982 (Div. 2),Monkey._.D._.Luffy,4301,1729960500,1293,1304
2027,Codeforces Round 982 (Div. 2),vaibhavyadavv32,4301,1729960500,999,1151
2027,Codeforces Round 982 (Div. 2),sceptile314159265,4301,1729960500,1127,1186
2027,Codeforces Round 982 (Div. 2),virtualAdarsh,4301,1729960500,1240,1301
2027,Codeforces Round 982 (Div. 2),hsohliyt105,4301,1729960500,432,782
2027,Codeforces Round 982 (Div. 2),chefnav35,4301,1729960500,1217,1249
2027,Codeforces Round 982 (Div. 2),ByteVerse_,4301,1729960500,1142,1196
2027,Codeforces Round 982 (Div. 2),Vedanshi_Raiyani,4301,1729960500,1335,1334
2027,Codeforces Round 982 (Div. 2),Sumon_Ahmed,4301,1729960500,1202,1238
2027,Codeforces Round 982 (Div. 2),black_hat_inside,4318,1729960500,501,833
2027,Codeforces Round 982 (Div. 2),RiveringDusk,4319,1729960500,1206,1241
2027,Codeforces Round 982 (Div. 2),Roland15,4319,1729960500,1242,1303
2027,Codeforces Round 982 (Div. 2),sergio_gzz,4319,1729960500,1399,1382
2027,Codeforces Round 982 (Div. 2),shinzenko,4319,1729960500,1149,1201
2027,Codeforces Round 982 (Div. 2),zhaoyingwei,4319,1729960500,1432,1407
2027,Codeforces Round 982 (Div. 2),Divyam_Sharad,4319,1729960500,1425,1402
2027,Codeforces Round 982 (Div. 2),unsung__,4319,1729960500,1442,1414
2027,Codeforces Round 982 (Div. 2),harshptank2212,4319,1729960500,1459,1427
2027,Codeforces Round 982 (Div. 2),SNOJ,4319,1729960500,1420,1398
2027,Codeforces Round 982 (Div. 2),stephitnoob,4319,1729960500,1447,1418
2027,Codeforces Round 982 (Div. 2),Nishan_sarkar,4319,1729960500,1338,1337
2027,Codeforces Round 982 (Div. 2),lingling0,4319,1729960500,1175,1254
2027,Codeforces Round 982 (Div. 2),Dongchy666,4319,1729960500,851,1052
2027,Codeforces Round 982 (Div. 2),cse230001013,4332,1729960500,721,964
2027,Codeforces Round 982 (Div. 2),Vipulgarg.454,4333,1729960500,1041,1127
2027,Codeforces Round 982 (Div. 2),Leg08,4333,1729960500,781,1031
2027,Codeforces Round 982 (Div. 2),ellometa_,4333,1729960500,947,1066
2027,Codeforces Round 982 (Div. 2),AndrijaMlad,4333,1729960500,1619,1549
2027,Codeforces Round 982 (Div. 2),--O--O--,4333,1729960500,1235,1261
2027,Codeforces Round 982 (Div. 2),Pasta,4333,1729960500,1695,1608
2027,Codeforces Round 982 (Div. 2),bug_limit_exceeded,4333,1729960500,1177,1220
2027,Codeforces Round 982 (Div. 2),samiqueHossain,4333,1729960500,1054,1136
2027,Codeforces Round 982 (Div. 2),ykodes,4333,1729960500,1183,1282
2027,Codeforces Round 982 (Div. 2),cyr0x,4333,1729960500,1245,1268
2027,Codeforces Round 982 (Div. 2),Harish912,4333,1729960500,1055,1136
2027,Codeforces Round 982 (Div. 2),HLJU_23_wangxilong,4333,1729960500,1422,1399
2027,Codeforces Round 982 (Div. 2),songminsang,4333,1729960500,1287,1298
2027,Codeforces Round 982 (Div. 2),huizi_so_big,4333,1729960500,1286,1334
2027,Codeforces Round 982 (Div. 2),srishtisomya21,4347,1729960500,1113,1175
2027,Codeforces Round 982 (Div. 2),-delta,4348,1729960500,1564,1506
2027,Codeforces Round 982 (Div. 2),Amiakhan,4348,1729960500,1647,1571
2027,Codeforces Round 982 (Div. 2),RebAsh,4348,1729960500,0,486
2027,Codeforces Round 982 (Div. 2),gaoyx.,4348,1729960500,1466,1432
2027,Codeforces Round 982 (Div. 2),Devblitz,4348,1729960500,1161,1266
2027,Codeforces Round 982 (Div. 2),aram.hosna,4348,1729960500,1220,1250
2027,Codeforces Round 982 (Div. 2),shaik_umar,4348,1729960500,1147,1198
2027,Codeforces Round 982 (Div. 2),edean,4348,1729960500,1023,1115
2027,Codeforces Round 982 (Div. 2),bhaskarjyoti_21,4348,1729960500,1291,1301
2027,Codeforces Round 982 (Div. 2),ice3y,4348,1729960500,1003,1102
2027,Codeforces Round 982 (Div. 2),eeeVeee,4348,1729960500,1275,1289
2027,Codeforces Round 982 (Div. 2),Dessa,4348,1729960500,1230,1257
2027,Codeforces Round 982 (Div. 2),DreamerShrimp,4348,1729960500,981,1144
2027,Codeforces Round 982 (Div. 2),Ritikthakur2712,4348,1729960500,1254,1274
2027,Codeforces Round 982 (Div. 2),Orpheuson,4348,1729960500,1355,1348
2027,Codeforces Round 982 (Div. 2),MrSadariya,4348,1729960500,1218,1248
2027,Codeforces Round 982 (Div. 2),porcelli,4348,1729960500,1236,1261
2027,Codeforces Round 982 (Div. 2),x_x_,4348,1729960500,1157,1206
2027,Codeforces Round 982 (Div. 2),ahmedbhy9,4348,1729960500,1175,1276
2027,Codeforces Round 982 (Div. 2),krishuuu_p,4348,1729960500,1445,1416
2027,Codeforces Round 982 (Div. 2),harshagr0110,4348,1729960500,1360,1352
2027,Codeforces Round 982 (Div. 2),kokcio,4348,1729960500,1371,1360
2027,Codeforces Round 982 (Div. 2),Ali_Hussain,4370,1729960500,1087,1156
2027,Codeforces Round 982 (Div. 2),Ridl_00,4370,1729960500,1240,1264
2027,Codeforces Round 982 (Div. 2),naik-bharat,4370,1729960500,1531,1481
2027,Codeforces Round 982 (Div. 2),katkov345,4370,1729960500,1334,1332
2027,Codeforces Round 982 (Div. 2),imitrix,4370,1729960500,976,1084
2027,Codeforces Round 982 (Div. 2),Devdom,4370,1729960500,1127,1184
2027,Codeforces Round 982 (Div. 2),hexagoning,4370,1729960500,1092,1225
2027,Codeforces Round 982 (Div. 2),Psychotic_A,4370,1729960500,1119,1179
2027,Codeforces Round 982 (Div. 2),baldwinhuang1,4370,1729960500,1112,1173
2027,Codeforces Round 982 (Div. 2),whatisthis132,4370,1729960500,1347,1342
2027,Codeforces Round 982 (Div. 2),TRfirst,4370,1729960500,0,486
2027,Codeforces Round 982 (Div. 2),ddv0224,4370,1729960500,1158,1205
2027,Codeforces Round 982 (Div. 2),SUNG_JIN,4370,1729960500,1194,1231
2027,Codeforces Round 982 (Div. 2),Jayant420,4370,1729960500,1318,1320
2027,Codeforces Round 982 (Div. 2),aslashkin2010,4370,1729960500,1609,1540
2027,Codeforces Round 982 (Div. 2),Akshat_Miskin,4370,1729960500,1167,1212
2027,Codeforces Round 982 (Div. 2),ali.h.deeb,4370,1729960500,1095,1162
2027,Codeforces Round 982 (Div. 2),nicio9,4370,1729960500,1331,1330
2027,Codeforces Round 982 (Div. 2),Solo_Leveliing_,4370,1729960500,1053,1134
2027,Codeforces Round 982 (Div. 2),alpha_6124,4389,1729960500,1713,1622
2027,Codeforces Round 982 (Div. 2),102301635fushijie,4390,1729960500,1302,1308
2027,Codeforces Round 982 (Div. 2),bba70,4390,1729960500,1356,1348
2027,Codeforces Round 982 (Div. 2),Debesis_27,4390,1729960500,1304,1310
2027,Codeforces Round 982 (Div. 2),abhidoescoding,4390,1729960500,1291,1300
2027,Codeforces Round 982 (Div. 2),Hewkick,4390,1729960500,1318,1320
2027,Codeforces Round 982 (Div. 2),hnust_lijunjie.,4390,1729960500,1281,1292
2027,Codeforces Round 982 (Div. 2),shivambansal357,4390,1729960500,1146,1197
2027,Codeforces Round 982 (Div. 2),Tanjiro_Kamado_069,4390,1729960500,1164,1209
2027,Codeforces Round 982 (Div. 2),NeonTekahashi,4390,1729960500,941,1061
2027,Codeforces Round 982 (Div. 2),Rudransh58,4390,1729960500,1244,1266
2027,Codeforces Round 982 (Div. 2),Gnsh1,4390,1729960500,1118,1177
2027,Codeforces Round 982 (Div. 2),poojith06,4390,1729960500,1276,1289
2027,Codeforces Round 982 (Div. 2),fogsail,4390,1729960500,1236,1260
2027,Codeforces Round 982 (Div. 2),Godmino,4390,1729960500,1413,1391
2027,Codeforces Round 982 (Div. 2),karan56,4390,1729960500,1174,1216
2027,Codeforces Round 982 (Div. 2),gxnu_zzy,4390,1729960500,1549,1494
2027,Codeforces Round 982 (Div. 2),25-din-me-rating-double,4406,1729960500,1399,1380
2027,Codeforces Round 982 (Div. 2),pikaninja123,4406,1729960500,1289,1298
2027,Codeforces Round 982 (Div. 2),compiall101,4406,1729960500,1210,1241
2027,Codeforces Round 982 (Div. 2),KitijaK,4406,1729960500,1111,1172
2027,Codeforces Round 982 (Div. 2),indra_015u,4406,1729960500,1316,1318
2027,Codeforces Round 982 (Div. 2),JJoohhnn,4406,1729960500,1290,1299
2027,Codeforces Round 982 (Div. 2),miragee,4406,1729960500,1454,1421
2027,Codeforces Round 982 (Div. 2),Turaka,4406,1729960500,1228,1254
2027,Codeforces Round 982 (Div. 2),Aenk,4406,1729960500,1074,1147
2027,Codeforces Round 982 (Div. 2),StuckOnNewbie,4406,1729960500,1229,1255
2027,Codeforces Round 982 (Div. 2),Big-air-eyes,4406,1729960500,1034,1120
2027,Codeforces Round 982 (Div. 2),franchester,4406,1729960500,1618,1547
2027,Codeforces Round 982 (Div. 2),orca17124,4406,1729960500,1227,1253
2027,Codeforces Round 982 (Div. 2),mohamed3b3az,4406,1729960500,933,1107
2027,Codeforces Round 982 (Div. 2),MariamH,4420,1729960500,1552,1496
2027,Codeforces Round 982 (Div. 2),HabaraChan,4420,1729960500,1237,1260
2027,Codeforces Round 982 (Div. 2),Smoking_Cat,4420,1729960500,985,1088
2027,Codeforces Round 982 (Div. 2),eragon_shadeslayer,4420,1729960500,1092,1159
2027,Codeforces Round 982 (Div. 2),Abir_Hasan,4420,1729960500,1107,1169
2027,Codeforces Round 982 (Div. 2),SpringBreeze,4420,1729960500,1404,1383
2027,Codeforces Round 982 (Div. 2),dxrjvzi,4420,1729960500,1021,1111
2027,Codeforces Round 982 (Div. 2),RaMaNi__3311,4420,1729960500,880,1022
2027,Codeforces Round 982 (Div. 2),Lost_from_Light,4420,1729960500,1205,1237
2027,Codeforces Round 982 (Div. 2),shoaib.gondal,4420,1729960500,1339,1335
2027,Codeforces Round 982 (Div. 2),gepusubu,4420,1729960500,1478,1439
2027,Codeforces Round 982 (Div. 2),mr.fd,4420,1729960500,399,755
2027,Codeforces Round 982 (Div. 2),lightyagami59,4420,1729960500,1196,1231
2027,Codeforces Round 982 (Div. 2),jadan,4420,1729960500,1157,1204
2027,Codeforces Round 982 (Div. 2),Ayon,4420,1729960500,1010,1104
2027,Codeforces Round 982 (Div. 2),pomogrenade,4420,1729960500,1227,1253
2027,Codeforces Round 982 (Div. 2),monadewidar,4420,1729960500,968,1077
2027,Codeforces Round 982 (Div. 2),Prince_16823,4420,1729960500,1081,1151
2027,Codeforces Round 982 (Div. 2),Ifkk_Ost,4438,1729960500,1406,1385
2027,Codeforces Round 982 (Div. 2),thunder1208,4439,1729960500,972,1135
2027,Codeforces Round 982 (Div. 2),reborn_star,4439,1729960500,1364,1353
2027,Codeforces Round 982 (Div. 2),Utkarsh.iitkgp,4439,1729960500,1378,1363
2027,Codeforces Round 982 (Div. 2),burraah,4439,1729960500,985,1144
2027,Codeforces Round 982 (Div. 2),shekhawat_g,4439,1729960500,1244,1265
2027,Codeforces Round 982 (Div. 2),redex,4439,1729960500,1466,1430
2027,Codeforces Round 982 (Div. 2),xgandy,4439,1729960500,442,786
2027,Codeforces Round 982 (Div. 2),Y39Y,4439,1729960500,1206,1237
2027,Codeforces Round 982 (Div. 2),rayiseB,4439,1729960500,1303,1307
2027,Codeforces Round 982 (Div. 2),HelloSkyy,4439,1729960500,1249,1268
2027,Codeforces Round 982 (Div. 2),ItWorksonmymachine,4439,1729960500,1173,1214
2027,Codeforces Round 982 (Div. 2),XtremeParam,4439,1729960500,1127,1182
2027,Codeforces Round 982 (Div. 2),kinitic013,4439,1729960500,1547,1492
2027,Codeforces Round 982 (Div. 2),blueicecream,4439,1729960500,1146,1196
2027,Codeforces Round 982 (Div. 2),763307575Aa,4439,1729960500,1150,1198
2027,Codeforces Round 982 (Div. 2),Shuuui,4439,1729960500,1200,1269
2027,Codeforces Round 982 (Div. 2),snagwani,4439,1729960500,1117,1175
2027,Codeforces Round 982 (Div. 2),keep_it,4439,1729960500,1314,1316
2027,Codeforces Round 982 (Div. 2),bkdn24.elonmusk,4439,1729960500,1237,1260
2027,Codeforces Round 982 (Div. 2),urnhishig,4439,1729960500,1095,1160
2027,Codeforces Round 982 (Div. 2),inauspicious,4439,1729960500,1362,1351
2027,Codeforces Round 982 (Div. 2),rkt12,4439,1729960500,1225,1251
2027,Codeforces Round 982 (Div. 2),xyyjy,4461,1729960500,522,846
2027,Codeforces Round 982 (Div. 2),shiqiDqi,4461,1729960500,1256,1273
2027,Codeforces Round 982 (Div. 2),Pranad,4461,1729960500,1342,1336
2027,Codeforces Round 982 (Div. 2),soldierXboy,4461,1729960500,1250,1269
2027,Codeforces Round 982 (Div. 2),Lumi_nous,4461,1729960500,978,1083
2027,Codeforces Round 982 (Div. 2),ctsnormankr07,4461,1729960500,1090,1156
2027,Codeforces Round 982 (Div. 2),anubhavakki2016,4461,1729960500,924,1048
2027,Codeforces Round 982 (Div. 2),unbtble,4461,1729960500,1278,1325
2027,Codeforces Round 982 (Div. 2),why_0210,4461,1729960500,1205,1237
2027,Codeforces Round 982 (Div. 2),kenkukumaduo,4461,1729960500,1222,1248
2027,Codeforces Round 982 (Div. 2),yiilin,4461,1729960500,1317,1317
2027,Codeforces Round 982 (Div. 2),chaitu_thumbeti,4461,1729960500,1281,1291
2027,Codeforces Round 982 (Div. 2),3bdulrahman.,4461,1729960500,1353,1344
2027,Codeforces Round 982 (Div. 2),Batov,4461,1729960500,986,1183
2027,Codeforces Round 982 (Div. 2),agentrico09_09,4461,1729960500,1295,1301
2027,Codeforces Round 982 (Div. 2),anveshgandotra_,4461,1729960500,1214,1243
2027,Codeforces Round 982 (Div. 2),Titan493ASST,4461,1729960500,1387,1370
2027,Codeforces Round 982 (Div. 2),Positronn,4461,1729960500,1299,1304
2027,Codeforces Round 982 (Div. 2),Tistou,4479,1729960500,1629,1554
2027,Codeforces Round 982 (Div. 2),SpearheadK,4480,1729960500,1488,1446
2027,Codeforces Round 982 (Div. 2),Mukul9571,4480,1729960500,1450,1417
2027,Codeforces Round 982 (Div. 2),jansenin,4480,1729960500,1403,1381
2027,Codeforces Round 982 (Div. 2),shykill,4480,1729960500,1237,1259
2027,Codeforces Round 982 (Div. 2),crocell001,4480,1729960500,1101,1198
2027,Codeforces Round 982 (Div. 2),alamgir65,4480,1729960500,1114,1172
2027,Codeforces Round 982 (Div. 2),Nguyendinhbach,4480,1729960500,1026,1165
2027,Codeforces Round 982 (Div. 2),HarshPahade,4480,1729960500,1162,1205
2027,Codeforces Round 982 (Div. 2),KBW_Grandson,4480,1729960500,807,976
2027,Codeforces Round 982 (Div. 2),HasY,4480,1729960500,1338,1370
2027,Codeforces Round 982 (Div. 2),Waseem-Mustak,4480,1729960500,1706,1614
2027,Codeforces Round 982 (Div. 2),JatinChahar,4480,1729960500,1186,1222
2027,Codeforces Round 982 (Div. 2),CChord,4480,1729960500,1508,1461
2027,Codeforces Round 982 (Div. 2),M_Taher,4480,1729960500,1178,1217
2027,Codeforces Round 982 (Div. 2),olicolm,4480,1729960500,1532,1480
2027,Codeforces Round 982 (Div. 2),Nahian_Safa,4480,1729960500,892,1028
2027,Codeforces Round 982 (Div. 2),Hustler_210,4480,1729960500,1071,1143
2027,Codeforces Round 982 (Div. 2),l_lost_l,4497,1729960500,1566,1505
2027,Codeforces Round 982 (Div. 2),lilmx,4498,1729960500,1232,1255
2027,Codeforces Round 982 (Div. 2),HelloFromMars,4498,1729960500,1435,1405
2027,Codeforces Round 982 (Div. 2),Equation_Tracker,4498,1729960500,1330,1326
2027,Codeforces Round 982 (Div. 2),sep82,4498,1729960500,1432,1403
2027,Codeforces Round 982 (Div. 2),MythBuster1,4498,1729960500,1171,1212
2027,Codeforces Round 982 (Div. 2),xiaoyejinjier,4498,1729960500,1102,1163
2027,Codeforces Round 982 (Div. 2),jugnugupta33,4498,1729960500,1447,1414
2027,Codeforces Round 982 (Div. 2),wen_xing,4498,1729960500,803,1043
2027,Codeforces Round 982 (Div. 2),Saurabh1213,4498,1729960500,1212,1240
2027,Codeforces Round 982 (Div. 2),hiit146,4498,1729960500,1192,1226
2027,Codeforces Round 982 (Div. 2),Lowpena1ty,4498,1729960500,700,968
2027,Codeforces Round 982 (Div. 2),JHON_THE_DON,4498,1729960500,848,1000
2027,Codeforces Round 982 (Div. 2),SinceToday,4498,1729960500,1259,1274
2027,Codeforces Round 982 (Div. 2),Go_Se_Yeon,4498,1729960500,1085,1152
2027,Codeforces Round 982 (Div. 2),pranshul_047,4498,1729960500,1416,1391
2027,Codeforces Round 982 (Div. 2),Arslanarsal,4498,1729960500,894,1029
2027,Codeforces Round 982 (Div. 2),xxingyu,4498,1729960500,1007,1151
2027,Codeforces Round 982 (Div. 2),OxY-Me_dized-,4498,1729960500,1192,1226
2027,Codeforces Round 982 (Div. 2),manoharsingh2402,4498,1729960500,1089,1155
2027,Codeforces Round 982 (Div. 2),Femnop,4517,1729960500,1421,1394
2027,Codeforces Round 982 (Div. 2),dhruvSonicX,4518,1729960500,1346,1337
2027,Codeforces Round 982 (Div. 2),Satyamyadav77512,4518,1729960500,1270,1282
2027,Codeforces Round 982 (Div. 2),Shohanur_1603020,4518,1729960500,1392,1372
2027,Codeforces Round 982 (Div. 2),zhuzhengxin,4518,1729960500,850,1046
2027,Codeforces Round 982 (Div. 2),manasminsk,4518,1729960500,1203,1233
2027,Codeforces Round 982 (Div. 2),LuvSran,4518,1729960500,1443,1411
2027,Codeforces Round 982 (Div. 2),SeeYouSpaceCowboy,4518,1729960500,1304,1306
2027,Codeforces Round 982 (Div. 2),Expert_by_september,4518,1729960500,1460,1424
2027,Codeforces Round 982 (Div. 2),dhruv10,4518,1729960500,1201,1232
2027,Codeforces Round 982 (Div. 2),__Kiavash__,4518,1729960500,1072,1143
2027,Codeforces Round 982 (Div. 2),myselfshoibashis123,4518,1729960500,1360,1348
2027,Codeforces Round 982 (Div. 2),imcelery,4518,1729960500,1611,1539
2027,Codeforces Round 982 (Div. 2),L1UP,4518,1729960500,719,981
2027,Codeforces Round 982 (Div. 2),AbdulsalamHaroun,4518,1729960500,1169,1209
2027,Codeforces Round 982 (Div. 2),Arrebol6,4518,1729960500,1164,1206
2027,Codeforces Round 982 (Div. 2),PCxShreyansh_2003,4518,1729960500,1294,1299
2027,Codeforces Round 982 (Div. 2),mh.utsho,4518,1729960500,1124,1178
2027,Codeforces Round 982 (Div. 2),Forge,4518,1729960500,1372,1357
2027,Codeforces Round 982 (Div. 2),Pranav_Manurkar,4518,1729960500,1206,1236
2027,Codeforces Round 982 (Div. 2),cracking1234,4537,1729960500,868,1058
2027,Codeforces Round 982 (Div. 2),lnt0995449235,4537,1729960500,1079,1147
2027,Codeforces Round 982 (Div. 2),rebornndisillusioned,4537,1729960500,1620,1546
2027,Codeforces Round 982 (Div. 2),blank_0.1,4537,1729960500,1145,1192
2027,Codeforces Round 982 (Div. 2),ShadowPhoenix,4537,1729960500,1772,1665
2027,Codeforces Round 982 (Div. 2),ToraHanaJD,4537,1729960500,1310,1347
2027,Codeforces Round 982 (Div. 2),varnit_03,4537,1729960500,1339,1332
2027,Codeforces Round 982 (Div. 2),jskhirtladze,4537,1729960500,1720,1624
2027,Codeforces Round 982 (Div. 2),leVi_,4537,1729960500,1396,1375
2027,Codeforces Round 982 (Div. 2),The-One-Above-All,4537,1729960500,1190,1224
2027,Codeforces Round 982 (Div. 2),Shalini_Y,4537,1729960500,1031,1115
2027,Codeforces Round 982 (Div. 2),LightYT,4537,1729960500,1327,1323
2027,Codeforces Round 982 (Div. 2),Prefer.P,4537,1729960500,415,764
2027,Codeforces Round 982 (Div. 2),Devilzone_12,4537,1729960500,1397,1375
2027,Codeforces Round 982 (Div. 2),foonssk,4537,1729960500,1303,1305
2027,Codeforces Round 982 (Div. 2),Manas945,4537,1729960500,1290,1296
2027,Codeforces Round 982 (Div. 2),panwar123,4537,1729960500,1150,1195
2027,Codeforces Round 982 (Div. 2),posiedon_7,4537,1729960500,1314,1313
2027,Codeforces Round 982 (Div. 2),yadav_iitbhu,4537,1729960500,0,482
2027,Codeforces Round 982 (Div. 2),kawsarkk,4537,1729960500,1253,1269
2027,Codeforces Round 982 (Div. 2),Classic_Failure,4537,1729960500,1455,1419
2027,Codeforces Round 982 (Div. 2),ayush_123sahu,4537,1729960500,1397,1375
2027,Codeforces Round 982 (Div. 2),lavish792,4537,1729960500,1209,1237
2027,Codeforces Round 982 (Div. 2),k_1ganesh,4537,1729960500,1007,1099
2027,Codeforces Round 982 (Div. 2),Lakshya_2907,4561,1729960500,1528,1475
2027,Codeforces Round 982 (Div. 2),wwwa233,4561,1729960500,1266,1278
2027,Codeforces Round 982 (Div. 2),Xiao_2710,4561,1729960500,1376,1359
2027,Codeforces Round 982 (Div. 2),abhisheknimmala,4561,1729960500,1205,1234
2027,Codeforces Round 982 (Div. 2),HieuGM28,4561,1729960500,1265,1277
2027,Codeforces Round 982 (Div. 2),erkasz,4561,1729960500,1377,1360
2027,Codeforces Round 982 (Div. 2),mtemp9898,4561,1729960500,1102,1162
2027,Codeforces Round 982 (Div. 2),Daniyal.a,4561,1729960500,1136,1185
2027,Codeforces Round 982 (Div. 2),Stalin67,4561,1729960500,1296,1300
2027,Codeforces Round 982 (Div. 2),guoggins,4561,1729960500,0,482
2027,Codeforces Round 982 (Div. 2),rky_cse,4561,1729960500,1357,1345
2027,Codeforces Round 982 (Div. 2),Galoiss,4561,1729960500,1538,1521
2027,Codeforces Round 982 (Div. 2),anshuldutt21,4561,1729960500,1224,1247
2027,Codeforces Round 982 (Div. 2),aniketghosh,4561,1729960500,1219,1243
2027,Codeforces Round 982 (Div. 2),Schloopka,4561,1729960500,1101,1196
2027,Codeforces Round 982 (Div. 2),arjunsinghal,4561,1729960500,1277,1286
2027,Codeforces Round 982 (Div. 2),ShanuSingroha,4561,1729960500,1535,1480
2027,Codeforces Round 982 (Div. 2),adesh_ghadage,4561,1729960500,1240,1259
2027,Codeforces Round 982 (Div. 2),mukoozm,4561,1729960500,923,1044
2027,Codeforces Round 982 (Div. 2),mrperfect572,4561,1729960500,1117,1172
2027,Codeforces Round 982 (Div. 2),MHN-JFRN,4581,1729960500,1309,1308
2027,Codeforces Round 982 (Div. 2),madboii,4581,1729960500,1235,1255
2027,Codeforces Round 982 (Div. 2),ducanhdz,4581,1729960500,1303,1304
2027,Codeforces Round 982 (Div. 2),kefalio,4581,1729960500,1218,1242
2027,Codeforces Round 982 (Div. 2),Kakikori,4581,1729960500,1236,1256
2027,Codeforces Round 982 (Div. 2),Istiak516,4581,1729960500,1289,1294
2027,Codeforces Round 982 (Div. 2),aaaaa114514,4581,1729960500,0,481
2027,Codeforces Round 982 (Div. 2),M_Elgamal,4581,1729960500,1236,1256
2027,Codeforces Round 982 (Div. 2),Banjio,4581,1729960500,1133,1182
2027,Codeforces Round 982 (Div. 2),Stark0509,4581,1729960500,1387,1366
2027,Codeforces Round 982 (Div. 2),feifeifisher,4581,1729960500,1321,1317
2027,Codeforces Round 982 (Div. 2),kt1000d,4581,1729960500,1549,1490
2027,Codeforces Round 982 (Div. 2),A.Mozart,4581,1729960500,896,1077
2027,Codeforces Round 982 (Div. 2),asifalim,4581,1729960500,1213,1238
2027,Codeforces Round 982 (Div. 2),Turcking,4581,1729960500,1127,1179
2027,Codeforces Round 982 (Div. 2),LHJ_y,4581,1729960500,1175,1212
2027,Codeforces Round 982 (Div. 2),bjei,4581,1729960500,1367,1351
2027,Codeforces Round 982 (Div. 2),Teckza,4581,1729960500,1456,1419
2027,Codeforces Round 982 (Div. 2),wwwwwwyyyyyyyyyyyyyyy,4581,1729960500,387,742
2027,Codeforces Round 982 (Div. 2),Daksh091223,4581,1729960500,978,1079
2027,Codeforces Round 982 (Div. 2),_curnxt,4581,1729960500,709,972
2027,Codeforces Round 982 (Div. 2),samsoom,4581,1729960500,1393,1371
2027,Codeforces Round 982 (Div. 2),harshxll,4581,1729960500,993,1088
2027,Codeforces Round 982 (Div. 2),hhhhhhbbbb,4581,1729960500,1340,1331
2027,Codeforces Round 982 (Div. 2),Sqrt-2pi-,4581,1729960500,1236,1256
2027,Codeforces Round 982 (Div. 2),chetanjai,4581,1729960500,1078,1144
2027,Codeforces Round 982 (Div. 2),.Judy.Hopps.,4581,1729960500,1280,1287
2027,Codeforces Round 982 (Div. 2),026-Bekzat-Y-2028,4581,1729960500,0,481
2027,Codeforces Round 982 (Div. 2),labmem007,4581,1729960500,1307,1307
2027,Codeforces Round 982 (Div. 2),daredevil17,4581,1729960500,1193,1225
2027,Codeforces Round 982 (Div. 2),Senku,4611,1729960500,1492,1446
2027,Codeforces Round 982 (Div. 2),zhanglinchen,4611,1729960500,1272,1281
2027,Codeforces Round 982 (Div. 2),yash_vashist,4611,1729960500,1364,1349
2027,Codeforces Round 982 (Div. 2),Winter.,4611,1729960500,1135,1183
2027,Codeforces Round 982 (Div. 2),Shuvo_1,4611,1729960500,1159,1200
2027,Codeforces Round 982 (Div. 2),theweirdki9,4611,1729960500,1119,1172
2027,Codeforces Round 982 (Div. 2),RahmanSunjida,4611,1729960500,1171,1208
2027,Codeforces Round 982 (Div. 2),ZIHAD_BEPARI,4611,1729960500,1318,1315
2027,Codeforces Round 982 (Div. 2),Pronod,4611,1729960500,1727,1628
2027,Codeforces Round 982 (Div. 2),priyabrata8558,4611,1729960500,1384,1364
2027,Codeforces Round 982 (Div. 2),ruyxrt,4611,1729960500,1092,1154
2027,Codeforces Round 982 (Div. 2),EmmanuelRojas,4611,1729960500,1211,1237
2027,Codeforces Round 982 (Div. 2),tThe_great_move,4611,1729960500,1373,1356
2027,Codeforces Round 982 (Div. 2),sadat,4611,1729960500,1256,1269
2027,Codeforces Round 982 (Div. 2),raichu_,4611,1729960500,1396,1373
2027,Codeforces Round 982 (Div. 2),RomalTerix,4611,1729960500,1050,1188
2027,Codeforces Round 982 (Div. 2),TukTuk_Account,4611,1729960500,1329,1323
2027,Codeforces Round 982 (Div. 2),roys22127,4611,1729960500,1215,1239
2027,Codeforces Round 982 (Div. 2),romit6204,4629,1729960500,1605,1533
2027,Codeforces Round 982 (Div. 2),DarkKing_2004,4630,1729960500,788,1002
2027,Codeforces Round 982 (Div. 2),vijesh89,4630,1729960500,1274,1282
2027,Codeforces Round 982 (Div. 2),hardik_sirohiya,4630,1729960500,1140,1186
2027,Codeforces Round 982 (Div. 2),ashiknur,4630,1729960500,1568,1504
2027,Codeforces Round 982 (Div. 2),AyeshaPoly,4630,1729960500,1149,1193
2027,Codeforces Round 982 (Div. 2),wzhmhxn,4630,1729960500,988,1142
2027,Codeforces Round 982 (Div. 2),mostafa_mahmoud4444,4630,1729960500,1360,1345
2027,Codeforces Round 982 (Div. 2),WayHWei,4630,1729960500,1120,1172
2027,Codeforces Round 982 (Div. 2),forevergreen1399,4630,1729960500,0,480
2027,Codeforces Round 982 (Div. 2),LouisRoyLangevin,4630,1729960500,1372,1354
2027,Codeforces Round 982 (Div. 2),Anvar_olimpic,4630,1729960500,1303,1340
2027,Codeforces Round 982 (Div. 2),MadhusudanKabra,4630,1729960500,1648,1566
2027,Codeforces Round 982 (Div. 2),ASHWINISINGH17,4630,1729960500,1365,1349
2027,Codeforces Round 982 (Div. 2),abd360,4630,1729960500,960,1122
2027,Codeforces Round 982 (Div. 2),Sreevatsa,4630,1729960500,880,1064
2027,Codeforces Round 982 (Div. 2),Intracon,4630,1729960500,1256,1269
2027,Codeforces Round 982 (Div. 2),kadali.chaitanya.2001,4630,1729960500,1338,1329
2027,Codeforces Round 982 (Div. 2),darkquasar,4630,1729960500,1510,1459
2027,Codeforces Round 982 (Div. 2),arthurqm,4630,1729960500,1369,1352
2027,Codeforces Round 982 (Div. 2),GodmodeOnn,4630,1729960500,1074,1141
2027,Codeforces Round 982 (Div. 2),good_or_bad,4630,1729960500,405,755
2027,Codeforces Round 982 (Div. 2),stellar,4651,1729960500,1410,1383
2027,Codeforces Round 982 (Div. 2),Hawkstar,4652,1729960500,1316,1312
2027,Codeforces Round 982 (Div. 2),candidate__master,4652,1729960500,803,1010
2027,Codeforces Round 982 (Div. 2),imzero34802,4652,1729960500,1265,1275
2027,Codeforces Round 982 (Div. 2),Danu-san,4652,1729960500,1158,1199
2027,Codeforces Round 982 (Div. 2),Akshay2025,4652,1729960500,1217,1240
2027,Codeforces Round 982 (Div. 2),yoshithabellam5,4652,1729960500,900,1074
2027,Codeforces Round 982 (Div. 2),ruban,4652,1729960500,1509,1458
2027,Codeforces Round 982 (Div. 2),gianetz,4652,1729960500,1518,1465
2027,Codeforces Round 982 (Div. 2),Sharif_Math,4652,1729960500,960,1065
2027,Codeforces Round 982 (Div. 2),Avinash.,4652,1729960500,1112,1201
2027,Codeforces Round 982 (Div. 2),mustafadarweish136,4652,1729960500,864,1005
2027,Codeforces Round 982 (Div. 2),Mr.Smoothy,4652,1729960500,1414,1386
2027,Codeforces Round 982 (Div. 2),Sleepwf,4652,1729960500,1283,1288
2027,Codeforces Round 982 (Div. 2),stevengongg,4652,1729960500,1461,1421
2027,Codeforces Round 982 (Div. 2),Jatin_Gautam22,4652,1729960500,1053,1160
2027,Codeforces Round 982 (Div. 2),NiGhT-h-MaRe,4652,1729960500,1373,1355
2027,Codeforces Round 982 (Div. 2),Arb_103,4652,1729960500,1166,1204
2027,Codeforces Round 982 (Div. 2),revanthsai_05,4652,1729960500,1017,1102
2027,Codeforces Round 982 (Div. 2),Renako,4652,1729960500,1012,1159
2027,Codeforces Round 982 (Div. 2),maskboy_jr,4652,1729960500,919,1092
2027,Codeforces Round 982 (Div. 2),god_harsh,4652,1729960500,1188,1219
2027,Codeforces Round 982 (Div. 2),kunal23kmr_br09,4652,1729960500,1311,1308
2027,Codeforces Round 982 (Div. 2),mh_naim_,4674,1729960500,1314,1310
2027,Codeforces Round 982 (Div. 2),KMS_,4674,1729960500,1280,1285
2027,Codeforces Round 982 (Div. 2),Zkrallah,4674,1729960500,1137,1183
2027,Codeforces Round 982 (Div. 2),hrofi37,4674,1729960500,0,479
2027,Codeforces Round 982 (Div. 2),_kk_10,4674,1729960500,1119,1170
2027,Codeforces Round 982 (Div. 2),Nice2Cu_M,4674,1729960500,1137,1183
2027,Codeforces Round 982 (Div. 2),njki,4674,1729960500,1457,1418
2027,Codeforces Round 982 (Div. 2),nottheonion,4674,1729960500,1213,1237
2027,Codeforces Round 982 (Div. 2),nguyenvanhhung8,4674,1729960500,806,970
2027,Codeforces Round 982 (Div. 2),win1702,4674,1729960500,423,767
2027,Codeforces Round 982 (Div. 2),love_Sasha,4674,1729960500,1035,1113
2027,Codeforces Round 982 (Div. 2),prtxdongare,4674,1729960500,1314,1310
2027,Codeforces Round 982 (Div. 2),halor,4674,1729960500,1340,1329
2027,Codeforces Round 982 (Div. 2),Roll_no_68,4674,1729960500,1331,1323
2027,Codeforces Round 982 (Div. 2),Mennah_fathy_gadalla,4674,1729960500,1192,1222
2027,Codeforces Round 982 (Div. 2),the_escapist,4674,1729960500,1107,1218
2027,Codeforces Round 982 (Div. 2),sgema,4674,1729960500,1291,1293
2027,Codeforces Round 982 (Div. 2),pdhingra18,4674,1729960500,962,1122
2027,Codeforces Round 982 (Div. 2),Abid_Shahriar_Sakif,4674,1729960500,958,1063
2027,Codeforces Round 982 (Div. 2),Cherycherry,4674,1729960500,1090,1150
2027,Codeforces Round 982 (Div. 2),Bilal_Alasha,4674,1729960500,915,1036
2027,Codeforces Round 982 (Div. 2),Archis2004,4674,1729960500,1293,1295
2027,Codeforces Round 982 (Div. 2),Rakshit_1,4674,1729960500,1501,1451
2027,Codeforces Round 982 (Div. 2),NSr_wang,4674,1729960500,1092,1152
2027,Codeforces Round 982 (Div. 2),Owaish777,4674,1729960500,1208,1233
2027,Codeforces Round 982 (Div. 2),AmrElkhodari,4674,1729960500,1250,1263
2027,Codeforces Round 982 (Div. 2),taraneh_fakooran,4674,1729960500,1423,1392
2027,Codeforces Round 982 (Div. 2),standfordgambit,4674,1729960500,1244,1259
2027,Codeforces Round 982 (Div. 2),fervor_w,4674,1729960500,1228,1284
2027,Codeforces Round 982 (Div. 2),urs_rs,4703,1729960500,1186,1217
2027,Codeforces Round 982 (Div. 2),24Sudhanshu,4703,1729960500,885,1017
2027,Codeforces Round 982 (Div. 2),mssumanth_16,4703,1729960500,1415,1386
2027,Codeforces Round 982 (Div. 2),ahmmedfaisal586,4703,1729960500,1275,1281
2027,Codeforces Round 982 (Div. 2),henryyyh,4703,1729960500,1218,1240
2027,Codeforces Round 982 (Div. 2),DebNayak05,4703,1729960500,1524,1469
2027,Codeforces Round 982 (Div. 2),rakeshrakhi_9392,4703,1729960500,892,1021
2027,Codeforces Round 982 (Div. 2),Harsh_Lembhe18,4703,1729960500,1188,1218
2027,Codeforces Round 982 (Div. 2),trgt26,4703,1729960500,1372,1353
2027,Codeforces Round 982 (Div. 2),Asif1000,4703,1729960500,1008,1095
2027,Codeforces Round 982 (Div. 2),omraki216746,4703,1729960500,1154,1194
2027,Codeforces Round 982 (Div. 2),IXAcheron,4703,1729960500,491,817
2027,Codeforces Round 982 (Div. 2),dorado7,4703,1729960500,1398,1372
2027,Codeforces Round 982 (Div. 2),Defile,4703,1729960500,1130,1177
2027,Codeforces Round 982 (Div. 2),im_Vignan,4703,1729960500,1228,1247
2027,Codeforces Round 982 (Div. 2),satyajeet5275,4703,1729960500,1207,1232
2027,Codeforces Round 982 (Div. 2),sulabhambule,4703,1729960500,1150,1191
2027,Codeforces Round 982 (Div. 2),Imperial_CodeX,4703,1729960500,1017,1101
2027,Codeforces Round 982 (Div. 2),dasraunak2111,4703,1729960500,1396,1371
2027,Codeforces Round 982 (Div. 2),Mindaev_Damir,4703,1729960500,1171,1206
2027,Codeforces Round 982 (Div. 2),S____H,4703,1729960500,977,1075
2027,Codeforces Round 982 (Div. 2),krish_vj,4703,1729960500,1097,1155
2027,Codeforces Round 982 (Div. 2),Wave0466,4725,1729960500,0,478
2027,Codeforces Round 982 (Div. 2),azapro179,4725,1729960500,1272,1278
2027,Codeforces Round 982 (Div. 2),LOLmaoXD,4725,1729960500,1308,1305
2027,Codeforces Round 982 (Div. 2),yuiop8747,4725,1729960500,1547,1486
2027,Codeforces Round 982 (Div. 2),dsarules,4725,1729960500,1349,1373
2027,Codeforces Round 982 (Div. 2),abineth,4725,1729960500,1521,1466
2027,Codeforces Round 982 (Div. 2),bs_biswa,4725,1729960500,1036,1113
2027,Codeforces Round 982 (Div. 2),hoonbae,4725,1729960500,1110,1163
2027,Codeforces Round 982 (Div. 2),abcivashritt,4725,1729960500,1286,1288
2027,Codeforces Round 982 (Div. 2),_1234567_,4725,1729960500,1253,1264
2027,Codeforces Round 982 (Div. 2),Mostafa_Shraief,4725,1729960500,948,1056
2027,Codeforces Round 982 (Div. 2),l0ne_walker,4725,1729960500,441,779
2027,Codeforces Round 982 (Div. 2),MIKHAIL2007,4725,1729960500,1437,1401
2027,Codeforces Round 982 (Div. 2),_Balerion,4725,1729960500,1247,1260
2027,Codeforces Round 982 (Div. 2),Aksh15,4725,1729960500,861,1001
2027,Codeforces Round 982 (Div. 2),xyza1234,4725,1729960500,1219,1240
2027,Codeforces Round 982 (Div. 2),hackersheela,4725,1729960500,1192,1220
2027,Codeforces Round 982 (Div. 2),utkarshranjan1,4725,1729960500,1142,1185
2027,Codeforces Round 982 (Div. 2),NOoobmasterSixT9,4725,1729960500,1212,1235
2027,Codeforces Round 982 (Div. 2),LazzyLeopard,4725,1729960500,1307,1304
2027,Codeforces Round 982 (Div. 2),gvineeth1552,4725,1729960500,1062,1130
2027,Codeforces Round 982 (Div. 2),binaryboy_sayak,4725,1729960500,1184,1215
2027,Codeforces Round 982 (Div. 2),LORD_MAIYOVA,4725,1729960500,1264,1272
2027,Codeforces Round 982 (Div. 2),abenezer_m54,4748,1729960500,1487,1440
2027,Codeforces Round 982 (Div. 2),headerush,4749,1729960500,1179,1211
2027,Codeforces Round 982 (Div. 2),_yo_boii,4749,1729960500,1189,1218
2027,Codeforces Round 982 (Div. 2),CodeEnthu24,4749,1729960500,1307,1303
2027,Codeforces Round 982 (Div. 2),test_02,4749,1729960500,1320,1313
2027,Codeforces Round 982 (Div. 2),SocketRocket,4749,1729960500,921,1090
2027,Codeforces Round 982 (Div. 2),abdelrahmansaied,4749,1729960500,1316,1310
2027,Codeforces Round 982 (Div. 2),ssk__9__7,4749,1729960500,1159,1197
2027,Codeforces Round 982 (Div. 2),bjbs,4749,1729960500,1266,1273
2027,Codeforces Round 982 (Div. 2),samuel_beovides,4749,1729960500,1740,1636
2027,Codeforces Round 982 (Div. 2),dongs826,4749,1729960500,1145,1222
2027,Codeforces Round 982 (Div. 2),GODSPEED482,4749,1729960500,1324,1316
2027,Codeforces Round 982 (Div. 2),mach102243,4749,1729960500,1310,1306
2027,Codeforces Round 982 (Div. 2),Ifti._.kicchuParena,4749,1729960500,1198,1224
2027,Codeforces Round 982 (Div. 2),shrimpballs,4749,1729960500,1623,1544
2027,Codeforces Round 982 (Div. 2),yugumu,4749,1729960500,587,881
2027,Codeforces Round 982 (Div. 2),amank_22,4749,1729960500,1054,1124
2027,Codeforces Round 982 (Div. 2),emmoy,4749,1729960500,1054,1230
2027,Codeforces Round 982 (Div. 2),Advtik,4749,1729960500,1314,1309
2027,Codeforces Round 982 (Div. 2),mr.woland,4749,1729960500,1308,1304
2027,Codeforces Round 982 (Div. 2),pvssvinay,4768,1729960500,1234,1250
2027,Codeforces Round 982 (Div. 2),sanjeetkumar6178,4768,1729960500,1267,1274
2027,Codeforces Round 982 (Div. 2),rithvick_2004,4768,1729960500,1286,1288
2027,Codeforces Round 982 (Div. 2),AdnanChy1,4768,1729960500,989,1081
2027,Codeforces Round 982 (Div. 2),_agcodforce26,4768,1729960500,986,1079
2027,Codeforces Round 982 (Div. 2),Sohamgk,4768,1729960500,1137,1181
2027,Codeforces Round 982 (Div. 2),skr7998,4768,1729960500,1044,1117
2027,Codeforces Round 982 (Div. 2),hackstar,4768,1729960500,1275,1279
2027,Codeforces Round 982 (Div. 2),kris_k99,4768,1729960500,905,1075
2027,Codeforces Round 982 (Div. 2),PermaPupil,4768,1729960500,1232,1248
2027,Codeforces Round 982 (Div. 2),ambaliyasho2004,4768,1729960500,1010,1095
2027,Codeforces Round 982 (Div. 2),metellus,4768,1729960500,1071,1135
2027,Codeforces Round 982 (Div. 2),Jache,4768,1729960500,970,1101
2027,Codeforces Round 982 (Div. 2),GodNess_of_10000_huan,4768,1729960500,1311,1306
2027,Codeforces Round 982 (Div. 2),Practice_Mode_GOAT,4768,1729960500,1277,1281
2027,Codeforces Round 982 (Div. 2),sreecharanreddypacharla,4768,1729960500,1162,1199
2027,Codeforces Round 982 (Div. 2),umar.aligarh,4768,1729960500,1372,1351
2027,Codeforces Round 982 (Div. 2),thePixelatedWizard,4768,1729960500,381,734
2027,Codeforces Round 982 (Div. 2),udaysmurf,4768,1729960500,873,1008
2027,Codeforces Round 982 (Div. 2),manikya_sharma,4768,1729960500,1084,1144
2027,Codeforces Round 982 (Div. 2),Valentino_01,4788,1729960500,1033,1109
2027,Codeforces Round 982 (Div. 2),raghvendrxm,4788,1729960500,1309,1304
2027,Codeforces Round 982 (Div. 2),blitz11,4788,1729960500,1152,1191
2027,Codeforces Round 982 (Div. 2),dogcongfather,4788,1729960500,470,799
2027,Codeforces Round 982 (Div. 2),byte_a.viral13,4788,1729960500,970,1068
2027,Codeforces Round 982 (Div. 2),Fluffy.burd,4788,1729960500,1060,1127
2027,Codeforces Round 982 (Div. 2),KuroPhoenix,4788,1729960500,0,478
2027,Codeforces Round 982 (Div. 2),lrgoncalves47,4788,1729960500,1003,1089
2027,Codeforces Round 982 (Div. 2),winner2050,4788,1729960500,1550,1526
2027,Codeforces Round 982 (Div. 2),yuanyi,4788,1729960500,1347,1332
2027,Codeforces Round 982 (Div. 2),kumaranshuman,4788,1729960500,809,1041
2027,Codeforces Round 982 (Div. 2),atkm953,4788,1729960500,1282,1284
2027,Codeforces Round 982 (Div. 2),Mir_Ilham_Novice,4788,1729960500,1334,1322
2027,Codeforces Round 982 (Div. 2),SaIHeM4NtH,4788,1729960500,1075,1137
2027,Codeforces Round 982 (Div. 2),Funnyleaf,4788,1729960500,1153,1227
2027,Codeforces Round 982 (Div. 2),muser,4788,1729960500,1062,1129
2027,Codeforces Round 982 (Div. 2),Scolileap,4788,1729960500,930,1096
2027,Codeforces Round 982 (Div. 2),alone_pig,4788,1729960500,1217,1237
2027,Codeforces Round 982 (Div. 2),pranabmishra2602,4788,1729960500,1029,1107
2027,Codeforces Round 982 (Div. 2),xhuan200,4788,1729960500,1234,1249
2027,Codeforces Round 982 (Div. 2),srk472006,4788,1729960500,1010,1094
2027,Codeforces Round 982 (Div. 2),YUANLIMaster,4788,1729960500,0,478
2027,Codeforces Round 982 (Div. 2),Cloud_Z3,4788,1729960500,1489,1440
2027,Codeforces Round 982 (Div. 2),akagrajain09,4788,1729960500,1363,1344
2027,Codeforces Round 982 (Div. 2),exdeathlight,4788,1729960500,614,899
2027,Codeforces Round 982 (Div. 2),Shivamv_99,4813,1729960500,1015,1097
2027,Codeforces Round 982 (Div. 2),Utkarsh_sharma131,4813,1729960500,1111,1162
2027,Codeforces Round 982 (Div. 2),harishrswamy1,4813,1729960500,1298,1295
2027,Codeforces Round 982 (Div. 2),Haaarsh_8104,4813,1729960500,1127,1173
2027,Codeforces Round 982 (Div. 2),alphabeta2025,4813,1729960500,1300,1297
2027,Codeforces Round 982 (Div. 2),Jiris7,4813,1729960500,693,955
2027,Codeforces Round 982 (Div. 2),ERin_cy,4813,1729960500,1247,1258
2027,Codeforces Round 982 (Div. 2),andrei_p,4813,1729960500,1571,1503
2027,Codeforces Round 982 (Div. 2),meenakshi_19,4813,1729960500,957,1059
2027,Codeforces Round 982 (Div. 2),aksharabhat,4813,1729960500,1259,1267
2027,Codeforces Round 982 (Div. 2),dsoni01,4813,1729960500,1281,1283
2027,Codeforces Round 982 (Div. 2),Ahmed_Zakaria22,4813,1729960500,1122,1169
2027,Codeforces Round 982 (Div. 2),NIKHIL_MADDELA,4813,1729960500,783,992
2027,Codeforces Round 982 (Div. 2),blackkingwow,4813,1729960500,1200,1224
2027,Codeforces Round 982 (Div. 2),shviv1,4813,1729960500,1374,1352
2027,Codeforces Round 982 (Div. 2),abhijit07cf,4813,1729960500,1309,1303
2027,Codeforces Round 982 (Div. 2),AFC2002,4813,1729960500,906,1078
2027,Codeforces Round 982 (Div. 2),Sultana_Akter,4813,1729960500,1500,1448
2027,Codeforces Round 982 (Div. 2),ishaanthenerd,4813,1729960500,1084,1199
2027,Codeforces Round 982 (Div. 2),shoesareme,4813,1729960500,431,770
2027,Codeforces Round 982 (Div. 2),Bruce_wayne__,4813,1729960500,1265,1271
2027,Codeforces Round 982 (Div. 2),Beautiful_War,4813,1729960500,1380,1357
2027,Codeforces Round 982 (Div. 2),askk27,4813,1729960500,748,995
2027,Codeforces Round 982 (Div. 2),eroinevs,4813,1729960500,1464,1420
2027,Codeforces Round 982 (Div. 2),aryan8898,4837,1729960500,0,477
2027,Codeforces Round 982 (Div. 2),DanilSh,4837,1729960500,1206,1228
2027,Codeforces Round 982 (Div. 2),anthonyjyao,4837,1729960500,1414,1382
2027,Codeforces Round 982 (Div. 2),Hossam_El-Nemr,4837,1729960500,1242,1254
2027,Codeforces Round 982 (Div. 2),Akshansh10,4837,1729960500,1073,1135
2027,Codeforces Round 982 (Div. 2),naruto77,4837,1729960500,1037,1111
2027,Codeforces Round 982 (Div. 2),eJya,4837,1729960500,1384,1359
2027,Codeforces Round 982 (Div. 2),ascia,4837,1729960500,1173,1204
2027,Codeforces Round 982 (Div. 2),ShadowMonarch23,4837,1729960500,1210,1231
2027,Codeforces Round 982 (Div. 2),gyanratan,4837,1729960500,1383,1359
2027,Codeforces Round 982 (Div. 2),saymon,4837,1729960500,1272,1276
2027,Codeforces Round 982 (Div. 2),JaiShreeKrishna11,4837,1729960500,1070,1133
2027,Codeforces Round 982 (Div. 2),matei_sirghe,4837,1729960500,1192,1218
2027,Codeforces Round 982 (Div. 2),benfraj_helmi,4837,1729960500,1224,1241
2027,Codeforces Round 982 (Div. 2),annran,4837,1729960500,0,477
2027,Codeforces Round 982 (Div. 2),shiv_am_04,4837,1729960500,820,973
2027,Codeforces Round 982 (Div. 2),Akash_Sardar,4837,1729960500,1511,1456
2027,Codeforces Round 982 (Div. 2),omkar_169,4837,1729960500,1298,1294
2027,Codeforces Round 982 (Div. 2),Xbir,4837,1729960500,1475,1428
2027,Codeforces Round 982 (Div. 2),chaihard,4837,1729960500,1419,1386
2027,Codeforces Round 982 (Div. 2),arush207,4837,1729960500,1070,1133
2027,Codeforces Round 982 (Div. 2),abhi_cf26,4837,1729960500,998,1144
2027,Codeforces Round 982 (Div. 2),bekobek2006,4837,1729960500,477,804
2027,Codeforces Round 982 (Div. 2),abhayjaiswal8688,4837,1729960500,957,1058
2027,Codeforces Round 982 (Div. 2),orangesTO,4837,1729960500,1537,1476
2027,Codeforces Round 982 (Div. 2),pavanpilla,4837,1729960500,0,477
2027,Codeforces Round 982 (Div. 2),ivan.812,4863,1729960500,1368,1347
2027,Codeforces Round 982 (Div. 2),Varshith127,4864,1729960500,1032,1107
2027,Codeforces Round 982 (Div. 2),thePointyEnd,4864,1729960500,1192,1218
2027,Codeforces Round 982 (Div. 2),devgoel901,4864,1729960500,1330,1318
2027,Codeforces Round 982 (Div. 2),BestTime,4864,1729960500,1058,1124
2027,Codeforces Round 982 (Div. 2),tb_ro,4864,1729960500,1384,1359
2027,Codeforces Round 982 (Div. 2),01hcaijiahao,4864,1729960500,1158,1193
2027,Codeforces Round 982 (Div. 2),dewanshsinghchandel,4864,1729960500,1441,1402
2027,Codeforces Round 982 (Div. 2),Qstrich,4864,1729960500,1340,1325
2027,Codeforces Round 982 (Div. 2),omarkhaled1812,4864,1729960500,1416,1383
2027,Codeforces Round 982 (Div. 2),AlgoNinja_,4864,1729960500,1248,1258
2027,Codeforces Round 982 (Div. 2),LittleGWen,4864,1729960500,1397,1369
2027,Codeforces Round 982 (Div. 2),ByteRaider,4864,1729960500,1239,1251
2027,Codeforces Round 982 (Div. 2),fy0d0r_20,4864,1729960500,1299,1295
2027,Codeforces Round 982 (Div. 2),Coffee_Maker,4864,1729960500,1055,1122
2027,Codeforces Round 982 (Div. 2),Goopy_Gyne_Bagha_Byne,4864,1729960500,1342,1327
2027,Codeforces Round 982 (Div. 2),calc_kt,4864,1729960500,1387,1361
2027,Codeforces Round 982 (Div. 2),TheAnt,4864,1729960500,1390,1363
2027,Codeforces Round 982 (Div. 2),Chess_Addict,4864,1729960500,1196,1256
2027,Codeforces Round 982 (Div. 2),awesohame,4864,1729960500,1299,1295
2027,Codeforces Round 982 (Div. 2),shohag.shadow,4864,1729960500,1370,1348
2027,Codeforces Round 982 (Div. 2),kannapulokeshreddy82,4864,1729960500,739,925
2027,Codeforces Round 982 (Div. 2),saramfho_404,4885,1729960500,524,839
2027,Codeforces Round 982 (Div. 2),meet27,4886,1729960500,1033,1107
2027,Codeforces Round 982 (Div. 2),SlavaGabrielyan,4886,1729960500,827,976
2027,Codeforces Round 982 (Div. 2),Ride_D_Light,4886,1729960500,0,476
2027,Codeforces Round 982 (Div. 2),fonikos01,4886,1729960500,1685,1590
2027,Codeforces Round 982 (Div. 2),22r01a7319,4886,1729960500,792,955
2027,Codeforces Round 982 (Div. 2),Frank000,4886,1729960500,1303,1297
2027,Codeforces Round 982 (Div. 2),Dipto.4D,4886,1729960500,1099,1151
2027,Codeforces Round 982 (Div. 2),madhavkulkarni184,4886,1729960500,389,737
2027,Codeforces Round 982 (Div. 2),Destroyer69,4886,1729960500,1283,1283
2027,Codeforces Round 982 (Div. 2),GEM_Dengshiying,4886,1729960500,1458,1414
2027,Codeforces Round 982 (Div. 2),Studycode001,4886,1729960500,1053,1174
2027,Codeforces Round 982 (Div. 2),sktt1Faker,4886,1729960500,1577,1506
2027,Codeforces Round 982 (Div. 2),vanshdvn2505,4886,1729960500,1296,1292
2027,Codeforces Round 982 (Div. 2),N_gel,4886,1729960500,960,1059
2027,Codeforces Round 982 (Div. 2),Sakshamjain545,4886,1729960500,1269,1272
2027,Codeforces Round 982 (Div. 2),Dev_Mehta24,4886,1729960500,652,924
2027,Codeforces Round 982 (Div. 2),banziya,4886,1729960500,1072,1133
2027,Codeforces Round 982 (Div. 2),boomchikababu,4886,1729960500,1237,1249
2027,Codeforces Round 982 (Div. 2),smf,4886,1729960500,1216,1234
2027,Codeforces Round 982 (Div. 2),aditya8128,4886,1729960500,1089,1145
2027,Codeforces Round 982 (Div. 2),SIDNAIN,4886,1729960500,1199,1222
2027,Codeforces Round 982 (Div. 2),Alexey_Parsh,4886,1729960500,1663,1573
2027,Codeforces Round 982 (Div. 2),execute,4886,1729960500,987,1076
2027,Codeforces Round 982 (Div. 2),yuanhen...,4886,1729960500,893,1048
2027,Codeforces Round 982 (Div. 2),nameyyyyyc,4886,1729960500,704,961
2027,Codeforces Round 982 (Div. 2),devbhutani10,4886,1729960500,1151,1188
2027,Codeforces Round 982 (Div. 2),Daksh_Pandey123,4886,1729960500,1052,1119
2027,Codeforces Round 982 (Div. 2),Hamza_28,4913,1729960500,1284,1283
2027,Codeforces Round 982 (Div. 2),NerfThis,4913,1729960500,1452,1410
2027,Codeforces Round 982 (Div. 2),mdeasintuha,4915,1729960500,1141,1180
2027,Codeforces Round 982 (Div. 2),UndrEstM8ed_Beast,4915,1729960500,1393,1365
2027,Codeforces Round 982 (Div. 2),Sanat0412,4915,1729960500,1304,1298
2027,Codeforces Round 982 (Div. 2),Ahamed_Mosa,4915,1729960500,1146,1183
2027,Codeforces Round 982 (Div. 2),abhaystiwari,4915,1729960500,1151,1259
2027,Codeforces Round 982 (Div. 2),fouadhawary,4915,1729960500,1096,1149
2027,Codeforces Round 982 (Div. 2),3_days,4915,1729960500,977,1102
2027,Codeforces Round 982 (Div. 2),Shivansh--,4915,1729960500,1147,1184
2027,Codeforces Round 982 (Div. 2),Garvit_00001,4915,1729960500,1256,1262
2027,Codeforces Round 982 (Div. 2),Ewilipsic,4915,1729960500,1199,1221
2027,Codeforces Round 982 (Div. 2),typrist,4915,1729960500,0,475
2027,Codeforces Round 982 (Div. 2),Xue_Gaoy,4915,1729960500,1135,1176
2027,Codeforces Round 982 (Div. 2),Unnati_s,4915,1729960500,1055,1121
2027,Codeforces Round 982 (Div. 2),T-raveler,4915,1729960500,0,475
2027,Codeforces Round 982 (Div. 2),HuynhMinh,4915,1729960500,1147,1184
2027,Codeforces Round 982 (Div. 2),Sum1ran,4915,1729960500,1191,1251
2027,Codeforces Round 982 (Div. 2),racoder_1,4915,1729960500,1249,1257
2027,Codeforces Round 982 (Div. 2),gagarinkomar,4915,1729960500,1465,1419
2027,Codeforces Round 982 (Div. 2),maheshc1,4915,1729960500,1723,1619
2027,Codeforces Round 982 (Div. 2),ravipatel,4915,1729960500,1302,1296
2027,Codeforces Round 982 (Div. 2),Coder_Chatur,4915,1729960500,1363,1342
2027,Codeforces Round 982 (Div. 2),hg3141,4915,1729960500,902,1109
2027,Codeforces Round 982 (Div. 2),akashpaloju,4915,1729960500,1014,1093
2027,Codeforces Round 982 (Div. 2),Safan05,4938,1729960500,1236,1248
2027,Codeforces Round 982 (Div. 2),motttttt,4939,1729960500,574,867
2027,Codeforces Round 982 (Div. 2),DarkHome,4939,1729960500,1156,1190
2027,Codeforces Round 982 (Div. 2),ThandaPrani,4939,1729960500,1391,1363
2027,Codeforces Round 982 (Div. 2),prathamesh_204,4939,1729960500,1368,1345
2027,Codeforces Round 982 (Div. 2),Final_race,4939,1729960500,1439,1399
2027,Codeforces Round 982 (Div. 2),zc_cf,4939,1729960500,1224,1275
2027,Codeforces Round 982 (Div. 2),sohagbeginner_07,4939,1729960500,935,1041
2027,Codeforces Round 982 (Div. 2),S_Sen,4939,1729960500,1107,1156
2027,Codeforces Round 982 (Div. 2),Saketh_Komirishetty,4939,1729960500,1077,1135
2027,Codeforces Round 982 (Div. 2),Kanata18,4939,1729960500,1109,1157
2027,Codeforces Round 982 (Div. 2),Zpk9blm,4939,1729960500,388,735
2027,Codeforces Round 982 (Div. 2),f20220057,4939,1729960500,937,1043
2027,Codeforces Round 982 (Div. 2),redcapp,4939,1729960500,1419,1384
2027,Codeforces Round 982 (Div. 2),NLHD_187,4939,1729960500,1370,1346
2027,Codeforces Round 982 (Div. 2),ShashankGupta,4939,1729960500,1281,1280
2027,Codeforces Round 982 (Div. 2),Raystar,4939,1729960500,1022,1098
2027,Codeforces Round 982 (Div. 2),hesoyam98,4939,1729960500,975,1165
2027,Codeforces Round 982 (Div. 2),noobnocap,4939,1729960500,1204,1224
2027,Codeforces Round 982 (Div. 2),bettercallaman,4939,1729960500,1179,1206
2027,Codeforces Round 982 (Div. 2),knapik,4939,1729960500,1550,1484
2027,Codeforces Round 982 (Div. 2),master_fuad,4939,1729960500,1070,1130
2027,Codeforces Round 982 (Div. 2),ayushydv23,4939,1729960500,1107,1156
2027,Codeforces Round 982 (Div. 2),sheesh2,4939,1729960500,1097,1149
2027,Codeforces Round 982 (Div. 2),Prateek_Agarwal,4939,1729960500,1218,1234
2027,Codeforces Round 982 (Div. 2),HugoSIPG,4939,1729960500,1364,1342
2027,Codeforces Round 982 (Div. 2),noxious_tab,4964,1729960500,1327,1313
2027,Codeforces Round 982 (Div. 2),newhandone,4964,1729960500,1282,1280
2027,Codeforces Round 982 (Div. 2),aniket_deore,4964,1729960500,1300,1331
2027,Codeforces Round 982 (Div. 2),aksharpathak897,4964,1729960500,981,1070
2027,Codeforces Round 982 (Div. 2),Little-Fairy,4964,1729960500,1012,1091
2027,Codeforces Round 982 (Div. 2),Ferdousi_53,4964,1729960500,1134,1174
2027,Codeforces Round 982 (Div. 2),Tulip,4964,1729960500,1200,1221
2027,Codeforces Round 982 (Div. 2),launchcf,4964,1729960500,1135,1174
2027,Codeforces Round 982 (Div. 2),abhiofficial1729,4964,1729960500,1425,1387
2027,Codeforces Round 982 (Div. 2),ayush541979,4964,1729960500,1160,1192
2027,Codeforces Round 982 (Div. 2),atharrizwan,4964,1729960500,1269,1271
2027,Codeforces Round 982 (Div. 2),Yootoo,4964,1729960500,1180,1206
2027,Codeforces Round 982 (Div. 2),vakadamukeshkumar,4964,1729960500,1330,1316
2027,Codeforces Round 982 (Div. 2),binary_turtle,4964,1729960500,1155,1189
2027,Codeforces Round 982 (Div. 2),Xiao_H,4964,1729960500,988,1075
2027,Codeforces Round 982 (Div. 2),ucf_26,4964,1729960500,1208,1227
2027,Codeforces Round 982 (Div. 2),siddiqa,4964,1729960500,1074,1132
2027,Codeforces Round 982 (Div. 2),TengK,4964,1729960500,1196,1218
2027,Codeforces Round 982 (Div. 2),akranjan007,4964,1729960500,879,1006
2027,Codeforces Round 982 (Div. 2),atorio,4964,1729960500,1279,1278
2027,Codeforces Round 982 (Div. 2),microperson,4964,1729960500,1192,1215
2027,Codeforces Round 982 (Div. 2),zetrocodes,4964,1729960500,1020,1096
2027,Codeforces Round 982 (Div. 2),adithya19,4964,1729960500,1271,1272
2027,Codeforces Round 982 (Div. 2),Aniyadream,4964,1729960500,1035,1106
2027,Codeforces Round 982 (Div. 2),neov5,4964,1729960500,1595,1519
2027,Codeforces Round 982 (Div. 2),its-me-Akshay,4964,1729960500,1142,1179
2027,Codeforces Round 982 (Div. 2),_j.himansh,4964,1729960500,819,969
2027,Codeforces Round 982 (Div. 2),void_Farid,4991,1729960500,1288,1284
2027,Codeforces Round 982 (Div. 2),singhvigyat,4991,1729960500,1045,1146
2027,Codeforces Round 982 (Div. 2),Diz_J,4991,1729960500,396,740
2027,Codeforces Round 982 (Div. 2),orangejacket,4991,1729960500,1506,1450
2027,Codeforces Round 982 (Div. 2),Ayariyanam,4991,1729960500,1177,1204
2027,Codeforces Round 982 (Div. 2),LJN-DSG,4991,1729960500,399,742
2027,Codeforces Round 982 (Div. 2),cuong00000000000,4991,1729960500,762,1002
2027,Codeforces Round 982 (Div. 2),DEV-endra,4991,1729960500,1250,1256
2027,Codeforces Round 982 (Div. 2),saltvik,4991,1729960500,1198,1219
2027,Codeforces Round 982 (Div. 2),ankitraj036,4991,1729960500,934,1040
2027,Codeforces Round 982 (Div. 2),Tsai,4991,1729960500,1151,1257
2027,Codeforces Round 982 (Div. 2),gafgadfdfvswe,4991,1729960500,1195,1253
2027,Codeforces Round 982 (Div. 2),SkyWing1,4991,1729960500,789,951
2027,Codeforces Round 982 (Div. 2),kindasomethin,4991,1729960500,1285,1282
2027,Codeforces Round 982 (Div. 2),Grieg,4991,1729960500,1439,1398
2027,Codeforces Round 982 (Div. 2),ttakk,4991,1729960500,1406,1373
2027,Codeforces Round 982 (Div. 2),G_Penchev,4991,1729960500,1102,1151
2027,Codeforces Round 982 (Div. 2),saurabhGupta2,4991,1729960500,1157,1189
2027,Codeforces Round 982 (Div. 2),Hanggoash,4991,1729960500,1335,1319
2027,Codeforces Round 982 (Div. 2),saketbyte,4991,1729960500,1177,1204
2027,Codeforces Round 982 (Div. 2),siddheshkotwal,4991,1729960500,1174,1201
2027,Codeforces Round 982 (Div. 2),kumar.299,5012,1729960500,1082,1137
2027,Codeforces Round 982 (Div. 2),rawnak11,5012,1729960500,1144,1180
2027,Codeforces Round 982 (Div. 2),whysomad,5012,1729960500,931,1037
2027,Codeforces Round 982 (Div. 2),Charleszzy,5012,1729960500,1027,1154
2027,Codeforces Round 982 (Div. 2),shreyas_17,5012,1729960500,840,981
2027,Codeforces Round 982 (Div. 2),XmHz,5012,1729960500,1022,1096
2027,Codeforces Round 982 (Div. 2),Alonso_zz,5012,1729960500,982,1070
2027,Codeforces Round 982 (Div. 2),minuki646,5012,1729960500,1203,1222
2027,Codeforces Round 982 (Div. 2),aniketmangal,5012,1729960500,1023,1097
2027,Codeforces Round 982 (Div. 2),tnpzzz03,5012,1729960500,1043,1110
2027,Codeforces Round 982 (Div. 2),lkyswd,5012,1729960500,1124,1237
2027,Codeforces Round 982 (Div. 2),lilya123_-,5012,1729960500,1047,1147
2027,Codeforces Round 982 (Div. 2),rishabh__2005,5012,1729960500,1192,1214
2027,Codeforces Round 982 (Div. 2),1tea1,5012,1729960500,1286,1282
2027,Codeforces Round 982 (Div. 2),stevestarc16,5026,1729960500,1079,1134
2027,Codeforces Round 982 (Div. 2),avinesh22,5026,1729960500,1167,1196
2027,Codeforces Round 982 (Div. 2),bkdn24.HT_KAISRTIA,5026,1729960500,1020,1095
2027,Codeforces Round 982 (Div. 2),ItzHieu,5026,1729960500,928,1035
2027,Codeforces Round 982 (Div. 2),Platon_Bogdan,5026,1729960500,878,1004
2027,Codeforces Round 982 (Div. 2),DaksshDixit09,5026,1729960500,1035,1105
2027,Codeforces Round 982 (Div. 2),Farhad_Ackerman,5026,1729960500,1066,1126
2027,Codeforces Round 982 (Div. 2),RF-2035,5026,1729960500,1336,1319
2027,Codeforces Round 982 (Div. 2),mssaketsaii45,5026,1729960500,1319,1306
2027,Codeforces Round 982 (Div. 2),olimp666,5026,1729960500,1190,1248
2027,Codeforces Round 982 (Div. 2),Zeno07,5026,1729960500,1637,1550
2027,Codeforces Round 982 (Div. 2),rock0fages,5026,1729960500,1087,1140
2027,Codeforces Round 982 (Div. 2),YashGoyal,5026,1729960500,1113,1158
2027,Codeforces Round 982 (Div. 2),omsinghhbtu,5026,1729960500,1273,1272
2027,Codeforces Round 982 (Div. 2),LobanFS,5026,1729960500,1237,1246
2027,Codeforces Round 982 (Div. 2),coordinatebash,5026,1729960500,0,473
2027,Codeforces Round 982 (Div. 2),Serial_Chiller,5026,1729960500,1049,1114
2027,Codeforces Round 982 (Div. 2),ool,5026,1729960500,1143,1179
2027,Codeforces Round 982 (Div. 2),Rehabsobhy9,5044,1729960500,837,978
2027,Codeforces Round 982 (Div. 2),xiao14ren,5045,1729960500,942,1043
2027,Codeforces Round 982 (Div. 2),King_lsyuan,5045,1729960500,1167,1195
2027,Codeforces Round 982 (Div. 2),utkarshletter,5045,1729960500,1178,1203
2027,Codeforces Round 982 (Div. 2),Himanshu_Yadav94,5045,1729960500,965,1058
2027,Codeforces Round 982 (Div. 2),lalitx17,5045,1729960500,1104,1151
2027,Codeforces Round 982 (Div. 2),meeeet,5045,1729960500,1177,1203
2027,Codeforces Round 982 (Div. 2),ducdung2k5,5045,1729960500,1400,1367
2027,Codeforces Round 982 (Div. 2),nvesc07,5045,1729960500,951,1049
2027,Codeforces Round 982 (Div. 2),hnust_lianghan,5045,1729960500,1562,1491
2027,Codeforces Round 982 (Div. 2),jitendra.kumar.cer22,5045,1729960500,0,472
2027,Codeforces Round 982 (Div. 2),2233_,5045,1729960500,0,472
2027,Codeforces Round 982 (Div. 2),chamgadad,5045,1729960500,904,1072
2027,Codeforces Round 982 (Div. 2),ChaBlaSauR,5045,1729960500,0,472
2027,Codeforces Round 982 (Div. 2),mihikas02,5045,1729960500,1183,1207
2027,Codeforces Round 982 (Div. 2),YC_Huo,5045,1729960500,1227,1238
2027,Codeforces Round 982 (Div. 2),subcoder,5045,1729960500,1189,1211
2027,Codeforces Round 982 (Div. 2),Rakesh_Kedia,5045,1729960500,1202,1220
2027,Codeforces Round 982 (Div. 2),Pavlo,5045,1729960500,953,1050
2027,Codeforces Round 982 (Div. 2),barbarBrick,5045,1729960500,574,874
2027,Codeforces Round 982 (Div. 2),Guerrerod14,5045,1729960500,1069,1127
2027,Codeforces Round 982 (Div. 2),TysonDemonssmurf,5045,1729960500,1023,1096
2027,Codeforces Round 982 (Div. 2),Siva_Keerthan,5045,1729960500,987,1072
2027,Codeforces Round 982 (Div. 2),pranav3229,5045,1729960500,1153,1185
2027,Codeforces Round 982 (Div. 2),ronakmandavia,5045,1729960500,1165,1194
2027,Codeforces Round 982 (Div. 2),LI-ZJ,5045,1729960500,473,797
2027,Codeforces Round 982 (Div. 2),zagnoli,5045,1729960500,1560,1490
2027,Codeforces Round 982 (Div. 2),minhtq05,5045,1729960500,1367,1342
2027,Codeforces Round 982 (Div. 2),Sadnur_Islam,5072,1729960500,1286,1281
2027,Codeforces Round 982 (Div. 2),lixworth,5072,1729960500,982,1069
2027,Codeforces Round 982 (Div. 2),_Ahmed_Salah,5072,1729960500,1148,1181
2027,Codeforces Round 982 (Div. 2),wisdom_grass,5072,1729960500,1242,1249
2027,Codeforces Round 982 (Div. 2),aks2024,5072,1729960500,1088,1208
2027,Codeforces Round 982 (Div. 2),Sid_the_Icyy_Sloth,5072,1729960500,1201,1219
2027,Codeforces Round 982 (Div. 2),bananik338,5072,1729960500,1353,1331
2027,Codeforces Round 982 (Div. 2),siddharthayed,5072,1729960500,897,1061
2027,Codeforces Round 982 (Div. 2),BLUmOOn,5072,1729960500,1233,1242
2027,Codeforces Round 982 (Div. 2),Hungrywolf754,5072,1729960500,360,712
2027,Codeforces Round 982 (Div. 2),Vatan,5072,1729960500,1067,1125
2027,Codeforces Round 982 (Div. 2),Suman_Mandol,5072,1729960500,1165,1193
2027,Codeforces Round 982 (Div. 2),bkdn24.DuongNguyen02,5072,1729960500,1035,1103
2027,Codeforces Round 982 (Div. 2),prince_raj123,5072,1729960500,1183,1206
2027,Codeforces Round 982 (Div. 2),Parth1636,5072,1729960500,1162,1191
2027,Codeforces Round 982 (Div. 2),DSTycoon,5072,1729960500,1080,1134
2027,Codeforces Round 982 (Div. 2),Mohammad_Aljedi,5072,1729960500,1326,1311
2027,Codeforces Round 982 (Div. 2),sleepyboi,5072,1729960500,1331,1314
2027,Codeforces Round 982 (Div. 2),THAT_1_PER_CENT_OF_MINE,5072,1729960500,1288,1282
2027,Codeforces Round 982 (Div. 2),amanofficial347,5072,1729960500,985,1070
2027,Codeforces Round 982 (Div. 2),its_vk,5072,1729960500,1505,1447
2027,Codeforces Round 982 (Div. 2),keshav003,5072,1729960500,1279,1276
2027,Codeforces Round 982 (Div. 2),TCS_Bhediya,5072,1729960500,1260,1262
2027,Codeforces Round 982 (Div. 2),psg_19,5072,1729960500,1343,1323
2027,Codeforces Round 982 (Div. 2),Eiamin_Hassan,5072,1729960500,810,961
2027,Codeforces Round 982 (Div. 2),1.e4,5097,1729960500,1253,1256
2027,Codeforces Round 982 (Div. 2),S_K_SINGH,5097,1729960500,516,829
2027,Codeforces Round 982 (Div. 2),vivek.28,5097,1729960500,940,1073
2027,Codeforces Round 982 (Div. 2),lmaoaadiez,5097,1729960500,1255,1258
2027,Codeforces Round 982 (Div. 2),TERRA2k5,5097,1729960500,1184,1206
2027,Codeforces Round 982 (Div. 2),naman__02,5097,1729960500,1060,1120
2027,Codeforces Round 982 (Div. 2),cats_lover8103,5097,1729960500,464,790
2027,Codeforces Round 982 (Div. 2),AgrimGoyal,5097,1729960500,1287,1281
2027,Codeforces Round 982 (Div. 2),Milan_Prajapati,5097,1729960500,1076,1131
2027,Codeforces Round 982 (Div. 2),iknkai,5097,1729960500,941,1041
2027,Codeforces Round 982 (Div. 2),I_love_humingyu,5097,1729960500,1210,1225
2027,Codeforces Round 982 (Div. 2),rahmanmehraj627,5108,1729960500,1139,1174
2027,Codeforces Round 982 (Div. 2),Ceamin22,5108,1729960500,1160,1189
2027,Codeforces Round 982 (Div. 2),_jaynill.g,5108,1729960500,1109,1153
2027,Codeforces Round 982 (Div. 2),bharathn97,5108,1729960500,879,1002
2027,Codeforces Round 982 (Div. 2),atishay_j.47,5108,1729960500,1101,1148
2027,Codeforces Round 982 (Div. 2),if-then-explorer,5108,1729960500,1211,1225
2027,Codeforces Round 982 (Div. 2),rAUGer,5108,1729960500,1146,1179
2027,Codeforces Round 982 (Div. 2),deathC,5108,1729960500,1080,1133
2027,Codeforces Round 982 (Div. 2),aastha_kandwal9,5108,1729960500,1196,1215
2027,Codeforces Round 982 (Div. 2),anshswaroop14,5108,1729960500,934,1086
2027,Codeforces Round 982 (Div. 2),zx_zxuan,5108,1729960500,725,910
2027,Codeforces Round 982 (Div. 2),naghamalghazoul,5108,1729960500,980,1066
2027,Codeforces Round 982 (Div. 2),Md_Anas_Ali_Usmani,5108,1729960500,1069,1160
2027,Codeforces Round 982 (Div. 2),mhmohamed977,5108,1729960500,747,988
2027,Codeforces Round 982 (Div. 2),rushvl,5108,1729960500,705,957
2027,Codeforces Round 982 (Div. 2),Arnav17,5108,1729960500,1230,1239
2027,Codeforces Round 982 (Div. 2),vaibhavseksaria,5124,1729960500,1241,1247
2027,Codeforces Round 982 (Div. 2),Granger,5124,1729960500,1323,1307
2027,Codeforces Round 982 (Div. 2),TTM_110,5124,1729960500,1152,1183
2027,Codeforces Round 982 (Div. 2),A_b_h_i_s_h_e_k_,5124,1729960500,1130,1167
2027,Codeforces Round 982 (Div. 2),CodeGeass00,5124,1729960500,1094,1142
2027,Codeforces Round 982 (Div. 2),anish10belel,5124,1729960500,1302,1292
2027,Codeforces Round 982 (Div. 2),tj_cf,5124,1729960500,1236,1243
2027,Codeforces Round 982 (Div. 2),leo_pu,5124,1729960500,1185,1206
2027,Codeforces Round 982 (Div. 2),worst_ever,5124,1729960500,1078,1131
2027,Codeforces Round 982 (Div. 2),Hastie,5124,1729960500,1377,1348
2027,Codeforces Round 982 (Div. 2),drowsey_pirate,5124,1729960500,469,792
2027,Codeforces Round 982 (Div. 2),FredLin,5124,1729960500,1173,1198
2027,Codeforces Round 982 (Div. 2),mayank_manas,5124,1729960500,1329,1312
2027,Codeforces Round 982 (Div. 2),yjoshi,5124,1729960500,1134,1170
2027,Codeforces Round 982 (Div. 2),Semi-Devil,5124,1729960500,1419,1380
2027,Codeforces Round 982 (Div. 2),Ayush_ece,5124,1729960500,1070,1126
2027,Codeforces Round 982 (Div. 2),Vishwanath777,5124,1729960500,1073,1128
2027,Codeforces Round 982 (Div. 2),maniac01,5124,1729960500,1297,1288
2027,Codeforces Round 982 (Div. 2),vansh-16,5124,1729960500,1283,1277
2027,Codeforces Round 982 (Div. 2),Raghad,5124,1729960500,1304,1293
2027,Codeforces Round 982 (Div. 2),kathiriyavrushabh0702,5124,1729960500,1009,1085
2027,Codeforces Round 982 (Div. 2),DevPB,5124,1729960500,1100,1146
2027,Codeforces Round 982 (Div. 2),Legendary_45,5124,1729960500,908,1019
2027,Codeforces Round 982 (Div. 2),sunnny.nitnaware,5124,1729960500,1034,1101
2027,Codeforces Round 982 (Div. 2),Camouflage_86,5124,1729960500,1161,1189
2027,Codeforces Round 982 (Div. 2),ojass_1,5124,1729960500,1176,1200
2027,Codeforces Round 982 (Div. 2),nthatall,5150,1729960500,1182,1263
2027,Codeforces Round 982 (Div. 2),Accclk,5150,1729960500,1011,1119
2027,Codeforces Round 982 (Div. 2),akdaww,5150,1729960500,1188,1208
2027,Codeforces Round 982 (Div. 2),iota_skill,5150,1729960500,1052,1179
2027,Codeforces Round 982 (Div. 2),aarb_.tomatexd,5150,1729960500,1131,1203
2027,Codeforces Round 982 (Div. 2),felpz,5150,1729960500,1143,1211
2027,Codeforces Round 982 (Div. 2),ankur_ankur,5150,1729960500,1125,1163
2027,Codeforces Round 982 (Div. 2),Mdxdldm,5150,1729960500,1115,1191
2027,Codeforces Round 982 (Div. 2),Jaswanth_Prudhvi,5150,1729960500,1312,1299
2027,Codeforces Round 982 (Div. 2),fata013,5150,1729960500,1115,1156
2027,Codeforces Round 982 (Div. 2),JobairHasib,5150,1729960500,1467,1416
2027,Codeforces Round 982 (Div. 2),rushigaikwad7898,5150,1729960500,1021,1092
2027,Codeforces Round 982 (Div. 2),Flo4004,5150,1729960500,1096,1143
2027,Codeforces Round 982 (Div. 2),Matong123,5150,1729960500,954,1048
2027,Codeforces Round 982 (Div. 2),zordxd170705,5150,1729960500,1133,1169
2027,Codeforces Round 982 (Div. 2),manash2042003,5150,1729960500,1109,1209
2027,Codeforces Round 982 (Div. 2),posthellar,5150,1729960500,1141,1174
2027,Codeforces Round 982 (Div. 2),baklol_coder,5150,1729960500,1049,1111
2027,Codeforces Round 982 (Div. 2),proprogrammer1,5150,1729960500,1080,1188
2027,Codeforces Round 982 (Div. 2),MilanThePleb,5150,1729960500,1102,1147
2027,Codeforces Round 982 (Div. 2),niu-bi,5150,1729960500,1205,1220
2027,Codeforces Round 982 (Div. 2),Hussain_Elemam,5171,1729960500,1339,1319
2027,Codeforces Round 982 (Div. 2),yuyunrucheng,5171,1729960500,1138,1172
2027,Codeforces Round 982 (Div. 2),pagol,5171,1729960500,1281,1275
2027,Codeforces Round 982 (Div. 2),Manas_P,5171,1729960500,1115,1156
2027,Codeforces Round 982 (Div. 2),shivamind,5171,1729960500,1273,1269
2027,Codeforces Round 982 (Div. 2),guru1312,5171,1729960500,1337,1316
2027,Codeforces Round 982 (Div. 2),Ayush2272,5171,1729960500,1610,1527
2027,Codeforces Round 982 (Div. 2),Hasib.13,5171,1729960500,1293,1284
2027,Codeforces Round 982 (Div. 2),mxplerin,5171,1729960500,1286,1279
2027,Codeforces Round 982 (Div. 2),Amor_Mousa,5171,1729960500,1021,1091
2027,Codeforces Round 982 (Div. 2),KTTKas,5171,1729960500,0,470
2027,Codeforces Round 982 (Div. 2),the_kevat,5171,1729960500,1254,1255
2027,Codeforces Round 982 (Div. 2),lucaminiati,5171,1729960500,1298,1288
2027,Codeforces Round 982 (Div. 2),samarthnegi,5171,1729960500,1152,1182
2027,Codeforces Round 982 (Div. 2),vadlamudinithinnaidu,5171,1729960500,1094,1141
2027,Codeforces Round 982 (Div. 2),KrAuAg,5171,1729960500,1070,1125
2027,Codeforces Round 982 (Div. 2),HabibaSS,5171,1729960500,1103,1147
2027,Codeforces Round 982 (Div. 2),Rohan.baghel.2138,5171,1729960500,454,780
2027,Codeforces Round 982 (Div. 2),lemaclo,5171,1729960500,1423,1382
2027,Codeforces Round 982 (Div. 2),mobakry616,5171,1729960500,1076,1129
2027,Codeforces Round 982 (Div. 2),I_plus_chchuka_is_love,5171,1729960500,752,991
2027,Codeforces Round 982 (Div. 2),abhiraj_CF,5171,1729960500,362,711
2027,Codeforces Round 982 (Div. 2),Subhash17,5193,1729960500,1707,1603
2027,Codeforces Round 982 (Div. 2),spacecowboy03,5193,1729960500,1209,1222
2027,Codeforces Round 982 (Div. 2),cheezburger,5193,1729960500,1527,1462
2027,Codeforces Round 982 (Div. 2),30SK5,5193,1729960500,1496,1438
2027,Codeforces Round 982 (Div. 2),BoyToy269,5197,1729960500,1029,1096
2027,Codeforces Round 982 (Div. 2),VigneshwaranMahadevan,5197,1729960500,1316,1300
2027,Codeforces Round 982 (Div. 2),King_O2,5197,1729960500,887,1036
2027,Codeforces Round 982 (Div. 2),sumitkumar121413,5197,1729960500,1388,1355
2027,Codeforces Round 982 (Div. 2),curious_ninja,5197,1729960500,0,469
2027,Codeforces Round 982 (Div. 2),ahanaf101,5197,1729960500,1227,1235
2027,Codeforces Round 982 (Div. 2),shai_tan,5197,1729960500,1062,1118
2027,Codeforces Round 982 (Div. 2),lithiumpilled,5197,1729960500,1215,1226
2027,Codeforces Round 982 (Div. 2),HIMANSHUKLA01,5197,1729960500,1051,1111
2027,Codeforces Round 982 (Div. 2),shivam30csk,5197,1729960500,1208,1221
2027,Codeforces Round 982 (Div. 2),yanK,5197,1729960500,1161,1187
2027,Codeforces Round 982 (Div. 2),Fail_2,5197,1729960500,1170,1194
2027,Codeforces Round 982 (Div. 2),kong_mda,5197,1729960500,1043,1161
2027,Codeforces Round 982 (Div. 2),venkatasaikarthik2006,5197,1729960500,1288,1280
2027,Codeforces Round 982 (Div. 2),Picassooo,5197,1729960500,1283,1276
2027,Codeforces Round 982 (Div. 2),amrit_raj_27,5197,1729960500,955,1047
2027,Codeforces Round 982 (Div. 2),huhridge,5197,1729960500,1021,1091
2027,Codeforces Round 982 (Div. 2),thanglieu2,5197,1729960500,490,807
2027,Codeforces Round 982 (Div. 2),_anik,5197,1729960500,1283,1276
2027,Codeforces Round 982 (Div. 2),ZeroPotential,5197,1729960500,1178,1200
2027,Codeforces Round 982 (Div. 2),PTY_Bertram,5197,1729960500,1142,1174
2027,Codeforces Round 982 (Div. 2),__DopamIne,5197,1729960500,1249,1251
2027,Codeforces Round 982 (Div. 2),naman14nov,5197,1729960500,1048,1109
2027,Codeforces Round 982 (Div. 2),ignesesi,5220,1729960500,1140,1173
2027,Codeforces Round 982 (Div. 2),Jeresalen,5221,1729960500,1495,1436
2027,Codeforces Round 982 (Div. 2),__Heisen_berg,5221,1729960500,1337,1316
2027,Codeforces Round 982 (Div. 2),momo_not_cry,5221,1729960500,1189,1207
2027,Codeforces Round 982 (Div. 2),bhavya-18,5221,1729960500,1403,1366
2027,Codeforces Round 982 (Div. 2),pranaysinganalli2,5221,1729960500,1174,1196
2027,Codeforces Round 982 (Div. 2),MR.Kaka87,5221,1729960500,1185,1204
2027,Codeforces Round 982 (Div. 2),JesterKing,5221,1729960500,1132,1166
2027,Codeforces Round 982 (Div. 2),_rohan019,5221,1729960500,1173,1195
2027,Codeforces Round 982 (Div. 2),ambassador,5221,1729960500,1209,1222
2027,Codeforces Round 982 (Div. 2),El7abal,5221,1729960500,1146,1176
2027,Codeforces Round 982 (Div. 2),6Ocean9,5221,1729960500,1099,1178
2027,Codeforces Round 982 (Div. 2),shyam_raval,5221,1729960500,1056,1114
2027,Codeforces Round 982 (Div. 2),sineazz,5221,1729960500,0,469
2027,Codeforces Round 982 (Div. 2),sktodow,5221,1729960500,1195,1211
2027,Codeforces Round 982 (Div. 2),niu-bi1,5221,1729960500,637,905
2027,Codeforces Round 982 (Div. 2),vivek2997,5221,1729960500,1207,1220
2027,Codeforces Round 982 (Div. 2),CFzhangchao,5221,1729960500,1287,1278
2027,Codeforces Round 982 (Div. 2),lilili_peter,5221,1729960500,373,718
2027,Codeforces Round 982 (Div. 2),samsooong,5221,1729960500,886,1003
2027,Codeforces Round 982 (Div. 2),dancingby,5221,1729960500,437,766
2027,Codeforces Round 982 (Div. 2),shailendrasahu62615,5221,1729960500,1166,1190
2027,Codeforces Round 982 (Div. 2),vidhyadhar9,5221,1729960500,1216,1226
2027,Codeforces Round 982 (Div. 2),mos9527,5221,1729960500,1326,1307
2027,Codeforces Round 982 (Div. 2),meetjpatel017,5221,1729960500,1093,1139
2027,Codeforces Round 982 (Div. 2),tendo_satori,5221,1729960500,1221,1230
2027,Codeforces Round 982 (Div. 2),pyoro,5246,1729960500,1210,1222
2027,Codeforces Round 982 (Div. 2),sarbojit_007,5246,1729960500,1276,1270
2027,Codeforces Round 982 (Div. 2),Depressed_BoyHADI,5246,1729960500,1020,1089
2027,Codeforces Round 982 (Div. 2),ntom_ok,5246,1729960500,1123,1160
2027,Codeforces Round 982 (Div. 2),aman_xone,5246,1729960500,1384,1351
2027,Codeforces Round 982 (Div. 2),asns,5246,1729960500,0,469
2027,Codeforces Round 982 (Div. 2),Hueyyyy,5246,1729960500,412,747
2027,Codeforces Round 982 (Div. 2),gauravsharmaop,5246,1729960500,1187,1205
2027,Codeforces Round 982 (Div. 2),yk77,5246,1729960500,1088,1247
2027,Codeforces Round 982 (Div. 2),Star_pikachu,5246,1729960500,1094,1196
2027,Codeforces Round 982 (Div. 2),Legendary_king,5246,1729960500,1198,1213
2027,Codeforces Round 982 (Div. 2),Hehe_Noob,5246,1729960500,1135,1168
2027,Codeforces Round 982 (Div. 2),Error_404--_--,5246,1729960500,1101,1144
2027,Codeforces Round 982 (Div. 2),Vishalk_720,5246,1729960500,1119,1157
2027,Codeforces Round 982 (Div. 2),saiful_islam_bk,5246,1729960500,1265,1261
2027,Codeforces Round 982 (Div. 2),WTrungs,5246,1729960500,1391,1357
2027,Codeforces Round 982 (Div. 2),haman_pakrah87,5246,1729960500,1099,1143
2027,Codeforces Round 982 (Div. 2),Mamba_AI,5246,1729960500,1135,1168
2027,Codeforces Round 982 (Div. 2),Falguni_Arna,5246,1729960500,1197,1212
2027,Codeforces Round 982 (Div. 2),vulestamenkovic,5265,1729960500,1177,1198
2027,Codeforces Round 982 (Div. 2),White-Fox,5266,1729960500,1143,1173
2027,Codeforces Round 982 (Div. 2),Mrinall,5266,1729960500,1230,1236
2027,Codeforces Round 982 (Div. 2),imritik21,5266,1729960500,1031,1096
2027,Codeforces Round 982 (Div. 2),Artistic_code,5266,1729960500,1200,1214
2027,Codeforces Round 982 (Div. 2),Haider-Sultan,5266,1729960500,1231,1236
2027,Codeforces Round 982 (Div. 2),islandqian,5266,1729960500,431,760
2027,Codeforces Round 982 (Div. 2),siddharthraj097,5266,1729960500,1147,1176
2027,Codeforces Round 982 (Div. 2),Extreme_irritability,5266,1729960500,1078,1163
2027,Codeforces Round 982 (Div. 2),carbidolysis,5266,1729960500,460,783
2027,Codeforces Round 982 (Div. 2),V1giLanT,5266,1729960500,1240,1243
2027,Codeforces Round 982 (Div. 2),chenjiahui,5266,1729960500,1180,1199
2027,Codeforces Round 982 (Div. 2),sarafarajnasardi,5266,1729960500,1230,1236
2027,Codeforces Round 982 (Div. 2),pageqqc21,5266,1729960500,894,1059
2027,Codeforces Round 982 (Div. 2),yureki3657,5266,1729960500,973,1057
2027,Codeforces Round 982 (Div. 2),stpd,5266,1729960500,1226,1295
2027,Codeforces Round 982 (Div. 2),h.morad,5266,1729960500,1154,1181
2027,Codeforces Round 982 (Div. 2),WasithIO,5266,1729960500,1165,1189
2027,Codeforces Round 982 (Div. 2),biggie_077,5266,1729960500,821,1041
2027,Codeforces Round 982 (Div. 2),sssyq,5266,1729960500,1122,1194
2027,Codeforces Round 982 (Div. 2),Bebo,5266,1729960500,1428,1385
2027,Codeforces Round 982 (Div. 2),shreyanpandey30,5266,1729960500,788,942
2027,Codeforces Round 982 (Div. 2),pxralazedBlades,5266,1729960500,678,934
2027,Codeforces Round 982 (Div. 2),Selfish29,5288,1729960500,1339,1316
2027,Codeforces Round 982 (Div. 2),InvictusY,5288,1729960500,1018,1087
2027,Codeforces Round 982 (Div. 2),rupesh_010205,5288,1729960500,1179,1198
2027,Codeforces Round 982 (Div. 2),ishitjain0690,5288,1729960500,1252,1251
2027,Codeforces Round 982 (Div. 2),ctrl_binary,5288,1729960500,1170,1192
2027,Codeforces Round 982 (Div. 2),Swajan_,5288,1729960500,1039,1101
2027,Codeforces Round 982 (Div. 2),medbar,5288,1729960500,1124,1159
2027,Codeforces Round 982 (Div. 2),wyzl,5288,1729960500,1078,1162
2027,Codeforces Round 982 (Div. 2),brajesh09,5288,1729960500,968,1054
2027,Codeforces Round 982 (Div. 2),bittu27,5288,1729960500,957,1097
2027,Codeforces Round 982 (Div. 2),Bakytz7zaN,5288,1729960500,977,1059
2027,Codeforces Round 982 (Div. 2),HIT_new_learner,5288,1729960500,626,909
2027,Codeforces Round 982 (Div. 2),houtongyao,5288,1729960500,1228,1234
2027,Codeforces Round 982 (Div. 2),msh_magdy,5288,1729960500,1237,1303
2027,Codeforces Round 982 (Div. 2),Saikot,5288,1729960500,1220,1228
2027,Codeforces Round 982 (Div. 2),NotSoFriendlyGhost,5288,1729960500,1131,1200
2027,Codeforces Round 982 (Div. 2),Hopp,5288,1729960500,1025,1091
2027,Codeforces Round 982 (Div. 2),ZhockDen,5288,1729960500,1436,1390
2027,Codeforces Round 982 (Div. 2),Pavan_Aravapalli_1,5288,1729960500,1058,1181
2027,Codeforces Round 982 (Div. 2),Anshu_chaudhary,5288,1729960500,798,948
2027,Codeforces Round 982 (Div. 2),_Priyank,5288,1729960500,1289,1279
2027,Codeforces Round 982 (Div. 2),Dragon_Krissash,5288,1729960500,1024,1091
2027,Codeforces Round 982 (Div. 2),The_Last_Run,5288,1729960500,1058,1114
2027,Codeforces Round 982 (Div. 2),CandyFlipper,5311,1729960500,575,869
2027,Codeforces Round 982 (Div. 2),buct_wsh,5311,1729960500,1021,1088
2027,Codeforces Round 982 (Div. 2),Theriroxx,5311,1729960500,1454,1403
2027,Codeforces Round 982 (Div. 2),Bharat2902,5311,1729960500,1151,1177
2027,Codeforces Round 982 (Div. 2),Kayum_gazI01,5311,1729960500,1274,1267
2027,Codeforces Round 982 (Div. 2),Xixika,5311,1729960500,1323,1303
2027,Codeforces Round 982 (Div. 2),Legend4321,5311,1729960500,1235,1238
2027,Codeforces Round 982 (Div. 2),Rainy-Weather,5311,1729960500,1044,1103
2027,Codeforces Round 982 (Div. 2),anupam_pandey,5311,1729960500,1176,1196
2027,Codeforces Round 982 (Div. 2),Niks_code1,5311,1729960500,892,1004
2027,Codeforces Round 982 (Div. 2),thaitu123,5311,1729960500,782,979
2027,Codeforces Round 982 (Div. 2),stringgg,5311,1729960500,1265,1260
2027,Codeforces Round 982 (Div. 2),haha_gaga,5311,1729960500,0,467
2027,Codeforces Round 982 (Div. 2),Vraj_Dobariya_95,5311,1729960500,1605,1520
2027,Codeforces Round 982 (Div. 2),hnust_caikunxuan,5311,1729960500,0,467
2027,Codeforces Round 982 (Div. 2),Achintya_006,5311,1729960500,1170,1191
2027,Codeforces Round 982 (Div. 2),chailovergrt,5311,1729960500,1238,1240
2027,Codeforces Round 982 (Div. 2),marikr,5311,1729960500,970,1106
2027,Codeforces Round 982 (Div. 2),tommyangelokapische,5311,1729960500,937,1033
2027,Codeforces Round 982 (Div. 2),EK_Roy,5311,1729960500,911,1016
2027,Codeforces Round 982 (Div. 2),action-e,5311,1729960500,1312,1295
2027,Codeforces Round 982 (Div. 2),Magnus_Augustus,5311,1729960500,1097,1140
2027,Codeforces Round 982 (Div. 2),maybebinarysearch,5311,1729960500,1006,1141
2027,Codeforces Round 982 (Div. 2),aurobindparija425,5334,1729960500,854,980
2027,Codeforces Round 982 (Div. 2),kulkarnichaitanya665,5334,1729960500,1184,1201
2027,Codeforces Round 982 (Div. 2),TheMushirAli,5334,1729960500,1139,1169
2027,Codeforces Round 982 (Div. 2),rishav-goyal,5334,1729960500,757,991
2027,Codeforces Round 982 (Div. 2),p4r4d0_x,5334,1729960500,1153,1179
2027,Codeforces Round 982 (Div. 2),Arnav3107,5334,1729960500,1124,1158
2027,Codeforces Round 982 (Div. 2),adarshverma27,5334,1729960500,1360,1331
2027,Codeforces Round 982 (Div. 2),sepehrZamaninejad,5334,1729960500,1143,1172
2027,Codeforces Round 982 (Div. 2),_Juffin,5334,1729960500,1256,1253
2027,Codeforces Round 982 (Div. 2),CCying444,5334,1729960500,775,1005
2027,Codeforces Round 982 (Div. 2),Sora213,5334,1729960500,1432,1386
2027,Codeforces Round 982 (Div. 2),dudheg,5334,1729960500,1154,1179
2027,Codeforces Round 982 (Div. 2),8406,5334,1729960500,584,865
2027,Codeforces Round 982 (Div. 2),_hercules_,5334,1729960500,0,467
2027,Codeforces Round 982 (Div. 2),aditya_p,5334,1729960500,1170,1191
2027,Codeforces Round 982 (Div. 2),Vakul_123,5334,1729960500,1503,1440
2027,Codeforces Round 982 (Div. 2),Wassim-Hallack,5334,1729960500,1435,1388
2027,Codeforces Round 982 (Div. 2),vineet28sept,5334,1729960500,1033,1096
2027,Codeforces Round 982 (Div. 2),VENOM_03,5334,1729960500,944,1094
2027,Codeforces Round 982 (Div. 2),Akshat2516,5353,1729960500,1057,1112
2027,Codeforces Round 982 (Div. 2),nainaide,5354,1729960500,1432,1386
2027,Codeforces Round 982 (Div. 2),Tahmid_T,5354,1729960500,1276,1267
2027,Codeforces Round 982 (Div. 2),armaansingh,5354,1729960500,1118,1153
2027,Codeforces Round 982 (Div. 2),LightFeather,5354,1729960500,1502,1439
2027,Codeforces Round 982 (Div. 2),unknown_identity,5354,1729960500,1093,1136
2027,Codeforces Round 982 (Div. 2),saitama_69,5354,1729960500,1283,1273
2027,Codeforces Round 982 (Div. 2),Vonnegout,5354,1729960500,1135,1165
2027,Codeforces Round 982 (Div. 2),veritaseum,5354,1729960500,1226,1231
2027,Codeforces Round 982 (Div. 2),gengu,5354,1729960500,1357,1329
2027,Codeforces Round 982 (Div. 2),-CHUNU-,5354,1729960500,1362,1332
2027,Codeforces Round 982 (Div. 2),DinarPerseus,5354,1729960500,1225,1230
2027,Codeforces Round 982 (Div. 2),unknow_coder,5354,1729960500,1104,1144
2027,Codeforces Round 982 (Div. 2),difftomount,5354,1729960500,1244,1281
2027,Codeforces Round 982 (Div. 2),H_Inam,5354,1729960500,1196,1209
2027,Codeforces Round 982 (Div. 2),neovstan,5354,1729960500,1244,1244
2027,Codeforces Round 982 (Div. 2),Sg2108_,5354,1729960500,834,1049
2027,Codeforces Round 982 (Div. 2),step.shu,5354,1729960500,1125,1158
2027,Codeforces Round 982 (Div. 2),praveshT,5354,1729960500,1205,1215
2027,Codeforces Round 982 (Div. 2),p0uya3767,5354,1729960500,1170,1190
2027,Codeforces Round 982 (Div. 2),Gabsian,5354,1729960500,1297,1283
2027,Codeforces Round 982 (Div. 2),dongvat,5354,1729960500,0,466
2027,Codeforces Round 982 (Div. 2),Shirsh_garg,5354,1729960500,1154,1179
2027,Codeforces Round 982 (Div. 2),tzc_zzc,5354,1729960500,1159,1182
2027,Codeforces Round 982 (Div. 2),LemonFire,5354,1729960500,1401,1362
2027,Codeforces Round 982 (Div. 2),HaZem_Osama,5354,1729960500,861,1034
2027,Codeforces Round 982 (Div. 2),kiruthees5,5354,1729960500,955,1043
2027,Codeforces Round 982 (Div. 2),vrangr,5380,1729960500,1810,1682
2027,Codeforces Round 982 (Div. 2),Sidhant08,5381,1729960500,1024,1122
2027,Codeforces Round 982 (Div. 2),RifatAlHasan1,5381,1729960500,1084,1129
2027,Codeforces Round 982 (Div. 2),PAPA...papa,5381,1729960500,1279,1269
2027,Codeforces Round 982 (Div. 2),Hide_In_The_Shadow,5381,1729960500,1464,1410
2027,Codeforces Round 982 (Div. 2),adityarajkashyap6046,5381,1729960500,1007,1077
2027,Codeforces Round 982 (Div. 2),ashoooo,5381,1729960500,1093,1135
2027,Codeforces Round 982 (Div. 2),muhtasim_apon,5381,1729960500,1070,1120
2027,Codeforces Round 982 (Div. 2),phatnguyencoder123,5381,1729960500,960,1046
2027,Codeforces Round 982 (Div. 2),puniTT,5381,1729960500,1436,1388
2027,Codeforces Round 982 (Div. 2),LeeMinHoon,5381,1729960500,1449,1398
2027,Codeforces Round 982 (Div. 2),Akshat_Gupta._,5381,1729960500,714,958
2027,Codeforces Round 982 (Div. 2),Ayush1012,5381,1729960500,1038,1098
2027,Codeforces Round 982 (Div. 2),atharva_,5381,1729960500,1096,1137
2027,Codeforces Round 982 (Div. 2),Mr.Numerator_007,5381,1729960500,1343,1318
2027,Codeforces Round 982 (Div. 2),Alive_Being,5381,1729960500,1332,1310
2027,Codeforces Round 982 (Div. 2),sathwikshaga,5381,1729960500,1386,1350
2027,Codeforces Round 982 (Div. 2),rahulbiswasnight,5381,1729960500,905,1011
2027,Codeforces Round 982 (Div. 2),astrina,5381,1729960500,1056,1110
2027,Codeforces Round 982 (Div. 2),KINGofSPADE,5381,1729960500,1113,1149
2027,Codeforces Round 982 (Div. 2),yuchern,5381,1729960500,1476,1458
2027,Codeforces Round 982 (Div. 2),rishabhkumar812,5381,1729960500,1111,1148
2027,Codeforces Round 982 (Div. 2),Th3_Ch0sen_One,5381,1729960500,1086,1131
2027,Codeforces Round 982 (Div. 2),S__T,5381,1729960500,1197,1209
2027,Codeforces Round 982 (Div. 2),dhxxiifv,5404,1729960500,1380,1345
2027,Codeforces Round 982 (Div. 2),Srivallabhmanyam,5405,1729960500,1001,1072
2027,Codeforces Round 982 (Div. 2),goblin45,5405,1729960500,433,760
2027,Codeforces Round 982 (Div. 2),Harsh_cf,5405,1729960500,1118,1211
2027,Codeforces Round 982 (Div. 2),Harsh_021,5405,1729960500,1522,1454
2027,Codeforces Round 982 (Div. 2),FakeViratKohli,5405,1729960500,0,466
2027,Codeforces Round 982 (Div. 2),MinglangChen,5405,1729960500,1331,1308
2027,Codeforces Round 982 (Div. 2),sijan,5405,1729960500,1144,1170
2027,Codeforces Round 982 (Div. 2),harshdev625,5405,1729960500,1203,1213
2027,Codeforces Round 982 (Div. 2),maorui,5405,1729960500,1093,1135
2027,Codeforces Round 982 (Div. 2),flowri,5405,1729960500,928,1081
2027,Codeforces Round 982 (Div. 2),Bad_Touch,5405,1729960500,1505,1441
2027,Codeforces Round 982 (Div. 2),manideepnaidugorle,5405,1729960500,1480,1422
2027,Codeforces Round 982 (Div. 2),clearleo,5405,1729960500,1176,1194
2027,Codeforces Round 982 (Div. 2),__napa,5405,1729960500,1319,1299
2027,Codeforces Round 982 (Div. 2),piyushkhattar14,5405,1729960500,985,1095
2027,Codeforces Round 982 (Div. 2),BigBruh,5405,1729960500,385,723
2027,Codeforces Round 982 (Div. 2),AJAw,5405,1729960500,1314,1295
2027,Codeforces Round 982 (Div. 2),Pranav_45,5405,1729960500,1410,1368
2027,Codeforces Round 982 (Div. 2),kxvarinho,5423,1729960500,1196,1244
2027,Codeforces Round 982 (Div. 2),rachitdaksh,5424,1729960500,1277,1267
2027,Codeforces Round 982 (Div. 2),AKASH_ALAM,5424,1729960500,1091,1133
2027,Codeforces Round 982 (Div. 2),Ziadhafez,5424,1729960500,1092,1134
2027,Codeforces Round 982 (Div. 2),code_coffee,5424,1729960500,1324,1302
2027,Codeforces Round 982 (Div. 2),arsh_kat,5424,1729960500,887,998
2027,Codeforces Round 982 (Div. 2),WanRryanZz,5424,1729960500,1085,1129
2027,Codeforces Round 982 (Div. 2),Zim_is_not_deadyet,5424,1729960500,0,465
2027,Codeforces Round 982 (Div. 2),Sohel_khowash,5424,1729960500,1276,1266
2027,Codeforces Round 982 (Div. 2),Mamur_Beta,5424,1729960500,1098,1138
2027,Codeforces Round 982 (Div. 2),naipunya01,5424,1729960500,1019,1084
2027,Codeforces Round 982 (Div. 2),gourav100110,5424,1729960500,1190,1203
2027,Codeforces Round 982 (Div. 2),cfkkkk,5424,1729960500,1311,1292
2027,Codeforces Round 982 (Div. 2),Gh00sT,5424,1729960500,1048,1104
2027,Codeforces Round 982 (Div. 2),aayu_iitr,5424,1729960500,1174,1252
2027,Codeforces Round 982 (Div. 2),islam_001,5424,1729960500,1079,1125
2027,Codeforces Round 982 (Div. 2),alkassaby,5424,1729960500,934,1028
2027,Codeforces Round 982 (Div. 2),VKU_KPC,5424,1729960500,0,465
2027,Codeforces Round 982 (Div. 2),alexdragon7554,5424,1729960500,1458,1404
2027,Codeforces Round 982 (Div. 2),Priyanshu3011,5424,1729960500,1249,1246
2027,Codeforces Round 982 (Div. 2),ahmedfathy20044002,5424,1729960500,0,465
2027,Codeforces Round 982 (Div. 2),ZMUY,5424,1729960500,1179,1195
2027,Codeforces Round 982 (Div. 2),mdm63,5445,1729960500,1140,1167
2027,Codeforces Round 982 (Div. 2),chandankoranga728,5445,1729960500,1262,1255
2027,Codeforces Round 982 (Div. 2),vuivethoima,5445,1729960500,1327,1304
2027,Codeforces Round 982 (Div. 2),trav_bickle,5445,1729960500,1041,1098
2027,Codeforces Round 982 (Div. 2),LIT2022032,5445,1729960500,1221,1226
2027,Codeforces Round 982 (Div. 2),cyan-fruits,5445,1729960500,1238,1238
2027,Codeforces Round 982 (Div. 2),KabirIrsad,5445,1729960500,1215,1221
2027,Codeforces Round 982 (Div. 2),A_TranAnhTuan,5445,1729960500,1256,1251
2027,Codeforces Round 982 (Div. 2),MD._Abdur_Rahman_Muaj,5445,1729960500,1140,1167
2027,Codeforces Round 982 (Div. 2),Drill__Endeavor,5445,1729960500,1156,1178
2027,Codeforces Round 982 (Div. 2),NameOfAllahu,5445,1729960500,706,925
2027,Codeforces Round 982 (Div. 2),Mohammed_Nasserr,5445,1729960500,1304,1287
2027,Codeforces Round 982 (Div. 2),lichen123,5445,1729960500,1181,1196
2027,Codeforces Round 982 (Div. 2),Butulka,5445,1729960500,947,1087
2027,Codeforces Round 982 (Div. 2),B-127,5445,1729960500,1047,1158
2027,Codeforces Round 982 (Div. 2),weatherwise,5445,1729960500,757,989
2027,Codeforces Round 982 (Div. 2),Anurag_Kindo,5445,1729960500,808,994
2027,Codeforces Round 982 (Div. 2),MishkatIT,5445,1729960500,1230,1232
2027,Codeforces Round 982 (Div. 2),money_hunter,5445,1729960500,751,984
2027,Codeforces Round 982 (Div. 2),uv123,5445,1729960500,1483,1423
2027,Codeforces Round 982 (Div. 2),YULKET,5445,1729960500,1238,1238
2027,Codeforces Round 982 (Div. 2),ishaan19code,5466,1729960500,1202,1211
2027,Codeforces Round 982 (Div. 2),RSHAM,5466,1729960500,899,1005
2027,Codeforces Round 982 (Div. 2),cookheisenberg,5466,1729960500,882,995
2027,Codeforces Round 982 (Div. 2),kryptx,5466,1729960500,1278,1267
2027,Codeforces Round 982 (Div. 2),arpmipg,5466,1729960500,1562,1484
2027,Codeforces Round 982 (Div. 2),S7even,5466,1729960500,1325,1303
2027,Codeforces Round 982 (Div. 2),arwa_khattab,5466,1729960500,1358,1327
2027,Codeforces Round 982 (Div. 2),nishantKumar62,5466,1729960500,1135,1163
2027,Codeforces Round 982 (Div. 2),GM_Amr_Khaled,5466,1729960500,1201,1210
2027,Codeforces Round 982 (Div. 2),vumuere,5466,1729960500,1331,1307
2027,Codeforces Round 982 (Div. 2),subry,5466,1729960500,1220,1224
2027,Codeforces Round 982 (Div. 2),tarun_k_456,5466,1729960500,0,465
2027,Codeforces Round 982 (Div. 2),647kook,5466,1729960500,916,1016
2027,Codeforces Round 982 (Div. 2),Norfor,5466,1729960500,0,465
2027,Codeforces Round 982 (Div. 2),xingyunri,5466,1729960500,827,1007
2027,Codeforces Round 982 (Div. 2),satejsawant90,5466,1729960500,1182,1197
2027,Codeforces Round 982 (Div. 2),YashJainyj,5482,1729960500,1366,1333
2027,Codeforces Round 982 (Div. 2),bluetooth,5482,1729960500,1196,1206
2027,Codeforces Round 982 (Div. 2),reyhaneh01,5482,1729960500,1100,1138
2027,Codeforces Round 982 (Div. 2),1--la,5482,1729960500,1125,1156
2027,Codeforces Round 982 (Div. 2),void_slowdown,5482,1729960500,1668,1567
2027,Codeforces Round 982 (Div. 2),Kazi_Irfan,5482,1729960500,1116,1149
2027,Codeforces Round 982 (Div. 2),grecil,5482,1729960500,1447,1395
2027,Codeforces Round 982 (Div. 2),hey_man,5482,1729960500,1180,1195
2027,Codeforces Round 982 (Div. 2),hello_world8315,5482,1729960500,924,1020
2027,Codeforces Round 982 (Div. 2),Mohammed_Aborz,5482,1729960500,992,1065
2027,Codeforces Round 982 (Div. 2),shubhamjee,5482,1729960500,1324,1301
2027,Codeforces Round 982 (Div. 2),karma_007,5482,1729960500,748,981
2027,Codeforces Round 982 (Div. 2),raguram-venkat,5482,1729960500,1078,1123
2027,Codeforces Round 982 (Div. 2),afeefuddin,5482,1729960500,1264,1256
2027,Codeforces Round 982 (Div. 2),Jatin_jain,5482,1729960500,1196,1206
2027,Codeforces Round 982 (Div. 2),addanddel,5482,1729960500,1032,1091
2027,Codeforces Round 982 (Div. 2),tanvee,5482,1729960500,1220,1224
2027,Codeforces Round 982 (Div. 2),krishsaini_777,5482,1729960500,1073,1119
2027,Codeforces Round 982 (Div. 2),Pradeep27Maddineni,5482,1729960500,845,971
2027,Codeforces Round 982 (Div. 2),leaf-domain,5482,1729960500,0,464
2027,Codeforces Round 982 (Div. 2),JunichiK,5482,1729960500,1042,1132
2027,Codeforces Round 982 (Div. 2),tvcv901,5503,1729960500,1366,1333
2027,Codeforces Round 982 (Div. 2),b_a_d_m_a_n,5504,1729960500,1372,1337
2027,Codeforces Round 982 (Div. 2),CodingJack,5504,1729960500,1347,1318
2027,Codeforces Round 982 (Div. 2),TheWestWings,5504,1729960500,1131,1218
2027,Codeforces Round 982 (Div. 2),HSFZG202303,5504,1729960500,786,1010
2027,Codeforces Round 982 (Div. 2),CR7GOAT_,5504,1729960500,1047,1157
2027,Codeforces Round 982 (Div. 2),priyansh3468,5504,1729960500,969,1049
2027,Codeforces Round 982 (Div. 2),freshlysquozen,5504,1729960500,1446,1393
2027,Codeforces Round 982 (Div. 2),kamrad,5504,1729960500,1358,1327
2027,Codeforces Round 982 (Div. 2),Ramneet04,5504,1729960500,1063,1112
2027,Codeforces Round 982 (Div. 2),Sauron06_,5504,1729960500,1399,1357
2027,Codeforces Round 982 (Div. 2),braaMost,5504,1729960500,1069,1116
2027,Codeforces Round 982 (Div. 2),DeadlyPotato101,5504,1729960500,395,729
2027,Codeforces Round 982 (Div. 2),shank50,5504,1729960500,829,1008
2027,Codeforces Round 982 (Div. 2),ag11,5504,1729960500,0,463
2027,Codeforces Round 982 (Div. 2),206127ljy,5504,1729960500,1131,1159
2027,Codeforces Round 982 (Div. 2),Malek.,5504,1729960500,1200,1271
2027,Codeforces Round 982 (Div. 2),Paulieaditya,5504,1729960500,997,1067
2027,Codeforces Round 982 (Div. 2),TyreseMaxey,5504,1729960500,798,1019
2027,Codeforces Round 982 (Div. 2),Flyleap,5504,1729960500,1305,1286
2027,Codeforces Round 982 (Div. 2),chiyaa_,5504,1729960500,877,1079
2027,Codeforces Round 982 (Div. 2),TuanMinhDo123,5504,1729960500,732,969
2027,Codeforces Round 982 (Div. 2),chirinato,5525,1729960500,1208,1251
2027,Codeforces Round 982 (Div. 2),Darkstar_69,5526,1729960500,1352,1322
2027,Codeforces Round 982 (Div. 2),sanemiaintit,5526,1729960500,1025,1086
2027,Codeforces Round 982 (Div. 2),himanshi15,5526,1729960500,1163,1182
2027,Codeforces Round 982 (Div. 2),KnoWiz,5526,1729960500,1078,1179
2027,Codeforces Round 982 (Div. 2),ashhek02,5526,1729960500,1322,1299
2027,Codeforces Round 982 (Div. 2),TNTboy,5526,1729960500,1401,1359
2027,Codeforces Round 982 (Div. 2),Elwonton,5526,1729960500,1313,1292
2027,Codeforces Round 982 (Div. 2),PrimePirate,5526,1729960500,1090,1130
2027,Codeforces Round 982 (Div. 2),Dhanraj_12,5526,1729960500,983,1058
2027,Codeforces Round 982 (Div. 2),wetryiii,5526,1729960500,1291,1276
2027,Codeforces Round 982 (Div. 2),2341341,5526,1729960500,1269,1259
2027,Codeforces Round 982 (Div. 2),pri_singh,5526,1729960500,1114,1147
2027,Codeforces Round 982 (Div. 2),Robin001,5526,1729960500,996,1066
2027,Codeforces Round 982 (Div. 2),hnust_youyong,5526,1729960500,1242,1239
2027,Codeforces Round 982 (Div. 2),iamaroy,5526,1729960500,1230,1230
2027,Codeforces Round 982 (Div. 2),celestial2312,5526,1729960500,951,1037
2027,Codeforces Round 982 (Div. 2),phoenix_1801,5526,1729960500,1465,1408
2027,Codeforces Round 982 (Div. 2),sahilGupta,5526,1729960500,935,1026
2027,Codeforces Round 982 (Div. 2),slivolymp,5526,1729960500,1568,1488
2027,Codeforces Round 982 (Div. 2),Boogeyman_48,5526,1729960500,1130,1158
2027,Codeforces Round 982 (Div. 2),mr_jackpots,5526,1729960500,445,766
2027,Codeforces Round 982 (Div. 2),daddy_sasageyo,5547,1729960500,1480,1420
2027,Codeforces Round 982 (Div. 2),harshkriplani003,5547,1729960500,1788,1662
2027,Codeforces Round 982 (Div. 2),shreyasmnaik11,5549,1729960500,1329,1304
2027,Codeforces Round 982 (Div. 2),peacefinder19,5549,1729960500,1247,1242
2027,Codeforces Round 982 (Div. 2),Adnan_Siddik,5549,1729960500,989,1061
2027,Codeforces Round 982 (Div. 2),FARDULLAH_0.01,5549,1729960500,982,1056
2027,Codeforces Round 982 (Div. 2),RHheEmWAantSe,5549,1729960500,1181,1194
2027,Codeforces Round 982 (Div. 2),Fucking_Specialist,5549,1729960500,1342,1314
2027,Codeforces Round 982 (Div. 2),defender_v,5549,1729960500,1502,1436
2027,Codeforces Round 982 (Div. 2),Codershivam45,5549,1729960500,1143,1167
2027,Codeforces Round 982 (Div. 2),dogH,5549,1729960500,461,778
2027,Codeforces Round 982 (Div. 2),anirudh.popuri,5549,1729960500,1151,1173
2027,Codeforces Round 982 (Div. 2),joker._001,5549,1729960500,1057,1107
2027,Codeforces Round 982 (Div. 2),ElBarbados,5549,1729960500,1269,1258
2027,Codeforces Round 982 (Div. 2),Sed_Miyuki,5549,1729960500,1057,1107
2027,Codeforces Round 982 (Div. 2),Sukantadatta18,5549,1729960500,1027,1086
2027,Codeforces Round 982 (Div. 2),pythun,5549,1729960500,1063,1111
2027,Codeforces Round 982 (Div. 2),kartikepic99,5549,1729960500,1078,1121
2027,Codeforces Round 982 (Div. 2),djs2904,5549,1729960500,1299,1281
2027,Codeforces Round 982 (Div. 2),Mazxal0,5549,1729960500,355,698
2027,Codeforces Round 982 (Div. 2),Muhammad-Shahzaib,5567,1729960500,1023,1083
2027,Codeforces Round 982 (Div. 2),vivek_12012031,5567,1729960500,1297,1279
2027,Codeforces Round 982 (Div. 2),dunthui100,5567,1729960500,815,950
2027,Codeforces Round 982 (Div. 2),ut_karsh31,5567,1729960500,816,951
2027,Codeforces Round 982 (Div. 2),daulet.sabden,5567,1729960500,1231,1230
2027,Codeforces Round 982 (Div. 2),PhuDat1,5567,1729960500,1071,1116
2027,Codeforces Round 982 (Div. 2),cereouz,5567,1729960500,830,1007
2027,Codeforces Round 982 (Div. 2),pallindrome,5567,1729960500,1164,1181
2027,Codeforces Round 982 (Div. 2),HarshR_,5567,1729960500,1128,1156
2027,Codeforces Round 982 (Div. 2),Arghya17,5567,1729960500,1227,1227
2027,Codeforces Round 982 (Div. 2),rounaknayak02,5567,1729960500,1113,1145
2027,Codeforces Round 982 (Div. 2),sachinbisht2961,5567,1729960500,1035,1091
2027,Codeforces Round 982 (Div. 2),Faysal_Chowdhury,5567,1729960500,1442,1390
2027,Codeforces Round 982 (Div. 2),Krishnadev44,5567,1729960500,1184,1196
2027,Codeforces Round 982 (Div. 2),Zenitsu_Agatsuma.,5567,1729960500,1179,1192
2027,Codeforces Round 982 (Div. 2),Emperor_Ace,5567,1729960500,980,1088
2027,Codeforces Round 982 (Div. 2),VIGGY,5567,1729960500,1148,1170
2027,Codeforces Round 982 (Div. 2),PookiePikachu,5567,1729960500,927,1077
2027,Codeforces Round 982 (Div. 2),Leo_Salem,5567,1729960500,1293,1276
2027,Codeforces Round 982 (Div. 2),Atr-eus,5586,1729960500,1153,1173
2027,Codeforces Round 982 (Div. 2),madhavg2213,5586,1729960500,927,1020
2027,Codeforces Round 982 (Div. 2),Mudit_Agrawal,5586,1729960500,1207,1212
2027,Codeforces Round 982 (Div. 2),jyoti_bhookar,5586,1729960500,1171,1186
2027,Codeforces Round 982 (Div. 2),hyp123321,5586,1729960500,1155,1175
2027,Codeforces Round 982 (Div. 2),Kurbonovsalmon,5586,1729960500,1268,1257
2027,Codeforces Round 982 (Div. 2),danken,5586,1729960500,843,967
2027,Codeforces Round 982 (Div. 2),TAX_ME_DADDY,5586,1729960500,1621,1528
2027,Codeforces Round 982 (Div. 2),hchothani,5586,1729960500,408,737
2027,Codeforces Round 982 (Div. 2),Vaurkhorov,5586,1729960500,1294,1276
2027,Codeforces Round 982 (Div. 2),Youssef_7,5586,1729960500,1218,1220
2027,Codeforces Round 982 (Div. 2),lxer,5586,1729960500,1380,1341
2027,Codeforces Round 982 (Div. 2),realest,5586,1729960500,778,1002
2027,Codeforces Round 982 (Div. 2),sourov.cse,5586,1729960500,1303,1283
2027,Codeforces Round 982 (Div. 2),Sowvick_Paul,5586,1729960500,1088,1127
2027,Codeforces Round 982 (Div. 2),beihaiyouyu,5586,1729960500,1192,1201
2027,Codeforces Round 982 (Div. 2),bhuvnesh_choudhary21,5586,1729960500,1018,1079
2027,Codeforces Round 982 (Div. 2),Ronak241205,5586,1729960500,838,964
2027,Codeforces Round 982 (Div. 2),__Chirag__,5604,1729960500,1485,1422
2027,Codeforces Round 982 (Div. 2),vivaldo184,5604,1729960500,1140,1200
2027,Codeforces Round 982 (Div. 2),bite23233,5606,1729960500,1109,1141
2027,Codeforces Round 982 (Div. 2),fanXvirat,5606,1729960500,1151,1171
2027,Codeforces Round 982 (Div. 2),arnoah007,5606,1729960500,1085,1125
2027,Codeforces Round 982 (Div. 2),WeLKa01,5606,1729960500,1099,1134
2027,Codeforces Round 982 (Div. 2),sparshsinha11,5606,1729960500,1141,1164
2027,Codeforces Round 982 (Div. 2),R_i_N,5606,1729960500,1294,1276
2027,Codeforces Round 982 (Div. 2),Shorya-12,5606,1729960500,1223,1223
2027,Codeforces Round 982 (Div. 2),rohanbachhav,5606,1729960500,1284,1268
2027,Codeforces Round 982 (Div. 2),The_social_Contract,5606,1729960500,1225,1261
2027,Codeforces Round 982 (Div. 2),Mr_Sohel,5606,1729960500,1101,1136
2027,Codeforces Round 982 (Div. 2),3B3ATY,5606,1729960500,1182,1193
2027,Codeforces Round 982 (Div. 2),nelsi_sousa,5606,1729960500,1353,1321
2027,Codeforces Round 982 (Div. 2),treasuryonly,5606,1729960500,1129,1156
2027,Codeforces Round 982 (Div. 2),rishi_rajsingh,5606,1729960500,1119,1149
2027,Codeforces Round 982 (Div. 2),wyktnl,5606,1729960500,1232,1230
2027,Codeforces Round 982 (Div. 2),_xm_,5606,1729960500,1604,1515
2027,Codeforces Round 982 (Div. 2),4o2a,5606,1729960500,871,1073
2027,Codeforces Round 982 (Div. 2),Sriyansh,5606,1729960500,967,1106
2027,Codeforces Round 982 (Div. 2),waKey_waKey,5606,1729960500,1244,1239
2027,Codeforces Round 982 (Div. 2),iamashrur,5625,1729960500,1622,1529
2027,Codeforces Round 982 (Div. 2),FurinaHateComma,5625,1729960500,1318,1359
2027,Codeforces Round 982 (Div. 2),--strawberry--,5625,1729960500,1330,1303
2027,Codeforces Round 982 (Div. 2),Lincredible,5625,1729960500,1181,1192
2027,Codeforces Round 982 (Div. 2),vwv_go,5625,1729960500,1059,1106
2027,Codeforces Round 982 (Div. 2),narendrajat207,5625,1729960500,1035,1090
2027,Codeforces Round 982 (Div. 2),aoppop_199171,5625,1729960500,932,1022
2027,Codeforces Round 982 (Div. 2),adarsharma56763,5625,1729960500,1142,1164
2027,Codeforces Round 982 (Div. 2),Finallap_pager,5625,1729960500,1094,1131
2027,Codeforces Round 982 (Div. 2),Lerixz112,5625,1729960500,1315,1292
2027,Codeforces Round 982 (Div. 2),_ghost_dev_,5625,1729960500,1229,1227
2027,Codeforces Round 982 (Div. 2),shamrat69,5625,1729960500,1055,1104
2027,Codeforces Round 982 (Div. 2),that_piyush08,5625,1729960500,1336,1308
2027,Codeforces Round 982 (Div. 2),ashikaslam,5625,1729960500,898,1000
2027,Codeforces Round 982 (Div. 2),MrLeast,5625,1729960500,1150,1170
2027,Codeforces Round 982 (Div. 2),Eftekhar_Nahim,5625,1729960500,1369,1333
2027,Codeforces Round 982 (Div. 2),deepakgoswami0552,5625,1729960500,1512,1443
2027,Codeforces Round 982 (Div. 2),LeGrosss,5625,1729960500,1047,1098
2027,Codeforces Round 982 (Div. 2),tshell,5625,1729960500,1123,1151
2027,Codeforces Round 982 (Div. 2),Ivashka3310,5644,1729960500,1010,1073
2027,Codeforces Round 982 (Div. 2),L3002,5644,1729960500,1191,1199
2027,Codeforces Round 982 (Div. 2),kl2400032679,5644,1729960500,0,461
2027,Codeforces Round 982 (Div. 2),Endis_0,5644,1729960500,805,942
2027,Codeforces Round 982 (Div. 2),sasankreddy1809,5644,1729960500,891,995
2027,Codeforces Round 982 (Div. 2),VinCode,5644,1729960500,1203,1208
2027,Codeforces Round 982 (Div. 2),harshitjain,5644,1729960500,984,1055
2027,Codeforces Round 982 (Div. 2),Churrep,5644,1729960500,1037,1091
2027,Codeforces Round 982 (Div. 2),Bekbolot_Ubaidullaev,5644,1729960500,967,1044
2027,Codeforces Round 982 (Div. 2),mdkhaledmhamud220,5644,1729960500,1269,1257
2027,Codeforces Round 982 (Div. 2),raghav_1910,5644,1729960500,1093,1129
2027,Codeforces Round 982 (Div. 2),rarthanareeswarar22,5644,1729960500,929,1019
2027,Codeforces Round 982 (Div. 2),lylia,5644,1729960500,932,1021
2027,Codeforces Round 982 (Div. 2),satyam_kant,5644,1729960500,1524,1452
2027,Codeforces Round 982 (Div. 2),Ryexocious,5644,1729960500,1105,1138
2027,Codeforces Round 982 (Div. 2),sumitaj556,5644,1729960500,909,1007
2027,Codeforces Round 982 (Div. 2),abhi0,5660,1729960500,1192,1200
2027,Codeforces Round 982 (Div. 2),left666666,5661,1729960500,1007,1070
2027,Codeforces Round 982 (Div. 2),HB_Error20,5661,1729960500,1158,1175
2027,Codeforces Round 982 (Div. 2),muditk_24,5661,1729960500,1158,1175
2027,Codeforces Round 982 (Div. 2),__32801_altter_code_,5661,1729960500,1210,1213
2027,Codeforces Round 982 (Div. 2),Himanshu2125,5661,1729960500,1369,1332
2027,Codeforces Round 982 (Div. 2),avi258719,5661,1729960500,1129,1154
2027,Codeforces Round 982 (Div. 2),Code_King111,5661,1729960500,1247,1239
2027,Codeforces Round 982 (Div. 2),Kadry,5661,1729960500,978,1051
2027,Codeforces Round 982 (Div. 2),google_1234,5661,1729960500,1449,1393
2027,Codeforces Round 982 (Div. 2),cGCgC,5661,1729960500,775,924
2027,Codeforces Round 982 (Div. 2),jayeshsavaliya0167,5661,1729960500,1199,1205
2027,Codeforces Round 982 (Div. 2),adarshworkplace,5661,1729960500,1338,1308
2027,Codeforces Round 982 (Div. 2),drakemast,5661,1729960500,0,461
2027,Codeforces Round 982 (Div. 2),Tannic,5661,1729960500,0,461
2027,Codeforces Round 982 (Div. 2),yjc2024,5661,1729960500,0,461
2027,Codeforces Round 982 (Div. 2),Sagar6,5661,1729960500,1237,1232
2027,Codeforces Round 982 (Div. 2),akhilAgrawal,5661,1729960500,1262,1251
2027,Codeforces Round 982 (Div. 2),priyansh03,5661,1729960500,1081,1121
2027,Codeforces Round 982 (Div. 2),shahrukkabir01,5661,1729960500,1105,1138
2027,Codeforces Round 982 (Div. 2),satyaprakash75,5661,1729960500,1094,1130
2027,Codeforces Round 982 (Div. 2),Abs_,5661,1729960500,1103,1136
2027,Codeforces Round 982 (Div. 2),lucky_cui2024,5661,1729960500,1202,1207
2027,Codeforces Round 982 (Div. 2),DamonX,5661,1729960500,1211,1214
2027,Codeforces Round 982 (Div. 2),__CLASSICAL,5661,1729960500,1064,1109
2027,Codeforces Round 982 (Div. 2),TuringPussy,5661,1729960500,1013,1139
2027,Codeforces Round 982 (Div. 2),Ayush_IITKgp,5661,1729960500,1255,1246
2027,Codeforces Round 982 (Div. 2),Harshal80503,5661,1729960500,1144,1165
2027,Codeforces Round 982 (Div. 2),picoton,5688,1729960500,1692,1583
2027,Codeforces Round 982 (Div. 2),__7781,5688,1729960500,1549,1471
2027,Codeforces Round 982 (Div. 2),Lolliks,5688,1729960500,987,1090
2027,Codeforces Round 982 (Div. 2),malusarin,5691,1729960500,932,1020
2027,Codeforces Round 982 (Div. 2),sed404,5691,1729960500,1003,1067
2027,Codeforces Round 982 (Div. 2),Valkyrie..,5691,1729960500,1452,1395
2027,Codeforces Round 982 (Div. 2),mohamed-yehia-311,5691,1729960500,0,460
2027,Codeforces Round 982 (Div. 2),Namanush,5691,1729960500,1040,1092
2027,Codeforces Round 982 (Div. 2),durjoy6405,5691,1729960500,1091,1127
2027,Codeforces Round 982 (Div. 2),Aurorasky,5691,1729960500,1139,1197
2027,Codeforces Round 982 (Div. 2),tarsh.16052003,5691,1729960500,1421,1371
2027,Codeforces Round 982 (Div. 2),jsankhla67,5691,1729960500,419,743
2027,Codeforces Round 982 (Div. 2),LHPxMango,5691,1729960500,1380,1339
2027,Codeforces Round 982 (Div. 2),jay_jordan23,5691,1729960500,992,1059
2027,Codeforces Round 982 (Div. 2),Hi_Hi_Hi,5691,1729960500,1119,1147
2027,Codeforces Round 982 (Div. 2),sksahil,5691,1729960500,757,984
2027,Codeforces Round 982 (Div. 2),jasmehar,5691,1729960500,1072,1114
2027,Codeforces Round 982 (Div. 2),gurjar_sahab,5691,1729960500,1187,1196
2027,Codeforces Round 982 (Div. 2),ParthAgrawal1967,5691,1729960500,894,995
2027,Codeforces Round 982 (Div. 2),Param_1729,5691,1729960500,1366,1329
2027,Codeforces Round 982 (Div. 2),nazibur175,5691,1729960500,1521,1448
2027,Codeforces Round 982 (Div. 2),criticalcoding,5691,1729960500,1379,1339
2027,Codeforces Round 982 (Div. 2),Sasmita_mk,5691,1729960500,1072,1114
2027,Codeforces Round 982 (Div. 2),NguyenVietHung,5691,1729960500,956,1036
2027,Codeforces Round 982 (Div. 2),Rai_Kshitiz,5691,1729960500,1262,1250
2027,Codeforces Round 982 (Div. 2),kjbckhab,5691,1729960500,1174,1186
2027,Codeforces Round 982 (Div. 2),nikshaykataria3,5714,1729960500,1002,1066
2027,Codeforces Round 982 (Div. 2),ganesh1806,5714,1729960500,890,1047
2027,Codeforces Round 982 (Div. 2),gauthamapa,5714,1729960500,1096,1130
2027,Codeforces Round 982 (Div. 2),22bec021,5714,1729960500,1295,1275
2027,Codeforces Round 982 (Div. 2),Don_quixxote,5714,1729960500,1263,1251
2027,Codeforces Round 982 (Div. 2),Rak1b..2407r,5714,1729960500,1386,1344
2027,Codeforces Round 982 (Div. 2),qcpy,5714,1729960500,1219,1218
2027,Codeforces Round 982 (Div. 2),r_v_c_o_d_e_r,5714,1729960500,818,995
2027,Codeforces Round 982 (Div. 2),NaroToT,5714,1729960500,807,941
2027,Codeforces Round 982 (Div. 2),Fermits,5714,1729960500,1242,1235
2027,Codeforces Round 982 (Div. 2),SINGHNARAYAN,5714,1729960500,1085,1122
2027,Codeforces Round 982 (Div. 2),CodingPariNaa,5714,1729960500,896,1051
2027,Codeforces Round 982 (Div. 2),aditya_11_singh,5714,1729960500,1237,1231
2027,Codeforces Round 982 (Div. 2),expert007,5714,1729960500,1158,1235
2027,Codeforces Round 982 (Div. 2),ashfak414,5714,1729960500,936,1022
2027,Codeforces Round 982 (Div. 2),harsh1t_t1war1,5714,1729960500,683,928
2027,Codeforces Round 982 (Div. 2),skjskj,5714,1729960500,0,460
2027,Codeforces Round 982 (Div. 2),tony_stark7,5714,1729960500,1247,1239
2027,Codeforces Round 982 (Div. 2),codingmania066,5714,1729960500,1410,1362
2027,Codeforces Round 982 (Div. 2),Enstalian,5733,1729960500,1535,1459
2027,Codeforces Round 982 (Div. 2),HThinh,5733,1729960500,1450,1393
2027,Codeforces Round 982 (Div. 2),nishant_522,5735,1729960500,1098,1131
2027,Codeforces Round 982 (Div. 2),bellam_bhanu,5735,1729960500,1153,1170
2027,Codeforces Round 982 (Div. 2),Anish_Prime,5735,1729960500,1214,1214
2027,Codeforces Round 982 (Div. 2),Nitin_dev,5735,1729960500,946,1028
2027,Codeforces Round 982 (Div. 2),_MANS0UR_,5735,1729960500,1136,1158
2027,Codeforces Round 982 (Div. 2),siyam_19,5735,1729960500,917,1010
2027,Codeforces Round 982 (Div. 2),its_just_if,5735,1729960500,1209,1210
2027,Codeforces Round 982 (Div. 2),sadt,5735,1729960500,1287,1268
2027,Codeforces Round 982 (Div. 2),y6692789,5735,1729960500,1373,1334
2027,Codeforces Round 982 (Div. 2),cape_of_hope_1608,5735,1729960500,1244,1236
2027,Codeforces Round 982 (Div. 2),K.E.R.O,5735,1729960500,1430,1378
2027,Codeforces Round 982 (Div. 2),LargeCPHumanModel,5735,1729960500,1252,1242
2027,Codeforces Round 982 (Div. 2),Saurabh_1729,5735,1729960500,1300,1278
2027,Codeforces Round 982 (Div. 2),KiaRash24,5735,1729960500,1250,1241
2027,Codeforces Round 982 (Div. 2),Silvix9,5735,1729960500,1132,1155
2027,Codeforces Round 982 (Div. 2),ffejmf_liu,5735,1729960500,1036,1088
2027,Codeforces Round 982 (Div. 2),Prachi_Dubey_29,5735,1729960500,1125,1150
2027,Codeforces Round 982 (Div. 2),Rising_star777,5735,1729960500,1120,1146
2027,Codeforces Round 982 (Div. 2),Deepak_47,5735,1729960500,1148,1166
2027,Codeforces Round 982 (Div. 2),tanqiyun,5735,1729960500,1160,1175
2027,Codeforces Round 982 (Div. 2),Kunal_K99418,5735,1729960500,1174,1185
2027,Codeforces Round 982 (Div. 2),SuperSunShine,5735,1729960500,962,1038
2027,Codeforces Round 982 (Div. 2),au3799,5757,1729960500,1415,1365
2027,Codeforces Round 982 (Div. 2),hakim0806,5757,1729960500,899,997
2027,Codeforces Round 982 (Div. 2),_raZu_,5757,1729960500,1342,1310
2027,Codeforces Round 982 (Div. 2),nafisalrahman72,5757,1729960500,962,1038
2027,Codeforces Round 982 (Div. 2),atharvwarade,5757,1729960500,1332,1302
2027,Codeforces Round 982 (Div. 2),chiruno,5757,1729960500,1082,1177
2027,Codeforces Round 982 (Div. 2),abdulrahman_204,5757,1729960500,1279,1262
2027,Codeforces Round 982 (Div. 2),jiminaseinen,5757,1729960500,1269,1254
2027,Codeforces Round 982 (Div. 2),Anurag6022,5757,1729960500,1256,1245
2027,Codeforces Round 982 (Div. 2),_yaaghnetha8,5757,1729960500,1154,1170
2027,Codeforces Round 982 (Div. 2),DEVILxiaodai,5757,1729960500,790,975
2027,Codeforces Round 982 (Div. 2),iamtheharsh,5757,1729960500,964,1039
2027,Codeforces Round 982 (Div. 2),epsilonn,5757,1729960500,1108,1137
2027,Codeforces Round 982 (Div. 2),sadnessedger,5757,1729960500,1095,1128
2027,Codeforces Round 982 (Div. 2),JotaroKujo1308,5757,1729960500,1251,1241
2027,Codeforces Round 982 (Div. 2),aarya04,5757,1729960500,1065,1107
2027,Codeforces Round 982 (Div. 2),_Noornabi-Noor_,5757,1729960500,1052,1098
2027,Codeforces Round 982 (Div. 2),riteshojhaa,5757,1729960500,457,771
2027,Codeforces Round 982 (Div. 2),ILoveFurinaandOratrice,5757,1729960500,0,459
2027,Codeforces Round 982 (Div. 2),monarch_sh,5757,1729960500,1153,1169
2027,Codeforces Round 982 (Div. 2),Yellowfoot,5757,1729960500,1268,1253
2027,Codeforces Round 982 (Div. 2),pracprof1,5757,1729960500,889,1045
2027,Codeforces Round 982 (Div. 2),Venom_Strike,5757,1729960500,1195,1200
2027,Codeforces Round 982 (Div. 2),hwx66,5757,1729960500,1158,1173
2027,Codeforces Round 982 (Div. 2),avnitp1090,5781,1729960500,1221,1218
2027,Codeforces Round 982 (Div. 2),BiaxialRay_,5781,1729960500,1517,1444
2027,Codeforces Round 982 (Div. 2),Dkoplik,5781,1729960500,1013,1072
2027,Codeforces Round 982 (Div. 2),Silent_Ayanokoji,5781,1729960500,1141,1160
2027,Codeforces Round 982 (Div. 2),Hamza_Foley,5781,1729960500,889,991
2027,Codeforces Round 982 (Div. 2),adityaaryan151,5781,1729960500,1413,1363
2027,Codeforces Round 982 (Div. 2),LuminArc,5781,1729960500,1248,1238
2027,Codeforces Round 982 (Div. 2),xiaoluosicf,5781,1729960500,1133,1155
2027,Codeforces Round 982 (Div. 2),Ronit_Choudhary,5781,1729960500,1253,1242
2027,Codeforces Round 982 (Div. 2),antispy,5781,1729960500,962,1037
2027,Codeforces Round 982 (Div. 2),felucia,5781,1729960500,1315,1288
2027,Codeforces Round 982 (Div. 2),anish06,5781,1729960500,1091,1125
2027,Codeforces Round 982 (Div. 2),__SAHIL_,5781,1729960500,1438,1383
2027,Codeforces Round 982 (Div. 2),ccr230110900501,5781,1729960500,685,929
2027,Codeforces Round 982 (Div. 2),anvirta,5781,1729960500,1202,1204
2027,Codeforces Round 982 (Div. 2),babayega,5781,1729960500,955,1066
2027,Codeforces Round 982 (Div. 2),Tsotne2019,5781,1729960500,429,749
2027,Codeforces Round 982 (Div. 2),Abdallah_Yousry,5781,1729960500,822,949
2027,Codeforces Round 982 (Div. 2),tahmidalbi,5781,1729960500,1079,1116
2027,Codeforces Round 982 (Div. 2),hchadha28,5781,1729960500,1321,1293
2027,Codeforces Round 982 (Div. 2),charanteja001,5781,1729960500,1103,1133
2027,Codeforces Round 982 (Div. 2),CliffordMortimer,5802,1729960500,784,1003
2027,Codeforces Round 982 (Div. 2),py01,5803,1729960500,1028,1137
2027,Codeforces Round 982 (Div. 2),Nuwaisir_Rabi,5803,1729960500,1334,1303
2027,Codeforces Round 982 (Div. 2),cefegent,5803,1729960500,1058,1158
2027,Codeforces Round 982 (Div. 2),wrjhhhhh,5803,1729960500,1239,1231
2027,Codeforces Round 982 (Div. 2),sanika_026,5803,1729960500,1023,1078
2027,Codeforces Round 982 (Div. 2),Egor_prog1,5803,1729960500,1116,1142
2027,Codeforces Round 982 (Div. 2),Ph0en1x_,5803,1729960500,1269,1253
2027,Codeforces Round 982 (Div. 2),zyphon12342,5803,1729960500,1216,1215
2027,Codeforces Round 982 (Div. 2),Obi__Wan__Kenobi,5803,1729960500,1279,1261
2027,Codeforces Round 982 (Div. 2),Nezu,5803,1729960500,1052,1098
2027,Codeforces Round 982 (Div. 2),sarthak56,5803,1729960500,748,904
2027,Codeforces Round 982 (Div. 2),KFK_Demon,5803,1729960500,1485,1419
2027,Codeforces Round 982 (Div. 2),gleblk,5815,1729960500,1273,1256
2027,Codeforces Round 982 (Div. 2),vraj_kalariya,5815,1729960500,1109,1137
2027,Codeforces Round 982 (Div. 2),1DG,5815,1729960500,1655,1552
2027,Codeforces Round 982 (Div. 2),mega_bot,5815,1729960500,1356,1319
2027,Codeforces Round 982 (Div. 2),sujal109,5815,1729960500,1315,1288
2027,Codeforces Round 982 (Div. 2),LORD_COMMANDER_ASHBORN,5815,1729960500,1062,1104
2027,Codeforces Round 982 (Div. 2),jadenmeister,5815,1729960500,907,1051
2027,Codeforces Round 982 (Div. 2),bhavsscodess,5815,1729960500,826,1034
2027,Codeforces Round 982 (Div. 2),roman_dmitry,5815,1729960500,1384,1341
2027,Codeforces Round 982 (Div. 2),Rairosu,5815,1729960500,400,727
2027,Codeforces Round 982 (Div. 2),Batigoat,5815,1729960500,1113,1140
2027,Codeforces Round 982 (Div. 2),hassan_nawaz,5815,1729960500,956,1033
2027,Codeforces Round 982 (Div. 2),night.watchman,5815,1729960500,1394,1348
2027,Codeforces Round 982 (Div. 2),thiru2905,5815,1729960500,1315,1288
2027,Codeforces Round 982 (Div. 2),manij4k,5815,1729960500,1186,1192
2027,Codeforces Round 982 (Div. 2),PXLXTA,5815,1729960500,1108,1136
2027,Codeforces Round 982 (Div. 2),Pirates__,5815,1729960500,1028,1081
2027,Codeforces Round 982 (Div. 2),Nitish66,5815,1729960500,678,923
2027,Codeforces Round 982 (Div. 2),nandakishore1905,5815,1729960500,455,768
2027,Codeforces Round 982 (Div. 2),Ishan_420,5834,1729960500,1308,1282
2027,Codeforces Round 982 (Div. 2),ccwcew,5834,1729960500,1250,1239
2027,Codeforces Round 982 (Div. 2),zhaoyang666,5834,1729960500,1064,1105
2027,Codeforces Round 982 (Div. 2),xsjpx,5834,1729960500,1342,1308
2027,Codeforces Round 982 (Div. 2),niloychowdhury,5834,1729960500,1232,1225
2027,Codeforces Round 982 (Div. 2),bAAAAzzigarrr,5834,1729960500,1052,1097
2027,Codeforces Round 982 (Div. 2),Netram_Choudhary,5834,1729960500,983,1050
2027,Codeforces Round 982 (Div. 2),nahin.binkaysar,5834,1729960500,1216,1213
2027,Codeforces Round 982 (Div. 2),Titapie,5834,1729960500,1027,1079
2027,Codeforces Round 982 (Div. 2),Ilyin,5834,1729960500,1178,1186
2027,Codeforces Round 982 (Div. 2),bertrandOrlando,5834,1729960500,1136,1192
2027,Codeforces Round 982 (Div. 2),Last_Stardust,5834,1729960500,1164,1176
2027,Codeforces Round 982 (Div. 2),2210030141_satyanarayana,5834,1729960500,1041,1089
2027,Codeforces Round 982 (Div. 2),_Master_7_,5834,1729960500,1237,1229
2027,Codeforces Round 982 (Div. 2),soumik.hasan,5834,1729960500,753,906
2027,Codeforces Round 982 (Div. 2),sgirish_1204,5834,1729960500,1095,1126
2027,Codeforces Round 982 (Div. 2),mohammaduzairkhan71,5834,1729960500,925,1070
2027,Codeforces Round 982 (Div. 2),lakshyakumarrocks,5834,1729960500,855,1015
2027,Codeforces Round 982 (Div. 2),parth_2003,5834,1729960500,843,960
2027,Codeforces Round 982 (Div. 2),asm_rayhan,5834,1729960500,1287,1266
2027,Codeforces Round 982 (Div. 2),ayush28,5854,1729960500,1199,1201
2027,Codeforces Round 982 (Div. 2),sg.6,5854,1729960500,1017,1128
2027,Codeforces Round 982 (Div. 2),huanluo,5854,1729960500,1208,1207
2027,Codeforces Round 982 (Div. 2),aryan.jais20,5854,1729960500,952,1081
2027,Codeforces Round 982 (Div. 2),RocketGirl,5854,1729960500,1253,1241
2027,Codeforces Round 982 (Div. 2),vinay754922,5854,1729960500,405,730
2027,Codeforces Round 982 (Div. 2),yeneinehseiba,5854,1729960500,1105,1133
2027,Codeforces Round 982 (Div. 2),harshit_maurya0001,5854,1729960500,1167,1178
2027,Codeforces Round 982 (Div. 2),invictusx07,5854,1729960500,0,458
2027,Codeforces Round 982 (Div. 2),Himan_S,5863,1729960500,1456,1395
2027,Codeforces Round 982 (Div. 2),somu_123,5863,1729960500,1093,1125
2027,Codeforces Round 982 (Div. 2),Youssef_H,5865,1729960500,1223,1218
2027,Codeforces Round 982 (Div. 2),Mitul_Aggarwal,5865,1729960500,1133,1153
2027,Codeforces Round 982 (Div. 2),NiMaruf,5865,1729960500,975,1044
2027,Codeforces Round 982 (Div. 2),Chingatron,5865,1729960500,1131,1151
2027,Codeforces Round 982 (Div. 2),rakshit2611,5865,1729960500,877,980
2027,Codeforces Round 982 (Div. 2),Yousef_abdallah,5865,1729960500,900,1044
2027,Codeforces Round 982 (Div. 2),yaswanth_2761,5865,1729960500,1264,1248
2027,Codeforces Round 982 (Div. 2),harshitupreti101,5865,1729960500,1186,1191
2027,Codeforces Round 982 (Div. 2),situ.gaurav520,5865,1729960500,1183,1189
2027,Codeforces Round 982 (Div. 2),Dhirendrathegreat,5865,1729960500,1012,1068
2027,Codeforces Round 982 (Div. 2),Vegeto_,5865,1729960500,1153,1167
2027,Codeforces Round 982 (Div. 2),let_it_go_,5865,1729960500,813,988
2027,Codeforces Round 982 (Div. 2),Paryatak123,5865,1729960500,1113,1138
2027,Codeforces Round 982 (Div. 2),Subh_1843,5865,1729960500,1200,1201
2027,Codeforces Round 982 (Div. 2),Arya_361,5865,1729960500,1191,1194
2027,Codeforces Round 982 (Div. 2),sridharani,5865,1729960500,1099,1128
2027,Codeforces Round 982 (Div. 2),Prithiraj069,5865,1729960500,1117,1141
2027,Codeforces Round 982 (Div. 2),prime29,5865,1729960500,1015,1070
2027,Codeforces Round 982 (Div. 2),Fireflys,5865,1729960500,912,1003
2027,Codeforces Round 982 (Div. 2),_Imran_,5865,1729960500,1327,1296
2027,Codeforces Round 982 (Div. 2),Sagar1324,5865,1729960500,1140,1158
2027,Codeforces Round 982 (Div. 2),Andreea11,5865,1729960500,1023,1076
2027,Codeforces Round 982 (Div. 2),pionchan2024,5865,1729960500,811,987
2027,Codeforces Round 982 (Div. 2),Direwolfghost,5865,1729960500,970,1040
2027,Codeforces Round 982 (Div. 2),ninadc,5865,1729960500,1305,1279
2027,Codeforces Round 982 (Div. 2),anuragkr24,5865,1729960500,885,985
2027,Codeforces Round 982 (Div. 2),Shabit,5891,1729960500,1088,1120
2027,Codeforces Round 982 (Div. 2),Mo_Shams,5891,1729960500,1151,1165
2027,Codeforces Round 982 (Div. 2),Phoenix_12,5891,1729960500,1140,1157
2027,Codeforces Round 982 (Div. 2),Ati_awesome,5891,1729960500,1358,1319
2027,Codeforces Round 982 (Div. 2),hossam_osama,5891,1729960500,1089,1121
2027,Codeforces Round 982 (Div. 2),abhay27x06,5891,1729960500,1483,1416
2027,Codeforces Round 982 (Div. 2),1kun,5891,1729960500,661,909
2027,Codeforces Round 982 (Div. 2),flux0k,5891,1729960500,1276,1256
2027,Codeforces Round 982 (Div. 2),_SpringRoll_,5891,1729960500,1300,1276
2027,Codeforces Round 982 (Div. 2),Saif_Ahmed008,5891,1729960500,1288,1266
2027,Codeforces Round 982 (Div. 2),kamalnathdf,5891,1729960500,1152,1166
2027,Codeforces Round 982 (Div. 2),Voy_Hang2,5891,1729960500,1290,1268
2027,Codeforces Round 982 (Div. 2),AyushRaj3011,5891,1729960500,1226,1220
2027,Codeforces Round 982 (Div. 2),theblueman,5891,1729960500,1097,1127
2027,Codeforces Round 982 (Div. 2),hylpo,5891,1729960500,0,457
2027,Codeforces Round 982 (Div. 2),M.Phoenix,5891,1729960500,1205,1204
2027,Codeforces Round 982 (Div. 2),msatya0802,5891,1729960500,1074,1110
2027,Codeforces Round 982 (Div. 2),KishoreKarthick,5891,1729960500,916,1005
2027,Codeforces Round 982 (Div. 2),its_jeff,5891,1729960500,1180,1186
2027,Codeforces Round 982 (Div. 2),rank_vram,5891,1729960500,1070,1108
2027,Codeforces Round 982 (Div. 2),its-nikhil,5891,1729960500,925,1061
2027,Codeforces Round 982 (Div. 2),Rishi_677,5891,1729960500,987,1051
2027,Codeforces Round 982 (Div. 2),camavinga,5891,1729960500,1268,1251
2027,Codeforces Round 982 (Div. 2),wisesaint,5914,1729960500,1357,1318
2027,Codeforces Round 982 (Div. 2),aplaypeak,5915,1729960500,1223,1217
2027,Codeforces Round 982 (Div. 2),aakarshsinha07,5915,1729960500,1119,1177
2027,Codeforces Round 982 (Div. 2),anakin1102,5915,1729960500,1276,1321
2027,Codeforces Round 982 (Div. 2),vandykasuryadi,5915,1729960500,645,896
2027,Codeforces Round 982 (Div. 2),reyleigh,5915,1729960500,1275,1255
2027,Codeforces Round 982 (Div. 2),code_freakkk,5915,1729960500,1276,1256
2027,Codeforces Round 982 (Div. 2),ranasujay,5915,1729960500,1486,1417
2027,Codeforces Round 982 (Div. 2),shreyansharma1,5915,1729960500,1346,1310
2027,Codeforces Round 982 (Div. 2),rtanmay588,5915,1729960500,993,1109
2027,Codeforces Round 982 (Div. 2),Ah_naf,5915,1729960500,1199,1199
2027,Codeforces Round 982 (Div. 2),Piri.Piri,5915,1729960500,1130,1149
2027,Codeforces Round 982 (Div. 2),Harshit-K7890,5915,1729960500,640,893
2027,Codeforces Round 982 (Div. 2),Harshit_Raj_14,5915,1729960500,1148,1162
2027,Codeforces Round 982 (Div. 2),Muhammad-Ahmad,5915,1729960500,1175,1182
2027,Codeforces Round 982 (Div. 2),BaiFengxiang,5915,1729960500,1106,1132
2027,Codeforces Round 982 (Div. 2),unStopableForce,5915,1729960500,980,1046
2027,Codeforces Round 982 (Div. 2),Ether,5915,1729960500,1243,1232
2027,Codeforces Round 982 (Div. 2),acTiOn_kAmeN___,5915,1729960500,1055,1097
2027,Codeforces Round 982 (Div. 2),Tausif3142,5915,1729960500,980,1046
2027,Codeforces Round 982 (Div. 2),Valhalla_RL,5915,1729960500,1341,1306
2027,Codeforces Round 982 (Div. 2),___DID,5915,1729960500,1207,1242
2027,Codeforces Round 982 (Div. 2),rakshit04,5915,1729960500,936,1017
2027,Codeforces Round 982 (Div. 2),dineshre_123,5915,1729960500,1250,1236
2027,Codeforces Round 982 (Div. 2),marwan__nasser,5915,1729960500,1004,1061
2027,Codeforces Round 982 (Div. 2),abovecloud,5915,1729960500,1473,1407
2027,Codeforces Round 982 (Div. 2),Aarav_J,5915,1729960500,383,712
2027,Codeforces Round 982 (Div. 2),shinywalrus420,5915,1729960500,1128,1148
2027,Codeforces Round 982 (Div. 2),itstiwarig,5915,1729960500,961,1033
2027,Codeforces Round 982 (Div. 2),melsayed845,5915,1729960500,1114,1138
2027,Codeforces Round 982 (Div. 2),omcarr,5944,1729960500,973,1040
2027,Codeforces Round 982 (Div. 2),Sai.Suraj.27,5944,1729960500,1235,1225
2027,Codeforces Round 982 (Div. 2),Musheerme,5944,1729960500,1094,1123
2027,Codeforces Round 982 (Div. 2),Imranka,5944,1729960500,835,952
2027,Codeforces Round 982 (Div. 2),kowshik_04,5944,1729960500,1019,1071
2027,Codeforces Round 982 (Div. 2),Furan_101,5944,1729960500,1201,1200
2027,Codeforces Round 982 (Div. 2),Black_Jesus,5944,1729960500,1199,1199
2027,Codeforces Round 982 (Div. 2),Viyom10,5944,1729960500,1193,1194
2027,Codeforces Round 982 (Div. 2),tbgktg,5944,1729960500,1376,1332
2027,Codeforces Round 982 (Div. 2),Drink_Medicine,5944,1729960500,1438,1380
2027,Codeforces Round 982 (Div. 2),Andromedaa,5944,1729960500,1148,1161
2027,Codeforces Round 982 (Div. 2),CatCoderCuteNo1VOI,5944,1729960500,1514,1439
2027,Codeforces Round 982 (Div. 2),ShonenDev,5944,1729960500,893,1044
2027,Codeforces Round 982 (Div. 2),giligilichu,5944,1729960500,361,694
2027,Codeforces Round 982 (Div. 2),d3nominat0r,5944,1729960500,1360,1320
2027,Codeforces Round 982 (Div. 2),chughmanorath,5944,1729960500,905,996
2027,Codeforces Round 982 (Div. 2),Aritro_,5944,1729960500,927,1010
2027,Codeforces Round 982 (Div. 2),shibajyoti.maity06,5944,1729960500,947,1023
2027,Codeforces Round 982 (Div. 2),dey44and,5944,1729960500,1077,1111
2027,Codeforces Round 982 (Div. 2),Alex_139,5944,1729960500,1219,1213
2027,Codeforces Round 982 (Div. 2),harsh__bhatter,5944,1729960500,1028,1077
2027,Codeforces Round 982 (Div. 2),Micrlol,5944,1729960500,981,1046
2027,Codeforces Round 982 (Div. 2),bhagatsahil779,5944,1729960500,1030,1078
2027,Codeforces Round 982 (Div. 2),0M_2179,5944,1729960500,1371,1328
2027,Codeforces Round 982 (Div. 2),saaketh.koduri,5944,1729960500,1280,1259
2027,Codeforces Round 982 (Div. 2),dijkstra_bull,5944,1729960500,1374,1330
2027,Codeforces Round 982 (Div. 2),NoBodyButMe03,5944,1729960500,1305,1278
2027,Codeforces Round 982 (Div. 2),arjun_t04,5971,1729960500,1371,1328
2027,Codeforces Round 982 (Div. 2),Alraaafi,5972,1729960500,1043,1087
2027,Codeforces Round 982 (Div. 2),kranjis,5972,1729960500,1151,1163
2027,Codeforces Round 982 (Div. 2),TZC_23_zcj,5972,1729960500,1166,1174
2027,Codeforces Round 982 (Div. 2),dhyey19,5972,1729960500,886,984
2027,Codeforces Round 982 (Div. 2),shubhraj625,5972,1729960500,1089,1119
2027,Codeforces Round 982 (Div. 2),Rasel,5972,1729960500,1315,1285
2027,Codeforces Round 982 (Div. 2),koushik79,5972,1729960500,827,946
2027,Codeforces Round 982 (Div. 2),Oussama_TH,5972,1729960500,1146,1160
2027,Codeforces Round 982 (Div. 2),kaixinw,5972,1729960500,1078,1111
2027,Codeforces Round 982 (Div. 2),truong_8502,5972,1729960500,921,1006
2027,Codeforces Round 982 (Div. 2),aceC0der,5972,1729960500,1570,1482
2027,Codeforces Round 982 (Div. 2),amrit112singh,5972,1729960500,945,1022
2027,Codeforces Round 982 (Div. 2),mufasa04,5972,1729960500,0,455
2027,Codeforces Round 982 (Div. 2),unbearableempathy7,5972,1729960500,848,959
2027,Codeforces Round 982 (Div. 2),22r01a73c2,5972,1729960500,712,945
2027,Codeforces Round 982 (Div. 2),Arjun_1913,5972,1729960500,1233,1223
2027,Codeforces Round 982 (Div. 2),amrutanshumishra607,5972,1729960500,1303,1276
2027,Codeforces Round 982 (Div. 2),GeometryFeng,5972,1729960500,1464,1399
2027,Codeforces Round 982 (Div. 2),Saurabh0772,5972,1729960500,1132,1149
2027,Codeforces Round 982 (Div. 2),sajjad_99,5972,1729960500,1358,1318
2027,Codeforces Round 982 (Div. 2),Algomancer,5972,1729960500,1072,1142
2027,Codeforces Round 982 (Div. 2),Bankai_Infinite_Bugs,5972,1729960500,559,845
2027,Codeforces Round 982 (Div. 2),norhan123,5972,1729960500,1209,1205
2027,Codeforces Round 982 (Div. 2),hemanthkumarvaddipalli,5972,1729960500,1116,1138
2027,Codeforces Round 982 (Div. 2),Himanshu_Nainwal,5972,1729960500,1118,1139
2027,Codeforces Round 982 (Div. 2),achirag379,5997,1729960500,1134,1187
2027,Codeforces Round 982 (Div. 2),supersparton0,5997,1729960500,1075,1109
2027,Codeforces Round 982 (Div. 2),Nady_,5997,1729960500,1356,1316
2027,Codeforces Round 982 (Div. 2),daemonk07,5997,1729960500,1168,1175
2027,Codeforces Round 982 (Div. 2),asingh030206,5997,1729960500,1076,1110
2027,Codeforces Round 982 (Div. 2),priyanshu3003,5997,1729960500,1122,1142
2027,Codeforces Round 982 (Div. 2),2.71828182845905,5997,1729960500,1194,1194
2027,Codeforces Round 982 (Div. 2),Supr_01,5997,1729960500,1391,1343
2027,Codeforces Round 982 (Div. 2),Contestador,5997,1729960500,0,455
2027,Codeforces Round 982 (Div. 2),TheJackedBrain,5997,1729960500,1022,1072
2027,Codeforces Round 982 (Div. 2),Shihab312417,5997,1729960500,742,895
2027,Codeforces Round 982 (Div. 2),43c65d1,5997,1729960500,1231,1221
2027,Codeforces Round 982 (Div. 2),Haidara_GTR,5997,1729960500,1126,1181
2027,Codeforces Round 982 (Div. 2),DaddyCool_16,5997,1729960500,1372,1328
2027,Codeforces Round 982 (Div. 2),abhitulya19,5997,1729960500,1406,1354
2027,Codeforces Round 982 (Div. 2),SKTTIFAKER,5997,1729960500,1472,1405
2027,Codeforces Round 982 (Div. 2),smitp_04,6013,1729960500,1248,1234
2027,Codeforces Round 982 (Div. 2),err_hexa,6013,1729960500,1485,1415
2027,Codeforces Round 982 (Div. 2),prajwal311,6013,1729960500,1280,1258
2027,Codeforces Round 982 (Div. 2),lh_doge1,6013,1729960500,1147,1160
2027,Codeforces Round 982 (Div. 2),v18o3,6013,1729960500,0,455
2027,Codeforces Round 982 (Div. 2),Halfimmortal,6013,1729960500,1288,1264
2027,Codeforces Round 982 (Div. 2),Amantyagi14,6013,1729960500,1149,1161
2027,Codeforces Round 982 (Div. 2),kkksc39,6013,1729960500,1019,1126
2027,Codeforces Round 982 (Div. 2),Archeo,6013,1729960500,1006,1061
2027,Codeforces Round 982 (Div. 2),lingchen107,6013,1729960500,1056,1095
2027,Codeforces Round 982 (Div. 2),SHUBH_PRIYANK,6013,1729960500,1101,1127
2027,Codeforces Round 982 (Div. 2),riya_4124,6013,1729960500,0,455
2027,Codeforces Round 982 (Div. 2),Gusare,6013,1729960500,1185,1187
2027,Codeforces Round 982 (Div. 2),shreyansh.kumar,6013,1729960500,967,1069
2027,Codeforces Round 982 (Div. 2),Karabey17,6027,1729960500,1025,1074
2027,Codeforces Round 982 (Div. 2),Vivek1705,6027,1729960500,1414,1360
2027,Codeforces Round 982 (Div. 2),mayankjain2624,6027,1729960500,991,1051
2027,Codeforces Round 982 (Div. 2),_AIM_APEX_,6027,1729960500,1028,1076
2027,Codeforces Round 982 (Div. 2),Saeed_Hany,6027,1729960500,1110,1133
2027,Codeforces Round 982 (Div. 2),Nayeem_11720,6027,1729960500,993,1052
2027,Codeforces Round 982 (Div. 2),ronaldotin10,6027,1729960500,1187,1188
2027,Codeforces Round 982 (Div. 2),WeIrd_loOkIn_CaT,6027,1729960500,1208,1204
2027,Codeforces Round 982 (Div. 2),prajjwallpy,6027,1729960500,1002,1058
2027,Codeforces Round 982 (Div. 2),invincible_,6027,1729960500,885,981
2027,Codeforces Round 982 (Div. 2),sumansumanth513,6027,1729960500,0,454
2027,Codeforces Round 982 (Div. 2),T-Hunter,6027,1729960500,1104,1128
2027,Codeforces Round 982 (Div. 2),pro100niyaz,6027,1729960500,1108,1131
2027,Codeforces Round 982 (Div. 2),Yan233_,6027,1729960500,1390,1342
2027,Codeforces Round 982 (Div. 2),SuperJimmy,6027,1729960500,1007,1061
2027,Codeforces Round 982 (Div. 2),harshdilipjain,6027,1729960500,1124,1143
2027,Codeforces Round 982 (Div. 2),Quarky,6027,1729960500,888,983
2027,Codeforces Round 982 (Div. 2),ringku_,6027,1729960500,1254,1238
2027,Codeforces Round 982 (Div. 2),WhileTrueSleep,6027,1729960500,791,967
2027,Codeforces Round 982 (Div. 2),lakshitssharma110910,6027,1729960500,1047,1089
2027,Codeforces Round 982 (Div. 2),Rakibul_Islam,6027,1729960500,1110,1133
2027,Codeforces Round 982 (Div. 2),Jelly.bean,6027,1729960500,1598,1503
2027,Codeforces Round 982 (Div. 2),atul_004,6027,1729960500,928,1009
2027,Codeforces Round 982 (Div. 2),bahailu,6050,1729960500,1334,1298
2027,Codeforces Round 982 (Div. 2),Yousef_A_Maher11,6051,1729960500,848,958
2027,Codeforces Round 982 (Div. 2),chaitanyarjain,6051,1729960500,750,972
2027,Codeforces Round 982 (Div. 2),kannan_16,6051,1729960500,1018,1068
2027,Codeforces Round 982 (Div. 2),KRIK_Soleh,6051,1729960500,1113,1134
2027,Codeforces Round 982 (Div. 2),gajjalanagachaithanya7,6051,1729960500,1107,1130
2027,Codeforces Round 982 (Div. 2),TomaHawk04,6051,1729960500,1518,1440
2027,Codeforces Round 982 (Div. 2),It_Was__Chapter,6051,1729960500,1164,1171
2027,Codeforces Round 982 (Div. 2),OMGG,6051,1729960500,1034,1079
2027,Codeforces Round 982 (Div. 2),Avlark,6051,1729960500,1088,1117
2027,Codeforces Round 982 (Div. 2),Angulo,6051,1729960500,896,988
2027,Codeforces Round 982 (Div. 2),rushil_a_,6051,1729960500,1132,1148
2027,Codeforces Round 982 (Div. 2),Krakalyga,6051,1729960500,1488,1417
2027,Codeforces Round 982 (Div. 2),raiax07,6051,1729960500,1195,1194
2027,Codeforces Round 982 (Div. 2),erase,6051,1729960500,1333,1297
2027,Codeforces Round 982 (Div. 2),Elysian_jianyu,6051,1729960500,1194,1193
2027,Codeforces Round 982 (Div. 2),KNIGA_BRATAN_IDI_KA_SUDA,6051,1729960500,1016,1067
2027,Codeforces Round 982 (Div. 2),abhinavkumar75,6067,1729960500,1198,1196
2027,Codeforces Round 982 (Div. 2),Aryvd123,6068,1729960500,976,1040
2027,Codeforces Round 982 (Div. 2),S9M0N_R3L3Y_GH05T,6068,1729960500,1215,1208
2027,Codeforces Round 982 (Div. 2),phoenix_11,6068,1729960500,1176,1179
2027,Codeforces Round 982 (Div. 2),Rashedul_2001,6068,1729960500,927,1007
2027,Codeforces Round 982 (Div. 2),Sino_2009,6068,1729960500,1291,1265
2027,Codeforces Round 982 (Div. 2),avikantk94,6068,1729960500,1176,1179
2027,Codeforces Round 982 (Div. 2),pushpendra_2028,6068,1729960500,1024,1106
2027,Codeforces Round 982 (Div. 2),hussain2003akhtar,6068,1729960500,1194,1192
2027,Codeforces Round 982 (Div. 2),supernova69,6068,1729960500,994,1052
2027,Codeforces Round 982 (Div. 2),Bestway11,6068,1729960500,842,1005
2027,Codeforces Round 982 (Div. 2),meghshah,6068,1729960500,1198,1195
2027,Codeforces Round 982 (Div. 2),LogicLooper,6068,1729960500,1378,1331
2027,Codeforces Round 982 (Div. 2),adi_tya11,6068,1729960500,689,926
2027,Codeforces Round 982 (Div. 2),_Tawsif_,6068,1729960500,1212,1206
2027,Codeforces Round 982 (Div. 2),1nurtas,6068,1729960500,1191,1190
2027,Codeforces Round 982 (Div. 2),Mk_Rahi,6068,1729960500,993,1051
2027,Codeforces Round 982 (Div. 2),jan1337,6068,1729960500,1137,1151
2027,Codeforces Round 982 (Div. 2),xingguang641,6068,1729960500,0,454
2027,Codeforces Round 982 (Div. 2),XIE_0608,6068,1729960500,841,1004
2027,Codeforces Round 982 (Div. 2),Felicity0710,6068,1729960500,1270,1249
2027,Codeforces Round 982 (Div. 2),akshatkesari.bt22cseds,6068,1729960500,1173,1177
2027,Codeforces Round 982 (Div. 2),aditya_raaj,6089,1729960500,1235,1223
2027,Codeforces Round 982 (Div. 2),AsiansNextDoor,6089,1729960500,1618,1519
2027,Codeforces Round 982 (Div. 2),CF94raj,6091,1729960500,1230,1219
2027,Codeforces Round 982 (Div. 2),akshayv18,6091,1729960500,1031,1076
2027,Codeforces Round 982 (Div. 2),Jyotiraditya_harichandan,6091,1729960500,1174,1177
2027,Codeforces Round 982 (Div. 2),_ALSHR3,6091,1729960500,1065,1100
2027,Codeforces Round 982 (Div. 2),Karpov_Arsenii,6091,1729960500,1381,1333
2027,Codeforces Round 982 (Div. 2),CoDict,6091,1729960500,1370,1325
2027,Codeforces Round 982 (Div. 2),Akhil29,6091,1729960500,786,919
2027,Codeforces Round 982 (Div. 2),Supersidd,6091,1729960500,1385,1336
2027,Codeforces Round 982 (Div. 2),MohamedSaeed,6091,1729960500,1375,1329
2027,Codeforces Round 982 (Div. 2),BGVShiva,6091,1729960500,1243,1229
2027,Codeforces Round 982 (Div. 2),mohitrajpoot,6091,1729960500,922,1003
2027,Codeforces Round 982 (Div. 2),SUPERIORusty,6091,1729960500,1060,1096
2027,Codeforces Round 982 (Div. 2),spidey001,6091,1729960500,1414,1359
2027,Codeforces Round 982 (Div. 2),anubhav2608,6091,1729960500,1022,1070
2027,Codeforces Round 982 (Div. 2),adiroy2,6091,1729960500,1273,1251
2027,Codeforces Round 982 (Div. 2),saiteja779492,6091,1729960500,0,453
2027,Codeforces Round 982 (Div. 2),Sandeepk07,6091,1729960500,708,939
2027,Codeforces Round 982 (Div. 2),Krish175,6091,1729960500,1014,1065
2027,Codeforces Round 982 (Div. 2),_Choco_,6091,1729960500,1117,1136
2027,Codeforces Round 982 (Div. 2),soyosanlove,6091,1729960500,1198,1195
2027,Codeforces Round 982 (Div. 2),K41Zer3,6091,1729960500,813,1019
2027,Codeforces Round 982 (Div. 2),marthapavan2002,6112,1729960500,1217,1208
2027,Codeforces Round 982 (Div. 2),sjkojkjkjkkmjmk,6112,1729960500,953,1085
2027,Codeforces Round 982 (Div. 2),coder_baba_1008,6112,1729960500,945,1018
2027,Codeforces Round 982 (Div. 2),Gh0stRider,6112,1729960500,1015,1065
2027,Codeforces Round 982 (Div. 2),kairick,6112,1729960500,731,957
2027,Codeforces Round 982 (Div. 2),shailesh_2004,6112,1729960500,1467,1399
2027,Codeforces Round 982 (Div. 2),isan_L,6112,1729960500,1210,1203
2027,Codeforces Round 982 (Div. 2),ahmodsujon12,6112,1729960500,741,891
2027,Codeforces Round 982 (Div. 2),Infinite_Power,6112,1729960500,1260,1240
2027,Codeforces Round 982 (Div. 2),Netpro,6112,1729960500,1091,1117
2027,Codeforces Round 982 (Div. 2),Kuroudo,6112,1729960500,1323,1288
2027,Codeforces Round 982 (Div. 2),Ninja_Hattori,6112,1729960500,1132,1147
2027,Codeforces Round 982 (Div. 2),yxl123,6112,1729960500,1147,1157
2027,Codeforces Round 982 (Div. 2),Divided_by_Zer0,6112,1729960500,1091,1117
2027,Codeforces Round 982 (Div. 2),shammi08,6112,1729960500,1106,1128
2027,Codeforces Round 982 (Div. 2),handleofcoder,6112,1729960500,0,453
2027,Codeforces Round 982 (Div. 2),Nanthana2003,6112,1729960500,540,828
2027,Codeforces Round 982 (Div. 2),user8885Vp,6112,1729960500,937,1013
2027,Codeforces Round 982 (Div. 2),atog_1905,6112,1729960500,1185,1185
2027,Codeforces Round 982 (Div. 2),MytHz1,6112,1729960500,1390,1339
2027,Codeforces Round 982 (Div. 2),abaababiu,6112,1729960500,1119,1137
2027,Codeforces Round 982 (Div. 2),arnav_04,6112,1729960500,1333,1296
2027,Codeforces Round 982 (Div. 2),yagyesh05,6112,1729960500,1319,1285
2027,Codeforces Round 982 (Div. 2),Priyanshu95m,6112,1729960500,1160,1167
2027,Codeforces Round 982 (Div. 2),whitepowder,6112,1729960500,447,757
2027,Codeforces Round 982 (Div. 2),bnsczr,6112,1729960500,1212,1205
2027,Codeforces Round 982 (Div. 2),Defined1,6138,1729960500,0,453
2027,Codeforces Round 982 (Div. 2),Osama-Bin-Laden,6139,1729960500,869,1023
2027,Codeforces Round 982 (Div. 2),GM_alien11115,6139,1729960500,748,969
2027,Codeforces Round 982 (Div. 2),SyamSriBalajiT,6139,1729960500,1164,1169
2027,Codeforces Round 982 (Div. 2),jindal2004keshav,6139,1729960500,1062,1097
2027,Codeforces Round 982 (Div. 2),Manav1325,6139,1729960500,838,949
2027,Codeforces Round 982 (Div. 2),T-N-T,6139,1729960500,1266,1245
2027,Codeforces Round 982 (Div. 2),luckysumit07,6139,1729960500,1066,1099
2027,Codeforces Round 982 (Div. 2),Ayush398,6139,1729960500,1080,1109
2027,Codeforces Round 982 (Div. 2),maksim14,6139,1729960500,1119,1137
2027,Codeforces Round 982 (Div. 2),Kanikaa_22,6139,1729960500,1140,1152
2027,Codeforces Round 982 (Div. 2),shloksachdev25,6139,1729960500,950,1021
2027,Codeforces Round 982 (Div. 2),ThanhABC,6139,1729960500,1275,1252
2027,Codeforces Round 982 (Div. 2),2004ayushsahu,6139,1729960500,903,1040
2027,Codeforces Round 982 (Div. 2),Tudor19,6139,1729960500,1317,1284
2027,Codeforces Round 982 (Div. 2),tarek14,6139,1729960500,1068,1101
2027,Codeforces Round 982 (Div. 2),Dby2dian,6154,1729960500,1089,1150
2027,Codeforces Round 982 (Div. 2),MkP,6154,1729960500,658,901
2027,Codeforces Round 982 (Div. 2),AkShukla,6154,1729960500,1288,1261
2027,Codeforces Round 982 (Div. 2),gofinsoaib,6154,1729960500,1169,1172
2027,Codeforces Round 982 (Div. 2),Bit__Wiz,6154,1729960500,934,1009
2027,Codeforces Round 982 (Div. 2),Nilanjan_22,6154,1729960500,1275,1251
2027,Codeforces Round 982 (Div. 2),raghavkhatri413,6154,1729960500,940,1014
2027,Codeforces Round 982 (Div. 2),sajid_ayman,6154,1729960500,1347,1306
2027,Codeforces Round 982 (Div. 2),jajuparikshit105,6154,1729960500,645,891
2027,Codeforces Round 982 (Div. 2),jtumkar,6154,1729960500,776,990
2027,Codeforces Round 982 (Div. 2),Ayushkt02,6154,1729960500,1173,1175
2027,Codeforces Round 982 (Div. 2),dwraith2000,6154,1729960500,370,698
2027,Codeforces Round 982 (Div. 2),bcsf22m536,6154,1729960500,928,1057
2027,Codeforces Round 982 (Div. 2),Kanishq_3eye,6154,1729960500,1258,1238
2027,Codeforces Round 982 (Div. 2),Dhruv_98959,6154,1729960500,934,1009
2027,Codeforces Round 982 (Div. 2),Mediocrisity,6154,1729960500,1098,1181
2027,Codeforces Round 982 (Div. 2),chinnu0312,6154,1729960500,1326,1290
2027,Codeforces Round 982 (Div. 2),QBitWizZ,6154,1729960500,945,1017
2027,Codeforces Round 982 (Div. 2),yash_code777,6154,1729960500,928,1006
2027,Codeforces Round 982 (Div. 2),Muhammad_Osama_Fahim,6154,1729960500,1104,1126
2027,Codeforces Round 982 (Div. 2),AlgorithmicRiyad,6154,1729960500,1249,1231
2027,Codeforces Round 982 (Div. 2),jayeshgoel74,6175,1729960500,1280,1255
2027,Codeforces Round 982 (Div. 2),atik7788,6176,1729960500,876,972
2027,Codeforces Round 982 (Div. 2),Azhar11,6176,1729960500,944,1016
2027,Codeforces Round 982 (Div. 2),sg952,6176,1729960500,1377,1329
2027,Codeforces Round 982 (Div. 2),Krishna16,6176,1729960500,1118,1135
2027,Codeforces Round 982 (Div. 2),Heisenberg.cp,6176,1729960500,910,993
2027,Codeforces Round 982 (Div. 2),Aayush_0305,6176,1729960500,842,1003
2027,Codeforces Round 982 (Div. 2),chebypel228,6176,1729960500,957,1024
2027,Codeforces Round 982 (Div. 2),thewoahguy24,6176,1729960500,1282,1256
2027,Codeforces Round 982 (Div. 2),dassayak243,6176,1729960500,1192,1189
2027,Codeforces Round 982 (Div. 2),Himal_Rana,6176,1729960500,1088,1114
2027,Codeforces Round 982 (Div. 2),manvendra21,6176,1729960500,1143,1154
2027,Codeforces Round 982 (Div. 2),ashmit_rawatt,6176,1729960500,780,958
2027,Codeforces Round 982 (Div. 2),VNTN,6176,1729960500,1108,1128
2027,Codeforces Round 982 (Div. 2),sneha_77,6176,1729960500,1049,1087
2027,Codeforces Round 982 (Div. 2),SOMXX,6176,1729960500,1259,1239
2027,Codeforces Round 982 (Div. 2),usemame,6191,1729960500,1082,1109
2027,Codeforces Round 982 (Div. 2),Theorcos24,6191,1729960500,1475,1404
2027,Codeforces Round 982 (Div. 2),nishant745618,6191,1729960500,1193,1189
2027,Codeforces Round 982 (Div. 2),OBSIDIAN0001,6191,1729960500,1308,1341
2027,Codeforces Round 982 (Div. 2),stefanpatrichi,6191,1729960500,836,998
2027,Codeforces Round 982 (Div. 2),Skitty1606,6191,1729960500,1025,1126
2027,Codeforces Round 982 (Div. 2),arpitsrivastava529,6191,1729960500,1146,1155
2027,Codeforces Round 982 (Div. 2),sfst,6191,1729960500,979,1039
2027,Codeforces Round 982 (Div. 2),Abdelhadi.,6191,1729960500,1129,1143
2027,Codeforces Round 982 (Div. 2),ph03iA_,6191,1729960500,1298,1268
2027,Codeforces Round 982 (Div. 2),Thoparam_Sai_nithish,6191,1729960500,1378,1329
2027,Codeforces Round 982 (Div. 2),SYnTaX__ERRoR,6191,1729960500,952,1021
2027,Codeforces Round 982 (Div. 2),sania.rajabi,6191,1729960500,1159,1164
2027,Codeforces Round 982 (Div. 2),vasetnr,6191,1729960500,978,1038
2027,Codeforces Round 982 (Div. 2),RidC0der,6191,1729960500,732,956
2027,Codeforces Round 982 (Div. 2),abhireds22,6191,1729960500,708,938
2027,Codeforces Round 982 (Div. 2),SachithShibineni,6191,1729960500,1263,1242
2027,Codeforces Round 982 (Div. 2),shariful_shihab,6191,1729960500,924,1002
2027,Codeforces Round 982 (Div. 2),hagertaher1,6191,1729960500,1130,1143
2027,Codeforces Round 982 (Div. 2),milahjq,6210,1729960500,457,763
2027,Codeforces Round 982 (Div. 2),_MADBOLY,6210,1729960500,898,985
2027,Codeforces Round 982 (Div. 2),CodeBot5621,6210,1729960500,1235,1220
2027,Codeforces Round 982 (Div. 2),YESUCAN,6210,1729960500,1019,1065
2027,Codeforces Round 982 (Div. 2),azerbenmed1730,6210,1729960500,1162,1166
2027,Codeforces Round 982 (Div. 2),nenu.chenqiyu,6210,1729960500,1368,1322
2027,Codeforces Round 982 (Div. 2),abdotarek442442,6210,1729960500,1229,1216
2027,Codeforces Round 982 (Div. 2),thefailedcoder,6210,1729960500,981,1105
2027,Codeforces Round 982 (Div. 2),HellSlayer21,6210,1729960500,906,1041
2027,Codeforces Round 982 (Div. 2),monkeymister352222,6210,1729960500,942,1014
2027,Codeforces Round 982 (Div. 2),yn1753,6210,1729960500,912,994
2027,Codeforces Round 982 (Div. 2),P_rakhar,6210,1729960500,1215,1205
2027,Codeforces Round 982 (Div. 2),hslk,6210,1729960500,1319,1284
2027,Codeforces Round 982 (Div. 2),Datt_21,6210,1729960500,1219,1208
2027,Codeforces Round 982 (Div. 2),maksvin,6210,1729960500,662,843
2027,Codeforces Round 982 (Div. 2),TwoTests,6210,1729960500,920,999
2027,Codeforces Round 982 (Div. 2),TAMIM_CSE_53,6226,1729960500,1285,1258
2027,Codeforces Round 982 (Div. 2),mdkarim-coder,6226,1729960500,692,925
2027,Codeforces Round 982 (Div. 2),10danger02,6226,1729960500,469,772
2027,Codeforces Round 982 (Div. 2),Kattsyn,6226,1729960500,1080,1107
2027,Codeforces Round 982 (Div. 2),cym2023,6226,1729960500,1028,1071
2027,Codeforces Round 982 (Div. 2),Prakash_OP,6226,1729960500,1018,1064
2027,Codeforces Round 982 (Div. 2),adarsh01_22,6226,1729960500,1094,1117
2027,Codeforces Round 982 (Div. 2),AndrewNikon,6226,1729960500,1096,1118
2027,Codeforces Round 982 (Div. 2),appleballcatdog,6226,1729960500,1396,1342
2027,Codeforces Round 982 (Div. 2),silvup,6226,1729960500,1143,1214
2027,Codeforces Round 982 (Div. 2),Ragnarok_411,6226,1729960500,1174,1175
2027,Codeforces Round 982 (Div. 2),Ishikka,6226,1729960500,760,899
2027,Codeforces Round 982 (Div. 2),cdrmanish,6226,1729960500,1196,1190
2027,Codeforces Round 982 (Div. 2),dogman0121,6226,1729960500,1093,1116
2027,Codeforces Round 982 (Div. 2),Wolwo,6226,1729960500,1418,1360
2027,Codeforces Round 982 (Div. 2),siwanmaoxi,6226,1729960500,1183,1181
2027,Codeforces Round 982 (Div. 2),vansh.helix,6226,1729960500,884,976
2027,Codeforces Round 982 (Div. 2),kyoshiki_murasaki,6226,1729960500,1037,1147
2027,Codeforces Round 982 (Div. 2),KaedeharaKazuha,6226,1729960500,735,958
2027,Codeforces Round 982 (Div. 2),adityaseth,6245,1729960500,1057,1091
2027,Codeforces Round 982 (Div. 2),Anshi_23,6245,1729960500,893,981
2027,Codeforces Round 982 (Div. 2),Enolaxx,6245,1729960500,1244,1226
2027,Codeforces Round 982 (Div. 2),Scofield-05,6245,1729960500,1313,1278
2027,Codeforces Round 982 (Div. 2),y_s_f,6245,1729960500,745,965
2027,Codeforces Round 982 (Div. 2),poshithiiitl,6245,1729960500,1094,1117
2027,Codeforces Round 982 (Div. 2),AyanMR,6245,1729960500,1095,1177
2027,Codeforces Round 982 (Div. 2),Dhruv410,6245,1729960500,1162,1165
2027,Codeforces Round 982 (Div. 2),bhabluv,6245,1729960500,1031,1107
2027,Codeforces Round 982 (Div. 2),sudhanshu_singh1182,6245,1729960500,1168,1169
2027,Codeforces Round 982 (Div. 2),aadits83_off,6245,1729960500,1073,1102
2027,Codeforces Round 982 (Div. 2),dj_gupta1929,6245,1729960500,1132,1144
2027,Codeforces Round 982 (Div. 2),TI_TAYEF,6245,1729960500,1057,1091
2027,Codeforces Round 982 (Div. 2),SpideyOp04,6245,1729960500,1127,1140
2027,Codeforces Round 982 (Div. 2),iamhim_69,6245,1729960500,1232,1217
2027,Codeforces Round 982 (Div. 2),pkrsri71,6245,1729960500,858,959
2027,Codeforces Round 982 (Div. 2),Aadityanshu_Singh,6245,1729960500,1261,1239
2027,Codeforces Round 982 (Div. 2),pulkitdarky,6245,1729960500,1115,1131
2027,Codeforces Round 982 (Div. 2),hzc20040315,6245,1729960500,1262,1240
2027,Codeforces Round 982 (Div. 2),othmanjaber,6245,1729960500,912,1026
2027,Codeforces Round 982 (Div. 2),Solver3211,6245,1729960500,700,930
2027,Codeforces Round 982 (Div. 2),Priyansh_02,6245,1729960500,1273,1248
2027,Codeforces Round 982 (Div. 2),saiganesh0704,6245,1729960500,1082,1144
2027,Codeforces Round 982 (Div. 2),ary_05,6245,1729960500,1010,1093
2027,Codeforces Round 982 (Div. 2),SakshamSP,6269,1729960500,1080,1106
2027,Codeforces Round 982 (Div. 2),AlexComp01,6269,1729960500,1168,1170
2027,Codeforces Round 982 (Div. 2),FoulTarnished,6269,1729960500,480,780
2027,Codeforces Round 982 (Div. 2),Muyuxii,6269,1729960500,1132,1143
2027,Codeforces Round 982 (Div. 2),sury666,6269,1729960500,1286,1258
2027,Codeforces Round 982 (Div. 2),whiliam,6269,1729960500,1336,1296
2027,Codeforces Round 982 (Div. 2),Milokismk,6269,1729960500,1108,1126
2027,Codeforces Round 982 (Div. 2),Milton_098,6269,1729960500,1293,1263
2027,Codeforces Round 982 (Div. 2),StraddlePlanche,6277,1729960500,1517,1436
2027,Codeforces Round 982 (Div. 2),Pathya,6277,1729960500,982,1038
2027,Codeforces Round 982 (Div. 2),hrushiK1415,6277,1729960500,1168,1169
2027,Codeforces Round 982 (Div. 2),Nobita-Niyan,6277,1729960500,1111,1128
2027,Codeforces Round 982 (Div. 2),Darkknight20,6277,1729960500,1184,1181
2027,Codeforces Round 982 (Div. 2),asishsamanta032,6277,1729960500,369,694
2027,Codeforces Round 982 (Div. 2),equeen,6277,1729960500,1522,1440
2027,Codeforces Round 982 (Div. 2),Deep.DTWiz31,6277,1729960500,1025,1067
2027,Codeforces Round 982 (Div. 2),SnehDadhania,6277,1729960500,1236,1219
2027,Codeforces Round 982 (Div. 2),jaggs1126,6277,1729960500,1235,1218
2027,Codeforces Round 982 (Div. 2),ankushbalse87,6277,1729960500,1481,1407
2027,Codeforces Round 982 (Div. 2),Boori_boori_zaimon,6277,1729960500,1194,1188
2027,Codeforces Round 982 (Div. 2),zach24,6277,1729960500,1072,1100
2027,Codeforces Round 982 (Div. 2),sky1097,6277,1729960500,1194,1188
2027,Codeforces Round 982 (Div. 2),berry_10,6277,1729960500,1123,1136
2027,Codeforces Round 982 (Div. 2),Daksh_Mor,6277,1729960500,1127,1139
2027,Codeforces Round 982 (Div. 2),linxuan_MY,6277,1729960500,1240,1222
2027,Codeforces Round 982 (Div. 2),ramG_reddy,6277,1729960500,1288,1259
2027,Codeforces Round 982 (Div. 2),sami_kh,6277,1729960500,1375,1325
2027,Codeforces Round 982 (Div. 2),prashant24816gp,6277,1729960500,1045,1081
2027,Codeforces Round 982 (Div. 2),ShvetsovMakar,6277,1729960500,1110,1163
2027,Codeforces Round 982 (Div. 2),pavankarthik4986,6277,1729960500,953,1019
2027,Codeforces Round 982 (Div. 2),_Jezz,6277,1729960500,1099,1119
2027,Codeforces Round 982 (Div. 2),PokeCoder,6277,1729960500,1286,1257
2027,Codeforces Round 982 (Div. 2),dhruv_goel_07,6277,1729960500,1095,1116
2027,Codeforces Round 982 (Div. 2),Noskash,6277,1729960500,850,1006
2027,Codeforces Round 982 (Div. 2),BasicDev04,6277,1729960500,1019,1063
2027,Codeforces Round 982 (Div. 2),ShinChan5,6277,1729960500,852,953
2027,Codeforces Round 982 (Div. 2),Maverick_1005,6277,1729960500,1213,1202
2027,Codeforces Round 982 (Div. 2),ramtejp1607,6277,1729960500,1076,1103
2027,Codeforces Round 982 (Div. 2),KD6-3.7,6277,1729960500,1285,1256
2027,Codeforces Round 982 (Div. 2),TANAY1235,6277,1729960500,898,983
2027,Codeforces Round 982 (Div. 2),Dev2211,6277,1729960500,1106,1124
2027,Codeforces Round 982 (Div. 2),aradyaShetty,6310,1729960500,790,915
2027,Codeforces Round 982 (Div. 2),Flamel,6310,1729960500,906,987
2027,Codeforces Round 982 (Div. 2),int_main_character,6310,1729960500,1368,1319
2027,Codeforces Round 982 (Div. 2),Zor,6310,1729960500,1075,1102
2027,Codeforces Round 982 (Div. 2),rishitverma,6310,1729960500,688,920
2027,Codeforces Round 982 (Div. 2),M7A7,6310,1729960500,1289,1259
2027,Codeforces Round 982 (Div. 2),Consistent_Contest,6310,1729960500,1192,1186
2027,Codeforces Round 982 (Div. 2),suseelkumar2006,6310,1729960500,1487,1412
2027,Codeforces Round 982 (Div. 2),ShivamG93,6310,1729960500,1269,1244
2027,Codeforces Round 982 (Div. 2),Pubby_2005,6310,1729960500,1107,1124
2027,Codeforces Round 982 (Div. 2),_NabeelAhsan_,6310,1729960500,1193,1187
2027,Codeforces Round 982 (Div. 2),sahil_1807,6310,1729960500,890,977
2027,Codeforces Round 982 (Div. 2),mrkushkansal,6310,1729960500,1080,1141
2027,Codeforces Round 982 (Div. 2),tanuj2909,6310,1729960500,1055,1088
2027,Codeforces Round 982 (Div. 2),Limon4ick5666,6310,1729960500,0,449
2027,Codeforces Round 982 (Div. 2),SunRX,6310,1729960500,1312,1276
2027,Codeforces Round 982 (Div. 2),GRVkmr,6310,1729960500,1116,1131
2027,Codeforces Round 982 (Div. 2),KichhuMichhu,6310,1729960500,1214,1202
2027,Codeforces Round 982 (Div. 2),Coderman_47,6310,1729960500,1097,1117
2027,Codeforces Round 982 (Div. 2),shivam_alt,6310,1729960500,0,449
2027,Codeforces Round 982 (Div. 2),hanyazu,6310,1729960500,1177,1175
2027,Codeforces Round 982 (Div. 2),Anirudh_Singh2479,6310,1729960500,955,1053
2027,Codeforces Round 982 (Div. 2),Phoenix_petrel,6310,1729960500,1090,1112
2027,Codeforces Round 982 (Div. 2),ZeldaandLink,6310,1729960500,1150,1192
2027,Codeforces Round 982 (Div. 2),prcsh14,6310,1729960500,1207,1197
2027,Codeforces Round 982 (Div. 2),A_Haridy,6310,1729960500,943,1012
2027,Codeforces Round 982 (Div. 2),13_pihul,6336,1729960500,1041,1078
2027,Codeforces Round 982 (Div. 2),rammmmmmmm,6336,1729960500,783,957
2027,Codeforces Round 982 (Div. 2),Shantanu_.1,6336,1729960500,1067,1131
2027,Codeforces Round 982 (Div. 2),christmas964,6336,1729960500,1118,1193
2027,Codeforces Round 982 (Div. 2),MaheshwariAnubhav,6336,1729960500,1033,1072
2027,Codeforces Round 982 (Div. 2),nazml1010,6336,1729960500,1057,1089
2027,Codeforces Round 982 (Div. 2),blackpanther1729,6336,1729960500,830,939
2027,Codeforces Round 982 (Div. 2),rishavk,6343,1729960500,1181,1177
2027,Codeforces Round 982 (Div. 2),prasannads,6343,1729960500,1010,1056
2027,Codeforces Round 982 (Div. 2),s_h_e_p_l,6343,1729960500,1137,1145
2027,Codeforces Round 982 (Div. 2),PriyanshuSharma0222,6343,1729960500,1576,1481
2027,Codeforces Round 982 (Div. 2),griffith911,6343,1729960500,1407,1349
2027,Codeforces Round 982 (Div. 2),Arif_07,6343,1729960500,933,1004
2027,Codeforces Round 982 (Div. 2),nawneetupadhyay15,6343,1729960500,1023,1065
2027,Codeforces Round 982 (Div. 2),Nappiz,6343,1729960500,1197,1189
2027,Codeforces Round 982 (Div. 2),Armiez,6343,1729960500,1281,1252
2027,Codeforces Round 982 (Div. 2),Alice486,6343,1729960500,424,735
2027,Codeforces Round 982 (Div. 2),shaker-500,6343,1729960500,968,1027
2027,Codeforces Round 982 (Div. 2),iamneerajhari,6343,1729960500,1188,1182
2027,Codeforces Round 982 (Div. 2),Abuseini,6343,1729960500,1172,1171
2027,Codeforces Round 982 (Div. 2),SachinPec,6343,1729960500,1142,1149
2027,Codeforces Round 982 (Div. 2),Capnin,6343,1729960500,944,1011
2027,Codeforces Round 982 (Div. 2),kd_123,6343,1729960500,1244,1224
2027,Codeforces Round 982 (Div. 2),kartavya22236,6343,1729960500,1031,1070
2027,Codeforces Round 982 (Div. 2),Badhon_1,6343,1729960500,1049,1083
2027,Codeforces Round 982 (Div. 2),Hari_Narayan1,6343,1729960500,973,1031
2027,Codeforces Round 982 (Div. 2),miragearush,6343,1729960500,1316,1279
2027,Codeforces Round 982 (Div. 2),Owasim_Akram,6343,1729960500,982,1071
2027,Codeforces Round 982 (Div. 2),BahtiX,6343,1729960500,1182,1178
2027,Codeforces Round 982 (Div. 2),-naveen-,6343,1729960500,1049,1083
2027,Codeforces Round 982 (Div. 2),poxiao019,6343,1729960500,1010,1056
2027,Codeforces Round 982 (Div. 2),vishal_khanna,6343,1729960500,1133,1142
2027,Codeforces Round 982 (Div. 2),emperial_ishan,6368,1729960500,1146,1151
2027,Codeforces Round 982 (Div. 2),NoThingImportant,6368,1729960500,1118,1131
2027,Codeforces Round 982 (Div. 2),yuki_suou,6368,1729960500,1497,1419
2027,Codeforces Round 982 (Div. 2),b7b_elgyaar,6368,1729960500,1020,1119
2027,Codeforces Round 982 (Div. 2),BandWidth_03,6368,1729960500,1150,1154
2027,Codeforces Round 982 (Div. 2),mbycxkyztt,6368,1729960500,1127,1138
2027,Codeforces Round 982 (Div. 2),The_One_Who,6368,1729960500,1260,1274
2027,Codeforces Round 982 (Div. 2),qiqi_0507sinan,6368,1729960500,682,915
2027,Codeforces Round 982 (Div. 2),Kishansingh47,6368,1729960500,1304,1269
2027,Codeforces Round 982 (Div. 2),kushanava_ghosh,6368,1729960500,1308,1272
2027,Codeforces Round 982 (Div. 2),bhargavsompura07,6368,1729960500,1222,1207
2027,Codeforces Round 982 (Div. 2),Akhil_13_Rana,6368,1729960500,936,1006
2027,Codeforces Round 982 (Div. 2),feridqurbanov333,6368,1729960500,415,728
2027,Codeforces Round 982 (Div. 2),the_Ali_mhz,6368,1729960500,910,1022
2027,Codeforces Round 982 (Div. 2),pycharm15,6368,1729960500,1042,1077
2027,Codeforces Round 982 (Div. 2),pankaj071,6368,1729960500,801,920
2027,Codeforces Round 982 (Div. 2),hahahaaa,6384,1729960500,1146,1151
2027,Codeforces Round 982 (Div. 2),SilviuC25,6384,1729960500,1368,1318
2027,Codeforces Round 982 (Div. 2),balls,6384,1729960500,867,1016
2027,Codeforces Round 982 (Div. 2),shruti8237,6384,1729960500,1172,1170
2027,Codeforces Round 982 (Div. 2),boringskates,6384,1729960500,0,448
2027,Codeforces Round 982 (Div. 2),CruelKroatos,6384,1729960500,998,1115
2027,Codeforces Round 982 (Div. 2),fa_fayaz,6384,1729960500,863,958
2027,Codeforces Round 982 (Div. 2),Flareon,6384,1729960500,693,923
2027,Codeforces Round 982 (Div. 2),_safalkumar_,6384,1729960500,1071,1133
2027,Codeforces Round 982 (Div. 2),abhaymishra8765,6384,1729960500,1457,1387
2027,Codeforces Round 982 (Div. 2),theFaith,6384,1729960500,1146,1151
2027,Codeforces Round 982 (Div. 2),donquixote_2shar,6384,1729960500,1132,1141
2027,Codeforces Round 982 (Div. 2),MohmedGado_255,6384,1729960500,889,975
2027,Codeforces Round 982 (Div. 2),vasasaumya3084,6384,1729960500,1192,1185
2027,Codeforces Round 982 (Div. 2),BlueCold,6384,1729960500,733,953
2027,Codeforces Round 982 (Div. 2),nh0znoisung,6384,1729960500,1136,1144
2027,Codeforces Round 982 (Div. 2),ChiMu,6384,1729960500,1125,1135
2027,Codeforces Round 982 (Div. 2),towncoder_ps,6384,1729960500,1453,1384
2027,Codeforces Round 982 (Div. 2),vishwanathdarur27,6384,1729960500,1190,1183
2027,Codeforces Round 982 (Div. 2),jayden1000,6384,1729960500,1067,1094
2027,Codeforces Round 982 (Div. 2),sid_31,6404,1729960500,881,969
2027,Codeforces Round 982 (Div. 2),n74470048,6404,1729960500,1265,1239
2027,Codeforces Round 982 (Div. 2),XeroxFlynn,6404,1729960500,1281,1251
2027,Codeforces Round 982 (Div. 2),adit_arora,6404,1729960500,616,865
2027,Codeforces Round 982 (Div. 2),javier30,6404,1729960500,1039,1075
2027,Codeforces Round 982 (Div. 2),cam_coder,6404,1729960500,1068,1095
2027,Codeforces Round 982 (Div. 2),_dbj_,6404,1729960500,1536,1449
2027,Codeforces Round 982 (Div. 2),Frankstein007,6404,1729960500,1080,1103
2027,Codeforces Round 982 (Div. 2),Tirtha_Manan_Das,6404,1729960500,1223,1207
2027,Codeforces Round 982 (Div. 2),YFJT,6404,1729960500,902,1042
2027,Codeforces Round 982 (Div. 2),godzilla2.0,6404,1729960500,971,1028
2027,Codeforces Round 982 (Div. 2),apollo07,6404,1729960500,1172,1170
2027,Codeforces Round 982 (Div. 2),THEbug666,6404,1729960500,1067,1094
2027,Codeforces Round 982 (Div. 2),rifatbroh,6404,1729960500,921,995
2027,Codeforces Round 982 (Div. 2),osydoong,6418,1729960500,1240,1220
2027,Codeforces Round 982 (Div. 2),MuhammedNashaat,6418,1729960500,916,991
2027,Codeforces Round 982 (Div. 2),Learner0001,6418,1729960500,1242,1221
2027,Codeforces Round 982 (Div. 2),paramj,6418,1729960500,1073,1098
2027,Codeforces Round 982 (Div. 2),Fortius,6418,1729960500,941,1008
2027,Codeforces Round 982 (Div. 2),Sukhbir_bachhal,6418,1729960500,1105,1121
2027,Codeforces Round 982 (Div. 2),skilledd,6418,1729960500,947,1012
2027,Codeforces Round 982 (Div. 2),test2023,6418,1729960500,568,830
2027,Codeforces Round 982 (Div. 2),shivamdubey9963,6418,1729960500,1021,1097
2027,Codeforces Round 982 (Div. 2),maryam_abdelhady_,6418,1729960500,955,1017
2027,Codeforces Round 982 (Div. 2),ace055,6418,1729960500,1170,1168
2027,Codeforces Round 982 (Div. 2),pranathi0417,6418,1729960500,867,960
2027,Codeforces Round 982 (Div. 2),_Skars_,6418,1729960500,1099,1116
2027,Codeforces Round 982 (Div. 2),darkkid,6418,1729960500,1101,1118
2027,Codeforces Round 982 (Div. 2),wypaddi,6418,1729960500,1256,1232
2027,Codeforces Round 982 (Div. 2),Shakya_Himanshu,6418,1729960500,369,692
2027,Codeforces Round 982 (Div. 2),arnav_satwik,6434,1729960500,1131,1139
2027,Codeforces Round 982 (Div. 2),Robiul_Islam_,6434,1729960500,1225,1208
2027,Codeforces Round 982 (Div. 2),crown_prince_leo,6434,1729960500,1360,1311
2027,Codeforces Round 982 (Div. 2),admi02,6434,1729960500,939,1068
2027,Codeforces Round 982 (Div. 2),nekrei,6434,1729960500,1167,1165
2027,Codeforces Round 982 (Div. 2),abhishekkkk,6434,1729960500,1184,1178
2027,Codeforces Round 982 (Div. 2),kuluk_2.0,6434,1729960500,1178,1173
2027,Codeforces Round 982 (Div. 2),aman2k5,6434,1729960500,901,981
2027,Codeforces Round 982 (Div. 2),_39Tempest,6434,1729960500,1402,1343
2027,Codeforces Round 982 (Div. 2),geekofShadow,6434,1729960500,1039,1074
2027,Codeforces Round 982 (Div. 2),Nikhildeshmukh,6434,1729960500,1072,1097
2027,Codeforces Round 982 (Div. 2),Sha_mim,6434,1729960500,1415,1354
2027,Codeforces Round 982 (Div. 2),Makhon58,6434,1729960500,1137,1144
2027,Codeforces Round 982 (Div. 2),tetrahydropyranyl,6434,1729960500,513,802
2027,Codeforces Round 982 (Div. 2),ashwini_codes,6434,1729960500,907,985
2027,Codeforces Round 982 (Div. 2),md_ashraful_islam,6434,1729960500,1393,1336
2027,Codeforces Round 982 (Div. 2),productsystem,6434,1729960500,890,1032
2027,Codeforces Round 982 (Div. 2),_D-One_,6434,1729960500,1360,1311
2027,Codeforces Round 982 (Div. 2),67plus,6434,1729960500,1432,1367
2027,Codeforces Round 982 (Div. 2),harkodee,6434,1729960500,1202,1191
2027,Codeforces Round 982 (Div. 2),grim.reaper.25,6434,1729960500,1417,1355
2027,Codeforces Round 982 (Div. 2),ashishsutar1210,6434,1729960500,1564,1470
2027,Codeforces Round 982 (Div. 2),not_real_krishs,6434,1729960500,933,1055
2027,Codeforces Round 982 (Div. 2),coder_adarsh,6457,1729960500,905,983
2027,Codeforces Round 982 (Div. 2),jayceYY,6457,1729960500,1399,1340
2027,Codeforces Round 982 (Div. 2),Virajranjan,6457,1729960500,1226,1208
2027,Codeforces Round 982 (Div. 2),pavana0468,6457,1729960500,1256,1231
2027,Codeforces Round 982 (Div. 2),root_coder,6457,1729960500,1082,1103
2027,Codeforces Round 982 (Div. 2),Thundervolt,6457,1729960500,1512,1429
2027,Codeforces Round 982 (Div. 2),GreetTheCosmos,6457,1729960500,1106,1196
2027,Codeforces Round 982 (Div. 2),priyansh_max,6457,1729960500,1040,1074
2027,Codeforces Round 982 (Div. 2),haloi,6457,1729960500,1042,1075
2027,Codeforces Round 982 (Div. 2),_Infinity_Leo_,6457,1729960500,1016,1057
2027,Codeforces Round 982 (Div. 2),montugol32,6457,1729960500,1081,1103
2027,Codeforces Round 982 (Div. 2),abanoub_yousry,6457,1729960500,1022,1061
2027,Codeforces Round 982 (Div. 2),viv414,6457,1729960500,1003,1048
2027,Codeforces Round 982 (Div. 2),Think-twice-write-once,6457,1729960500,1045,1077
2027,Codeforces Round 982 (Div. 2),hs.xx,6457,1729960500,972,1027
2027,Codeforces Round 982 (Div. 2),CoderNumber1,6457,1729960500,829,987
2027,Codeforces Round 982 (Div. 2),Tarek_Ware,6457,1729960500,941,1006
2027,Codeforces Round 982 (Div. 2),laharirao,6457,1729960500,895,977
2027,Codeforces Round 982 (Div. 2),GAL1LEO-DC,6457,1729960500,1010,1053
2027,Codeforces Round 982 (Div. 2),ritish5125,6457,1729960500,1264,1237
2027,Codeforces Round 982 (Div. 2),Moonfr4ction,6457,1729960500,1373,1321
2027,Codeforces Round 982 (Div. 2),sgewux,6457,1729960500,1202,1190
2027,Codeforces Round 982 (Div. 2),Rishabhwa,6457,1729960500,1071,1096
2027,Codeforces Round 982 (Div. 2),Suvankar9051,6480,1729960500,1287,1255
2027,Codeforces Round 982 (Div. 2),rythmtheif,6480,1729960500,357,682
2027,Codeforces Round 982 (Div. 2),Sadi_Hurayv,6480,1729960500,1312,1274
2027,Codeforces Round 982 (Div. 2),ashraftanvir01,6480,1729960500,1420,1357
2027,Codeforces Round 982 (Div. 2),Otherwordly,6480,1729960500,1377,1323
2027,Codeforces Round 982 (Div. 2),SacredSpear,6480,1729960500,389,706
2027,Codeforces Round 982 (Div. 2),nimoxide,6480,1729960500,1232,1213
2027,Codeforces Round 982 (Div. 2),sumit1709,6480,1729960500,909,1045
2027,Codeforces Round 982 (Div. 2),vasishta_04,6480,1729960500,880,966
2027,Codeforces Round 982 (Div. 2),shuvo_sarker4,6480,1729960500,926,1030
2027,Codeforces Round 982 (Div. 2),_Istiak,6480,1729960500,1154,1155
2027,Codeforces Round 982 (Div. 2),expect9,6480,1729960500,1013,1055
2027,Codeforces Round 982 (Div. 2),aayushi.s3,6480,1729960500,1096,1113
2027,Codeforces Round 982 (Div. 2),Shaido,6493,1729960500,1218,1202
2027,Codeforces Round 982 (Div. 2),Jeevan_kumar_54,6493,1729960500,1099,1115
2027,Codeforces Round 982 (Div. 2),hnust_zhangshuai,6493,1729960500,0,447
2027,Codeforces Round 982 (Div. 2),nskzaya,6493,1729960500,1381,1326
2027,Codeforces Round 982 (Div. 2),Aadi61,6493,1729960500,988,1093
2027,Codeforces Round 982 (Div. 2),ankitanumothu,6493,1729960500,1199,1188
2027,Codeforces Round 982 (Div. 2),Shinchan008,6493,1729960500,1274,1244
2027,Codeforces Round 982 (Div. 2),akash9518,6493,1729960500,834,990
2027,Codeforces Round 982 (Div. 2),kripanshu877,6493,1729960500,1217,1201
2027,Codeforces Round 982 (Div. 2),RoyaleWithCheese069,6493,1729960500,946,1063
2027,Codeforces Round 982 (Div. 2),Reagger,6493,1729960500,1175,1170
2027,Codeforces Round 982 (Div. 2),Mostafa_Alaa99,6493,1729960500,1380,1326
2027,Codeforces Round 982 (Div. 2),kruthin_reddy,6493,1729960500,864,1012
2027,Codeforces Round 982 (Div. 2),Riser_123,6493,1729960500,1072,1096
2027,Codeforces Round 982 (Div. 2),kwyjibo_waifu,6493,1729960500,1046,1149
2027,Codeforces Round 982 (Div. 2),ad8ya_,6493,1729960500,1293,1259
2027,Codeforces Round 982 (Div. 2),jafarbekyusupov,6509,1729960500,361,684
2027,Codeforces Round 982 (Div. 2),Isaac-Spoiler,6509,1729960500,1533,1445
2027,Codeforces Round 982 (Div. 2),faniriana,6509,1729960500,1199,1188
2027,Codeforces Round 982 (Div. 2),Omu_Planta,6509,1729960500,1096,1112
2027,Codeforces Round 982 (Div. 2),Heistist420,6509,1729960500,1000,1045
2027,Codeforces Round 982 (Div. 2),ashishranjan88,6509,1729960500,755,889
2027,Codeforces Round 982 (Div. 2),Kartiknagrale,6509,1729960500,1015,1056
2027,Codeforces Round 982 (Div. 2),kiero,6509,1729960500,1098,1114
2027,Codeforces Round 982 (Div. 2),hemuzhou,6509,1729960500,1353,1304
2027,Codeforces Round 982 (Div. 2),_gajju,6509,1729960500,1078,1099
2027,Codeforces Round 982 (Div. 2),aleksandrrrrr,6509,1729960500,1240,1218
2027,Codeforces Round 982 (Div. 2),HiderNS,6509,1729960500,1123,1132
2027,Codeforces Round 982 (Div. 2),Ashraful305,6509,1729960500,1132,1138
2027,Codeforces Round 982 (Div. 2),sakshisahu_27,6509,1729960500,1113,1124
2027,Codeforces Round 982 (Div. 2),manish110,6509,1729960500,1000,1080
2027,Codeforces Round 982 (Div. 2),A_M_M,6509,1729960500,834,937
2027,Codeforces Round 982 (Div. 2),HemantPathak,6509,1729960500,1055,1084
2027,Codeforces Round 982 (Div. 2),_Amrndr_,6509,1729960500,994,1041
2027,Codeforces Round 982 (Div. 2),abhi_14gyan,6527,1729960500,1178,1171
2027,Codeforces Round 982 (Div. 2),dkkk,6527,1729960500,941,1058
2027,Codeforces Round 982 (Div. 2),TheIuliuss,6527,1729960500,375,694
2027,Codeforces Round 982 (Div. 2),Reaper08,6527,1729960500,1198,1250
2027,Codeforces Round 982 (Div. 2),Risan99,6527,1729960500,1304,1267
2027,Codeforces Round 982 (Div. 2),G_mohi_,6527,1729960500,869,1015
2027,Codeforces Round 982 (Div. 2),xft,6527,1729960500,1310,1271
2027,Codeforces Round 982 (Div. 2),bartilyska,6527,1729960500,1485,1407
2027,Codeforces Round 982 (Div. 2),AJ_CF,6527,1729960500,912,1019
2027,Codeforces Round 982 (Div. 2),Enum2,6527,1729960500,1128,1135
2027,Codeforces Round 982 (Div. 2),korwu,6527,1729960500,1046,1077
2027,Codeforces Round 982 (Div. 2),coderakhand,6527,1729960500,1144,1147
2027,Codeforces Round 982 (Div. 2),EngineerAnish,6527,1729960500,987,1036
2027,Codeforces Round 982 (Div. 2),Ayush.Mishra,6527,1729960500,1169,1165
2027,Codeforces Round 982 (Div. 2),nitish_0201,6527,1729960500,937,1003
2027,Codeforces Round 982 (Div. 2),Div0013,6527,1729960500,1272,1242
2027,Codeforces Round 982 (Div. 2),md_husain,6527,1729960500,1233,1212
2027,Codeforces Round 982 (Div. 2),harshagrawal04,6544,1729960500,1003,1047
2027,Codeforces Round 982 (Div. 2),f20221318,6544,1729960500,1564,1469
2027,Codeforces Round 982 (Div. 2),chaudharyhepin,6544,1729960500,903,980
2027,Codeforces Round 982 (Div. 2),hasanjakir,6544,1729960500,1161,1159
2027,Codeforces Round 982 (Div. 2),nikhil_sharma_29,6544,1729960500,1217,1200
2027,Codeforces Round 982 (Div. 2),DalChawal,6544,1729960500,1221,1203
2027,Codeforces Round 982 (Div. 2),Kernel22,6544,1729960500,1098,1113
2027,Codeforces Round 982 (Div. 2),Ayaman,6544,1729960500,1204,1190
2027,Codeforces Round 982 (Div. 2),dimtwilight,6544,1729960500,1274,1243
2027,Codeforces Round 982 (Div. 2),404TalentNotFound,6544,1729960500,939,1003
2027,Codeforces Round 982 (Div. 2),lakshyatyagi,6544,1729960500,1242,1220
2027,Codeforces Round 982 (Div. 2),Ultapalta69,6544,1729960500,1103,1153
2027,Codeforces Round 982 (Div. 2),UBKHR,6544,1729960500,1187,1178
2027,Codeforces Round 982 (Div. 2),JaWa_fav,6544,1729960500,1047,1077
2027,Codeforces Round 982 (Div. 2),zupey,6558,1729960500,1261,1234
2027,Codeforces Round 982 (Div. 2),hlzy,6559,1729960500,1157,1155
2027,Codeforces Round 982 (Div. 2),Pulkeshin,6559,1729960500,1127,1134
2027,Codeforces Round 982 (Div. 2),Talha_19,6559,1729960500,644,883
2027,Codeforces Round 982 (Div. 2),sajaljhaa,6559,1729960500,400,713
2027,Codeforces Round 982 (Div. 2),YousefSeyam,6559,1729960500,994,1040
2027,Codeforces Round 982 (Div. 2),bionicrjk,6559,1729960500,414,724
2027,Codeforces Round 982 (Div. 2),adevansh2005,6559,1729960500,1060,1086
2027,Codeforces Round 982 (Div. 2),Manikanta420,6559,1729960500,1090,1143
2027,Codeforces Round 982 (Div. 2),cbcbcb,6559,1729960500,865,955
2027,Codeforces Round 982 (Div. 2),C0DER_07,6559,1729960500,758,889
2027,Codeforces Round 982 (Div. 2),keyansheng,6559,1729960500,1300,1263
2027,Codeforces Round 982 (Div. 2),BurgerGuy,6559,1729960500,1232,1211
2027,Codeforces Round 982 (Div. 2),Shubh_2005,6559,1729960500,1114,1124
2027,Codeforces Round 982 (Div. 2),rithvick_1288,6559,1729960500,840,939
2027,Codeforces Round 982 (Div. 2),subhamnayak2918,6559,1729960500,1089,1106
2027,Codeforces Round 982 (Div. 2),Mikura,6559,1729960500,1142,1144
2027,Codeforces Round 982 (Div. 2),Little_Giant,6575,1729960500,922,1053
2027,Codeforces Round 982 (Div. 2),Autu_Rain,6575,1729960500,1153,1152
2027,Codeforces Round 982 (Div. 2),Sujal01,6575,1729960500,927,1057
2027,Codeforces Round 982 (Div. 2),Sunshine0192,6575,1729960500,854,1003
2027,Codeforces Round 982 (Div. 2),3_Eternities,6575,1729960500,0,445
2027,Codeforces Round 982 (Div. 2),SunMoon97,6575,1729960500,1107,1119
2027,Codeforces Round 982 (Div. 2),Shajjadul_ferdous,6575,1729960500,1206,1191
2027,Codeforces Round 982 (Div. 2),azazel-oss,6575,1729960500,1092,1108
2027,Codeforces Round 982 (Div. 2),rohith1005H,6575,1729960500,1330,1286
2027,Codeforces Round 982 (Div. 2),vuysztrcKJBHVIUVbkjbkhj,6575,1729960500,1080,1159
2027,Codeforces Round 982 (Div. 2),joj00,6575,1729960500,931,997
2027,Codeforces Round 982 (Div. 2),szpu_ark,6575,1729960500,1280,1247
2027,Codeforces Round 982 (Div. 2),mayank.arora,6575,1729960500,955,1013
2027,Codeforces Round 982 (Div. 2),Naitikshah,6588,1729960500,1148,1148
2027,Codeforces Round 982 (Div. 2),vanshrajsingh954,6588,1729960500,1205,1190
2027,Codeforces Round 982 (Div. 2),sohamanwane111,6588,1729960500,438,741
2027,Codeforces Round 982 (Div. 2),ankitVerma01,6588,1729960500,798,999
2027,Codeforces Round 982 (Div. 2),Zainic,6588,1729960500,1205,1190
2027,Codeforces Round 982 (Div. 2),lucypher,6588,1729960500,946,1007
2027,Codeforces Round 982 (Div. 2),Rahat48,6588,1729960500,513,750
2027,Codeforces Round 982 (Div. 2),sachin1829,6588,1729960500,1364,1311
2027,Codeforces Round 982 (Div. 2),sds_2005,6588,1729960500,1108,1119
2027,Codeforces Round 982 (Div. 2),goyzsc,6588,1729960500,1001,1044
2027,Codeforces Round 982 (Div. 2),oborozuki,6588,1729960500,662,895
2027,Codeforces Round 982 (Div. 2),farhan_azad,6588,1729960500,753,885
2027,Codeforces Round 982 (Div. 2),manishhingar28,6588,1729960500,854,947
2027,Codeforces Round 982 (Div. 2),Alpha_04.,6588,1729960500,1184,1175
2027,Codeforces Round 982 (Div. 2),thietgia3452002,6588,1729960500,1315,1274
2027,Codeforces Round 982 (Div. 2),depressed,6588,1729960500,936,1000
2027,Codeforces Round 982 (Div. 2),WorstNormal,6588,1729960500,1361,1309
2027,Codeforces Round 982 (Div. 2),Varun301004,6588,1729960500,1119,1164
2027,Codeforces Round 982 (Div. 2),Egor_Bezbabchenko,6588,1729960500,1294,1257
2027,Codeforces Round 982 (Div. 2),rj3377295,6607,1729960500,1043,1073
2027,Codeforces Round 982 (Div. 2),kousik123,6607,1729960500,1079,1098
2027,Codeforces Round 982 (Div. 2),Al_Faiaj_Anon,6607,1729960500,1074,1094
2027,Codeforces Round 982 (Div. 2),Aridaman8,6607,1729960500,1216,1198
2027,Codeforces Round 982 (Div. 2),kavinshah290304,6607,1729960500,1130,1135
2027,Codeforces Round 982 (Div. 2),Klakson1,6607,1729960500,1016,1089
2027,Codeforces Round 982 (Div. 2),chandelankit001,6607,1729960500,1160,1157
2027,Codeforces Round 982 (Div. 2),Harsh2005,6607,1729960500,1205,1190
2027,Codeforces Round 982 (Div. 2),genshin-expert,6607,1729960500,1330,1285
2027,Codeforces Round 982 (Div. 2),Ace_18,6607,1729960500,1058,1083
2027,Codeforces Round 982 (Div. 2),Mr_Ashes_2004,6607,1729960500,698,852
2027,Codeforces Round 982 (Div. 2),Asacker,6607,1729960500,908,982
2027,Codeforces Round 982 (Div. 2),DanielAbad,6607,1729960500,1000,1112
2027,Codeforces Round 982 (Div. 2),lingluya,6607,1729960500,1383,1326
2027,Codeforces Round 982 (Div. 2),hello_olleh,6607,1729960500,1136,1139
2027,Codeforces Round 982 (Div. 2),bazaraa,6607,1729960500,1164,1159
2027,Codeforces Round 982 (Div. 2),wjl2023,6607,1729960500,1132,1136
2027,Codeforces Round 982 (Div. 2),merdog,6624,1729960500,1096,1186
2027,Codeforces Round 982 (Div. 2),vedant-k,6625,1729960500,1263,1233
2027,Codeforces Round 982 (Div. 2),aasimamisaa,6625,1729960500,1217,1198
2027,Codeforces Round 982 (Div. 2),Vineel_Krishna,6625,1729960500,962,1017
2027,Codeforces Round 982 (Div. 2),Maneendhar,6625,1729960500,1096,1109
2027,Codeforces Round 982 (Div. 2),Abhisekcp,6625,1729960500,1093,1108
2027,Codeforces Round 982 (Div. 2),winnietheSUii,6625,1729960500,1016,1053
2027,Codeforces Round 982 (Div. 2),ChiyoYuki,6625,1729960500,1499,1416
2027,Codeforces Round 982 (Div. 2),duttasagnik,6625,1729960500,1408,1345
2027,Codeforces Round 982 (Div. 2),THE_DARKHORSE,6625,1729960500,1386,1328
2027,Codeforces Round 982 (Div. 2),VivianShen,6625,1729960500,0,445
2027,Codeforces Round 982 (Div. 2),XDLOL_23,6625,1729960500,1098,1111
2027,Codeforces Round 982 (Div. 2),tawhidmonowar,6625,1729960500,1111,1120
2027,Codeforces Round 982 (Div. 2),ccgg23,6625,1729960500,0,445
2027,Codeforces Round 982 (Div. 2),dord,6625,1729960500,917,1048
2027,Codeforces Round 982 (Div. 2),adityaabhilash,6625,1729960500,1157,1154
2027,Codeforces Round 982 (Div. 2),baoqg9104,6625,1729960500,698,922
2027,Codeforces Round 982 (Div. 2),Xeroficator,6625,1729960500,1416,1351
2027,Codeforces Round 982 (Div. 2),AcrSahil,6625,1729960500,727,868
2027,Codeforces Round 982 (Div. 2),Veldora123,6625,1729960500,780,985
2027,Codeforces Round 982 (Div. 2),maddy03,6625,1729960500,1032,1065
2027,Codeforces Round 982 (Div. 2),akhil_89,6625,1729960500,827,982
2027,Codeforces Round 982 (Div. 2),_hadyr_,6646,1729960500,1184,1173
2027,Codeforces Round 982 (Div. 2),demot.r,6646,1729960500,1073,1093
2027,Codeforces Round 982 (Div. 2),khan.daniyal1329,6646,1729960500,1176,1168
2027,Codeforces Round 982 (Div. 2),pipo123,6646,1729960500,1058,1082
2027,Codeforces Round 982 (Div. 2),Mosab_Mohamed,6646,1729960500,700,923
2027,Codeforces Round 982 (Div. 2),AdarSharma,6646,1729960500,885,966
2027,Codeforces Round 982 (Div. 2),GVSaiPraneeth,6646,1729960500,1400,1338
2027,Codeforces Round 982 (Div. 2),SaimaJST,6646,1729960500,1094,1108
2027,Codeforces Round 982 (Div. 2),elyapem,6646,1729960500,795,959
2027,Codeforces Round 982 (Div. 2),Ansus11,6646,1729960500,945,1005
2027,Codeforces Round 982 (Div. 2),Mohd_Harish,6646,1729960500,939,1001
2027,Codeforces Round 982 (Div. 2),_Robi,6646,1729960500,804,915
2027,Codeforces Round 982 (Div. 2),AndreyTatarinov,6646,1729960500,1185,1174
2027,Codeforces Round 982 (Div. 2),farhan_2204,6646,1729960500,1396,1335
2027,Codeforces Round 982 (Div. 2),BlackBird609,6646,1729960500,1159,1155
2027,Codeforces Round 982 (Div. 2),Snegurka,6646,1729960500,1092,1106
2027,Codeforces Round 982 (Div. 2),Mariom,6646,1729960500,1357,1305
2027,Codeforces Round 982 (Div. 2),varsh_itha,6646,1729960500,726,868
2027,Codeforces Round 982 (Div. 2),harvsftw,6664,1729960500,1753,1618
2027,Codeforces Round 982 (Div. 2),AleFlash,6664,1729960500,967,1086
2027,Codeforces Round 982 (Div. 2),sreemanth2909,6666,1729960500,1183,1173
2027,Codeforces Round 982 (Div. 2),efendi,6666,1729960500,1023,1057
2027,Codeforces Round 982 (Div. 2),Not_Deserve,6666,1729960500,1372,1316
2027,Codeforces Round 982 (Div. 2),boluowang,6666,1729960500,1145,1144
2027,Codeforces Round 982 (Div. 2),sarveshjoshi29,6666,1729960500,869,1012
2027,Codeforces Round 982 (Div. 2),Aspirebugs,6666,1729960500,1243,1218
2027,Codeforces Round 982 (Div. 2),Sakshi_22,6666,1729960500,1073,1092
2027,Codeforces Round 982 (Div. 2),andaimark,6666,1729960500,982,1142
2027,Codeforces Round 982 (Div. 2),harshkrgupta,6666,1729960500,1237,1213
2027,Codeforces Round 982 (Div. 2),dcfan2612,6666,1729960500,1226,1205
2027,Codeforces Round 982 (Div. 2),Shihab567,6666,1729960500,1186,1174
2027,Codeforces Round 982 (Div. 2),Archit_arch,6666,1729960500,887,999
2027,Codeforces Round 982 (Div. 2),OmMaheshwari,6666,1729960500,1125,1130
2027,Codeforces Round 982 (Div. 2),Tofik_Kasimov,6666,1729960500,1129,1195
2027,Codeforces Round 982 (Div. 2),shubhaammm,6666,1729960500,920,988
2027,Codeforces Round 982 (Div. 2),BinaryBushido,6666,1729960500,1130,1133
2027,Codeforces Round 982 (Div. 2),hydrogen_peroxide,6666,1729960500,1170,1163
2027,Codeforces Round 982 (Div. 2),Q-ModifiedJ,6666,1729960500,1185,1237
2027,Codeforces Round 982 (Div. 2),KingofCSES,6666,1729960500,937,999
2027,Codeforces Round 982 (Div. 2),Nurrrdaulet,6666,1729960500,434,737
2027,Codeforces Round 982 (Div. 2),Afroja_,6686,1729960500,0,443
2027,Codeforces Round 982 (Div. 2),Shihab-3point14,6686,1729960500,1279,1245
2027,Codeforces Round 982 (Div. 2),mantryan,6686,1729960500,1132,1134
2027,Codeforces Round 982 (Div. 2),bithal,6686,1729960500,1177,1168
2027,Codeforces Round 982 (Div. 2),Rafsan18,6686,1729960500,1337,1289
2027,Codeforces Round 982 (Div. 2),moulikule_04,6686,1729960500,1318,1274
2027,Codeforces Round 982 (Div. 2),savyshyn,6686,1729960500,1164,1158
2027,Codeforces Round 982 (Div. 2),mandark.90,6686,1729960500,1241,1216
2027,Codeforces Round 982 (Div. 2),Wyx776161,6686,1729960500,1007,1046
2027,Codeforces Round 982 (Div. 2),SLgoodman,6686,1729960500,1281,1246
2027,Codeforces Round 982 (Div. 2),ahmed-07,6686,1729960500,1102,1113
2027,Codeforces Round 982 (Div. 2),Main_Mayur,6686,1729960500,1076,1094
2027,Codeforces Round 982 (Div. 2),SherwayLi,6686,1729960500,1217,1197
2027,Codeforces Round 982 (Div. 2),jayanthmenons,6686,1729960500,1008,1047
2027,Codeforces Round 982 (Div. 2),tootwp,6686,1729960500,1257,1228
2027,Codeforces Round 982 (Div. 2),ByteKnight2005,6686,1729960500,924,1053
2027,Codeforces Round 982 (Div. 2),Lakshay1626,6686,1729960500,1027,1060
2027,Codeforces Round 982 (Div. 2),aa_a,6703,1729960500,0,443
2027,Codeforces Round 982 (Div. 2),zaber30,6703,1729960500,1069,1089
2027,Codeforces Round 982 (Div. 2),RecursiveRiddle,6703,1729960500,709,929
2027,Codeforces Round 982 (Div. 2),baka-coder,6703,1729960500,1141,1141
2027,Codeforces Round 982 (Div. 2),_satyam_mishra,6703,1729960500,1113,1120
2027,Codeforces Round 982 (Div. 2),genbenbu,6703,1729960500,1222,1201
2027,Codeforces Round 982 (Div. 2),ayushmaan_2004,6703,1729960500,1084,1100
2027,Codeforces Round 982 (Div. 2),trueandtruth,6703,1729960500,1165,1158
2027,Codeforces Round 982 (Div. 2),cherry-001,6703,1729960500,883,996
2027,Codeforces Round 982 (Div. 2),fx_tourist,6703,1729960500,902,1027
2027,Codeforces Round 982 (Div. 2),3rian_jr,6703,1729960500,1273,1240
2027,Codeforces Round 982 (Div. 2),Rahas,6703,1729960500,1241,1216
2027,Codeforces Round 982 (Div. 2),Adicky,6703,1729960500,925,990
2027,Codeforces Round 982 (Div. 2),_YourCodeIsMine_,6703,1729960500,1087,1102
2027,Codeforces Round 982 (Div. 2),Abbcmc,6717,1729960500,956,1065
2027,Codeforces Round 982 (Div. 2),Moaz_Ragab1,6717,1729960500,1367,1311
2027,Codeforces Round 982 (Div. 2),zxcvbnmpoi,6717,1729960500,1163,1157
2027,Codeforces Round 982 (Div. 2),_exception_,6717,1729960500,826,927
2027,Codeforces Round 982 (Div. 2),MuhammadMak,6717,1729960500,1024,1057
2027,Codeforces Round 982 (Div. 2),HoshinoAkuamarin,6717,1729960500,887,965
2027,Codeforces Round 982 (Div. 2),__bug,6717,1729960500,920,987
2027,Codeforces Round 982 (Div. 2),chess_lover,6717,1729960500,1494,1411
2027,Codeforces Round 982 (Div. 2),prakharmishra,6717,1729960500,1280,1245
2027,Codeforces Round 982 (Div. 2),Daki-sa,6717,1729960500,1160,1154
2027,Codeforces Round 982 (Div. 2),shakib,6717,1729960500,852,943
2027,Codeforces Round 982 (Div. 2),erickprog12,6717,1729960500,1107,1116
2027,Codeforces Round 982 (Div. 2),alnjarwsam0,6717,1729960500,978,1081
2027,Codeforces Round 982 (Div. 2),Baburaoo_ganpatraoo_apte,6730,1729960500,1095,1107
2027,Codeforces Round 982 (Div. 2),Arjunroy,6731,1729960500,1094,1106
2027,Codeforces Round 982 (Div. 2),Raunak741,6731,1729960500,1038,1066
2027,Codeforces Round 982 (Div. 2),Sambit27,6731,1729960500,1385,1325
2027,Codeforces Round 982 (Div. 2),zundamochi,6731,1729960500,1382,1323
2027,Codeforces Round 982 (Div. 2),sumit10,6731,1729960500,1245,1218
2027,Codeforces Round 982 (Div. 2),vector_r7,6731,1729960500,853,992
2027,Codeforces Round 982 (Div. 2),Nyancy,6731,1729960500,1113,1120
2027,Codeforces Round 982 (Div. 2),Harsh2oo3,6731,1729960500,1230,1207
2027,Codeforces Round 982 (Div. 2),B_rabbit,6731,1729960500,1221,1200
2027,Codeforces Round 982 (Div. 2),_1Eleven1_,6731,1729960500,1198,1182
2027,Codeforces Round 982 (Div. 2),Dr_Kitty,6731,1729960500,985,1030
2027,Codeforces Round 982 (Div. 2),quangdung21102005,6731,1729960500,1316,1272
2027,Codeforces Round 982 (Div. 2),ayush1608,6731,1729960500,942,1001
2027,Codeforces Round 982 (Div. 2),a.loboda,6731,1729960500,1681,1560
2027,Codeforces Round 982 (Div. 2),Muhammad-Mutahir,6731,1729960500,1021,1055
2027,Codeforces Round 982 (Div. 2),aaradhy__001,6731,1729960500,1355,1302
2027,Codeforces Round 982 (Div. 2),Heet.Patel,6731,1729960500,1236,1249
2027,Codeforces Round 982 (Div. 2),outlast_NATE,6748,1729960500,1098,1109
2027,Codeforces Round 982 (Div. 2),Kanye_East2108,6748,1729960500,1085,1099
2027,Codeforces Round 982 (Div. 2),smittcodes,6748,1729960500,1204,1186
2027,Codeforces Round 982 (Div. 2),Dishant_Patel_5,6748,1729960500,1138,1138
2027,Codeforces Round 982 (Div. 2),Mohamed_Elsadany,6748,1729960500,1025,1057
2027,Codeforces Round 982 (Div. 2),Fahmid_Arman,6748,1729960500,914,982
2027,Codeforces Round 982 (Div. 2),EfrenStevens,6748,1729960500,843,991
2027,Codeforces Round 982 (Div. 2),Frozen_H,6748,1729960500,1172,1163
2027,Codeforces Round 982 (Div. 2),SujitSakore,6748,1729960500,973,1077
2027,Codeforces Round 982 (Div. 2),alchem.ist,6748,1729960500,1104,1113
2027,Codeforces Round 982 (Div. 2),TAUHID_,6748,1729960500,852,942
2027,Codeforces Round 982 (Div. 2),Bokashoka,6748,1729960500,863,949
2027,Codeforces Round 982 (Div. 2),Ammar.IT,6748,1729960500,1085,1099
2027,Codeforces Round 982 (Div. 2),vanshg_novice,6748,1729960500,1012,1048
2027,Codeforces Round 982 (Div. 2),want_something,6748,1729960500,1449,1375
2027,Codeforces Round 982 (Div. 2),Mechanic_Kabya,6748,1729960500,921,987
2027,Codeforces Round 982 (Div. 2),B.e.d.O,6764,1729960500,967,1017
2027,Codeforces Round 982 (Div. 2),2745810964z,6764,1729960500,1134,1134
2027,Codeforces Round 982 (Div. 2),cipher_mind,6764,1729960500,945,1056
2027,Codeforces Round 982 (Div. 2),Encode_Hridoy,6764,1729960500,1244,1217
2027,Codeforces Round 982 (Div. 2),dddamnit,6764,1729960500,377,692
2027,Codeforces Round 982 (Div. 2),Ri_eul,6764,1729960500,1238,1212
2027,Codeforces Round 982 (Div. 2),MoonlightCodata,6764,1729960500,1304,1262
2027,Codeforces Round 982 (Div. 2),Suzit_Datta,6764,1729960500,980,1026
2027,Codeforces Round 982 (Div. 2),juliCsr,6764,1729960500,1342,1291
2027,Codeforces Round 982 (Div. 2),Z3LD0_,6764,1729960500,703,923
2027,Codeforces Round 982 (Div. 2),Hellfeed,6764,1729960500,1004,1042
2027,Codeforces Round 982 (Div. 2),Watermelonn,6764,1729960500,1327,1280
2027,Codeforces Round 982 (Div. 2),lwrnc788,6764,1729960500,1462,1385
2027,Codeforces Round 982 (Div. 2),InfiniteLoop777,6764,1729960500,1179,1167
2027,Codeforces Round 982 (Div. 2),eargjaogjaogjaogjai,6764,1729960500,952,1073
2027,Codeforces Round 982 (Div. 2),samarth.sahu.feb2005,6764,1729960500,953,1007
2027,Codeforces Round 982 (Div. 2),wthutsav,6764,1729960500,1200,1183
2027,Codeforces Round 982 (Div. 2),sourabhawasthy176022,6764,1729960500,696,918
2027,Codeforces Round 982 (Div. 2),eyewal_18,6764,1729960500,1162,1155
2027,Codeforces Round 982 (Div. 2),Sakaraatmak,6783,1729960500,1193,1177
2027,Codeforces Round 982 (Div. 2),bjjvsrjjt,6783,1729960500,1763,1625
2027,Codeforces Round 982 (Div. 2),decoder001713,6785,1729960500,0,441
2027,Codeforces Round 982 (Div. 2),laxme191,6785,1729960500,1587,1483
2027,Codeforces Round 982 (Div. 2),JiangZi,6785,1729960500,1474,1394
2027,Codeforces Round 982 (Div. 2),hydro_7,6785,1729960500,1228,1204
2027,Codeforces Round 982 (Div. 2),ritu_54,6785,1729960500,1009,1045
2027,Codeforces Round 982 (Div. 2),narasimhareddy,6785,1729960500,1207,1188
2027,Codeforces Round 982 (Div. 2),amit_roy,6785,1729960500,1095,1106
2027,Codeforces Round 982 (Div. 2),waterapple,6785,1729960500,1255,1225
2027,Codeforces Round 982 (Div. 2),JosephXD,6785,1729960500,1170,1160
2027,Codeforces Round 982 (Div. 2),saamir_2003,6785,1729960500,1011,1046
2027,Codeforces Round 982 (Div. 2),StarryEyes,6785,1729960500,1309,1266
2027,Codeforces Round 982 (Div. 2),sciencekonstant,6785,1729960500,979,1024
2027,Codeforces Round 982 (Div. 2),ak021,6785,1729960500,1211,1256
2027,Codeforces Round 982 (Div. 2),koushikreddy.ys,6785,1729960500,736,948
2027,Codeforces Round 982 (Div. 2),tomoriru,6785,1729960500,1079,1170
2027,Codeforces Round 982 (Div. 2),kiranardhi134,6785,1729960500,1153,1148
2027,Codeforces Round 982 (Div. 2),-Hridoy-,6785,1729960500,1063,1083
2027,Codeforces Round 982 (Div. 2),davidsure,6785,1729960500,355,675
2027,Codeforces Round 982 (Div. 2),happy0000,6785,1729960500,950,1005
2027,Codeforces Round 982 (Div. 2),Seny,6804,1729960500,1229,1205
2027,Codeforces Round 982 (Div. 2),Rash_,6805,1729960500,783,898
2027,Codeforces Round 982 (Div. 2),abhibak10,6805,1729960500,0,441
2027,Codeforces Round 982 (Div. 2),chyragym,6805,1729960500,937,996
2027,Codeforces Round 982 (Div. 2),drag_77,6805,1729960500,0,441
2027,Codeforces Round 982 (Div. 2),G-S-K-R,6805,1729960500,1197,1180
2027,Codeforces Round 982 (Div. 2),Sanket2004,6805,1729960500,1141,1139
2027,Codeforces Round 982 (Div. 2),ayushdivedi797,6805,1729960500,913,980
2027,Codeforces Round 982 (Div. 2),utkarsh_0908,6805,1729960500,947,1068
2027,Codeforces Round 982 (Div. 2),YuezhengLingOvO,6805,1729960500,1378,1319
2027,Codeforces Round 982 (Div. 2),_harsh_maheriya,6805,1729960500,769,973
2027,Codeforces Round 982 (Div. 2),bhavyasrisai,6805,1729960500,903,973
2027,Codeforces Round 982 (Div. 2),Schmoov,6805,1729960500,1049,1132
2027,Codeforces Round 982 (Div. 2),wqing,6805,1729960500,1033,1134
2027,Codeforces Round 982 (Div. 2),andzhaomu,6805,1729960500,1145,1142
2027,Codeforces Round 982 (Div. 2),shoaib__5x,6805,1729960500,1128,1129
2027,Codeforces Round 982 (Div. 2),Maite_Morales,6820,1729960500,1622,1511
2027,Codeforces Round 982 (Div. 2),shivamk0103,6821,1729960500,1077,1092
2027,Codeforces Round 982 (Div. 2),maniranjan.23010107,6821,1729960500,424,727
2027,Codeforces Round 982 (Div. 2),Adithya__,6821,1729960500,1493,1409
2027,Codeforces Round 982 (Div. 2),himanshukumar979897,6821,1729960500,1332,1283
2027,Codeforces Round 982 (Div. 2),doubtfulfish,6821,1729960500,1222,1237
2027,Codeforces Round 982 (Div. 2),Micro_run,6821,1729960500,905,1036
2027,Codeforces Round 982 (Div. 2),70ssam,6821,1729960500,1269,1235
2027,Codeforces Round 982 (Div. 2),noob71,6821,1729960500,1105,1112
2027,Codeforces Round 982 (Div. 2),RayenKad,6821,1729960500,913,980
2027,Codeforces Round 982 (Div. 2),ginger__,6821,1729960500,1073,1089
2027,Codeforces Round 982 (Div. 2),pavitrprabhakar22,6821,1729960500,796,956
2027,Codeforces Round 982 (Div. 2),alsuga,6821,1729960500,1370,1313
2027,Codeforces Round 982 (Div. 2),Nazmun_Naher,6821,1729960500,956,1008
2027,Codeforces Round 982 (Div. 2),lawwash._.,6821,1729960500,1267,1233
2027,Codeforces Round 982 (Div. 2),lightman0,6821,1729960500,825,923
2027,Codeforces Round 982 (Div. 2),Takshi,6821,1729960500,1042,1068
2027,Codeforces Round 982 (Div. 2),SoumyadeepTus12345,6821,1729960500,778,980
2027,Codeforces Round 982 (Div. 2),kushagra0304,6838,1729960500,388,699
2027,Codeforces Round 982 (Div. 2),Ahmed_H9,6838,1729960500,772,890
2027,Codeforces Round 982 (Div. 2),_Albaraa_,6838,1729960500,1196,1179
2027,Codeforces Round 982 (Div. 2),tsengang,6838,1729960500,1230,1205
2027,Codeforces Round 982 (Div. 2),Shresth_Rai,6838,1729960500,423,726
2027,Codeforces Round 982 (Div. 2),Omar_Ahmed,6838,1729960500,966,1014
2027,Codeforces Round 982 (Div. 2),DragoPhoenix,6838,1729960500,1570,1469
2027,Codeforces Round 982 (Div. 2),gunnuhemanth,6838,1729960500,1136,1134
2027,Codeforces Round 982 (Div. 2),Andelupe,6838,1729960500,1290,1250
2027,Codeforces Round 982 (Div. 2),AhsanSaif,6838,1729960500,1239,1211
2027,Codeforces Round 982 (Div. 2),Neo00,6838,1729960500,1005,1041
2027,Codeforces Round 982 (Div. 2),govindpolireddi19100018,6838,1729960500,1203,1184
2027,Codeforces Round 982 (Div. 2),Tyler8,6838,1729960500,1252,1221
2027,Codeforces Round 982 (Div. 2),adarsht30,6838,1729960500,1435,1363
2027,Codeforces Round 982 (Div. 2),Gagan121,6838,1729960500,1149,1143
2027,Codeforces Round 982 (Div. 2),UjjwalBharti13,6838,1729960500,987,1029
2027,Codeforces Round 982 (Div. 2),_arbaj196,6838,1729960500,1129,1129
2027,Codeforces Round 982 (Div. 2),AsadGalib,6838,1729960500,1118,1121
2027,Codeforces Round 982 (Div. 2),MrVaz21,6838,1729960500,1352,1298
2027,Codeforces Round 982 (Div. 2),datlm,6838,1729960500,1560,1462
2027,Codeforces Round 982 (Div. 2),tukiTuki011,6838,1729960500,825,923
2027,Codeforces Round 982 (Div. 2),punk_hazard,6838,1729960500,1147,1143
2027,Codeforces Round 982 (Div. 2),ramjatan1154,6860,1729960500,1048,1130
2027,Codeforces Round 982 (Div. 2),king2003,6860,1729960500,604,792
2027,Codeforces Round 982 (Div. 2),zapazzki12,6860,1729960500,1082,1095
2027,Codeforces Round 982 (Div. 2),AryFox,6860,1729960500,1041,1065
2027,Codeforces Round 982 (Div. 2),kingaj1999,6860,1729960500,1061,1080
2027,Codeforces Round 982 (Div. 2),Kirisamemomo,6860,1729960500,402,709
2027,Codeforces Round 982 (Div. 2),ShinonomeKuro,6860,1729960500,1623,1511
2027,Codeforces Round 982 (Div. 2),DIA_0408,6860,1729960500,1032,1059
2027,Codeforces Round 982 (Div. 2),cheemeshmeh,6860,1729960500,977,1056
2027,Codeforces Round 982 (Div. 2),Rakib03,6860,1729960500,1051,1073
2027,Codeforces Round 982 (Div. 2),misscursed,6860,1729960500,1059,1078
2027,Codeforces Round 982 (Div. 2),AbNv069,6860,1729960500,1343,1291
2027,Codeforces Round 982 (Div. 2),Hercules_A,6860,1729960500,869,950
2027,Codeforces Round 982 (Div. 2),NoamGold,6860,1729960500,0,441
2027,Codeforces Round 982 (Div. 2),SauvignonBlanc,6860,1729960500,1064,1118
2027,Codeforces Round 982 (Div. 2),Dungngu,6860,1729960500,1234,1245
2027,Codeforces Round 982 (Div. 2),jovanmihov2,6876,1729960500,1279,1241
2027,Codeforces Round 982 (Div. 2),bharatjain14,6876,1729960500,1375,1315
2027,Codeforces Round 982 (Div. 2),kvaso,6876,1729960500,1159,1151
2027,Codeforces Round 982 (Div. 2),namankansara0611,6879,1729960500,1102,1109
2027,Codeforces Round 982 (Div. 2),L1ngg,6879,1729960500,1251,1220
2027,Codeforces Round 982 (Div. 2),kutu,6879,1729960500,1188,1172
2027,Codeforces Round 982 (Div. 2),sreemanth_sm,6879,1729960500,423,725
2027,Codeforces Round 982 (Div. 2),8t9ine,6879,1729960500,1238,1210
2027,Codeforces Round 982 (Div. 2),mayank_blast,6879,1729960500,943,1053
2027,Codeforces Round 982 (Div. 2),Otladka,6879,1729960500,525,804
2027,Codeforces Round 982 (Div. 2),azeem,6879,1729960500,1093,1103
2027,Codeforces Round 982 (Div. 2),Dhruv_Goel,6879,1729960500,1256,1224
2027,Codeforces Round 982 (Div. 2),tobry,6879,1729960500,1143,1139
2027,Codeforces Round 982 (Div. 2),SixPackABS,6879,1729960500,925,986
2027,Codeforces Round 982 (Div. 2),Anirban_Chattopadhyay,6879,1729960500,1082,1094
2027,Codeforces Round 982 (Div. 2),samyakjain7860,6879,1729960500,950,1002
2027,Codeforces Round 982 (Div. 2),Jason_Gump,6879,1729960500,396,704
2027,Codeforces Round 982 (Div. 2),Harsh103,6879,1729960500,1179,1165
2027,Codeforces Round 982 (Div. 2),Ahmad_Sameer,6879,1729960500,969,1016
2027,Codeforces Round 982 (Div. 2),Nawar-Georges,6879,1729960500,1018,1049
2027,Codeforces Round 982 (Div. 2),bratik94,6896,1729960500,1471,1390
2027,Codeforces Round 982 (Div. 2),Ianlw,6896,1729960500,753,923
2027,Codeforces Round 982 (Div. 2),soumilchhabra,6896,1729960500,1094,1139
2027,Codeforces Round 982 (Div. 2),Ajay_1621,6896,1729960500,1072,1147
2027,Codeforces Round 982 (Div. 2),sach_in_sigma,6896,1729960500,890,963
2027,Codeforces Round 982 (Div. 2),Realmchan,6896,1729960500,1052,1073
2027,Codeforces Round 982 (Div. 2),Abdul_Muyeed,6896,1729960500,1069,1085
2027,Codeforces Round 982 (Div. 2),manupatiharshith,6896,1729960500,976,1076
2027,Codeforces Round 982 (Div. 2),question_master,6896,1729960500,1109,1113
2027,Codeforces Round 982 (Div. 2),jitu45,6896,1729960500,1168,1194
2027,Codeforces Round 982 (Div. 2),cb_pollob01,6896,1729960500,918,981
2027,Codeforces Round 982 (Div. 2),Almazovich,6896,1729960500,1132,1130
2027,Codeforces Round 982 (Div. 2),HarshitHitkari,6896,1729960500,1190,1173
2027,Codeforces Round 982 (Div. 2),oinkycat,6896,1729960500,978,1090
2027,Codeforces Round 982 (Div. 2),dddsss,6896,1729960500,1042,1066
2027,Codeforces Round 982 (Div. 2),B4NK0R1L053,6896,1729960500,1183,1206
2027,Codeforces Round 982 (Div. 2),no_one2551,6896,1729960500,941,996
2027,Codeforces Round 982 (Div. 2),Ghost25,6896,1729960500,1106,1111
2027,Codeforces Round 982 (Div. 2),code_mancer,6896,1729960500,869,1007
2027,Codeforces Round 982 (Div. 2),pratham_sinha,6896,1729960500,1187,1170
2027,Codeforces Round 982 (Div. 2),filip688,6896,1729960500,1119,1121
2027,Codeforces Round 982 (Div. 2),PiYuSh._.05,6917,1729960500,1210,1189
2027,Codeforces Round 982 (Div. 2),ecco2k0rzdoer2013,6917,1729960500,954,1072
2027,Codeforces Round 982 (Div. 2),MohamedAboOkail,6917,1729960500,1309,1264
2027,Codeforces Round 982 (Div. 2),BoWan,6917,1729960500,0,440
2027,Codeforces Round 982 (Div. 2),cookie_729,6917,1729960500,1260,1226
2027,Codeforces Round 982 (Div. 2),BalaluevEgor,6917,1729960500,1195,1177
2027,Codeforces Round 982 (Div. 2),rahul3112,6917,1729960500,871,950
2027,Codeforces Round 982 (Div. 2),Ak1r4,6917,1729960500,1030,1130
2027,Codeforces Round 982 (Div. 2),abso1ute,6917,1729960500,897,1028
2027,Codeforces Round 982 (Div. 2),sparklyrenegade,6917,1729960500,1128,1127
2027,Codeforces Round 982 (Div. 2),nishanth14,6917,1729960500,1368,1309
2027,Codeforces Round 982 (Div. 2),LordAditya,6928,1729960500,1582,1477
2027,Codeforces Round 982 (Div. 2),shreyassn,6928,1729960500,488,774
2027,Codeforces Round 982 (Div. 2),sapnilmodak,6928,1729960500,1002,1037
2027,Codeforces Round 982 (Div. 2),BrokenLord,6928,1729960500,1022,1086
2027,Codeforces Round 982 (Div. 2),keshav_.agg,6928,1729960500,1306,1261
2027,Codeforces Round 982 (Div. 2),Dinesh_k40,6928,1729960500,1141,1136
2027,Codeforces Round 982 (Div. 2),Vedant4205,6928,1729960500,945,998
2027,Codeforces Round 982 (Div. 2),Specter_,6928,1729960500,1380,1318
2027,Codeforces Round 982 (Div. 2),Mocici,6928,1729960500,1519,1427
2027,Codeforces Round 982 (Div. 2),_tapash,6928,1729960500,982,1023
2027,Codeforces Round 982 (Div. 2),nvkoushik,6928,1729960500,1492,1406
2027,Codeforces Round 982 (Div. 2),ayush07agrawal,6928,1729960500,1390,1326
2027,Codeforces Round 982 (Div. 2),yaadhav,6928,1729960500,1305,1260
2027,Codeforces Round 982 (Div. 2),__ALBION__,6928,1729960500,429,729
2027,Codeforces Round 982 (Div. 2),Usmaniii,6928,1729960500,1199,1179
2027,Codeforces Round 982 (Div. 2),iwillgo,6928,1729960500,1195,1176
2027,Codeforces Round 982 (Div. 2),I.U.Khan,6928,1729960500,895,1026
2027,Codeforces Round 982 (Div. 2),ERFwizard,6928,1729960500,1176,1162
2027,Codeforces Round 982 (Div. 2),luckybenq,6928,1729960500,929,1041
2027,Codeforces Round 982 (Div. 2),Crew_X,6928,1729960500,851,937
2027,Codeforces Round 982 (Div. 2),santhosh_24,6928,1729960500,1284,1244
2027,Codeforces Round 982 (Div. 2),_ABC123_,6928,1729960500,1199,1179
2027,Codeforces Round 982 (Div. 2),Emaa_,6928,1729960500,1201,1181
2027,Codeforces Round 982 (Div. 2),Luffyytaroo,6928,1729960500,1081,1092
2027,Codeforces Round 982 (Div. 2),tadel,6928,1729960500,1315,1268
2027,Codeforces Round 982 (Div. 2),tonak,6953,1729960500,1366,1307
2027,Codeforces Round 982 (Div. 2),AmanRev,6954,1729960500,866,946
2027,Codeforces Round 982 (Div. 2),alu097,6954,1729960500,1943,1769
2027,Codeforces Round 982 (Div. 2),bhanusngr362,6954,1729960500,944,1051
2027,Codeforces Round 982 (Div. 2),husseainshalaby6,6954,1729960500,994,1031
2027,Codeforces Round 982 (Div. 2),Faraz.F.A,6954,1729960500,910,1008
2027,Codeforces Round 982 (Div. 2),datshroud,6954,1729960500,0,439
2027,Codeforces Round 982 (Div. 2),Ashwin183,6954,1729960500,1000,1092
2027,Codeforces Round 982 (Div. 2),TerMisha,6954,1729960500,973,1085
2027,Codeforces Round 982 (Div. 2),Shadow_man1,6954,1729960500,986,1025
2027,Codeforces Round 982 (Div. 2),GaurishS,6954,1729960500,1208,1186
2027,Codeforces Round 982 (Div. 2),LONEWOLF09,6954,1729960500,1025,1052
2027,Codeforces Round 982 (Div. 2),mithrareddy,6954,1729960500,743,870
2027,Codeforces Round 982 (Div. 2),ramanuj,6954,1729960500,0,439
2027,Codeforces Round 982 (Div. 2),Raghav999,6954,1729960500,1191,1173
2027,Codeforces Round 982 (Div. 2),EHnotgod,6954,1729960500,1353,1297
2027,Codeforces Round 982 (Div. 2),raj_mohnani,6969,1729960500,1163,1152
2027,Codeforces Round 982 (Div. 2),Strangerr999,6969,1729960500,1155,1145
2027,Codeforces Round 982 (Div. 2),remmargorp_ceivon,6969,1729960500,875,951
2027,Codeforces Round 982 (Div. 2),infi9itea,6969,1729960500,1169,1156
2027,Codeforces Round 982 (Div. 2),MALDINI,6969,1729960500,1062,1078
2027,Codeforces Round 982 (Div. 2),ayushmodi,6969,1729960500,1403,1336
2027,Codeforces Round 982 (Div. 2),timeflew,6969,1729960500,406,710
2027,Codeforces Round 982 (Div. 2),Nisarg_2005,6969,1729960500,1062,1078
2027,Codeforces Round 982 (Div. 2),Nabeel82,6969,1729960500,967,1012
2027,Codeforces Round 982 (Div. 2),aditi__.3004.__,6969,1729960500,1107,1111
2027,Codeforces Round 982 (Div. 2),uddhav_Nagar,6969,1729960500,1352,1296
2027,Codeforces Round 982 (Div. 2),puru29,6969,1729960500,361,676
2027,Codeforces Round 982 (Div. 2),3sem_3bdallah,6969,1729960500,858,998
2027,Codeforces Round 982 (Div. 2),kkzyr,6982,1729960500,1443,1367
2027,Codeforces Round 982 (Div. 2),mridulChhipa,6982,1729960500,756,924
2027,Codeforces Round 982 (Div. 2),ABO_MAZEN,6982,1729960500,1025,1052
2027,Codeforces Round 982 (Div. 2),Neon099,6982,1729960500,1293,1289
2027,Codeforces Round 982 (Div. 2),omarabdelmawgoud,6982,1729960500,1125,1123
2027,Codeforces Round 982 (Div. 2),thehmanshusingh,6982,1729960500,1295,1252
2027,Codeforces Round 982 (Div. 2),WA___,6982,1729960500,1046,1067
2027,Codeforces Round 982 (Div. 2),Sirens,6982,1729960500,954,1003
2027,Codeforces Round 982 (Div. 2),AKG_3941,6982,1729960500,1154,1145
2027,Codeforces Round 982 (Div. 2),mawo78,6982,1729960500,1192,1173
2027,Codeforces Round 982 (Div. 2),__sakthivel__,6982,1729960500,1214,1228
2027,Codeforces Round 982 (Div. 2),Unknown_rebound,6982,1729960500,1276,1237
2027,Codeforces Round 982 (Div. 2),chetan1904singh,6982,1729960500,905,970
2027,Codeforces Round 982 (Div. 2),spectat0r,6982,1729960500,0,439
2027,Codeforces Round 982 (Div. 2),Aditya_Verma810,6982,1729960500,900,967
2027,Codeforces Round 982 (Div. 2),AtlaasFDv,6982,1729960500,0,439
2027,Codeforces Round 982 (Div. 2),adityak0810,6982,1729960500,861,942
2027,Codeforces Round 982 (Div. 2),snehacodes,6999,1729960500,1070,1083
2027,Codeforces Round 982 (Div. 2),Abhishek_28,6999,1729960500,990,1027
2027,Codeforces Round 982 (Div. 2),UmBender,6999,1729960500,1261,1225
2027,Codeforces Round 982 (Div. 2),Syanvu1,6999,1729960500,1342,1288
2027,Codeforces Round 982 (Div. 2),xiaojianhua1110,6999,1729960500,1373,1312
2027,Codeforces Round 982 (Div. 2),codermvs46,6999,1729960500,1114,1115
2027,Codeforces Round 982 (Div. 2),MAD_N0_1,6999,1729960500,1048,1068
2027,Codeforces Round 982 (Div. 2),A_Sri_Ram,6999,1729960500,1333,1281
2027,Codeforces Round 982 (Div. 2),chhh31,6999,1729960500,1186,1168
2027,Codeforces Round 982 (Div. 2),Drkway,6999,1729960500,866,945
2027,Codeforces Round 982 (Div. 2),Ripa_cse,6999,1729960500,1024,1051
2027,Codeforces Round 982 (Div. 2),princebombastic,6999,1729960500,1038,1061
2027,Codeforces Round 982 (Div. 2),BlizGale,6999,1729960500,1562,1461
2027,Codeforces Round 982 (Div. 2),nejcs,6999,1729960500,404,708
2027,Codeforces Round 982 (Div. 2),DarkAngelu,6999,1729960500,1216,1229
2027,Codeforces Round 982 (Div. 2),Shining..,7014,1729960500,748,917
2027,Codeforces Round 982 (Div. 2),DrMissRight,7014,1729960500,1005,1037
2027,Codeforces Round 982 (Div. 2),_Darkrai_,7014,1729960500,1292,1249
2027,Codeforces Round 982 (Div. 2),Uday_1801,7014,1729960500,1109,1111
2027,Codeforces Round 982 (Div. 2),harshcooljn,7014,1729960500,1305,1259
2027,Codeforces Round 982 (Div. 2),mann220,7014,1729960500,1040,1062
2027,Codeforces Round 982 (Div. 2),nooobofcode69,7014,1729960500,1024,1050
2027,Codeforces Round 982 (Div. 2),RustyMoon,7014,1729960500,1391,1325
2027,Codeforces Round 982 (Div. 2),Haijing_you,7014,1729960500,1342,1287
2027,Codeforces Round 982 (Div. 2),Ouday80,7014,1729960500,1105,1108
2027,Codeforces Round 982 (Div. 2),esh4,7014,1729960500,1454,1375
2027,Codeforces Round 982 (Div. 2),Transyltoonia,7014,1729960500,1373,1311
2027,Codeforces Round 982 (Div. 2),suman204,7014,1729960500,651,879
2027,Codeforces Round 982 (Div. 2),neeraj2005,7014,1729960500,972,1070
2027,Codeforces Round 982 (Div. 2),ratan_03,7014,1729960500,998,1032
2027,Codeforces Round 982 (Div. 2),Ar_Ray,7014,1729960500,941,993
2027,Codeforces Round 982 (Div. 2),Chunkypotato,7014,1729960500,963,1008
2027,Codeforces Round 982 (Div. 2),i_wish_girlfriends,7014,1729960500,593,856
2027,Codeforces Round 982 (Div. 2),Noyon_Mozumder,7014,1729960500,1129,1126
2027,Codeforces Round 982 (Div. 2),pavankumar1111,7014,1729960500,1112,1113
2027,Codeforces Round 982 (Div. 2),zWyrm,7014,1729960500,1110,1112
2027,Codeforces Round 982 (Div. 2),-berozgar-hu-bhai-,7035,1729960500,1163,1232
2027,Codeforces Round 982 (Div. 2),Mostafa_Salah1,7036,1729960500,1103,1106
2027,Codeforces Round 982 (Div. 2),Chandra___07,7036,1729960500,1055,1072
2027,Codeforces Round 982 (Div. 2),Saumyaketu,7036,1729960500,1000,1033
2027,Codeforces Round 982 (Div. 2),nivedkml,7036,1729960500,1024,1085
2027,Codeforces Round 982 (Div. 2),Chess_player,7036,1729960500,891,960
2027,Codeforces Round 982 (Div. 2),Tinnchik,7036,1729960500,1092,1135
2027,Codeforces Round 982 (Div. 2),s_a_jha,7036,1729960500,1360,1301
2027,Codeforces Round 982 (Div. 2),greedyX,7036,1729960500,906,970
2027,Codeforces Round 982 (Div. 2),_wzw_,7036,1729960500,375,685
2027,Codeforces Round 982 (Div. 2),neerajguduru06,7036,1729960500,1001,1034
2027,Codeforces Round 982 (Div. 2),SCF_01,7036,1729960500,1029,1053
2027,Codeforces Round 982 (Div. 2),Ank7899,7036,1729960500,852,935
2027,Codeforces Round 982 (Div. 2),Srichetan05,7036,1729960500,1197,1176
2027,Codeforces Round 982 (Div. 2),cxz321,7036,1729960500,1316,1267
2027,Codeforces Round 982 (Div. 2),devraj_ashok,7036,1729960500,1029,1053
2027,Codeforces Round 982 (Div. 2),Equas777,7036,1729960500,662,819
2027,Codeforces Round 982 (Div. 2),until_green,7036,1729960500,1101,1141
2027,Codeforces Round 982 (Div. 2),SriHarshaRaju9,7036,1729960500,1001,1034
2027,Codeforces Round 982 (Div. 2),sherb,7036,1729960500,1084,1092
2027,Codeforces Round 982 (Div. 2),LoneAlpaca13,7036,1729960500,810,961
2027,Codeforces Round 982 (Div. 2),hprogq,7036,1729960500,1233,1203
2027,Codeforces Round 982 (Div. 2),PhuongThuy,7036,1729960500,753,957
2027,Codeforces Round 982 (Div. 2),mjukaria9,7058,1729960500,919,978
2027,Codeforces Round 982 (Div. 2),naitikjain,7058,1729960500,1268,1230
2027,Codeforces Round 982 (Div. 2),romanchamp,7058,1729960500,1190,1170
2027,Codeforces Round 982 (Div. 2),Sqrt_-1,7058,1729960500,848,932
2027,Codeforces Round 982 (Div. 2),KLU_2200032458,7058,1729960500,668,892
2027,Codeforces Round 982 (Div. 2),Janaki_vallabh,7058,1729960500,875,949
2027,Codeforces Round 982 (Div. 2),Kyrillos_Ashraf,7058,1729960500,1266,1228
2027,Codeforces Round 982 (Div. 2),Enrgilicious,7058,1729960500,1168,1154
2027,Codeforces Round 982 (Div. 2),Brahmendra06,7058,1729960500,721,932
2027,Codeforces Round 982 (Div. 2),an1,7058,1729960500,1128,1124
2027,Codeforces Round 982 (Div. 2),legendav007,7058,1729960500,987,1024
2027,Codeforces Round 982 (Div. 2),NinjaDeepak,7058,1729960500,1578,1473
2027,Codeforces Round 982 (Div. 2),GrandMaster_Debugway,7070,1729960500,1086,1093
2027,Codeforces Round 982 (Div. 2),Kai220022,7070,1729960500,1084,1092
2027,Codeforces Round 982 (Div. 2),DiegoDias007,7070,1729960500,1184,1165
2027,Codeforces Round 982 (Div. 2),TAHabib,7070,1729960500,1227,1198
2027,Codeforces Round 982 (Div. 2),caojh07,7070,1729960500,1167,1153
2027,Codeforces Round 982 (Div. 2),bRuH-_-,7070,1729960500,1138,1131
2027,Codeforces Round 982 (Div. 2),hnust_susi,7070,1729960500,0,437
2027,Codeforces Round 982 (Div. 2),07-priyanshu,7070,1729960500,1172,1156
2027,Codeforces Round 982 (Div. 2),absx,7070,1729960500,1401,1332
2027,Codeforces Round 982 (Div. 2),aaryansinghrathore139,7070,1729960500,1211,1186
2027,Codeforces Round 982 (Div. 2),ozonevistlip,7070,1729960500,1407,1337
2027,Codeforces Round 982 (Div. 2),Thesecondgoing,7070,1729960500,979,1088
2027,Codeforces Round 982 (Div. 2),Sagarshit,7070,1729960500,945,995
2027,Codeforces Round 982 (Div. 2),ae_jethiyaaa,7070,1729960500,1240,1208
2027,Codeforces Round 982 (Div. 2),VarunThisSide,7070,1729960500,1247,1213
2027,Codeforces Round 982 (Div. 2),Jrke,7070,1729960500,1602,1492
2027,Codeforces Round 982 (Div. 2),Md_Ikram,7070,1729960500,945,995
2027,Codeforces Round 982 (Div. 2),polito93,7087,1729960500,1024,1049
2027,Codeforces Round 982 (Div. 2),TacticalTaco,7087,1729960500,1039,1059
2027,Codeforces Round 982 (Div. 2),garvit_,7087,1729960500,1270,1231
2027,Codeforces Round 982 (Div. 2),phanhuynhhung0707,7087,1729960500,0,437
2027,Codeforces Round 982 (Div. 2),Volluru_Srikar,7087,1729960500,811,908
2027,Codeforces Round 982 (Div. 2),sky_worker,7087,1729960500,1223,1195
2027,Codeforces Round 982 (Div. 2),srijon_32,7087,1729960500,1201,1178
2027,Codeforces Round 982 (Div. 2),Anonymous_HF,7087,1729960500,1219,1192
2027,Codeforces Round 982 (Div. 2),date_masamune,7087,1729960500,1026,1086
2027,Codeforces Round 982 (Div. 2),deadlycoder82,7087,1729960500,1195,1174
2027,Codeforces Round 982 (Div. 2),Gloomy_Error,7087,1729960500,363,675
2027,Codeforces Round 982 (Div. 2),EmotionlessTragic9yoGirl,7087,1729960500,1148,1139
2027,Codeforces Round 982 (Div. 2),Stillstudy,7087,1729960500,1153,1142
2027,Codeforces Round 982 (Div. 2),jatinnekela,7100,1729960500,1010,1039
2027,Codeforces Round 982 (Div. 2),Adam2002,7100,1729960500,1298,1252
2027,Codeforces Round 982 (Div. 2),zzzoop,7100,1729960500,939,1057
2027,Codeforces Round 982 (Div. 2),MartinezMiners,7100,1729960500,1086,1093
2027,Codeforces Round 982 (Div. 2),Mahim17,7100,1729960500,1055,1071
2027,Codeforces Round 982 (Div. 2),acxbccx,7100,1729960500,1151,1204
2027,Codeforces Round 982 (Div. 2),shrrrr,7100,1729960500,1193,1172
2027,Codeforces Round 982 (Div. 2),uuuuuuuuu,7100,1729960500,401,704
2027,Codeforces Round 982 (Div. 2),Axeo7520,7100,1729960500,1127,1160
2027,Codeforces Round 982 (Div. 2),Rabbit_Bull,7109,1729960500,996,1029
2027,Codeforces Round 982 (Div. 2),LingNc,7109,1729960500,1281,1239
2027,Codeforces Round 982 (Div. 2),YJWYYDS,7109,1729960500,1237,1205
2027,Codeforces Round 982 (Div. 2),Parth1307,7109,1729960500,874,947
2027,Codeforces Round 982 (Div. 2),sy10637,7109,1729960500,705,919
2027,Codeforces Round 982 (Div. 2),rachit7_7,7109,1729960500,1072,1082
2027,Codeforces Round 982 (Div. 2),Maneesh_S,7109,1729960500,1561,1458
2027,Codeforces Round 982 (Div. 2),alamsaibharath2005,7109,1729960500,1244,1210
2027,Codeforces Round 982 (Div. 2),RishiCodes,7109,1729960500,1039,1059
2027,Codeforces Round 982 (Div. 2),FirasBabay,7109,1729960500,1061,1075
2027,Codeforces Round 982 (Div. 2),ritwik_69,7109,1729960500,1259,1222
2027,Codeforces Round 982 (Div. 2),Eternal_Quest,7109,1729960500,1241,1208
2027,Codeforces Round 982 (Div. 2),abo7ady,7109,1729960500,1126,1159
2027,Codeforces Round 982 (Div. 2),M_ZhuZhao,7109,1729960500,1087,1093
2027,Codeforces Round 982 (Div. 2),akshaykaranwal14,7123,1729960500,1161,1147
2027,Codeforces Round 982 (Div. 2),vaishnavi07,7123,1729960500,1183,1164
2027,Codeforces Round 982 (Div. 2),Euler.,7123,1729960500,1058,1072
2027,Codeforces Round 982 (Div. 2),JatinSai,7123,1729960500,484,768
2027,Codeforces Round 982 (Div. 2),47ush,7123,1729960500,652,878
2027,Codeforces Round 982 (Div. 2),koodwaan,7123,1729960500,1161,1147
2027,Codeforces Round 982 (Div. 2),aishezsingh,7123,1729960500,1360,1300
2027,Codeforces Round 982 (Div. 2),varshney_dv,7123,1729960500,1053,1069
2027,Codeforces Round 982 (Div. 2),Leslie23,7123,1729960500,1336,1281
2027,Codeforces Round 982 (Div. 2),Aditya90065,7123,1729960500,817,910
2027,Codeforces Round 982 (Div. 2),DynoMight,7123,1729960500,1346,1288
2027,Codeforces Round 982 (Div. 2),vamsibharadwajECE,7123,1729960500,1013,1040
2027,Codeforces Round 982 (Div. 2),souravpandr,7135,1729960500,949,996
2027,Codeforces Round 982 (Div. 2),Death_Asmit,7135,1729960500,429,725
2027,Codeforces Round 982 (Div. 2),rhizome-yanhe,7135,1729960500,1184,1229
2027,Codeforces Round 982 (Div. 2),Make_Money_Fuck_Enemy_2,7135,1729960500,1175,1158
2027,Codeforces Round 982 (Div. 2),Kevinbhai,7135,1729960500,556,825
2027,Codeforces Round 982 (Div. 2),code_fighter1011,7135,1729960500,1134,1127
2027,Codeforces Round 982 (Div. 2),slabyi,7141,1729960500,1250,1215
2027,Codeforces Round 982 (Div. 2),Daisuke_sunkan,7142,1729960500,0,436
2027,Codeforces Round 982 (Div. 2),Iskaban10,7142,1729960500,1028,1050
2027,Codeforces Round 982 (Div. 2),liberprelude,7142,1729960500,1345,1288
2027,Codeforces Round 982 (Div. 2),Gyanendu02,7142,1729960500,1061,1074
2027,Codeforces Round 982 (Div. 2),Cartel_de_Code,7142,1729960500,1219,1191
2027,Codeforces Round 982 (Div. 2),-NIQUE_PTR-,7142,1729960500,1170,1153
2027,Codeforces Round 982 (Div. 2),hhl183,7142,1729960500,411,712
2027,Codeforces Round 982 (Div. 2),Ch_Keshav_,7142,1729960500,894,959
2027,Codeforces Round 982 (Div. 2),coder_karn,7142,1729960500,1091,1095
2027,Codeforces Round 982 (Div. 2),saxxke,7142,1729960500,980,1052
2027,Codeforces Round 982 (Div. 2),opekope2,7142,1729960500,875,1008
2027,Codeforces Round 982 (Div. 2),garvchaudha,7142,1729960500,1075,1084
2027,Codeforces Round 982 (Div. 2),shrxynsh,7142,1729960500,1143,1133
2027,Codeforces Round 982 (Div. 2),khush-010,7155,1729960500,953,999
2027,Codeforces Round 982 (Div. 2),mandal.soham01,7155,1729960500,704,884
2027,Codeforces Round 982 (Div. 2),Cxyao,7155,1729960500,1209,1221
2027,Codeforces Round 982 (Div. 2),Maniac_xx,7155,1729960500,841,925
2027,Codeforces Round 982 (Div. 2),Girdhari007,7155,1729960500,999,1030
2027,Codeforces Round 982 (Div. 2),Ram_dukiya,7160,1729960500,1194,1172
2027,Codeforces Round 982 (Div. 2),quanghieu18112013,7161,1729960500,898,961
2027,Codeforces Round 982 (Div. 2),Samarth_Rajj,7161,1729960500,1203,1178
2027,Codeforces Round 982 (Div. 2),somebodyX,7161,1729960500,810,999
2027,Codeforces Round 982 (Div. 2),RajAdwaita,7161,1729960500,1080,1087
2027,Codeforces Round 982 (Div. 2),GrandofAPIO,7161,1729960500,1168,1190
2027,Codeforces Round 982 (Div. 2),nodnodnod123,7161,1729960500,1085,1091
2027,Codeforces Round 982 (Div. 2),Harry911,7161,1729960500,769,880
2027,Codeforces Round 982 (Div. 2),akshat_20_21,7161,1729960500,1351,1292
2027,Codeforces Round 982 (Div. 2),veeravardhan,7161,1729960500,960,1003
2027,Codeforces Round 982 (Div. 2),Ghosting,7161,1729960500,1538,1439
2027,Codeforces Round 982 (Div. 2),rrt_45,7161,1729960500,1181,1161
2027,Codeforces Round 982 (Div. 2),vanishedd,7161,1729960500,1345,1287
2027,Codeforces Round 982 (Div. 2),opstar,7161,1729960500,1143,1133
2027,Codeforces Round 982 (Div. 2),himadrich1604,7161,1729960500,857,993
2027,Codeforces Round 982 (Div. 2),akash2814,7161,1729960500,1216,1188
2027,Codeforces Round 982 (Div. 2),harshitpar2003,7176,1729960500,953,998
2027,Codeforces Round 982 (Div. 2),BaBy_SharK_99,7176,1729960500,936,986
2027,Codeforces Round 982 (Div. 2),Sachin_Bansal,7176,1729960500,880,949
2027,Codeforces Round 982 (Div. 2),shijin_ping,7176,1729960500,974,1012
2027,Codeforces Round 982 (Div. 2),ammaralaa470,7176,1729960500,1141,1131
2027,Codeforces Round 982 (Div. 2),amanmaloo,7176,1729960500,1218,1189
2027,Codeforces Round 982 (Div. 2),soumik-prime,7176,1729960500,1010,1037
2027,Codeforces Round 982 (Div. 2),Syntax2503,7176,1729960500,1442,1363
2027,Codeforces Round 982 (Div. 2),pritombiswas9999,7176,1729960500,1082,1088
2027,Codeforces Round 982 (Div. 2),likeyeye,7176,1729960500,1173,1193
2027,Codeforces Round 982 (Div. 2),Nishant_05,7176,1729960500,1350,1291
2027,Codeforces Round 982 (Div. 2),BringerOfRain,7176,1729960500,1452,1371
2027,Codeforces Round 982 (Div. 2),Akhiranandha,7176,1729960500,1432,1355
2027,Codeforces Round 982 (Div. 2),BlueHue,7176,1729960500,1112,1110
2027,Codeforces Round 982 (Div. 2),malakh2912,7176,1729960500,948,1029
2027,Codeforces Round 982 (Div. 2),Ujjwal5705,7176,1729960500,1104,1104
2027,Codeforces Round 982 (Div. 2),mono_4,7176,1729960500,1366,1303
2027,Codeforces Round 982 (Div. 2),uxygrs,7193,1729960500,1156,1142
2027,Codeforces Round 982 (Div. 2),LavaBolt,7193,1729960500,1167,1150
2027,Codeforces Round 982 (Div. 2),sairohan007,7193,1729960500,871,1046
2027,Codeforces Round 982 (Div. 2),RE.turnvoid,7193,1729960500,1155,1141
2027,Codeforces Round 982 (Div. 2),creepy...,7193,1729960500,960,1002
2027,Codeforces Round 982 (Div. 2),ctw123,7193,1729960500,1046,1098
2027,Codeforces Round 982 (Div. 2),Warriyo,7193,1729960500,1014,1039
2027,Codeforces Round 982 (Div. 2),Pundrik,7193,1729960500,1127,1121
2027,Codeforces Round 982 (Div. 2),gaurav.3,7193,1729960500,1051,1066
2027,Codeforces Round 982 (Div. 2),SushiTrash,7193,1729960500,876,998
2027,Codeforces Round 982 (Div. 2),7oDA_ERROR,7193,1729960500,1052,1066
2027,Codeforces Round 982 (Div. 2),adithyakanil,7193,1729960500,1013,1039
2027,Codeforces Round 982 (Div. 2),acidic_,7193,1729960500,982,1017
2027,Codeforces Round 982 (Div. 2),The_Last_Dance,7193,1729960500,1226,1195
2027,Codeforces Round 982 (Div. 2),nishu03,7193,1729960500,980,1016
2027,Codeforces Round 982 (Div. 2),9Shdqm13,7193,1729960500,977,1013
2027,Codeforces Round 982 (Div. 2),Hyl_Kibou,7193,1729960500,666,887
2027,Codeforces Round 982 (Div. 2),t3nsor,7193,1729960500,1190,1168
2027,Codeforces Round 982 (Div. 2),Rumors,7211,1729960500,1711,1577
2027,Codeforces Round 982 (Div. 2),amishubham,7212,1729960500,1062,1073
2027,Codeforces Round 982 (Div. 2),Ahnaf_Akib_Tanim,7212,1729960500,1321,1268
2027,Codeforces Round 982 (Div. 2),yxrxy,7212,1729960500,0,435
2027,Codeforces Round 982 (Div. 2),Protocode,7212,1729960500,962,1003
2027,Codeforces Round 982 (Div. 2),luchenming,7212,1729960500,900,961
2027,Codeforces Round 982 (Div. 2),Sahil_urr07,7212,1729960500,1077,1083
2027,Codeforces Round 982 (Div. 2),Awes19,7212,1729960500,1077,1083
2027,Codeforces Round 982 (Div. 2),VanHuuTienDatquadz2k8,7212,1729960500,925,978
2027,Codeforces Round 982 (Div. 2),feng66332,7212,1729960500,850,987
2027,Codeforces Round 982 (Div. 2),adarsh_shaw,7212,1729960500,1172,1154
2027,Codeforces Round 982 (Div. 2),saisree_7878,7212,1729960500,882,950
2027,Codeforces Round 982 (Div. 2),Resorcinol,7212,1729960500,995,1026
2027,Codeforces Round 982 (Div. 2),arjund030,7212,1729960500,1150,1137
2027,Codeforces Round 982 (Div. 2),Manav086,7212,1729960500,1103,1103
2027,Codeforces Round 982 (Div. 2),rohit_dayalani,7212,1729960500,980,1015
2027,Codeforces Round 982 (Div. 2),solitary_nuke,7212,1729960500,909,967
2027,Codeforces Round 982 (Div. 2),doomsday124,7212,1729960500,411,710
2027,Codeforces Round 982 (Div. 2),Sameer_Raj,7212,1729960500,1400,1329
2027,Codeforces Round 982 (Div. 2),TheBronzeFury,7230,1729960500,1189,1167
2027,Codeforces Round 982 (Div. 2),nishaddhuri,7231,1729960500,1156,1141
2027,Codeforces Round 982 (Div. 2),PranavPedaballe,7231,1729960500,1134,1125
2027,Codeforces Round 982 (Div. 2),ravinder5341,7231,1729960500,1067,1077
2027,Codeforces Round 982 (Div. 2),xuexiaoyun,7231,1729960500,779,935
2027,Codeforces Round 982 (Div. 2),Umesh_singh,7231,1729960500,1196,1172
2027,Codeforces Round 982 (Div. 2),M905,7231,1729960500,1086,1090
2027,Codeforces Round 982 (Div. 2),Ggjuuu,7231,1729960500,719,927
2027,Codeforces Round 982 (Div. 2),12345aaa,7231,1729960500,1158,1143
2027,Codeforces Round 982 (Div. 2),F_Minor,7231,1729960500,1113,1173
2027,Codeforces Round 982 (Div. 2),rohitt26,7231,1729960500,1100,1163
2027,Codeforces Round 982 (Div. 2),p__ce1052,7231,1729960500,2031,1840
2027,Codeforces Round 982 (Div. 2),ApotheosisDev,7231,1729960500,967,1006
2027,Codeforces Round 982 (Div. 2),KareemHesham_,7231,1729960500,1315,1263
2027,Codeforces Round 982 (Div. 2),aayush_0208,7244,1729960500,869,941
2027,Codeforces Round 982 (Div. 2),Mridul_007,7244,1729960500,1188,1166
2027,Codeforces Round 982 (Div. 2),KashiViswanath,7244,1729960500,1322,1268
2027,Codeforces Round 982 (Div. 2),swarbhatia,7244,1729960500,1157,1142
2027,Codeforces Round 982 (Div. 2),KENKUNKIN,7244,1729960500,1197,1238
2027,Codeforces Round 982 (Div. 2),srihitha_medi,7244,1729960500,1173,1154
2027,Codeforces Round 982 (Div. 2),HajdeIk,7244,1729960500,406,706
2027,Codeforces Round 982 (Div. 2),-__-__-__-,7244,1729960500,1274,1231
2027,Codeforces Round 982 (Div. 2),Khovalskiy,7244,1729960500,1285,1239
2027,Codeforces Round 982 (Div. 2),kk_290999,7244,1729960500,0,435
2027,Codeforces Round 982 (Div. 2),Durga_456,7244,1729960500,1251,1213
2027,Codeforces Round 982 (Div. 2),CG__HeavenHealer,7244,1729960500,1170,1152
2027,Codeforces Round 982 (Div. 2),utopia35,7256,1729960500,959,1069
2027,Codeforces Round 982 (Div. 2),udon1206,7256,1729960500,2050,1856
2027,Codeforces Round 982 (Div. 2),Shrey_Kashyap,7258,1729960500,431,725
2027,Codeforces Round 982 (Div. 2),ankush_raj_2507,7258,1729960500,1070,1078
2027,Codeforces Round 982 (Div. 2),IfG2,7258,1729960500,751,866
2027,Codeforces Round 982 (Div. 2),u_will_know,7258,1729960500,952,1051
2027,Codeforces Round 982 (Div. 2),GyroCodesStuff,7258,1729960500,651,875
2027,Codeforces Round 982 (Div. 2),priyanshugupta2407,7258,1729960500,961,1001
2027,Codeforces Round 982 (Div. 2),ls.23singh,7258,1729960500,1021,1043
2027,Codeforces Round 982 (Div. 2),Shahriar.Opu,7258,1729960500,812,904
2027,Codeforces Round 982 (Div. 2),habibie.lukman,7258,1729960500,1319,1265
2027,Codeforces Round 982 (Div. 2),namish75,7258,1729960500,932,982
2027,Codeforces Round 982 (Div. 2),tyagi_shiv,7258,1729960500,1087,1090
2027,Codeforces Round 982 (Div. 2),raunitkumarsingh9653,7258,1729960500,829,947
2027,Codeforces Round 982 (Div. 2),Interesting3,7270,1729960500,697,910
2027,Codeforces Round 982 (Div. 2),HSP_coder,7270,1729960500,1066,1111
2027,Codeforces Round 982 (Div. 2),ali_zetawy,7270,1729960500,1047,1061
2027,Codeforces Round 982 (Div. 2),vipulchauhan,7270,1729960500,1181,1160
2027,Codeforces Round 982 (Div. 2),xurde24,7270,1729960500,1319,1266
2027,Codeforces Round 982 (Div. 2),div_master06,7270,1729960500,995,1025
2027,Codeforces Round 982 (Div. 2),manubhai,7270,1729960500,975,1011
2027,Codeforces Round 982 (Div. 2),parthRxS,7270,1729960500,1138,1127
2027,Codeforces Round 982 (Div. 2),Sojourner47,7270,1729960500,1112,1108
2027,Codeforces Round 982 (Div. 2),surajgupta_3072,7270,1729960500,1093,1094
2027,Codeforces Round 982 (Div. 2),Amirgjz,7270,1729960500,1399,1328
2027,Codeforces Round 982 (Div. 2),vishal1602,7270,1729960500,1145,1132
2027,Codeforces Round 982 (Div. 2),hardeep4,7270,1729960500,594,832
2027,Codeforces Round 982 (Div. 2),yueyu_weihu,7283,1729960500,966,1074
2027,Codeforces Round 982 (Div. 2),EDM_FI,7283,1729960500,1222,1191
2027,Codeforces Round 982 (Div. 2),Neyram,7283,1729960500,1132,1123
2027,Codeforces Round 982 (Div. 2),Horizonblack,7283,1729960500,425,720
2027,Codeforces Round 982 (Div. 2),abhi_0324,7283,1729960500,1160,1143
2027,Codeforces Round 982 (Div. 2),touhid19,7283,1729960500,1023,1044
2027,Codeforces Round 982 (Div. 2),KIBRIA_22,7283,1729960500,1462,1377
2027,Codeforces Round 982 (Div. 2),_prasoonvats_,7283,1729960500,428,722
2027,Codeforces Round 982 (Div. 2),FreakedCoder,7283,1729960500,1106,1140
2027,Codeforces Round 982 (Div. 2),mrvandana,7283,1729960500,1097,1097
2027,Codeforces Round 982 (Div. 2),sinitax,7293,1729960500,0,434
2027,Codeforces Round 982 (Div. 2),_NIS_,7294,1729960500,931,980
2027,Codeforces Round 982 (Div. 2),satya12345678,7294,1729960500,1168,1149
2027,Codeforces Round 982 (Div. 2),Apoorv_cse,7294,1729960500,1373,1307
2027,Codeforces Round 982 (Div. 2),zihad535,7294,1729960500,916,971
2027,Codeforces Round 982 (Div. 2),RebelStar,7294,1729960500,851,986
2027,Codeforces Round 982 (Div. 2),pranavoak7698,7294,1729960500,1276,1232
2027,Codeforces Round 982 (Div. 2),KRISTY2006,7294,1729960500,1275,1231
2027,Codeforces Round 982 (Div. 2),syerule61,7294,1729960500,1090,1092
2027,Codeforces Round 982 (Div. 2),HA_BI_BI,7294,1729960500,1036,1053
2027,Codeforces Round 982 (Div. 2),pablo-acha,7294,1729960500,1002,1029
2027,Codeforces Round 982 (Div. 2),ritam1234,7304,1729960500,1042,1057
2027,Codeforces Round 982 (Div. 2),YF_YUSUF,7304,1729960500,1545,1443
2027,Codeforces Round 982 (Div. 2),bubniak,7304,1729960500,1140,1128
2027,Codeforces Round 982 (Div. 2),Cai_J,7304,1729960500,1147,1133
2027,Codeforces Round 982 (Div. 2),Vithesh_2215,7304,1729960500,1283,1237
2027,Codeforces Round 982 (Div. 2),rbirla,7304,1729960500,1289,1242
2027,Codeforces Round 982 (Div. 2),HarshaCB,7304,1729960500,907,964
2027,Codeforces Round 982 (Div. 2),shoggy,7304,1729960500,1196,1171
2027,Codeforces Round 982 (Div. 2),naitikpatel325,7312,1729960500,1151,1136
2027,Codeforces Round 982 (Div. 2),ShEkIe,7312,1729960500,700,834
2027,Codeforces Round 982 (Div. 2),Chill-guy,7312,1729960500,1226,1193
2027,Codeforces Round 982 (Div. 2),chakri8710,7312,1729960500,984,1016
2027,Codeforces Round 982 (Div. 2),karmit_langhnoda,7312,1729960500,1009,1033
2027,Codeforces Round 982 (Div. 2),deekshith_17,7312,1729960500,1196,1170
2027,Codeforces Round 982 (Div. 2),Gyanpapi,7312,1729960500,1202,1175
2027,Codeforces Round 982 (Div. 2),Akhand_24,7319,1729960500,952,994
2027,Codeforces Round 982 (Div. 2),Tharun_d,7319,1729960500,1232,1198
2027,Codeforces Round 982 (Div. 2),Nahida--qaq,7319,1729960500,1582,1472
2027,Codeforces Round 982 (Div. 2),hustlernik,7319,1729960500,1205,1177
2027,Codeforces Round 982 (Div. 2),yiniweiyin.cn,7319,1729960500,1462,1377
2027,Codeforces Round 982 (Div. 2),weirdo_13,7319,1729960500,1123,1115
2027,Codeforces Round 982 (Div. 2),holloh,7319,1729960500,0,434
2027,Codeforces Round 982 (Div. 2),u22cs081,7326,1729960500,986,1052
2027,Codeforces Round 982 (Div. 2),Cyber_Stork,7326,1729960500,999,1062
2027,Codeforces Round 982 (Div. 2),Entar,7326,1729960500,1203,1175
2027,Codeforces Round 982 (Div. 2),Coder_Abhigyan,7326,1729960500,864,996
2027,Codeforces Round 982 (Div. 2),guolurenli,7326,1729960500,1291,1243
2027,Codeforces Round 982 (Div. 2),tertemiss,7326,1729960500,411,708
2027,Codeforces Round 982 (Div. 2),skipped_,7332,1729960500,1131,1121
2027,Codeforces Round 982 (Div. 2),maddybhanu2511,7332,1729960500,1340,1281
2027,Codeforces Round 982 (Div. 2),stepanycevgleb,7332,1729960500,367,674
2027,Codeforces Round 982 (Div. 2),3zeem,7332,1729960500,957,997
2027,Codeforces Round 982 (Div. 2),rodrigofft,7332,1729960500,1375,1308
2027,Codeforces Round 982 (Div. 2),TheAnonymousAMGR,7332,1729960500,1094,1093
2027,Codeforces Round 982 (Div. 2),AetherMeow,7332,1729960500,1068,1111
2027,Codeforces Round 982 (Div. 2),Sarthakzzzzz,7332,1729960500,845,923
2027,Codeforces Round 982 (Div. 2),sai_swaroop8656,7332,1729960500,358,667
2027,Codeforces Round 982 (Div. 2),karthikeyachanda,7332,1729960500,1200,1173
2027,Codeforces Round 982 (Div. 2),NayanJN,7332,1729960500,1164,1145
2027,Codeforces Round 982 (Div. 2),TheFallenOne,7343,1729960500,2009,1820
2027,Codeforces Round 982 (Div. 2),dl3133,7343,1729960500,439,730
2027,Codeforces Round 982 (Div. 2),nahid1607,7343,1729960500,1268,1225
2027,Codeforces Round 982 (Div. 2),Mo.Aymoon,7343,1729960500,1018,1039
2027,Codeforces Round 982 (Div. 2),vililup2,7343,1729960500,1003,1029
2027,Codeforces Round 982 (Div. 2),Gandji,7343,1729960500,1367,1302
2027,Codeforces Round 982 (Div. 2),EZohidjonov,7343,1729960500,1197,1170
2027,Codeforces Round 982 (Div. 2),verdict_ok,7343,1729960500,1119,1112
2027,Codeforces Round 982 (Div. 2),xjbjq,7343,1729960500,0,433
2027,Codeforces Round 982 (Div. 2),Ru1n00,7343,1729960500,902,960
2027,Codeforces Round 982 (Div. 2),suplex_city,7343,1729960500,1114,1108
2027,Codeforces Round 982 (Div. 2),kishan9487,7354,1729960500,917,969
2027,Codeforces Round 982 (Div. 2),khandavilliyeswanth,7354,1729960500,743,859
2027,Codeforces Round 982 (Div. 2),Calypsoo,7354,1729960500,0,433
2027,Codeforces Round 982 (Div. 2),satya123456789,7354,1729960500,1136,1124
2027,Codeforces Round 982 (Div. 2),Faiz16Ahmad,7354,1729960500,1190,1165
2027,Codeforces Round 982 (Div. 2),Sdra,7354,1729960500,1045,1058
2027,Codeforces Round 982 (Div. 2),AR_Hasib,7354,1729960500,712,920
2027,Codeforces Round 982 (Div. 2),Om_735,7354,1729960500,1083,1085
2027,Codeforces Round 982 (Div. 2),spk007,7354,1729960500,370,676
2027,Codeforces Round 982 (Div. 2),Rpranshu,7354,1729960500,944,988
2027,Codeforces Round 982 (Div. 2),dzh_pow,7354,1729960500,1078,1118
2027,Codeforces Round 982 (Div. 2),LogNMaster,7354,1729960500,1224,1191
2027,Codeforces Round 982 (Div. 2),ashish_16,7354,1729960500,1206,1177
2027,Codeforces Round 982 (Div. 2),nitish_talpada,7354,1729960500,891,986
2027,Codeforces Round 982 (Div. 2),Pirate-King,7368,1729960500,1559,1453
2027,Codeforces Round 982 (Div. 2),jets_psd,7369,1729960500,1243,1205
2027,Codeforces Round 982 (Div. 2),tahmid_786,7369,1729960500,773,877
2027,Codeforces Round 982 (Div. 2),aijigitzhigitek,7369,1729960500,1007,1031
2027,Codeforces Round 982 (Div. 2),NifeKKeen,7369,1729960500,1319,1264
2027,Codeforces Round 982 (Div. 2),Duquee,7369,1729960500,1105,1101
2027,Codeforces Round 982 (Div. 2),AdityaDSingh,7369,1729960500,1441,1359
2027,Codeforces Round 982 (Div. 2),doubleagent,7369,1729960500,909,998
2027,Codeforces Round 982 (Div. 2),AceTaffy258,7369,1729960500,1334,1275
2027,Codeforces Round 982 (Div. 2),krish1252,7369,1729960500,873,940
2027,Codeforces Round 982 (Div. 2),chj111,7369,1729960500,721,926
2027,Codeforces Round 982 (Div. 2),shriyansh_20,7369,1729960500,1359,1295
2027,Codeforces Round 982 (Div. 2),EccentricRaccoon,7369,1729960500,1034,1050
2027,Codeforces Round 982 (Div. 2),harry_potter_3112,7381,1729960500,1428,1418
2027,Codeforces Round 982 (Div. 2),Reddi_Devika,7382,1729960500,1048,1121
2027,Codeforces Round 982 (Div. 2),Om3466,7382,1729960500,1104,1100
2027,Codeforces Round 982 (Div. 2),a1verma8105,7382,1729960500,1230,1195
2027,Codeforces Round 982 (Div. 2),shahariar.rijon,7382,1729960500,1258,1216
2027,Codeforces Round 982 (Div. 2),dhruvg06,7382,1729960500,980,1012
2027,Codeforces Round 982 (Div. 2),RickyQaQ,7382,1729960500,1014,1110
2027,Codeforces Round 982 (Div. 2),Sm_aieng,7382,1729960500,1041,1054
2027,Codeforces Round 982 (Div. 2),astral5wave,7382,1729960500,0,432
2027,Codeforces Round 982 (Div. 2),debashish_bhagawati,7382,1729960500,1579,1469
2027,Codeforces Round 982 (Div. 2),i_s_h_a_n,7382,1729960500,1365,1299
2027,Codeforces Round 982 (Div. 2),zaemon2806,7382,1729960500,987,1016
2027,Codeforces Round 982 (Div. 2),tejaskadu,7382,1729960500,0,432
2027,Codeforces Round 982 (Div. 2),vbiii,7382,1729960500,1425,1347
2027,Codeforces Round 982 (Div. 2),Creym,7382,1729960500,1172,1151
2027,Codeforces Round 982 (Div. 2),SyedSubhan,7396,1729960500,1060,1068
2027,Codeforces Round 982 (Div. 2),Bhawna_Chauhan_,7396,1729960500,1136,1123
2027,Codeforces Round 982 (Div. 2),zhaosang1,7396,1729960500,737,938
2027,Codeforces Round 982 (Div. 2),FlowDraft,7396,1729960500,1340,1280
2027,Codeforces Round 982 (Div. 2),qbaiyu,7396,1729960500,951,1048
2027,Codeforces Round 982 (Div. 2),Polaris6,7396,1729960500,1230,1195
2027,Codeforces Round 982 (Div. 2),White.Walker,7396,1729960500,889,983
2027,Codeforces Round 982 (Div. 2),mr_frozen,7396,1729960500,821,962
2027,Codeforces Round 982 (Div. 2),Student_7,7396,1729960500,1226,1192
2027,Codeforces Round 982 (Div. 2),Trumpsunderwear,7396,1729960500,1047,1058
2027,Codeforces Round 982 (Div. 2),nm3806,7396,1729960500,1014,1094
2027,Codeforces Round 982 (Div. 2),EidPurrCoder,7396,1729960500,1191,1165
2027,Codeforces Round 982 (Div. 2),i_am_hawk,7396,1729960500,888,949
2027,Codeforces Round 982 (Div. 2),lost_everything,7396,1729960500,1544,1441
2027,Codeforces Round 982 (Div. 2),youseefhisham9,7410,1729960500,960,997
2027,Codeforces Round 982 (Div. 2),Siddhant_90,7410,1729960500,1240,1202
2027,Codeforces Round 982 (Div. 2),Atul23710,7410,1729960500,977,1044
2027,Codeforces Round 982 (Div. 2),ShishirHegde,7410,1729960500,847,982
2027,Codeforces Round 982 (Div. 2),sgg118,7410,1729960500,925,974
2027,Codeforces Round 982 (Div. 2),Ra1sh,7410,1729960500,1025,1043
2027,Codeforces Round 982 (Div. 2),Muhammad-Talha,7410,1729960500,974,1007
2027,Codeforces Round 982 (Div. 2),WhydoYoucare,7410,1729960500,1137,1124
2027,Codeforces Round 982 (Div. 2),Kaushik,7410,1729960500,1110,1104
2027,Codeforces Round 982 (Div. 2),fen_2005,7410,1729960500,1017,1037
2027,Codeforces Round 982 (Div. 2),Jit_k,7410,1729960500,973,1006
2027,Codeforces Round 982 (Div. 2),AvanSingh,7421,1729960500,1436,1355
2027,Codeforces Round 982 (Div. 2),twoo,7422,1729960500,1293,1243
2027,Codeforces Round 982 (Div. 2),Rukendo,7422,1729960500,788,938
2027,Codeforces Round 982 (Div. 2),_gamed_,7422,1729960500,1034,1049
2027,Codeforces Round 982 (Div. 2),Gerbunte,7422,1729960500,914,1032
2027,Codeforces Round 982 (Div. 2),Rajai_kambal,7422,1729960500,1173,1151
2027,Codeforces Round 982 (Div. 2),laxman_harith,7422,1729960500,863,993
2027,Codeforces Round 982 (Div. 2),ketan_k_j,7422,1729960500,1346,1284
2027,Codeforces Round 982 (Div. 2),_ma_ri_yam_,7422,1729960500,425,718
2027,Codeforces Round 982 (Div. 2),Priyanshu1403,7430,1729960500,1006,1029
2027,Codeforces Round 982 (Div. 2),karthikbolla_1,7430,1729960500,1108,1102
2027,Codeforces Round 982 (Div. 2),raisul_rahad,7430,1729960500,1181,1157
2027,Codeforces Round 982 (Div. 2),RamezRagaay,7430,1729960500,1083,1084
2027,Codeforces Round 982 (Div. 2),PrinceNandha,7430,1729960500,0,432
2027,Codeforces Round 982 (Div. 2),swe_ta_gup_ta,7430,1729960500,843,919
2027,Codeforces Round 982 (Div. 2),utopianbrain123,7430,1729960500,1141,1191
2027,Codeforces Round 982 (Div. 2),LeftPepeper,7430,1729960500,1153,1135
2027,Codeforces Round 982 (Div. 2),mugiwara69luffy,7430,1729960500,1075,1078
2027,Codeforces Round 982 (Div. 2),FDpencil3,7430,1729960500,1492,1399
2027,Codeforces Round 982 (Div. 2),agastya463,7430,1729960500,1139,1125
2027,Codeforces Round 982 (Div. 2),SanSahu,7430,1729960500,1052,1061
2027,Codeforces Round 982 (Div. 2),ampm1429,7430,1729960500,648,870
2027,Codeforces Round 982 (Div. 2),mahin661,7430,1729960500,1062,1068
2027,Codeforces Round 982 (Div. 2),LiamKaiser,7430,1729960500,999,1059
2027,Codeforces Round 982 (Div. 2),Beater25,7430,1729960500,1327,1269
2027,Codeforces Round 982 (Div. 2),Mubtasim_92,7430,1729960500,421,714
2027,Codeforces Round 982 (Div. 2),_KingBob_,7447,1729960500,1506,1410
2027,Codeforces Round 982 (Div. 2),debeshmaheshwari008,7448,1729960500,540,807
2027,Codeforces Round 982 (Div. 2),Raju_Kumar_s,7448,1729960500,713,838
2027,Codeforces Round 982 (Div. 2),fadeelkhan,7448,1729960500,739,939
2027,Codeforces Round 982 (Div. 2),R.Raj,7448,1729960500,1063,1069
2027,Codeforces Round 982 (Div. 2),mishkat__,7448,1729960500,989,1016
2027,Codeforces Round 982 (Div. 2),Erber102,7448,1729960500,1065,1070
2027,Codeforces Round 982 (Div. 2),LogicWizard,7448,1729960500,1111,1104
2027,Codeforces Round 982 (Div. 2),nabovtl,7448,1729960500,1033,1047
2027,Codeforces Round 982 (Div. 2),anmoljoshicrx128,7448,1729960500,1334,1274
2027,Codeforces Round 982 (Div. 2),mkbelaganj,7448,1729960500,547,743
2027,Codeforces Round 982 (Div. 2),sandeepdoondi123,7448,1729960500,0,431
2027,Codeforces Round 982 (Div. 2),Sroor_1000,7448,1729960500,1049,1059
2027,Codeforces Round 982 (Div. 2),Dukes_123,7448,1729960500,1035,1049
2027,Codeforces Round 982 (Div. 2),n00bmaster__,7448,1729960500,1357,1292
2027,Codeforces Round 982 (Div. 2),AyachiNeneshjl,7462,1729960500,1137,1187
2027,Codeforces Round 982 (Div. 2),2025Ash770192,7462,1729960500,1290,1240
2027,Codeforces Round 982 (Div. 2),moody07,7462,1729960500,1136,1122
2027,Codeforces Round 982 (Div. 2),shakyamajumdar1,7462,1729960500,1354,1290
2027,Codeforces Round 982 (Div. 2),practise2024,7462,1729960500,1251,1210
2027,Codeforces Round 982 (Div. 2),Tharun_P.T.S,7462,1729960500,1065,1070
2027,Codeforces Round 982 (Div. 2),sarthak107,7462,1729960500,1116,1107
2027,Codeforces Round 982 (Div. 2),tongwk,7462,1729960500,1296,1244
2027,Codeforces Round 982 (Div. 2),pdx-henry,7462,1729960500,1291,1240
2027,Codeforces Round 982 (Div. 2),zz_xdd,7462,1729960500,642,865
2027,Codeforces Round 982 (Div. 2),RaghavTapan,7472,1729960500,1029,1044
2027,Codeforces Round 982 (Div. 2),kmbae,7472,1729960500,740,902
2027,Codeforces Round 982 (Div. 2),Cloverta,7472,1729960500,839,974
2027,Codeforces Round 982 (Div. 2),abhi_yo,7472,1729960500,888,947
2027,Codeforces Round 982 (Div. 2),ashu2,7472,1729960500,1197,1168
2027,Codeforces Round 982 (Div. 2),pranjal15195gaur,7472,1729960500,1239,1200
2027,Codeforces Round 982 (Div. 2),ubormaci,7472,1729960500,1184,1158
2027,Codeforces Round 982 (Div. 2),gdv,7472,1729960500,1056,1063
2027,Codeforces Round 982 (Div. 2),dharmendra23101,7472,1729960500,882,943
2027,Codeforces Round 982 (Div. 2),tiraaaa,7472,1729960500,454,739
2027,Codeforces Round 982 (Div. 2),ajneelansh,7482,1729960500,1045,1056
2027,Codeforces Round 982 (Div. 2),Guhan_C,7482,1729960500,1126,1115
2027,Codeforces Round 982 (Div. 2),Ashra4f,7482,1729960500,928,1087
2027,Codeforces Round 982 (Div. 2),The_Loser.,7482,1729960500,979,1066
2027,Codeforces Round 982 (Div. 2),big_hongbao,7482,1729960500,1364,1297
2027,Codeforces Round 982 (Div. 2),_Fardin,7482,1729960500,1138,1123
2027,Codeforces Round 982 (Div. 2),R_Stark,7482,1729960500,937,1048
2027,Codeforces Round 982 (Div. 2),sheldonic,7482,1729960500,1078,1079
2027,Codeforces Round 982 (Div. 2),ryanarokx,7482,1729960500,1310,1255
2027,Codeforces Round 982 (Div. 2),kishan_f8,7482,1729960500,968,1001
2027,Codeforces Round 982 (Div. 2),hnust_lizijin,7482,1729960500,1263,1257
2027,Codeforces Round 982 (Div. 2),titan_gamini,7493,1729960500,1132,1119
2027,Codeforces Round 982 (Div. 2),return___zero,7493,1729960500,1279,1231
2027,Codeforces Round 982 (Div. 2),Ganja_BaBa_Ganja,7493,1729960500,0,431
2027,Codeforces Round 982 (Div. 2),py_thon22,7493,1729960500,1086,1085
2027,Codeforces Round 982 (Div. 2),wangfuliang13181354616,7493,1729960500,1076,1077
2027,Codeforces Round 982 (Div. 2),GaRvaPaRvaT,7493,1729960500,1169,1147
2027,Codeforces Round 982 (Div. 2),EVRA,7493,1729960500,1108,1101
2027,Codeforces Round 982 (Div. 2),notbigbardia,7500,1729960500,0,431
2027,Codeforces Round 982 (Div. 2),Mohamed_Rafat_05,7501,1729960500,884,944
2027,Codeforces Round 982 (Div. 2),goto_user,7501,1729960500,602,833
2027,Codeforces Round 982 (Div. 2),pikino,7501,1729960500,1398,1324
2027,Codeforces Round 982 (Div. 2),lazycoder13427,7501,1729960500,1088,1086
2027,Codeforces Round 982 (Div. 2),lavish_1234,7501,1729960500,1233,1195
2027,Codeforces Round 982 (Div. 2),Binomial77,7501,1729960500,1010,1030
2027,Codeforces Round 982 (Div. 2),pathanshahebaj,7501,1729960500,1035,1048
2027,Codeforces Round 982 (Div. 2),phamnguyentoan,7501,1729960500,0,431
2027,Codeforces Round 982 (Div. 2),adityag01,7509,1729960500,708,914
2027,Codeforces Round 982 (Div. 2),T__T,7509,1729960500,945,1054
2027,Codeforces Round 982 (Div. 2),Kr.omniscient,7509,1729960500,1107,1100
2027,Codeforces Round 982 (Div. 2),binaryHighway,7509,1729960500,0,431
2027,Codeforces Round 982 (Div. 2),dilLegyikudi,7509,1729960500,1013,1032
2027,Codeforces Round 982 (Div. 2),ravit_chatrath,7509,1729960500,586,822
2027,Codeforces Round 982 (Div. 2),SHREYANSHJAIN,7509,1729960500,1100,1132
2027,Codeforces Round 982 (Div. 2),rohan230303,7509,1729960500,827,957
2027,Codeforces Round 982 (Div. 2),T0TA._.,7509,1729960500,1318,1261
2027,Codeforces Round 982 (Div. 2),Favo02,7518,1729960500,1276,1228
2027,Codeforces Round 982 (Div. 2),sushankmishra5,7518,1729960500,664,881
2027,Codeforces Round 982 (Div. 2),narel,7518,1729960500,1162,1141
2027,Codeforces Round 982 (Div. 2),its_sarthak_882,7518,1729960500,612,841
2027,Codeforces Round 982 (Div. 2),SakethKanuri,7518,1729960500,726,891
2027,Codeforces Round 982 (Div. 2),jjing24,7518,1729960500,1262,1217
2027,Codeforces Round 982 (Div. 2),prerna75,7518,1729960500,1225,1189
2027,Codeforces Round 982 (Div. 2),ranker03,7518,1729960500,358,664
2027,Codeforces Round 982 (Div. 2),AtulKS,7518,1729960500,1083,1082
2027,Codeforces Round 982 (Div. 2),Windward,7518,1729960500,1436,1353
2027,Codeforces Round 982 (Div. 2),chi_hiro,7518,1729960500,887,999
2027,Codeforces Round 982 (Div. 2),Shashank_bhatnagar03,7518,1729960500,1161,1140
2027,Codeforces Round 982 (Div. 2),SekaiKerai,7518,1729960500,929,974
2027,Codeforces Round 982 (Div. 2),thamizhvendhan,7531,1729960500,747,857
2027,Codeforces Round 982 (Div. 2),avularamswaroop,7531,1729960500,1033,1046
2027,Codeforces Round 982 (Div. 2),kush1505,7531,1729960500,1446,1361
2027,Codeforces Round 982 (Div. 2),Matin.a.z,7531,1729960500,735,849
2027,Codeforces Round 982 (Div. 2),RIFAT048,7531,1729960500,1017,1034
2027,Codeforces Round 982 (Div. 2),hzttao,7531,1729960500,915,1019
2027,Codeforces Round 982 (Div. 2),HotashCoder,7531,1729960500,1010,1029
2027,Codeforces Round 982 (Div. 2),krishgupta2832,7531,1729960500,1049,1057
2027,Codeforces Round 982 (Div. 2),knight_ayush,7531,1729960500,1043,1053
2027,Codeforces Round 982 (Div. 2),shravann,7531,1729960500,1290,1239
2027,Codeforces Round 982 (Div. 2),shabbir.zakir2122,7541,1729960500,793,939
2027,Codeforces Round 982 (Div. 2),Bit_Bit,7541,1729960500,418,710
2027,Codeforces Round 982 (Div. 2),atoh_ihan,7541,1729960500,1145,1127
2027,Codeforces Round 982 (Div. 2),wuxuanlol,7541,1729960500,1016,1109
2027,Codeforces Round 982 (Div. 2),amankumar0724,7541,1729960500,1100,1094
2027,Codeforces Round 982 (Div. 2),asl0304_karthikeya,7541,1729960500,955,991
2027,Codeforces Round 982 (Div. 2),Fawkes4494d3,7541,1729960500,1184,1157
2027,Codeforces Round 982 (Div. 2),PaoDeAlho,7541,1729960500,401,697
2027,Codeforces Round 982 (Div. 2),AbdalrhmanGhandour,7549,1729960500,1023,1038
2027,Codeforces Round 982 (Div. 2),Abdo_Hany,7549,1729960500,1173,1149
2027,Codeforces Round 982 (Div. 2),Spandey_78,7549,1729960500,1113,1103
2027,Codeforces Round 982 (Div. 2),YuJiaLi,7549,1729960500,1205,1173
2027,Codeforces Round 982 (Div. 2),lxue,7549,1729960500,1127,1114
2027,Codeforces Round 982 (Div. 2),manavjeetw22,7549,1729960500,1161,1140
2027,Codeforces Round 982 (Div. 2),Harsha.J,7549,1729960500,844,917
2027,Codeforces Round 982 (Div. 2),pushkar3009,7549,1729960500,978,1007
2027,Codeforces Round 982 (Div. 2),Pogalik,7549,1729960500,688,898
2027,Codeforces Round 982 (Div. 2),Md.SabbirAhamed,7549,1729960500,788,881
2027,Codeforces Round 982 (Div. 2),Hasnat0006,7549,1729960500,1339,1276
2027,Codeforces Round 982 (Div. 2),hitman963,7549,1729960500,834,910
2027,Codeforces Round 982 (Div. 2),awqssl,7549,1729960500,0,430
2027,Codeforces Round 982 (Div. 2),OGGYYY,7562,1729960500,1361,1294
2027,Codeforces Round 982 (Div. 2),koompaj,7562,1729960500,417,709
2027,Codeforces Round 982 (Div. 2),namredips7,7562,1729960500,1337,1274
2027,Codeforces Round 982 (Div. 2),kunalsobti3204,7562,1729960500,1016,1033
2027,Codeforces Round 982 (Div. 2),CMRIT25_21R01A66A6,7562,1729960500,611,776
2027,Codeforces Round 982 (Div. 2),Antriksh_gwal,7562,1729960500,880,973
2027,Codeforces Round 982 (Div. 2),sujoy_ruet_21,7562,1729960500,1030,1043
2027,Codeforces Round 982 (Div. 2),Swastik_Mantri,7569,1729960500,1146,1127
2027,Codeforces Round 982 (Div. 2),GabrielSpd,7569,1729960500,1082,1080
2027,Codeforces Round 982 (Div. 2),ayushmhetre1234,7569,1729960500,1172,1148
2027,Codeforces Round 982 (Div. 2),RIZVI_FAIZ,7569,1729960500,1065,1068
2027,Codeforces Round 982 (Div. 2),aravindhbalaji,7569,1729960500,968,999
2027,Codeforces Round 982 (Div. 2),AkshatSinha,7569,1729960500,1093,1089
2027,Codeforces Round 982 (Div. 2),andre_livio,7569,1729960500,962,995
2027,Codeforces Round 982 (Div. 2),FabriATK,7569,1729960500,1055,1061
2027,Codeforces Round 982 (Div. 2),mapleleafs,7569,1729960500,487,764
2027,Codeforces Round 982 (Div. 2),rjvkr2021,7569,1729960500,1416,1337
2027,Codeforces Round 982 (Div. 2),Gautam_100,7569,1729960500,1216,1181
2027,Codeforces Round 982 (Div. 2),pheonix_2002,7580,1729960500,1190,1200
2027,Codeforces Round 982 (Div. 2),J_SURYA,7581,1729960500,1236,1196
2027,Codeforces Round 982 (Div. 2),NotTodayBaby,7581,1729960500,887,1009
2027,Codeforces Round 982 (Div. 2),manirht_45,7581,1729960500,1069,1071
2027,Codeforces Round 982 (Div. 2),Cqxxxxxx,7581,1729960500,1298,1244
2027,Codeforces Round 982 (Div. 2),reader,7581,1729960500,1255,1211
2027,Codeforces Round 982 (Div. 2),RED_BAVARIAN,7581,1729960500,819,900
2027,Codeforces Round 982 (Div. 2),gambit_Pnav,7581,1729960500,1348,1283
2027,Codeforces Round 982 (Div. 2),Abir_Hamza,7581,1729960500,981,1008
2027,Codeforces Round 982 (Div. 2),venkata_rr_55555,7589,1729960500,976,1004
2027,Codeforces Round 982 (Div. 2),Diksha_goyal,7589,1729960500,1266,1219
2027,Codeforces Round 982 (Div. 2),404404,7589,1729960500,956,1025
2027,Codeforces Round 982 (Div. 2),bhupendra5088singh,7589,1729960500,1007,1062
2027,Codeforces Round 982 (Div. 2),01_Dreamer,7589,1729960500,1391,1317
2027,Codeforces Round 982 (Div. 2),j3Devil,7589,1729960500,1105,1097
2027,Codeforces Round 982 (Div. 2),yadavvaishnavi95,7595,1729960500,1090,1085
2027,Codeforces Round 982 (Div. 2),SrikrishnaKidambi,7595,1729960500,1004,1024
2027,Codeforces Round 982 (Div. 2),aleffobia,7595,1729960500,1158,1136
2027,Codeforces Round 982 (Div. 2),avaneeshkarthik.s,7595,1729960500,1238,1197
2027,Codeforces Round 982 (Div. 2),vikaskathuria,7595,1729960500,614,841
2027,Codeforces Round 982 (Div. 2),Mindoongie,7595,1729960500,1120,1108
2027,Codeforces Round 982 (Div. 2),abhinav1908,7595,1729960500,1026,1039
2027,Codeforces Round 982 (Div. 2),Ayush_sharma1055,7595,1729960500,1142,1124
2027,Codeforces Round 982 (Div. 2),Hide_on_bush,7595,1729960500,835,969
2027,Codeforces Round 982 (Div. 2),Zappi,7595,1729960500,437,724
2027,Codeforces Round 982 (Div. 2),MingYuZhang,7595,1729960500,1290,1237
2027,Codeforces Round 982 (Div. 2),Hossain_Ahmed,7595,1729960500,822,959
2027,Codeforces Round 982 (Div. 2),lanby,7595,1729960500,1096,1090
2027,Codeforces Round 982 (Div. 2),Mr-Biswas,7595,1729960500,1235,1195
2027,Codeforces Round 982 (Div. 2),Dewale_Pith,7595,1729960500,642,862
2027,Codeforces Round 982 (Div. 2),Cap_Snowball,7610,1729960500,885,942
2027,Codeforces Round 982 (Div. 2),augtheo,7610,1729960500,1378,1306
2027,Codeforces Round 982 (Div. 2),akkshit_19,7610,1729960500,1183,1155
2027,Codeforces Round 982 (Div. 2),SonicSashi77,7610,1729960500,1453,1365
2027,Codeforces Round 982 (Div. 2),njovic13,7610,1729960500,901,1007
2027,Codeforces Round 982 (Div. 2),AKG2506,7610,1729960500,982,1081
2027,Codeforces Round 982 (Div. 2),thamizhvendhan01,7610,1729960500,801,943
2027,Codeforces Round 982 (Div. 2),atharva_n29,7610,1729960500,1201,1169
2027,Codeforces Round 982 (Div. 2),rohithdarlanka,7610,1729960500,1096,1090
2027,Codeforces Round 982 (Div. 2),noari,7610,1729960500,994,1016
2027,Codeforces Round 982 (Div. 2),_thebat,7610,1729960500,1318,1259
2027,Codeforces Round 982 (Div. 2),Retudal,7610,1729960500,932,1029
2027,Codeforces Round 982 (Div. 2),ravec,7622,1729960500,1112,1101
2027,Codeforces Round 982 (Div. 2),sumit736,7622,1729960500,876,936
2027,Codeforces Round 982 (Div. 2),nokia,7622,1729960500,1196,1165
2027,Codeforces Round 982 (Div. 2),LZCoder,7622,1729960500,1077,1075
2027,Codeforces Round 982 (Div. 2),_Kevin,7622,1729960500,1196,1165
2027,Codeforces Round 982 (Div. 2),linhhnt,7622,1729960500,1068,1069
2027,Codeforces Round 982 (Div. 2),sahoo_sourajit,7622,1729960500,1109,1099
2027,Codeforces Round 982 (Div. 2),Mohamed_Ayman707,7622,1729960500,930,972
2027,Codeforces Round 982 (Div. 2),Sagnik_27,7622,1729960500,1053,1094
2027,Codeforces Round 982 (Div. 2),riikka,7622,1729960500,1183,1155
2027,Codeforces Round 982 (Div. 2),Techoo5,7622,1729960500,1114,1103
2027,Codeforces Round 982 (Div. 2),An0nyMou5,7622,1729960500,1047,1054
2027,Codeforces Round 982 (Div. 2),sk1000,7622,1729960500,1181,1153
2027,Codeforces Round 982 (Div. 2),Sarthak2004,7635,1729960500,1250,1206
2027,Codeforces Round 982 (Div. 2),Nakul_Dhanani,7635,1729960500,935,975
2027,Codeforces Round 982 (Div. 2),Bidoof,7635,1729960500,999,1079
2027,Codeforces Round 982 (Div. 2),Vaidik_Saxena,7635,1729960500,1029,1041
2027,Codeforces Round 982 (Div. 2),rohitsanam2002,7635,1729960500,940,978
2027,Codeforces Round 982 (Div. 2),Virtualamen,7635,1729960500,366,668
2027,Codeforces Round 982 (Div. 2),minhhieu-k18,7635,1729960500,1017,1032
2027,Codeforces Round 982 (Div. 2),itsiftikar02,7635,1729960500,1391,1316
2027,Codeforces Round 982 (Div. 2),anjurao,7643,1729960500,946,982
2027,Codeforces Round 982 (Div. 2),Hyrulia,7643,1729960500,969,998
2027,Codeforces Round 982 (Div. 2),K_Vivek_Kumar,7643,1729960500,1073,1072
2027,Codeforces Round 982 (Div. 2),Rdr_Kartik,7643,1729960500,1119,1106
2027,Codeforces Round 982 (Div. 2),IamMrawsome_3777,7643,1729960500,963,1051
2027,Codeforces Round 982 (Div. 2),srinand,7643,1729960500,957,1025
2027,Codeforces Round 982 (Div. 2),asatishubham2004,7643,1729960500,1088,1083
2027,Codeforces Round 982 (Div. 2),chiahungtang.,7643,1729960500,979,1005
2027,Codeforces Round 982 (Div. 2),shovik2020,7643,1729960500,1187,1157
2027,Codeforces Round 982 (Div. 2),raka_04,7643,1729960500,968,1032
2027,Codeforces Round 982 (Div. 2),ronin_zoro,7643,1729960500,1245,1202
2027,Codeforces Round 982 (Div. 2),Mover_R,7643,1729960500,1387,1313
2027,Codeforces Round 982 (Div. 2),Stunt_Marvin,7643,1729960500,1464,1374
2027,Codeforces Round 982 (Div. 2),jonahgamer110,7643,1729960500,1053,1058
2027,Codeforces Round 982 (Div. 2),ASPERS,7657,1729960500,1513,1413
2027,Codeforces Round 982 (Div. 2),Ranlen,7657,1729960500,1320,1260
2027,Codeforces Round 982 (Div. 2),MD_JAHIDUL_ISLAM,7657,1729960500,1018,1032
2027,Codeforces Round 982 (Div. 2),i-am-vengeance,7657,1729960500,1217,1180
2027,Codeforces Round 982 (Div. 2),Ashraqt_Muhammad,7657,1729960500,1024,1037
2027,Codeforces Round 982 (Div. 2),temporary,7662,1729960500,1375,1303
2027,Codeforces Round 982 (Div. 2),layla2003,7663,1729960500,964,994
2027,Codeforces Round 982 (Div. 2),Awith,7663,1729960500,980,1005
2027,Codeforces Round 982 (Div. 2),Worry7,7663,1729960500,1145,1125
2027,Codeforces Round 982 (Div. 2),1stbit,7663,1729960500,0,428
2027,Codeforces Round 982 (Div. 2),taherboudriga23,7663,1729960500,953,987
2027,Codeforces Round 982 (Div. 2),krish12252005,7663,1729960500,912,959
2027,Codeforces Round 982 (Div. 2),bitBoss,7663,1729960500,901,951
2027,Codeforces Round 982 (Div. 2),jeevanlaldaraiha,7663,1729960500,1036,1045
2027,Codeforces Round 982 (Div. 2),Supriyo645,7663,1729960500,1003,1022
2027,Codeforces Round 982 (Div. 2),Dash2in1,7672,1729960500,402,696
2027,Codeforces Round 982 (Div. 2),l_yzzz,7673,1729960500,1224,1185
2027,Codeforces Round 982 (Div. 2),rikharigaurav004,7673,1729960500,957,989
2027,Codeforces Round 982 (Div. 2),ATEF_GH,7673,1729960500,1113,1101
2027,Codeforces Round 982 (Div. 2),22R01A7390,7673,1729960500,607,834
2027,Codeforces Round 982 (Div. 2),chirag_1342,7673,1729960500,1150,1167
2027,Codeforces Round 982 (Div. 2),yungleandoer2013,7673,1729960500,1037,1046
2027,Codeforces Round 982 (Div. 2),shoharab512,7673,1729960500,1073,1072
2027,Codeforces Round 982 (Div. 2),PetaLinGer.,7673,1729960500,0,428
2027,Codeforces Round 982 (Div. 2),imaginary_faye,7673,1729960500,750,905
2027,Codeforces Round 982 (Div. 2),Zarnigor,7673,1729960500,1098,1090
2027,Codeforces Round 982 (Div. 2),wang_ye_xin,7683,1729960500,1153,1131
2027,Codeforces Round 982 (Div. 2),rimaru,7683,1729960500,1113,1101
2027,Codeforces Round 982 (Div. 2),crazyGAUTAM,7683,1729960500,1045,1051
2027,Codeforces Round 982 (Div. 2),patarasila,7683,1729960500,1300,1244
2027,Codeforces Round 982 (Div. 2),Neymar_Jr_31,7683,1729960500,1518,1416
2027,Codeforces Round 982 (Div. 2),AK-_-47,7683,1729960500,979,1004
2027,Codeforces Round 982 (Div. 2),abhay004,7683,1729960500,494,768
2027,Codeforces Round 982 (Div. 2),no_name56,7683,1729960500,414,705
2027,Codeforces Round 982 (Div. 2),shresthkasyap19,7683,1729960500,1169,1143
2027,Codeforces Round 982 (Div. 2),saq_6072ahmed,7683,1729960500,975,1001
2027,Codeforces Round 982 (Div. 2),sujoyy19,7693,1729960500,988,1010
2027,Codeforces Round 982 (Div. 2),KAKAROT__01,7693,1729960500,1124,1109
2027,Codeforces Round 982 (Div. 2),Afsanul_Islam,7693,1729960500,1280,1228
2027,Codeforces Round 982 (Div. 2),Khatana_Sudhir,7693,1729960500,975,1001
2027,Codeforces Round 982 (Div. 2),sharprang,7693,1729960500,1178,1150
2027,Codeforces Round 982 (Div. 2),MariamMaria,7693,1729960500,979,1004
2027,Codeforces Round 982 (Div. 2),VilGaX0_0,7693,1729960500,926,1023
2027,Codeforces Round 982 (Div. 2),Kuroneko_CIHL,7693,1729960500,1016,1030
2027,Codeforces Round 982 (Div. 2),khan3575,7693,1729960500,1086,1081
2027,Codeforces Round 982 (Div. 2),AayushKumar_,7693,1729960500,1036,1044
2027,Codeforces Round 982 (Div. 2),Knull117,7693,1729960500,1137,1118
2027,Codeforces Round 982 (Div. 2),Nahull,7704,1729960500,1089,1083
2027,Codeforces Round 982 (Div. 2),_aadityas_,7704,1729960500,1018,1031
2027,Codeforces Round 982 (Div. 2),wanjia40,7704,1729960500,0,428
2027,Codeforces Round 982 (Div. 2),gdbxcvgg,7704,1729960500,882,1003
2027,Codeforces Round 982 (Div. 2),jafarbek_yusupov,7704,1729960500,372,672
2027,Codeforces Round 982 (Div. 2),anonymous1235,7704,1729960500,1284,1231
2027,Codeforces Round 982 (Div. 2),Nazish_Rahmani,7704,1729960500,913,959
2027,Codeforces Round 982 (Div. 2),two-seven,7704,1729960500,1162,1203
2027,Codeforces Round 982 (Div. 2),haythem55,7712,1729960500,1055,1058
2027,Codeforces Round 982 (Div. 2),Pa_tien_ce,7712,1729960500,924,966
2027,Codeforces Round 982 (Div. 2),vasireddyvenu,7712,1729960500,1165,1140
2027,Codeforces Round 982 (Div. 2),bird_of_prey,7712,1729960500,882,938
2027,Codeforces Round 982 (Div. 2),yatharth_25,7712,1729960500,1286,1232
2027,Codeforces Round 982 (Div. 2),vardhan_0512,7712,1729960500,1073,1070
2027,Codeforces Round 982 (Div. 2),Puru_Brahmankar,7712,1729960500,1039,1046
2027,Codeforces Round 982 (Div. 2),ayush.rtr,7712,1729960500,1025,1036
2027,Codeforces Round 982 (Div. 2),N-METHYL-CELLULOSE,7712,1729960500,950,984
2027,Codeforces Round 982 (Div. 2),notaBot101,7712,1729960500,429,716
2027,Codeforces Round 982 (Div. 2),faizan2700,7722,1729960500,1292,1237
2027,Codeforces Round 982 (Div. 2),Masud_Abdullah,7722,1729960500,1101,1091
2027,Codeforces Round 982 (Div. 2),_Arifur_Rahman,7722,1729960500,1068,1067
2027,Codeforces Round 982 (Div. 2),reisjoaomendes,7722,1729960500,1098,1089
2027,Codeforces Round 982 (Div. 2),Shahil_26,7722,1729960500,988,1009
2027,Codeforces Round 982 (Div. 2),Seer_Prime,7722,1729960500,428,715
2027,Codeforces Round 982 (Div. 2),Carni1,7722,1729960500,1149,1127
2027,Codeforces Round 982 (Div. 2),harshu2eg,7729,1729960500,925,1022
2027,Codeforces Round 982 (Div. 2),nidhi_9504,7729,1729960500,608,834
2027,Codeforces Round 982 (Div. 2),harshitayadavv211,7729,1729960500,444,727
2027,Codeforces Round 982 (Div. 2),higino,7729,1729960500,1200,1166
2027,Codeforces Round 982 (Div. 2),Black_Swordsman,7729,1729960500,1198,1164
2027,Codeforces Round 982 (Div. 2),Ayush.Verma,7729,1729960500,1045,1086
2027,Codeforces Round 982 (Div. 2),clashgamer1050,7729,1729960500,1011,1086
2027,Codeforces Round 982 (Div. 2),rahit87,7729,1729960500,397,691
2027,Codeforces Round 982 (Div. 2),CJXMoonBack,7729,1729960500,1136,1117
2027,Codeforces Round 982 (Div. 2),PremBhugraIITD,7729,1729960500,1053,1056
2027,Codeforces Round 982 (Div. 2),Vikram2k4,7729,1729960500,853,918
2027,Codeforces Round 982 (Div. 2),dhruv_856,7729,1729960500,1082,1077
2027,Codeforces Round 982 (Div. 2),nipu_das,7729,1729960500,1263,1214
2027,Codeforces Round 982 (Div. 2),wizz_rafi,7742,1729960500,892,944
2027,Codeforces Round 982 (Div. 2),Md_Faique_Ibrahimi,7742,1729960500,1301,1244
2027,Codeforces Round 982 (Div. 2),Rakmom,7742,1729960500,862,924
2027,Codeforces Round 982 (Div. 2),jimaa_,7742,1729960500,1230,1189
2027,Codeforces Round 982 (Div. 2),fallensigh,7742,1729960500,0,427
2027,Codeforces Round 982 (Div. 2),Ilia99099,7742,1729960500,1212,1213
2027,Codeforces Round 982 (Div. 2),_KanyeWest_,7742,1729960500,1178,1149
2027,Codeforces Round 982 (Div. 2),petrenslavik,7749,1729960500,1203,1168
2027,Codeforces Round 982 (Div. 2),kingfisher-2,7749,1729960500,805,887
2027,Codeforces Round 982 (Div. 2),Godussop01,7749,1729960500,920,962
2027,Codeforces Round 982 (Div. 2),nextin,7749,1729960500,834,905
2027,Codeforces Round 982 (Div. 2),ItsAllMe,7749,1729960500,1072,1069
2027,Codeforces Round 982 (Div. 2),bonty56,7749,1729960500,0,427
2027,Codeforces Round 982 (Div. 2),j.archit,7749,1729960500,1371,1299
2027,Codeforces Round 982 (Div. 2),Devil_Union,7749,1729960500,978,1002
2027,Codeforces Round 982 (Div. 2),_Harsh_chauhan_,7749,1729960500,812,891
2027,Codeforces Round 982 (Div. 2),echikawa,7758,1729960500,1024,1034
2027,Codeforces Round 982 (Div. 2),ayus34513,7758,1729960500,1183,1152
2027,Codeforces Round 982 (Div. 2),Gourav_Saini,7758,1729960500,1128,1110
2027,Codeforces Round 982 (Div. 2),underTheTable,7758,1729960500,1003,1020
2027,Codeforces Round 982 (Div. 2),sanketag23,7758,1729960500,1266,1216
2027,Codeforces Round 982 (Div. 2),RACoder01,7758,1729960500,821,897
2027,Codeforces Round 982 (Div. 2),CMOS,7758,1729960500,1051,1054
2027,Codeforces Round 982 (Div. 2),yingxueyuhanling,7765,1729960500,1118,1185
2027,Codeforces Round 982 (Div. 2),maverick_05,7765,1729960500,954,1042
2027,Codeforces Round 982 (Div. 2),Sriramkoyi,7765,1729960500,850,967
2027,Codeforces Round 982 (Div. 2),FaroukM,7765,1729960500,1010,1025
2027,Codeforces Round 982 (Div. 2),thismagic,7765,1729960500,1347,1279
2027,Codeforces Round 982 (Div. 2),Y5Yash,7765,1729960500,1346,1279
2027,Codeforces Round 982 (Div. 2),yyyying,7765,1729960500,592,821
2027,Codeforces Round 982 (Div. 2),keshav_dubey,7765,1729960500,820,946
2027,Codeforces Round 982 (Div. 2),shivansh3950,7765,1729960500,1355,1286
2027,Codeforces Round 982 (Div. 2),__Naruto_,7765,1729960500,1273,1221
2027,Codeforces Round 982 (Div. 2),5046434_06,7775,1729960500,958,1023
2027,Codeforces Round 982 (Div. 2),bharath_23,7775,1729960500,1096,1086
2027,Codeforces Round 982 (Div. 2),Cypher42,7775,1729960500,1060,1060
2027,Codeforces Round 982 (Div. 2),swater01,7775,1729960500,1184,1153
2027,Codeforces Round 982 (Div. 2),junak_paul123,7775,1729960500,939,975
2027,Codeforces Round 982 (Div. 2),nayan_2207,7775,1729960500,1069,1067
2027,Codeforces Round 982 (Div. 2),him1233,7775,1729960500,650,792
2027,Codeforces Round 982 (Div. 2),Naman_omar,7775,1729960500,1118,1103
2027,Codeforces Round 982 (Div. 2),hitanshu0729,7783,1729960500,1523,1419
2027,Codeforces Round 982 (Div. 2),_Jain_,7783,1729960500,1229,1187
2027,Codeforces Round 982 (Div. 2),sher_locked_0,7783,1729960500,1252,1205
2027,Codeforces Round 982 (Div. 2),James_bond_067,7786,1729960500,1091,1083
2027,Codeforces Round 982 (Div. 2),shad_kidwai,7787,1729960500,914,957
2027,Codeforces Round 982 (Div. 2),Exodia_7amody_bj3a,7787,1729960500,1027,1036
2027,Codeforces Round 982 (Div. 2),Norbertgamote,7787,1729960500,1399,1360
2027,Codeforces Round 982 (Div. 2),5imp,7787,1729960500,1162,1136
2027,Codeforces Round 982 (Div. 2),Rajat_Note,7787,1729960500,825,899
2027,Codeforces Round 982 (Div. 2),omar_refay,7787,1729960500,601,828
2027,Codeforces Round 982 (Div. 2),MONA7124,7787,1729960500,766,861
2027,Codeforces Round 982 (Div. 2),matvibhor4,7794,1729960500,1117,1101
2027,Codeforces Round 982 (Div. 2),tanzero_1,7794,1729960500,1065,1063
2027,Codeforces Round 982 (Div. 2),nst_19,7794,1729960500,1217,1178
2027,Codeforces Round 982 (Div. 2),jevesh2905,7794,1729960500,1182,1151
2027,Codeforces Round 982 (Div. 2),VaibhavPal99,7794,1729960500,1102,1090
2027,Codeforces Round 982 (Div. 2),Xjanbol,7794,1729960500,853,917
2027,Codeforces Round 982 (Div. 2),him_21,7794,1729960500,1187,1155
2027,Codeforces Round 982 (Div. 2),chef_gladiator,7794,1729960500,1302,1244
2027,Codeforces Round 982 (Div. 2),2672149905,7794,1729960500,1241,1196
2027,Codeforces Round 982 (Div. 2),shakil_21_,7794,1729960500,1181,1150
2027,Codeforces Round 982 (Div. 2),imsurya_156,7804,1729960500,632,851
2027,Codeforces Round 982 (Div. 2),SwatiNandha,7804,1729960500,796,880
2027,Codeforces Round 982 (Div. 2),SimonLi12138,7804,1729960500,1433,1347
2027,Codeforces Round 982 (Div. 2),suyucum,7804,1729960500,1010,1059
2027,Codeforces Round 982 (Div. 2),bombinghuanyizhiyuan,7804,1729960500,1550,1440
2027,Codeforces Round 982 (Div. 2),SarthakGund,7809,1729960500,1005,1020
2027,Codeforces Round 982 (Div. 2),Shreyash_45,7809,1729960500,1269,1218
2027,Codeforces Round 982 (Div. 2),chais_,7809,1729960500,1328,1264
2027,Codeforces Round 982 (Div. 2),Guts19,7809,1729960500,1114,1099
2027,Codeforces Round 982 (Div. 2),youfail,7809,1729960500,1260,1211
2027,Codeforces Round 982 (Div. 2),Vasyan999,7814,1729960500,850,966
2027,Codeforces Round 982 (Div. 2),Newt_ScAmANdeR,7814,1729960500,1390,1312
2027,Codeforces Round 982 (Div. 2),SREE_PRASAD,7814,1729960500,1021,1031
2027,Codeforces Round 982 (Div. 2),Maverick_Vishal,7814,1729960500,805,942
2027,Codeforces Round 982 (Div. 2),rp031776,7814,1729960500,975,998
2027,Codeforces Round 982 (Div. 2),vivek_bhadauria,7814,1729960500,1104,1091
2027,Codeforces Round 982 (Div. 2),drm_85,7814,1729960500,1173,1144
2027,Codeforces Round 982 (Div. 2),Anubhav_Sultania,7814,1729960500,1036,1042
2027,Codeforces Round 982 (Div. 2),one_unknown,7814,1729960500,1187,1154
2027,Codeforces Round 982 (Div. 2),pratik.777,7814,1729960500,909,953
2027,Codeforces Round 982 (Div. 2),bhanu.prakash1708,7814,1729960500,972,996
2027,Codeforces Round 982 (Div. 2),dj_ony,7814,1729960500,947,979
2027,Codeforces Round 982 (Div. 2),onlyforcode,7826,1729960500,1166,1138
2027,Codeforces Round 982 (Div. 2),0_1vivek,7827,1729960500,898,1000
2027,Codeforces Round 982 (Div. 2),praveenguptaa,7827,1729960500,768,862
2027,Codeforces Round 982 (Div. 2),Arjungr8,7827,1729960500,1066,1063
2027,Codeforces Round 982 (Div. 2),sahil_k_28,7827,1729960500,945,977
2027,Codeforces Round 982 (Div. 2),lzpeye,7827,1729960500,1190,1156
2027,Codeforces Round 982 (Div. 2),Hera_sharma,7827,1729960500,1004,1019
2027,Codeforces Round 982 (Div. 2),khainizzaro,7827,1729960500,1114,1099
2027,Codeforces Round 982 (Div. 2),samridhidubey141,7827,1729960500,0,426
2027,Codeforces Round 982 (Div. 2),Aditya.,7835,1729960500,1045,1048
2027,Codeforces Round 982 (Div. 2),skshukla,7835,1729960500,0,426
2027,Codeforces Round 982 (Div. 2),abhijeethchandragi,7835,1729960500,1298,1240
2027,Codeforces Round 982 (Div. 2),rakibislam010,7835,1729960500,851,914
2027,Codeforces Round 982 (Div. 2),cqlcql,7835,1729960500,1003,1018
2027,Codeforces Round 982 (Div. 2),ParadoxicalAce,7835,1729960500,1054,1054
2027,Codeforces Round 982 (Div. 2),devansh_20,7835,1729960500,838,939
2027,Codeforces Round 982 (Div. 2),gokuinstinct,7835,1729960500,1153,1128
2027,Codeforces Round 982 (Div. 2),aryaveerdadhich7,7835,1729960500,813,947
2027,Codeforces Round 982 (Div. 2),simhadrivenkatvivek,7835,1729960500,1340,1272
2027,Codeforces Round 982 (Div. 2),ZISAN,7845,1729960500,1089,1080
2027,Codeforces Round 982 (Div. 2),Yayoo,7845,1729960500,812,889
2027,Codeforces Round 982 (Div. 2),MurarishettyVinayKumar,7845,1729960500,951,1039
2027,Codeforces Round 982 (Div. 2),Shrey_Jain,7845,1729960500,1041,1045
2027,Codeforces Round 982 (Div. 2),CCCman,7845,1729960500,1048,1050
2027,Codeforces Round 982 (Div. 2),Lilith_Shadeimp,7850,1729960500,1047,1049
2027,Codeforces Round 982 (Div. 2),0ktava,7850,1729960500,1023,1032
2027,Codeforces Round 982 (Div. 2),Watson_TP,7850,1729960500,1073,1068
2027,Codeforces Round 982 (Div. 2),sujal345,7850,1729960500,903,948
2027,Codeforces Round 982 (Div. 2),runawayawayaway,7854,1729960500,1124,1106
2027,Codeforces Round 982 (Div. 2),Johnny1212,7854,1729960500,609,832
2027,Codeforces Round 982 (Div. 2),Kannu2k,7854,1729960500,1519,1415
2027,Codeforces Round 982 (Div. 2),NITIKA__,7854,1729960500,1227,1184
2027,Codeforces Round 982 (Div. 2),kavyarambabu232,7854,1729960500,580,810
2027,Codeforces Round 982 (Div. 2),udaysr17,7854,1729960500,1221,1180
2027,Codeforces Round 982 (Div. 2),mridupaban4g,7860,1729960500,1275,1221
2027,Codeforces Round 982 (Div. 2),apoorvashukla744,7860,1729960500,0,425
2027,Codeforces Round 982 (Div. 2),ashutoshg06,7860,1729960500,1169,1140
2027,Codeforces Round 982 (Div. 2),contest_newbie,7860,1729960500,1081,1155
2027,Codeforces Round 982 (Div. 2),Anilbhardwaj,7860,1729960500,1139,1117
2027,Codeforces Round 982 (Div. 2),ajaira,7865,1729960500,1026,1034
2027,Codeforces Round 982 (Div. 2),Dhruv_S1nghal,7865,1729960500,928,965
2027,Codeforces Round 982 (Div. 2),xcjACMdxcj,7865,1729960500,854,978
2027,Codeforces Round 982 (Div. 2),musclnbrains,7865,1729960500,1007,1020
2027,Codeforces Round 982 (Div. 2),aditya.59385,7865,1729960500,649,863
2027,Codeforces Round 982 (Div. 2),suryayyn,7865,1729960500,1200,1163
2027,Codeforces Round 982 (Div. 2),The_Lost_Amulet,7865,1729960500,1119,1102
2027,Codeforces Round 982 (Div. 2),atharv_iitr,7865,1729960500,1197,1161
2027,Codeforces Round 982 (Div. 2),unknownn_04,7865,1729960500,1088,1079
2027,Codeforces Round 982 (Div. 2),shashank_jaiswal,7865,1729960500,986,1005
2027,Codeforces Round 982 (Div. 2),suryareddy0907,7865,1729960500,980,1036
2027,Codeforces Round 982 (Div. 2),mortid0,7876,1729960500,442,724
2027,Codeforces Round 982 (Div. 2),sakibsanto57,7877,1729960500,1112,1096
2027,Codeforces Round 982 (Div. 2),anshmaurya5757,7877,1729960500,1002,1016
2027,Codeforces Round 982 (Div. 2),red_scorpion,7877,1729960500,986,1005
2027,Codeforces Round 982 (Div. 2),gauravsharma.200410,7877,1729960500,1004,1018
2027,Codeforces Round 982 (Div. 2),manishjoshi232004,7877,1729960500,995,1011
2027,Codeforces Round 982 (Div. 2),khongten_2008,7877,1729960500,1390,1351
2027,Codeforces Round 982 (Div. 2),rajaendranegi378,7877,1729960500,1189,1155
2027,Codeforces Round 982 (Div. 2),SwaztikBose,7884,1729960500,918,958
2027,Codeforces Round 982 (Div. 2),asn2004,7884,1729960500,1338,1270
2027,Codeforces Round 982 (Div. 2),TheFormalGuy,7884,1729960500,945,1033
2027,Codeforces Round 982 (Div. 2),amankumarch829,7884,1729960500,801,881
2027,Codeforces Round 982 (Div. 2),smooth_wind,7884,1729960500,1474,1378
2027,Codeforces Round 982 (Div. 2),flawless000,7884,1729960500,913,1010
2027,Codeforces Round 982 (Div. 2),McCiocco,7884,1729960500,821,953
2027,Codeforces Round 982 (Div. 2),Green1stick,7884,1729960500,0,425
2027,Codeforces Round 982 (Div. 2),miku1,7892,1729960500,1111,1095
2027,Codeforces Round 982 (Div. 2),RiteshRaushan,7892,1729960500,614,836
2027,Codeforces Round 982 (Div. 2),forces999,7892,1729960500,1257,1207
2027,Codeforces Round 982 (Div. 2),KonstantinBeliakov,7892,1729960500,1097,1085
2027,Codeforces Round 982 (Div. 2),Andrew.Tweddle,7896,1729960500,1082,1074
2027,Codeforces Round 982 (Div. 2),imran_islam12,7897,1729960500,1163,1134
2027,Codeforces Round 982 (Div. 2),Adi_2021,7897,1729960500,1245,1198
2027,Codeforces Round 982 (Div. 2),francisconassif,7897,1729960500,891,1006
2027,Codeforces Round 982 (Div. 2),laka_10,7900,1729960500,1042,1044
2027,Codeforces Round 982 (Div. 2),tamal_63,7900,1729960500,1165,1136
2027,Codeforces Round 982 (Div. 2),anamitrarray,7900,1729960500,895,942
2027,Codeforces Round 982 (Div. 2),shlok_321,7900,1729960500,1076,1069
2027,Codeforces Round 982 (Div. 2),Nyxius,7900,1729960500,1072,1066
2027,Codeforces Round 982 (Div. 2),ritesh_jat20,7905,1729960500,1270,1217
2027,Codeforces Round 982 (Div. 2),mohanmrm20,7905,1729960500,1289,1232
2027,Codeforces Round 982 (Div. 2),__TAMIM,7905,1729960500,1058,1056
2027,Codeforces Round 982 (Div. 2),_amaliya_kishan,7905,1729960500,1152,1126
2027,Codeforces Round 982 (Div. 2),aditya_5240,7905,1729960500,817,891
2027,Codeforces Round 982 (Div. 2),bishtakhil303,7905,1729960500,814,889
2027,Codeforces Round 982 (Div. 2),alskak,7911,1729960500,1175,1143
2027,Codeforces Round 982 (Div. 2),saurabh912005,7911,1729960500,706,821
2027,Codeforces Round 982 (Div. 2),_sanyam,7911,1729960500,1239,1193
2027,Codeforces Round 982 (Div. 2),Sharma_ji_45,7911,1729960500,1138,1115
2027,Codeforces Round 982 (Div. 2),AbhiG_2004,7911,1729960500,1042,1044
2027,Codeforces Round 982 (Div. 2),farabii099,7911,1729960500,673,880
2027,Codeforces Round 982 (Div. 2),Norsik,7911,1729960500,864,974
2027,Codeforces Round 982 (Div. 2),unemployed_479,7911,1729960500,1306,1245
2027,Codeforces Round 982 (Div. 2),bkdn24.Quoc,7911,1729960500,1195,1159
2027,Codeforces Round 982 (Div. 2),Sherlock_ccy,7911,1729960500,883,999
2027,Codeforces Round 982 (Div. 2),Asma_here,7911,1729960500,775,960
2027,Codeforces Round 982 (Div. 2),xy1022,7911,1729960500,1091,1080
2027,Codeforces Round 982 (Div. 2),visheshbhandari017,7923,1729960500,914,1023
2027,Codeforces Round 982 (Div. 2),ccervantes,7923,1729960500,927,963
2027,Codeforces Round 982 (Div. 2),PraK_CodeS,7923,1729960500,1046,1047
2027,Codeforces Round 982 (Div. 2),rautelaaditya16,7923,1729960500,1221,1179
2027,Codeforces Round 982 (Div. 2),harshit001,7923,1729960500,1147,1122
2027,Codeforces Round 982 (Div. 2),Takamiya_Shinji,7928,1729960500,409,697
2027,Codeforces Round 982 (Div. 2),adhityakant,7928,1729960500,1090,1079
2027,Codeforces Round 982 (Div. 2),deveshh_04,7928,1729960500,1036,1039
2027,Codeforces Round 982 (Div. 2),LK618codes,7928,1729960500,951,979
2027,Codeforces Round 982 (Div. 2),UChatt,7928,1729960500,0,424
2027,Codeforces Round 982 (Div. 2),Kaffey83,7928,1729960500,1096,1083
2027,Codeforces Round 982 (Div. 2),arkadipghara,7928,1729960500,1143,1119
2027,Codeforces Round 982 (Div. 2),krish189raj,7928,1729960500,613,834
2027,Codeforces Round 982 (Div. 2),tusharrajput2008,7928,1729960500,967,990
2027,Codeforces Round 982 (Div. 2),jatin18626,7937,1729960500,730,885
2027,Codeforces Round 982 (Div. 2),current_nai,7937,1729960500,1099,1085
2027,Codeforces Round 982 (Div. 2),metadev,7937,1729960500,799,935
2027,Codeforces Round 982 (Div. 2),Ash_0702,7937,1729960500,1275,1220
2027,Codeforces Round 982 (Div. 2),serioslydude,7937,1729960500,1091,1079
2027,Codeforces Round 982 (Div. 2),sprkrd,7937,1729960500,1318,1254
2027,Codeforces Round 982 (Div. 2),edgar_pavlov,7937,1729960500,0,424
2027,Codeforces Round 982 (Div. 2),gsri_18,7944,1729960500,1079,1071
2027,Codeforces Round 982 (Div. 2),Gowtham569,7944,1729960500,1173,1141
2027,Codeforces Round 982 (Div. 2),RohitYuvaraJJadekar,7946,1729960500,1141,1117
2027,Codeforces Round 982 (Div. 2),sourav25,7946,1729960500,967,990
2027,Codeforces Round 982 (Div. 2),mohddanish93543,7946,1729960500,1086,1076
2027,Codeforces Round 982 (Div. 2),sa9432216,7946,1729960500,387,679
2027,Codeforces Round 982 (Div. 2),knoothopian,7946,1729960500,1194,1157
2027,Codeforces Round 982 (Div. 2),SysTaker,7951,1729960500,1419,1334
2027,Codeforces Round 982 (Div. 2),Chugg,7952,1729960500,1728,1582
2027,Codeforces Round 982 (Div. 2),gully_gurl,7952,1729960500,1064,1140
2027,Codeforces Round 982 (Div. 2),AnirudhSrivatsa,7952,1729960500,1127,1106
2027,Codeforces Round 982 (Div. 2),HariomYadav9951,7952,1729960500,680,885
2027,Codeforces Round 982 (Div. 2),mohamed03,7952,1729960500,1204,1165
2027,Codeforces Round 982 (Div. 2),A_Normal_Guy_,7957,1729960500,1089,1078
2027,Codeforces Round 982 (Div. 2),Abh_47,7957,1729960500,878,929
2027,Codeforces Round 982 (Div. 2),feret,7957,1729960500,402,691
2027,Codeforces Round 982 (Div. 2),just_go_ahead,7957,1729960500,576,805
2027,Codeforces Round 982 (Div. 2),Amper8sant,7957,1729960500,1076,1149
2027,Codeforces Round 982 (Div. 2),abhiishhek_k,7957,1729960500,917,1011
2027,Codeforces Round 982 (Div. 2),sa_fu,7957,1729960500,1052,1087
2027,Codeforces Round 982 (Div. 2),YaLong,7964,1729960500,1272,1217
2027,Codeforces Round 982 (Div. 2),avhixorin,7965,1729960500,659,869
2027,Codeforces Round 982 (Div. 2),MJ5aif,7965,1729960500,518,783
2027,Codeforces Round 982 (Div. 2),liza_del_sierra,7965,1729960500,905,947
2027,Codeforces Round 982 (Div. 2),mk9513337,7965,1729960500,1127,1144
2027,Codeforces Round 982 (Div. 2),udaykiran2427,7965,1729960500,931,965
2027,Codeforces Round 982 (Div. 2),4atJ,7965,1729960500,1325,1259
2027,Codeforces Round 982 (Div. 2),2020331009,7965,1729960500,1295,1235
2027,Codeforces Round 982 (Div. 2),floofy,7972,1729960500,1175,1142
2027,Codeforces Round 982 (Div. 2),ceouetav,7972,1729960500,758,852
2027,Codeforces Round 982 (Div. 2),lizao,7972,1729960500,935,1002
2027,Codeforces Round 982 (Div. 2),_Jonty_,7972,1729960500,910,1006
2027,Codeforces Round 982 (Div. 2),venkatabhu1,7972,1729960500,875,927
2027,Codeforces Round 982 (Div. 2),priyanshuraj35,7972,1729960500,1217,1175
2027,Codeforces Round 982 (Div. 2),i_m_avs,7972,1729960500,883,932
2027,Codeforces Round 982 (Div. 2),Echo2,7972,1729960500,1108,1091
2027,Codeforces Round 982 (Div. 2),zer0ne,7980,1729960500,1171,1140
2027,Codeforces Round 982 (Div. 2),jived1224,7980,1729960500,961,985
2027,Codeforces Round 982 (Div. 2),L1419GHT,7980,1729960500,1302,1241
2027,Codeforces Round 982 (Div. 2),pranav_kumar12,7980,1729960500,1448,1356
2027,Codeforces Round 982 (Div. 2),priyajgangwar,7984,1729960500,0,424
2027,Codeforces Round 982 (Div. 2),saikumarailwar9,7984,1729960500,1241,1193
2027,Codeforces Round 982 (Div. 2),Jison_Chakma,7984,1729960500,878,929
2027,Codeforces Round 982 (Div. 2),ajay53a,7987,1729960500,606,828
2027,Codeforces Round 982 (Div. 2),Alikhan228,7987,1729960500,1108,1091
2027,Codeforces Round 982 (Div. 2),hopefull_61,7987,1729960500,734,837
2027,Codeforces Round 982 (Div. 2),Rashedul_Alam,7990,1729960500,1091,1078
2027,Codeforces Round 982 (Div. 2),prerak26,7990,1729960500,1597,1476
2027,Codeforces Round 982 (Div. 2),Harsheys_07,7990,1729960500,1115,1096
2027,Codeforces Round 982 (Div. 2),aaditya2603,7993,1729960500,978,997
2027,Codeforces Round 982 (Div. 2),aviralcoder_00,7993,1729960500,845,906
2027,Codeforces Round 982 (Div. 2),amhdaimm,7993,1729960500,1070,1063
2027,Codeforces Round 982 (Div. 2),sazarov83,7993,1729960500,1242,1194
2027,Codeforces Round 982 (Div. 2),Riad_MEhedi,7993,1729960500,921,957
2027,Codeforces Round 982 (Div. 2),Jayasurya2006,7993,1729960500,982,1000
2027,Codeforces Round 982 (Div. 2),GrimReaper27,7999,1729960500,907,948
2027,Codeforces Round 982 (Div. 2),deepanshu2025,7999,1729960500,1057,1054
2027,Codeforces Round 982 (Div. 2),hari300,7999,1729960500,1137,1113
2027,Codeforces Round 982 (Div. 2),kaen_,7999,1729960500,1045,1044
2027,Codeforces Round 982 (Div. 2),Adityazzzz,7999,1729960500,1037,1039
2027,Codeforces Round 982 (Div. 2),raghuwanshi313,7999,1729960500,1011,1020
2027,Codeforces Round 982 (Div. 2),KYYYrie,8005,1729960500,1017,1024
2027,Codeforces Round 982 (Div. 2),_hopefullyme,8005,1729960500,1123,1102
2027,Codeforces Round 982 (Div. 2),HaY0u,8005,1729960500,1070,1063
2027,Codeforces Round 982 (Div. 2),vivekprakashydvofficial,8005,1729960500,1003,1050
2027,Codeforces Round 982 (Div. 2),DoanNgocGiaHung_2k13,8005,1729960500,954,980
2027,Codeforces Round 982 (Div. 2),Kuuuuuuuuu,8005,1729960500,933,965
2027,Codeforces Round 982 (Div. 2),Ronakeshu3000,8011,1729960500,1021,1027
2027,Codeforces Round 982 (Div. 2),maityankan10,8011,1729960500,1174,1141
2027,Codeforces Round 982 (Div. 2),haarit,8011,1729960500,919,955
2027,Codeforces Round 982 (Div. 2),Kris_24,8011,1729960500,1337,1268
2027,Codeforces Round 982 (Div. 2),iandresgt,8011,1729960500,1055,1052
2027,Codeforces Round 982 (Div. 2),aristarhoskal,8016,1729960500,707,905
2027,Codeforces Round 982 (Div. 2),its_bhavik7pvt,8016,1729960500,0,423
2027,Codeforces Round 982 (Div. 2),siam-35862,8016,1729960500,1282,1224
2027,Codeforces Round 982 (Div. 2),hyoka7,8016,1729960500,1101,1085
2027,Codeforces Round 982 (Div. 2),sdh_02,8016,1729960500,1060,1055
2027,Codeforces Round 982 (Div. 2),lbl123,8016,1729960500,873,958
2027,Codeforces Round 982 (Div. 2),darshanjk,8022,1729960500,1186,1150
2027,Codeforces Round 982 (Div. 2),joshiruchir35,8022,1729960500,926,960
2027,Codeforces Round 982 (Div. 2),BeastRD,8022,1729960500,1269,1214
2027,Codeforces Round 982 (Div. 2),kr25161,8022,1729960500,1701,1560
2027,Codeforces Round 982 (Div. 2),_Agageldi_,8022,1729960500,1317,1252
2027,Codeforces Round 982 (Div. 2),flyingfist,8022,1729960500,1335,1266
2027,Codeforces Round 982 (Div. 2),Suhrit.g,8028,1729960500,835,961
2027,Codeforces Round 982 (Div. 2),codeking1819,8028,1729960500,950,976
2027,Codeforces Round 982 (Div. 2),jibonjr,8028,1729960500,858,914
2027,Codeforces Round 982 (Div. 2),DataMaverik,8028,1729960500,1166,1135
2027,Codeforces Round 982 (Div. 2),Itachi_uchiha_1013,8028,1729960500,0,423
2027,Codeforces Round 982 (Div. 2),cxx20050211,8028,1729960500,973,992
2027,Codeforces Round 982 (Div. 2),Abn_elsayed,8028,1729960500,860,915
2027,Codeforces Round 982 (Div. 2),Playhouse,8035,1729960500,1463,1368
2027,Codeforces Round 982 (Div. 2),Suraiya_sraboni,8035,1729960500,931,963
2027,Codeforces Round 982 (Div. 2),Aman00001,8035,1729960500,1545,1433
2027,Codeforces Round 982 (Div. 2),undercover_ghoul,8035,1729960500,1411,1326
2027,Codeforces Round 982 (Div. 2),lrXac,8039,1729960500,1615,1490
2027,Codeforces Round 982 (Div. 2),lolidoli,8039,1729960500,1155,1192
2027,Codeforces Round 982 (Div. 2),Fehtor,8041,1729960500,893,1052
2027,Codeforces Round 982 (Div. 2),Muhammad__Ali,8041,1729960500,1142,1116
2027,Codeforces Round 982 (Div. 2),_Xenox_,8043,1729960500,1206,1165
2027,Codeforces Round 982 (Div. 2),lakshkyada22,8043,1729960500,974,993
2027,Codeforces Round 982 (Div. 2),retr0123,8043,1729960500,1144,1118
2027,Codeforces Round 982 (Div. 2),AA7med_N3GEH,8043,1729960500,1078,1068
2027,Codeforces Round 982 (Div. 2),NiceOfYou,8043,1729960500,502,769
2027,Codeforces Round 982 (Div. 2),ConnorChang,8048,1729960500,1269,1214
2027,Codeforces Round 982 (Div. 2),abdullah_zeine,8048,1729960500,350,649
2027,Codeforces Round 982 (Div. 2),vip_ul16,8048,1729960500,946,1008
2027,Codeforces Round 982 (Div. 2),sparsh__24,8048,1729960500,942,970
2027,Codeforces Round 982 (Div. 2),xiaci77,8048,1729960500,1106,1088
2027,Codeforces Round 982 (Div. 2),harle458,8048,1729960500,391,681
2027,Codeforces Round 982 (Div. 2),Sailokesh321,8054,1729960500,1301,1278
2027,Codeforces Round 982 (Div. 2),ImagineTime,8054,1729960500,1467,1371
2027,Codeforces Round 982 (Div. 2),--11159_p,8054,1729960500,474,746
2027,Codeforces Round 982 (Div. 2),Anuj344,8057,1729960500,1254,1202
2027,Codeforces Round 982 (Div. 2),palharshit,8057,1729960500,1100,1084
2027,Codeforces Round 982 (Div. 2),Nasif_Iqbal,8059,1729960500,991,1004
2027,Codeforces Round 982 (Div. 2),mayank0_3,8059,1729960500,989,1003
2027,Codeforces Round 982 (Div. 2),404-BrainNotFound,8059,1729960500,984,1075
2027,Codeforces Round 982 (Div. 2),saloni_04__,8059,1729960500,1076,1066
2027,Codeforces Round 982 (Div. 2),Lakshya17,8059,1729960500,863,917
2027,Codeforces Round 982 (Div. 2),Alikhan-D-019-28,8064,1729960500,1170,1137
2027,Codeforces Round 982 (Div. 2),sajib1619,8064,1729960500,1021,1026
2027,Codeforces Round 982 (Div. 2),Nowshin_Tabassum_Dola,8064,1729960500,1042,1041
2027,Codeforces Round 982 (Div. 2),Nayan2026,8064,1729960500,1128,1105
2027,Codeforces Round 982 (Div. 2),Sumit11Rawat,8068,1729960500,940,969
2027,Codeforces Round 982 (Div. 2),INGE10GRAY,8068,1729960500,412,697
2027,Codeforces Round 982 (Div. 2),yazan_181,8070,1729960500,1414,1328
2027,Codeforces Round 982 (Div. 2),bjorn13,8070,1729960500,887,932
2027,Codeforces Round 982 (Div. 2),b0nkimch0ndro,8070,1729960500,1073,1064
2027,Codeforces Round 982 (Div. 2),Diaa-Srouji,8073,1729960500,1397,1314
2027,Codeforces Round 982 (Div. 2),manyadx777,8073,1729960500,382,673
2027,Codeforces Round 982 (Div. 2),Unreal_Shark,8073,1729960500,1425,1337
2027,Codeforces Round 982 (Div. 2),Goku_makoto,8073,1729960500,1060,1054
2027,Codeforces Round 982 (Div. 2),galanoski,8077,1729960500,915,951
2027,Codeforces Round 982 (Div. 2),Manijityakumar30,8077,1729960500,917,953
2027,Codeforces Round 982 (Div. 2),SOLY,8077,1729960500,1020,1025
2027,Codeforces Round 982 (Div. 2),deepsleep,8077,1729960500,423,706
2027,Codeforces Round 982 (Div. 2),BogdanTurbal,8081,1729960500,1471,1373
2027,Codeforces Round 982 (Div. 2),0mindvp,8081,1729960500,1004,1013
2027,Codeforces Round 982 (Div. 2),zhoushixiang,8081,1729960500,1310,1245
2027,Codeforces Round 982 (Div. 2),akhil_267,8081,1729960500,986,1000
2027,Codeforces Round 982 (Div. 2),Shivansh__07,8085,1729960500,1001,1047
2027,Codeforces Round 982 (Div. 2),harsha_medicharla,8085,1729960500,965,986
2027,Codeforces Round 982 (Div. 2),siddhant_987,8085,1729960500,1156,1126
2027,Codeforces Round 982 (Div. 2),atharvt14,8088,1729960500,688,889
2027,Codeforces Round 982 (Div. 2),adityaonam,8088,1729960500,888,933
2027,Codeforces Round 982 (Div. 2),lokeshwaran77,8088,1729960500,695,810
2027,Codeforces Round 982 (Div. 2),mohansaisankar,8088,1729960500,0,422
2027,Codeforces Round 982 (Div. 2),panchalparth471,8092,1729960500,932,962
2027,Codeforces Round 982 (Div. 2),shohan241,8092,1729960500,918,953
2027,Codeforces Round 982 (Div. 2),BLACKDEX09,8092,1729960500,1063,1056
2027,Codeforces Round 982 (Div. 2),AwakeShivam,8095,1729960500,927,959
2027,Codeforces Round 982 (Div. 2),powboii,8095,1729960500,736,886
2027,Codeforces Round 982 (Div. 2),hzzt_2004,8097,1729960500,1309,1244
2027,Codeforces Round 982 (Div. 2),askeladd111,8097,1729960500,1218,1173
2027,Codeforces Round 982 (Div. 2),kvi086966,8099,1729960500,0,422
2027,Codeforces Round 982 (Div. 2),kytoLam,8100,1729960500,1098,1082
2027,Codeforces Round 982 (Div. 2),Naman_g17,8100,1729960500,1494,1392
2027,Codeforces Round 982 (Div. 2),pdmass,8100,1729960500,1181,1144
2027,Codeforces Round 982 (Div. 2),X_illUmiNatI,8100,1729960500,1095,1080
2027,Codeforces Round 982 (Div. 2),kevin852004,8104,1729960500,1065,1057
2027,Codeforces Round 982 (Div. 2),blackdiamond59,8104,1729960500,1101,1084
2027,Codeforces Round 982 (Div. 2),sammas24,8104,1729960500,1270,1214
2027,Codeforces Round 982 (Div. 2),rishu778,8104,1729960500,880,927
2027,Codeforces Round 982 (Div. 2),Pallab827,8108,1729960500,1093,1078
2027,Codeforces Round 982 (Div. 2),Kuldeep1709,8108,1729960500,656,864
2027,Codeforces Round 982 (Div. 2),is_this_greedy,8110,1729960500,892,935
2027,Codeforces Round 982 (Div. 2),sharmalavneesh3,8111,1729960500,911,948
2027,Codeforces Round 982 (Div. 2),NewId44,8111,1729960500,599,753
2027,Codeforces Round 982 (Div. 2),02ayush02,8111,1729960500,647,857
2027,Codeforces Round 982 (Div. 2),Tanmoyy,8114,1729960500,1035,1035
2027,Codeforces Round 982 (Div. 2),zrqbhbl,8114,1729960500,1226,1179
2027,Codeforces Round 982 (Div. 2),IamYessir,8114,1729960500,1159,1128
2027,Codeforces Round 982 (Div. 2),Purna_Tadikonda_9,8114,1729960500,1273,1216
2027,Codeforces Round 982 (Div. 2),conquerer01,8118,1729960500,1227,1180
2027,Codeforces Round 982 (Div. 2),luxemburger,8118,1729960500,1472,1374
2027,Codeforces Round 982 (Div. 2),nomor,8118,1729960500,358,654
2027,Codeforces Round 982 (Div. 2),bluish,8121,1729960500,1331,1261
2027,Codeforces Round 982 (Div. 2),The_Cruel_Saint,8121,1729960500,1099,1082
2027,Codeforces Round 982 (Div. 2),shashankRoy,8121,1729960500,1046,1043
2027,Codeforces Round 982 (Div. 2),Amr_Fadel,8121,1729960500,1165,1132
2027,Codeforces Round 982 (Div. 2),viratbhaibest,8125,1729960500,0,422
2027,Codeforces Round 982 (Div. 2),JF_ALVE,8126,1729960500,1144,1116
2027,Codeforces Round 982 (Div. 2),dumutan,8127,1729960500,1065,1120
2027,Codeforces Round 982 (Div. 2),User_107,8127,1729960500,1054,1129
2027,Codeforces Round 982 (Div. 2),Istiaque_ahmed,8127,1729960500,1291,1230
2027,Codeforces Round 982 (Div. 2),ba1234anh,8130,1729960500,1228,1180
2027,Codeforces Round 982 (Div. 2),sum_1,8131,1729960500,1065,1057
2027,Codeforces Round 982 (Div. 2),NR.1,8132,1729960500,1116,1095
2027,Codeforces Round 982 (Div. 2),kryos,8132,1729960500,1216,1210
2027,Codeforces Round 982 (Div. 2),akshitbansal711,8132,1729960500,1126,1140
2027,Codeforces Round 982 (Div. 2),Ny0n,8135,1729960500,1277,1219
2027,Codeforces Round 982 (Div. 2),Timey,8135,1729960500,1187,1149
2027,Codeforces Round 982 (Div. 2),hari_0909,8135,1729960500,957,1053
2027,Codeforces Round 982 (Div. 2),MoCkZeTa,8138,1729960500,1172,1137
2027,Codeforces Round 982 (Div. 2),umma_kulsum,8138,1729960500,896,971
2027,Codeforces Round 982 (Div. 2),hocproteus,8138,1729960500,1032,1032
2027,Codeforces Round 982 (Div. 2),TanishSen,8141,1729960500,858,965
2027,Codeforces Round 982 (Div. 2),PhotonTJ,8141,1729960500,932,961
2027,Codeforces Round 982 (Div. 2),krutarthpatel929,8143,1729960500,1338,1267
2027,Codeforces Round 982 (Div. 2),Kolli_Kesav,8144,1729960500,1156,1125
2027,Codeforces Round 982 (Div. 2),Muhammad_Bitar,8145,1729960500,1255,1201
2027,Codeforces Round 982 (Div. 2),ankushmondal1y2t,8145,1729960500,1003,1011
2027,Codeforces Round 982 (Div. 2),Jaideep_g,8145,1729960500,611,829
2027,Codeforces Round 982 (Div. 2),Cebrayil09,8148,1729960500,1142,1114
2027,Codeforces Round 982 (Div. 2),Dev_ankit,8148,1729960500,854,908
2027,Codeforces Round 982 (Div. 2),amishachhajed,8148,1729960500,1006,1013
2027,Codeforces Round 982 (Div. 2),himaloy_007,8148,1729960500,1220,1174
2027,Codeforces Round 982 (Div. 2),238r1a05f7,8148,1729960500,581,806
2027,Codeforces Round 982 (Div. 2),shi_vam,8153,1729960500,1168,1134
2027,Codeforces Round 982 (Div. 2),pratyush_24,8153,1729960500,1100,1082
2027,Codeforces Round 982 (Div. 2),2000ms,8153,1729960500,1247,1195
2027,Codeforces Round 982 (Div. 2),Viru_paksh_01,8156,1729960500,933,962
2027,Codeforces Round 982 (Div. 2),Tested_567,8156,1729960500,955,977
2027,Codeforces Round 982 (Div. 2),Akshar_7,8156,1729960500,1605,1480
2027,Codeforces Round 982 (Div. 2),gobind19095,8156,1729960500,1052,1127
2027,Codeforces Round 982 (Div. 2),Diaj,8156,1729960500,0,421
2027,Codeforces Round 982 (Div. 2),Valenz,8161,1729960500,1456,1360
2027,Codeforces Round 982 (Div. 2),suffix_summ,8162,1729960500,1585,1464
2027,Codeforces Round 982 (Div. 2),anant__0_7,8162,1729960500,1267,1210
2027,Codeforces Round 982 (Div. 2),Hanagasumii,8162,1729960500,1297,1234
2027,Codeforces Round 982 (Div. 2),sakshamg258,8165,1729960500,1450,1355
2027,Codeforces Round 982 (Div. 2),N0.ONE,8165,1729960500,1265,1208
2027,Codeforces Round 982 (Div. 2),pareek_ankur_a1,8167,1729960500,1112,1091
2027,Codeforces Round 982 (Div. 2),bhsh200,8167,1729960500,955,976
2027,Codeforces Round 982 (Div. 2),_im.sjha_,8167,1729960500,464,737
2027,Codeforces Round 982 (Div. 2),_JG_,8170,1729960500,1478,1378
2027,Codeforces Round 982 (Div. 2),SkyWave2024,8170,1729960500,1511,1404
2027,Codeforces Round 982 (Div. 2),sava_20,8172,1729960500,1414,1327
2027,Codeforces Round 982 (Div. 2),Niranjan_Sirgoji,8172,1729960500,821,886
2027,Codeforces Round 982 (Div. 2),thatstarcoder,8172,1729960500,662,867
2027,Codeforces Round 982 (Div. 2),Mama_AC_Hoyna,8172,1729960500,1226,1178
2027,Codeforces Round 982 (Div. 2),Masterer,8172,1729960500,1270,1212
2027,Codeforces Round 982 (Div. 2),cill_guy,8172,1729960500,1114,1130
2027,Codeforces Round 982 (Div. 2),royshweta1712,8172,1729960500,1027,1028
2027,Codeforces Round 982 (Div. 2),get-gud,8179,1729960500,1154,1123
2027,Codeforces Round 982 (Div. 2),pookiie,8179,1729960500,1208,1164
2027,Codeforces Round 982 (Div. 2),aditya_1148,8179,1729960500,957,978
2027,Codeforces Round 982 (Div. 2),yairr,8182,1729960500,1221,1174
2027,Codeforces Round 982 (Div. 2),Polaris1000M,8183,1729960500,443,720
2027,Codeforces Round 982 (Div. 2),shferns,8183,1729960500,923,954
2027,Codeforces Round 982 (Div. 2),Dong_yijun,8185,1729960500,1186,1147
2027,Codeforces Round 982 (Div. 2),Ullash404,8185,1729960500,786,913
2027,Codeforces Round 982 (Div. 2),shivank_dixit,8187,1729960500,1137,1110
2027,Codeforces Round 982 (Div. 2),_Hunter_41_,8187,1729960500,772,855
2027,Codeforces Round 982 (Div. 2),qDis,8187,1729960500,1383,1302
2027,Codeforces Round 982 (Div. 2),saketh1607,8190,1729960500,1015,1081
2027,Codeforces Round 982 (Div. 2),AJ_Forces,8191,1729960500,1043,1039
2027,Codeforces Round 982 (Div. 2),struct_quad,8191,1729960500,914,948
2027,Codeforces Round 982 (Div. 2),NoirNeko,8193,1729960500,1197,1155
2027,Codeforces Round 982 (Div. 2),toxik,8194,1729960500,1095,1077
2027,Codeforces Round 982 (Div. 2),rana_bharath,8194,1729960500,1072,1060
2027,Codeforces Round 982 (Div. 2),ranajay321,8196,1729960500,698,895
2027,Codeforces Round 982 (Div. 2),gshahrouzi,8196,1729960500,1425,1335
2027,Codeforces Round 982 (Div. 2),gyroooo,8196,1729960500,1168,1133
2027,Codeforces Round 982 (Div. 2),somonnoyok_,8199,1729960500,1311,1244
2027,Codeforces Round 982 (Div. 2),platinumdragon,8200,1729960500,1219,1172
2027,Codeforces Round 982 (Div. 2),tejjhode,8201,1729960500,638,848
2027,Codeforces Round 982 (Div. 2),SakSham_banSal-_-,8201,1729960500,886,929
2027,Codeforces Round 982 (Div. 2),liuchengen,8203,1729960500,875,988
2027,Codeforces Round 982 (Div. 2),bunker64,8203,1729960500,0,421
2027,Codeforces Round 982 (Div. 2),Sabamak,8205,1729960500,1156,1124
2027,Codeforces Round 982 (Div. 2),Ashish_,8205,1729960500,1297,1233
2027,Codeforces Round 982 (Div. 2),kishan.ved,8207,1729960500,1384,1302
2027,Codeforces Round 982 (Div. 2),dauntlessdaksh,8207,1729960500,939,965
2027,Codeforces Round 982 (Div. 2),Bjorn0711,8209,1729960500,468,739
2027,Codeforces Round 982 (Div. 2),happytushir,8210,1729960500,1270,1212
2027,Codeforces Round 982 (Div. 2),waterfalll,8210,1729960500,1275,1216
2027,Codeforces Round 982 (Div. 2),shafin_azfar,8212,1729960500,916,949
2027,Codeforces Round 982 (Div. 2),mamadam69.,8213,1729960500,1253,1199
2027,Codeforces Round 982 (Div. 2),keshabkjha,8214,1729960500,927,956
2027,Codeforces Round 982 (Div. 2),pratik1603,8214,1729960500,846,902
2027,Codeforces Round 982 (Div. 2),Fumika,8214,1729960500,0,420
2027,Codeforces Round 982 (Div. 2),yolin199,8217,1729960500,834,894
2027,Codeforces Round 982 (Div. 2),taohochoingukkk,8218,1729960500,1132,1105
2027,Codeforces Round 982 (Div. 2),AJ7787_,8219,1729960500,1098,1079
2027,Codeforces Round 982 (Div. 2),y_a_g_a_m_i,8220,1729960500,1028,1028
2027,Codeforces Round 982 (Div. 2),RebeccaFrank0vic,8221,1729960500,1132,1105
2027,Codeforces Round 982 (Div. 2),baapji123_,8222,1729960500,915,1019
2027,Codeforces Round 982 (Div. 2),Jamil_Asad_Fan_1,8222,1729960500,1420,1331
2027,Codeforces Round 982 (Div. 2),Kavazaki,8224,1729960500,941,965
2027,Codeforces Round 982 (Div. 2),MAGIC2001,8225,1729960500,446,722
2027,Codeforces Round 982 (Div. 2),Mainul36,8226,1729960500,601,751
2027,Codeforces Round 982 (Div. 2),Bommireddy1702,8227,1729960500,825,939
2027,Codeforces Round 982 (Div. 2),satendrapandeymp,8228,1729960500,0,421
2027,Codeforces Round 982 (Div. 2),Zrini2005,8229,1729960500,0,420
2027,Codeforces Round 982 (Div. 2),codeitV,8229,1729960500,0,420
2027,Codeforces Round 982 (Div. 2),Tri.Angle,8231,1729960500,893,933
2027,Codeforces Round 982 (Div. 2),MrAlgorithm,8232,1729960500,744,930
2027,Codeforces Round 982 (Div. 2),Qwerty.,8233,1729960500,854,907
2027,Codeforces Round 982 (Div. 2),Bojji_King,8234,1729960500,838,896
2027,Codeforces Round 982 (Div. 2),Xi_Wen,8235,1729960500,1627,1497
2027,Codeforces Round 982 (Div. 2),hi_my_name_is_...,8236,1729960500,644,852
2027,Codeforces Round 982 (Div. 2),MPranav,8236,1729960500,606,824
2027,Codeforces Round 982 (Div. 2),dheeraj1,8238,1729960500,1135,1108
2027,Codeforces Round 982 (Div. 2),Ternion,8239,1729960500,779,858
2027,Codeforces Round 982 (Div. 2),design1234,8240,1729960500,726,825
2027,Codeforces Round 982 (Div. 2),VishwajeetChoudhary,8241,1729960500,911,945
2027,Codeforces Round 982 (Div. 2),Mindstealer,8242,1729960500,971,986
2027,Codeforces Round 982 (Div. 2),bkdn24.unm,8243,1729960500,1044,1039
2027,Codeforces Round 982 (Div. 2),rahman_mustafiz,8244,1729960500,827,889
2027,Codeforces Round 982 (Div. 2),preetham_vk18,8245,1729960500,751,840
2027,Codeforces Round 982 (Div. 2),Fiendfyre,8246,1729960500,723,913
2027,Codeforces Round 982 (Div. 2),saumyabamrara,8247,1729960500,606,823
2027,Codeforces Round 982 (Div. 2),prudhvi_machana,8247,1729960500,608,825
2027,Codeforces Round 982 (Div. 2),Adii,8249,1729960500,406,690
2027,Codeforces Round 982 (Div. 2),Momhad_sirFaraz,8249,1729960500,842,962
2027,Codeforces Round 982 (Div. 2),lofigangsta,8251,1729960500,1185,1145
2027,Codeforces Round 982 (Div. 2),milaaaaan,8252,1729960500,0,420
2027,Codeforces Round 982 (Div. 2),Zorojuro,8253,1729960500,533,712
2027,Codeforces Round 982 (Div. 2),belema_007,8253,1729960500,568,732
2027,Codeforces Round 982 (Div. 2),HELLONOOW,8255,1729960500,0,420
2027,Codeforces Round 982 (Div. 2),Alissam,8256,1729960500,847,966
2027,Codeforces Round 982 (Div. 2),curiousbeast,8257,1729960500,1238,1186
2027,Codeforces Round 982 (Div. 2),MAK963,8258,1729960500,1170,1134
2027,Codeforces Round 982 (Div. 2),vansh_ika_16,8259,1729960500,0,420
2027,Codeforces Round 982 (Div. 2),Saptak88,8260,1729960500,1213,1167
2027,Codeforces Round 982 (Div. 2),tarangvarshney231000054,8261,1729960500,571,733
2027,Codeforces Round 982 (Div. 2),052_from_031,8262,1729960500,1464,1365
2027,Codeforces Round 982 (Div. 2),XieShangZhi,8262,1729960500,601,819
2027,Codeforces Round 982 (Div. 2),Asmaa_Omar,8262,1729960500,860,910
2027,Codeforces Round 982 (Div. 2),sololtin2001,8262,1729960500,1410,1362
2027,Codeforces Round 982 (Div. 2),andhBhakt,8266,1729960500,1585,1463
2027,Codeforces Round 982 (Div. 2),qlu11708,8266,1729960500,1399,1384
2027,Codeforces Round 982 (Div. 2),comebackking,8266,1729960500,1373,1292
2027,Codeforces Round 982 (Div. 2),QDJenny,8266,1729960500,1634,1502
2027,Codeforces Round 982 (Div. 2),_.M7ammad._,8266,1729960500,0,420
2027,Codeforces Round 982 (Div. 2),VectorVirtuoso,8266,1729960500,1365,1286
2027,Codeforces Round 982 (Div. 2),XF062850,8266,1729960500,1050,1106
2027,Codeforces Round 982 (Div. 2),kyr778,8266,1729960500,542,798
2027,Codeforces Round 982 (Div. 2),thnam12,8266,1729960500,716,908
2027,Codeforces Round 982 (Div. 2),2020331075,8266,1729960500,1366,1287
2027,Codeforces Round 982 (Div. 2),ArturDaun,8266,1729960500,1310,1242
2027,Codeforces Round 982 (Div. 2),l88097442,8266,1729960500,1615,1528
2027,Codeforces Round 982 (Div. 2),R_rank_Pyramid,8266,1729960500,1524,1413
2027,Codeforces Round 982 (Div. 2),cozyvelocirapto,8266,1729960500,1323,1253
2027,Codeforces Round 982 (Div. 2),ashu.hua,8266,1729960500,1531,1419
2027,Codeforces Round 982 (Div. 2),testingbot123,8266,1729960500,1134,1106
2027,Codeforces Round 982 (Div. 2),Now_Sashak,8282,1729960500,705,859
2027,Codeforces Round 982 (Div. 2),zzxuu,8282,1729960500,1173,1135
2027,Codeforces Round 982 (Div. 2),Deshi-Deshi-basara,8282,1729960500,1283,1220
2027,Codeforces Round 982 (Div. 2),FISHCat_cjp,8282,1729960500,1160,1212
2027,Codeforces Round 982 (Div. 2),pt3155420267,8282,1729960500,1314,1245
2027,Codeforces Round 982 (Div. 2),WillM,8282,1729960500,1200,1156
2027,Codeforces Round 982 (Div. 2),phoenix1972,8282,1729960500,0,419
2027,Codeforces Round 982 (Div. 2),helmi09,8282,1729960500,1033,1093
2027,Codeforces Round 982 (Div. 2),lilpluton,8282,1729960500,1317,1247
2027,Codeforces Round 982 (Div. 2),operator32,8282,1729960500,1120,1133
2027,Codeforces Round 982 (Div. 2),my_id_96,8282,1729960500,1201,1156
2027,Codeforces Round 982 (Div. 2),JohnNash01,8282,1729960500,0,419
2027,Codeforces Round 982 (Div. 2),qwyz,8282,1729960500,1350,1274
2027,Codeforces Round 982 (Div. 2),dark_horse95,8282,1729960500,914,945
2027,Codeforces Round 982 (Div. 2),ZeresEngel,8282,1729960500,976,988
2027,Codeforces Round 982 (Div. 2),Nilalohit,8282,1729960500,968,1059
2027,Codeforces Round 982 (Div. 2),baljeet32,8282,1729960500,1241,1188
2027,Codeforces Round 982 (Div. 2),Aravind,8282,1729960500,1496,1390
2027,Codeforces Round 982 (Div. 2),jesseqd,8282,1729960500,1238,1185
2027,Codeforces Round 982 (Div. 2),iWillBeLessThanCyan,8282,1729960500,0,419
2027,Codeforces Round 982 (Div. 2),triflate,8282,1729960500,1199,1155
2027,Codeforces Round 982 (Div. 2),notRiver,8282,1729960500,1194,1190
2027,Codeforces Round 982 (Div. 2),AL2710,8282,1729960500,1362,1283
2027,Codeforces Round 982 (Div. 2),Allergy527,8282,1729960500,1138,1108
2027,Codeforces Round 982 (Div. 2),mac_coder,8282,1729960500,589,809
2027,Codeforces Round 982 (Div. 2),133edsfer13,8282,1729960500,1207,1161
2027,Codeforces Round 982 (Div. 2),shubham_jaiswar_43,8282,1729960500,1692,1549
2027,Codeforces Round 982 (Div. 2),miemiejiuming,8282,1729960500,1341,1266
2027,Codeforces Round 982 (Div. 2),Lvl_Insane,8282,1729960500,1077,1062
2027,Codeforces Round 982 (Div. 2),notUnknown,8282,1729960500,798,868
2027,Codeforces Round 982 (Div. 2),AmishKrishna7,8282,1729960500,1078,1101
2027,Codeforces Round 982 (Div. 2),tejasvinig,8282,1729960500,1004,1008
2027,Codeforces Round 982 (Div. 2),Donaldqian0712,8282,1729960500,1816,1650
2027,Codeforces Round 982 (Div. 2),bazabizi,8282,1729960500,1261,1203
2027,Codeforces Round 982 (Div. 2),TheDarkCalling,8282,1729960500,1449,1353
2027,Codeforces Round 982 (Div. 2),NoNameQWQ,8282,1729960500,1247,1192
2027,Codeforces Round 982 (Div. 2),rahul19191,8282,1729960500,1241,1188
2027,Codeforces Round 982 (Div. 2),atomworkplace1234,8282,1729960500,1027,1025
2027,Codeforces Round 982 (Div. 2),EChen6,8320,1729960500,1123,1095
2027,Codeforces Round 982 (Div. 2),T-Walker,8320,1729960500,1679,1537
2027,Codeforces Round 982 (Div. 2),guddu75,8320,1729960500,1213,1164
2027,Codeforces Round 982 (Div. 2),elpsconr,8320,1729960500,1259,1200
2027,Codeforces Round 982 (Div. 2),Danidelrio,8320,1729960500,1299,1232
2027,Codeforces Round 982 (Div. 2),catting,8320,1729960500,1245,1189
2027,Codeforces Round 982 (Div. 2),meowjiao321,8320,1729960500,1046,1037
2027,Codeforces Round 982 (Div. 2),tianloser,8320,1729960500,1347,1270
2027,Codeforces Round 982 (Div. 2),DanilaKostblgov,8320,1729960500,757,871
2027,Codeforces Round 982 (Div. 2),shinigami777,8320,1729960500,1250,1193
2027,Codeforces Round 982 (Div. 2),7wik_,8320,1729960500,1029,1024
2027,Codeforces Round 982 (Div. 2),Game_changer_Ayush,8320,1729960500,744,886
2027,Codeforces Round 982 (Div. 2),Sourav.VK18,8320,1729960500,1215,1166
2027,Codeforces Round 982 (Div. 2),MouadDidNotFail,8320,1729960500,1254,1196
2027,Codeforces Round 982 (Div. 2),ak2691,8320,1729960500,857,971
2027,Codeforces Round 982 (Div. 2),Nikol_MSU,8320,1729960500,1422,1330
2027,Codeforces Round 982 (Div. 2),kaushik.bhowmick,8320,1729960500,1275,1213
2027,Codeforces Round 982 (Div. 2),hangz,8320,1729960500,1132,1102
2027,Codeforces Round 982 (Div. 2),Blunde_Lavir,8320,1729960500,1428,1335
2027,Codeforces Round 982 (Div. 2),Imanali1,8320,1729960500,1128,1099
2027,Codeforces Round 982 (Div. 2),swat220905,8320,1729960500,1243,1188
2027,Codeforces Round 982 (Div. 2),nem,8320,1729960500,1468,1366
2027,Codeforces Round 982 (Div. 2),DHARMIL_8688,8320,1729960500,1430,1336
2027,Codeforces Round 982 (Div. 2),dpsvoyager.16,8320,1729960500,738,923
2027,Codeforces Round 982 (Div. 2),MHS75,8320,1729960500,928,953
2027,Codeforces Round 982 (Div. 2),d_prodip,8320,1729960500,1501,1393
2027,Codeforces Round 982 (Div. 2),Bronia,8320,1729960500,1151,1116
2027,Codeforces Round 982 (Div. 2),Ahmed_Yosry10,8320,1729960500,525,782
2027,Codeforces Round 982 (Div. 2),Manthan_Parmar,8320,1729960500,1109,1084
2027,Codeforces Round 982 (Div. 2),twj_ink,8320,1729960500,1092,1071
2027,Codeforces Round 982 (Div. 2),Mercuria,8320,1729960500,1035,1029
2027,Codeforces Round 982 (Div. 2),divyakompalli,8320,1729960500,728,822
2027,Codeforces Round 982 (Div. 2),Shravan6398,8320,1729960500,1114,1088
2027,Codeforces Round 982 (Div. 2),sirsam187,8320,1729960500,1332,1258
2027,Codeforces Round 982 (Div. 2),saksham_2021486,8320,1729960500,1415,1324
2027,Codeforces Round 982 (Div. 2),_bahut__dukh_,8320,1729960500,1350,1272
2027,Codeforces Round 982 (Div. 2),Ric1250,8320,1729960500,764,901
2027,Codeforces Round 982 (Div. 2),Master_Goku,8320,1729960500,1398,1311
2027,Codeforces Round 982 (Div. 2),AbdallahMahmoud,8320,1729960500,1171,1132
2027,Codeforces Round 982 (Div. 2),Mr_Gupta,8320,1729960500,1104,1081
2027,Codeforces Round 982 (Div. 2),paarth_kaushik,8320,1729960500,1213,1164
2027,Codeforces Round 982 (Div. 2),harshit7650,8320,1729960500,1536,1422
2027,Codeforces Round 982 (Div. 2),euphoria09,8320,1729960500,1340,1264
2027,Codeforces Round 982 (Div. 2),lemonpro,8320,1729960500,978,988
2027,Codeforces Round 982 (Div. 2),Nawriz_Turjo,8320,1729960500,1136,1105
2027,Codeforces Round 982 (Div. 2),yemenlander,8320,1729960500,1186,1143
2027,Codeforces Round 982 (Div. 2),khzh,8320,1729960500,1168,1129
2027,Codeforces Round 982 (Div. 2),pure,8320,1729960500,815,939
2027,Codeforces Round 982 (Div. 2),Samarth_Udagi,8320,1729960500,1130,1100
2027,Codeforces Round 982 (Div. 2),weird.bayoud,8320,1729960500,578,799
2027,Codeforces Round 982 (Div. 2),La_Casa_Blanca,8320,1729960500,1242,1187
2027,Codeforces Round 982 (Div. 2),AarZoooo,8320,1729960500,884,922
2027,Codeforces Round 982 (Div. 2),-Rafid-,8320,1729960500,1765,1608
2027,Codeforces Round 982 (Div. 2),benzzzz,8320,1729960500,1329,1255
2027,Codeforces Round 982 (Div. 2),e11sy,8320,1729960500,1226,1174
2027,Codeforces Round 982 (Div. 2),_Ankesh,8320,1729960500,1168,1129
2027,Codeforces Round 982 (Div. 2),STommydx,8320,1729960500,1575,1453
2027,Codeforces Round 982 (Div. 2),Arkanefury,8320,1729960500,1457,1358
2027,Codeforces Round 982 (Div. 2),MA101tatti,8320,1729960500,0,418
2027,Codeforces Round 982 (Div. 2),LeafCatcher,8320,1729960500,1161,1124
2027,Codeforces Round 982 (Div. 2),fahima.liza,8320,1729960500,782,855
2027,Codeforces Round 982 (Div. 2),_Aoi_,8320,1729960500,1449,1351
2027,Codeforces Round 982 (Div. 2),ShuKhi,8320,1729960500,1005,1007
2027,Codeforces Round 982 (Div. 2),Priyanshu275,8320,1729960500,1063,1050
2027,Codeforces Round 982 (Div. 2),thelostpirat3,8320,1729960500,0,418
2027,Codeforces Round 982 (Div. 2),FarDream,8320,1729960500,1518,1407
2027,Codeforces Round 982 (Div. 2),K3rnelPanic,8320,1729960500,1256,1198
2027,Codeforces Round 982 (Div. 2),krishnaverma,8320,1729960500,1188,1145
2027,Codeforces Round 982 (Div. 2),mh__mh,8320,1729960500,1300,1232
2027,Codeforces Round 982 (Div. 2),N8_HAWK,8320,1729960500,939,960
2027,Codeforces Round 982 (Div. 2),Dj29563,8320,1729960500,1199,1153
2027,Codeforces Round 982 (Div. 2),atishay_j27,8320,1729960500,1196,1151
2027,Codeforces Round 982 (Div. 2),sergejj,8320,1729960500,1204,1157
2027,Codeforces Round 982 (Div. 2),Dark_543,8320,1729960500,1572,1451
2027,Codeforces Round 982 (Div. 2),fayshal_bin_amir,8320,1729960500,799,866
2027,Codeforces Round 982 (Div. 2),gauravkrgupta0954,8320,1729960500,1099,1115
2027,Codeforces Round 982 (Div. 2),arpit900shukla,8320,1729960500,1307,1238
2027,Codeforces Round 982 (Div. 2),infinityextends,8320,1729960500,1155,1119
2027,Codeforces Round 982 (Div. 2),AhmedElGayar,8320,1729960500,1192,1148
2027,Codeforces Round 982 (Div. 2),YashaswiR,8320,1729960500,1353,1275
2027,Codeforces Round 982 (Div. 2),KMO,8320,1729960500,1165,1127
2027,Codeforces Round 982 (Div. 2),jalya,8320,1729960500,1273,1211
2027,Codeforces Round 982 (Div. 2),procrastinator__001,8320,1729960500,864,909
2027,Codeforces Round 982 (Div. 2),shashanksumanth,8320,1729960500,1250,1193
2027,Codeforces Round 982 (Div. 2),GoodBye_2024,8320,1729960500,1164,1126
2027,Codeforces Round 982 (Div. 2),xiaoyezi2007,8320,1729960500,1741,1588
2027,Codeforces Round 982 (Div. 2),susus,8320,1729960500,1389,1303
2027,Codeforces Round 982 (Div. 2),noogler7,8320,1729960500,1338,1333
2027,Codeforces Round 982 (Div. 2),Soumya_2k01,8320,1729960500,979,988
2027,Codeforces Round 982 (Div. 2),yashaher481,8320,1729960500,1136,1105
2027,Codeforces Round 982 (Div. 2),falcZhang,8320,1729960500,1135,1104
2027,Codeforces Round 982 (Div. 2),AMalladi,8411,1729960500,1100,1076
2027,Codeforces Round 982 (Div. 2),saurabhraj7480,8411,1729960500,1169,1167
2027,Codeforces Round 982 (Div. 2),nikhilist,8411,1729960500,966,977
2027,Codeforces Round 982 (Div. 2),unmilan,8411,1729960500,1216,1164
2027,Codeforces Round 982 (Div. 2),mamtakri230605,8411,1729960500,965,976
2027,Codeforces Round 982 (Div. 2),snacache,8411,1729960500,1610,1480
2027,Codeforces Round 982 (Div. 2),toast12,8411,1729960500,1440,1343
2027,Codeforces Round 982 (Div. 2),taivnaaiwnl,8411,1729960500,0,416
2027,Codeforces Round 982 (Div. 2),ethanhunt1729,8411,1729960500,1234,1179
2027,Codeforces Round 982 (Div. 2),hardy2106,8411,1729960500,1502,1393
2027,Codeforces Round 982 (Div. 2),jeshts27,8411,1729960500,1058,1109
2027,Codeforces Round 982 (Div. 2),1223_4556,8411,1729960500,1202,1154
2027,Codeforces Round 982 (Div. 2),Strange_One,8411,1729960500,1192,1146
2027,Codeforces Round 982 (Div. 2),amit232004,8411,1729960500,992,995
2027,Codeforces Round 982 (Div. 2),KagaMiku39,8411,1729960500,1014,1011
2027,Codeforces Round 982 (Div. 2),huyleisme,8411,1729960500,1007,1007
2027,Codeforces Round 982 (Div. 2),Arch_Linux,8411,1729960500,941,995
2027,Codeforces Round 982 (Div. 2),dk986323350512,8411,1729960500,992,995
2027,Codeforces Round 982 (Div. 2),svaze,8411,1729960500,1535,1419
2027,Codeforces Round 982 (Div. 2),AlphaAspect,8411,1729960500,1016,1013
2027,Codeforces Round 982 (Div. 2),Confusira,8411,1729960500,1037,1028
2027,Codeforces Round 982 (Div. 2),Ashura14,8411,1729960500,1035,1027
2027,Codeforces Round 982 (Div. 2),Narendra_Simha18,8411,1729960500,971,980
2027,Codeforces Round 982 (Div. 2),Saurx9611,8411,1729960500,1132,1100
2027,Codeforces Round 982 (Div. 2),keshav25201,8411,1729960500,1211,1161
2027,Codeforces Round 982 (Div. 2),param_hans,8411,1729960500,961,973
2027,Codeforces Round 982 (Div. 2),ki_da_ra,8411,1729960500,1189,1183
2027,Codeforces Round 982 (Div. 2),harshscool9532,8411,1729960500,921,945
2027,Codeforces Round 982 (Div. 2),XL16610,8411,1729960500,958,971
2027,Codeforces Round 982 (Div. 2),keetarp_panda,8411,1729960500,1031,1024
2027,Codeforces Round 982 (Div. 2),jayasai,8411,1729960500,700,851
2027,Codeforces Round 982 (Div. 2),infinitebm,8411,1729960500,866,908
2027,Codeforces Round 982 (Div. 2),gjit515,8411,1729960500,918,943
2027,Codeforces Round 982 (Div. 2),Segment.Tree,8411,1729960500,1232,1177
2027,Codeforces Round 982 (Div. 2),Annageldyyev,8411,1729960500,944,1037
2027,Codeforces Round 982 (Div. 2),cattolover,8411,1729960500,1403,1353
2027,Codeforces Round 982 (Div. 2),cj_28,8411,1729960500,997,999
2027,Codeforces Round 982 (Div. 2),pmy_coding,8411,1729960500,1023,1018
2027,Codeforces Round 982 (Div. 2),maunderer,8411,1729960500,0,416
2027,Codeforces Round 982 (Div. 2),mayeenUddinHasan,8411,1729960500,897,929
2027,Codeforces Round 982 (Div. 2),FahadxSurma,8411,1729960500,1402,1312
2027,Codeforces Round 982 (Div. 2),adarshagrahari0503,8411,1729960500,1209,1159
2027,Codeforces Round 982 (Div. 2),Asmaa-Moustafa1,8411,1729960500,955,969
2027,Codeforces Round 982 (Div. 2),lwg,8411,1729960500,1438,1341
2027,Codeforces Round 982 (Div. 2),Noureldein,8411,1729960500,1305,1235
2027,Codeforces Round 982 (Div. 2),Yesha_Joshi03,8411,1729960500,950,965
2027,Codeforces Round 982 (Div. 2),roshanlakra19122000,8411,1729960500,1328,1253
2027,Codeforces Round 982 (Div. 2),Reu2s,8411,1729960500,514,772
2027,Codeforces Round 982 (Div. 2),staticGeek,8411,1729960500,967,978
2027,Codeforces Round 982 (Div. 2),prahasgr,8411,1729960500,1115,1125
2027,Codeforces Round 982 (Div. 2),hasan_15_07_03,8411,1729960500,1503,1394
2027,Codeforces Round 982 (Div. 2),manishseervi,8411,1729960500,480,745
2027,Codeforces Round 982 (Div. 2),MohZoro,8411,1729960500,990,994
2027,Codeforces Round 982 (Div. 2),aarushh,8411,1729960500,1212,1162
2027,Codeforces Round 982 (Div. 2),abhinav61294,8411,1729960500,1057,1043
2027,Codeforces Round 982 (Div. 2),lipot100,8411,1729960500,754,934
2027,Codeforces Round 982 (Div. 2),K_M_ZIAUR,8411,1729960500,1002,1003
2027,Codeforces Round 982 (Div. 2),pechenushk,8411,1729960500,0,416
2027,Codeforces Round 982 (Div. 2),Twits10,8411,1729960500,825,880
2027,Codeforces Round 982 (Div. 2),Rahul_404,8411,1729960500,1095,1072
2027,Codeforces Round 982 (Div. 2),cc150119,8411,1729960500,989,994
2027,Codeforces Round 982 (Div. 2),SudoXue,8411,1729960500,0,416
2027,Codeforces Round 982 (Div. 2),endemic,8411,1729960500,1304,1234
2027,Codeforces Round 982 (Div. 2),_S0jib_,8411,1729960500,1136,1103
2027,Codeforces Round 982 (Div. 2),Sakuya6,8411,1729960500,1118,1175
2027,Codeforces Round 982 (Div. 2),vir_at_18,8411,1729960500,925,948
2027,Codeforces Round 982 (Div. 2),shibhaditya,8411,1729960500,1188,1143
2027,Codeforces Round 982 (Div. 2),grace_adams,8411,1729960500,648,851
2027,Codeforces Round 982 (Div. 2),Chirag_Gupta5,8411,1729960500,933,954
2027,Codeforces Round 982 (Div. 2),chroot_,8411,1729960500,1616,1485
2027,Codeforces Round 982 (Div. 2),cezarica,8411,1729960500,958,971
2027,Codeforces Round 982 (Div. 2),sumitkumar-17,8411,1729960500,906,935
2027,Codeforces Round 982 (Div. 2),visheshgautam.official,8411,1729960500,1239,1183
2027,Codeforces Round 982 (Div. 2),mEHEDI-hASAN,8411,1729960500,1264,1202
2027,Codeforces Round 982 (Div. 2),wyut,8411,1729960500,883,989
2027,Codeforces Round 982 (Div. 2),sshreeharish,8411,1729960500,0,416
2027,Codeforces Round 982 (Div. 2),Neelesh1017,8411,1729960500,1116,1088
2027,Codeforces Round 982 (Div. 2),shahriyarsami,8411,1729960500,987,992
2027,Codeforces Round 982 (Div. 2),emrakul,8411,1729960500,1241,1184
2027,Codeforces Round 982 (Div. 2),Gui_gu,8411,1729960500,979,986
2027,Codeforces Round 982 (Div. 2),bob_loblawb,8411,1729960500,1328,1253
2027,Codeforces Round 982 (Div. 2),Linxon,8411,1729960500,1117,1088
2027,Codeforces Round 982 (Div. 2),kiyotaka-ayanokoji,8411,1729960500,991,995
2027,Codeforces Round 982 (Div. 2),N0va_N3bula,8411,1729960500,1071,1053
2027,Codeforces Round 982 (Div. 2),Code_with_Ismail,8411,1729960500,1168,1127
2027,Codeforces Round 982 (Div. 2),joanne09,8411,1729960500,910,973
2027,Codeforces Round 982 (Div. 2),audicarkey,8411,1729960500,1112,1085
2027,Codeforces Round 982 (Div. 2),echo-hope,8411,1729960500,978,985
2027,Codeforces Round 982 (Div. 2),fffff_mela,8411,1729960500,913,975
2027,Codeforces Round 982 (Div. 2),he110Warudo,8411,1729960500,947,963
2027,Codeforces Round 982 (Div. 2),Ecstaticvanilla,8411,1729960500,787,916
2027,Codeforces Round 982 (Div. 2),hit_7624,8411,1729960500,1080,1060
2027,Codeforces Round 982 (Div. 2),AbhinavJain821,8411,1729960500,1300,1231
2027,Codeforces Round 982 (Div. 2),Mahmoud_syria,8411,1729960500,1369,1286
2027,Codeforces Round 982 (Div. 2),RegtLu,8411,1729960500,1182,1177
2027,Codeforces Round 982 (Div. 2),VIVEK6416,8411,1729960500,1341,1263
2027,Codeforces Round 982 (Div. 2),__swoosh__,8411,1729960500,1286,1220
2027,Codeforces Round 982 (Div. 2),a_Miraitowa,8411,1729960500,1103,1078
2027,Codeforces Round 982 (Div. 2),Admino,8411,1729960500,1376,1291
2027,Codeforces Round 982 (Div. 2),Alphacent1234,8411,1729960500,1176,1134
2027,Codeforces Round 982 (Div. 2),indreshkverma2004,8411,1729960500,1022,1017
2027,Codeforces Round 982 (Div. 2),single_malt,8411,1729960500,1460,1359
2027,Codeforces Round 982 (Div. 2),Stranger626,8411,1729960500,1374,1290
2027,Codeforces Round 982 (Div. 2),vishalkumar.singh.cer21,8411,1729960500,1147,1111
2027,Codeforces Round 982 (Div. 2),Jiaq,8411,1729960500,1363,1281
2027,Codeforces Round 982 (Div. 2),FIAZE_AHAMED,8411,1729960500,914,940
2027,Codeforces Round 982 (Div. 2),wdfbabgfad,8517,1729960500,907,932
2027,Codeforces Round 982 (Div. 2),Ryei,8517,1729960500,1246,1186
2027,Codeforces Round 982 (Div. 2),PAG,8517,1729960500,908,933
2027,Codeforces Round 982 (Div. 2),TheDaemonThread,8517,1729960500,936,953
2027,Codeforces Round 982 (Div. 2),fu_rong_king,8517,1729960500,913,1010
2027,Codeforces Round 982 (Div. 2),kkksmile,8517,1729960500,957,968
2027,Codeforces Round 982 (Div. 2),wolvie758,8517,1729960500,945,959
2027,Codeforces Round 982 (Div. 2),shaant_11,8517,1729960500,1369,1284
2027,Codeforces Round 982 (Div. 2),jenil_gabani,8517,1729960500,890,920
2027,Codeforces Round 982 (Div. 2),Ceiling-0000,8517,1729960500,955,1043
2027,Codeforces Round 982 (Div. 2),Shamelon,8517,1729960500,1479,1373
2027,Codeforces Round 982 (Div. 2),sayantikaLaskar,8517,1729960500,899,984
2027,Codeforces Round 982 (Div. 2),ArkhamESHAN,8517,1729960500,1165,1123
2027,Codeforces Round 982 (Div. 2),sunny-Pro,8517,1729960500,1377,1290
2027,Codeforces Round 982 (Div. 2),AlMuhitMuhtadi,8517,1729960500,1713,1563
2027,Codeforces Round 982 (Div. 2),Akash0,8517,1729960500,941,992
2027,Codeforces Round 982 (Div. 2),akshatsharma.sja,8517,1729960500,820,874
2027,Codeforces Round 982 (Div. 2),Ezra_07,8517,1729960500,930,948
2027,Codeforces Round 982 (Div. 2),darkakashihunter,8517,1729960500,464,730
2027,Codeforces Round 982 (Div. 2),ShriyamAvasthi,8517,1729960500,1076,1055
2027,Codeforces Round 982 (Div. 2),VespertineFlower,8517,1729960500,1118,1125
2027,Codeforces Round 982 (Div. 2),MayaZayn,8517,1729960500,1282,1215
2027,Codeforces Round 982 (Div. 2),Ruthless-.-,8517,1729960500,1374,1288
2027,Codeforces Round 982 (Div. 2),shadowsubstrate,8517,1729960500,0,414
2027,Codeforces Round 982 (Div. 2),Aadi2906,8517,1729960500,1107,1078
2027,Codeforces Round 982 (Div. 2),semi-h,8517,1729960500,1152,1113
2027,Codeforces Round 982 (Div. 2),Vinay_Katare,8517,1729960500,1170,1126
2027,Codeforces Round 982 (Div. 2),rhythm_17,8517,1729960500,1273,1207
2027,Codeforces Round 982 (Div. 2),Homer,8517,1729960500,1298,1227
2027,Codeforces Round 982 (Div. 2),RedImposter,8517,1729960500,947,960
2027,Codeforces Round 982 (Div. 2),AMBeheshti,8517,1729960500,989,990
2027,Codeforces Round 982 (Div. 2),xsh367,8517,1729960500,1000,998
2027,Codeforces Round 982 (Div. 2),TheCodeSpeaksForItself,8517,1729960500,1025,1081
2027,Codeforces Round 982 (Div. 2),NeuralKnight,8517,1729960500,776,950
2027,Codeforces Round 982 (Div. 2),sanatsawant,8517,1729960500,1031,1021
2027,Codeforces Round 982 (Div. 2),mcce,8517,1729960500,790,854
2027,Codeforces Round 982 (Div. 2),Combiflame,8517,1729960500,736,917
2027,Codeforces Round 982 (Div. 2),Chaitanya38,8517,1729960500,617,824
2027,Codeforces Round 982 (Div. 2),EdenHazard,8517,1729960500,1562,1439
2027,Codeforces Round 982 (Div. 2),cfone7724123,8517,1729960500,0,414
2027,Codeforces Round 982 (Div. 2),_345,8517,1729960500,1128,1094
2027,Codeforces Round 982 (Div. 2),_MUH_84,8517,1729960500,984,987
2027,Codeforces Round 982 (Div. 2),Pickle___rick,8517,1729960500,1054,1038
2027,Codeforces Round 982 (Div. 2),switchwind,8517,1729960500,1049,1034
2027,Codeforces Round 982 (Div. 2),hnust_ljh,8517,1729960500,1323,1247
2027,Codeforces Round 982 (Div. 2),MinioBuB,8517,1729960500,1514,1401
2027,Codeforces Round 982 (Div. 2),I_HATE_MD_DM,8517,1729960500,1327,1250
2027,Codeforces Round 982 (Div. 2),G00DMaN,8517,1729960500,984,1066
2027,Codeforces Round 982 (Div. 2),divyeshpatel,8517,1729960500,1257,1195
2027,Codeforces Round 982 (Div. 2),EndInsert,8517,1729960500,816,871
2027,Codeforces Round 982 (Div. 2),syh-up,8517,1729960500,985,988
2027,Codeforces Round 982 (Div. 2),savya_2105,8517,1729960500,890,920
2027,Codeforces Round 982 (Div. 2),me.billie,8517,1729960500,379,662
2027,Codeforces Round 982 (Div. 2),Noppo6,8517,1729960500,1042,1029
2027,Codeforces Round 982 (Div. 2),saumya_dadu,8517,1729960500,1213,1160
2027,Codeforces Round 982 (Div. 2),rolex009,8517,1729960500,923,944
2027,Codeforces Round 982 (Div. 2),chichizn,8517,1729960500,1196,1147
2027,Codeforces Round 982 (Div. 2),Dhruv2705,8517,1729960500,1120,1088
2027,Codeforces Round 982 (Div. 2),sakina_khan,8517,1729960500,1171,1128
2027,Codeforces Round 982 (Div. 2),arisen37,8517,1729960500,1049,1034
2027,Codeforces Round 982 (Div. 2),SHAFAYET_TUHIN,8517,1729960500,1025,1017
2027,Codeforces Round 982 (Div. 2),hishiro,8517,1729960500,726,910
2027,Codeforces Round 982 (Div. 2),NikhilMahadik,8517,1729960500,1110,1081
2027,Codeforces Round 982 (Div. 2),mohassan.dev,8517,1729960500,965,973
2027,Codeforces Round 982 (Div. 2),debugmonster,8517,1729960500,1203,1152
2027,Codeforces Round 982 (Div. 2),_Yash_bharadwaj_,8517,1729960500,1053,1037
2027,Codeforces Round 982 (Div. 2),jlr.terceiro,8517,1729960500,1454,1352
2027,Codeforces Round 982 (Div. 2),Barreru_Titor,8517,1729960500,1199,1218
2027,Codeforces Round 982 (Div. 2),Iguanado,8517,1729960500,679,873
2027,Codeforces Round 982 (Div. 2),Contest_guy,8517,1729960500,468,733
2027,Codeforces Round 982 (Div. 2),ann1_,8517,1729960500,1134,1099
2027,Codeforces Round 982 (Div. 2),Adel_Hefny,8517,1729960500,1318,1243
2027,Codeforces Round 982 (Div. 2),MonkeySpinning,8517,1729960500,1171,1216
2027,Codeforces Round 982 (Div. 2),Yuvraj_Rathod,8517,1729960500,920,941
2027,Codeforces Round 982 (Div. 2),akshadamodak06,8517,1729960500,1178,1133
2027,Codeforces Round 982 (Div. 2),malika_a,8517,1729960500,1129,1095
2027,Codeforces Round 982 (Div. 2),breezer,8517,1729960500,1248,1227
2027,Codeforces Round 982 (Div. 2),rzougaBo,8517,1729960500,1024,1016
2027,Codeforces Round 982 (Div. 2),IsayevB,8517,1729960500,1041,1028
2027,Codeforces Round 982 (Div. 2),442,8517,1729960500,939,990
2027,Codeforces Round 982 (Div. 2),Vallano,8517,1729960500,1276,1210
2027,Codeforces Round 982 (Div. 2),pokemon322,8517,1729960500,1299,1268
2027,Codeforces Round 982 (Div. 2),CChenLei,8517,1729960500,1116,1085
2027,Codeforces Round 982 (Div. 2),The_masseteR,8517,1729960500,895,924
2027,Codeforces Round 982 (Div. 2),RAG27,8517,1729960500,0,414
2027,Codeforces Round 982 (Div. 2),Abhinav_Thulal,8517,1729960500,1091,1066
2027,Codeforces Round 982 (Div. 2),hnust_hucan,8517,1729960500,399,678
2027,Codeforces Round 982 (Div. 2),BanSsal,8517,1729960500,1277,1211
2027,Codeforces Round 982 (Div. 2),Inquisitive_Bear,8517,1729960500,866,904
2027,Codeforces Round 982 (Div. 2),Kush_Goradiya,8517,1729960500,1135,1100
2027,Codeforces Round 982 (Div. 2),ProblemTerminator,8517,1729960500,433,705
2027,Codeforces Round 982 (Div. 2),Lyr_ids,8517,1729960500,1385,1297
2027,Codeforces Round 982 (Div. 2),SiamArif,8517,1729960500,1060,1043
2027,Codeforces Round 982 (Div. 2),gouravg,8517,1729960500,1297,1226
2027,Codeforces Round 982 (Div. 2),professor_aka_CM,8517,1729960500,1072,1090
2027,Codeforces Round 982 (Div. 2),Yerugulan,8517,1729960500,944,958
2027,Codeforces Round 982 (Div. 2),He-Jie,8517,1729960500,1605,1475
2027,Codeforces Round 982 (Div. 2),AshokPaul2003,8517,1729960500,976,981
2027,Codeforces Round 982 (Div. 2),gowtham_g30,8517,1729960500,1283,1215
2027,Codeforces Round 982 (Div. 2),Katagaki,8517,1729960500,883,916
2027,Codeforces Round 982 (Div. 2),infinity_7149,8517,1729960500,1343,1263
2027,Codeforces Round 982 (Div. 2),winner69,8517,1729960500,925,1020
2027,Codeforces Round 982 (Div. 2),sas39,8517,1729960500,1170,1126
2027,Codeforces Round 982 (Div. 2),zhCN000000,8517,1729960500,1251,1260
2027,Codeforces Round 982 (Div. 2),AN3_,8517,1729960500,1021,1013
2027,Codeforces Round 982 (Div. 2),AhmedEhab,8517,1729960500,1260,1197
2027,Codeforces Round 982 (Div. 2),ifnotab,8517,1729960500,685,877
2027,Codeforces Round 982 (Div. 2),and_you,8517,1729960500,1211,1159
2027,Codeforces Round 982 (Div. 2),vivekj.joshi9,8517,1729960500,1117,1086
2027,Codeforces Round 982 (Div. 2),srujanbhupathiraju,8517,1729960500,1163,1121
2027,Codeforces Round 982 (Div. 2),Goshgar_468,8517,1729960500,988,990
2027,Codeforces Round 982 (Div. 2),amssx,8517,1729960500,1360,1277
2027,Codeforces Round 982 (Div. 2),dvaidya_rk,8517,1729960500,981,985
2027,Codeforces Round 982 (Div. 2),PlanetEarth,8517,1729960500,819,873
2027,Codeforces Round 982 (Div. 2),Groundhog1,8517,1729960500,1094,1069
2027,Codeforces Round 982 (Div. 2),sandeepkumar9,8517,1729960500,1041,1028
2027,Codeforces Round 982 (Div. 2),suancai,8517,1729960500,1307,1234
2027,Codeforces Round 982 (Div. 2),Donggggas,8517,1729960500,1233,1176
2027,Codeforces Round 982 (Div. 2),galaxy_kitty,8517,1729960500,1064,1046
2027,Codeforces Round 982 (Div. 2),avinash.s07,8517,1729960500,958,1029
2027,Codeforces Round 982 (Div. 2),riya_batra,8517,1729960500,1272,1207
2027,Codeforces Round 982 (Div. 2),sartq,8517,1729960500,1047,1033
2027,Codeforces Round 982 (Div. 2),JEEL001,8517,1729960500,1245,1185
2027,Codeforces Round 982 (Div. 2),dipamsen,8517,1729960500,1340,1261
2027,Codeforces Round 982 (Div. 2),CSFriday,8517,1729960500,1041,1028
2027,Codeforces Round 982 (Div. 2),hrishabhpatel09,8517,1729960500,1181,1136
2027,Codeforces Round 982 (Div. 2),farhan.8,8517,1729960500,1349,1268
2027,Codeforces Round 982 (Div. 2),yuktaaa,8517,1729960500,1001,1062
2027,Codeforces Round 982 (Div. 2),DerpimusRex,8645,1729960500,1105,1075
2027,Codeforces Round 982 (Div. 2),Bardho,8645,1729960500,1242,1181
2027,Codeforces Round 982 (Div. 2),Mofcoding30,8645,1729960500,1080,1056
2027,Codeforces Round 982 (Div. 2),Peedobus01,8645,1729960500,873,906
2027,Codeforces Round 982 (Div. 2),anuj_aggarwal,8645,1729960500,1485,1376
2027,Codeforces Round 982 (Div. 2),Greninja08,8645,1729960500,1496,1385
2027,Codeforces Round 982 (Div. 2),ymh06,8645,1729960500,938,1028
2027,Codeforces Round 982 (Div. 2),TopCloser_fan,8645,1729960500,1095,1206
2027,Codeforces Round 982 (Div. 2),__xor__,8645,1729960500,1060,1040
2027,Codeforces Round 982 (Div. 2),ByteBard,8645,1729960500,929,945
2027,Codeforces Round 982 (Div. 2),Dginey,8645,1729960500,995,992
2027,Codeforces Round 982 (Div. 2),SparseMatrix,8645,1729960500,909,966
2027,Codeforces Round 982 (Div. 2),pr_tam,8645,1729960500,460,725
2027,Codeforces Round 982 (Div. 2),KVA_2008,8645,1729960500,358,644
2027,Codeforces Round 982 (Div. 2),_halua_khabo,8645,1729960500,1038,1023
2027,Codeforces Round 982 (Div. 2),skyflyer_052,8645,1729960500,1060,1040
2027,Codeforces Round 982 (Div. 2),riddler_org,8645,1729960500,1612,1479
2027,Codeforces Round 982 (Div. 2),krator10,8645,1729960500,1030,1018
2027,Codeforces Round 982 (Div. 2),aayushhsuyaa,8645,1729960500,858,896
2027,Codeforces Round 982 (Div. 2),.I_.AM_.WEAK,8645,1729960500,932,1073
2027,Codeforces Round 982 (Div. 2),chiragoncf,8645,1729960500,1073,1088
2027,Codeforces Round 982 (Div. 2),Abhishek_Pant_pr,8645,1729960500,1386,1296
2027,Codeforces Round 982 (Div. 2),ad_offcl,8645,1729960500,1103,1073
2027,Codeforces Round 982 (Div. 2),Rajbagri10,8645,1729960500,1022,1012
2027,Codeforces Round 982 (Div. 2),Aditya_B,8645,1729960500,1091,1064
2027,Codeforces Round 982 (Div. 2),Varun_3124,8645,1729960500,1226,1168
2027,Codeforces Round 982 (Div. 2),Hamcker,8645,1729960500,1063,1042
2027,Codeforces Round 982 (Div. 2),_SHAHARUK_,8645,1729960500,957,965
2027,Codeforces Round 982 (Div. 2),Ishat121,8645,1729960500,925,942
2027,Codeforces Round 982 (Div. 2),Logical_Mind,8645,1729960500,1189,1208
2027,Codeforces Round 982 (Div. 2),lakshyajohari,8645,1729960500,1112,1080
2027,Codeforces Round 982 (Div. 2),fetho101,8645,1729960500,918,1012
2027,Codeforces Round 982 (Div. 2),imposter_19,8645,1729960500,1118,1085
2027,Codeforces Round 982 (Div. 2),Ankit556,8645,1729960500,1171,1125
2027,Codeforces Round 982 (Div. 2),NoobMaster069,8645,1729960500,940,953
2027,Codeforces Round 982 (Div. 2),Ayush_Raj100,8645,1729960500,1240,1179
2027,Codeforces Round 982 (Div. 2),SuperBrainy007,8645,1729960500,776,903
2027,Codeforces Round 982 (Div. 2),soureesh_varma,8645,1729960500,393,671
2027,Codeforces Round 982 (Div. 2),SIR51,8645,1729960500,893,920
2027,Codeforces Round 982 (Div. 2),Aakrishtsingh,8645,1729960500,917,1011
2027,Codeforces Round 982 (Div. 2),mrbkr02,8645,1729960500,961,968
2027,Codeforces Round 982 (Div. 2),Mohammed_Rabei,8645,1729960500,1161,1118
2027,Codeforces Round 982 (Div. 2),kawsar14,8645,1729960500,817,869
2027,Codeforces Round 982 (Div. 2),Kowshik_cf,8645,1729960500,738,818
2027,Codeforces Round 982 (Div. 2),Valmor_x,8645,1729960500,450,717
2027,Codeforces Round 982 (Div. 2),GluconicAcid,8645,1729960500,827,876
2027,Codeforces Round 982 (Div. 2),RaghavSingla,8645,1729960500,1148,1108
2027,Codeforces Round 982 (Div. 2),EagleEyeRaider,8645,1729960500,1310,1235
2027,Codeforces Round 982 (Div. 2),ifte_,8645,1729960500,967,972
2027,Codeforces Round 982 (Div. 2),Edison_H,8645,1729960500,1129,1093
2027,Codeforces Round 982 (Div. 2),ariye9_,8645,1729960500,1222,1165
2027,Codeforces Round 982 (Div. 2),no-name01,8645,1729960500,1332,1253
2027,Codeforces Round 982 (Div. 2),morshaline_1,8645,1729960500,979,1017
2027,Codeforces Round 982 (Div. 2),ShaikAbdulSameer,8645,1729960500,1145,1105
2027,Codeforces Round 982 (Div. 2),Enrong,8645,1729960500,1242,1181
2027,Codeforces Round 982 (Div. 2),ilyakryukov,8645,1729960500,1219,1163
2027,Codeforces Round 982 (Div. 2),ashish02.aks,8645,1729960500,833,879
2027,Codeforces Round 982 (Div. 2),neelu_nzn,8645,1729960500,1112,1080
2027,Codeforces Round 982 (Div. 2),elguegue,8645,1729960500,947,958
2027,Codeforces Round 982 (Div. 2),vaidurya_s,8645,1729960500,655,852
2027,Codeforces Round 982 (Div. 2),Zorenth,8645,1729960500,890,918
2027,Codeforces Round 982 (Div. 2),dhruvi_patel,8645,1729960500,1123,1088
2027,Codeforces Round 982 (Div. 2),wirepuller,8645,1729960500,1289,1218
2027,Codeforces Round 982 (Div. 2),3omda_,8645,1729960500,887,915
2027,Codeforces Round 982 (Div. 2),I_m_lipon,8645,1729960500,1209,1155
2027,Codeforces Round 982 (Div. 2),Rahul021,8645,1729960500,1300,1227
2027,Codeforces Round 982 (Div. 2),Sachin__45,8645,1729960500,813,977
2027,Codeforces Round 982 (Div. 2),WildAlexa,8645,1729960500,0,413
2027,Codeforces Round 982 (Div. 2),Soikot22,8645,1729960500,951,960
2027,Codeforces Round 982 (Div. 2),beyond_zy,8645,1729960500,383,663
2027,Codeforces Round 982 (Div. 2),yy910,8645,1729960500,853,893
2027,Codeforces Round 982 (Div. 2),hiyori,8645,1729960500,964,970
2027,Codeforces Round 982 (Div. 2),paneer_tikka,8645,1729960500,1238,1178
2027,Codeforces Round 982 (Div. 2),Dragon_Emperor25,8645,1729960500,1098,1070
2027,Codeforces Round 982 (Div. 2),Piyush_Kabir,8645,1729960500,1299,1226
2027,Codeforces Round 982 (Div. 2),shanto758,8645,1729960500,940,953
2027,Codeforces Round 982 (Div. 2),cosec2005,8645,1729960500,1148,1108
2027,Codeforces Round 982 (Div. 2),Harshith,8645,1729960500,1171,1125
2027,Codeforces Round 982 (Div. 2),NOOB_CODING,8645,1729960500,755,829
2027,Codeforces Round 982 (Div. 2),syedmaaz,8645,1729960500,825,874
2027,Codeforces Round 982 (Div. 2),Rafi_Sama,8645,1729960500,1014,1006
2027,Codeforces Round 982 (Div. 2),TeacherOfSpiderMan,8645,1729960500,0,413
2027,Codeforces Round 982 (Div. 2),mantha123,8645,1729960500,1071,1049
2027,Codeforces Round 982 (Div. 2),F01100110,8645,1729960500,757,830
2027,Codeforces Round 982 (Div. 2),_404_,8645,1729960500,992,990
2027,Codeforces Round 982 (Div. 2),BoobaRooba,8645,1729960500,1103,1073
2027,Codeforces Round 982 (Div. 2),CodingRunsInsideMe,8645,1729960500,1105,1075
2027,Codeforces Round 982 (Div. 2),satyamvatsal257,8645,1729960500,1249,1187
2027,Codeforces Round 982 (Div. 2),Zoror,8645,1729960500,1058,1039
2027,Codeforces Round 982 (Div. 2),AynazRoAy,8645,1729960500,1227,1169
2027,Codeforces Round 982 (Div. 2),Meow.Meow.,8645,1729960500,973,976
2027,Codeforces Round 982 (Div. 2),zhou_gy1022,8645,1729960500,415,689
2027,Codeforces Round 982 (Div. 2),BrookVon,8645,1729960500,1285,1215
2027,Codeforces Round 982 (Div. 2),_.Manish._,8645,1729960500,1174,1167
2027,Codeforces Round 982 (Div. 2),Lightning_crusader,8645,1729960500,1040,1025
2027,Codeforces Round 982 (Div. 2),Zelenusik,8645,1729960500,852,892
2027,Codeforces Round 982 (Div. 2),marufarafat73,8645,1729960500,596,806
2027,Codeforces Round 982 (Div. 2),Salah7_a,8645,1729960500,1566,1442
2027,Codeforces Round 982 (Div. 2),TJLhhhhss,8645,1729960500,1052,1034
2027,Codeforces Round 982 (Div. 2),smilehoney,8645,1729960500,880,911
2027,Codeforces Round 982 (Div. 2),MetalZeal,8645,1729960500,1072,1050
2027,Codeforces Round 982 (Div. 2),BEKSULTANOV,8645,1729960500,992,990
2027,Codeforces Round 982 (Div. 2),meVintage14,8645,1729960500,1032,1019
2027,Codeforces Round 982 (Div. 2),GULIMUZUN,8645,1729960500,455,721
2027,Codeforces Round 982 (Div. 2),ilove_sundarKanya,8645,1729960500,1031,1019
2027,Codeforces Round 982 (Div. 2),220204,8645,1729960500,1226,1168
2027,Codeforces Round 982 (Div. 2),NoPressureAgain,8645,1729960500,871,961
2027,Codeforces Round 982 (Div. 2),codequirky,8645,1729960500,1079,1055
2027,Codeforces Round 982 (Div. 2),mohitdsa03,8645,1729960500,1111,1079
2027,Codeforces Round 982 (Div. 2),XiaoFam,8645,1729960500,1190,1140
2027,Codeforces Round 982 (Div. 2),k03495545,8645,1729960500,848,923
2027,Codeforces Round 982 (Div. 2),caXjade,8645,1729960500,1173,1127
2027,Codeforces Round 982 (Div. 2),Emraku1,8645,1729960500,1011,1004
2027,Codeforces Round 982 (Div. 2),hey_Stack,8645,1729960500,878,910
2027,Codeforces Round 982 (Div. 2),truongdoanbaotuan20204,8645,1729960500,1132,1095
2027,Codeforces Round 982 (Div. 2),Im_Piyush,8645,1729960500,932,947
2027,Codeforces Round 982 (Div. 2),panhaoyu,8645,1729960500,1487,1377
2027,Codeforces Round 982 (Div. 2),ioi2025participant,8645,1729960500,0,413
2027,Codeforces Round 982 (Div. 2),thebokya,8645,1729960500,1156,1113
2027,Codeforces Round 982 (Div. 2),Mudgil_D_Rachit,8645,1729960500,1084,1059
2027,Codeforces Round 982 (Div. 2),TSTC,8765,1729960500,938,948
2027,Codeforces Round 982 (Div. 2),EternalMangekyo,8765,1729960500,1071,1046
2027,Codeforces Round 982 (Div. 2),MasterMind812,8765,1729960500,965,1029
2027,Codeforces Round 982 (Div. 2),m0solanki,8765,1729960500,1220,1161
2027,Codeforces Round 982 (Div. 2),heyyyankit,8765,1729960500,1452,1347
2027,Codeforces Round 982 (Div. 2),zomaokanime2,8765,1729960500,785,906
2027,Codeforces Round 982 (Div. 2),Shreyas_Chougaonkar,8765,1729960500,995,989
2027,Codeforces Round 982 (Div. 2),Kunal_Kashyap,8765,1729960500,1064,1040
2027,Codeforces Round 982 (Div. 2),cresselia98,8765,1729960500,1332,1250
2027,Codeforces Round 982 (Div. 2),madhavnt006,8765,1729960500,981,979
2027,Codeforces Round 982 (Div. 2),sorenii,8765,1729960500,990,985
2027,Codeforces Round 982 (Div. 2),Dark_Pendragon,8765,1729960500,900,921
2027,Codeforces Round 982 (Div. 2),018-Daniyar-D-2028,8765,1729960500,708,795
2027,Codeforces Round 982 (Div. 2),sankalpmittal91,8765,1729960500,797,851
2027,Codeforces Round 982 (Div. 2),denghongli1021,8765,1729960500,860,928
2027,Codeforces Round 982 (Div. 2),Vishesh3569,8765,1729960500,950,1018
2027,Codeforces Round 982 (Div. 2),oscarspk,8765,1729960500,1295,1221
2027,Codeforces Round 982 (Div. 2),BlackCatMagic,8765,1729960500,963,966
2027,Codeforces Round 982 (Div. 2),TranTheHoangPhuc,8765,1729960500,1000,992
2027,Codeforces Round 982 (Div. 2),CeHang,8765,1729960500,1077,1137
2027,Codeforces Round 982 (Div. 2),krish1785,8765,1729960500,904,998
2027,Codeforces Round 982 (Div. 2),thepronoobie,8765,1729960500,978,1039
2027,Codeforces Round 982 (Div. 2),NoisyBear,8765,1729960500,914,1006
2027,Codeforces Round 982 (Div. 2),abhijeetballabh_23,8765,1729960500,1005,1033
2027,Codeforces Round 982 (Div. 2),shashankpandey05032004,8765,1729960500,884,910
2027,Codeforces Round 982 (Div. 2),adiganesh2004,8765,1729960500,1181,1130
2027,Codeforces Round 982 (Div. 2),BISMILLAHIRRAHMANIRRAHIM,8765,1729960500,1197,1143
2027,Codeforces Round 982 (Div. 2),LincolnRao,8765,1729960500,723,804
2027,Codeforces Round 982 (Div. 2),harshroy,8765,1729960500,1303,1227
2027,Codeforces Round 982 (Div. 2),outer,8765,1729960500,1276,1206
2027,Codeforces Round 982 (Div. 2),ajos21,8765,1729960500,1006,997
2027,Codeforces Round 982 (Div. 2),putdata,8765,1729960500,1507,1392
2027,Codeforces Round 982 (Div. 2),MINOO,8765,1729960500,1255,1189
2027,Codeforces Round 982 (Div. 2),shiva.cp,8765,1729960500,1241,1178
2027,Codeforces Round 982 (Div. 2),2210030108_saivenkatesh,8765,1729960500,864,930
2027,Codeforces Round 982 (Div. 2),_dusk_,8765,1729960500,1227,1167
2027,Codeforces Round 982 (Div. 2),nishant_hardy,8765,1729960500,1254,1188
2027,Codeforces Round 982 (Div. 2),mohitnaik,8765,1729960500,1136,1095
2027,Codeforces Round 982 (Div. 2),bkdn24.stillanewbie,8765,1729960500,984,981
2027,Codeforces Round 982 (Div. 2),Zaphl,8765,1729960500,623,824
2027,Codeforces Round 982 (Div. 2),tommypranay,8765,1729960500,1155,1110
2027,Codeforces Round 982 (Div. 2),suraj321,8765,1729960500,975,974
2027,Codeforces Round 982 (Div. 2),Kongbai,8765,1729960500,1101,1069
2027,Codeforces Round 982 (Div. 2),dgguns04,8765,1729960500,1113,1078
2027,Codeforces Round 982 (Div. 2),quasain,8765,1729960500,422,692
2027,Codeforces Round 982 (Div. 2),anmolnee,8765,1729960500,1220,1161
2027,Codeforces Round 982 (Div. 2),kush.agra.12,8765,1729960500,847,954
2027,Codeforces Round 982 (Div. 2),Sumit_Pandya,8765,1729960500,863,952
2027,Codeforces Round 982 (Div. 2),doggie,8765,1729960500,1122,1085
2027,Codeforces Round 982 (Div. 2),ramakanthrg2003,8765,1729960500,1073,1113
2027,Codeforces Round 982 (Div. 2),dugawaarun,8765,1729960500,1173,1124
2027,Codeforces Round 982 (Div. 2),remiss,8765,1729960500,860,893
2027,Codeforces Round 982 (Div. 2),nikhilchaturvedi07,8765,1729960500,803,855
2027,Codeforces Round 982 (Div. 2),shashankkosta940,8765,1729960500,787,845
2027,Codeforces Round 982 (Div. 2),XT_Error406,8765,1729960500,756,825
2027,Codeforces Round 982 (Div. 2),nsh07,8765,1729960500,797,916
2027,Codeforces Round 982 (Div. 2),Feijoa_Li,8765,1729960500,1154,1109
2027,Codeforces Round 982 (Div. 2),immortal2121,8765,1729960500,1383,1291
2027,Codeforces Round 982 (Div. 2),zenith.exe,8765,1729960500,1078,1051
2027,Codeforces Round 982 (Div. 2),wxcbsd123,8765,1729960500,1502,1388
2027,Codeforces Round 982 (Div. 2),liuby,8765,1729960500,1057,1035
2027,Codeforces Round 982 (Div. 2),Anonimkaq4,8765,1729960500,1035,1018
2027,Codeforces Round 982 (Div. 2),weather1,8765,1729960500,873,902
2027,Codeforces Round 982 (Div. 2),jiteshdhawan171,8765,1729960500,1204,1148
2027,Codeforces Round 982 (Div. 2),Madhv_2003,8765,1729960500,1106,1111
2027,Codeforces Round 982 (Div. 2),manthan_007,8765,1729960500,1335,1253
2027,Codeforces Round 982 (Div. 2),DRaVeN4,8765,1729960500,635,834
2027,Codeforces Round 982 (Div. 2),amitrathore,8765,1729960500,1268,1199
2027,Codeforces Round 982 (Div. 2),vitorfariaa,8765,1729960500,958,1041
2027,Codeforces Round 982 (Div. 2),naymur.iu,8765,1729960500,1004,995
2027,Codeforces Round 982 (Div. 2),you_knowme,8765,1729960500,1162,1116
2027,Codeforces Round 982 (Div. 2),OpenAI_o2,8765,1729960500,355,639
2027,Codeforces Round 982 (Div. 2),Rajputana,8765,1729960500,1081,1053
2027,Codeforces Round 982 (Div. 2),1iKha,8765,1729960500,1111,1076
2027,Codeforces Round 982 (Div. 2),turtlesprint,8765,1729960500,1201,1146
2027,Codeforces Round 982 (Div. 2),P_t_d,8765,1729960500,1161,1115
2027,Codeforces Round 982 (Div. 2),danimania,8765,1729960500,824,936
2027,Codeforces Round 982 (Div. 2),tanyujie,8765,1729960500,957,961
2027,Codeforces Round 982 (Div. 2),Arthur_14,8765,1729960500,1043,1062
2027,Codeforces Round 982 (Div. 2),BuggedBrain,8765,1729960500,873,902
2027,Codeforces Round 982 (Div. 2),ChhaviKansal,8765,1729960500,1035,1018
2027,Codeforces Round 982 (Div. 2),Bhagwa009,8765,1729960500,793,849
2027,Codeforces Round 982 (Div. 2),gurinder8787,8765,1729960500,966,968
2027,Codeforces Round 982 (Div. 2),Valerajfy,8765,1729960500,875,1025
2027,Codeforces Round 982 (Div. 2),KhangHy-VN,8765,1729960500,1060,1037
2027,Codeforces Round 982 (Div. 2),vch7lv,8765,1729960500,1328,1247
2027,Codeforces Round 982 (Div. 2),jianggc,8765,1729960500,1015,1003
2027,Codeforces Round 982 (Div. 2),Satsuki,8765,1729960500,1725,1570
2027,Codeforces Round 982 (Div. 2),Pas_encore.,8765,1729960500,1158,1113
2027,Codeforces Round 982 (Div. 2),HaRoUn,8765,1729960500,891,915
2027,Codeforces Round 982 (Div. 2),ashikstenny,8765,1729960500,1003,995
2027,Codeforces Round 982 (Div. 2),IamJoyanta,8765,1729960500,1226,1166
2027,Codeforces Round 982 (Div. 2),Nazmul_Hasan,8765,1729960500,1353,1267
2027,Codeforces Round 982 (Div. 2),AnupamsinghIITBHU,8765,1729960500,896,918
2027,Codeforces Round 982 (Div. 2),Venties,8765,1729960500,634,833
2027,Codeforces Round 982 (Div. 2),amit_201,8765,1729960500,1068,1044
2027,Codeforces Round 982 (Div. 2),stoney,8765,1729960500,859,949
2027,Codeforces Round 982 (Div. 2),JerBYMan,8765,1729960500,779,948
2027,Codeforces Round 982 (Div. 2),5048,8765,1729960500,357,640
2027,Codeforces Round 982 (Div. 2),w114,8765,1729960500,431,700
2027,Codeforces Round 982 (Div. 2),noorhann,8765,1729960500,890,914
2027,Codeforces Round 982 (Div. 2),sank28,8765,1729960500,961,964
2027,Codeforces Round 982 (Div. 2),Smok--ing,8765,1729960500,1174,1125
2027,Codeforces Round 982 (Div. 2),JA_Tausif,8765,1729960500,1279,1208
2027,Codeforces Round 982 (Div. 2),kritikacoder132,8765,1729960500,701,791
2027,Codeforces Round 982 (Div. 2),gutoo01,8765,1729960500,976,1037
2027,Codeforces Round 982 (Div. 2),hnust_hebing,8765,1729960500,966,1048
2027,Codeforces Round 982 (Div. 2),_3mour_,8765,1729960500,1369,1280
2027,Codeforces Round 982 (Div. 2),Libra_Minister,8765,1729960500,1076,1087
2027,Codeforces Round 982 (Div. 2),rhythmp619,8765,1729960500,1196,1142
2027,Codeforces Round 982 (Div. 2),mayank9166,8765,1729960500,1213,1156
2027,Codeforces Round 982 (Div. 2),Amir_Jafari,8765,1729960500,1293,1219
2027,Codeforces Round 982 (Div. 2),chenghaojia,8765,1729960500,556,800
2027,Codeforces Round 982 (Div. 2),AbayeV,8765,1729960500,921,936
2027,Codeforces Round 982 (Div. 2),dont_catch_me,8765,1729960500,1005,996
2027,Codeforces Round 982 (Div. 2),erdei0508,8765,1729960500,883,967
2027,Codeforces Round 982 (Div. 2),AlgoAlchemist,8765,1729960500,918,934
2027,Codeforces Round 982 (Div. 2),jubair7,8765,1729960500,1102,1069
2027,Codeforces Round 982 (Div. 2),gurbanovcavad,8765,1729960500,1451,1346
2027,Codeforces Round 982 (Div. 2),codetheus,8765,1729960500,1138,1097
2027,Codeforces Round 982 (Div. 2),nitinrj06,8765,1729960500,1153,1109
2027,Codeforces Round 982 (Div. 2),udongein,8765,1729960500,852,888
2027,Codeforces Round 982 (Div. 2),skylak3_3,8765,1729960500,994,988
2027,Codeforces Round 982 (Div. 2),adarsh_mali,8765,1729960500,1039,1022
2027,Codeforces Round 982 (Div. 2),Mohamed-Moemen-Masry,8765,1729960500,806,922
2027,Codeforces Round 982 (Div. 2),mamun700263,8765,1729960500,801,854
2027,Codeforces Round 982 (Div. 2),ndthanhlam3003,8765,1729960500,932,943
2027,Codeforces Round 982 (Div. 2),Silverz,8765,1729960500,980,978
2027,Codeforces Round 982 (Div. 2),just.another.user,8765,1729960500,1291,1217
2027,Codeforces Round 982 (Div. 2),focuzd,8765,1729960500,875,904
2027,Codeforces Round 982 (Div. 2),Ram_2809,8765,1729960500,1114,1079
2027,Codeforces Round 982 (Div. 2),BloomingSummerEnding,8765,1729960500,962,965
2027,Codeforces Round 982 (Div. 2),tech_pg,8765,1729960500,1246,1182
2027,Codeforces Round 982 (Div. 2),CoOpPyCoders,8765,1729960500,992,987
2027,Codeforces Round 982 (Div. 2),codeforkoushik,8765,1729960500,1078,1051
2027,Codeforces Round 982 (Div. 2),shumai_oic,8765,1729960500,0,410
2027,Codeforces Round 982 (Div. 2),jaiveer_017,8765,1729960500,371,652
2027,Codeforces Round 982 (Div. 2),saumishra24,8765,1729960500,1166,1118
2027,Codeforces Round 982 (Div. 2),DTG2005,8765,1729960500,935,981
2027,Codeforces Round 982 (Div. 2),mohammedahmmed4920,8765,1729960500,1270,1201
2027,Codeforces Round 982 (Div. 2),code_wit_da_man_0302_x,8765,1729960500,648,844
2027,Codeforces Round 982 (Div. 2),NguyenPhucThang,8765,1729960500,1503,1389
2027,Codeforces Round 982 (Div. 2),Sagar.Singh.Bhandari,8765,1729960500,923,937
2027,Codeforces Round 982 (Div. 2),aaddss,8765,1729960500,1056,1034
2027,Codeforces Round 982 (Div. 2),Mahdi17,8765,1729960500,964,966
2027,Codeforces Round 982 (Div. 2),garvitjain729,8765,1729960500,899,921
2027,Codeforces Round 982 (Div. 2),NeiderGainza,8765,1729960500,1442,1339
2027,Codeforces Round 982 (Div. 2),AlexaV,8765,1729960500,1509,1393
2027,Codeforces Round 982 (Div. 2),Arpit0123,8765,1729960500,1305,1229
2027,Codeforces Round 982 (Div. 2),chethan_10,8765,1729960500,862,895
2027,Codeforces Round 982 (Div. 2),akashtiwari0704,8765,1729960500,608,813
2027,Codeforces Round 982 (Div. 2),sandeep172918,8916,1729960500,873,899
2027,Codeforces Round 982 (Div. 2),_Raunak_,8916,1729960500,1280,1207
2027,Codeforces Round 982 (Div. 2),roman0102,8916,1729960500,930,939
2027,Codeforces Round 982 (Div. 2),Aditya.17,8916,1729960500,1023,1007
2027,Codeforces Round 982 (Div. 2),Sudhanshu_M,8916,1729960500,1169,1119
2027,Codeforces Round 982 (Div. 2),Tarela4ka,8916,1729960500,1048,1026
2027,Codeforces Round 982 (Div. 2),sankooru14,8916,1729960500,1419,1319
2027,Codeforces Round 982 (Div. 2),batpool,8916,1729960500,1138,1095
2027,Codeforces Round 982 (Div. 2),yj_03,8916,1729960500,1035,1016
2027,Codeforces Round 982 (Div. 2),mmhabsg42,8916,1729960500,621,738
2027,Codeforces Round 982 (Div. 2),debu69980,8916,1729960500,1173,1122
2027,Codeforces Round 982 (Div. 2),LAKSHIT_LAVANYA_KUMAR,8916,1729960500,1126,1085
2027,Codeforces Round 982 (Div. 2),dev99P,8916,1729960500,0,409
2027,Codeforces Round 982 (Div. 2),jsonfoan,8916,1729960500,553,797
2027,Codeforces Round 982 (Div. 2),Skyll1111,8916,1729960500,1152,1195
2027,Codeforces Round 982 (Div. 2),jrcode,8916,1729960500,922,933
2027,Codeforces Round 982 (Div. 2),naveen_8801,8916,1729960500,910,925
2027,Codeforces Round 982 (Div. 2),kzhi,8916,1729960500,1265,1234
2027,Codeforces Round 982 (Div. 2),Coddoc,8916,1729960500,602,805
2027,Codeforces Round 982 (Div. 2),SUS_1910,8916,1729960500,1047,1025
2027,Codeforces Round 982 (Div. 2),duohereshui,8916,1729960500,659,850
2027,Codeforces Round 982 (Div. 2),TranThanh506,8916,1729960500,0,409
2027,Codeforces Round 982 (Div. 2),gamerr,8916,1729960500,1057,1099
2027,Codeforces Round 982 (Div. 2),priyansh2552,8916,1729960500,990,982
2027,Codeforces Round 982 (Div. 2),l-._.-l,8916,1729960500,1228,1165
2027,Codeforces Round 982 (Div. 2),suslick,8916,1729960500,1093,1127
2027,Codeforces Round 982 (Div. 2),gapry,8916,1729960500,996,987
2027,Codeforces Round 982 (Div. 2),jjjjjjjp022,8916,1729960500,1320,1238
2027,Codeforces Round 982 (Div. 2),AnoopKumarYadav,8916,1729960500,1185,1131
2027,Codeforces Round 982 (Div. 2),amoeba,8916,1729960500,898,916
2027,Codeforces Round 982 (Div. 2),Cialoli,8916,1729960500,1187,1133
2027,Codeforces Round 982 (Div. 2),gangto,8916,1729960500,1266,1195
2027,Codeforces Round 982 (Div. 2),hnust_xiahuaxiang,8916,1729960500,517,767
2027,Codeforces Round 982 (Div. 2),mdmahabub55,8916,1729960500,978,973
2027,Codeforces Round 982 (Div. 2),nsquarepart1,8916,1729960500,1090,1058
2027,Codeforces Round 982 (Div. 2),Dhinchakbablu,8916,1729960500,955,1019
2027,Codeforces Round 982 (Div. 2),boishik,8916,1729960500,814,859
2027,Codeforces Round 982 (Div. 2),Shivdatta,8916,1729960500,1010,997
2027,Codeforces Round 982 (Div. 2),xliangmax,8916,1729960500,687,872
2027,Codeforces Round 982 (Div. 2),YEYUHAIOU,8916,1729960500,1060,1035
2027,Codeforces Round 982 (Div. 2),Bug_Noir,8916,1729960500,677,864
2027,Codeforces Round 982 (Div. 2),vsstejas_777,8916,1729960500,886,908
2027,Codeforces Round 982 (Div. 2),quantoor,8916,1729960500,653,845
2027,Codeforces Round 982 (Div. 2),bbbbbbbbbbb,8916,1729960500,761,932
2027,Codeforces Round 982 (Div. 2),Wa1ker,8916,1729960500,1019,1088
2027,Codeforces Round 982 (Div. 2),FifthAxiom,8916,1729960500,0,409
2027,Codeforces Round 982 (Div. 2),fancyor,8916,1729960500,1126,1085
2027,Codeforces Round 982 (Div. 2),mohamedfathy31,8916,1729960500,999,989
2027,Codeforces Round 982 (Div. 2),Bhumishka,8916,1729960500,1130,1088
2027,Codeforces Round 982 (Div. 2),gogagum,8916,1729960500,1203,1145
2027,Codeforces Round 982 (Div. 2),3ssa,8916,1729960500,1251,1184
2027,Codeforces Round 982 (Div. 2),chotonbarmon3,8916,1729960500,1188,1134
2027,Codeforces Round 982 (Div. 2),prashanth_32,8916,1729960500,1341,1256
2027,Codeforces Round 982 (Div. 2),timotius1804,8916,1729960500,855,944
2027,Codeforces Round 982 (Div. 2),Rushitha_Reddy_225,8916,1729960500,1041,1020
2027,Codeforces Round 982 (Div. 2),Noborita,8916,1729960500,1167,1117
2027,Codeforces Round 982 (Div. 2),_i_am_here_to_rule_,8916,1729960500,855,887
2027,Codeforces Round 982 (Div. 2),ArMAX_Armaan,8916,1729960500,1201,1144
2027,Codeforces Round 982 (Div. 2),zhuqing,8916,1729960500,639,834
2027,Codeforces Round 982 (Div. 2),fablogic,8916,1729960500,1047,1025
2027,Codeforces Round 982 (Div. 2),eyasir329,8916,1729960500,836,874
2027,Codeforces Round 982 (Div. 2),Player45899,8916,1729960500,0,409
2027,Codeforces Round 982 (Div. 2),rainboyazerbaycandir,8916,1729960500,411,682
2027,Codeforces Round 982 (Div. 2),Prachi_200,8916,1729960500,1266,1195
2027,Codeforces Round 982 (Div. 2),shashankkosta273,8916,1729960500,891,911
2027,Codeforces Round 982 (Div. 2),toplion7,8916,1729960500,532,687
2027,Codeforces Round 982 (Div. 2),Nafis_Fuad161,8916,1729960500,849,883
2027,Codeforces Round 982 (Div. 2),Shresth_Jha,8916,1729960500,1113,1076
2027,Codeforces Round 982 (Div. 2),taherkapadia786,8916,1729960500,1029,1011
2027,Codeforces Round 982 (Div. 2),RohitRahulDey,8916,1729960500,1190,1135
2027,Codeforces Round 982 (Div. 2),hhhllltttjtyyf,8916,1729960500,1057,1033
2027,Codeforces Round 982 (Div. 2),Rebobtg,8916,1729960500,842,948
2027,Codeforces Round 982 (Div. 2),_Rishika_Chaudhary_,8916,1729960500,371,649
2027,Codeforces Round 982 (Div. 2),Mikesinister,8916,1729960500,666,855
2027,Codeforces Round 982 (Div. 2),annepumaharshi,8916,1729960500,948,952
2027,Codeforces Round 982 (Div. 2),elvircrn,8916,1729960500,1371,1280
2027,Codeforces Round 982 (Div. 2),raj_mistry01,8916,1729960500,776,834
2027,Codeforces Round 982 (Div. 2),maulikkhoyani2710,8916,1729960500,908,923
2027,Codeforces Round 982 (Div. 2),HetTheGreat,8916,1729960500,380,657
2027,Codeforces Round 982 (Div. 2),ARSalman23,8916,1729960500,856,887
2027,Codeforces Round 982 (Div. 2),Mr_ded,8916,1729960500,1093,1060
2027,Codeforces Round 982 (Div. 2),adarsh_53,8916,1729960500,976,1035
2027,Codeforces Round 982 (Div. 2),omarsaifeldeen2000,8916,1729960500,1092,1059
2027,Codeforces Round 982 (Div. 2),Akarsh09,8916,1729960500,1062,1036
2027,Codeforces Round 982 (Div. 2),JalimXpot,8916,1729960500,1046,1024
2027,Codeforces Round 982 (Div. 2),Rohansaini1512,8916,1729960500,1098,1064
2027,Codeforces Round 982 (Div. 2),Rohan1875,8916,1729960500,1203,1145
2027,Codeforces Round 982 (Div. 2),VaibhavG321,8916,1729960500,0,409
2027,Codeforces Round 982 (Div. 2),minecraftlover123,8916,1729960500,1211,1152
2027,Codeforces Round 982 (Div. 2),Mo_90,8916,1729960500,930,1000
2027,Codeforces Round 982 (Div. 2),Wenshen,8916,1729960500,973,1051
2027,Codeforces Round 982 (Div. 2),adam-al-rahman,8916,1729960500,780,837
2027,Codeforces Round 982 (Div. 2),BrAin,8916,1729960500,1275,1203
2027,Codeforces Round 982 (Div. 2),ycxk24,8916,1729960500,852,955
2027,Codeforces Round 982 (Div. 2),ceyliniremkomurcu,8916,1729960500,1041,1020
2027,Codeforces Round 982 (Div. 2),NSteinkraus,8916,1729960500,963,1043
2027,Codeforces Round 982 (Div. 2),JaafarC4,8916,1729960500,0,409
2027,Codeforces Round 982 (Div. 2),10isiatama,8916,1729960500,1348,1261
2027,Codeforces Round 982 (Div. 2),Adarsh__Pal,8916,1729960500,1300,1223
2027,Codeforces Round 982 (Div. 2),worstBR,8916,1729960500,1066,1078
2027,Codeforces Round 982 (Div. 2),Mahi3104,8916,1729960500,844,935
2027,Codeforces Round 982 (Div. 2),ZippyLump1508,8916,1729960500,884,907
2027,Codeforces Round 982 (Div. 2),jiumen,8916,1729960500,1078,1048
2027,Codeforces Round 982 (Div. 2),veeral,8916,1729960500,1146,1101
2027,Codeforces Round 982 (Div. 2),L-S-S,8916,1729960500,1079,1049
2027,Codeforces Round 982 (Div. 2),Oaqader4,8916,1729960500,876,901
2027,Codeforces Round 982 (Div. 2),Niazye,8916,1729960500,890,985
2027,Codeforces Round 982 (Div. 2),shantappahulsure,8916,1729960500,848,952
2027,Codeforces Round 982 (Div. 2),Vedanttttt30,8916,1729960500,919,931
2027,Codeforces Round 982 (Div. 2),_Legenda_Den_,8916,1729960500,916,964
2027,Codeforces Round 982 (Div. 2),yerkegyan,8916,1729960500,785,840
2027,Codeforces Round 982 (Div. 2),harshkd24,8916,1729960500,997,1052
2027,Codeforces Round 982 (Div. 2),hardeeparekh,8916,1729960500,1146,1101
2027,Codeforces Round 982 (Div. 2),zhangxujing303,8916,1729960500,775,896
2027,Codeforces Round 982 (Div. 2),Ali_OP,8916,1729960500,1242,1176
2027,Codeforces Round 982 (Div. 2),erroldmello2005,8916,1729960500,874,935
2027,Codeforces Round 982 (Div. 2),use_kar,8916,1729960500,1229,1166
2027,Codeforces Round 982 (Div. 2),deeplearner10,8916,1729960500,1221,1160
2027,Codeforces Round 982 (Div. 2),Burrito_TG,8916,1729960500,1118,1079
2027,Codeforces Round 982 (Div. 2),Bishal_Saikia,8916,1729960500,1009,996
2027,Codeforces Round 982 (Div. 2),devesh1217,8916,1729960500,970,968
2027,Codeforces Round 982 (Div. 2),Akhi_R,8916,1729960500,949,1015
2027,Codeforces Round 982 (Div. 2),_habi,8916,1729960500,1218,1157
2027,Codeforces Round 982 (Div. 2),fatima_adiga,8916,1729960500,876,901
2027,Codeforces Round 982 (Div. 2),Dindin,8916,1729960500,950,953
2027,Codeforces Round 982 (Div. 2),Belka_100,8916,1729960500,1201,1144
2027,Codeforces Round 982 (Div. 2),NotOriousD,8916,1729960500,1047,1025
2027,Codeforces Round 982 (Div. 2),Omjoshi_7206,8916,1729960500,891,986
2027,Codeforces Round 982 (Div. 2),vivekraj67,8916,1729960500,914,928
2027,Codeforces Round 982 (Div. 2),aditya2.7080,8916,1729960500,1203,1145
2027,Codeforces Round 982 (Div. 2),AhmedReda,8916,1729960500,1050,1027
2027,Codeforces Round 982 (Div. 2),ebn_emon,8916,1729960500,820,863
2027,Codeforces Round 982 (Div. 2),Prithiraj_Paul,8916,1729960500,891,911
2027,Codeforces Round 982 (Div. 2),shashankkosta717,8916,1729960500,871,970
2027,Codeforces Round 982 (Div. 2),Avi_32,9050,1729960500,838,870
2027,Codeforces Round 982 (Div. 2),Makise_004,9050,1729960500,992,979
2027,Codeforces Round 982 (Div. 2),Pranav418,9050,1729960500,1124,1080
2027,Codeforces Round 982 (Div. 2),Kshiteejpawar_714,9050,1729960500,808,918
2027,Codeforces Round 982 (Div. 2),anyangpeter9,9050,1729960500,1094,1057
2027,Codeforces Round 982 (Div. 2),Shakib2738,9050,1729960500,1004,988
2027,Codeforces Round 982 (Div. 2),Ilia_KH,9050,1729960500,1233,1166
2027,Codeforces Round 982 (Div. 2),_kazi_,9050,1729960500,1030,1008
2027,Codeforces Round 982 (Div. 2),DarkDominion,9050,1729960500,1076,1043
2027,Codeforces Round 982 (Div. 2),luck-dog,9050,1729960500,836,940
2027,Codeforces Round 982 (Div. 2),--rhm--,9050,1729960500,902,975
2027,Codeforces Round 982 (Div. 2),akshitasure28,9050,1729960500,995,982
2027,Codeforces Round 982 (Div. 2),Dalle,9050,1729960500,1173,1119
2027,Codeforces Round 982 (Div. 2),willGaxXx,9050,1729960500,1122,1079
2027,Codeforces Round 982 (Div. 2),HTLM,9050,1729960500,1295,1216
2027,Codeforces Round 982 (Div. 2),Madhupriya_k_m,9050,1729960500,402,671
2027,Codeforces Round 982 (Div. 2),THRahat,9050,1729960500,977,968
2027,Codeforces Round 982 (Div. 2),sHau.,9050,1729960500,1640,1496
2027,Codeforces Round 982 (Div. 2),atharvak79,9050,1729960500,934,938
2027,Codeforces Round 982 (Div. 2),Rakesh_Kasse_14,9050,1729960500,1046,1020
2027,Codeforces Round 982 (Div. 2),YouSen,9050,1729960500,908,919
2027,Codeforces Round 982 (Div. 2),zephyrion,9050,1729960500,1018,1065
2027,Codeforces Round 982 (Div. 2),IuNgocBich,9050,1729960500,1005,1127
2027,Codeforces Round 982 (Div. 2),sandeeptiwari93,9050,1729960500,743,808
2027,Codeforces Round 982 (Div. 2),_Intrepid_,9050,1729960500,1120,1077
2027,Codeforces Round 982 (Div. 2),mikeyCodezz29,9050,1729960500,778,942
2027,Codeforces Round 982 (Div. 2),darshit2308,9050,1729960500,759,880
2027,Codeforces Round 982 (Div. 2),dasarimerwinmighty,9050,1729960500,962,957
2027,Codeforces Round 982 (Div. 2),v1cky,9050,1729960500,1043,1018
2027,Codeforces Round 982 (Div. 2),hithesh_0802,9050,1729960500,1173,1119
2027,Codeforces Round 982 (Div. 2),James_31,9050,1729960500,686,868
2027,Codeforces Round 982 (Div. 2),tiwariaman2603,9050,1729960500,1145,1097
2027,Codeforces Round 982 (Div. 2),Mahjabin7,9050,1729960500,967,961
2027,Codeforces Round 982 (Div. 2),Dheeraj_007,9050,1729960500,1321,1237
2027,Codeforces Round 982 (Div. 2),Dulal_169,9050,1729960500,1171,1117
2027,Codeforces Round 982 (Div. 2),jigglypuff07,9050,1729960500,0,406
2027,Codeforces Round 982 (Div. 2),FallingCuber,9050,1729960500,1020,1000
2027,Codeforces Round 982 (Div. 2),Shafayat_karim,9050,1729960500,877,897
2027,Codeforces Round 982 (Div. 2),AkshatOP,9050,1729960500,931,997
2027,Codeforces Round 982 (Div. 2),demonicastral,9050,1729960500,1119,1076
2027,Codeforces Round 982 (Div. 2),U149,9050,1729960500,1455,1345
2027,Codeforces Round 982 (Div. 2),Nokesh,9050,1729960500,703,782
2027,Codeforces Round 982 (Div. 2),Aditya_Masne,9050,1729960500,1071,1039
2027,Codeforces Round 982 (Div. 2),fsssdsns,9050,1729960500,859,885
2027,Codeforces Round 982 (Div. 2),Abhijit1135,9050,1729960500,1065,1035
2027,Codeforces Round 982 (Div. 2),TanMinati,9050,1729960500,963,958
2027,Codeforces Round 982 (Div. 2),kholoud7_khalid8,9050,1729960500,785,835
2027,Codeforces Round 982 (Div. 2),ishitajain240404,9050,1729960500,995,982
2027,Codeforces Round 982 (Div. 2),___Abdulrahman,9050,1729960500,355,634
2027,Codeforces Round 982 (Div. 2),Gaurav_B,9050,1729960500,1530,1407
2027,Codeforces Round 982 (Div. 2),jinxihexi_,9050,1729960500,1015,997
2027,Codeforces Round 982 (Div. 2),Azamat018-bil,9050,1729960500,815,889
2027,Codeforces Round 982 (Div. 2),Jemeljanov,9050,1729960500,364,641
2027,Codeforces Round 982 (Div. 2),Sidd_Anand,9050,1729960500,1425,1321
2027,Codeforces Round 982 (Div. 2),aleatorioguy,9050,1729960500,863,945
2027,Codeforces Round 982 (Div. 2),aditya.aparadh,9050,1729960500,1008,1029
2027,Codeforces Round 982 (Div. 2),ELSE_IF_TRIDIB21,9050,1729960500,930,934
2027,Codeforces Round 982 (Div. 2),hitanshu326,9050,1729960500,889,905
2027,Codeforces Round 982 (Div. 2),messiwintheone,9050,1729960500,1408,1307
2027,Codeforces Round 982 (Div. 2),periodic_20,9050,1729960500,1351,1261
2027,Codeforces Round 982 (Div. 2),ZZYwantAC,9050,1729960500,1053,1026
2027,Codeforces Round 982 (Div. 2),shubhayandas2004,9050,1729960500,1024,1003
2027,Codeforces Round 982 (Div. 2),aliibrahimaezakmi,9050,1729960500,919,927
2027,Codeforces Round 982 (Div. 2),Haley_,9050,1729960500,990,978
2027,Codeforces Round 982 (Div. 2),sombabaofficial,9050,1729960500,943,944
2027,Codeforces Round 982 (Div. 2),_kritagya_,9050,1729960500,960,956
2027,Codeforces Round 982 (Div. 2),Luckyx100,9050,1729960500,729,799
2027,Codeforces Round 982 (Div. 2),DivijJ,9050,1729960500,660,848
2027,Codeforces Round 982 (Div. 2),KritarthSinghal,9050,1729960500,987,1059
2027,Codeforces Round 982 (Div. 2),rachid_0029,9050,1729960500,1043,1018
2027,Codeforces Round 982 (Div. 2),yunzhong240924,9050,1729960500,1111,1109
2027,Codeforces Round 982 (Div. 2),dhruvgupta3307,9050,1729960500,1095,1058
2027,Codeforces Round 982 (Div. 2),freyaaa,9050,1729960500,651,750
2027,Codeforces Round 982 (Div. 2),Tejasai1804,9050,1729960500,1083,1049
2027,Codeforces Round 982 (Div. 2),Sparky1483,9050,1729960500,1174,1119
2027,Codeforces Round 982 (Div. 2),device_2005,9050,1729960500,884,902
2027,Codeforces Round 982 (Div. 2),henfarias,9050,1729960500,957,954
2027,Codeforces Round 982 (Div. 2),Yanemilashkarr,9050,1729960500,1058,1029
2027,Codeforces Round 982 (Div. 2),rakhimova,9050,1729960500,1501,1383
2027,Codeforces Round 982 (Div. 2),jnp.harshsingh1712,9050,1729960500,381,655
2027,Codeforces Round 982 (Div. 2),Fu_Yun024,9050,1729960500,1085,1050
2027,Codeforces Round 982 (Div. 2),R-yya,9050,1729960500,996,1067
2027,Codeforces Round 982 (Div. 2),spideyady,9050,1729960500,1207,1145
2027,Codeforces Round 982 (Div. 2),Alibi-R-osk_er-2028,9050,1729960500,973,1003
2027,Codeforces Round 982 (Div. 2),maruf_khan96,9050,1729960500,1173,1119
2027,Codeforces Round 982 (Div. 2),Lithika,9050,1729960500,0,406
2027,Codeforces Round 982 (Div. 2),codecoy,9050,1729960500,1148,1099
2027,Codeforces Round 982 (Div. 2),ishowmeat,9050,1729960500,670,855
2027,Codeforces Round 982 (Div. 2),kingshivam,9050,1729960500,402,671
2027,Codeforces Round 982 (Div. 2),GauravKmJaiswal,9050,1729960500,1361,1269
2027,Codeforces Round 982 (Div. 2),Cappybara,9050,1729960500,1274,1199
2027,Codeforces Round 982 (Div. 2),amr.moh.1008,9050,1729960500,774,828
2027,Codeforces Round 982 (Div. 2),hza123,9050,1729960500,860,885
2027,Codeforces Round 982 (Div. 2),Shahd_Ku,9050,1729960500,713,789
2027,Codeforces Round 982 (Div. 2),Mostatil,9050,1729960500,1096,1059
2027,Codeforces Round 982 (Div. 2),atul_21,9050,1729960500,1027,1006
2027,Codeforces Round 982 (Div. 2),just_peter,9050,1729960500,937,1002
2027,Codeforces Round 982 (Div. 2),luwowo,9050,1729960500,688,870
2027,Codeforces Round 982 (Div. 2),Petertromso,9050,1729960500,1292,1213
2027,Codeforces Round 982 (Div. 2),no_ved,9050,1729960500,1311,1229
2027,Codeforces Round 982 (Div. 2),Lentreo,9050,1729960500,926,932
2027,Codeforces Round 982 (Div. 2),gunjanbhanwal,9050,1729960500,0,406
2027,Codeforces Round 982 (Div. 2),3_3Twilight,9050,1729960500,774,828
2027,Codeforces Round 982 (Div. 2),Munna,9050,1729960500,1336,1249
2027,Codeforces Round 982 (Div. 2),spacealien,9050,1729960500,425,690
2027,Codeforces Round 982 (Div. 2),debabrata117,9050,1729960500,886,979
2027,Codeforces Round 982 (Div. 2),tenperformer,9050,1729960500,1020,1000
2027,Codeforces Round 982 (Div. 2),CatBiscuit,9050,1729960500,1522,1400
2027,Codeforces Round 982 (Div. 2),benzenelovescp,9050,1729960500,1017,1064
2027,Codeforces Round 982 (Div. 2),thatdns,9050,1729960500,1288,1210
2027,Codeforces Round 982 (Div. 2),immrhrroff,9050,1729960500,1105,1065
2027,Codeforces Round 982 (Div. 2),misbah_123,9050,1729960500,1166,1113
2027,Codeforces Round 982 (Div. 2),hnust_moxinjie,9050,1729960500,1011,994
2027,Codeforces Round 982 (Div. 2),mohdfaiz.72,9050,1729960500,1236,1168
2027,Codeforces Round 982 (Div. 2),dipaR,9050,1729960500,1139,1092
2027,Codeforces Round 982 (Div. 2),SageSaiyan,9050,1729960500,987,976
2027,Codeforces Round 982 (Div. 2),Algo-Ayush,9050,1729960500,1036,1013
2027,Codeforces Round 982 (Div. 2),girish2,9050,1729960500,1443,1376
2027,Codeforces Round 982 (Div. 2),sudhanshu.ranjan,9050,1729960500,1106,1067
2027,Codeforces Round 982 (Div. 2),pratikwadekar,9050,1729960500,1118,1076
2027,Codeforces Round 982 (Div. 2),qq2462155058,9050,1729960500,396,667
2027,Codeforces Round 982 (Div. 2),adarshk.shivam,9050,1729960500,889,905
2027,Codeforces Round 982 (Div. 2),24user_code,9050,1729960500,1191,1133
2027,Codeforces Round 982 (Div. 2),jainam2210,9050,1729960500,1153,1103
2027,Codeforces Round 982 (Div. 2),SnowCastle,9050,1729960500,719,792
2027,Codeforces Round 982 (Div. 2),eugalt,9050,1729960500,1269,1195
2027,Codeforces Round 982 (Div. 2),Master-Bess,9050,1729960500,1348,1259
2027,Codeforces Round 982 (Div. 2),Uchiha_Itachi__,9050,1729960500,875,970
2027,Codeforces Round 982 (Div. 2),aadi8sharma,9050,1729960500,1083,1049
2027,Codeforces Round 982 (Div. 2),Mo_3leem,9050,1729960500,938,940
2027,Codeforces Round 982 (Div. 2),suvansh297,9050,1729960500,1275,1200
2027,Codeforces Round 982 (Div. 2),sujalsharma_13,9050,1729960500,870,892
2027,Codeforces Round 982 (Div. 2),anjalikumarimalakar22,9050,1729960500,1139,1092
2027,Codeforces Round 982 (Div. 2),oreshn1k,9050,1729960500,899,912
2027,Codeforces Round 982 (Div. 2),dseotx2002,9050,1729960500,1353,1263
2027,Codeforces Round 982 (Div. 2),mghaddar04,9050,1729960500,966,960
2027,Codeforces Round 982 (Div. 2),Buttery_Toast,9050,1729960500,919,988
2027,Codeforces Round 982 (Div. 2),Cap_Ziad_Taha,9050,1729960500,900,913
2027,Codeforces Round 982 (Div. 2),Mastermind445,9050,1729960500,1184,1127
2027,Codeforces Round 982 (Div. 2),cfdg520dsg,9050,1729960500,794,907
2027,Codeforces Round 982 (Div. 2),swarndeep121,9050,1729960500,812,887
2027,Codeforces Round 982 (Div. 2),midsane007,9050,1729960500,876,896
2027,Codeforces Round 982 (Div. 2),Hanyilin,9050,1729960500,745,916
2027,Codeforces Round 982 (Div. 2),coldwheat233,9050,1729960500,1336,1249
2027,Codeforces Round 982 (Div. 2),bhanuprakashdv_38,9050,1729960500,0,406
2027,Codeforces Round 982 (Div. 2),H_Ridi,9050,1729960500,852,879
2027,Codeforces Round 982 (Div. 2),Manan2303,9050,1729960500,1097,1059
2027,Codeforces Round 982 (Div. 2),newaz234,9050,1729960500,1097,1059
2027,Codeforces Round 982 (Div. 2),Bayan_Chalik,9050,1729960500,888,905
2027,Codeforces Round 982 (Div. 2),Muhamed4,9050,1729960500,1120,1077
2027,Codeforces Round 982 (Div. 2),hemanth4646k,9050,1729960500,1185,1128
2027,Codeforces Round 982 (Div. 2),RAGNAR_007,9050,1729960500,1004,988
2027,Codeforces Round 982 (Div. 2),Cookie_O,9050,1729960500,815,855
2027,Codeforces Round 982 (Div. 2),vde1441,9050,1729960500,927,932
2027,Codeforces Round 982 (Div. 2),pg_15,9050,1729960500,1019,1000
2027,Codeforces Round 982 (Div. 2),filippodigra,9050,1729960500,1410,1309
2027,Codeforces Round 982 (Div. 2),maxremzi,9050,1729960500,1037,1080
2027,Codeforces Round 982 (Div. 2),Voldemort_2992,9050,1729960500,811,920
2027,Codeforces Round 982 (Div. 2),xiaohaozhe,9050,1729960500,925,1009
2027,Codeforces Round 982 (Div. 2),aman1009,9050,1729960500,865,889
2027,Codeforces Round 982 (Div. 2),SniperM0nkey,9050,1729960500,767,886
2027,Codeforces Round 982 (Div. 2),revlis5202ioi,9050,1729960500,837,990
2027,Codeforces Round 982 (Div. 2),FacuC,9050,1729960500,1200,1140
2027,Codeforces Round 982 (Div. 2),kratos22,9050,1729960500,624,819
2027,Codeforces Round 982 (Div. 2),Din_ED,9050,1729960500,1078,1045
2027,Codeforces Round 982 (Div. 2),FromPluto,9050,1729960500,987,976
2027,Codeforces Round 982 (Div. 2),_idcpc_,9050,1729960500,1159,1108
2027,Codeforces Round 982 (Div. 2),leena_01,9050,1729960500,861,886
2027,Codeforces Round 982 (Div. 2),MI_Shafi,9050,1729960500,837,870
2027,Codeforces Round 982 (Div. 2),TLE_Automat_Fan,9050,1729960500,956,1017
2027,Codeforces Round 982 (Div. 2),_H_R_,9050,1729960500,856,882
2027,Codeforces Round 982 (Div. 2),Moodeng,9050,1729960500,1315,1232
2027,Codeforces Round 982 (Div. 2),anas_pro,9050,1729960500,1058,1029
2027,Codeforces Round 982 (Div. 2),Mayankmk,9050,1729960500,641,833
2027,Codeforces Round 982 (Div. 2),bmz,9050,1729960500,1098,1060
2027,Codeforces Round 982 (Div. 2),_Manuu_16,9050,1729960500,1080,1046
2027,Codeforces Round 982 (Div. 2),naveen_95,9050,1729960500,866,963
2027,Codeforces Round 982 (Div. 2),Mehryad,9050,1729960500,972,1002
2027,Codeforces Round 982 (Div. 2),_noobie_123_,9050,1729960500,1294,1215
2027,Codeforces Round 982 (Div. 2),dakshya52,9050,1729960500,575,781
2027,Codeforces Round 982 (Div. 2),DETEROID,9050,1729960500,677,766
2027,Codeforces Round 982 (Div. 2),kuljit,9050,1729960500,974,966
2027,Codeforces Round 982 (Div. 2),apple666,9050,1729960500,920,927
2027,Codeforces Round 982 (Div. 2),nekoshizuku,9050,1729960500,1442,1335
2027,Codeforces Round 982 (Div. 2),Aparanjith25,9050,1729960500,758,817
2027,Codeforces Round 982 (Div. 2),abac_sass,9050,1729960500,1174,1119
2027,Codeforces Round 982 (Div. 2),abhianand6793,9050,1729960500,909,919
2027,Codeforces Round 982 (Div. 2),rahim992005,9050,1729960500,1023,1003
2027,Codeforces Round 982 (Div. 2),lazyflash99,9050,1729960500,681,865
2027,Codeforces Round 982 (Div. 2),Steve_sup,9050,1729960500,1166,1113
2027,Codeforces Round 982 (Div. 2),thota_rohan,9240,1729960500,1044,1016
2027,Codeforces Round 982 (Div. 2),bakr01,9240,1729960500,0,404
2027,Codeforces Round 982 (Div. 2),muhamedemad857,9240,1729960500,976,964
2027,Codeforces Round 982 (Div. 2),Simanto_22,9240,1729960500,886,900
2027,Codeforces Round 982 (Div. 2),agarwalpratham,9240,1729960500,951,1028
2027,Codeforces Round 982 (Div. 2),danaaltaweil1,9240,1729960500,938,937
2027,Codeforces Round 982 (Div. 2),Azuroth,9240,1729960500,1095,1055
2027,Codeforces Round 982 (Div. 2),Alhamdulillah74328,9240,1729960500,1020,998
2027,Codeforces Round 982 (Div. 2),Krish_Virani,9240,1729960500,875,892
2027,Codeforces Round 982 (Div. 2),PownShanYu,9240,1729960500,1076,1040
2027,Codeforces Round 982 (Div. 2),A_E_S,9240,1729960500,383,654
2027,Codeforces Round 982 (Div. 2),Ashishiitbhu27,9240,1729960500,905,913
2027,Codeforces Round 982 (Div. 2),Abrar_Taifu,9240,1729960500,1254,1181
2027,Codeforces Round 982 (Div. 2),soggybiscuits,9240,1729960500,1118,1073
2027,Codeforces Round 982 (Div. 2),wu.,9240,1729960500,870,948
2027,Codeforces Round 982 (Div. 2),cruuvitn,9240,1729960500,668,851
2027,Codeforces Round 982 (Div. 2),cgoy96,9240,1729960500,1081,1044
2027,Codeforces Round 982 (Div. 2),OMI_14,9240,1729960500,1035,1009
2027,Codeforces Round 982 (Div. 2),kattamurisrigayatri,9240,1729960500,678,859
2027,Codeforces Round 982 (Div. 2),HFUTzsx,9240,1729960500,434,695
2027,Codeforces Round 982 (Div. 2),Shariatism-_-,9240,1729960500,1078,1042
2027,Codeforces Round 982 (Div. 2),egoistlakshya,9240,1729960500,880,895
2027,Codeforces Round 982 (Div. 2),logic_legend,9240,1729960500,803,961
2027,Codeforces Round 982 (Div. 2),Shah.eer,9240,1729960500,982,969
2027,Codeforces Round 982 (Div. 2),The_Obsessed_Coder,9240,1729960500,999,981
2027,Codeforces Round 982 (Div. 2),2ndShot1440,9240,1729960500,1148,1097
2027,Codeforces Round 982 (Div. 2),wudixiaoxuesheng,9240,1729960500,982,969
2027,Codeforces Round 982 (Div. 2),saisrichandana18704,9240,1729960500,883,897
2027,Codeforces Round 982 (Div. 2),fenixsandrit,9240,1729960500,1039,1012
2027,Codeforces Round 982 (Div. 2),buguzei,9240,1729960500,1024,1001
2027,Codeforces Round 982 (Div. 2),ManasM01,9240,1729960500,1005,986
2027,Codeforces Round 982 (Div. 2),poiuy0987_.,9240,1729960500,1141,1091
2027,Codeforces Round 982 (Div. 2),alakibrahman,9240,1729960500,382,594
2027,Codeforces Round 982 (Div. 2),purvansh03,9240,1729960500,1078,1042
2027,Codeforces Round 982 (Div. 2),hello_dodo,9240,1729960500,632,823
2027,Codeforces Round 982 (Div. 2),KushaSa,9240,1729960500,901,910
2027,Codeforces Round 982 (Div. 2),warshith,9240,1729960500,1027,1041
2027,Codeforces Round 982 (Div. 2),comwist,9240,1729960500,807,914
2027,Codeforces Round 982 (Div. 2),GovindKrishna2005,9240,1729960500,1122,1076
2027,Codeforces Round 982 (Div. 2),rubay,9240,1729960500,912,918
2027,Codeforces Round 982 (Div. 2),Ihameu,9240,1729960500,1019,997
2027,Codeforces Round 982 (Div. 2),Angelica_dahuric,9240,1729960500,1097,1056
2027,Codeforces Round 982 (Div. 2),rvs_charan,9240,1729960500,848,947
2027,Codeforces Round 982 (Div. 2),vinnn,9240,1729960500,884,898
2027,Codeforces Round 982 (Div. 2),zyh13057,9240,1729960500,957,950
2027,Codeforces Round 982 (Div. 2),Rasel.,9240,1729960500,1139,1089
2027,Codeforces Round 982 (Div. 2),sunstarkkk,9240,1729960500,1078,1042
2027,Codeforces Round 982 (Div. 2),_Aya_Youssefff_,9240,1729960500,770,821
2027,Codeforces Round 982 (Div. 2),Sujal0012,9240,1729960500,1170,1114
2027,Codeforces Round 982 (Div. 2),Calcifer077,9240,1729960500,908,915
2027,Codeforces Round 982 (Div. 2),cpyacg,9240,1729960500,1097,1125
2027,Codeforces Round 982 (Div. 2),SilentRaven7,9240,1729960500,653,840
2027,Codeforces Round 982 (Div. 2),sumitsaw,9240,1729960500,792,903
2027,Codeforces Round 982 (Div. 2),yxsjlmm,9240,1729960500,0,404
2027,Codeforces Round 982 (Div. 2),Mohil15,9240,1729960500,1144,1093
2027,Codeforces Round 982 (Div. 2),thedot92,9240,1729960500,0,404
2027,Codeforces Round 982 (Div. 2),surroundedcity,9240,1729960500,1343,1252
2027,Codeforces Round 982 (Div. 2),ImWIBU,9240,1729960500,1147,1095
2027,Codeforces Round 982 (Div. 2),Master_Shifu46,9240,1729960500,998,981
2027,Codeforces Round 982 (Div. 2),hnust_lijingtao,9240,1729960500,0,404
2027,Codeforces Round 982 (Div. 2),Adiat,9240,1729960500,883,897
2027,Codeforces Round 982 (Div. 2),Udynamo,9240,1729960500,875,968
2027,Codeforces Round 982 (Div. 2),Saj17,9240,1729960500,894,905
2027,Codeforces Round 982 (Div. 2),Mohamed_Ragab123321,9240,1729960500,1066,1033
2027,Codeforces Round 982 (Div. 2),humblefool_return,9240,1729960500,1266,1190
2027,Codeforces Round 982 (Div. 2),izoomrood,9240,1729960500,1465,1352
2027,Codeforces Round 982 (Div. 2),pexiJK,9240,1729960500,961,953
2027,Codeforces Round 982 (Div. 2),code_touhou_project,9240,1729960500,418,682
2027,Codeforces Round 982 (Div. 2),redscar2907,9240,1729960500,360,635
2027,Codeforces Round 982 (Div. 2),tortuous,9240,1729960500,999,981
2027,Codeforces Round 982 (Div. 2),the_ugly_man,9240,1729960500,1123,1077
2027,Codeforces Round 982 (Div. 2),WhiteBread,9240,1729960500,821,925
2027,Codeforces Round 982 (Div. 2),PiyushShrey,9240,1729960500,849,874
2027,Codeforces Round 982 (Div. 2),18218498874,9240,1729960500,788,900
2027,Codeforces Round 982 (Div. 2),jagritgoel,9240,1729960500,628,820
2027,Codeforces Round 982 (Div. 2),Kaladin_Syl,9240,1729960500,727,853
2027,Codeforces Round 982 (Div. 2),Anas-init,9240,1729960500,852,934
2027,Codeforces Round 982 (Div. 2),ItzFr0zen,9240,1729960500,887,977
2027,Codeforces Round 982 (Div. 2),Nourin_Nusrat,9240,1729960500,1236,1166
2027,Codeforces Round 982 (Div. 2),_WaterDrop_,9240,1729960500,998,1047
2027,Codeforces Round 982 (Div. 2),rustygod,9240,1729960500,933,933
2027,Codeforces Round 982 (Div. 2),Dipun_1,9240,1729960500,771,821
2027,Codeforces Round 982 (Div. 2),kyrie21z,9240,1729960500,434,695
2027,Codeforces Round 982 (Div. 2),Sanjeet2004,9240,1729960500,662,847
2027,Codeforces Round 982 (Div. 2),sonal_231115,9240,1729960500,883,897
2027,Codeforces Round 982 (Div. 2),shuailu,9240,1729960500,816,921
2027,Codeforces Round 982 (Div. 2),kkon2,9240,1729960500,1003,984
2027,Codeforces Round 982 (Div. 2),nitin_bhokta,9240,1729960500,813,919
2027,Codeforces Round 982 (Div. 2),Yaichi,9240,1729960500,1093,1053
2027,Codeforces Round 982 (Div. 2),namanjain7752,9240,1729960500,965,956
2027,Codeforces Round 982 (Div. 2),bkdn24.Thang,9240,1729960500,867,886
2027,Codeforces Round 982 (Div. 2),CDTheGod,9240,1729960500,1230,1161
2027,Codeforces Round 982 (Div. 2),nhan0123456,9240,1729960500,789,833
2027,Codeforces Round 982 (Div. 2),rezowanology,9240,1729960500,1009,989
2027,Codeforces Round 982 (Div. 2),fuadj,9240,1729960500,885,899
2027,Codeforces Round 982 (Div. 2),aarzooK,9240,1729960500,1033,1008
2027,Codeforces Round 982 (Div. 2),_Samurai,9240,1729960500,0,404
2027,Codeforces Round 982 (Div. 2),NFS_Rivals,9240,1729960500,740,910
2027,Codeforces Round 982 (Div. 2),The_Harshit_0,9240,1729960500,879,895
2027,Codeforces Round 982 (Div. 2),AKOvinno,9240,1729960500,751,808
2027,Codeforces Round 982 (Div. 2),Mark_Andreev,9240,1729960500,1012,991
2027,Codeforces Round 982 (Div. 2),khatauli,9240,1729960500,942,1021
2027,Codeforces Round 982 (Div. 2),lorapim4,9240,1729960500,1025,1001
2027,Codeforces Round 982 (Div. 2),RAImran,9240,1729960500,920,923
2027,Codeforces Round 982 (Div. 2),Ankaraa_1_0_,9240,1729960500,798,907
2027,Codeforces Round 982 (Div. 2),Autizmliqaqaw,9240,1729960500,1051,1021
2027,Codeforces Round 982 (Div. 2),Saimur,9240,1729960500,1081,1044
2027,Codeforces Round 982 (Div. 2),TM96,9240,1729960500,393,662
2027,Codeforces Round 982 (Div. 2),Saidul_1,9240,1729960500,1601,1463
2027,Codeforces Round 982 (Div. 2),Hady17,9240,1729960500,0,404
2027,Codeforces Round 982 (Div. 2),akshay.tiwari140119,9240,1729960500,637,827
2027,Codeforces Round 982 (Div. 2),SmileBones,9240,1729960500,863,884
2027,Codeforces Round 982 (Div. 2),NOTsoGENIUS_69,9240,1729960500,1114,1070
2027,Codeforces Round 982 (Div. 2),dajiejie,9240,1729960500,898,969
2027,Codeforces Round 982 (Div. 2),manish-dev,9240,1729960500,1172,1115
2027,Codeforces Round 982 (Div. 2),udayan8,9240,1729960500,1278,1200
2027,Codeforces Round 982 (Div. 2),suswanj,9240,1729960500,405,672
2027,Codeforces Round 982 (Div. 2),Hacker_Dt,9240,1729960500,1023,1000
2027,Codeforces Round 982 (Div. 2),_peter_salakan,9240,1729960500,400,668
2027,Codeforces Round 982 (Div. 2),Psych_x7,9240,1729960500,1318,1232
2027,Codeforces Round 982 (Div. 2),cppcppcpp,9240,1729960500,978,1031
2027,Codeforces Round 982 (Div. 2),SKM,9240,1729960500,1435,1327
2027,Codeforces Round 982 (Div. 2),sumiiiit,9240,1729960500,1148,1097
2027,Codeforces Round 982 (Div. 2),siddhu137,9240,1729960500,984,970
2027,Codeforces Round 982 (Div. 2),maksuda902,9240,1729960500,0,404
2027,Codeforces Round 982 (Div. 2),jhemanth,9240,1729960500,888,901
2027,Codeforces Round 982 (Div. 2),Saksham_Nitya_Sanvi,9240,1729960500,993,977
2027,Codeforces Round 982 (Div. 2),sanjanapatel238,9240,1729960500,1076,1040
2027,Codeforces Round 982 (Div. 2),Anas1992_,9240,1729960500,913,998
2027,Codeforces Round 982 (Div. 2),thirumeni,9240,1729960500,813,849
2027,Codeforces Round 982 (Div. 2),Therook,9240,1729960500,1146,1095
2027,Codeforces Round 982 (Div. 2),harsh_1806,9240,1729960500,1046,1017
2027,Codeforces Round 982 (Div. 2),generalskywalker,9240,1729960500,1037,1049
2027,Codeforces Round 982 (Div. 2),borekking,9240,1729960500,1395,1295
2027,Codeforces Round 982 (Div. 2),hnust_liuxinran,9240,1729960500,1074,1038
2027,Codeforces Round 982 (Div. 2),roshik,9240,1729960500,988,1011
2027,Codeforces Round 982 (Div. 2),Anmol_gogy,9240,1729960500,1164,1109
2027,Codeforces Round 982 (Div. 2),chenw-w-,9240,1729960500,908,915
2027,Codeforces Round 982 (Div. 2),Celestial26,9240,1729960500,931,994
2027,Codeforces Round 982 (Div. 2),cheetah3621,9240,1729960500,1059,1028
2027,Codeforces Round 982 (Div. 2),utenret,9240,1729960500,1098,1057
2027,Codeforces Round 982 (Div. 2),_ing_iv_an,9240,1729960500,1192,1131
2027,Codeforces Round 982 (Div. 2),Red-Hazelnut,9240,1729960500,924,963
2027,Codeforces Round 982 (Div. 2),pragnidhved,9240,1729960500,676,858
2027,Codeforces Round 982 (Div. 2),xiaolongxia,9240,1729960500,1127,1080
2027,Codeforces Round 982 (Div. 2),Makith_Adrees,9240,1729960500,1061,1029
2027,Codeforces Round 982 (Div. 2),s_singh18,9240,1729960500,1265,1189
2027,Codeforces Round 982 (Div. 2),Crystal_Tanishq,9240,1729960500,814,850
2027,Codeforces Round 982 (Div. 2),Abdullah_Khalaf,9240,1729960500,1150,1098
2027,Codeforces Round 982 (Div. 2),_flood,9240,1729960500,1103,1061
2027,Codeforces Round 982 (Div. 2),sam21t,9390,1729960500,1001,980
2027,Codeforces Round 982 (Div. 2),jsb_adi07,9390,1729960500,1098,1094
2027,Codeforces Round 982 (Div. 2),Cysheper,9390,1729960500,939,934
2027,Codeforces Round 982 (Div. 2),uj911,9390,1729960500,890,960
2027,Codeforces Round 982 (Div. 2),CED147,9390,1729960500,911,914
2027,Codeforces Round 982 (Div. 2),naeem570khandakar,9390,1729960500,896,903
2027,Codeforces Round 982 (Div. 2),YouKnowLog1e7,9390,1729960500,534,672
2027,Codeforces Round 982 (Div. 2),Rishabh-_9,9390,1729960500,885,895
2027,Codeforces Round 982 (Div. 2),mahad,9390,1729960500,704,774
2027,Codeforces Round 982 (Div. 2),Mo_Anwer,9390,1729960500,951,943
2027,Codeforces Round 982 (Div. 2),Sai_06_05,9390,1729960500,954,945
2027,Codeforces Round 982 (Div. 2),llawliet030874,9390,1729960500,1197,1132
2027,Codeforces Round 982 (Div. 2),shank_on_,9390,1729960500,1022,996
2027,Codeforces Round 982 (Div. 2),ankitranjan10may,9390,1729960500,866,881
2027,Codeforces Round 982 (Div. 2),cricrazy_001,9390,1729960500,741,908
2027,Codeforces Round 982 (Div. 2),Starkx07,9390,1729960500,1004,982
2027,Codeforces Round 982 (Div. 2),Hypor14,9390,1729960500,676,856
2027,Codeforces Round 982 (Div. 2),amro932,9390,1729960500,946,1003
2027,Codeforces Round 982 (Div. 2),Jinx_Ackerman,9390,1729960500,1045,1014
2027,Codeforces Round 982 (Div. 2),demo_neel,9390,1729960500,974,960
2027,Codeforces Round 982 (Div. 2),Relentless_Machine,9390,1729960500,0,402
2027,Codeforces Round 982 (Div. 2),Varun_Kumar27,9390,1729960500,912,950
2027,Codeforces Round 982 (Div. 2),aayushkabra1862004,9390,1729960500,1107,1061
2027,Codeforces Round 982 (Div. 2),johyy,9390,1729960500,1010,987
2027,Codeforces Round 982 (Div. 2),j._.j,9390,1729960500,888,958
2027,Codeforces Round 982 (Div. 2),sandeep31,9390,1729960500,1311,1224
2027,Codeforces Round 982 (Div. 2),Eashfaq23,9390,1729960500,810,843
2027,Codeforces Round 982 (Div. 2),Raghav0705,9390,1729960500,840,921
2027,Codeforces Round 982 (Div. 2),Crime_Master_G0G0,9390,1729960500,650,835
2027,Codeforces Round 982 (Div. 2),rishabh_26,9390,1729960500,1025,998
2027,Codeforces Round 982 (Div. 2),goel_aadhaar,9390,1729960500,1149,1094
2027,Codeforces Round 982 (Div. 2),ppslab,9390,1729960500,418,680
2027,Codeforces Round 982 (Div. 2),Daemon_X,9390,1729960500,1196,1132
2027,Codeforces Round 982 (Div. 2),nanyy,9390,1729960500,868,883
2027,Codeforces Round 982 (Div. 2),atharv2005,9390,1729960500,778,889
2027,Codeforces Round 982 (Div. 2),Coding............,9390,1729960500,1015,990
2027,Codeforces Round 982 (Div. 2),piyusha_kumar1234,9390,1729960500,873,923
2027,Codeforces Round 982 (Div. 2),dikshantnegi674,9390,1729960500,910,913
2027,Codeforces Round 982 (Div. 2),Mahmoud_Atef8,9390,1729960500,1128,1078
2027,Codeforces Round 982 (Div. 2),Nohrina_E.A.,9390,1729960500,1152,1096
2027,Codeforces Round 982 (Div. 2),Parth_Srivastava,9390,1729960500,976,1026
2027,Codeforces Round 982 (Div. 2),lavinrajmohan,9390,1729960500,1137,1085
2027,Codeforces Round 982 (Div. 2),ScratchNSniff,9390,1729960500,1294,1211
2027,Codeforces Round 982 (Div. 2),MMA,9390,1729960500,1225,1155
2027,Codeforces Round 982 (Div. 2),lakshita_0808,9390,1729960500,1001,1018
2027,Codeforces Round 982 (Div. 2),Aylinhosseini,9390,1729960500,909,912
2027,Codeforces Round 982 (Div. 2),chenupup,9390,1729960500,438,696
2027,Codeforces Round 982 (Div. 2),Maoao,9390,1729960500,906,1043
2027,Codeforces Round 982 (Div. 2),AHMAD_AMAYA,9390,1729960500,653,837
2027,Codeforces Round 982 (Div. 2),Rohan.D.Skaria,9390,1729960500,1143,1090
2027,Codeforces Round 982 (Div. 2),Shivam_Choithwani,9390,1729960500,960,949
2027,Codeforces Round 982 (Div. 2),RgZg_LnEn,9390,1729960500,1404,1300
2027,Codeforces Round 982 (Div. 2),jinyou,9390,1729960500,860,953
2027,Codeforces Round 982 (Div. 2),Sushil_d_loser,9390,1729960500,1341,1249
2027,Codeforces Round 982 (Div. 2),trishantdudi,9390,1729960500,967,954
2027,Codeforces Round 982 (Div. 2),hardikkaurav7,9390,1729960500,687,763
2027,Codeforces Round 982 (Div. 2),Gateway_1619,9390,1729960500,721,892
2027,Codeforces Round 982 (Div. 2),DataDeconstructor,9390,1729960500,0,402
2027,Codeforces Round 982 (Div. 2),GrayBeard,9390,1729960500,891,899
2027,Codeforces Round 982 (Div. 2),Sakib570,9390,1729960500,793,901
2027,Codeforces Round 982 (Div. 2),Aditya.garg,9390,1729960500,1261,1184
2027,Codeforces Round 982 (Div. 2),retarded124,9390,1729960500,1002,1046
2027,Codeforces Round 982 (Div. 2),tro4imych,9390,1729960500,879,891
2027,Codeforces Round 982 (Div. 2),jlmentalist,9390,1729960500,1168,1109
2027,Codeforces Round 982 (Div. 2),123GG,9390,1729960500,378,648
2027,Codeforces Round 982 (Div. 2),Samskara,9390,1729960500,873,887
2027,Codeforces Round 982 (Div. 2),aritra_u2,9390,1729960500,809,843
2027,Codeforces Round 982 (Div. 2),OKNOTOK__,9390,1729960500,1103,1058
2027,Codeforces Round 982 (Div. 2),liamTang,9390,1729960500,613,805
2027,Codeforces Round 982 (Div. 2),galactus1,9390,1729960500,849,870
2027,Codeforces Round 982 (Div. 2),joelchaconcastillo,9390,1729960500,869,884
2027,Codeforces Round 982 (Div. 2),runner007,9390,1729960500,1049,1084
2027,Codeforces Round 982 (Div. 2),ITIS_Jim,9390,1729960500,1366,1269
2027,Codeforces Round 982 (Div. 2),Shashank_Kumar204,9390,1729960500,1271,1192
2027,Codeforces Round 982 (Div. 2),akshay_1,9390,1729960500,1670,1518
2027,Codeforces Round 982 (Div. 2),nutan654,9390,1729960500,1178,1117
2027,Codeforces Round 982 (Div. 2),tanalachandu,9390,1729960500,871,945
2027,Codeforces Round 982 (Div. 2),linkyless,9390,1729960500,1342,1250
2027,Codeforces Round 982 (Div. 2),rxffff114514,9390,1729960500,0,402
2027,Codeforces Round 982 (Div. 2),San_jida,9390,1729960500,1450,1338
2027,Codeforces Round 982 (Div. 2),Ishan2004,9390,1729960500,1408,1303
2027,Codeforces Round 982 (Div. 2),LazyLearner46,9390,1729960500,765,814
2027,Codeforces Round 982 (Div. 2),Sisyphus_0,9390,1729960500,630,819
2027,Codeforces Round 982 (Div. 2),Ayush_Agrawal_18,9390,1729960500,829,929
2027,Codeforces Round 982 (Div. 2),priyanshu2003,9390,1729960500,893,901
2027,Codeforces Round 982 (Div. 2),haozi666,9390,1729960500,899,905
2027,Codeforces Round 982 (Div. 2),Sri_Lakshmi2966,9390,1729960500,902,907
2027,Codeforces Round 982 (Div. 2),WhoAmI_Who,9390,1729960500,1322,1234
2027,Codeforces Round 982 (Div. 2),Swati_04,9390,1729960500,458,630
2027,Codeforces Round 982 (Div. 2),RiceTofu,9390,1729960500,1272,1192
2027,Codeforces Round 982 (Div. 2),Atul55,9390,1729960500,919,919
2027,Codeforces Round 982 (Div. 2),nivid_8,9390,1729960500,962,950
2027,Codeforces Round 982 (Div. 2),Rinslyr,9390,1729960500,383,652
2027,Codeforces Round 982 (Div. 2),hnust_lilupeng,9390,1729960500,0,402
2027,Codeforces Round 982 (Div. 2),Knight__9090,9390,1729960500,1144,1090
2027,Codeforces Round 982 (Div. 2),varunsahu07,9390,1729960500,1117,1069
2027,Codeforces Round 982 (Div. 2),Talharashid,9390,1729960500,1507,1384
2027,Codeforces Round 982 (Div. 2),ragulnath255,9390,1729960500,984,967
2027,Codeforces Round 982 (Div. 2),_infinite_loop,9390,1729960500,874,887
2027,Codeforces Round 982 (Div. 2),rsalinasg,9390,1729960500,973,959
2027,Codeforces Round 982 (Div. 2),sabbir2.0,9390,1729960500,848,869
2027,Codeforces Round 982 (Div. 2),uditt18,9390,1729960500,888,897
2027,Codeforces Round 982 (Div. 2),tirean,9390,1729960500,1030,1002
2027,Codeforces Round 982 (Div. 2),choudharysuresh0958,9390,1729960500,1057,1023
2027,Codeforces Round 982 (Div. 2),Hiro_exe,9390,1729960500,1045,1014
2027,Codeforces Round 982 (Div. 2),Azdy_28,9390,1729960500,1034,1005
2027,Codeforces Round 982 (Div. 2),Akhilesh-max,9390,1729960500,908,973
2027,Codeforces Round 982 (Div. 2),K_A_Akhi_,9390,1729960500,865,881
2027,Codeforces Round 982 (Div. 2),Ihsan_Tamim,9390,1729960500,1011,988
2027,Codeforces Round 982 (Div. 2),Mitrax_Soni,9390,1729960500,1011,988
2027,Codeforces Round 982 (Div. 2),ModiSagar,9390,1729960500,1036,1007
2027,Codeforces Round 982 (Div. 2),varyanechaeva,9390,1729960500,934,967
2027,Codeforces Round 982 (Div. 2),mridul2005,9390,1729960500,818,849
2027,Codeforces Round 982 (Div. 2),ProbalSourav,9390,1729960500,836,861
2027,Codeforces Round 982 (Div. 2),Maliha225,9390,1729960500,882,893
2027,Codeforces Round 982 (Div. 2),parthsarthidutt_45,9390,1729960500,979,1001
2027,Codeforces Round 982 (Div. 2),Sibtain_1,9390,1729960500,995,975
2027,Codeforces Round 982 (Div. 2),_chicken_,9390,1729960500,826,854
2027,Codeforces Round 982 (Div. 2),Anatsumiki,9390,1729960500,1107,1061
2027,Codeforces Round 982 (Div. 2),oi_ayonnnn,9390,1729960500,746,801
2027,Codeforces Round 982 (Div. 2),Kadakchai,9390,1729960500,1121,1072
2027,Codeforces Round 982 (Div. 2),kinjal_05,9390,1729960500,916,917
2027,Codeforces Round 982 (Div. 2),MOIN46,9390,1729960500,1169,1110
2027,Codeforces Round 982 (Div. 2),NooB__C0der,9390,1729960500,982,966
2027,Codeforces Round 982 (Div. 2),sagar_soni9905,9390,1729960500,385,654
2027,Codeforces Round 982 (Div. 2),mountain_climber,9390,1729960500,0,402
2027,Codeforces Round 982 (Div. 2),SandyNyaN,9390,1729960500,0,402
2027,Codeforces Round 982 (Div. 2),I_love_Afiyah16,9390,1729960500,934,1065
2027,Codeforces Round 982 (Div. 2),mhtayef25,9390,1729960500,369,640
2027,Codeforces Round 982 (Div. 2),pranay_1237,9390,1729960500,1257,1181
2027,Codeforces Round 982 (Div. 2),underdog42,9390,1729960500,1012,1027
2027,Codeforces Round 982 (Div. 2),chauhanbikash789,9390,1729960500,894,901
2027,Codeforces Round 982 (Div. 2),mardog666,9390,1729960500,995,975
2027,Codeforces Round 982 (Div. 2),Bit_Whisperer,9390,1729960500,934,930
2027,Codeforces Round 982 (Div. 2),codexzx,9390,1729960500,1031,1069
2027,Codeforces Round 982 (Div. 2),mamali,9390,1729960500,459,630
2027,Codeforces Round 982 (Div. 2),frank24,9390,1729960500,1299,1215
2027,Codeforces Round 982 (Div. 2),904,9390,1729960500,1209,1142
2027,Codeforces Round 982 (Div. 2),Chinni_Sai_Mohan,9390,1729960500,988,970
2027,Codeforces Round 982 (Div. 2),kartikaya.kul0908,9390,1729960500,894,901
2027,Codeforces Round 982 (Div. 2),nachiketa,9390,1729960500,1135,1083
2027,Codeforces Round 982 (Div. 2),sharath.garggeshwari,9390,1729960500,779,890
2027,Codeforces Round 982 (Div. 2),dc_coder,9390,1729960500,632,821
2027,Codeforces Round 982 (Div. 2),truita,9390,1729960500,695,871
2027,Codeforces Round 982 (Div. 2),newyear,9390,1729960500,1148,1094
2027,Codeforces Round 982 (Div. 2),baishakhmahfiz,9390,1729960500,880,892
2027,Codeforces Round 982 (Div. 2),Tush058,9390,1729960500,994,974
2027,Codeforces Round 982 (Div. 2),danger_06,9390,1729960500,684,761
2027,Codeforces Round 982 (Div. 2),CoolDaBest,9390,1729960500,1152,1096
2027,Codeforces Round 982 (Div. 2),huntersname,9390,1729960500,398,664
2027,Codeforces Round 982 (Div. 2),MASRAFI221,9390,1729960500,849,870
2027,Codeforces Round 982 (Div. 2),H_Q,9390,1729960500,378,648
2027,Codeforces Round 982 (Div. 2),amikisuparina724,9542,1729960500,808,909
2027,Codeforces Round 982 (Div. 2),Mohamed_Younes_,9542,1729960500,378,645
2027,Codeforces Round 982 (Div. 2),sangsriti14,9542,1729960500,996,973
2027,Codeforces Round 982 (Div. 2),s_h_rudra88,9542,1729960500,970,953
2027,Codeforces Round 982 (Div. 2),NegarT,9542,1729960500,1081,1038
2027,Codeforces Round 982 (Div. 2),asahi18,9542,1729960500,1024,1033
2027,Codeforces Round 982 (Div. 2),Parv_231010234,9542,1729960500,657,740
2027,Codeforces Round 982 (Div. 2),ChAranj33th,9542,1729960500,983,963
2027,Codeforces Round 982 (Div. 2),anubhabbhattacharya0710,9542,1729960500,1175,1113
2027,Codeforces Round 982 (Div. 2),Mehedii12,9542,1729960500,682,756
2027,Codeforces Round 982 (Div. 2),hhhxl,9542,1729960500,730,786
2027,Codeforces Round 982 (Div. 2),pratik.patil9113,9542,1729960500,921,917
2027,Codeforces Round 982 (Div. 2),human_itizm,9542,1729960500,1265,1185
2027,Codeforces Round 982 (Div. 2),reskim,9542,1729960500,0,401
2027,Codeforces Round 982 (Div. 2),practiceOnly,9542,1729960500,1001,977
2027,Codeforces Round 982 (Div. 2),tarunGupta,9542,1729960500,409,671
2027,Codeforces Round 982 (Div. 2),Juan79,9542,1729960500,932,925
2027,Codeforces Round 982 (Div. 2),coderXcoder.6002,9542,1729960500,632,725
2027,Codeforces Round 982 (Div. 2),Moloch_lover,9542,1729960500,755,868
2027,Codeforces Round 982 (Div. 2),starture_ju,9542,1729960500,395,660
2027,Codeforces Round 982 (Div. 2),Anyark,9542,1729960500,380,647
2027,Codeforces Round 982 (Div. 2),TANIM67,9542,1729960500,889,894
2027,Codeforces Round 982 (Div. 2),coder_on_earth,9542,1729960500,1049,1014
2027,Codeforces Round 982 (Div. 2),anshull,9542,1729960500,1026,1034
2027,Codeforces Round 982 (Div. 2),Nishad86,9542,1729960500,909,971
2027,Codeforces Round 982 (Div. 2),shannu123456,9542,1729960500,919,916
2027,Codeforces Round 982 (Div. 2),rs1801,9542,1729960500,914,949
2027,Codeforces Round 982 (Div. 2),ahmed_hassanM,9542,1729960500,1402,1297
2027,Codeforces Round 982 (Div. 2),jay_kush,9542,1729960500,978,998
2027,Codeforces Round 982 (Div. 2),tanushree_231010224,9542,1729960500,813,841
2027,Codeforces Round 982 (Div. 2),Samiul_Ahmed,9542,1729960500,756,803
2027,Codeforces Round 982 (Div. 2),arbitcoper,9542,1729960500,935,928
2027,Codeforces Round 982 (Div. 2),roysp2003,9542,1729960500,909,909
2027,Codeforces Round 982 (Div. 2),ErmiCodeforce,9542,1729960500,1238,1163
2027,Codeforces Round 982 (Div. 2),karan_dsa,9542,1729960500,376,644
2027,Codeforces Round 982 (Div. 2),pritish_devops,9542,1729960500,924,920
2027,Codeforces Round 982 (Div. 2),piyushbawaskar1008,9542,1729960500,817,844
2027,Codeforces Round 982 (Div. 2),AdityaRathore,9542,1729960500,829,852
2027,Codeforces Round 982 (Div. 2),Kedar_Dixit,9542,1729960500,1130,1077
2027,Codeforces Round 982 (Div. 2),BoGeYmAn1,9542,1729960500,922,918
2027,Codeforces Round 982 (Div. 2),jaisx,9542,1729960500,823,848
2027,Codeforces Round 982 (Div. 2),BloomingChamomile,9542,1729960500,689,864
2027,Codeforces Round 982 (Div. 2),kaziARIF,9542,1729960500,772,814
2027,Codeforces Round 982 (Div. 2),Mahbuba_Liza,9542,1729960500,998,975
2027,Codeforces Round 982 (Div. 2),Jahid_hasan_Mahmud,9542,1729960500,1069,1029
2027,Codeforces Round 982 (Div. 2),AryanJajodia26,9542,1729960500,761,873
2027,Codeforces Round 982 (Div. 2),ankesh9393,9542,1729960500,903,904
2027,Codeforces Round 982 (Div. 2),theManaHoster,9542,1729960500,426,684
2027,Codeforces Round 982 (Div. 2),Deflw,9542,1729960500,892,896
2027,Codeforces Round 982 (Div. 2),shadowmonarch_,9542,1729960500,928,986
2027,Codeforces Round 982 (Div. 2),chenyng,9542,1729960500,833,929
2027,Codeforces Round 982 (Div. 2),zhezhe,9542,1729960500,758,871
2027,Codeforces Round 982 (Div. 2),AaryeshBaleri,9542,1729960500,1092,1047
2027,Codeforces Round 982 (Div. 2),jidnyesh0149,9542,1729960500,830,911
2027,Codeforces Round 982 (Div. 2),adithya_sagar,9542,1729960500,924,956
2027,Codeforces Round 982 (Div. 2),mohitshubham123,9542,1729960500,977,959
2027,Codeforces Round 982 (Div. 2),ONE___PIECE,9542,1729960500,1460,1344
2027,Codeforces Round 982 (Div. 2),phieu,9542,1729960500,1207,1138
2027,Codeforces Round 982 (Div. 2),ktdjiren,9542,1729960500,1090,1045
2027,Codeforces Round 982 (Div. 2),Ahmedsalah07,9542,1729960500,887,954
2027,Codeforces Round 982 (Div. 2),arpanpal92,9542,1729960500,833,929
2027,Codeforces Round 982 (Div. 2),xxxxffxx,9542,1729960500,1151,1093
2027,Codeforces Round 982 (Div. 2),_devv17i,9542,1729960500,872,883
2027,Codeforces Round 982 (Div. 2),gouravsingh2058,9542,1729960500,1462,1346
2027,Codeforces Round 982 (Div. 2),BinderiyaT,9542,1729960500,900,902
2027,Codeforces Round 982 (Div. 2),BiorgioSecondi,9542,1729960500,1232,1158
2027,Codeforces Round 982 (Div. 2),KoporovA,9542,1729960500,915,913
2027,Codeforces Round 982 (Div. 2),KnightRaider,9542,1729960500,884,927
2027,Codeforces Round 982 (Div. 2),sameedyallur,9542,1729960500,0,401
2027,Codeforces Round 982 (Div. 2),Maheru_tafannum,9542,1729960500,798,831
2027,Codeforces Round 982 (Div. 2),devcode24,9542,1729960500,880,888
2027,Codeforces Round 982 (Div. 2),AbduAlrimali,9542,1729960500,1204,1136
2027,Codeforces Round 982 (Div. 2),pandey_jee,9542,1729960500,907,907
2027,Codeforces Round 982 (Div. 2),ronnie100.hld,9542,1729960500,1195,1128
2027,Codeforces Round 982 (Div. 2),vignesh_1324,9542,1729960500,1157,1098
2027,Codeforces Round 982 (Div. 2),Iridium1234,9542,1729960500,856,871
2027,Codeforces Round 982 (Div. 2),Phantom_Trooper,9542,1729960500,1120,1069
2027,Codeforces Round 982 (Div. 2),muditlodha.3,9542,1729960500,0,401
2027,Codeforces Round 982 (Div. 2),Maruf_68,9542,1729960500,838,858
2027,Codeforces Round 982 (Div. 2),georginio,9542,1729960500,1107,1059
2027,Codeforces Round 982 (Div. 2),Cooper1214,9542,1729960500,1271,1190
2027,Codeforces Round 982 (Div. 2),GeekKaka,9542,1729960500,1364,1266
2027,Codeforces Round 982 (Div. 2),allam22_04,9542,1729960500,638,823
2027,Codeforces Round 982 (Div. 2),ducky21,9542,1729960500,454,707
2027,Codeforces Round 982 (Div. 2),HuuHuu_FF,9542,1729960500,351,624
2027,Codeforces Round 982 (Div. 2),shubh_55,9542,1729960500,0,401
2027,Codeforces Round 982 (Div. 2),shyam9103,9542,1729960500,649,832
2027,Codeforces Round 982 (Div. 2),DoubleM47,9542,1729960500,903,904
2027,Codeforces Round 982 (Div. 2),mahbub14,9542,1729960500,933,926
2027,Codeforces Round 982 (Div. 2),bpcf,9542,1729960500,988,967
2027,Codeforces Round 982 (Div. 2),varunnn.ch,9542,1729960500,859,933
2027,Codeforces Round 982 (Div. 2),Vasu2708,9542,1729960500,822,883
2027,Codeforces Round 982 (Div. 2),02anujagrawal,9542,1729960500,908,908
2027,Codeforces Round 982 (Div. 2),nu4215764,9542,1729960500,1169,1107
2027,Codeforces Round 982 (Div. 2),inconstantcat,9542,1729960500,980,999
2027,Codeforces Round 982 (Div. 2),hey.cp,9542,1729960500,875,884
2027,Codeforces Round 982 (Div. 2),harshita0127,9542,1729960500,796,886
2027,Codeforces Round 982 (Div. 2),oravec.martin01,9542,1729960500,0,401
2027,Codeforces Round 982 (Div. 2),ebrahim_77,9542,1729960500,1173,1111
2027,Codeforces Round 982 (Div. 2),mydino,9542,1729960500,1148,1162
2027,Codeforces Round 982 (Div. 2),tunauwu,9542,1729960500,1150,1093
2027,Codeforces Round 982 (Div. 2),-Albatross,9542,1729960500,890,895
2027,Codeforces Round 982 (Div. 2),yinchenxi153,9542,1729960500,940,931
2027,Codeforces Round 982 (Div. 2),prakhar.bckup,9542,1729960500,0,401
2027,Codeforces Round 982 (Div. 2),_coder_hub7,9542,1729960500,839,859
2027,Codeforces Round 982 (Div. 2),_vivan,9542,1729960500,1349,1253
2027,Codeforces Round 982 (Div. 2),anigaundar,9542,1729960500,993,1037
2027,Codeforces Round 982 (Div. 2),Sachinsingh8686,9542,1729960500,1176,1113
2027,Codeforces Round 982 (Div. 2),Mohamed_Nower,9542,1729960500,1075,1034
2027,Codeforces Round 982 (Div. 2),jeyni,9542,1729960500,810,839
2027,Codeforces Round 982 (Div. 2),azraider07,9542,1729960500,1021,992
2027,Codeforces Round 982 (Div. 2),ZneT,9542,1729960500,0,401
2027,Codeforces Round 982 (Div. 2),Eslamamer,9542,1729960500,852,868
2027,Codeforces Round 982 (Div. 2),Sameer_7419,9542,1729960500,864,877
2027,Codeforces Round 982 (Div. 2),gaganurs,9542,1729960500,912,911
2027,Codeforces Round 982 (Div. 2),prisha0714,9542,1729960500,763,808
2027,Codeforces Round 982 (Div. 2),Shashank_Shekhar_0007,9542,1729960500,828,852
2027,Codeforces Round 982 (Div. 2),alexshao,9542,1729960500,1047,1080
2027,Codeforces Round 982 (Div. 2),Sho_9079,9542,1729960500,1187,1122
2027,Codeforces Round 982 (Div. 2),m1mirr,9542,1729960500,1075,1034
2027,Codeforces Round 982 (Div. 2),Dhanush_Yarragunta,9542,1729960500,935,928
2027,Codeforces Round 982 (Div. 2),Mishal007,9542,1729960500,1219,1148
2027,Codeforces Round 982 (Div. 2),noname_0690,9542,1729960500,804,906
2027,Codeforces Round 982 (Div. 2),BigOTron,9542,1729960500,647,830
2027,Codeforces Round 982 (Div. 2),devan_modhavadiya,9542,1729960500,1027,997
2027,Codeforces Round 982 (Div. 2),004dpn,9542,1729960500,856,871
2027,Codeforces Round 982 (Div. 2),MESHOK_2,9542,1729960500,1047,1012
2027,Codeforces Round 982 (Div. 2),Sir_Heisenberg,9542,1729960500,1128,1075
2027,Codeforces Round 982 (Div. 2),lakshetha,9542,1729960500,935,928
2027,Codeforces Round 982 (Div. 2),Shaurya003,9542,1729960500,762,807
2027,Codeforces Round 982 (Div. 2),gkverma,9542,1729960500,1075,1034
2027,Codeforces Round 982 (Div. 2),Aditya_Gupta,9542,1729960500,1279,1196
2027,Codeforces Round 982 (Div. 2),ahsanhabibsadik123,9542,1729960500,741,793
2027,Codeforces Round 982 (Div. 2),zflm,9542,1729960500,806,837
2027,Codeforces Round 982 (Div. 2),FIAS_46,9542,1729960500,924,920
2027,Codeforces Round 982 (Div. 2),PrarthanaD,9542,1729960500,779,818
2027,Codeforces Round 982 (Div. 2),akunaa,9542,1729960500,378,645
2027,Codeforces Round 982 (Div. 2),retrostoat,9542,1729960500,1080,1077
2027,Codeforces Round 982 (Div. 2),ashishtiwarypc,9542,1729960500,834,856
2027,Codeforces Round 982 (Div. 2),01s,9542,1729960500,901,903
2027,Codeforces Round 982 (Div. 2),mahfuz_07,9542,1729960500,853,869
2027,Codeforces Round 982 (Div. 2),shaunak81,9542,1729960500,1204,1136
2027,Codeforces Round 982 (Div. 2),516manav,9542,1729960500,1189,1124
2027,Codeforces Round 982 (Div. 2),injokernopro,9542,1729960500,1073,1032
2027,Codeforces Round 982 (Div. 2),Alka1d,9542,1729960500,1585,1488
2027,Codeforces Round 982 (Div. 2),egor0222,9542,1729960500,761,807
2027,Codeforces Round 982 (Div. 2),IrregularNazmul,9542,1729960500,669,748
2027,Codeforces Round 982 (Div. 2),Effazzz,9689,1729960500,798,828
2027,Codeforces Round 982 (Div. 2),pppyl,9689,1729960500,396,658
2027,Codeforces Round 982 (Div. 2),samved58117,9689,1729960500,896,977
2027,Codeforces Round 982 (Div. 2),Vara_vpr,9689,1729960500,989,965
2027,Codeforces Round 982 (Div. 2),rishijha00007,9689,1729960500,1006,978
2027,Codeforces Round 982 (Div. 2),Rejected_mAHin,9689,1729960500,779,815
2027,Codeforces Round 982 (Div. 2),six-machine,9689,1729960500,843,919
2027,Codeforces Round 982 (Div. 2),619,9689,1729960500,1611,1467
2027,Codeforces Round 982 (Div. 2),rishitbansal438,9689,1729960500,914,946
2027,Codeforces Round 982 (Div. 2),iamrlm,9689,1729960500,944,996
2027,Codeforces Round 982 (Div. 2),Devvikram34,9689,1729960500,910,907
2027,Codeforces Round 982 (Div. 2),Abhinandanporwal,9689,1729960500,961,944
2027,Codeforces Round 982 (Div. 2),permanentnight,9689,1729960500,961,982
2027,Codeforces Round 982 (Div. 2),Aisha_Ramadan,9689,1729960500,985,962
2027,Codeforces Round 982 (Div. 2),thonnwrit,9689,1729960500,930,921
2027,Codeforces Round 982 (Div. 2),Bleary,9689,1729960500,893,894
2027,Codeforces Round 982 (Div. 2),ouster,9689,1729960500,1105,1055
2027,Codeforces Round 982 (Div. 2),Govind_Singh_Rajput,9689,1729960500,906,903
2027,Codeforces Round 982 (Div. 2),bhagwatsolunke007,9689,1729960500,779,815
2027,Codeforces Round 982 (Div. 2),WHITEINK,9689,1729960500,0,399
2027,Codeforces Round 982 (Div. 2),edlor_10,9689,1729960500,1068,1026
2027,Codeforces Round 982 (Div. 2),Realverma,9689,1729960500,438,693
2027,Codeforces Round 982 (Div. 2),ami_ovee37,9689,1729960500,868,912
2027,Codeforces Round 982 (Div. 2),Hasan22_1,9689,1729960500,870,878
2027,Codeforces Round 982 (Div. 2),pro_ultra_noob,9689,1729960500,1052,1013
2027,Codeforces Round 982 (Div. 2),Madu,9689,1729960500,1063,1022
2027,Codeforces Round 982 (Div. 2),NotIsora,9689,1729960500,1212,1140
2027,Codeforces Round 982 (Div. 2),takrim,9689,1729960500,859,870
2027,Codeforces Round 982 (Div. 2),KS_ayush,9689,1729960500,889,891
2027,Codeforces Round 982 (Div. 2),budangfeiwu,9689,1729960500,1121,1067
2027,Codeforces Round 982 (Div. 2),Abhijeet_04,9689,1729960500,852,865
2027,Codeforces Round 982 (Div. 2),AkagaminoShanksu,9689,1729960500,818,841
2027,Codeforces Round 982 (Div. 2),rahulreddypurmani123,9689,1729960500,1097,1048
2027,Codeforces Round 982 (Div. 2),ans0041,9689,1729960500,827,922
2027,Codeforces Round 982 (Div. 2),netha_2003,9689,1729960500,932,922
2027,Codeforces Round 982 (Div. 2),cookiecode,9689,1729960500,0,399
2027,Codeforces Round 982 (Div. 2),malformed,9689,1729960500,879,920
2027,Codeforces Round 982 (Div. 2),varuoscoder,9689,1729960500,871,914
2027,Codeforces Round 982 (Div. 2),xccom123,9689,1729960500,762,871
2027,Codeforces Round 982 (Div. 2),Youssef_Abozaid,9689,1729960500,910,907
2027,Codeforces Round 982 (Div. 2),Paradigm1906,9689,1729960500,832,851
2027,Codeforces Round 982 (Div. 2),a600,9689,1729960500,1162,1140
2027,Codeforces Round 982 (Div. 2),The_Fizz,9689,1729960500,877,883
2027,Codeforces Round 982 (Div. 2),_1_a_1_,9689,1729960500,650,830
2027,Codeforces Round 982 (Div. 2),m.pb2,9689,1729960500,0,399
2027,Codeforces Round 982 (Div. 2),Abdur_Rahman_Russel,9689,1729960500,1043,1006
2027,Codeforces Round 982 (Div. 2),SystemTesting,9689,1729960500,1371,1270
2027,Codeforces Round 982 (Div. 2),SegmentTreap,9689,1729960500,497,741
2027,Codeforces Round 982 (Div. 2),veni_vidi_vici,9689,1729960500,922,915
2027,Codeforces Round 982 (Div. 2),Srapit,9689,1729960500,954,939
2027,Codeforces Round 982 (Div. 2),Rajeswari_18,9689,1729960500,829,884
2027,Codeforces Round 982 (Div. 2),Pratham18,9689,1729960500,935,925
2027,Codeforces Round 982 (Div. 2),mna445,9689,1729960500,655,834
2027,Codeforces Round 982 (Div. 2),ISS_DUNIYA_KA_PAPA_,9689,1729960500,0,399
2027,Codeforces Round 982 (Div. 2),MCG_24115,9689,1729960500,1225,1151
2027,Codeforces Round 982 (Div. 2),wywy13,9689,1729960500,368,635
2027,Codeforces Round 982 (Div. 2),slow_wonder_2,9689,1729960500,449,702
2027,Codeforces Round 982 (Div. 2),pratimcodezmessi,9689,1729960500,782,817
2027,Codeforces Round 982 (Div. 2),prudhvi_18,9689,1729960500,365,633
2027,Codeforces Round 982 (Div. 2),akshat2550,9689,1729960500,631,815
2027,Codeforces Round 982 (Div. 2),itsvishal2003,9689,1729960500,1102,1052
2027,Codeforces Round 982 (Div. 2),Mokshu_ISM,9689,1729960500,1002,975
2027,Codeforces Round 982 (Div. 2),kyrie112,9689,1729960500,0,399
2027,Codeforces Round 982 (Div. 2),nd_unique,9689,1729960500,907,904
2027,Codeforces Round 982 (Div. 2),Dinesh_SK,9689,1729960500,911,907
2027,Codeforces Round 982 (Div. 2),Khushi2004,9689,1729960500,680,751
2027,Codeforces Round 982 (Div. 2),Uranium_238,9689,1729960500,1340,1244
2027,Codeforces Round 982 (Div. 2),wowowo...,9689,1729960500,1040,1004
2027,Codeforces Round 982 (Div. 2),abhinav90,9689,1729960500,902,963
2027,Codeforces Round 982 (Div. 2),Sam_Nigam79,9689,1729960500,782,817
2027,Codeforces Round 982 (Div. 2),raihan127,9689,1729960500,838,855
2027,Codeforces Round 982 (Div. 2),Aakash__G970,9689,1729960500,1093,1045
2027,Codeforces Round 982 (Div. 2),Vamshi24,9689,1729960500,811,894
2027,Codeforces Round 982 (Div. 2),govind_30,9689,1729960500,850,863
2027,Codeforces Round 982 (Div. 2),akshitakumari731,9689,1729960500,0,399
2027,Codeforces Round 982 (Div. 2),MostofaMasud,9689,1729960500,1165,1102
2027,Codeforces Round 982 (Div. 2),loser1_23,9689,1729960500,950,936
2027,Codeforces Round 982 (Div. 2),KESHAV-SINGLA,9689,1729960500,847,938
2027,Codeforces Round 982 (Div. 2),philikote,9689,1729960500,966,947
2027,Codeforces Round 982 (Div. 2),SPYD3R,9689,1729960500,1342,1246
2027,Codeforces Round 982 (Div. 2),Sohan_,9689,1729960500,1067,1025
2027,Codeforces Round 982 (Div. 2),tamer__,9689,1729960500,1240,1163
2027,Codeforces Round 982 (Div. 2),mjk547231,9689,1729960500,1001,974
2027,Codeforces Round 982 (Div. 2),Godfather911,9689,1729960500,1008,980
2027,Codeforces Round 982 (Div. 2),noob_kush,9689,1729960500,0,399
2027,Codeforces Round 982 (Div. 2),_dk_07_,9689,1729960500,1196,1127
2027,Codeforces Round 982 (Div. 2),RahulKishore8,9689,1729960500,1263,1181
2027,Codeforces Round 982 (Div. 2),mvr_,9689,1729960500,643,825
2027,Codeforces Round 982 (Div. 2),Manwella_Emad,9689,1729960500,762,803
2027,Codeforces Round 982 (Div. 2),kdbazizul,9689,1729960500,868,876
2027,Codeforces Round 982 (Div. 2),xk0vo,9689,1729960500,434,689
2027,Codeforces Round 982 (Div. 2),harshuke14,9689,1729960500,689,756
2027,Codeforces Round 982 (Div. 2),lakshya_23,9689,1729960500,787,820
2027,Codeforces Round 982 (Div. 2),SleekMind,9689,1729960500,1376,1274
2027,Codeforces Round 982 (Div. 2),akib_,9689,1729960500,852,865
2027,Codeforces Round 982 (Div. 2),persistence08,9689,1729960500,1394,1288
2027,Codeforces Round 982 (Div. 2),AS20059,9689,1729960500,1351,1253
2027,Codeforces Round 982 (Div. 2),kaika_999,9689,1729960500,1070,1027
2027,Codeforces Round 982 (Div. 2),passing_,9689,1729960500,0,399
2027,Codeforces Round 982 (Div. 2),anaconda_01,9689,1729960500,1264,1182
2027,Codeforces Round 982 (Div. 2),fakeId_hai,9689,1729960500,1181,1115
2027,Codeforces Round 982 (Div. 2),tbpr0,9689,1729960500,1099,1050
2027,Codeforces Round 982 (Div. 2),arjunjadhav0654,9689,1729960500,882,886
2027,Codeforces Round 982 (Div. 2),RakshitR,9689,1729960500,1051,1013
2027,Codeforces Round 982 (Div. 2),shubhamgyd,9689,1729960500,1020,989
2027,Codeforces Round 982 (Div. 2),lamyaaalsibai87,9689,1729960500,758,801
2027,Codeforces Round 982 (Div. 2),LyJba.2021,9689,1729960500,921,951
2027,Codeforces Round 982 (Div. 2),Akitama,9689,1729960500,975,1021
2027,Codeforces Round 982 (Div. 2),Aya_Hde,9689,1729960500,0,399
2027,Codeforces Round 982 (Div. 2),goingak,9689,1729960500,995,970
2027,Codeforces Round 982 (Div. 2),nickymart,9689,1729960500,396,658
2027,Codeforces Round 982 (Div. 2),fanhualuoji,9689,1729960500,796,898
2027,Codeforces Round 982 (Div. 2),internalones,9689,1729960500,615,802
2027,Codeforces Round 982 (Div. 2),Zareen_Tasnim_Refah,9689,1729960500,985,962
2027,Codeforces Round 982 (Div. 2),tronaldDump45,9689,1729960500,915,910
2027,Codeforces Round 982 (Div. 2),coder_11,9689,1729960500,952,937
2027,Codeforces Round 982 (Div. 2),square27,9689,1729960500,990,966
2027,Codeforces Round 982 (Div. 2),A-kuma,9689,1729960500,795,826
2027,Codeforces Round 982 (Div. 2),msbhagavath,9689,1729960500,795,826
2027,Codeforces Round 982 (Div. 2),uux,9689,1729960500,1720,1556
2027,Codeforces Round 982 (Div. 2),mahto_warrior,9689,1729960500,1322,1229
2027,Codeforces Round 982 (Div. 2),seasmoke_,9689,1729960500,934,924
2027,Codeforces Round 982 (Div. 2),butoff,9689,1729960500,1121,1067
2027,Codeforces Round 982 (Div. 2),Jubayed5604,9689,1729960500,936,926
2027,Codeforces Round 982 (Div. 2),utsavkashyap25,9689,1729960500,912,907
2027,Codeforces Round 982 (Div. 2),Tuannguyendevc,9689,1729960500,856,868
2027,Codeforces Round 982 (Div. 2),Surya_0998,9689,1729960500,1048,1010
2027,Codeforces Round 982 (Div. 2),rehaman_shaik,9689,1729960500,841,933
2027,Codeforces Round 982 (Div. 2),ARYAN._,9689,1729960500,977,956
2027,Codeforces Round 982 (Div. 2),Dheeraj-,9689,1729960500,901,900
2027,Codeforces Round 982 (Div. 2),sa7vik_07,9689,1729960500,357,626
2027,Codeforces Round 982 (Div. 2),AlgoVasanth_06,9689,1729960500,1015,985
2027,Codeforces Round 982 (Div. 2),HiLakshya,9821,1729960500,561,674
2027,Codeforces Round 982 (Div. 2),Mahmouud15,9821,1729960500,868,873
2027,Codeforces Round 982 (Div. 2),RaunakKumar1,9821,1729960500,1108,1055
2027,Codeforces Round 982 (Div. 2),Mohamed_Makram,9821,1729960500,1036,999
2027,Codeforces Round 982 (Div. 2),GOD_VIPUL,9821,1729960500,1345,1247
2027,Codeforces Round 982 (Div. 2),morningstar25,9821,1729960500,821,915
2027,Codeforces Round 982 (Div. 2),vishwa818707,9821,1729960500,795,822
2027,Codeforces Round 982 (Div. 2),prernatilara373,9821,1729960500,834,884
2027,Codeforces Round 982 (Div. 2),atikarik,9821,1729960500,690,753
2027,Codeforces Round 982 (Div. 2),hhhhhh11,9821,1729960500,723,888
2027,Codeforces Round 982 (Div. 2),sunnnyy__04,9821,1729960500,1010,979
2027,Codeforces Round 982 (Div. 2),JU3928,9821,1729960500,1012,980
2027,Codeforces Round 982 (Div. 2),YOURSELF0K,9821,1729960500,996,968
2027,Codeforces Round 982 (Div. 2),prudhvi_raj,9821,1729960500,687,858
2027,Codeforces Round 982 (Div. 2),youssef_marawan_11,9821,1729960500,912,904
2027,Codeforces Round 982 (Div. 2),Deep_2005,9821,1729960500,784,871
2027,Codeforces Round 982 (Div. 2),MohaiminSayed5678,9821,1729960500,852,862
2027,Codeforces Round 982 (Div. 2),Jimmmmmies,9821,1729960500,1103,1051
2027,Codeforces Round 982 (Div. 2),ryuginx,9821,1729960500,928,981
2027,Codeforces Round 982 (Div. 2),amitkumar9973,9821,1729960500,895,892
2027,Codeforces Round 982 (Div. 2),anime1_coder,9821,1729960500,1067,1023
2027,Codeforces Round 982 (Div. 2),NiamulKarim,9821,1729960500,1028,992
2027,Codeforces Round 982 (Div. 2),adityakotkar47,9821,1729960500,929,982
2027,Codeforces Round 982 (Div. 2),devil_005,9821,1729960500,816,911
2027,Codeforces Round 982 (Div. 2),Dark_Hourse,9821,1729960500,832,848
2027,Codeforces Round 982 (Div. 2),Andre.shubham,9821,1729960500,885,966
2027,Codeforces Round 982 (Div. 2),Zenith32,9821,1729960500,1004,1063
2027,Codeforces Round 982 (Div. 2),tahmid.haque,9821,1729960500,778,811
2027,Codeforces Round 982 (Div. 2),_ALI__,9821,1729960500,981,956
2027,Codeforces Round 982 (Div. 2),numberjunk123,9821,1729960500,924,914
2027,Codeforces Round 982 (Div. 2),mahiensanklechaa555,9821,1729960500,624,807
2027,Codeforces Round 982 (Div. 2),LegendPei,9821,1729960500,630,813
2027,Codeforces Round 982 (Div. 2),Dinesh_168,9821,1729960500,0,397
2027,Codeforces Round 982 (Div. 2),qidao,9821,1729960500,1087,1078
2027,Codeforces Round 982 (Div. 2),ultimate_goal,9821,1729960500,837,851
2027,Codeforces Round 982 (Div. 2),harsha_2006,9821,1729960500,888,887
2027,Codeforces Round 982 (Div. 2),3028598146,9821,1729960500,783,936
2027,Codeforces Round 982 (Div. 2),AarushGupta27,9821,1729960500,815,910
2027,Codeforces Round 982 (Div. 2),-NOT,9821,1729960500,786,816
2027,Codeforces Round 982 (Div. 2),hnust_sunwei,9821,1729960500,816,911
2027,Codeforces Round 982 (Div. 2),R6mez,9821,1729960500,1135,1076
2027,Codeforces Round 982 (Div. 2),heishiyu666,9821,1729960500,885,885
2027,Codeforces Round 982 (Div. 2),ankeshchaubey,9821,1729960500,946,1016
2027,Codeforces Round 982 (Div. 2),kkraider96,9821,1729960500,1106,1053
2027,Codeforces Round 982 (Div. 2),invision1203,9821,1729960500,770,926
2027,Codeforces Round 982 (Div. 2),samosa,9821,1729960500,1195,1124
2027,Codeforces Round 982 (Div. 2),tzking,9821,1729960500,401,661
2027,Codeforces Round 982 (Div. 2),ayushjoci_01,9821,1729960500,0,397
2027,Codeforces Round 982 (Div. 2),vc940,9821,1729960500,790,891
2027,Codeforces Round 982 (Div. 2),kj2706,9821,1729960500,0,397
2027,Codeforces Round 982 (Div. 2),this_is_the_way,9821,1729960500,1116,1061
2027,Codeforces Round 982 (Div. 2),RustyGoblin,9821,1729960500,396,656
2027,Codeforces Round 982 (Div. 2),zamanatia8,9821,1729960500,709,765
2027,Codeforces Round 982 (Div. 2),teteDiglett,9821,1729960500,886,886
2027,Codeforces Round 982 (Div. 2),Ilyas_Sahabakaev,9821,1729960500,0,397
2027,Codeforces Round 982 (Div. 2),502BadGateway,9821,1729960500,783,814
2027,Codeforces Round 982 (Div. 2),azkabansca,9821,1729960500,817,837
2027,Codeforces Round 982 (Div. 2),miraj_85,9821,1729960500,404,663
2027,Codeforces Round 982 (Div. 2),Subtle_G,9821,1729960500,836,850
2027,Codeforces Round 982 (Div. 2),roniee_026,9821,1729960500,956,937
2027,Codeforces Round 982 (Div. 2),not_Bekzhan_Aldiyar,9821,1729960500,898,895
2027,Codeforces Round 982 (Div. 2),sudharshantr541,9821,1729960500,998,969
2027,Codeforces Round 982 (Div. 2),Aswin-04,9821,1729960500,755,795
2027,Codeforces Round 982 (Div. 2),Rumman023,9821,1729960500,976,953
2027,Codeforces Round 982 (Div. 2),KURIO,9821,1729960500,1096,1045
2027,Codeforces Round 982 (Div. 2),himanshubhardwaj169,9821,1729960500,1269,1184
2027,Codeforces Round 982 (Div. 2),Tasila__,9821,1729960500,725,889
2027,Codeforces Round 982 (Div. 2),__Roy__521,9821,1729960500,974,951
2027,Codeforces Round 982 (Div. 2),abc_xyz_15092003,9821,1729960500,1378,1274
2027,Codeforces Round 982 (Div. 2),raunak9999,9821,1729960500,365,631
2027,Codeforces Round 982 (Div. 2),tarun02185,9821,1729960500,785,815
2027,Codeforces Round 982 (Div. 2),BigOChamp,9821,1729960500,664,840
2027,Codeforces Round 982 (Div. 2),Anujkamaljain1,9821,1729960500,723,774
2027,Codeforces Round 982 (Div. 2),SAI_NAYAN,9821,1729960500,364,630
2027,Codeforces Round 982 (Div. 2),msnehaha,9821,1729960500,646,825
2027,Codeforces Round 982 (Div. 2),DesiDerivative,9821,1729960500,841,854
2027,Codeforces Round 982 (Div. 2),vrasp,9821,1729960500,1395,1288
2027,Codeforces Round 982 (Div. 2),md_asifuzzaman_shanto,9821,1729960500,1044,1005
2027,Codeforces Round 982 (Div. 2),Jayansh_805,9821,1729960500,945,967
2027,Codeforces Round 982 (Div. 2),infernal,9821,1729960500,1532,1400
2027,Codeforces Round 982 (Div. 2),tontang,9821,1729960500,406,665
2027,Codeforces Round 982 (Div. 2),Avincy,9821,1729960500,1058,1016
2027,Codeforces Round 982 (Div. 2),PIYUSH_NAYAK,9821,1729960500,1102,1050
2027,Codeforces Round 982 (Div. 2),abdullah2811,9821,1729960500,786,816
2027,Codeforces Round 982 (Div. 2),chaiduo,9821,1729960500,772,927
2027,Codeforces Round 982 (Div. 2),jtgoyal05,9821,1729960500,881,882
2027,Codeforces Round 982 (Div. 2),satya_official,9821,1729960500,990,1030
2027,Codeforces Round 982 (Div. 2),Nagorn,9821,1729960500,1179,1111
2027,Codeforces Round 982 (Div. 2),nandinimaurya09,9821,1729960500,1063,1019
2027,Codeforces Round 982 (Div. 2),l_a_l_u1234,9821,1729960500,1421,1309
2027,Codeforces Round 982 (Div. 2),Zhiqing_W,9821,1729960500,365,631
2027,Codeforces Round 982 (Div. 2),herzlichkeit,9821,1729960500,1022,988
2027,Codeforces Round 982 (Div. 2),_yash_jain,9821,1729960500,798,824
2027,Codeforces Round 982 (Div. 2),Artronis,9821,1729960500,1266,1182
2027,Codeforces Round 982 (Div. 2),wk_siyam,9821,1729960500,1097,1046
2027,Codeforces Round 982 (Div. 2),amitkumarpunia02082002,9821,1729960500,1107,1125
2027,Codeforces Round 982 (Div. 2),pastry50,9821,1729960500,368,634
2027,Codeforces Round 982 (Div. 2),Jayki,9821,1729960500,1112,1058
2027,Codeforces Round 982 (Div. 2),1135Taran,9821,1729960500,933,920
2027,Codeforces Round 982 (Div. 2),pratyushdhital,9821,1729960500,788,889
2027,Codeforces Round 982 (Div. 2),Kassha,9821,1729960500,842,855
2027,Codeforces Round 982 (Div. 2),Madan17,9821,1729960500,1060,1017
2027,Codeforces Round 982 (Div. 2),winter_soldier_,9821,1729960500,947,996
2027,Codeforces Round 982 (Div. 2),nhi_krna_coding,9821,1729960500,968,947
2027,Codeforces Round 982 (Div. 2),Yousef_Gaber11,9821,1729960500,949,932
2027,Codeforces Round 982 (Div. 2),Jigyansh_Sharma,9821,1729960500,849,937
2027,Codeforces Round 982 (Div. 2),Najmul_Huda_,9821,1729960500,651,729
2027,Codeforces Round 982 (Div. 2),samudramazumder,9821,1729960500,709,765
2027,Codeforces Round 982 (Div. 2),Temurbek_01,9821,1729960500,1109,1127
2027,Codeforces Round 982 (Div. 2),ahmd_ibraaa,9821,1729960500,1085,1037
2027,Codeforces Round 982 (Div. 2),Bhavyasachan,9821,1729960500,958,939
2027,Codeforces Round 982 (Div. 2),gotcha101,9821,1729960500,868,873
2027,Codeforces Round 982 (Div. 2),Nkumbo,9821,1729960500,1220,1145
2027,Codeforces Round 982 (Div. 2),like_a_dreammm,9821,1729960500,817,912
2027,Codeforces Round 982 (Div. 2),yadavamit775,9821,1729960500,952,972
2027,Codeforces Round 982 (Div. 2),Forestime,9821,1729960500,951,933
2027,Codeforces Round 982 (Div. 2),5amia,9821,1729960500,1023,988
2027,Codeforces Round 982 (Div. 2),Alaa,9821,1729960500,1035,997
2027,Codeforces Round 982 (Div. 2),qwer12348,9821,1729960500,806,956
2027,Codeforces Round 982 (Div. 2),SantaSingh_.sid.,9821,1729960500,992,1032
2027,Codeforces Round 982 (Div. 2),Fuck-My-Life,9821,1729960500,0,397
2027,Codeforces Round 982 (Div. 2),Toslim_Aman,9821,1729960500,733,846
2027,Codeforces Round 982 (Div. 2),aaryank_1411,9821,1729960500,790,819
2027,Codeforces Round 982 (Div. 2),C0de_BeE,9944,1729960500,845,853
2027,Codeforces Round 982 (Div. 2),Hello_Papon,9944,1729960500,551,664
2027,Codeforces Round 982 (Div. 2),NapZilla,9944,1729960500,1064,1018
2027,Codeforces Round 982 (Div. 2),valerijhegaj,9944,1729960500,1235,1251
2027,Codeforces Round 982 (Div. 2),Pragyangarg2512,9944,1729960500,1041,1000
2027,Codeforces Round 982 (Div. 2),Backblood,9944,1729960500,1013,978
2027,Codeforces Round 982 (Div. 2),mehul2044,9944,1729960500,711,876
2027,Codeforces Round 982 (Div. 2),himanshuindia.100,9944,1729960500,841,851
2027,Codeforces Round 982 (Div. 2),ilovecpfr,9944,1729960500,1446,1328
2027,Codeforces Round 982 (Div. 2),say_yas,9944,1729960500,1111,1055
2027,Codeforces Round 982 (Div. 2),giudeGX,9944,1729960500,591,779
2027,Codeforces Round 982 (Div. 2),Anshu019,9944,1729960500,1405,1294
2027,Codeforces Round 982 (Div. 2),Ayush_1407,9944,1729960500,867,905
2027,Codeforces Round 982 (Div. 2),anurag120307,9944,1729960500,856,941
2027,Codeforces Round 982 (Div. 2),Sahil_52,9944,1729960500,887,883
2027,Codeforces Round 982 (Div. 2),abhinavxsaraf,9944,1729960500,993,963
2027,Codeforces Round 982 (Div. 2),adarshsingh0427,9944,1729960500,1008,974
2027,Codeforces Round 982 (Div. 2),Abhinavkarthik,9944,1729960500,1095,1042
2027,Codeforces Round 982 (Div. 2),_f_o_x_y_,9944,1729960500,1026,988
2027,Codeforces Round 982 (Div. 2),turon00,9944,1729960500,776,878
2027,Codeforces Round 982 (Div. 2),krish1504,9944,1729960500,1179,1109
2027,Codeforces Round 982 (Div. 2),Rafi_Wahid,9944,1729960500,882,880
2027,Codeforces Round 982 (Div. 2),aryan_gupta_iitg,9944,1729960500,1240,1200
2027,Codeforces Round 982 (Div. 2),Sp3cTer_is_Noob,9944,1729960500,526,762
2027,Codeforces Round 982 (Div. 2),draid,9944,1729960500,943,925
2027,Codeforces Round 982 (Div. 2),--Magic--,9944,1729960500,1090,1038
2027,Codeforces Round 982 (Div. 2),MrZ8518,9944,1729960500,425,678
2027,Codeforces Round 982 (Div. 2),_Faria_Haque_,9944,1729960500,395,654
2027,Codeforces Round 982 (Div. 2),Clarion007,9944,1729960500,799,821
2027,Codeforces Round 982 (Div. 2),kaosar_the_Joyboy,9944,1729960500,1041,1039
2027,Codeforces Round 982 (Div. 2),Communication,9944,1729960500,1134,1074
2027,Codeforces Round 982 (Div. 2),manas06,9944,1729960500,877,913
2027,Codeforces Round 982 (Div. 2),n4h1ss,9944,1729960500,1052,1008
2027,Codeforces Round 982 (Div. 2),smam,9944,1729960500,1271,1184
2027,Codeforces Round 982 (Div. 2),shunyata,9944,1729960500,951,997
2027,Codeforces Round 982 (Div. 2),coding_csk,9944,1729960500,916,942
2027,Codeforces Round 982 (Div. 2),TheVenator09,9944,1729960500,590,778
2027,Codeforces Round 982 (Div. 2),Samurott,9944,1729960500,1135,1074
2027,Codeforces Round 982 (Div. 2),Sssswwwppp,9944,1729960500,1238,1157
2027,Codeforces Round 982 (Div. 2),_Dreamers_,9944,1729960500,958,936
2027,Codeforces Round 982 (Div. 2),Itoshi_Rin_,9944,1729960500,1172,1104
2027,Codeforces Round 982 (Div. 2),cnawal07,9944,1729960500,1129,1070
2027,Codeforces Round 982 (Div. 2),gokul03092001,9944,1729960500,904,896
2027,Codeforces Round 982 (Div. 2),NilangBhuva,9944,1729960500,893,888
2027,Codeforces Round 982 (Div. 2),Md.Solaiman,9944,1729960500,655,727
2027,Codeforces Round 982 (Div. 2),Shad0w_204,9944,1729960500,832,844
2027,Codeforces Round 982 (Div. 2),dip0123,9944,1729960500,925,911
2027,Codeforces Round 982 (Div. 2),Problem8ic,9944,1729960500,1029,991
2027,Codeforces Round 982 (Div. 2),Kanuxaa,9944,1729960500,1108,1053
2027,Codeforces Round 982 (Div. 2),61e55,9944,1729960500,0,396
2027,Codeforces Round 982 (Div. 2),haohuihui,9944,1729960500,693,861
2027,Codeforces Round 982 (Div. 2),EmonTheBOT,9944,1729960500,833,845
2027,Codeforces Round 982 (Div. 2),MOKH2002,9944,1729960500,1018,982
2027,Codeforces Round 982 (Div. 2),Shuvon_ict,9944,1729960500,819,835
2027,Codeforces Round 982 (Div. 2),__5.0__,9944,1729960500,944,925
2027,Codeforces Round 982 (Div. 2),Marwanthe0,9944,1729960500,794,818
2027,Codeforces Round 982 (Div. 2),Dopamine._.,9944,1729960500,1243,1161
2027,Codeforces Round 982 (Div. 2),doWhileLoop,9944,1729960500,921,993
2027,Codeforces Round 982 (Div. 2),divyam_gupta,9944,1729960500,921,908
2027,Codeforces Round 982 (Div. 2),h0rcruxx,9944,1729960500,1126,1067
2027,Codeforces Round 982 (Div. 2),vivekmaurya,9944,1729960500,1100,1046
2027,Codeforces Round 982 (Div. 2),ErHl,9944,1729960500,1172,1104
2027,Codeforces Round 982 (Div. 2),tashobi_02,9944,1729960500,983,956
2027,Codeforces Round 982 (Div. 2),Gathvik,9944,1729960500,721,769
2027,Codeforces Round 982 (Div. 2),CodeSniperMan,9944,1729960500,955,934
2027,Codeforces Round 982 (Div. 2),blzsawa,9944,1729960500,0,396
2027,Codeforces Round 982 (Div. 2),dlnd_cp,9944,1729960500,1411,1340
2027,Codeforces Round 982 (Div. 2),arijit_7,9944,1729960500,697,754
2027,Codeforces Round 982 (Div. 2),Jaideep_Chandra,9944,1729960500,806,901
2027,Codeforces Round 982 (Div. 2),metarudra28,9944,1729960500,911,901
2027,Codeforces Round 982 (Div. 2),gaurang2621,9944,1729960500,1225,1147
2027,Codeforces Round 982 (Div. 2),beluga_yeet,9944,1729960500,921,908
2027,Codeforces Round 982 (Div. 2),dngnq28,9944,1729960500,951,997
2027,Codeforces Round 982 (Div. 2),pddd,9944,1729960500,646,823
2027,Codeforces Round 982 (Div. 2),yasmin.nour,9944,1729960500,998,967
2027,Codeforces Round 982 (Div. 2),harshil7,9944,1729960500,616,799
2027,Codeforces Round 982 (Div. 2),NSR_55,9944,1729960500,887,883
2027,Codeforces Round 982 (Div. 2),OnionEgg,9944,1729960500,1075,1026
2027,Codeforces Round 982 (Div. 2),Nahid_Hasan_29,9944,1729960500,932,916
2027,Codeforces Round 982 (Div. 2),CodeBharat,9944,1729960500,855,922
2027,Codeforces Round 982 (Div. 2),Ling_Yu175,9944,1729960500,616,799
2027,Codeforces Round 982 (Div. 2),xzx.com,9944,1729960500,1299,1207
2027,Codeforces Round 982 (Div. 2),Popuguychk,9944,1729960500,0,396
2027,Codeforces Round 982 (Div. 2),Arif_0.1,9944,1729960500,789,814
2027,Codeforces Round 982 (Div. 2),TrialMonkey,9944,1729960500,0,396
2027,Codeforces Round 982 (Div. 2),Sadikkhan02,9944,1729960500,383,644
2027,Codeforces Round 982 (Div. 2),Rajdeep_P1,9944,1729960500,1035,995
2027,Codeforces Round 982 (Div. 2),Shtn,9944,1729960500,378,640
2027,Codeforces Round 982 (Div. 2),Sujata24,9944,1729960500,936,985
2027,Codeforces Round 982 (Div. 2),anshikajain,9944,1729960500,1317,1222
2027,Codeforces Round 982 (Div. 2),Chelovek12345,9944,1729960500,1190,1118
2027,Codeforces Round 982 (Div. 2),usersaran555,9944,1729960500,1484,1359
2027,Codeforces Round 982 (Div. 2),Prasidhi,9944,1729960500,352,619
2027,Codeforces Round 982 (Div. 2),gurkin,9944,1729960500,998,1005
2027,Codeforces Round 982 (Div. 2),androvictor,9944,1729960500,826,917
2027,Codeforces Round 982 (Div. 2),AamirRaza01,9944,1729960500,938,921
2027,Codeforces Round 982 (Div. 2),HARDIKJAIN1632,9944,1729960500,1098,1045
2027,Codeforces Round 982 (Div. 2),KaMRaN_AHmeD36BD,9944,1729960500,968,944
2027,Codeforces Round 982 (Div. 2),BitWarrier,9944,1729960500,1059,1106
2027,Codeforces Round 982 (Div. 2),rajat2913,9944,1729960500,987,958
2027,Codeforces Round 982 (Div. 2),propulse_7969,9944,1729960500,779,808
2027,Codeforces Round 982 (Div. 2),Haarush,9944,1729960500,842,852
2027,Codeforces Round 982 (Div. 2),sourabh1311,9944,1729960500,760,795
2027,Codeforces Round 982 (Div. 2),cf_wind,9944,1729960500,750,908
2027,Codeforces Round 982 (Div. 2),Passant0,9944,1729960500,1102,1048
2027,Codeforces Round 982 (Div. 2),M0NTANA,9944,1729960500,941,923
2027,Codeforces Round 982 (Div. 2),Kushal0,9944,1729960500,788,887
2027,Codeforces Round 982 (Div. 2),IliasTulenina,9944,1729960500,1021,984
2027,Codeforces Round 982 (Div. 2),Centelle,9944,1729960500,1312,1218
2027,Codeforces Round 982 (Div. 2),keraliya07,9944,1729960500,911,901
2027,Codeforces Round 982 (Div. 2),Doblac_Lewlif,9944,1729960500,1104,1049
2027,Codeforces Round 982 (Div. 2),akshatajmera07,9944,1729960500,964,979
2027,Codeforces Round 982 (Div. 2),devine_8765,9944,1729960500,497,738
2027,Codeforces Round 982 (Div. 2),vinit_04,9944,1729960500,904,896
2027,Codeforces Round 982 (Div. 2),hnust_lizhuohong,9944,1729960500,0,396
2027,Codeforces Round 982 (Div. 2),Jakhongir55,9944,1729960500,1257,1173
2027,Codeforces Round 982 (Div. 2),Akik04,9944,1729960500,905,897
2027,Codeforces Round 982 (Div. 2),wa_kings,9944,1729960500,1251,1168
2027,Codeforces Round 982 (Div. 2),tihonhomyshen,9944,1729960500,598,784
2027,Codeforces Round 982 (Div. 2),jawed-byte,9944,1729960500,1033,994
2027,Codeforces Round 982 (Div. 2),ROCKSTAR93,9944,1729960500,1054,1010
2027,Codeforces Round 982 (Div. 2),singh_R,9944,1729960500,1037,997
2027,Codeforces Round 982 (Div. 2),amitvais777,9944,1729960500,0,396
2027,Codeforces Round 982 (Div. 2),Bishwanath,9944,1729960500,1086,1035
2027,Codeforces Round 982 (Div. 2),prashanth_5905,10068,1729960500,903,930
2027,Codeforces Round 982 (Div. 2),seg__fault,10068,1729960500,1095,1040
2027,Codeforces Round 982 (Div. 2),KINGMALAV,10068,1729960500,1083,1030
2027,Codeforces Round 982 (Div. 2),mysticTB,10068,1729960500,1262,1175
2027,Codeforces Round 982 (Div. 2),BaronCabbage,10068,1729960500,0,394
2027,Codeforces Round 982 (Div. 2),tanudeshtd2005,10068,1729960500,408,663
2027,Codeforces Round 982 (Div. 2),Yaseen_ASAAD,10068,1729960500,1060,1083
2027,Codeforces Round 982 (Div. 2),anirbanroyneil,10068,1729960500,994,961
2027,Codeforces Round 982 (Div. 2),sleepy_electron,10068,1729960500,990,958
2027,Codeforces Round 982 (Div. 2),Team7_DucSinh,10068,1729960500,960,1002
2027,Codeforces Round 982 (Div. 2),saiteja2103,10068,1729960500,884,915
2027,Codeforces Round 982 (Div. 2),JVgu,10068,1729960500,807,883
2027,Codeforces Round 982 (Div. 2),Ziad.,10068,1729960500,1167,1097
2027,Codeforces Round 982 (Div. 2),shivansh_123,10068,1729960500,793,872
2027,Codeforces Round 982 (Div. 2),Param49018,10068,1729960500,891,883
2027,Codeforces Round 982 (Div. 2),Tutu2006,10068,1729960500,672,842
2027,Codeforces Round 982 (Div. 2),krishnnna,10068,1729960500,406,661
2027,Codeforces Round 982 (Div. 2),priyanshugupta7967,10068,1729960500,1023,983
2027,Codeforces Round 982 (Div. 2),kpmark14235,10068,1729960500,385,644
2027,Codeforces Round 982 (Div. 2),Lalit0006,10068,1729960500,840,847
2027,Codeforces Round 982 (Div. 2),yshen94,10068,1729960500,943,961
2027,Codeforces Round 982 (Div. 2),Captain_America1510204,10068,1729960500,0,394
2027,Codeforces Round 982 (Div. 2),duplicatenoname,10068,1729960500,1115,1056
2027,Codeforces Round 982 (Div. 2),fuchsia_wn,10068,1729960500,767,868
2027,Codeforces Round 982 (Div. 2),abcefgh,10068,1729960500,889,882
2027,Codeforces Round 982 (Div. 2),Aakashraj18,10068,1729960500,824,835
2027,Codeforces Round 982 (Div. 2),Mankirat_Singh,10068,1729960500,1221,1142
2027,Codeforces Round 982 (Div. 2),IAmNoMuggle,10068,1729960500,1011,974
2027,Codeforces Round 982 (Div. 2),Khairr,10068,1729960500,392,650
2027,Codeforces Round 982 (Div. 2),Howard_Roark,10068,1729960500,991,958
2027,Codeforces Round 982 (Div. 2),nashEq,10068,1729960500,868,867
2027,Codeforces Round 982 (Div. 2),Bard_0,10068,1729960500,640,816
2027,Codeforces Round 982 (Div. 2),Shahriar_Islam,10068,1729960500,871,905
2027,Codeforces Round 982 (Div. 2),T_500XIN,10068,1729960500,1072,1062
2027,Codeforces Round 982 (Div. 2),Multiversal_Darkness,10068,1729960500,930,912
2027,Codeforces Round 982 (Div. 2),zh2023,10068,1729960500,754,787
2027,Codeforces Round 982 (Div. 2),Gumball04561,10068,1729960500,764,865
2027,Codeforces Round 982 (Div. 2),Terry_RE,10068,1729960500,0,394
2027,Codeforces Round 982 (Div. 2),Hemsai,10068,1729960500,812,904
2027,Codeforces Round 982 (Div. 2),gawdfather,10068,1729960500,870,868
2027,Codeforces Round 982 (Div. 2),CoderJatin20,10068,1729960500,737,896
2027,Codeforces Round 982 (Div. 2),aadiSam,10068,1729960500,837,845
2027,Codeforces Round 982 (Div. 2),Jigyanshu_Pati,10068,1729960500,1008,972
2027,Codeforces Round 982 (Div. 2),rohit_singh12,10068,1729960500,882,877
2027,Codeforces Round 982 (Div. 2),dhruvthak3r,10068,1729960500,750,785
2027,Codeforces Round 982 (Div. 2),Than0s_op,10068,1729960500,1267,1179
2027,Codeforces Round 982 (Div. 2),Sazib204061,10068,1729960500,1134,1071
2027,Codeforces Round 982 (Div. 2),cankjaca,10068,1729960500,821,911
2027,Codeforces Round 982 (Div. 2),sizvy,10068,1729960500,871,869
2027,Codeforces Round 982 (Div. 2),Yeshenyue,10068,1729960500,645,717
2027,Codeforces Round 982 (Div. 2),p_for_papon,10068,1729960500,816,830
2027,Codeforces Round 982 (Div. 2),anshvish670,10068,1729960500,991,958
2027,Codeforces Round 982 (Div. 2),KMTt,10068,1729960500,653,827
2027,Codeforces Round 982 (Div. 2),BeKing,10068,1729960500,405,660
2027,Codeforces Round 982 (Div. 2),M_MS,10068,1729960500,653,827
2027,Codeforces Round 982 (Div. 2),IDK17o1,10068,1729960500,0,394
2027,Codeforces Round 982 (Div. 2),prekshaupadhyay03,10068,1729960500,1017,979
2027,Codeforces Round 982 (Div. 2),Raven_The_Watcher,10068,1729960500,782,806
2027,Codeforces Round 982 (Div. 2),Mr_Sachin_06,10068,1729960500,875,908
2027,Codeforces Round 982 (Div. 2),fahim903,10068,1729960500,899,889
2027,Codeforces Round 982 (Div. 2),Owv,10068,1729960500,1242,1158
2027,Codeforces Round 982 (Div. 2),e.a.3,10068,1729960500,807,823
2027,Codeforces Round 982 (Div. 2),darshinishah2020,10068,1729960500,607,790
2027,Codeforces Round 982 (Div. 2),cerveja,10068,1729960500,1116,1056
2027,Codeforces Round 982 (Div. 2),Abdo_Ashraf_Ahmed_Ahmed,10068,1729960500,666,838
2027,Codeforces Round 982 (Div. 2),Codeforge,10068,1729960500,0,394
2027,Codeforces Round 982 (Div. 2),dzuizz,10068,1729960500,1259,1173
2027,Codeforces Round 982 (Div. 2),mingjunyi1024helloworld,10068,1729960500,1080,1028
2027,Codeforces Round 982 (Div. 2),MashrafeBoss,10068,1729960500,662,727
2027,Codeforces Round 982 (Div. 2),Nandini14,10068,1729960500,902,891
2027,Codeforces Round 982 (Div. 2),rifat112,10068,1729960500,994,961
2027,Codeforces Round 982 (Div. 2),wannabegintoki_0,10068,1729960500,838,845
2027,Codeforces Round 982 (Div. 2),antu21,10068,1729960500,725,768
2027,Codeforces Round 982 (Div. 2),khageshwar,10068,1729960500,667,731
2027,Codeforces Round 982 (Div. 2),A.Manideep,10068,1729960500,1085,1032
2027,Codeforces Round 982 (Div. 2),SaddamHasanov,10068,1729960500,894,886
2027,Codeforces Round 982 (Div. 2),OmarMajdi,10068,1729960500,1135,1072
2027,Codeforces Round 982 (Div. 2),xinte,10068,1729960500,714,761
2027,Codeforces Round 982 (Div. 2),harshitsharma14,10068,1729960500,1074,1063
2027,Codeforces Round 982 (Div. 2),C00LC0DER,10068,1729960500,1284,1193
2027,Codeforces Round 982 (Div. 2),KK923,10068,1729960500,1072,1092
2027,Codeforces Round 982 (Div. 2),Kita11,10068,1729960500,0,394
2027,Codeforces Round 982 (Div. 2),__SADMAN__,10068,1729960500,1089,1035
2027,Codeforces Round 982 (Div. 2),proro,10068,1729960500,846,851
2027,Codeforces Round 982 (Div. 2),Tsukiyuki,10068,1729960500,0,394
2027,Codeforces Round 982 (Div. 2),HMNS19,10068,1729960500,1010,973
2027,Codeforces Round 982 (Div. 2),065_Pawan,10068,1729960500,792,813
2027,Codeforces Round 982 (Div. 2),mandal323sayan,10068,1729960500,968,941
2027,Codeforces Round 982 (Div. 2),nikshay_1,10068,1729960500,829,900
2027,Codeforces Round 982 (Div. 2),moaaz35,10068,1729960500,998,964
2027,Codeforces Round 982 (Div. 2),Saran-Sarv,10068,1729960500,1124,1063
2027,Codeforces Round 982 (Div. 2),bhu1reddy1,10068,1729960500,837,924
2027,Codeforces Round 982 (Div. 2),Jinansh_dalal,10068,1729960500,434,684
2027,Codeforces Round 982 (Div. 2),Shivabhadauriya_9,10068,1729960500,899,889
2027,Codeforces Round 982 (Div. 2),dontTryToFindMe,10068,1729960500,1222,1183
2027,Codeforces Round 982 (Div. 2),Mohamad_Ahmad_taieb,10068,1729960500,810,826
2027,Codeforces Round 982 (Div. 2),log1x,10068,1729960500,1074,1023
2027,Codeforces Round 982 (Div. 2),albertalbert,10068,1729960500,825,836
2027,Codeforces Round 982 (Div. 2),Mohammed_Amir_66,10068,1729960500,956,932
2027,Codeforces Round 982 (Div. 2),Sekiro_CompileErrorTwice,10068,1729960500,830,972
2027,Codeforces Round 982 (Div. 2),mserdal,10068,1729960500,632,708
2027,Codeforces Round 982 (Div. 2),Tasmia_Shahi,10068,1729960500,886,880
2027,Codeforces Round 982 (Div. 2),Link6384,10068,1729960500,1283,1192
2027,Codeforces Round 982 (Div. 2),HarshitRajora0x,10068,1729960500,929,950
2027,Codeforces Round 982 (Div. 2),CipherPhoenix,10068,1729960500,909,897
2027,Codeforces Round 982 (Div. 2),tanishq_sarawat,10068,1729960500,939,919
2027,Codeforces Round 982 (Div. 2),adel.erorr159,10068,1729960500,845,887
2027,Codeforces Round 982 (Div. 2),juyi,10068,1729960500,1167,1097
2027,Codeforces Round 982 (Div. 2),yuk1s4n,10068,1729960500,777,803
2027,Codeforces Round 982 (Div. 2),chitrabhaskar,10068,1729960500,844,849
2027,Codeforces Round 982 (Div. 2),nusrattabassum2206,10068,1729960500,772,799
2027,Codeforces Round 982 (Div. 2),Panta_Iilisha,10068,1729960500,814,828
2027,Codeforces Round 982 (Div. 2),ninja_one,10068,1729960500,903,892
2027,Codeforces Round 982 (Div. 2),jassus,10068,1729960500,1033,991
2027,Codeforces Round 982 (Div. 2),Shemanto_sensei,10068,1729960500,607,693
2027,Codeforces Round 982 (Div. 2),homesh456babu,10068,1729960500,851,854
2027,Codeforces Round 982 (Div. 2),Crockz,10068,1729960500,860,861
2027,Codeforces Round 982 (Div. 2),William_Butcher,10068,1729960500,1040,997
2027,Codeforces Round 982 (Div. 2),OmarAmir,10068,1729960500,770,798
2027,Codeforces Round 982 (Div. 2),DavidSuh12,10068,1729960500,1210,1133
2027,Codeforces Round 982 (Div. 2),ramisa01,10068,1729960500,804,821
2027,Codeforces Round 982 (Div. 2),Ling_ZHOU,10189,1729960500,594,777
2027,Codeforces Round 982 (Div. 2),Puneeth_27,10189,1729960500,919,967
2027,Codeforces Round 982 (Div. 2),zahid_jim,10189,1729960500,624,700
2027,Codeforces Round 982 (Div. 2),Alamin_20,10189,1729960500,853,853
2027,Codeforces Round 982 (Div. 2),FARHADUL_ISLAM,10189,1729960500,1015,975
2027,Codeforces Round 982 (Div. 2),Rhayem_Saidi,10189,1729960500,960,1000
2027,Codeforces Round 982 (Div. 2),nusrat_mbstu,10189,1729960500,895,884
2027,Codeforces Round 982 (Div. 2),TokisakiPenist,10189,1729960500,945,988
2027,Codeforces Round 982 (Div. 2),__minhdatlhp,10189,1729960500,486,726
2027,Codeforces Round 982 (Div. 2),bob69,10189,1729960500,0,392
2027,Codeforces Round 982 (Div. 2),Buuuuuuuu,10189,1729960500,828,835
2027,Codeforces Round 982 (Div. 2),dungktgg,10189,1729960500,968,939
2027,Codeforces Round 982 (Div. 2),Imran_86,10189,1729960500,853,853
2027,Codeforces Round 982 (Div. 2),sadnessnsorrow,10189,1729960500,648,821
2027,Codeforces Round 982 (Div. 2),MadHash,10189,1729960500,358,620
2027,Codeforces Round 982 (Div. 2),ruukie,10189,1729960500,984,1019
2027,Codeforces Round 982 (Div. 2),ag_177,10189,1729960500,0,392
2027,Codeforces Round 982 (Div. 2),Lawit,10189,1729960500,755,785
2027,Codeforces Round 982 (Div. 2),hbach_,10189,1729960500,0,392
2027,Codeforces Round 982 (Div. 2),Viking_coder,10189,1729960500,796,872
2027,Codeforces Round 982 (Div. 2),sujalxpro,10189,1729960500,1294,1200
2027,Codeforces Round 982 (Div. 2),codeNaru,10189,1729960500,629,703
2027,Codeforces Round 982 (Div. 2),ATAUR_103,10189,1729960500,1015,975
2027,Codeforces Round 982 (Div. 2),Vishnu_1036,10189,1729960500,1074,1022
2027,Codeforces Round 982 (Div. 2),Aegon_Snow,10189,1729960500,769,920
2027,Codeforces Round 982 (Div. 2),Kirankumarravada,10189,1729960500,625,802
2027,Codeforces Round 982 (Div. 2),fyncfd,10189,1729960500,820,830
2027,Codeforces Round 982 (Div. 2),rahmatisam565,10189,1729960500,993,958
2027,Codeforces Round 982 (Div. 2),ra__hul,10189,1729960500,944,921
2027,Codeforces Round 982 (Div. 2),InsaneLaksh,10189,1729960500,1124,1061
2027,Codeforces Round 982 (Div. 2),nathu123,10189,1729960500,1490,1362
2027,Codeforces Round 982 (Div. 2),imabhishek028,10189,1729960500,621,799
2027,Codeforces Round 982 (Div. 2),Releaves,10189,1729960500,355,617
2027,Codeforces Round 982 (Div. 2),ittou_shura,10189,1729960500,1002,965
2027,Codeforces Round 982 (Div. 2),iCareEvents47,10189,1729960500,854,854
2027,Codeforces Round 982 (Div. 2),thakur_prakhat,10189,1729960500,1177,1104
2027,Codeforces Round 982 (Div. 2),Naim077,10189,1729960500,842,845
2027,Codeforces Round 982 (Div. 2),lodhasamkit,10189,1729960500,1216,1136
2027,Codeforces Round 982 (Div. 2),sachinpro14,10189,1729960500,1183,1109
2027,Codeforces Round 982 (Div. 2),Dominater09,10189,1729960500,1273,1183
2027,Codeforces Round 982 (Div. 2),namanpurii,10189,1729960500,902,889
2027,Codeforces Round 982 (Div. 2),TahmidL13,10189,1729960500,960,971
2027,Codeforces Round 982 (Div. 2),hr29004,10189,1729960500,1079,1025
2027,Codeforces Round 982 (Div. 2),Arsen-Batman,10189,1729960500,1226,1144
2027,Codeforces Round 982 (Div. 2),wajdi4,10189,1729960500,868,864
2027,Codeforces Round 982 (Div. 2),saviour69,10189,1729960500,852,852
2027,Codeforces Round 982 (Div. 2),_S_K_Siddhant,10189,1729960500,730,768
2027,Codeforces Round 982 (Div. 2),cactus_369,10189,1729960500,842,907
2027,Codeforces Round 982 (Div. 2),oook_,10189,1729960500,722,763
2027,Codeforces Round 982 (Div. 2),Rohan_Garg_,10189,1729960500,883,939
2027,Codeforces Round 982 (Div. 2),Almas_8311,10189,1729960500,840,844
2027,Codeforces Round 982 (Div. 2),gangulysoham67,10189,1729960500,811,883
2027,Codeforces Round 982 (Div. 2),Riff_sr,10189,1729960500,987,953
2027,Codeforces Round 982 (Div. 2),LinMoyu,10189,1729960500,767,793
2027,Codeforces Round 982 (Div. 2),yn250334,10189,1729960500,971,980
2027,Codeforces Round 982 (Div. 2),never_code,10189,1729960500,931,910
2027,Codeforces Round 982 (Div. 2),YezarAyman71,10189,1729960500,734,771
2027,Codeforces Round 982 (Div. 2),ThetaLogN,10189,1729960500,1080,1026
2027,Codeforces Round 982 (Div. 2),shashipra2002,10189,1729960500,1169,1098
2027,Codeforces Round 982 (Div. 2),manish500343,10189,1729960500,1012,973
2027,Codeforces Round 982 (Div. 2),Arpit_Yadav,10189,1729960500,380,638
2027,Codeforces Round 982 (Div. 2),harsh_kaku,10189,1729960500,888,878
2027,Codeforces Round 982 (Div. 2),fluid_practice,10189,1729960500,459,703
2027,Codeforces Round 982 (Div. 2),aaditya_88,10189,1729960500,630,806
2027,Codeforces Round 982 (Div. 2),thuctapsinh,10189,1729960500,921,903
2027,Codeforces Round 982 (Div. 2),vikas2312012,10189,1729960500,777,800
2027,Codeforces Round 982 (Div. 2),PrashamMehta,10189,1729960500,828,896
2027,Codeforces Round 982 (Div. 2),Andreas0x07,10189,1729960500,1100,1042
2027,Codeforces Round 982 (Div. 2),12112002,10189,1729960500,863,860
2027,Codeforces Round 982 (Div. 2),AdhikPuthenkattil,10189,1729960500,850,932
2027,Codeforces Round 982 (Div. 2),jatin1009,10189,1729960500,1078,1024
2027,Codeforces Round 982 (Div. 2),_Muhammad.Along_,10189,1729960500,1106,1047
2027,Codeforces Round 982 (Div. 2),Baaqar-007,10189,1729960500,1111,1051
2027,Codeforces Round 982 (Div. 2),robayed_110,10189,1729960500,1104,1045
2027,Codeforces Round 982 (Div. 2),krips224,10189,1729960500,837,842
2027,Codeforces Round 982 (Div. 2),ladnoooo,10189,1729960500,983,950
2027,Codeforces Round 982 (Div. 2),zhangkk,10189,1729960500,863,860
2027,Codeforces Round 982 (Div. 2),SkTasnimUrRahman,10189,1729960500,938,916
2027,Codeforces Round 982 (Div. 2),kalyanidave2004,10189,1729960500,678,846
2027,Codeforces Round 982 (Div. 2),Foniks,10189,1729960500,392,648
2027,Codeforces Round 982 (Div. 2),The-Madara-uchiha,10189,1729960500,1013,973
2027,Codeforces Round 982 (Div. 2),slol003,10189,1729960500,817,888
2027,Codeforces Round 982 (Div. 2),Giyu49,10189,1729960500,904,890
2027,Codeforces Round 982 (Div. 2),shalimarcoconutoil,10189,1729960500,698,862
2027,Codeforces Round 982 (Div. 2),atharvawaghmare2004,10189,1729960500,898,971
2027,Codeforces Round 982 (Div. 2),Starbreaker17,10189,1729960500,898,886
2027,Codeforces Round 982 (Div. 2),DueList.cpp,10189,1729960500,1012,973
2027,Codeforces Round 982 (Div. 2),gullu51,10189,1729960500,1015,975
2027,Codeforces Round 982 (Div. 2),shivanis.ug22.cs,10189,1729960500,830,837
2027,Codeforces Round 982 (Div. 2),AnushthanS,10189,1729960500,705,867
2027,Codeforces Round 982 (Div. 2),meer45,10189,1729960500,0,392
2027,Codeforces Round 982 (Div. 2),__sadman,10189,1729960500,806,819
2027,Codeforces Round 982 (Div. 2),aDiTyA_XYS,10189,1729960500,890,880
2027,Codeforces Round 982 (Div. 2),Salahyasser,10189,1729960500,0,392
2027,Codeforces Round 982 (Div. 2),RIKKA421,10189,1729960500,1472,1347
2027,Codeforces Round 982 (Div. 2),manu_27,10189,1729960500,626,803
2027,Codeforces Round 982 (Div. 2),Np3305,10189,1729960500,935,914
2027,Codeforces Round 982 (Div. 2),Ayushman63553,10189,1729960500,938,916
2027,Codeforces Round 982 (Div. 2),JorgeLMJ,10189,1729960500,870,866
2027,Codeforces Round 982 (Div. 2),jjlim,10189,1729960500,932,911
2027,Codeforces Round 982 (Div. 2),Kutu_Mia,10189,1729960500,517,636
2027,Codeforces Round 982 (Div. 2),arajeev210,10189,1729960500,1344,1241
2027,Codeforces Round 982 (Div. 2),faritu_23,10189,1729960500,1085,1030
2027,Codeforces Round 982 (Div. 2),Abka1rino,10189,1729960500,814,825
2027,Codeforces Round 982 (Div. 2),HARSHISBEAST,10189,1729960500,1098,1040
2027,Codeforces Round 982 (Div. 2),Kapelinsky,10189,1729960500,1074,1022
2027,Codeforces Round 982 (Div. 2),classic_aish,10189,1729960500,962,973
2027,Codeforces Round 982 (Div. 2),samurai108,10189,1729960500,1227,1145
2027,Codeforces Round 982 (Div. 2),VSS103073_Ali,10189,1729960500,0,392
2027,Codeforces Round 982 (Div. 2),govindsaini17,10298,1729960500,917,964
2027,Codeforces Round 982 (Div. 2),Najmul_Huda,10298,1729960500,589,771
2027,Codeforces Round 982 (Div. 2),Ham_Apke_Hai_Kon,10298,1729960500,1028,983
2027,Codeforces Round 982 (Div. 2),strikerxy,10298,1729960500,1240,1154
2027,Codeforces Round 982 (Div. 2),edwinJoshy,10298,1729960500,755,854
2027,Codeforces Round 982 (Div. 2),ssrikanthreddy,10298,1729960500,380,637
2027,Codeforces Round 982 (Div. 2),beastcode777,10298,1729960500,929,907
2027,Codeforces Round 982 (Div. 2),Nghi181109,10298,1729960500,709,751
2027,Codeforces Round 982 (Div. 2),wandanoko,10298,1729960500,1300,1203
2027,Codeforces Round 982 (Div. 2),2106133800,10298,1729960500,587,674
2027,Codeforces Round 982 (Div. 2),Bushra_Alkhder,10298,1729960500,824,829
2027,Codeforces Round 982 (Div. 2),JN4YD,10298,1729960500,893,880
2027,Codeforces Round 982 (Div. 2),Johora_,10298,1729960500,901,885
2027,Codeforces Round 982 (Div. 2),BlackFlag313,10298,1729960500,754,781
2027,Codeforces Round 982 (Div. 2),RahaZK,10298,1729960500,849,847
2027,Codeforces Round 982 (Div. 2),vikramadityaa,10298,1729960500,359,619
2027,Codeforces Round 982 (Div. 2),yashr8j,10298,1729960500,1119,1055
2027,Codeforces Round 982 (Div. 2),jack1011,10298,1729960500,728,763
2027,Codeforces Round 982 (Div. 2),PAPA_JACK,10298,1729960500,1161,1089
2027,Codeforces Round 982 (Div. 2),Porsche_2030,10298,1729960500,418,668
2027,Codeforces Round 982 (Div. 2),Chad._.saagar,10298,1729960500,890,877
2027,Codeforces Round 982 (Div. 2),AMANKUMAR_CS08,10298,1729960500,589,771
2027,Codeforces Round 982 (Div. 2),Jipsy,10298,1729960500,1163,1091
2027,Codeforces Round 982 (Div. 2),jiwoojung,10298,1729960500,0,391
2027,Codeforces Round 982 (Div. 2),Moyeenul_Islam,10298,1729960500,532,641
2027,Codeforces Round 982 (Div. 2),Nitin_Bansal,10298,1729960500,884,873
2027,Codeforces Round 982 (Div. 2),MYNOUL_HASAN2,10298,1729960500,795,809
2027,Codeforces Round 982 (Div. 2),lkt,10298,1729960500,1200,1121
2027,Codeforces Round 982 (Div. 2),accen_ker,10298,1729960500,0,391
2027,Codeforces Round 982 (Div. 2),bludC,10298,1729960500,809,819
2027,Codeforces Round 982 (Div. 2),Take,10298,1729960500,838,840
2027,Codeforces Round 982 (Div. 2),AbhidiptaRoy2004,10298,1729960500,820,826
2027,Codeforces Round 982 (Div. 2),newcoder10,10298,1729960500,0,391
2027,Codeforces Round 982 (Div. 2),screen_smasher,10298,1729960500,641,707
2027,Codeforces Round 982 (Div. 2),Rk899,10298,1729960500,930,945
2027,Codeforces Round 982 (Div. 2),Basdy,10298,1729960500,1392,1279
2027,Codeforces Round 982 (Div. 2),moamenhesham0,10298,1729960500,1037,1030
2027,Codeforces Round 982 (Div. 2),D_Mart,10298,1729960500,1136,1069
2027,Codeforces Round 982 (Div. 2),sgaskdgakjldshga,10298,1729960500,990,953
2027,Codeforces Round 982 (Div. 2),jai_hanuman_orz,10298,1729960500,1287,1193
2027,Codeforces Round 982 (Div. 2),PrakharSahu,10298,1729960500,782,800
2027,Codeforces Round 982 (Div. 2),direction_,10298,1729960500,1213,1132
2027,Codeforces Round 982 (Div. 2),almasforhasi1999,10298,1729960500,893,880
2027,Codeforces Round 982 (Div. 2),ma0,10298,1729960500,0,391
2027,Codeforces Round 982 (Div. 2),sriram2006,10298,1729960500,911,893
2027,Codeforces Round 982 (Div. 2),okay09,10298,1729960500,1132,1066
2027,Codeforces Round 982 (Div. 2),nehul_1414,10298,1729960500,1064,1011
2027,Codeforces Round 982 (Div. 2),shawon330,10298,1729960500,794,808
2027,Codeforces Round 982 (Div. 2),Wayne233,10298,1729960500,0,391
2027,Codeforces Round 982 (Div. 2),Ayushlaware,10298,1729960500,356,617
2027,Codeforces Round 982 (Div. 2),TaufiQ,10298,1729960500,952,924
2027,Codeforces Round 982 (Div. 2),MAYANK_NAGAR,10298,1729960500,863,921
2027,Codeforces Round 982 (Div. 2),heavenlysnakeemperor,10298,1729960500,821,907
2027,Codeforces Round 982 (Div. 2),dhanavathchiranjeevi123,10298,1729960500,798,811
2027,Codeforces Round 982 (Div. 2),KushalGajjar,10298,1729960500,955,994
2027,Codeforces Round 982 (Div. 2),King_1464,10298,1729960500,883,937
2027,Codeforces Round 982 (Div. 2),Relbai,10298,1729960500,855,851
2027,Codeforces Round 982 (Div. 2),ajraut7221,10298,1729960500,618,795
2027,Codeforces Round 982 (Div. 2),WBC.,10298,1729960500,607,786
2027,Codeforces Round 982 (Div. 2),aayushnandan,10298,1729960500,877,867
2027,Codeforces Round 982 (Div. 2),Natural1488,10298,1729960500,1109,1047
2027,Codeforces Round 982 (Div. 2),Ashutosh1348,10298,1729960500,875,866
2027,Codeforces Round 982 (Div. 2),TonmoySarkar,10298,1729960500,871,900
2027,Codeforces Round 982 (Div. 2),Hasan_160,10298,1729960500,1002,1032
2027,Codeforces Round 982 (Div. 2),moaz4696,10298,1729960500,0,391
2027,Codeforces Round 982 (Div. 2),Drumil,10298,1729960500,968,936
2027,Codeforces Round 982 (Div. 2),BeMgCaSrBaRachit,10298,1729960500,912,932
2027,Codeforces Round 982 (Div. 2),ALOK_SONI,10298,1729960500,723,881
2027,Codeforces Round 982 (Div. 2),CodeCrusader_rj05,10298,1729960500,1043,995
2027,Codeforces Round 982 (Div. 2),u2205,10298,1729960500,382,638
2027,Codeforces Round 982 (Div. 2),ChilYI,10298,1729960500,827,893
2027,Codeforces Round 982 (Div. 2),jeijei,10298,1729960500,277,500
2027,Codeforces Round 982 (Div. 2),geekyvishal,10298,1729960500,1117,1054
2027,Codeforces Round 982 (Div. 2),tanyagupta0902,10298,1729960500,0,391
2027,Codeforces Round 982 (Div. 2),LovelyMicas,10298,1729960500,691,855
2027,Codeforces Round 982 (Div. 2),Mohtasim_Siddiqui,10298,1729960500,995,957
2027,Codeforces Round 982 (Div. 2),meh_var,10298,1729960500,990,953
2027,Codeforces Round 982 (Div. 2),Tejas_Acharya,10298,1729960500,607,786
2027,Codeforces Round 982 (Div. 2),The_Red_Beast,10298,1729960500,812,900
2027,Codeforces Round 982 (Div. 2),Darkai99,10298,1729960500,969,937
2027,Codeforces Round 982 (Div. 2),anushkanocoding,10298,1729960500,933,910
2027,Codeforces Round 982 (Div. 2),Ab004,10298,1729960500,864,922
2027,Codeforces Round 982 (Div. 2),noGoodHandles,10298,1729960500,1120,1056
2027,Codeforces Round 982 (Div. 2),yuyu233,10298,1729960500,987,951
2027,Codeforces Round 982 (Div. 2),Tanjim__hasan,10298,1729960500,673,727
2027,Codeforces Round 982 (Div. 2),HetmesAskalana,10298,1729960500,828,832
2027,Codeforces Round 982 (Div. 2),leesiuhin,10298,1729960500,615,792
2027,Codeforces Round 982 (Div. 2),Khadizatulkubra,10298,1729960500,745,775
2027,Codeforces Round 982 (Div. 2),parsisor,10298,1729960500,1022,978
2027,Codeforces Round 982 (Div. 2),Fahad-21,10298,1729960500,568,662
2027,Codeforces Round 982 (Div. 2),Malik123,10298,1729960500,360,620
2027,Codeforces Round 982 (Div. 2),or3biii,10298,1729960500,779,798
2027,Codeforces Round 982 (Div. 2),Shoutyu,10298,1729960500,596,777
2027,Codeforces Round 982 (Div. 2),JheartR,10298,1729960500,924,903
2027,Codeforces Round 982 (Div. 2),Moxie_47,10298,1729960500,954,926
2027,Codeforces Round 982 (Div. 2),aisky,10298,1729960500,785,802
2027,Codeforces Round 982 (Div. 2),easin9753,10298,1729960500,917,964
2027,Codeforces Round 982 (Div. 2),md.noor.hassnain.01,10298,1729960500,990,953
2027,Codeforces Round 982 (Div. 2),thesis1729,10298,1729960500,957,928
2027,Codeforces Round 982 (Div. 2),Mauricio_Cruz,10298,1729960500,1012,970
2027,Codeforces Round 982 (Div. 2),abhaygarg354,10298,1729960500,1035,988
2027,Codeforces Round 982 (Div. 2),amitommiter,10298,1729960500,917,897
2027,Codeforces Round 982 (Div. 2),xiaotianjing,10298,1729960500,985,949
2027,Codeforces Round 982 (Div. 2),anshumashu2002,10298,1729960500,610,788
2027,Codeforces Round 982 (Div. 2),mike_tm9201,10298,1729960500,1004,964
2027,Codeforces Round 982 (Div. 2),Ace_Azimuth_Aviator,10298,1729960500,857,853
2027,Codeforces Round 982 (Div. 2),_obada_,10298,1729960500,0,391
2027,Codeforces Round 982 (Div. 2),Chris_zywang_,10298,1729960500,869,899
2027,Codeforces Round 982 (Div. 2),buffr0verf10w,10298,1729960500,1041,993
2027,Codeforces Round 982 (Div. 2),code07bharadwaj_aman,10298,1729960500,772,793
2027,Codeforces Round 982 (Div. 2),pardonme,10298,1729960500,1067,1014
2027,Codeforces Round 982 (Div. 2),sarthak_613,10298,1729960500,907,890
2027,Codeforces Round 982 (Div. 2),swarupmane003,10298,1729960500,768,790
2027,Codeforces Round 982 (Div. 2),tertospacko,10411,1729960500,770,789
2027,Codeforces Round 982 (Div. 2),Aishwarya_shukl057,10411,1729960500,951,921
2027,Codeforces Round 982 (Div. 2),lancerop,10411,1729960500,902,884
2027,Codeforces Round 982 (Div. 2),jfa_25,10411,1729960500,390,644
2027,Codeforces Round 982 (Div. 2),Alex_Code01,10411,1729960500,1013,969
2027,Codeforces Round 982 (Div. 2),CanadianFisherman,10411,1729960500,807,815
2027,Codeforces Round 982 (Div. 2),das,10411,1729960500,987,949
2027,Codeforces Round 982 (Div. 2),k.shakthi,10411,1729960500,592,673
2027,Codeforces Round 982 (Div. 2),coderpatel,10411,1729960500,994,954
2027,Codeforces Round 982 (Div. 2),tHe_bAbA_yEgA,10411,1729960500,754,778
2027,Codeforces Round 982 (Div. 2),SauravMohanty,10411,1729960500,768,787
2027,Codeforces Round 982 (Div. 2),vvps69,10411,1729960500,1054,1001
2027,Codeforces Round 982 (Div. 2),i_am_apj,10411,1729960500,1300,1202
2027,Codeforces Round 982 (Div. 2),Mr_X_68959,10411,1729960500,1146,1075
2027,Codeforces Round 982 (Div. 2),subha_deep,10411,1729960500,372,629
2027,Codeforces Round 982 (Div. 2),shelby-984,10411,1729960500,890,940
2027,Codeforces Round 982 (Div. 2),Horse_man,10411,1729960500,1133,1106
2027,Codeforces Round 982 (Div. 2),shubham1307kumar,10411,1729960500,878,866
2027,Codeforces Round 982 (Div. 2),maruf004,10411,1729960500,754,778
2027,Codeforces Round 982 (Div. 2),revanth_2_0_0_4,10411,1729960500,1217,1207
2027,Codeforces Round 982 (Div. 2),anushka,10411,1729960500,929,904
2027,Codeforces Round 982 (Div. 2),mahmudul99,10411,1729960500,951,921
2027,Codeforces Round 982 (Div. 2),nksgbc12,10411,1729960500,392,645
2027,Codeforces Round 982 (Div. 2),gullu42,10411,1729960500,1000,959
2027,Codeforces Round 982 (Div. 2),surya_132,10411,1729960500,0,390
2027,Codeforces Round 982 (Div. 2),lucifer3.1415,10411,1729960500,802,890
2027,Codeforces Round 982 (Div. 2),Ricardo-M-Lu,10411,1729960500,1101,1079
2027,Codeforces Round 982 (Div. 2),itsme2331,10411,1729960500,955,992
2027,Codeforces Round 982 (Div. 2),OnionBee,10411,1729960500,880,867
2027,Codeforces Round 982 (Div. 2),silenciaciencia,10411,1729960500,759,855
2027,Codeforces Round 982 (Div. 2),Sandhra_26,10411,1729960500,592,772
2027,Codeforces Round 982 (Div. 2),dzanii,10411,1729960500,421,669
2027,Codeforces Round 982 (Div. 2),Saiparthiv,10411,1729960500,1019,973
2027,Codeforces Round 982 (Div. 2),revant.sinha,10411,1729960500,921,965
2027,Codeforces Round 982 (Div. 2),qianshiyo,10411,1729960500,428,675
2027,Codeforces Round 982 (Div. 2),arunimadeb050,10411,1729960500,900,948
2027,Codeforces Round 982 (Div. 2),Ch_Dwarakanath,10411,1729960500,735,765
2027,Codeforces Round 982 (Div. 2),-Bidhan-,10411,1729960500,1132,1064
2027,Codeforces Round 982 (Div. 2),hammoudehib,10411,1729960500,832,895
2027,Codeforces Round 982 (Div. 2),Abdullah1008,10411,1729960500,774,792
2027,Codeforces Round 982 (Div. 2),madapatibrungeshwar,10411,1729960500,1117,1052
2027,Codeforces Round 982 (Div. 2),Dzukil,10411,1729960500,946,956
2027,Codeforces Round 982 (Div. 2),RadheShyam,10411,1729960500,1121,1055
2027,Codeforces Round 982 (Div. 2),Shagor_Uzumaki,10411,1729960500,604,681
2027,Codeforces Round 982 (Div. 2),Xperior28,10411,1729960500,1161,1088
2027,Codeforces Round 982 (Div. 2),jjsdk,10411,1729960500,747,846
2027,Codeforces Round 982 (Div. 2),pagohia,10411,1729960500,0,390
2027,Codeforces Round 982 (Div. 2),AKJ_27,10411,1729960500,464,705
2027,Codeforces Round 982 (Div. 2),Aka_sh_,10411,1729960500,655,713
2027,Codeforces Round 982 (Div. 2),YEAGERIST20,10411,1729960500,736,766
2027,Codeforces Round 982 (Div. 2),prasad_42,10411,1729960500,373,630
2027,Codeforces Round 982 (Div. 2),mhthrdk,10411,1729960500,917,895
2027,Codeforces Round 982 (Div. 2),chaitanya_Gopagoni,10411,1729960500,750,848
2027,Codeforces Round 982 (Div. 2),Thinh_Joker,10411,1729960500,831,894
2027,Codeforces Round 982 (Div. 2),fahed_155,10411,1729960500,723,757
2027,Codeforces Round 982 (Div. 2),undefinedderivativE,10411,1729960500,884,870
2027,Codeforces Round 982 (Div. 2),ENG.Hussam.Issa.,10411,1729960500,825,827
2027,Codeforces Round 982 (Div. 2),antidote07,10411,1729960500,853,911
2027,Codeforces Round 982 (Div. 2),SakibSibly,10411,1729960500,985,947
2027,Codeforces Round 982 (Div. 2),saurabhm116,10411,1729960500,993,953
2027,Codeforces Round 982 (Div. 2),Mahmudunnabi_Fahim,10411,1729960500,1110,1046
2027,Codeforces Round 982 (Div. 2),Hitarth28,10411,1729960500,804,848
2027,Codeforces Round 982 (Div. 2),ThoughtNerd,10411,1729960500,1318,1217
2027,Codeforces Round 982 (Div. 2),Fpifs,10411,1729960500,819,823
2027,Codeforces Round 982 (Div. 2),the0lord,10411,1729960500,944,916
2027,Codeforces Round 982 (Div. 2),sl_hapy,10411,1729960500,993,953
2027,Codeforces Round 982 (Div. 2),aayushanand737,10411,1729960500,930,905
2027,Codeforces Round 982 (Div. 2),Kerwin07,10411,1729960500,843,840
2027,Codeforces Round 982 (Div. 2),himanshubhuker,10411,1729960500,846,906
2027,Codeforces Round 982 (Div. 2),h_singhal11,10411,1729960500,903,884
2027,Codeforces Round 982 (Div. 2),ash_code98,10411,1729960500,392,558
2027,Codeforces Round 982 (Div. 2),afsarrrr,10411,1729960500,848,844
2027,Codeforces Round 982 (Div. 2),yuvrajesolution,10411,1729960500,0,390
2027,Codeforces Round 982 (Div. 2),Ziad-taher8545,10411,1729960500,1118,1053
2027,Codeforces Round 982 (Div. 2),Saidam_Venkatesh,10411,1729960500,774,792
2027,Codeforces Round 982 (Div. 2),Ebnesamit,10411,1729960500,598,777
2027,Codeforces Round 982 (Div. 2),yvtian,10411,1729960500,662,829
2027,Codeforces Round 982 (Div. 2),akms_limon,10411,1729960500,1246,1157
2027,Codeforces Round 982 (Div. 2),Matin005,10411,1729960500,833,833
2027,Codeforces Round 982 (Div. 2),Panda_259,10411,1729960500,848,927
2027,Codeforces Round 982 (Div. 2),LiveLifeLiveToday,10411,1729960500,950,920
2027,Codeforces Round 982 (Div. 2),YOGESH609650,10411,1729960500,360,619
2027,Codeforces Round 982 (Div. 2),mnnit.prakharg,10411,1729960500,1322,1220
2027,Codeforces Round 982 (Div. 2),JayMishra,10411,1729960500,962,968
2027,Codeforces Round 982 (Div. 2),_Vimal,10411,1729960500,1124,1058
2027,Codeforces Round 982 (Div. 2),Sakib_Imtiaz,10411,1729960500,965,932
2027,Codeforces Round 982 (Div. 2),Naik18,10411,1729960500,847,843
2027,Codeforces Round 982 (Div. 2),_Looper_,10411,1729960500,994,954
2027,Codeforces Round 982 (Div. 2),kr_shivam_040,10411,1729960500,356,616
2027,Codeforces Round 982 (Div. 2),radwk21,10411,1729960500,399,651
2027,Codeforces Round 982 (Div. 2),ferrocene,10411,1729960500,957,994
2027,Codeforces Round 982 (Div. 2),gawd_sarda,10411,1729960500,1205,1124
2027,Codeforces Round 982 (Div. 2),ZrasQi,10411,1729960500,935,947
2027,Codeforces Round 982 (Div. 2),bhimanshu7274,10504,1729960500,936,908
2027,Codeforces Round 982 (Div. 2),k_wizard,10504,1729960500,501,616
2027,Codeforces Round 982 (Div. 2),__nullpointer,10504,1729960500,944,914
2027,Codeforces Round 982 (Div. 2),Pankaj.k1,10504,1729960500,390,643
2027,Codeforces Round 982 (Div. 2),harikrishnametharicf,10504,1729960500,414,662
2027,Codeforces Round 982 (Div. 2),NedalGaber,10504,1729960500,0,389
2027,Codeforces Round 982 (Div. 2),Suriya_2805,10504,1729960500,836,833
2027,Codeforces Round 982 (Div. 2),RohiT_6,10504,1729960500,1030,981
2027,Codeforces Round 982 (Div. 2),emailrishitkar,10504,1729960500,978,940
2027,Codeforces Round 982 (Div. 2),ale336_t,10504,1729960500,1118,1051
2027,Codeforces Round 982 (Div. 2),nothingIsReal,10504,1729960500,0,389
2027,Codeforces Round 982 (Div. 2),happyrebecca,10504,1729960500,905,884
2027,Codeforces Round 982 (Div. 2),AndrewDG,10504,1729960500,634,805
2027,Codeforces Round 982 (Div. 2),bhardwajdeepanshi982,10504,1729960500,742,840
2027,Codeforces Round 982 (Div. 2),meanup-,10504,1729960500,1322,1219
2027,Codeforces Round 982 (Div. 2),punith_42,10504,1729960500,996,954
2027,Codeforces Round 982 (Div. 2),cfgaoshou,10504,1729960500,860,915
2027,Codeforces Round 982 (Div. 2),toxic_1001,10504,1729960500,758,907
2027,Codeforces Round 982 (Div. 2),brijdeepgoyal2005,10504,1729960500,906,885
2027,Codeforces Round 982 (Div. 2),Toneshwar,10504,1729960500,926,900
2027,Codeforces Round 982 (Div. 2),Farzzii,10504,1729960500,714,748
2027,Codeforces Round 982 (Div. 2),zerocode11,10504,1729960500,856,932
2027,Codeforces Round 982 (Div. 2),VivekRole6110,10504,1729960500,585,765
2027,Codeforces Round 982 (Div. 2),utkarsh_agarwal,10504,1729960500,810,876
2027,Codeforces Round 982 (Div. 2),lailai0916,10504,1729960500,1508,1374
2027,Codeforces Round 982 (Div. 2),..booom...,10504,1729960500,411,660
2027,Codeforces Round 982 (Div. 2),MostafaO4o,10504,1729960500,944,914
2027,Codeforces Round 982 (Div. 2),Zihan13,10504,1729960500,910,888
2027,Codeforces Round 982 (Div. 2),lordamara,10504,1729960500,0,389
2027,Codeforces Round 982 (Div. 2),ahmednail,10504,1729960500,745,769
2027,Codeforces Round 982 (Div. 2),codingsoham,10504,1729960500,892,962
2027,Codeforces Round 982 (Div. 2),L9G9ND,10504,1729960500,380,634
2027,Codeforces Round 982 (Div. 2),musannaal,10504,1729960500,379,633
2027,Codeforces Round 982 (Div. 2),Exfdr,10504,1729960500,0,389
2027,Codeforces Round 982 (Div. 2),KA-terrarian,10504,1729960500,934,906
2027,Codeforces Round 982 (Div. 2),2004M.chitranshu791113,10504,1729960500,915,959
2027,Codeforces Round 982 (Div. 2),Salma_Amr,10504,1729960500,856,847
2027,Codeforces Round 982 (Div. 2),trap_sh4010,10504,1729960500,391,643
2027,Codeforces Round 982 (Div. 2),PokemonMaster,10504,1729960500,1197,1116
2027,Codeforces Round 982 (Div. 2),Uncle_Fed,10504,1729960500,760,855
2027,Codeforces Round 982 (Div. 2),vikky_singh,10504,1729960500,935,907
2027,Codeforces Round 982 (Div. 2),the_enchey,10504,1729960500,1190,1110
2027,Codeforces Round 982 (Div. 2),AB_TheCoder,10504,1729960500,771,787
2027,Codeforces Round 982 (Div. 2),xpaintall,10504,1729960500,382,636
2027,Codeforces Round 982 (Div. 2),sahilgpatil0007,10504,1729960500,993,952
2027,Codeforces Round 982 (Div. 2),Rebanta2k23,10504,1729960500,1061,1005
2027,Codeforces Round 982 (Div. 2),Sahilrm,10504,1729960500,629,801
2027,Codeforces Round 982 (Div. 2),Shaharier-31-,10504,1729960500,891,874
2027,Codeforces Round 982 (Div. 2),chirag_khati,10504,1729960500,956,923
2027,Codeforces Round 982 (Div. 2),israkkayum,10504,1729960500,927,901
2027,Codeforces Round 982 (Div. 2),Adarsh_singh,10504,1729960500,1100,1037
2027,Codeforces Round 982 (Div. 2),crossingchain123,10504,1729960500,0,389
2027,Codeforces Round 982 (Div. 2),xkcda,10504,1729960500,0,389
2027,Codeforces Round 982 (Div. 2),lusakanower,10504,1729960500,843,921
2027,Codeforces Round 982 (Div. 2),denis_usik,10504,1729960500,1066,1009
2027,Codeforces Round 982 (Div. 2),priyanshu.codejee123,10504,1729960500,620,794
2027,Codeforces Round 982 (Div. 2),mastersaksham12345,10504,1729960500,938,909
2027,Codeforces Round 982 (Div. 2),ankit469352,10504,1729960500,907,952
2027,Codeforces Round 982 (Div. 2),apoorva12,10504,1729960500,641,701
2027,Codeforces Round 982 (Div. 2),ajaykumarvns2004,10504,1729960500,806,873
2027,Codeforces Round 982 (Div. 2),vszabolcs,10504,1729960500,998,956
2027,Codeforces Round 982 (Div. 2),mizanurrahmanforsave,10504,1729960500,791,801
2027,Codeforces Round 982 (Div. 2),rajon_mbstu,10504,1729960500,800,807
2027,Codeforces Round 982 (Div. 2),array,10504,1729960500,1009,964
2027,Codeforces Round 982 (Div. 2),gagandeep.singh,10504,1729960500,1320,1217
2027,Codeforces Round 982 (Div. 2),Spacebar_,10504,1729960500,798,806
2027,Codeforces Round 982 (Div. 2),suryanshdixit,10504,1729960500,1006,962
2027,Codeforces Round 982 (Div. 2),aravind_905,10504,1729960500,725,756
2027,Codeforces Round 982 (Div. 2),vikas82gowda,10504,1729960500,770,786
2027,Codeforces Round 982 (Div. 2),tausif26,10504,1729960500,983,944
2027,Codeforces Round 982 (Div. 2),shogunexe,10504,1729960500,0,389
2027,Codeforces Round 982 (Div. 2),Tasnia_54,10504,1729960500,0,389
2027,Codeforces Round 982 (Div. 2),m_biplob,10504,1729960500,583,763
2027,Codeforces Round 982 (Div. 2),buhsan,10504,1729960500,806,873
2027,Codeforces Round 982 (Div. 2),deccanValley_23,10504,1729960500,819,821
2027,Codeforces Round 982 (Div. 2),SorestForest,10504,1729960500,628,800
2027,Codeforces Round 982 (Div. 2),I_am_waqib_,10504,1729960500,1045,993
2027,Codeforces Round 982 (Div. 2),kokushibu,10504,1729960500,0,389
2027,Codeforces Round 982 (Div. 2),SadThuFF,10504,1729960500,1062,1006
2027,Codeforces Round 982 (Div. 2),AlgoRubik,10504,1729960500,1088,1027
2027,Codeforces Round 982 (Div. 2),Raydzen,10504,1729960500,582,763
2027,Codeforces Round 982 (Div. 2),Mehadi__Hasan,10504,1729960500,1065,1009
2027,Codeforces Round 982 (Div. 2),thorfinnnn,10504,1729960500,1122,1054
2027,Codeforces Round 982 (Div. 2),Aansh_Mishra,10504,1729960500,398,649
2027,Codeforces Round 982 (Div. 2),_Maryam_,10504,1729960500,637,808
2027,Codeforces Round 982 (Div. 2),GuBeD,10504,1729960500,976,938
2027,Codeforces Round 982 (Div. 2),Hridoyy,10504,1729960500,863,853
2027,Codeforces Round 982 (Div. 2),bitcoder23,10504,1729960500,0,389
2027,Codeforces Round 982 (Div. 2),tanemuzzaman0084,10592,1729960500,607,677
2027,Codeforces Round 982 (Div. 2),anitayadav,10592,1729960500,557,646
2027,Codeforces Round 982 (Div. 2),naduto,10592,1729960500,1008,962
2027,Codeforces Round 982 (Div. 2),Ruuuumi,10592,1729960500,847,838
2027,Codeforces Round 982 (Div. 2),Puzzled_Toad,10592,1729960500,1372,1260
2027,Codeforces Round 982 (Div. 2),f20231166,10592,1729960500,0,388
2027,Codeforces Round 982 (Div. 2),jsonificator,10592,1729960500,777,922
2027,Codeforces Round 982 (Div. 2),AndreRimes,10592,1729960500,599,775
2027,Codeforces Round 982 (Div. 2),PioX,10592,1729960500,505,737
2027,Codeforces Round 982 (Div. 2),_NowOrNever_,10592,1729960500,1028,977
2027,Codeforces Round 982 (Div. 2),Sk_110_251178,10592,1729960500,0,388
2027,Codeforces Round 982 (Div. 2),Siddharth_2003,10592,1729960500,1018,970
2027,Codeforces Round 982 (Div. 2),anifyu,10592,1729960500,351,609
2027,Codeforces Round 982 (Div. 2),EliteSharma17,10592,1729960500,1116,1048
2027,Codeforces Round 982 (Div. 2),surjocse,10592,1729960500,790,798
2027,Codeforces Round 982 (Div. 2),OneIndexed,10592,1729960500,1164,1087
2027,Codeforces Round 982 (Div. 2),princekum48555,10592,1729960500,877,861
2027,Codeforces Round 982 (Div. 2),YellowSnowMan,10592,1729960500,1002,957
2027,Codeforces Round 982 (Div. 2),Har5h19,10592,1729960500,588,665
2027,Codeforces Round 982 (Div. 2),Aakarsh137,10592,1729960500,842,899
2027,Codeforces Round 982 (Div. 2),Charizard19,10592,1729960500,879,900
2027,Codeforces Round 982 (Div. 2),anurag1597sharma,10592,1729960500,968,930
2027,Codeforces Round 982 (Div. 2),sharma_aayush,10592,1729960500,957,991
2027,Codeforces Round 982 (Div. 2),Ethical_Mahit,10592,1729960500,1047,993
2027,Codeforces Round 982 (Div. 2),Woojt_,10592,1729960500,1007,961
2027,Codeforces Round 982 (Div. 2),hnust_liuzheng,10592,1729960500,1224,1136
2027,Codeforces Round 982 (Div. 2),rvmogre,10592,1729960500,1160,1084
2027,Codeforces Round 982 (Div. 2),nileshpro,10592,1729960500,412,660
2027,Codeforces Round 982 (Div. 2),PriyaAravelli,10592,1729960500,424,670
2027,Codeforces Round 982 (Div. 2),kunalgul,10592,1729960500,765,857
2027,Codeforces Round 982 (Div. 2),DanielKauss,10592,1729960500,1012,1005
2027,Codeforces Round 982 (Div. 2),Gdbyesunset,10592,1729960500,893,872
2027,Codeforces Round 982 (Div. 2),ReyadV2.0,10592,1729960500,740,763
2027,Codeforces Round 982 (Div. 2),javlonbekh2007,10592,1729960500,1027,977
2027,Codeforces Round 982 (Div. 2),perci0us,10592,1729960500,993,950
2027,Codeforces Round 982 (Div. 2),bp908899,10592,1729960500,1079,1018
2027,Codeforces Round 982 (Div. 2),pTaran17,10592,1729960500,1020,971
2027,Codeforces Round 982 (Div. 2),Kenil2910,10592,1729960500,367,622
2027,Codeforces Round 982 (Div. 2),redoyahmed35,10592,1729960500,848,839
2027,Codeforces Round 982 (Div. 2),DaRk_SoUL_33,10592,1729960500,787,857
2027,Codeforces Round 982 (Div. 2),shivangniranjan28,10592,1729960500,725,825
2027,Codeforces Round 982 (Div. 2),jagadish555,10592,1729960500,797,803
2027,Codeforces Round 982 (Div. 2),doitwithcod3,10592,1729960500,1319,1216
2027,Codeforces Round 982 (Div. 2),lord_of_the_flies,10592,1729960500,1002,957
2027,Codeforces Round 982 (Div. 2),sa7757199fi,10592,1729960500,728,827
2027,Codeforces Round 982 (Div. 2),harsh.verma28,10592,1729960500,1062,1045
2027,Codeforces Round 982 (Div. 2),Tariful_3.0,10592,1729960500,825,823
2027,Codeforces Round 982 (Div. 2),Rakib_18,10592,1729960500,1024,974
2027,Codeforces Round 982 (Div. 2),I_SavyaSachi,10592,1729960500,1074,1014
2027,Codeforces Round 982 (Div. 2),rahulsm820,10592,1729960500,956,921
2027,Codeforces Round 982 (Div. 2),Nisarg_Patel,10592,1729960500,802,806
2027,Codeforces Round 982 (Div. 2),dayz_break404,10592,1729960500,1048,1065
2027,Codeforces Round 982 (Div. 2),SilentBloom,10592,1729960500,0,388
2027,Codeforces Round 982 (Div. 2),MeetSavlani,10592,1729960500,377,631
2027,Codeforces Round 982 (Div. 2),muhammad_humayun,10592,1729960500,1115,1047
2027,Codeforces Round 982 (Div. 2),harshal08,10592,1729960500,916,891
2027,Codeforces Round 982 (Div. 2),F.H.Pantho,10592,1729960500,886,868
2027,Codeforces Round 982 (Div. 2),pranavilaxmi,10592,1729960500,805,889
2027,Codeforces Round 982 (Div. 2),anjishtanshu,10592,1729960500,401,651
2027,Codeforces Round 982 (Div. 2),arifin_fuad_kashfy,10592,1729960500,386,638
2027,Codeforces Round 982 (Div. 2),andrija15051505,10592,1729960500,1071,1012
2027,Codeforces Round 982 (Div. 2),Manjit_cdf1441,10592,1729960500,651,817
2027,Codeforces Round 982 (Div. 2),binh3004,10592,1729960500,910,886
2027,Codeforces Round 982 (Div. 2),aditya_s123,10592,1729960500,932,902
2027,Codeforces Round 982 (Div. 2),ppsarker,10592,1729960500,756,850
2027,Codeforces Round 982 (Div. 2),asterisk25_,10592,1729960500,972,934
2027,Codeforces Round 982 (Div. 2),ankitisop12,10592,1729960500,641,810
2027,Codeforces Round 982 (Div. 2),Typed_SIGTERM,10592,1729960500,1064,1006
2027,Codeforces Round 982 (Div. 2),ansgpt005,10592,1729960500,953,919
2027,Codeforces Round 982 (Div. 2),Anand_Mayank,10592,1729960500,937,975
2027,Codeforces Round 982 (Div. 2),YuvalBarvaliya,10592,1729960500,979,939
2027,Codeforces Round 982 (Div. 2),Bayan_3,10592,1729960500,777,788
2027,Codeforces Round 982 (Div. 2),shubham73,10592,1729960500,796,863
2027,Codeforces Round 982 (Div. 2),nirupnirup8,10592,1729960500,913,888
2027,Codeforces Round 982 (Div. 2),The-Phenom,10592,1729960500,949,915
2027,Codeforces Round 982 (Div. 2),tanvir_005,10592,1729960500,1294,1194
2027,Codeforces Round 982 (Div. 2),divyam7275,10592,1729960500,804,888
2027,Codeforces Round 982 (Div. 2),akira.rosa,10669,1729960500,726,824
2027,Codeforces Round 982 (Div. 2),SwajalGupta,10669,1729960500,961,923
2027,Codeforces Round 982 (Div. 2),Biswadev,10669,1729960500,963,924
2027,Codeforces Round 982 (Div. 2),gauravkumarchaurasiya,10669,1729960500,910,884
2027,Codeforces Round 982 (Div. 2),Atvaster,10669,1729960500,1134,1135
2027,Codeforces Round 982 (Div. 2),shanks333,10669,1729960500,1254,1160
2027,Codeforces Round 982 (Div. 2),Abdallah_Alqiran,10669,1729960500,1100,1033
2027,Codeforces Round 982 (Div. 2),shuchitachawla,10669,1729960500,936,972
2027,Codeforces Round 982 (Div. 2),Arghh,10669,1729960500,1008,960
2027,Codeforces Round 982 (Div. 2),Bushrasyeda,10669,1729960500,684,722
2027,Codeforces Round 982 (Div. 2),srohund,10669,1729960500,0,387
2027,Codeforces Round 982 (Div. 2),lone_dragon001,10669,1729960500,781,789
2027,Codeforces Round 982 (Div. 2),j.roziboyev,10669,1729960500,382,633
2027,Codeforces Round 982 (Div. 2),woshizhendenb,10669,1729960500,365,619
2027,Codeforces Round 982 (Div. 2),cxg11,10669,1729960500,1320,1215
2027,Codeforces Round 982 (Div. 2),minhlaga,10669,1729960500,845,872
2027,Codeforces Round 982 (Div. 2),ibluefox,10669,1729960500,1098,1031
2027,Codeforces Round 982 (Div. 2),random_05,10669,1729960500,0,387
2027,Codeforces Round 982 (Div. 2),riyandhiman14,10669,1729960500,1067,1007
2027,Codeforces Round 982 (Div. 2),Amit_Ji,10669,1729960500,856,843
2027,Codeforces Round 982 (Div. 2),mahi_pal,10669,1729960500,895,872
2027,Codeforces Round 982 (Div. 2),hs7875289,10669,1729960500,675,836
2027,Codeforces Round 982 (Div. 2),wubian231,10669,1729960500,795,860
2027,Codeforces Round 982 (Div. 2),Aditya_Prajesh101,10669,1729960500,1106,1038
2027,Codeforces Round 982 (Div. 2),itachi_uchiha_106,10669,1729960500,841,869
2027,Codeforces Round 982 (Div. 2),sierracharlie,10669,1729960500,1056,998
2027,Codeforces Round 982 (Div. 2),Dipanshu_,10669,1729960500,925,963
2027,Codeforces Round 982 (Div. 2),tomato61,10669,1729960500,1016,1006
2027,Codeforces Round 982 (Div. 2),Artemizer22890,10669,1729960500,1282,1183
2027,Codeforces Round 982 (Div. 2),Md_Washim_Akram,10669,1729960500,954,918
2027,Codeforces Round 982 (Div. 2),Zysa,10669,1729960500,1044,1060
2027,Codeforces Round 982 (Div. 2),RiteshRajDwivedi,10669,1729960500,0,387
2027,Codeforces Round 982 (Div. 2),ojaswi_25,10669,1729960500,367,621
2027,Codeforces Round 982 (Div. 2),EXPERT_096,10669,1729960500,0,387
2027,Codeforces Round 982 (Div. 2),zhongfangjie,10669,1729960500,1049,1089
2027,Codeforces Round 982 (Div. 2),vamsi_07,10669,1729960500,1083,1020
2027,Codeforces Round 982 (Div. 2),layth2,10669,1729960500,594,769
2027,Codeforces Round 982 (Div. 2),Anu_Jangid,10669,1729960500,750,767
2027,Codeforces Round 982 (Div. 2),P3rp3tu4l,10669,1729960500,824,903
2027,Codeforces Round 982 (Div. 2),A-Anastasya,10669,1729960500,642,809
2027,Codeforces Round 982 (Div. 2),shlokjain0177,10669,1729960500,1258,1163
2027,Codeforces Round 982 (Div. 2),bhavneet7,10669,1729960500,611,783
2027,Codeforces Round 982 (Div. 2),Terr0r,10669,1729960500,695,730
2027,Codeforces Round 982 (Div. 2),shivanshukmr,10669,1729960500,783,926
2027,Codeforces Round 982 (Div. 2),Sahriar_Ahmed,10669,1729960500,756,771
2027,Codeforces Round 982 (Div. 2),sujalnitk26,10669,1729960500,881,928
2027,Codeforces Round 982 (Div. 2),dream_job,10669,1729960500,693,728
2027,Codeforces Round 982 (Div. 2),Drunk_1,10669,1729960500,947,951
2027,Codeforces Round 982 (Div. 2),iftekhar,10669,1729960500,1144,1069
2027,Codeforces Round 982 (Div. 2),harshityadav28541,10669,1729960500,1079,1016
2027,Codeforces Round 982 (Div. 2),Gagansinghal,10669,1729960500,1027,975
2027,Codeforces Round 982 (Div. 2),blue_phoenixx,10669,1729960500,859,910
2027,Codeforces Round 982 (Div. 2),gupta55,10669,1729960500,703,859
2027,Codeforces Round 982 (Div. 2),Uttam_aggarwal,10669,1729960500,647,813
2027,Codeforces Round 982 (Div. 2),potato09627,10669,1729960500,818,815
2027,Codeforces Round 982 (Div. 2),gori_chamdi,10669,1729960500,1092,1027
2027,Codeforces Round 982 (Div. 2),DevanshB27,10669,1729960500,805,887
2027,Codeforces Round 982 (Div. 2),checker03,10669,1729960500,894,871
2027,Codeforces Round 982 (Div. 2),_sahil_2605,10669,1729960500,1039,984
2027,Codeforces Round 982 (Div. 2),arnavb,10669,1729960500,1155,1078
2027,Codeforces Round 982 (Div. 2),minhajul5090,10669,1729960500,878,859
2027,Codeforces Round 982 (Div. 2),akash_231020408,10669,1729960500,923,893
2027,Codeforces Round 982 (Div. 2),Raferior,10669,1729960500,795,798
2027,Codeforces Round 982 (Div. 2),kaitou1k41i2d,10669,1729960500,1231,1141
2027,Codeforces Round 982 (Div. 2),LittleMiracle,10669,1729960500,1008,960
2027,Codeforces Round 982 (Div. 2),setayesh.malakooti,10669,1729960500,643,696
2027,Codeforces Round 982 (Div. 2),sajidhassan268,10669,1729960500,992,947
2027,Codeforces Round 982 (Div. 2),swaradapb113,10669,1729960500,1094,1028
2027,Codeforces Round 982 (Div. 2),Deepak_7240,10669,1729960500,353,609
2027,Codeforces Round 982 (Div. 2),Jithesh_Reddy,10669,1729960500,1121,1050
2027,Codeforces Round 982 (Div. 2),Abhinav_2004,10669,1729960500,936,903
2027,Codeforces Round 982 (Div. 2),hnust_wzm,10669,1729960500,1022,1043
2027,Codeforces Round 982 (Div. 2),Lazy_interpreter,10669,1729960500,1174,1094
2027,Codeforces Round 982 (Div. 2),TenseLemon,10669,1729960500,825,884
2027,Codeforces Round 982 (Div. 2),lalitgupta0803,10669,1729960500,1310,1207
2027,Codeforces Round 982 (Div. 2),tuongsiucapvutru,10669,1729960500,584,761
2027,Codeforces Round 982 (Div. 2),paranoidAndroid123,10669,1729960500,837,914
2027,Codeforces Round 982 (Div. 2),dark111,10669,1729960500,1110,1082
2027,Codeforces Round 982 (Div. 2),GemyMoheb,10669,1729960500,788,793
2027,Codeforces Round 982 (Div. 2),shah99,10669,1729960500,778,822
2027,Codeforces Round 982 (Div. 2),Bet_2k20,10669,1729960500,908,882
2027,Codeforces Round 982 (Div. 2),ZORRO1,10669,1729960500,1165,1087
2027,Codeforces Round 982 (Div. 2),maxsilver,10669,1729960500,736,758
2027,Codeforces Round 982 (Div. 2),VaiibhavGoyal,10669,1729960500,1615,1461
2027,Codeforces Round 982 (Div. 2),priyan17singh,10669,1729960500,943,948
2027,Codeforces Round 982 (Div. 2),TriumphX4,10669,1729960500,915,887
2027,Codeforces Round 982 (Div. 2),vigza,10669,1729960500,1497,1362
2027,Codeforces Round 982 (Div. 2),neelprajapati12,10669,1729960500,364,618
2027,Codeforces Round 982 (Div. 2),Mr_Slut3a,10669,1729960500,572,752
2027,Codeforces Round 982 (Div. 2),X_kengdada,10669,1729960500,1252,1158
2027,Codeforces Round 982 (Div. 2),barupal_8670,10669,1729960500,669,713
2027,Codeforces Round 982 (Div. 2),BinaryWu,10669,1729960500,0,387
2027,Codeforces Round 982 (Div. 2),voidspectur,10669,1729960500,385,636
2027,Codeforces Round 982 (Div. 2),soul_of_darkness,10669,1729960500,788,874
2027,Codeforces Round 982 (Div. 2),Sathi13,10669,1729960500,798,801
2027,Codeforces Round 982 (Div. 2),Isha_7,10669,1729960500,729,826
2027,Codeforces Round 982 (Div. 2),sandeep17k1,10669,1729960500,0,387
2027,Codeforces Round 982 (Div. 2),cardborad,10669,1729960500,355,611
2027,Codeforces Round 982 (Div. 2),phancuong2305,10669,1729960500,912,885
2027,Codeforces Round 982 (Div. 2),fatema1010,10669,1729960500,727,751
2027,Codeforces Round 982 (Div. 2),Abu_AlQasim,10769,1729960500,1042,985
2027,Codeforces Round 982 (Div. 2),irfaninfinity007,10769,1729960500,1012,961
2027,Codeforces Round 982 (Div. 2),Md_Rahul_Ahmed,10769,1729960500,825,818
2027,Codeforces Round 982 (Div. 2),Feixv,10769,1729960500,1077,1013
2027,Codeforces Round 982 (Div. 2),AGlitch,10769,1729960500,603,775
2027,Codeforces Round 982 (Div. 2),__HG,10769,1729960500,1423,1300
2027,Codeforces Round 982 (Div. 2),skb123,10769,1729960500,1062,1001
2027,Codeforces Round 982 (Div. 2),saha_diptajit,10769,1729960500,0,386
2027,Codeforces Round 982 (Div. 2),Imafrid,10769,1729960500,594,662
2027,Codeforces Round 982 (Div. 2),rohilkadam36,10769,1729960500,1121,1049
2027,Codeforces Round 982 (Div. 2),__Shubh12_,10769,1729960500,781,786
2027,Codeforces Round 982 (Div. 2),suibianl,10769,1729960500,1001,953
2027,Codeforces Round 982 (Div. 2),damonftiger,10769,1729960500,986,941
2027,Codeforces Round 982 (Div. 2),Jenish1808,10769,1729960500,746,838
2027,Codeforces Round 982 (Div. 2),hhello,10769,1729960500,371,623
2027,Codeforces Round 982 (Div. 2),Junaid_123,10769,1729960500,1085,1020
2027,Codeforces Round 982 (Div. 2),alexljw,10769,1729960500,367,620
2027,Codeforces Round 982 (Div. 2),knightcoder2743,10769,1729960500,976,1027
2027,Codeforces Round 982 (Div. 2),NaRsU_98,10769,1729960500,922,891
2027,Codeforces Round 982 (Div. 2),Retereum,10769,1729960500,1007,957
2027,Codeforces Round 982 (Div. 2),fatema_234,10769,1729960500,829,821
2027,Codeforces Round 982 (Div. 2),AAZ102,10769,1729960500,802,801
2027,Codeforces Round 982 (Div. 2),ishmeet04,10769,1729960500,914,885
2027,Codeforces Round 982 (Div. 2),techie1149,10769,1729960500,433,675
2027,Codeforces Round 982 (Div. 2),coder2k24,10769,1729960500,0,386
2027,Codeforces Round 982 (Div. 2),yash.gupta.ug23,10769,1729960500,813,846
2027,Codeforces Round 982 (Div. 2),Asifussain,10769,1729960500,423,667
2027,Codeforces Round 982 (Div. 2),alSNOW,10769,1729960500,910,881
2027,Codeforces Round 982 (Div. 2),keshob016,10769,1729960500,782,787
2027,Codeforces Round 982 (Div. 2),Say____My____Name,10769,1729960500,560,642
2027,Codeforces Round 982 (Div. 2),HamzaJM,10769,1729960500,1000,952
2027,Codeforces Round 982 (Div. 2),Hari_45,10769,1729960500,876,856
2027,Codeforces Round 982 (Div. 2),zhangyushao_Q,10769,1729960500,486,719
2027,Codeforces Round 982 (Div. 2),NiieR,10769,1729960500,633,800
2027,Codeforces Round 982 (Div. 2),_slytherin7,10769,1729960500,1026,972
2027,Codeforces Round 982 (Div. 2),beanomahto,10769,1729960500,1101,1033
2027,Codeforces Round 982 (Div. 2),MARSHALMATHERS,10769,1729960500,1116,1045
2027,Codeforces Round 982 (Div. 2),failing_memory,10769,1729960500,1069,1048
2027,Codeforces Round 982 (Div. 2),lokas,10769,1729960500,712,739
2027,Codeforces Round 982 (Div. 2),Hitesh_practices,10769,1729960500,1271,1173
2027,Codeforces Round 982 (Div. 2),harsh_kumar_arya,10769,1729960500,1004,995
2027,Codeforces Round 982 (Div. 2),ENGINEER_X,10769,1729960500,738,756
2027,Codeforces Round 982 (Div. 2),2021331007,10769,1729960500,878,857
2027,Codeforces Round 982 (Div. 2),R_E_S_A,10769,1729960500,608,780
2027,Codeforces Round 982 (Div. 2),hACkeR__999,10769,1729960500,702,732
2027,Codeforces Round 982 (Div. 2),chintaviraj09,10769,1729960500,407,654
2027,Codeforces Round 982 (Div. 2),sanjayreddy_19,10769,1729960500,0,386
2027,Codeforces Round 982 (Div. 2),pawan..,10769,1729960500,841,916
2027,Codeforces Round 982 (Div. 2),Ostentatious,10769,1729960500,1083,1018
2027,Codeforces Round 982 (Div. 2),saifulislam14,10769,1729960500,1364,1251
2027,Codeforces Round 982 (Div. 2),Abhi_the_champ,10769,1729960500,994,947
2027,Codeforces Round 982 (Div. 2),arnauc,10769,1729960500,1181,1140
2027,Codeforces Round 982 (Div. 2),tah23seen,10769,1729960500,921,890
2027,Codeforces Round 982 (Div. 2),abhi2509,10769,1729960500,967,926
2027,Codeforces Round 982 (Div. 2),princedev,10769,1729960500,861,844
2027,Codeforces Round 982 (Div. 2),Saurabh1628,10769,1729960500,1024,971
2027,Codeforces Round 982 (Div. 2),Me_1200,10769,1729960500,770,858
2027,Codeforces Round 982 (Div. 2),Cthunder,10769,1729960500,866,886
2027,Codeforces Round 982 (Div. 2),22r11a05r1,10769,1729960500,714,813
2027,Codeforces Round 982 (Div. 2),lix_17,10769,1729960500,646,811
2027,Codeforces Round 982 (Div. 2),tanmay_amritkar,10769,1729960500,1016,1036
2027,Codeforces Round 982 (Div. 2),srujan_singh,10769,1729960500,909,881
2027,Codeforces Round 982 (Div. 2),Abdullah_Johar,10769,1729960500,1001,953
2027,Codeforces Round 982 (Div. 2),Crazy_Hunter09,10769,1729960500,837,827
2027,Codeforces Round 982 (Div. 2),admiralbr,10769,1729960500,0,386
2027,Codeforces Round 982 (Div. 2),Rembrandt_69,10769,1729960500,746,838
2027,Codeforces Round 982 (Div. 2),Adamya1304,10769,1729960500,832,888
2027,Codeforces Round 982 (Div. 2),msh_123,10769,1729960500,676,715
2027,Codeforces Round 982 (Div. 2),mithila_nowshad,10769,1729960500,867,849
2027,Codeforces Round 982 (Div. 2),daksh_m,10769,1729960500,380,630
2027,Codeforces Round 982 (Div. 2),156926489,10839,1729960500,0,385
2027,Codeforces Round 982 (Div. 2),ronaldomessicombined,10839,1729960500,0,385
2027,Codeforces Round 982 (Div. 2),VolleyAli,10839,1729960500,722,818
2027,Codeforces Round 982 (Div. 2),adnan300,10839,1729960500,788,851
2027,Codeforces Round 982 (Div. 2),KUSHAGRA2606,10839,1729960500,863,910
2027,Codeforces Round 982 (Div. 2),EgoresGO,10839,1729960500,620,788
2027,Codeforces Round 982 (Div. 2),yeh_handle_buffer,10839,1729960500,914,883
2027,Codeforces Round 982 (Div. 2),sai_kiran_n,10839,1729960500,633,685
2027,Codeforces Round 982 (Div. 2),pratik_2024,10839,1729960500,871,917
2027,Codeforces Round 982 (Div. 2),abdelrahmanelsafty74,10839,1729960500,975,931
2027,Codeforces Round 982 (Div. 2),thunder_8271,10839,1729960500,721,743
2027,Codeforces Round 982 (Div. 2),shanto_gyn_017,10839,1729960500,799,797
2027,Codeforces Round 982 (Div. 2),Tudor_C,10839,1729960500,0,385
2027,Codeforces Round 982 (Div. 2),abhishek_bisht,10839,1729960500,608,669
2027,Codeforces Round 982 (Div. 2),i_krln,10839,1729960500,1008,957
2027,Codeforces Round 982 (Div. 2),Samiabd,10839,1729960500,699,728
2027,Codeforces Round 982 (Div. 2),dinesh_19,10839,1729960500,365,617
2027,Codeforces Round 982 (Div. 2),gunjyo,10839,1729960500,1111,1040
2027,Codeforces Round 982 (Div. 2),iamsiamhossen,10839,1729960500,952,913
2027,Codeforces Round 982 (Div. 2),aryann2403,10839,1729960500,904,876
2027,Codeforces Round 982 (Div. 2),harshsenshu17,10839,1729960500,970,926
2027,Codeforces Round 982 (Div. 2),Arshia_Izadi,10839,1729960500,991,944
2027,Codeforces Round 982 (Div. 2),haruxne,10839,1729960500,990,942
2027,Codeforces Round 982 (Div. 2),ayu_264,10839,1729960500,875,854
2027,Codeforces Round 982 (Div. 2),dhruthi31,10839,1729960500,1192,1148
2027,Codeforces Round 982 (Div. 2),kausar0.5,10839,1729960500,850,835
2027,Codeforces Round 982 (Div. 2),crackedjb,10839,1729960500,1187,1103
2027,Codeforces Round 982 (Div. 2),Pulokkumar,10839,1729960500,993,945
2027,Codeforces Round 982 (Div. 2),Aryaman__001,10839,1729960500,636,802
2027,Codeforces Round 982 (Div. 2),noobguyme,10839,1729960500,1211,1122
2027,Codeforces Round 982 (Div. 2),LegendaryGrandKakashi,10839,1729960500,798,879
2027,Codeforces Round 982 (Div. 2),_rajromil_,10839,1729960500,365,617
2027,Codeforces Round 982 (Div. 2),yash2007panchal,10839,1729960500,832,907
2027,Codeforces Round 982 (Div. 2),Absar38aa,10839,1729960500,890,865
2027,Codeforces Round 982 (Div. 2),Arya_04,10839,1729960500,1058,997
2027,Codeforces Round 982 (Div. 2),Binary-Brigade,10839,1729960500,1125,1051
2027,Codeforces Round 982 (Div. 2),deveshksh,10839,1729960500,1098,1029
2027,Codeforces Round 982 (Div. 2),Divyanshu_05,10839,1729960500,856,839
2027,Codeforces Round 982 (Div. 2),lambda.fr,10839,1729960500,976,971
2027,Codeforces Round 982 (Div. 2),sleeeep,10839,1729960500,1195,1109
2027,Codeforces Round 982 (Div. 2),singh_aman8409,10839,1729960500,0,385
2027,Codeforces Round 982 (Div. 2),Nehul_Nikude,10839,1729960500,882,859
2027,Codeforces Round 982 (Div. 2),letfork,10839,1729960500,644,808
2027,Codeforces Round 982 (Div. 2),VishnuTejaJ,10839,1729960500,388,637
2027,Codeforces Round 982 (Div. 2),romerproblem,10839,1729960500,1039,982
2027,Codeforces Round 982 (Div. 2),iitianankit,10839,1729960500,852,836
2027,Codeforces Round 982 (Div. 2),nb-2200032645,10839,1729960500,897,961
2027,Codeforces Round 982 (Div. 2),Lakshay122006,10839,1729960500,731,825
2027,Codeforces Round 982 (Div. 2),islam.fataharul,10839,1729960500,373,624
2027,Codeforces Round 982 (Div. 2),Sharun_Tawsif,10839,1729960500,804,801
2027,Codeforces Round 982 (Div. 2),Yashwanth9966,10839,1729960500,1031,975
2027,Codeforces Round 982 (Div. 2),prathmbamne2002,10839,1729960500,894,868
2027,Codeforces Round 982 (Div. 2),Duk168,10839,1729960500,971,928
2027,Codeforces Round 982 (Div. 2),rajeevrebel_34,10839,1729960500,1087,1020
2027,Codeforces Round 982 (Div. 2),Shreya__191,10839,1729960500,870,849
2027,Codeforces Round 982 (Div. 2),purvishpanchal1452,10839,1729960500,610,780
2027,Codeforces Round 982 (Div. 2),ornaldo7,10839,1729960500,1122,1049
2027,Codeforces Round 982 (Div. 2),Kuvo,10839,1729960500,608,779
2027,Codeforces Round 982 (Div. 2),rj.anguiano.23,10839,1729960500,0,385
2027,Codeforces Round 982 (Div. 2),Ioniser,10839,1729960500,815,873
2027,Codeforces Round 982 (Div. 2),Surajshivam919810,10839,1729960500,0,385
2027,Codeforces Round 982 (Div. 2),Salwa_Baki,10839,1729960500,823,814
2027,Codeforces Round 982 (Div. 2),rayyan_78_cfs,10839,1729960500,957,917
2027,Codeforces Round 982 (Div. 2),broski2002,10902,1729960500,933,896
2027,Codeforces Round 982 (Div. 2),-KARIM-,10902,1729960500,0,384
2027,Codeforces Round 982 (Div. 2),Fuad_Hasan43,10902,1729960500,848,831
2027,Codeforces Round 982 (Div. 2),sharmaji_78,10902,1729960500,980,933
2027,Codeforces Round 982 (Div. 2),dbywsc,10902,1729960500,1074,1008
2027,Codeforces Round 982 (Div. 2),jmnb,10902,1729960500,350,604
2027,Codeforces Round 982 (Div. 2),drogon46,10902,1729960500,0,384
2027,Codeforces Round 982 (Div. 2),raghav093758,10902,1729960500,925,890
2027,Codeforces Round 982 (Div. 2),aYUSH_UP,10902,1729960500,993,943
2027,Codeforces Round 982 (Div. 2),DrSmart,10902,1729960500,849,898
2027,Codeforces Round 982 (Div. 2),trojan12_34,10902,1729960500,399,645
2027,Codeforces Round 982 (Div. 2),ruthvik888,10902,1729960500,945,906
2027,Codeforces Round 982 (Div. 2),Anish_J,10902,1729960500,785,785
2027,Codeforces Round 982 (Div. 2),spidey777,10902,1729960500,818,874
2027,Codeforces Round 982 (Div. 2),anurag__19,10902,1729960500,781,782
2027,Codeforces Round 982 (Div. 2),ur1,10902,1729960500,1000,1046
2027,Codeforces Round 982 (Div. 2),VaibhavBansal473,10902,1729960500,914,882
2027,Codeforces Round 982 (Div. 2),raz_00,10902,1729960500,829,817
2027,Codeforces Round 982 (Div. 2),pradeepsingh30,10902,1729960500,845,829
2027,Codeforces Round 982 (Div. 2),EternoSeeker,10902,1729960500,956,954
2027,Codeforces Round 982 (Div. 2),nex4ll,10902,1729960500,797,794
2027,Codeforces Round 982 (Div. 2),piyushkailas77,10902,1729960500,985,937
2027,Codeforces Round 982 (Div. 2),likhitha_challa,10902,1729960500,905,875
2027,Codeforces Round 982 (Div. 2),manish58bit,10902,1729960500,830,904
2027,Codeforces Round 982 (Div. 2),Conan1302,10902,1729960500,1253,1156
2027,Codeforces Round 982 (Div. 2),pdubey1924,10902,1729960500,783,784
2027,Codeforces Round 982 (Div. 2),GHHJDLLLLSS,10902,1729960500,399,645
2027,Codeforces Round 982 (Div. 2),ralfahmi342,10902,1729960500,0,384
2027,Codeforces Round 982 (Div. 2),tidymouse,10902,1729960500,1037,979
2027,Codeforces Round 982 (Div. 2),Rushikesh_Iche,10902,1729960500,745,757
2027,Codeforces Round 982 (Div. 2),Amartyaya,10902,1729960500,854,924
2027,Codeforces Round 982 (Div. 2),Pramodshetty_13,10902,1729960500,853,835
2027,Codeforces Round 982 (Div. 2),Fahim_Gazi,10902,1729960500,637,685
2027,Codeforces Round 982 (Div. 2),Tah1rTheT1ger,10902,1729960500,0,384
2027,Codeforces Round 982 (Div. 2),jackson_cao,10902,1729960500,363,615
2027,Codeforces Round 982 (Div. 2),hacker1909,10902,1729960500,745,835
2027,Codeforces Round 982 (Div. 2),LEYWIN02,10902,1729960500,882,857
2027,Codeforces Round 982 (Div. 2),codeAxe7839,10902,1729960500,366,618
2027,Codeforces Round 982 (Div. 2),bogurar.doiii,10902,1729960500,0,384
2027,Codeforces Round 982 (Div. 2),krispykuki9,10902,1729960500,739,830
2027,Codeforces Round 982 (Div. 2),ruwaife1,10902,1729960500,991,942
2027,Codeforces Round 982 (Div. 2),greeshraj,10902,1729960500,1105,1034
2027,Codeforces Round 982 (Div. 2),GodZilla_r34,10902,1729960500,796,793
2027,Codeforces Round 982 (Div. 2),staque,10902,1729960500,991,942
2027,Codeforces Round 982 (Div. 2),abdulrasheed4121,10902,1729960500,1033,975
2027,Codeforces Round 982 (Div. 2),BlazeSword7,10902,1729960500,1001,950
2027,Codeforces Round 982 (Div. 2),VMMM,10902,1729960500,879,945
2027,Codeforces Round 982 (Div. 2),SHADOWOFERROR,10902,1729960500,983,935
2027,Codeforces Round 982 (Div. 2),josefwefer,10902,1729960500,0,384
2027,Codeforces Round 982 (Div. 2),Israfil_khan,10902,1729960500,903,873
2027,Codeforces Round 982 (Div. 2),rutvikbangar37,10902,1729960500,830,904
2027,Codeforces Round 982 (Div. 2),_Eraby_E,10902,1729960500,406,651
2027,Codeforces Round 982 (Div. 2),h2m,10902,1729960500,364,616
2027,Codeforces Round 982 (Div. 2),yunusmd_arfat,10902,1729960500,809,803
2027,Codeforces Round 982 (Div. 2),NavnitM1611,10902,1729960500,893,865
2027,Codeforces Round 982 (Div. 2),liguangcai,10902,1729960500,956,914
2027,Codeforces Round 982 (Div. 2),Muhammmadjafar,10902,1729960500,415,658
2027,Codeforces Round 982 (Div. 2),daidai0000,10902,1729960500,607,777
2027,Codeforces Round 982 (Div. 2),trungnhan3003,10902,1729960500,0,384
2027,Codeforces Round 982 (Div. 2),Zzr4,10902,1729960500,836,823
2027,Codeforces Round 982 (Div. 2),hackerman15,10902,1729960500,1061,998
2027,Codeforces Round 982 (Div. 2),Mohamed_Ali_AboElHareth,10902,1729960500,874,851
2027,Codeforces Round 982 (Div. 2),brain_dead_47,10902,1729960500,1083,1016
2027,Codeforces Round 982 (Div. 2),herebczoffomo,10902,1729960500,395,642
2027,Codeforces Round 982 (Div. 2),IDAdream,10902,1729960500,0,384
2027,Codeforces Round 982 (Div. 2),parabola31,10902,1729960500,831,819
2027,Codeforces Round 982 (Div. 2),algoactuator,10902,1729960500,740,754
2027,Codeforces Round 982 (Div. 2),ka_li,10902,1729960500,1002,950
2027,Codeforces Round 982 (Div. 2),wwwacwww,10902,1729960500,618,786
2027,Codeforces Round 982 (Div. 2),manojK07,10902,1729960500,818,809
2027,Codeforces Round 982 (Div. 2),Ashok_Mishra,10902,1729960500,914,882
2027,Codeforces Round 982 (Div. 2),369saur,10902,1729960500,967,923
2027,Codeforces Round 982 (Div. 2),BaJran,10974,1729960500,951,909
2027,Codeforces Round 982 (Div. 2),KickShade,10974,1729960500,652,813
2027,Codeforces Round 982 (Div. 2),Ashika_16,10974,1729960500,649,811
2027,Codeforces Round 982 (Div. 2),salmanswe,10974,1729960500,701,725
2027,Codeforces Round 982 (Div. 2),devtrung,10974,1729960500,365,616
2027,Codeforces Round 982 (Div. 2),SGrade,10974,1729960500,1092,1022
2027,Codeforces Round 982 (Div. 2),smali,10974,1729960500,749,758
2027,Codeforces Round 982 (Div. 2),qazplm123,10974,1729960500,452,689
2027,Codeforces Round 982 (Div. 2),hermitology,10974,1729960500,1033,975
2027,Codeforces Round 982 (Div. 2),Abu-Sayed-Shommo,10974,1729960500,686,715
2027,Codeforces Round 982 (Div. 2),guniverse,10974,1729960500,738,750
2027,Codeforces Round 982 (Div. 2),WhosN5,10974,1729960500,359,611
2027,Codeforces Round 982 (Div. 2),Rayanry9,10974,1729960500,850,920
2027,Codeforces Round 982 (Div. 2),Amithhh,10974,1729960500,766,770
2027,Codeforces Round 982 (Div. 2),meke_mw,10974,1729960500,404,648
2027,Codeforces Round 982 (Div. 2),zeroafterzero,10974,1729960500,906,874
2027,Codeforces Round 982 (Div. 2),NobitaNoobie_,10974,1729960500,621,787
2027,Codeforces Round 982 (Div. 2),VitoTheBuilder,10974,1729960500,834,819
2027,Codeforces Round 982 (Div. 2),Lkaetsu,10974,1729960500,577,751
2027,Codeforces Round 982 (Div. 2),mdbd644,10974,1729960500,804,797
2027,Codeforces Round 982 (Div. 2),UG_BEAST,10974,1729960500,0,384
2027,Codeforces Round 982 (Div. 2),saagarm493,10974,1729960500,1196,1108
2027,Codeforces Round 982 (Div. 2),Forhad_Hasan,10974,1729960500,693,720
2027,Codeforces Round 982 (Div. 2),Manaswin,10974,1729960500,712,807
2027,Codeforces Round 982 (Div. 2),ilikeeggs,10974,1729960500,964,959
2027,Codeforces Round 982 (Div. 2),Terminator-7,10974,1729960500,697,722
2027,Codeforces Round 982 (Div. 2),Romeo.0904,10974,1729960500,898,868
2027,Codeforces Round 982 (Div. 2),GameOfCode05,10974,1729960500,647,809
2027,Codeforces Round 982 (Div. 2),harshchaubey_23,10974,1729960500,936,937
2027,Codeforces Round 982 (Div. 2),PrAvi31,10974,1729960500,1005,952
2027,Codeforces Round 982 (Div. 2),suraj719,10974,1729960500,884,857
2027,Codeforces Round 982 (Div. 2),lost_000,10974,1729960500,423,664
2027,Codeforces Round 982 (Div. 2),naman_katiyar12,10974,1729960500,820,809
2027,Codeforces Round 982 (Div. 2),Surajit25,10974,1729960500,776,840
2027,Codeforces Round 982 (Div. 2),aditi_0372004,10974,1729960500,0,384
2027,Codeforces Round 982 (Div. 2),arshad012,10974,1729960500,928,930
2027,Codeforces Round 982 (Div. 2),anshul_a_1,10974,1729960500,1236,1141
2027,Codeforces Round 982 (Div. 2),nitisha01,10974,1729960500,905,873
2027,Codeforces Round 982 (Div. 2),Oct8Hacker,10974,1729960500,385,632
2027,Codeforces Round 982 (Div. 2),Omnia-13,10974,1729960500,833,819
2027,Codeforces Round 982 (Div. 2),sanathanaaa,10974,1729960500,889,861
2027,Codeforces Round 982 (Div. 2),athiljeevarms,10974,1729960500,841,863
2027,Codeforces Round 982 (Div. 2),ghanigarg03,10974,1729960500,990,940
2027,Codeforces Round 982 (Div. 2),abhi352,10974,1729960500,903,911
2027,Codeforces Round 982 (Div. 2),Kanya,10974,1729960500,1026,1041
2027,Codeforces Round 982 (Div. 2),SudhanshuSM,10974,1729960500,0,384
2027,Codeforces Round 982 (Div. 2),vikas_4444,10974,1729960500,915,881
2027,Codeforces Round 982 (Div. 2),22r01a05g5,10974,1729960500,909,945
2027,Codeforces Round 982 (Div. 2),punisher044,10974,1729960500,669,828
2027,Codeforces Round 982 (Div. 2),dumb_coder26,10974,1729960500,0,384
2027,Codeforces Round 982 (Div. 2),VERYCOOL_BOY,10974,1729960500,1155,1074
2027,Codeforces Round 982 (Div. 2),tanzim86,10974,1729960500,815,805
2027,Codeforces Round 982 (Div. 2),prasoona595,11026,1729960500,0,383
2027,Codeforces Round 982 (Div. 2),adityakrsingh2604,11026,1729960500,924,956
2027,Codeforces Round 982 (Div. 2),Priyanshu_07_,11026,1729960500,815,803
2027,Codeforces Round 982 (Div. 2),Diissarraayy,11026,1729960500,824,810
2027,Codeforces Round 982 (Div. 2),coderncm,11026,1729960500,670,827
2027,Codeforces Round 982 (Div. 2),Yeaish_Turj,11026,1729960500,1276,1174
2027,Codeforces Round 982 (Div. 2),miss_take,11026,1729960500,799,792
2027,Codeforces Round 982 (Div. 2),Himanshu.K,11026,1729960500,0,383
2027,Codeforces Round 982 (Div. 2),madhav04,11026,1729960500,1015,959
2027,Codeforces Round 982 (Div. 2),shivam_raj,11026,1729960500,852,831
2027,Codeforces Round 982 (Div. 2),Octopus9417,11026,1729960500,724,816
2027,Codeforces Round 982 (Div. 2),Aurora110,11026,1729960500,853,870
2027,Codeforces Round 982 (Div. 2),Mohammad_Almstafa,11026,1729960500,1071,1004
2027,Codeforces Round 982 (Div. 2),Sara87,11026,1729960500,0,383
2027,Codeforces Round 982 (Div. 2),CoderAshika16,11026,1729960500,858,836
2027,Codeforces Round 982 (Div. 2),arafat7r5,11026,1729960500,1150,1069
2027,Codeforces Round 982 (Div. 2),wait_nothing,11026,1729960500,1133,1055
2027,Codeforces Round 982 (Div. 2),Anonymous1.0,11026,1729960500,887,950
2027,Codeforces Round 982 (Div. 2),Running_,11026,1729960500,664,699
2027,Codeforces Round 982 (Div. 2),sarkerantor,11026,1729960500,749,756
2027,Codeforces Round 982 (Div. 2),DhruvGarg007,11026,1729960500,1171,1086
2027,Codeforces Round 982 (Div. 2),ms_mahmud,11026,1729960500,1187,1100
2027,Codeforces Round 982 (Div. 2),coderomi,11026,1729960500,0,383
2027,Codeforces Round 982 (Div. 2),Badhri_007,11026,1729960500,367,617
2027,Codeforces Round 982 (Div. 2),uspher,11026,1729960500,614,781
2027,Codeforces Round 982 (Div. 2),pragunb02,11026,1729960500,1288,1184
2027,Codeforces Round 982 (Div. 2),VighneshPatidar,11026,1729960500,941,900
2027,Codeforces Round 982 (Div. 2),CodeMuni,11026,1729960500,1138,1134
2027,Codeforces Round 982 (Div. 2),Jay_kishan,11026,1729960500,1057,993
2027,Codeforces Round 982 (Div. 2),rdsymlntsa,11026,1729960500,363,613
2027,Codeforces Round 982 (Div. 2),dfdigger,11026,1729960500,454,690
2027,Codeforces Round 982 (Div. 2),Digamber_2522,11026,1729960500,856,835
2027,Codeforces Round 982 (Div. 2),A_NguyenDuyKhuong,11026,1729960500,898,959
2027,Codeforces Round 982 (Div. 2),Vanshikasingla,11026,1729960500,626,673
2027,Codeforces Round 982 (Div. 2),yzb0420,11026,1729960500,376,624
2027,Codeforces Round 982 (Div. 2),Mugdha67,11026,1729960500,817,805
2027,Codeforces Round 982 (Div. 2),Packunter,11026,1729960500,1072,1079
2027,Codeforces Round 982 (Div. 2),Shah_Sakshi,11026,1729960500,963,917
2027,Codeforces Round 982 (Div. 2),threadripperXD,11026,1729960500,1197,1108
2027,Codeforces Round 982 (Div. 2),Inevitble,11026,1729960500,1010,955
2027,Codeforces Round 982 (Div. 2),Joy4057,11026,1729960500,966,920
2027,Codeforces Round 982 (Div. 2),Shafayethossen098,11026,1729960500,764,848
2027,Codeforces Round 982 (Div. 2),Suryakalla,11026,1729960500,623,788
2027,Codeforces Round 982 (Div. 2),TempoparyRain,11026,1729960500,998,985
2027,Codeforces Round 982 (Div. 2),Dulat-E-009-028,11026,1729960500,739,785
2027,Codeforces Round 982 (Div. 2),Kiler_b,11026,1729960500,1026,967
2027,Codeforces Round 982 (Div. 2),yashrajmishra067,11026,1729960500,854,900
2027,Codeforces Round 982 (Div. 2),NOOR-NABI,11026,1729960500,905,911
2027,Codeforces Round 982 (Div. 2),tanmay.02,11026,1729960500,1084,1056
2027,Codeforces Round 982 (Div. 2),rhfrifat,11026,1729960500,734,824
2027,Codeforces Round 982 (Div. 2),mahmud1628,11026,1729960500,1033,973
2027,Codeforces Round 982 (Div. 2),coderaman06,11026,1729960500,967,920
2027,Codeforces Round 982 (Div. 2),sambhaji2772,11026,1729960500,862,906
2027,Codeforces Round 982 (Div. 2),Abhinav2408,11026,1729960500,946,904
2027,Codeforces Round 982 (Div. 2),tus79101,11026,1729960500,840,822
2027,Codeforces Round 982 (Div. 2),srv_surya,11081,1729960500,967,919
2027,Codeforces Round 982 (Div. 2),ZeRo_BuG_,11081,1729960500,906,940
2027,Codeforces Round 982 (Div. 2),22r01a05d3_,11081,1729960500,896,863
2027,Codeforces Round 982 (Div. 2),surajchaudharyy,11081,1729960500,976,926
2027,Codeforces Round 982 (Div. 2),harshil7_,11081,1729960500,926,957
2027,Codeforces Round 982 (Div. 2),D4rkks,11081,1729960500,391,636
2027,Codeforces Round 982 (Div. 2),arjunkr9693,11081,1729960500,979,928
2027,Codeforces Round 982 (Div. 2),Nightout,11081,1729960500,752,756
2027,Codeforces Round 982 (Div. 2),ImperB,11081,1729960500,1009,1025
2027,Codeforces Round 982 (Div. 2),heisenberg2027,11081,1729960500,846,892
2027,Codeforces Round 982 (Div. 2),figipigiel,11081,1729960500,1106,1031
2027,Codeforces Round 982 (Div. 2),Tanzil1991,11081,1729960500,878,849
2027,Codeforces Round 982 (Div. 2),fahad134,11081,1729960500,727,817
2027,Codeforces Round 982 (Div. 2),irfanekon,11081,1729960500,0,382
2027,Codeforces Round 982 (Div. 2),stepan_,11081,1729960500,0,382
2027,Codeforces Round 982 (Div. 2),Di_Lorenzo.,11081,1729960500,923,884
2027,Codeforces Round 982 (Div. 2),perman_1,11081,1729960500,730,819
2027,Codeforces Round 982 (Div. 2),abhinavmeshram70,11081,1729960500,379,626
2027,Codeforces Round 982 (Div. 2),Challenger9987,11081,1729960500,1188,1141
2027,Codeforces Round 982 (Div. 2),Fish9990,11081,1729960500,0,382
2027,Codeforces Round 982 (Div. 2),Rupam_08,11081,1729960500,1234,1214
2027,Codeforces Round 982 (Div. 2),Hazem.Gamal,11081,1729960500,1140,1060
2027,Codeforces Round 982 (Div. 2),ARyaman_,11081,1729960500,1111,1036
2027,Codeforces Round 982 (Div. 2),rahim02ar,11081,1729960500,783,779
2027,Codeforces Round 982 (Div. 2),NightBlvde,11081,1729960500,743,750
2027,Codeforces Round 982 (Div. 2),garvkumar68,11081,1729960500,1064,997
2027,Codeforces Round 982 (Div. 2),thejzain,11081,1729960500,872,883
2027,Codeforces Round 982 (Div. 2),hc-b666,11081,1729960500,790,868
2027,Codeforces Round 982 (Div. 2),dreamerrrr,11081,1729960500,855,870
2027,Codeforces Round 982 (Div. 2),Shreesammat,11081,1729960500,894,862
2027,Codeforces Round 982 (Div. 2),sm_tousif21,11081,1729960500,969,920
2027,Codeforces Round 982 (Div. 2),k_ni_ght,11081,1729960500,1002,947
2027,Codeforces Round 982 (Div. 2),JRcforce,11081,1729960500,757,841
2027,Codeforces Round 982 (Div. 2),Siam84,11081,1729960500,783,779
2027,Codeforces Round 982 (Div. 2),yousefafifimo,11081,1729960500,874,846
2027,Codeforces Round 982 (Div. 2),SHURIII,11081,1729960500,553,729
2027,Codeforces Round 982 (Div. 2),UNICORN1,11081,1729960500,358,608
2027,Codeforces Round 982 (Div. 2),heisenberg_31,11081,1729960500,975,965
2027,Codeforces Round 982 (Div. 2),TanmayS11,11081,1729960500,759,761
2027,Codeforces Round 982 (Div. 2),Amin_2005022,11081,1729960500,1107,1032
2027,Codeforces Round 982 (Div. 2),GhostMan003,11081,1729960500,785,816
2027,Codeforces Round 982 (Div. 2),premkulkarni_07,11081,1729960500,784,863
2027,Codeforces Round 982 (Div. 2),fahimulkadir129,11081,1729960500,957,911
2027,Codeforces Round 982 (Div. 2),K1412,11081,1729960500,1123,1045
2027,Codeforces Round 982 (Div. 2),parag1,11081,1729960500,821,806
2027,Codeforces Round 982 (Div. 2),urvachev,11081,1729960500,439,676
2027,Codeforces Round 982 (Div. 2),rian1110101,11081,1729960500,876,848
2027,Codeforces Round 982 (Div. 2),jonanb2,11081,1729960500,357,607
2027,Codeforces Round 982 (Div. 2),ansergeyg,11081,1729960500,1044,981
2027,Codeforces Round 982 (Div. 2),devanshadhok,11081,1729960500,836,906
2027,Codeforces Round 982 (Div. 2),ajey35,11081,1729960500,888,857
2027,Codeforces Round 982 (Div. 2),Incredible0306,11081,1729960500,1387,1266
2027,Codeforces Round 982 (Div. 2),Hedjerford,11081,1729960500,933,962
2027,Codeforces Round 982 (Div. 2),Migi_kun,11081,1729960500,622,786
2027,Codeforces Round 982 (Div. 2),C_Top,11081,1729960500,369,617
2027,Codeforces Round 982 (Div. 2),crekso,11081,1729960500,597,765
2027,Codeforces Round 982 (Div. 2),tcmduc,11081,1729960500,970,961
2027,Codeforces Round 982 (Div. 2),Ojas025,11081,1729960500,651,810
2027,Codeforces Round 982 (Div. 2),lakshya1705,11081,1729960500,600,768
2027,Codeforces Round 982 (Div. 2),a6cenna,11081,1729960500,1032,1012
2027,Codeforces Round 982 (Div. 2),7Collector,11081,1729960500,984,932
2027,Codeforces Round 982 (Div. 2),Varun656,11081,1729960500,0,382
2027,Codeforces Round 982 (Div. 2),Aurora_12,11081,1729960500,638,799
2027,Codeforces Round 982 (Div. 2),BVikas007,11081,1729960500,901,867
2027,Codeforces Round 982 (Div. 2),ByteBrio_369,11081,1729960500,1023,964
2027,Codeforces Round 982 (Div. 2),prakritishree075,11081,1729960500,548,622
2027,Codeforces Round 982 (Div. 2),Mounika_Chowdary,11081,1729960500,863,929
2027,Codeforces Round 982 (Div. 2),oxygen_06_05,11081,1729960500,1117,1040
2027,Codeforces Round 982 (Div. 2),Abhee12,11081,1729960500,826,848
2027,Codeforces Round 982 (Div. 2),sumaiyabikrom,11081,1729960500,807,882
2027,Codeforces Round 982 (Div. 2),tanujap,11081,1729960500,755,758
2027,Codeforces Round 982 (Div. 2),stalkkk_19,11152,1729960500,1382,1261
2027,Codeforces Round 982 (Div. 2),Shabbir5253,11152,1729960500,1028,966
2027,Codeforces Round 982 (Div. 2),simox11,11152,1729960500,376,622
2027,Codeforces Round 982 (Div. 2),WATLEREMLE_player,11152,1729960500,975,1022
2027,Codeforces Round 982 (Div. 2),Mathamind7,11152,1729960500,886,854
2027,Codeforces Round 982 (Div. 2),saaad,11152,1729960500,688,710
2027,Codeforces Round 982 (Div. 2),Aozuki,11152,1729960500,802,790
2027,Codeforces Round 982 (Div. 2),iIsNoob,11152,1729960500,443,679
2027,Codeforces Round 982 (Div. 2),varun2107,11152,1729960500,870,880
2027,Codeforces Round 982 (Div. 2),adityapwr87,11152,1729960500,1001,985
2027,Codeforces Round 982 (Div. 2),harshkarwa699,11152,1729960500,909,966
2027,Codeforces Round 982 (Div. 2),CA9526,11152,1729960500,894,860
2027,Codeforces Round 982 (Div. 2),0-o2,11152,1729960500,0,382
2027,Codeforces Round 982 (Div. 2),pritom_2004,11152,1729960500,732,820
2027,Codeforces Round 982 (Div. 2),firebreather_19,11152,1729960500,546,618
2027,Codeforces Round 982 (Div. 2),codeNinja62,11152,1729960500,0,382
2027,Codeforces Round 982 (Div. 2),imemyselfaltogether,11152,1729960500,591,759
2027,Codeforces Round 982 (Div. 2),Dominat0r,11152,1729960500,383,628
2027,Codeforces Round 982 (Div. 2),Saumel_279,11152,1729960500,641,678
2027,Codeforces Round 982 (Div. 2),_ASHUT0SH_SiNGH,11152,1729960500,1065,997
2027,Codeforces Round 982 (Div. 2),mdiqbal0621,11152,1729960500,0,382
2027,Codeforces Round 982 (Div. 2),Wanderer116,11152,1729960500,750,834
2027,Codeforces Round 982 (Div. 2),arinmishra,11152,1729960500,860,834
2027,Codeforces Round 982 (Div. 2),utkrsh2212,11152,1729960500,1169,1083
2027,Codeforces Round 982 (Div. 2),HAT._MAN,11152,1729960500,708,800
2027,Codeforces Round 982 (Div. 2),samriddhi.agrawal_cs23,11152,1729960500,888,855
2027,Codeforces Round 982 (Div. 2),SHAHNUR00,11152,1729960500,925,884
2027,Codeforces Round 982 (Div. 2),gyanurajmaniar,11152,1729960500,858,833
2027,Codeforces Round 982 (Div. 2),Sakura__YAMAUCHI,11152,1729960500,969,919
2027,Codeforces Round 982 (Div. 2),Ronja7,11152,1729960500,734,741
2027,Codeforces Round 982 (Div. 2),mqrnKNOetoNOOB,11152,1729960500,767,802
2027,Codeforces Round 982 (Div. 2),light_yagami_99,11152,1729960500,1071,1001
2027,Codeforces Round 982 (Div. 2),clv,11152,1729960500,987,933
2027,Codeforces Round 982 (Div. 2),cyrus_msk,11152,1729960500,1327,1215
2027,Codeforces Round 982 (Div. 2),tac_o_cat,11152,1729960500,1214,1163
2027,Codeforces Round 982 (Div. 2),osteb,11152,1729960500,670,825
2027,Codeforces Round 982 (Div. 2),Abdullah-Arslan,11152,1729960500,954,907
2027,Codeforces Round 982 (Div. 2),exodius,11152,1729960500,609,774
2027,Codeforces Round 982 (Div. 2),bhaarat123,11152,1729960500,1358,1241
2027,Codeforces Round 982 (Div. 2),kekao,11152,1729960500,1202,1110
2027,Codeforces Round 982 (Div. 2),RGS45,11152,1729960500,0,382
2027,Codeforces Round 982 (Div. 2),valiii,11152,1729960500,423,662
2027,Codeforces Round 982 (Div. 2),Andrei2000,11152,1729960500,425,664
2027,Codeforces Round 982 (Div. 2),Vegeta909,11152,1729960500,1088,1015
2027,Codeforces Round 982 (Div. 2),Priye,11152,1729960500,610,775
2027,Codeforces Round 982 (Div. 2),ritwik_042,11152,1729960500,956,980
2027,Codeforces Round 982 (Div. 2),neha_28,11152,1729960500,574,745
2027,Codeforces Round 982 (Div. 2),Astikverma122,11152,1729960500,1180,1092
2027,Codeforces Round 982 (Div. 2),alokkumar25062005,11152,1729960500,1076,1006
2027,Codeforces Round 982 (Div. 2),coderRebooted,11152,1729960500,0,382
2027,Codeforces Round 982 (Div. 2),shamim24,11152,1729960500,669,696
2027,Codeforces Round 982 (Div. 2),kb2098,11152,1729960500,845,823
2027,Codeforces Round 982 (Div. 2),Knight_Fury_,11152,1729960500,769,766
2027,Codeforces Round 982 (Div. 2),Greninja1863,11152,1729960500,1128,1049
2027,Codeforces Round 982 (Div. 2),ramandeep01167,11152,1729960500,1046,981
2027,Codeforces Round 982 (Div. 2),ShabbirMFST,11152,1729960500,786,864
2027,Codeforces Round 982 (Div. 2),Ab8d,11152,1729960500,720,810
2027,Codeforces Round 982 (Div. 2),alok10,11152,1729960500,1147,1064
2027,Codeforces Round 982 (Div. 2),vish101,11152,1729960500,833,880
2027,Codeforces Round 982 (Div. 2),Roka42,11152,1729960500,386,630
2027,Codeforces Round 982 (Div. 2),Snapman5678,11152,1729960500,659,816
2027,Codeforces Round 982 (Div. 2),samarthnarvekar34,11213,1729960500,371,617
2027,Codeforces Round 982 (Div. 2),hhuggo,11213,1729960500,970,1016
2027,Codeforces Round 982 (Div. 2),Non_Don_,11213,1729960500,742,745
2027,Codeforces Round 982 (Div. 2),Utkarsh0Aum,11213,1729960500,850,892
2027,Codeforces Round 982 (Div. 2),d_sagar,11213,1729960500,807,792
2027,Codeforces Round 982 (Div. 2),VVarn_2005,11213,1729960500,819,801
2027,Codeforces Round 982 (Div. 2),mishravinit578,11213,1729960500,766,762
2027,Codeforces Round 982 (Div. 2),KHULUD_07,11213,1729960500,848,823
2027,Codeforces Round 982 (Div. 2),codecrafter30,11213,1729960500,623,785
2027,Codeforces Round 982 (Div. 2),rishabhrana2024,11213,1729960500,1022,960
2027,Codeforces Round 982 (Div. 2),rzeta,11213,1729960500,0,381
2027,Codeforces Round 982 (Div. 2),Arkah03,11213,1729960500,1071,1000
2027,Codeforces Round 982 (Div. 2),anonymousme2,11213,1729960500,0,381
2027,Codeforces Round 982 (Div. 2),nikhilsai_1319,11213,1729960500,364,611
2027,Codeforces Round 982 (Div. 2),Shahriar_Imran,11213,1729960500,1357,1240
2027,Codeforces Round 982 (Div. 2),7_Jatin_07,11213,1729960500,393,636
2027,Codeforces Round 982 (Div. 2),IGOM,11213,1729960500,849,915
2027,Codeforces Round 982 (Div. 2),George_Joseph,11213,1729960500,770,849
2027,Codeforces Round 982 (Div. 2),Infinity15,11213,1729960500,965,914
2027,Codeforces Round 982 (Div. 2),atharvnaik,11213,1729960500,1090,1016
2027,Codeforces Round 982 (Div. 2),Dream_2522181190,11213,1729960500,818,889
2027,Codeforces Round 982 (Div. 2),Ineverlucky,11213,1729960500,860,900
2027,Codeforces Round 982 (Div. 2),FrogTalks,11213,1729960500,378,623
2027,Codeforces Round 982 (Div. 2),jeet_darji,11213,1729960500,874,882
2027,Codeforces Round 982 (Div. 2),Jimmy2663,11213,1729960500,827,807
2027,Codeforces Round 982 (Div. 2),zola_d_zec,11213,1729960500,1031,1009
2027,Codeforces Round 982 (Div. 2),K.Bansal,11213,1729960500,1223,1127
2027,Codeforces Round 982 (Div. 2),sahsharma,11213,1729960500,1012,952
2027,Codeforces Round 982 (Div. 2),secret_room,11213,1729960500,659,815
2027,Codeforces Round 982 (Div. 2),Destroyboy,11213,1729960500,699,715
2027,Codeforces Round 982 (Div. 2),boss8055n,11213,1729960500,891,895
2027,Codeforces Round 982 (Div. 2),AM_YEAD-27,11213,1729960500,1001,943
2027,Codeforces Round 982 (Div. 2),jay31_patel,11213,1729960500,934,890
2027,Codeforces Round 982 (Div. 2),_zah,11213,1729960500,911,872
2027,Codeforces Round 982 (Div. 2),aditya12bone,11213,1729960500,441,676
2027,Codeforces Round 982 (Div. 2),V_K_66,11213,1729960500,364,611
2027,Codeforces Round 982 (Div. 2),hhllago,11213,1729960500,617,780
2027,Codeforces Round 982 (Div. 2),ajaykm000563,11213,1729960500,948,901
2027,Codeforces Round 982 (Div. 2),rishikumarsingh,11213,1729960500,835,813
2027,Codeforces Round 982 (Div. 2),apoorv_krishna_12,11213,1729960500,889,855
2027,Codeforces Round 982 (Div. 2),ominakhon,11213,1729960500,858,869
2027,Codeforces Round 982 (Div. 2),MACH_ETERNAL,11213,1729960500,1063,994
2027,Codeforces Round 982 (Div. 2),aSugandh,11213,1729960500,877,884
2027,Codeforces Round 982 (Div. 2),tejj24,11213,1729960500,715,726
2027,Codeforces Round 982 (Div. 2),raviv75,11213,1729960500,949,973
2027,Codeforces Round 982 (Div. 2),AnVill,11213,1729960500,607,772
2027,Codeforces Round 982 (Div. 2),BISWAJIT,11213,1729960500,784,775
2027,Codeforces Round 982 (Div. 2),Hrshitaaaa29,11213,1729960500,1097,1021
2027,Codeforces Round 982 (Div. 2),pvp2646,11213,1729960500,730,816
2027,Codeforces Round 982 (Div. 2),_Ayush123,11213,1729960500,722,731
2027,Codeforces Round 982 (Div. 2),ysw0521,11213,1729960500,1483,1346
2027,Codeforces Round 982 (Div. 2),sequence0.0,11213,1729960500,630,791
2027,Codeforces Round 982 (Div. 2),spar10,11213,1729960500,0,381
2027,Codeforces Round 982 (Div. 2),kill_me_again,11213,1729960500,642,801
2027,Codeforces Round 982 (Div. 2),pwwddx,11213,1729960500,851,893
2027,Codeforces Round 982 (Div. 2),Abdur_Rahman_ISM,11213,1729960500,925,883
2027,Codeforces Round 982 (Div. 2),Dipen_a1,11213,1729960500,0,381
2027,Codeforces Round 982 (Div. 2),Amanbhardwaz,11213,1729960500,884,851
2027,Codeforces Round 982 (Div. 2),Rakib731,11213,1729960500,392,635
2027,Codeforces Round 982 (Div. 2),basakdeepra,11213,1729960500,874,843
2027,Codeforces Round 982 (Div. 2),hnust_leijieming,11213,1729960500,975,922
2027,Codeforces Round 982 (Div. 2),Amit_Rane,11213,1729960500,0,381
2027,Codeforces Round 982 (Div. 2),shhh_knight30,11275,1729960500,389,632
2027,Codeforces Round 982 (Div. 2),raiyyanp,11275,1729960500,883,887
2027,Codeforces Round 982 (Div. 2),Adijain149,11275,1729960500,878,914
2027,Codeforces Round 982 (Div. 2),emtiaz_13,11275,1729960500,648,678
2027,Codeforces Round 982 (Div. 2),vellalacheruvu.raviteja,11275,1729960500,972,919
2027,Codeforces Round 982 (Div. 2),coffeelee050505,11275,1729960500,0,380
2027,Codeforces Round 982 (Div. 2),mehraab.diu,11275,1729960500,361,608
2027,Codeforces Round 982 (Div. 2),ekbotesairaj640,11275,1729960500,751,832
2027,Codeforces Round 982 (Div. 2),Rimuru21,11275,1729960500,0,380
2027,Codeforces Round 982 (Div. 2),mrppd,11275,1729960500,615,777
2027,Codeforces Round 982 (Div. 2),nossks,11275,1729960500,907,867
2027,Codeforces Round 982 (Div. 2),geometrydash,11275,1729960500,662,817
2027,Codeforces Round 982 (Div. 2),rodsh,11275,1729960500,621,782
2027,Codeforces Round 982 (Div. 2),priyanshmurarka,11275,1729960500,1080,1007
2027,Codeforces Round 982 (Div. 2),AsAdbEk_Sotiboldiyev,11275,1729960500,744,744
2027,Codeforces Round 982 (Div. 2),lakshya004,11275,1729960500,1032,967
2027,Codeforces Round 982 (Div. 2),rajan072,11275,1729960500,864,873
2027,Codeforces Round 982 (Div. 2),chaitanyaprabhu,11275,1729960500,849,914
2027,Codeforces Round 982 (Div. 2),gjjsx,11275,1729960500,777,833
2027,Codeforces Round 982 (Div. 2),theseregrets,11275,1729960500,588,755
2027,Codeforces Round 982 (Div. 2),AKG_21,11275,1729960500,819,799
2027,Codeforces Round 982 (Div. 2),b23454,11275,1729960500,709,720
2027,Codeforces Round 982 (Div. 2),yuvrajchat,11275,1729960500,638,797
2027,Codeforces Round 982 (Div. 2),pratham_2502,11275,1729960500,935,961
2027,Codeforces Round 982 (Div. 2),gudajayavardhan,11275,1729960500,875,911
2027,Codeforces Round 982 (Div. 2),sakshams7778,11275,1729960500,920,877
2027,Codeforces Round 982 (Div. 2),adi_39,11275,1729960500,864,927
2027,Codeforces Round 982 (Div. 2),KumarRonit15,11275,1729960500,1035,970
2027,Codeforces Round 982 (Div. 2),kartikeyanrai,11275,1729960500,0,380
2027,Codeforces Round 982 (Div. 2),ghost_7386,11275,1729960500,391,633
2027,Codeforces Round 982 (Div. 2),Bashboshy,11275,1729960500,745,828
2027,Codeforces Round 982 (Div. 2),Juthi_Basak,11275,1729960500,759,755
2027,Codeforces Round 982 (Div. 2),_11Xaniket,11275,1729960500,984,928
2027,Codeforces Round 982 (Div. 2),jedinikhil,11275,1729960500,770,848
2027,Codeforces Round 982 (Div. 2),fuckedguy,11275,1729960500,589,756
2027,Codeforces Round 982 (Div. 2),Devilish_Himanshu,11275,1729960500,633,792
2027,Codeforces Round 982 (Div. 2),AbhijeetRaj,11275,1729960500,590,756
2027,Codeforces Round 982 (Div. 2),Himanshu_Bisht_,11275,1729960500,888,852
2027,Codeforces Round 982 (Div. 2),BabyKehdi_Jaguar_LELO,11275,1729960500,386,629
2027,Codeforces Round 982 (Div. 2),HaC_ker_69,11275,1729960500,915,873
2027,Codeforces Round 982 (Div. 2),divstackdo,11275,1729960500,773,851
2027,Codeforces Round 982 (Div. 2),Satyam.pr,11275,1729960500,710,720
2027,Codeforces Round 982 (Div. 2),turjo31,11275,1729960500,659,685
2027,Codeforces Round 982 (Div. 2),mj_1048,11275,1729960500,795,781
2027,Codeforces Round 982 (Div. 2),prageetmishra2005,11275,1729960500,380,624
2027,Codeforces Round 982 (Div. 2),someone76,11275,1729960500,0,380
2027,Codeforces Round 982 (Div. 2),shubh2505,11275,1729960500,1139,1056
2027,Codeforces Round 982 (Div. 2),jiusheng,11275,1729960500,839,815
2027,Codeforces Round 982 (Div. 2),Jteh,11275,1729960500,1260,1157
2027,Codeforces Round 982 (Div. 2),Hareeshwar_mullapudi,11275,1729960500,563,734
2027,Codeforces Round 982 (Div. 2),Awnish_Kumar,11275,1729960500,364,611
2027,Codeforces Round 982 (Div. 2),rishabh2.230101104,11275,1729960500,901,862
2027,Codeforces Round 982 (Div. 2),Mitanshu111,11275,1729960500,979,924
2027,Codeforces Round 982 (Div. 2),surendrasudhakar6785,11275,1729960500,924,880
2027,Codeforces Round 982 (Div. 2),psm27,11275,1729960500,895,953
2027,Codeforces Round 982 (Div. 2),3rdAcc,11275,1729960500,879,939
2027,Codeforces Round 982 (Div. 2),thebeast575,11275,1729960500,1135,1052
2027,Codeforces Round 982 (Div. 2),Supriyo2006,11275,1729960500,0,380
2027,Codeforces Round 982 (Div. 2),lets_Go27,11275,1729960500,722,729
2027,Codeforces Round 982 (Div. 2),shanz13,11334,1729960500,640,671
2027,Codeforces Round 982 (Div. 2),Ziad_Ewis63,11334,1729960500,904,863
2027,Codeforces Round 982 (Div. 2),M-Proff,11334,1729960500,699,847
2027,Codeforces Round 982 (Div. 2),saidepchieu,11334,1729960500,385,628
2027,Codeforces Round 982 (Div. 2),shivang0203,11334,1729960500,0,379
2027,Codeforces Round 982 (Div. 2),Priyanshuguddu,11334,1729960500,595,760
2027,Codeforces Round 982 (Div. 2),linzx23,11334,1729960500,0,379
2027,Codeforces Round 982 (Div. 2),AnjaliRajput_23,11334,1729960500,832,808
2027,Codeforces Round 982 (Div. 2),plc4mieHaed,11334,1729960500,0,379
2027,Codeforces Round 982 (Div. 2),demyur,11334,1729960500,822,838
2027,Codeforces Round 982 (Div. 2),maruf_hf13,11334,1729960500,766,844
2027,Codeforces Round 982 (Div. 2),SahilArshan,11334,1729960500,799,849
2027,Codeforces Round 982 (Div. 2),ahmed_sheerif,11334,1729960500,957,905
2027,Codeforces Round 982 (Div. 2),PrasharJi1009,11334,1729960500,834,848
2027,Codeforces Round 982 (Div. 2),KenanEhmed,11334,1729960500,977,962
2027,Codeforces Round 982 (Div. 2),tanisha_d,11334,1729960500,0,379
2027,Codeforces Round 982 (Div. 2),AnshulSingh,11334,1729960500,788,862
2027,Codeforces Round 982 (Div. 2),_sultan_ul_arfin_,11334,1729960500,781,769
2027,Codeforces Round 982 (Div. 2),g_sahithi,11334,1729960500,365,611
2027,Codeforces Round 982 (Div. 2),dhyeythummar9,11334,1729960500,915,943
2027,Codeforces Round 982 (Div. 2),ahmedismail_20,11334,1729960500,1055,985
2027,Codeforces Round 982 (Div. 2),sharmapriyansh623,11334,1729960500,729,814
2027,Codeforces Round 982 (Div. 2),black_maple,11334,1729960500,985,1001
2027,Codeforces Round 982 (Div. 2),Cane-no-fly,11334,1729960500,906,865
2027,Codeforces Round 982 (Div. 2),Aerodov,11334,1729960500,898,898
2027,Codeforces Round 982 (Div. 2),neel_patel10,11334,1729960500,833,876
2027,Codeforces Round 982 (Div. 2),himanshu157,11334,1729960500,782,857
2027,Codeforces Round 982 (Div. 2),liwanling,11334,1729960500,817,796
2027,Codeforces Round 982 (Div. 2),PDNAM,11334,1729960500,496,721
2027,Codeforces Round 982 (Div. 2),honganh0504,11334,1729960500,840,906
2027,Codeforces Round 982 (Div. 2),slackerrr,11334,1729960500,954,975
2027,Codeforces Round 982 (Div. 2),mdfaridhossenrehad,11334,1729960500,823,801
2027,Codeforces Round 982 (Div. 2),Rudra116,11334,1729960500,960,948
2027,Codeforces Round 982 (Div. 2),trinesh_redddy,11334,1729960500,944,895
2027,Codeforces Round 982 (Div. 2),Farid_7,11334,1729960500,820,866
2027,Codeforces Round 982 (Div. 2),jvaditya,11334,1729960500,1229,1172
2027,Codeforces Round 982 (Div. 2),Its_Lightning,11334,1729960500,1044,976
2027,Codeforces Round 982 (Div. 2),NoobPiyush,11334,1729960500,627,787
2027,Codeforces Round 982 (Div. 2),SahilH,11334,1729960500,725,729
2027,Codeforces Round 982 (Div. 2),WarriorOf313,11334,1729960500,878,843
2027,Codeforces Round 982 (Div. 2),zzz_b,11334,1729960500,887,920
2027,Codeforces Round 982 (Div. 2),vaibhav22556,11334,1729960500,814,794
2027,Codeforces Round 982 (Div. 2),joaomeyermuhlmann,11334,1729960500,441,675
2027,Codeforces Round 982 (Div. 2),soumyajit39,11334,1729960500,405,644
2027,Codeforces Round 982 (Div. 2),Jasprit_Singh,11334,1729960500,756,836
2027,Codeforces Round 982 (Div. 2),Aman_27p,11334,1729960500,1079,1005
2027,Codeforces Round 982 (Div. 2),Its_insane..Shree,11334,1729960500,625,785
2027,Codeforces Round 982 (Div. 2),oi_aaron,11334,1729960500,717,724
2027,Codeforces Round 982 (Div. 2),SANJID.CSE16,11334,1729960500,871,838
2027,Codeforces Round 982 (Div. 2),coke_pussy,11334,1729960500,770,761
2027,Codeforces Round 982 (Div. 2),gentlecoder29,11334,1729960500,926,881
2027,Codeforces Round 982 (Div. 2),voyager_G,11334,1729960500,419,657
2027,Codeforces Round 982 (Div. 2),Bjorn_396,11334,1729960500,850,890
2027,Codeforces Round 982 (Div. 2),RADHAKRISHNA16,11334,1729960500,980,924
2027,Codeforces Round 982 (Div. 2),raghav_agg,11334,1729960500,844,885
2027,Codeforces Round 982 (Div. 2),pobontcs,11334,1729960500,753,749
2027,Codeforces Round 982 (Div. 2),Defying_gravity,11390,1729960500,819,796
2027,Codeforces Round 982 (Div. 2),Risoval,11390,1729960500,1158,1112
2027,Codeforces Round 982 (Div. 2),muskan_guptaa,11390,1729960500,946,936
2027,Codeforces Round 982 (Div. 2),haque_aoyon,11390,1729960500,773,849
2027,Codeforces Round 982 (Div. 2),FaisalMahi,11390,1729960500,788,773
2027,Codeforces Round 982 (Div. 2),loading00...,11390,1729960500,702,849
2027,Codeforces Round 982 (Div. 2),yash_115,11390,1729960500,938,889
2027,Codeforces Round 982 (Div. 2),Dark_devil_08,11390,1729960500,823,837
2027,Codeforces Round 982 (Div. 2),wangzifan,11390,1729960500,987,969
2027,Codeforces Round 982 (Div. 2),addalasoumika,11390,1729960500,0,379
2027,Codeforces Round 982 (Div. 2),youzhipeng,11390,1729960500,841,813
2027,Codeforces Round 982 (Div. 2),dip_sarker,11390,1729960500,902,860
2027,Codeforces Round 982 (Div. 2),IMRAN_A,11390,1729960500,931,883
2027,Codeforces Round 982 (Div. 2),taslimulalam4890,11390,1729960500,355,602
2027,Codeforces Round 982 (Div. 2),gazi_shahtaz,11390,1729960500,853,822
2027,Codeforces Round 982 (Div. 2),nakmuay007,11390,1729960500,903,861
2027,Codeforces Round 982 (Div. 2),Wammmuuu,11390,1729960500,712,718
2027,Codeforces Round 982 (Div. 2),SohelPratap,11390,1729960500,800,781
2027,Codeforces Round 982 (Div. 2),GSD_Yaswanth,11390,1729960500,812,858
2027,Codeforces Round 982 (Div. 2),rockrik,11390,1729960500,722,725
2027,Codeforces Round 982 (Div. 2),ask_aka,11390,1729960500,636,666
2027,Codeforces Round 982 (Div. 2),goolsara213,11390,1729960500,0,379
2027,Codeforces Round 982 (Div. 2),hemant_kumar023,11390,1729960500,864,831
2027,Codeforces Round 982 (Div. 2),sheetal11,11390,1729960500,960,906
2027,Codeforces Round 982 (Div. 2),pradhanmanash614,11390,1729960500,923,877
2027,Codeforces Round 982 (Div. 2),MARTIIROSYAN,11390,1729960500,759,752
2027,Codeforces Round 982 (Div. 2),Dev1729_,11390,1729960500,769,759
2027,Codeforces Round 982 (Div. 2),rookie_64,11390,1729960500,0,379
2027,Codeforces Round 982 (Div. 2),JyuKSIR,11390,1729960500,728,730
2027,Codeforces Round 982 (Div. 2),mehedi_hasan02,11390,1729960500,379,622
2027,Codeforces Round 982 (Div. 2),AnupamRoy,11390,1729960500,652,677
2027,Codeforces Round 982 (Div. 2),ChanningLi,11390,1729960500,0,379
2027,Codeforces Round 982 (Div. 2),goketo,11390,1729960500,0,379
2027,Codeforces Round 982 (Div. 2),Saiful241,11390,1729960500,835,809
2027,Codeforces Round 982 (Div. 2),_shiva_m01,11390,1729960500,1061,989
2027,Codeforces Round 982 (Div. 2),1ncipher,11390,1729960500,599,762
2027,Codeforces Round 982 (Div. 2),RIFAT74328,11390,1729960500,1075,1000
2027,Codeforces Round 982 (Div. 2),Sunny_5491,11390,1729960500,796,868
2027,Codeforces Round 982 (Div. 2),heiseinpeak,11390,1729960500,868,834
2027,Codeforces Round 982 (Div. 2),Hemanth00,11390,1729960500,773,762
2027,Codeforces Round 982 (Div. 2),sunzidashraf,11390,1729960500,956,903
2027,Codeforces Round 982 (Div. 2),neaz_1019,11390,1729960500,1244,1142
2027,Codeforces Round 982 (Div. 2),Rajpandey2003,11390,1729960500,1102,1023
2027,Codeforces Round 982 (Div. 2),RaThoRe13055,11390,1729960500,826,869
2027,Codeforces Round 982 (Div. 2),qe51951,11390,1729960500,0,379
2027,Codeforces Round 982 (Div. 2),Mashrafi_Rumpa,11390,1729960500,691,703
2027,Codeforces Round 982 (Div. 2),prabal1810dubey,11390,1729960500,0,379
2027,Codeforces Round 982 (Div. 2),Rishav_Raj3,11390,1729960500,439,673
2027,Codeforces Round 982 (Div. 2),asadullo_1111,11390,1729960500,1199,1104
2027,Codeforces Round 982 (Div. 2),sainadthpagadala,11390,1729960500,964,983
2027,Codeforces Round 982 (Div. 2),hamzaahmadkhan_24,11390,1729960500,929,922
2027,Codeforces Round 982 (Div. 2),nischal_1817,11390,1729960500,908,962
2027,Codeforces Round 982 (Div. 2),Borshon20,11442,1729960500,798,779
2027,Codeforces Round 982 (Div. 2),mat_eternals,11442,1729960500,641,797
2027,Codeforces Round 982 (Div. 2),kunal_2005,11442,1729960500,932,956
2027,Codeforces Round 982 (Div. 2),nob_lz,11442,1729960500,350,597
2027,Codeforces Round 982 (Div. 2),sajjad.617,11442,1729960500,364,609
2027,Codeforces Round 982 (Div. 2),saumya77022,11442,1729960500,954,901
2027,Codeforces Round 982 (Div. 2),syzy_111xx,11442,1729960500,611,772
2027,Codeforces Round 982 (Div. 2),daksh4765,11442,1729960500,420,656
2027,Codeforces Round 982 (Div. 2),Yomchik,11442,1729960500,384,625
2027,Codeforces Round 982 (Div. 2),xorman,11442,1729960500,443,675
2027,Codeforces Round 982 (Div. 2),BinduJatoth,11442,1729960500,833,898
2027,Codeforces Round 982 (Div. 2),Kenniene,11442,1729960500,901,858
2027,Codeforces Round 982 (Div. 2),AR_TUFAN,11442,1729960500,1009,946
2027,Codeforces Round 982 (Div. 2),Ahnaftn,11442,1729960500,821,797
2027,Codeforces Round 982 (Div. 2),dummysassy00,11442,1729960500,0,378
2027,Codeforces Round 982 (Div. 2),gouthamreddy05,11442,1729960500,735,733
2027,Codeforces Round 982 (Div. 2),narayanujjwal3107,11442,1729960500,905,862
2027,Codeforces Round 982 (Div. 2),handle_is_in_use,11442,1729960500,979,994
2027,Codeforces Round 982 (Div. 2),Jashwanth0703,11442,1729960500,1021,955
2027,Codeforces Round 982 (Div. 2),2210030326,11442,1729960500,632,662
2027,Codeforces Round 982 (Div. 2),Bona_Boss,11442,1729960500,814,882
2027,Codeforces Round 982 (Div. 2),Fl4mingo,11442,1729960500,576,742
2027,Codeforces Round 982 (Div. 2),ronith21,11442,1729960500,589,753
2027,Codeforces Round 982 (Div. 2),mukeshnaiduu,11442,1729960500,410,647
2027,Codeforces Round 982 (Div. 2),Sunny_k,11442,1729960500,942,931
2027,Codeforces Round 982 (Div. 2),thai_hooker_interest,11442,1729960500,0,378
2027,Codeforces Round 982 (Div. 2),Shivang_Nagta,11442,1729960500,845,815
2027,Codeforces Round 982 (Div. 2),Aparichit_776699,11442,1729960500,660,680
2027,Codeforces Round 982 (Div. 2),Ratna_Jashwanth,11442,1729960500,1022,956
2027,Codeforces Round 982 (Div. 2),mostafijur16,11442,1729960500,698,707
2027,Codeforces Round 982 (Div. 2),madara_uchiha_5,11442,1729960500,1270,1206
2027,Codeforces Round 982 (Div. 2),Aryaprince,11442,1729960500,855,823
2027,Codeforces Round 982 (Div. 2),ahmedrihin,11442,1729960500,901,858
2027,Codeforces Round 982 (Div. 2),shipal,11442,1729960500,797,778
2027,Codeforces Round 982 (Div. 2),dimamoune9,11442,1729960500,1118,1036
2027,Codeforces Round 982 (Div. 2),CF_YJF,11442,1729960500,994,933
2027,Codeforces Round 982 (Div. 2),kankshithareddypkr,11442,1729960500,1008,1019
2027,Codeforces Round 982 (Div. 2),afterlight,11442,1729960500,1147,1060
2027,Codeforces Round 982 (Div. 2),Jaime_012,11442,1729960500,834,807
2027,Codeforces Round 982 (Div. 2),code.akumar,11442,1729960500,614,774
2027,Codeforces Round 982 (Div. 2),saurabh_16,11442,1729960500,746,740
2027,Codeforces Round 982 (Div. 2),seezong,11483,1729960500,1089,1011
2027,Codeforces Round 982 (Div. 2),ze_agent_r0,11483,1729960500,609,769
2027,Codeforces Round 982 (Div. 2),Bkdn24.JaQuy,11483,1729960500,365,609
2027,Codeforces Round 982 (Div. 2),bhavesh_aswani,11483,1729960500,995,933
2027,Codeforces Round 982 (Div. 2),Incognito_Mode_On,11483,1729960500,1327,1211
2027,Codeforces Round 982 (Div. 2),islam-s-oskemen_er-2028,11483,1729960500,0,378
2027,Codeforces Round 982 (Div. 2),_CPP_CODER,11483,1729960500,816,792
2027,Codeforces Round 982 (Div. 2),RUTHVEJ,11483,1729960500,645,800
2027,Codeforces Round 982 (Div. 2),Gohilsarthak75458732,11483,1729960500,719,720
2027,Codeforces Round 982 (Div. 2),jimtrung,11483,1729960500,932,882
2027,Codeforces Round 982 (Div. 2),mamindlanikhil21,11483,1729960500,827,800
2027,Codeforces Round 982 (Div. 2),seetianjiangzhiwu,11483,1729960500,985,966
2027,Codeforces Round 982 (Div. 2),jryhaoyun,11483,1729960500,1023,956
2027,Codeforces Round 982 (Div. 2),potto70,11483,1729960500,908,903
2027,Codeforces Round 982 (Div. 2),pranavie,11483,1729960500,804,783
2027,Codeforces Round 982 (Div. 2),Devesh_Sharma_1811,11483,1729960500,875,933
2027,Codeforces Round 982 (Div. 2),adi.tya_57,11483,1729960500,0,378
2027,Codeforces Round 982 (Div. 2),shivakumar045,11483,1729960500,594,757
2027,Codeforces Round 982 (Div. 2),yashi05,11483,1729960500,357,602
2027,Codeforces Round 982 (Div. 2),MUDRIKA,11483,1729960500,716,718
2027,Codeforces Round 982 (Div. 2),Hmi1234,11483,1729960500,962,947
2027,Codeforces Round 982 (Div. 2),OmarDarwich,11483,1729960500,1261,1155
2027,Codeforces Round 982 (Div. 2),Keshavgoel597,11483,1729960500,0,378
2027,Codeforces Round 982 (Div. 2),Mido_1,11483,1729960500,843,813
2027,Codeforces Round 982 (Div. 2),Cavee,11483,1729960500,1023,956
2027,Codeforces Round 982 (Div. 2),Aizen_42,11483,1729960500,871,834
2027,Codeforces Round 982 (Div. 2),marzan3100,11483,1729960500,1039,969
2027,Codeforces Round 982 (Div. 2),VaibhavRajDwivedi,11483,1729960500,882,913
2027,Codeforces Round 982 (Div. 2),guess__who__,11483,1729960500,896,853
2027,Codeforces Round 982 (Div. 2),Anupam12105024,11483,1729960500,878,879
2027,Codeforces Round 982 (Div. 2),coolbrick_,11483,1729960500,792,840
2027,Codeforces Round 982 (Div. 2),LachyDauth,11483,1729960500,0,378
2027,Codeforces Round 982 (Div. 2),MahmudXXR,11483,1729960500,915,868
2027,Codeforces Round 982 (Div. 2),Piyush_3436,11483,1729960500,739,819
2027,Codeforces Round 982 (Div. 2),tardum,11483,1729960500,930,880
2027,Codeforces Round 982 (Div. 2),CROCODATOR2007,11483,1729960500,811,788
2027,Codeforces Round 982 (Div. 2),Huytryhard,11483,1729960500,408,646
2027,Codeforces Round 982 (Div. 2),2021331071,11483,1729960500,849,817
2027,Codeforces Round 982 (Div. 2),nish001,11483,1729960500,640,795
2027,Codeforces Round 982 (Div. 2),jppatel.pp95,11483,1729960500,986,926
2027,Codeforces Round 982 (Div. 2),asxd10,11483,1729960500,979,920
2027,Codeforces Round 982 (Div. 2),atashka.mashadov,11524,1729960500,787,768
2027,Codeforces Round 982 (Div. 2),mendepavan,11524,1729960500,0,377
2027,Codeforces Round 982 (Div. 2),chennuharshini07,11524,1729960500,700,786
2027,Codeforces Round 982 (Div. 2),enamulhoqmunna,11524,1729960500,866,829
2027,Codeforces Round 982 (Div. 2),nimisha17,11524,1729960500,865,828
2027,Codeforces Round 982 (Div. 2),kodurisaivishnu,11524,1729960500,888,846
2027,Codeforces Round 982 (Div. 2),sami48,11524,1729960500,0,377
2027,Codeforces Round 982 (Div. 2),hasin_sadaf,11524,1729960500,873,834
2027,Codeforces Round 982 (Div. 2),Umesh7Dixit,11524,1729960500,375,617
2027,Codeforces Round 982 (Div. 2),moderax_draxx,11524,1729960500,361,605
2027,Codeforces Round 982 (Div. 2),vishalraj0506,11524,1729960500,815,828
2027,Codeforces Round 982 (Div. 2),kannakans,11524,1729960500,1023,955
2027,Codeforces Round 982 (Div. 2),Gopta,11524,1729960500,912,865
2027,Codeforces Round 982 (Div. 2),rushi021105,11524,1729960500,371,613
2027,Codeforces Round 982 (Div. 2),Shoyo_Deb,11524,1729960500,533,594
2027,Codeforces Round 982 (Div. 2),vineetnayakm,11524,1729960500,1038,1009
2027,Codeforces Round 982 (Div. 2),deepak2k03,11524,1729960500,983,922
2027,Codeforces Round 982 (Div. 2),Umesh_Krishna,11524,1729960500,1070,994
2027,Codeforces Round 982 (Div. 2),gourav_27,11524,1729960500,1144,1056
2027,Codeforces Round 982 (Div. 2),Anubhav_105,11524,1729960500,868,831
2027,Codeforces Round 982 (Div. 2),2200040069,11524,1729960500,878,878
2027,Codeforces Round 982 (Div. 2),shreyvijay,11524,1729960500,767,842
2027,Codeforces Round 982 (Div. 2),Protik_7,11524,1729960500,1093,1013
2027,Codeforces Round 982 (Div. 2),masibaga,11524,1729960500,837,807
2027,Codeforces Round 982 (Div. 2),Mukundk24,11524,1729960500,366,609
2027,Codeforces Round 982 (Div. 2),Shivanshu_121,11524,1729960500,733,813
2027,Codeforces Round 982 (Div. 2),Cristal_Clear,11524,1729960500,0,377
2027,Codeforces Round 982 (Div. 2),slganeshh2006,11524,1729960500,918,870
2027,Codeforces Round 982 (Div. 2),rotcline,11524,1729960500,1000,977
2027,Codeforces Round 982 (Div. 2),Dark_Striker_,11524,1729960500,852,818
2027,Codeforces Round 982 (Div. 2),SYSO,11524,1729960500,806,783
2027,Codeforces Round 982 (Div. 2),slayder,11524,1729960500,781,853
2027,Codeforces Round 982 (Div. 2),VNHbest,11524,1729960500,1166,1075
2027,Codeforces Round 982 (Div. 2),Tashdik_RK29,11524,1729960500,372,614
2027,Codeforces Round 982 (Div. 2),Qusay_Eed,11524,1729960500,784,766
2027,Codeforces Round 982 (Div. 2),masum_0,11524,1729960500,757,746
2027,Codeforces Round 982 (Div. 2),kgghosh,11524,1729960500,645,667
2027,Codeforces Round 982 (Div. 2),shakursifat,11561,1729960500,957,900
2027,Codeforces Round 982 (Div. 2),K.Bayat,11561,1729960500,964,906
2027,Codeforces Round 982 (Div. 2),arghamita_08,11561,1729960500,858,821
2027,Codeforces Round 982 (Div. 2),adireddymythri,11561,1729960500,834,872
2027,Codeforces Round 982 (Div. 2),jutonium,11561,1729960500,854,914
2027,Codeforces Round 982 (Div. 2),imposterviserion,11561,1729960500,0,377
2027,Codeforces Round 982 (Div. 2),Jmakwana,11561,1729960500,979,918
2027,Codeforces Round 982 (Div. 2),mdjihadihasan2551,11561,1729960500,874,834
2027,Codeforces Round 982 (Div. 2),m_nature,11561,1729960500,1372,1248
2027,Codeforces Round 982 (Div. 2),CodeNoob987,11561,1729960500,365,608
2027,Codeforces Round 982 (Div. 2),zhuhaocheng,11561,1729960500,705,789
2027,Codeforces Round 982 (Div. 2),karmayogi17,11561,1729960500,735,875
2027,Codeforces Round 982 (Div. 2),amitsah,11561,1729960500,616,774
2027,Codeforces Round 982 (Div. 2),DouaeKDR,11561,1729960500,402,639
2027,Codeforces Round 982 (Div. 2),shuchita318,11561,1729960500,633,657
2027,Codeforces Round 982 (Div. 2),abd_nar,11561,1729960500,798,867
2027,Codeforces Round 982 (Div. 2),Durjoy03,11561,1729960500,718,716
2027,Codeforces Round 982 (Div. 2),jhansi_314,11561,1729960500,587,626
2027,Codeforces Round 982 (Div. 2),DUMB_ME00,11561,1729960500,573,618
2027,Codeforces Round 982 (Div. 2),WarBadsah,11561,1729960500,750,739
2027,Codeforces Round 982 (Div. 2),rtjani22,11561,1729960500,618,776
2027,Codeforces Round 982 (Div. 2),Ratul8863,11561,1729960500,776,759
2027,Codeforces Round 982 (Div. 2),arccollege24,11561,1729960500,0,377
2027,Codeforces Round 982 (Div. 2),AlexisNovo8,11561,1729960500,1044,972
2027,Codeforces Round 982 (Div. 2),lamdepzai,11561,1729960500,395,633
2027,Codeforces Round 982 (Div. 2),HELLOProgrammer112,11561,1729960500,939,926
2027,Codeforces Round 982 (Div. 2),Leo5917,11561,1729960500,857,916
2027,Codeforces Round 982 (Div. 2),zlibigot,11561,1729960500,819,791
2027,Codeforces Round 982 (Div. 2),VAIBHAVG4,11561,1729960500,976,916
2027,Codeforces Round 982 (Div. 2),Vastaway,11561,1729960500,440,671
2027,Codeforces Round 982 (Div. 2),prajyoth2006,11561,1729960500,908,861
2027,Codeforces Round 982 (Div. 2),Call_me_abhi,11561,1729960500,955,939
2027,Codeforces Round 982 (Div. 2),dipeshsaroj,11561,1729960500,854,818
2027,Codeforces Round 982 (Div. 2),M_ArEs,11561,1729960500,820,792
2027,Codeforces Round 982 (Div. 2),As_Duck,11561,1729960500,1046,973
2027,Codeforces Round 982 (Div. 2),ghlkb,11561,1729960500,0,377
2027,Codeforces Round 982 (Div. 2),NHMNguyen,11561,1729960500,1014,946
2027,Codeforces Round 982 (Div. 2),Satyam36736,11561,1729960500,774,847
2027,Codeforces Round 982 (Div. 2),abdussalam16,11561,1729960500,548,601
2027,Codeforces Round 982 (Div. 2),Fighter_Nasif,11561,1729960500,932,880
2027,Codeforces Round 982 (Div. 2),kkwwaa,11561,1729960500,403,640
2027,Codeforces Round 982 (Div. 2),man_29,11561,1729960500,385,625
2027,Codeforces Round 982 (Div. 2),Mominul36,11561,1729960500,404,641
2027,Codeforces Round 982 (Div. 2),Clasher._.69,11561,1729960500,1008,942
2027,Codeforces Round 982 (Div. 2),Manuhecker,11561,1729960500,355,600
2027,Codeforces Round 982 (Div. 2),hanbaodao,11606,1729960500,610,768
2027,Codeforces Round 982 (Div. 2),Amit_161,11606,1729960500,885,841
2027,Codeforces Round 982 (Div. 2),srijansarkar19092004,11606,1729960500,997,932
2027,Codeforces Round 982 (Div. 2),DARK_CL0UD,11606,1729960500,948,892
2027,Codeforces Round 982 (Div. 2),Sumit_Dhamsaniya,11606,1729960500,939,885
2027,Codeforces Round 982 (Div. 2),Tagizade,11606,1729960500,858,820
2027,Codeforces Round 982 (Div. 2),cyber_ayush_007,11606,1729960500,569,733
2027,Codeforces Round 982 (Div. 2),Team4_DanhHoaa,11606,1729960500,780,850
2027,Codeforces Round 982 (Div. 2),ehtesam75,11606,1729960500,643,796
2027,Codeforces Round 982 (Div. 2),ivyan,11606,1729960500,370,611
2027,Codeforces Round 982 (Div. 2),veertejani101,11606,1729960500,801,868
2027,Codeforces Round 982 (Div. 2),uselessday,11606,1729960500,0,376
2027,Codeforces Round 982 (Div. 2),Maksim_13,11606,1729960500,427,660
2027,Codeforces Round 982 (Div. 2),Tofu007,11606,1729960500,864,825
2027,Codeforces Round 982 (Div. 2),akshith1906,11606,1729960500,958,941
2027,Codeforces Round 982 (Div. 2),_prxkhr_,11606,1729960500,1130,1042
2027,Codeforces Round 982 (Div. 2),nailnikicomp,11606,1729960500,0,376
2027,Codeforces Round 982 (Div. 2),CodeMonkeyUnleashed,11606,1729960500,0,376
2027,Codeforces Round 982 (Div. 2),manojbudim,11606,1729960500,371,612
2027,Codeforces Round 982 (Div. 2),sakshidhamapurkar556,11606,1729960500,968,908
2027,Codeforces Round 982 (Div. 2),fxnb,11606,1729960500,0,376
2027,Codeforces Round 982 (Div. 2),neelimapulipati,11606,1729960500,1084,1046
2027,Codeforces Round 982 (Div. 2),atharvabhattad,11606,1729960500,644,797
2027,Codeforces Round 982 (Div. 2),Ankita5524,11606,1729960500,797,812
2027,Codeforces Round 982 (Div. 2),Kavya.2005,11606,1729960500,597,757
2027,Codeforces Round 982 (Div. 2),ibiahygh.g,11606,1729960500,825,795
2027,Codeforces Round 982 (Div. 2),Buckwheat.,11606,1729960500,844,879
2027,Codeforces Round 982 (Div. 2),Afry7270,11606,1729960500,753,740
2027,Codeforces Round 982 (Div. 2),danielmurarita19,11606,1729960500,833,801
2027,Codeforces Round 982 (Div. 2),tien_1706,11606,1729960500,0,376
2027,Codeforces Round 982 (Div. 2),mridul004,11606,1729960500,966,906
2027,Codeforces Round 982 (Div. 2),Littichoka,11606,1729960500,922,971
2027,Codeforces Round 982 (Div. 2),DeathSnape,11606,1729960500,862,863
2027,Codeforces Round 982 (Div. 2),techiii909090,11606,1729960500,345,590
2027,Codeforces Round 982 (Div. 2),230103103,11606,1729960500,0,376
2027,Codeforces Round 982 (Div. 2),Rakshithrao2604,11606,1729960500,354,598
2027,Codeforces Round 982 (Div. 2),BXT04,11606,1729960500,355,599
2027,Codeforces Round 982 (Div. 2),akshitsahu786,11606,1729960500,373,614
2027,Codeforces Round 982 (Div. 2),NsTp__Eastern,11606,1729960500,788,767
2027,Codeforces Round 982 (Div. 2),rvs05,11606,1729960500,771,753
2027,Codeforces Round 982 (Div. 2),harshil22,11606,1729960500,830,837
2027,Codeforces Round 982 (Div. 2),rounak_21,11606,1729960500,542,596
2027,Codeforces Round 982 (Div. 2),suthardikshit57,11606,1729960500,634,788
2027,Codeforces Round 982 (Div. 2),Pacifista01,11606,1729960500,1001,1010
2027,Codeforces Round 982 (Div. 2),Dipsoroj2001,11606,1729960500,744,733
2027,Codeforces Round 982 (Div. 2),Lone_Coder20,11606,1729960500,0,376
2027,Codeforces Round 982 (Div. 2),abdulluhayman,11606,1729960500,867,898
2027,Codeforces Round 982 (Div. 2),richiwirjaya,11653,1729960500,795,862
2027,Codeforces Round 982 (Div. 2),Account109,11653,1729960500,889,883
2027,Codeforces Round 982 (Div. 2),pohann,11653,1729960500,742,818
2027,Codeforces Round 982 (Div. 2),yashwanthch_22,11653,1729960500,383,622
2027,Codeforces Round 982 (Div. 2),sarah_khraisat,11653,1729960500,656,669
2027,Codeforces Round 982 (Div. 2),shta2002,11653,1729960500,861,821
2027,Codeforces Round 982 (Div. 2),sutharsarvan29,11653,1729960500,802,868
2027,Codeforces Round 982 (Div. 2),6930kumarkundan,11653,1729960500,1449,1313
2027,Codeforces Round 982 (Div. 2),nemi_07,11653,1729960500,587,748
2027,Codeforces Round 982 (Div. 2),Ali.Bghn,11653,1729960500,959,900
2027,Codeforces Round 982 (Div. 2),yashcarpenter,11653,1729960500,1160,1067
2027,Codeforces Round 982 (Div. 2),Ziad-ELKHAT_TEB,11653,1729960500,872,829
2027,Codeforces Round 982 (Div. 2),Ald1k,11653,1729960500,0,376
2027,Codeforces Round 982 (Div. 2),p_rathore,11653,1729960500,362,604
2027,Codeforces Round 982 (Div. 2),b.piash,11653,1729960500,799,773
2027,Codeforces Round 982 (Div. 2),abdikadyr,11653,1729960500,1054,978
2027,Codeforces Round 982 (Div. 2),hinata.coder,11653,1729960500,1109,1024
2027,Codeforces Round 982 (Div. 2),tanim_kyau,11653,1729960500,639,657
2027,Codeforces Round 982 (Div. 2),kamran-7,11653,1729960500,951,967
2027,Codeforces Round 982 (Div. 2),propix,11653,1729960500,820,790
2027,Codeforces Round 982 (Div. 2),satan.sin,11653,1729960500,772,905
2027,Codeforces Round 982 (Div. 2),pikachu000,11653,1729960500,638,791
2027,Codeforces Round 982 (Div. 2),crysqd,11653,1729960500,855,887
2027,Codeforces Round 982 (Div. 2),Mahmuda-1-t,11653,1729960500,711,708
2027,Codeforces Round 982 (Div. 2),skcity,11653,1729960500,1075,1072
2027,Codeforces Round 982 (Div. 2),shivam8196,11653,1729960500,731,809
2027,Codeforces Round 982 (Div. 2),sillkiww,11653,1729960500,455,683
2027,Codeforces Round 982 (Div. 2),dakshkhare,11653,1729960500,779,849
2027,Codeforces Round 982 (Div. 2),pspkmahali,11653,1729960500,933,878
2027,Codeforces Round 982 (Div. 2),looopwizard,11653,1729960500,576,739
2027,Codeforces Round 982 (Div. 2),Kishor_007,11653,1729960500,911,861
2027,Codeforces Round 982 (Div. 2),wbhhabib,11653,1729960500,890,844
2027,Codeforces Round 982 (Div. 2),sbmraj03,11653,1729960500,1116,1030
2027,Codeforces Round 982 (Div. 2),Iffafh,11653,1729960500,0,376
2027,Codeforces Round 982 (Div. 2),anandakbari9,11653,1729960500,391,629
2027,Codeforces Round 982 (Div. 2),paulc15,11653,1729960500,649,800
2027,Codeforces Round 982 (Div. 2),Rajat_2205,11653,1729960500,831,798
2027,Codeforces Round 982 (Div. 2),srikanthjiguru211,11653,1729960500,613,770
2027,Codeforces Round 982 (Div. 2),MD.REON,11653,1729960500,826,794
2027,Codeforces Round 982 (Div. 2),swapna17231418,11653,1729960500,613,770
2027,Codeforces Round 982 (Div. 2),raghavbajaj328,11653,1729960500,0,376
2027,Codeforces Round 982 (Div. 2),charantek,11653,1729960500,617,773
2027,Codeforces Round 982 (Div. 2),ParthNC,11653,1729960500,0,376
2027,Codeforces Round 982 (Div. 2),An_Anik,11653,1729960500,390,627
2027,Codeforces Round 982 (Div. 2),Engy..Essam,11653,1729960500,906,856
2027,Codeforces Round 982 (Div. 2),Iskolya,11653,1729960500,891,845
2027,Codeforces Round 982 (Div. 2),shiyu66666666,11653,1729960500,772,843
2027,Codeforces Round 982 (Div. 2),MSS_55,11653,1729960500,379,618
2027,Codeforces Round 982 (Div. 2),IvanT23,11701,1729960500,920,867
2027,Codeforces Round 982 (Div. 2),prakash_618,11701,1729960500,895,920
2027,Codeforces Round 982 (Div. 2),BeHumbleAsUHaveToPayBack,11701,1729960500,871,828
2027,Codeforces Round 982 (Div. 2),rohitkumars45124,11701,1729960500,794,836
2027,Codeforces Round 982 (Div. 2),hradaysadrani,11701,1729960500,822,828
2027,Codeforces Round 982 (Div. 2),22r11a6925,11701,1729960500,819,787
2027,Codeforces Round 982 (Div. 2),merchyaqua,11701,1729960500,976,913
2027,Codeforces Round 982 (Div. 2),Harshitaaaaaa,11701,1729960500,389,626
2027,Codeforces Round 982 (Div. 2),sonu_2912,11701,1729960500,867,825
2027,Codeforces Round 982 (Div. 2),THE_HELLO45,11701,1729960500,811,850
2027,Codeforces Round 982 (Div. 2),spagetti2014,11701,1729960500,860,859
2027,Codeforces Round 982 (Div. 2),kaifMaverick1976,11701,1729960500,988,923
2027,Codeforces Round 982 (Div. 2),ERROR1234567,11701,1729960500,832,837
2027,Codeforces Round 982 (Div. 2),Wandering_Box,11701,1729960500,898,849
2027,Codeforces Round 982 (Div. 2),techwhizz_586,11701,1729960500,801,867
2027,Codeforces Round 982 (Div. 2),Zhyan,11701,1729960500,926,913
2027,Codeforces Round 982 (Div. 2),himanshu12102004,11701,1729960500,987,922
2027,Codeforces Round 982 (Div. 2),Ranpo_Edogawa,11701,1729960500,831,797
2027,Codeforces Round 982 (Div. 2),Aman_Panchal,11701,1729960500,856,816
2027,Codeforces Round 982 (Div. 2),Shash133,11701,1729960500,627,781
2027,Codeforces Round 982 (Div. 2),alhfkd16796,11701,1729960500,406,641
2027,Codeforces Round 982 (Div. 2),fahadhasan,11701,1729960500,739,727
2027,Codeforces Round 982 (Div. 2),gauravalien7217,11701,1729960500,0,375
2027,Codeforces Round 982 (Div. 2),Darkerkiller,11701,1729960500,597,756
2027,Codeforces Round 982 (Div. 2),Zobaer1878,11701,1729960500,0,375
2027,Codeforces Round 982 (Div. 2),TonyGX,11701,1729960500,0,375
2027,Codeforces Round 982 (Div. 2),shivam_k_d,11701,1729960500,709,705
2027,Codeforces Round 982 (Div. 2),APS_coder01,11701,1729960500,795,861
2027,Codeforces Round 982 (Div. 2),Alireza_ALZ,11701,1729960500,610,767
2027,Codeforces Round 982 (Div. 2),ToxicXI,11701,1729960500,1047,1076
2027,Codeforces Round 982 (Div. 2),Abdullah_Wasif,11701,1729960500,762,744
2027,Codeforces Round 982 (Div. 2),Dhruvsingla786,11701,1729960500,802,843
2027,Codeforces Round 982 (Div. 2),iamronaldo,11701,1729960500,212,402
2027,Codeforces Round 982 (Div. 2),tamadac,11701,1729960500,934,878
2027,Codeforces Round 982 (Div. 2),BrunoGabriel,11701,1729960500,365,606
2027,Codeforces Round 982 (Div. 2),Solitaryoas,11701,1729960500,945,989
2027,Codeforces Round 982 (Div. 2),satan0710,11737,1729960500,356,598
2027,Codeforces Round 982 (Div. 2),sunflower...,11737,1729960500,685,830
2027,Codeforces Round 982 (Div. 2),yugal1107,11737,1729960500,932,950
2027,Codeforces Round 982 (Div. 2),jkpromax,11737,1729960500,814,877
2027,Codeforces Round 982 (Div. 2),brijeshsinghbhartiya17,11737,1729960500,755,804
2027,Codeforces Round 982 (Div. 2),NguyenTNK,11737,1729960500,909,898
2027,Codeforces Round 982 (Div. 2),hrishikeshsarma4444,11737,1729960500,746,731
2027,Codeforces Round 982 (Div. 2),Acin03,11737,1729960500,0,375
2027,Codeforces Round 982 (Div. 2),pabo_pris,11737,1729960500,350,593
2027,Codeforces Round 982 (Div. 2),Mahima28,11737,1729960500,632,785
2027,Codeforces Round 982 (Div. 2),Chowdhoury,11737,1729960500,789,763
2027,Codeforces Round 982 (Div. 2),tamerrr,11737,1729960500,849,881
2027,Codeforces Round 982 (Div. 2),GDSN_CREEP,11737,1729960500,465,691
2027,Codeforces Round 982 (Div. 2),vg239,11737,1729960500,0,375
2027,Codeforces Round 982 (Div. 2),Windows__XP,11737,1729960500,928,873
2027,Codeforces Round 982 (Div. 2),tupitsa,11737,1729960500,796,769
2027,Codeforces Round 982 (Div. 2),Kanatbek-J-018-2028,11737,1729960500,750,800
2027,Codeforces Round 982 (Div. 2),ProPTIT_Lucdz,11737,1729960500,1195,1174
2027,Codeforces Round 982 (Div. 2),velzebub,11737,1729960500,988,922
2027,Codeforces Round 982 (Div. 2),vovandre,11737,1729960500,1074,1036
2027,Codeforces Round 982 (Div. 2),sudipdas,11737,1729960500,1002,1009
2027,Codeforces Round 982 (Div. 2),Divyanshu_Lila,11737,1729960500,928,873
2027,Codeforces Round 982 (Div. 2),khan2107120,11737,1729960500,1104,1019
2027,Codeforces Round 982 (Div. 2),LeonJ23,11737,1729960500,814,877
2027,Codeforces Round 982 (Div. 2),iffatul_anon,11737,1729960500,1293,1179
2027,Codeforces Round 982 (Div. 2),pranayCR7,11737,1729960500,1000,932
2027,Codeforces Round 982 (Div. 2),shahriar_sakib,11737,1729960500,999,931
2027,Codeforces Round 982 (Div. 2),ibrahimabdelhalim,11737,1729960500,828,863
2027,Codeforces Round 982 (Div. 2),xejn,11737,1729960500,832,892
2027,Codeforces Round 982 (Div. 2),Romzik,11737,1729960500,394,630
2027,Codeforces Round 982 (Div. 2),Zero_090,11737,1729960500,715,794
2027,Codeforces Round 982 (Div. 2),sameersalunke05,11737,1729960500,1173,1077
2027,Codeforces Round 982 (Div. 2),Falmir,11737,1729960500,621,775
2027,Codeforces Round 982 (Div. 2),vooradiakshay,11737,1729960500,959,939
2027,Codeforces Round 982 (Div. 2),Bharathkumaranumula,11771,1729960500,914,901
2027,Codeforces Round 982 (Div. 2),abhig00,11771,1729960500,968,905
2027,Codeforces Round 982 (Div. 2),sega_force,11771,1729960500,0,375
2027,Codeforces Round 982 (Div. 2),KrishVanza,11771,1729960500,0,375
2027,Codeforces Round 982 (Div. 2),YasuoGod,11771,1729960500,615,770
2027,Codeforces Round 982 (Div. 2),shabab_sa,11771,1729960500,961,899
2027,Codeforces Round 982 (Div. 2),Elmiko,11771,1729960500,638,790
2027,Codeforces Round 982 (Div. 2),VSS201445_HashirWaqar,11771,1729960500,363,603
2027,Codeforces Round 982 (Div. 2),ShareefAfzal,11771,1729960500,930,948
2027,Codeforces Round 982 (Div. 2),Vladelets_Vselennoy,11771,1729960500,0,375
2027,Codeforces Round 982 (Div. 2),rakibhossain01,11771,1729960500,671,675
2027,Codeforces Round 982 (Div. 2),Ayush30,11771,1729960500,904,893
2027,Codeforces Round 982 (Div. 2),Hrishi_,11771,1729960500,1014,943
2027,Codeforces Round 982 (Div. 2),Shashank_maurya,11771,1729960500,929,914
2027,Codeforces Round 982 (Div. 2),tharunkorivi,11771,1729960500,800,771
2027,Codeforces Round 982 (Div. 2),bibyou,11771,1729960500,647,797
2027,Codeforces Round 982 (Div. 2),rutujajanbandhu1,11771,1729960500,846,846
2027,Codeforces Round 982 (Div. 2),hnust_liutai,11771,1729960500,0,375
2027,Codeforces Round 982 (Div. 2),nameless_445,11771,1729960500,367,607
2027,Codeforces Round 982 (Div. 2),NovaStrike,11771,1729960500,904,953
2027,Codeforces Round 982 (Div. 2),raushanlakh,11771,1729960500,781,849
2027,Codeforces Round 982 (Div. 2),Shivam1859,11771,1729960500,732,808
2027,Codeforces Round 982 (Div. 2),abdullahhussien745,11771,1729960500,862,819
2027,Codeforces Round 982 (Div. 2),Zhumabay,11771,1729960500,599,756
2027,Codeforces Round 982 (Div. 2),just_Anar,11771,1729960500,879,905
2027,Codeforces Round 982 (Div. 2),Neel_Vaghasiya,11771,1729960500,591,750
2027,Codeforces Round 982 (Div. 2),Salwa_Zakaria,11771,1729960500,758,829
2027,Codeforces Round 982 (Div. 2),vedant30,11771,1729960500,1007,937
2027,Codeforces Round 982 (Div. 2),sontruongpham,11771,1729960500,825,886
2027,Codeforces Round 982 (Div. 2),Bitbuzzer,11800,1729960500,886,877
2027,Codeforces Round 982 (Div. 2),need_to_code.,11800,1729960500,836,797
2027,Codeforces Round 982 (Div. 2),UniQue_0207,11800,1729960500,664,811
2027,Codeforces Round 982 (Div. 2),Samiajannat,11800,1729960500,593,751
2027,Codeforces Round 982 (Div. 2),pigeon4298,11800,1729960500,1147,1097
2027,Codeforces Round 982 (Div. 2),joffinkoshy,11800,1729960500,901,849
2027,Codeforces Round 982 (Div. 2),Code_Equalizer,11800,1729960500,1200,1099
2027,Codeforces Round 982 (Div. 2),v_ajay_chandra,11800,1729960500,949,964
2027,Codeforces Round 982 (Div. 2),ashishbenny8,11800,1729960500,730,805
2027,Codeforces Round 982 (Div. 2),lawing_10,11800,1729960500,798,768
2027,Codeforces Round 982 (Div. 2),Parvezahmmed,11800,1729960500,428,658
2027,Codeforces Round 982 (Div. 2),sudhanshumahar2401,11800,1729960500,919,864
2027,Codeforces Round 982 (Div. 2),hasan2004,11800,1729960500,731,717
2027,Codeforces Round 982 (Div. 2),Ritika_K,11800,1729960500,810,817
2027,Codeforces Round 982 (Div. 2),bsricharan,11800,1729960500,1001,931
2027,Codeforces Round 982 (Div. 2),MAV224,11800,1729960500,0,374
2027,Codeforces Round 982 (Div. 2),30zzz,11800,1729960500,926,870
2027,Codeforces Round 982 (Div. 2),zijueshuijiao,11800,1729960500,0,374
2027,Codeforces Round 982 (Div. 2),Hujuntao,11800,1729960500,683,827
2027,Codeforces Round 982 (Div. 2),Reuben9027,11800,1729960500,993,966
2027,Codeforces Round 982 (Div. 2),PeachyGalaxy,11800,1729960500,0,374
2027,Codeforces Round 982 (Div. 2),smmyself007,11800,1729960500,838,799
2027,Codeforces Round 982 (Div. 2),_Break_The_Limits_,11800,1729960500,629,645
2027,Codeforces Round 982 (Div. 2),MegOOOOOO,11800,1729960500,891,914
2027,Codeforces Round 982 (Div. 2),Okay_07,11800,1729960500,862,818
2027,Codeforces Round 982 (Div. 2),Jayanth1278,11800,1729960500,368,607
2027,Codeforces Round 982 (Div. 2),Purav_Shah07,11800,1729960500,0,374
2027,Codeforces Round 982 (Div. 2),Hash_Smuggler,11800,1729960500,415,648
2027,Codeforces Round 982 (Div. 2),Dragonhearteed,11800,1729960500,0,374
2027,Codeforces Round 982 (Div. 2),Master_107,11800,1729960500,914,860
2027,Codeforces Round 982 (Div. 2),ShInN_05,11800,1729960500,927,911
2027,Codeforces Round 982 (Div. 2),ADSAHU9MOHIT,11800,1729960500,661,667
2027,Codeforces Round 982 (Div. 2),Raushan2353,11800,1729960500,0,374
2027,Codeforces Round 982 (Div. 2),saksham34e,11800,1729960500,968,945
2027,Codeforces Round 982 (Div. 2),7AM,11800,1729960500,927,870
2027,Codeforces Round 982 (Div. 2),alaminhossain01,11800,1729960500,593,751
2027,Codeforces Round 982 (Div. 2),Heavywind,11800,1729960500,0,374
2027,Codeforces Round 982 (Div. 2),nabil_62245,11800,1729960500,594,751
2027,Codeforces Round 982 (Div. 2),shivangdevina,11800,1729960500,822,883
2027,Codeforces Round 982 (Div. 2),sami38596,11800,1729960500,823,858
2027,Codeforces Round 982 (Div. 2),RahimAshraf,11800,1729960500,896,919
2027,Codeforces Round 982 (Div. 2),nani_iitp,11800,1729960500,862,858
2027,Codeforces Round 982 (Div. 2),abhay0_20,11800,1729960500,917,862
2027,Codeforces Round 982 (Div. 2),shravyadav31,11800,1729960500,355,596
2027,Codeforces Round 982 (Div. 2),code_turtle,11844,1729960500,1203,1101
2027,Codeforces Round 982 (Div. 2),Maniprakash_1043,11844,1729960500,782,823
2027,Codeforces Round 982 (Div. 2),J0rsbak,11844,1729960500,0,374
2027,Codeforces Round 982 (Div. 2),muzhik-pro,11844,1729960500,822,856
2027,Codeforces Round 982 (Div. 2),Musfika_21,11844,1729960500,592,749
2027,Codeforces Round 982 (Div. 2),Tendo_7000,11844,1729960500,407,640
2027,Codeforces Round 982 (Div. 2),R_9,11844,1729960500,608,763
2027,Codeforces Round 982 (Div. 2),Davut_.,11844,1729960500,939,920
2027,Codeforces Round 982 (Div. 2),S_Mortuza,11844,1729960500,789,854
2027,Codeforces Round 982 (Div. 2),rak1507,11844,1729960500,1403,1272
2027,Codeforces Round 982 (Div. 2),hemantsharma2004hs,11844,1729960500,985,917
2027,Codeforces Round 982 (Div. 2),pcastro1,11844,1729960500,847,805
2027,Codeforces Round 982 (Div. 2),RuhKhan,11844,1729960500,623,776
2027,Codeforces Round 982 (Div. 2),vanshxgupta,11844,1729960500,637,788
2027,Codeforces Round 982 (Div. 2),VV_1707,11844,1729960500,764,833
2027,Codeforces Round 982 (Div. 2),aryan.chindalur,11844,1729960500,594,751
2027,Codeforces Round 982 (Div. 2),Jhon_EPC,11844,1729960500,848,806
2027,Codeforces Round 982 (Div. 2),notrajeshhh,11844,1729960500,387,623
2027,Codeforces Round 982 (Div. 2),Sayandip_Saha,11844,1729960500,752,731
2027,Codeforces Round 982 (Div. 2),dessaiaryan4419,11844,1729960500,1130,1039
2027,Codeforces Round 982 (Div. 2),Intisar_Khan,11844,1729960500,358,598
2027,Codeforces Round 982 (Div. 2),Mr_CHEATER,11844,1729960500,364,603
2027,Codeforces Round 982 (Div. 2),VIKAS_DEV2002,11844,1729960500,1074,1034
2027,Codeforces Round 982 (Div. 2),hwng97,11844,1729960500,1062,1059
2027,Codeforces Round 982 (Div. 2),tejasguntru,11844,1729960500,730,715
2027,Codeforces Round 982 (Div. 2),ankitraj5670,11844,1729960500,856,852
2027,Codeforces Round 982 (Div. 2),cyclonic1,11844,1729960500,0,374
2027,Codeforces Round 982 (Div. 2),amaysharma06,11844,1729960500,0,374
2027,Codeforces Round 982 (Div. 2),zyxcba69420,11844,1729960500,403,637
2027,Codeforces Round 982 (Div. 2),pramodha5,11844,1729960500,953,891
2027,Codeforces Round 982 (Div. 2),FallingStar_,11844,1729960500,1117,1028
2027,Codeforces Round 982 (Div. 2),parteekoncode,11875,1729960500,407,640
2027,Codeforces Round 982 (Div. 2),rupline,11875,1729960500,875,900
2027,Codeforces Round 982 (Div. 2),AV69,11875,1729960500,846,843
2027,Codeforces Round 982 (Div. 2),Sr.Sapo,11875,1729960500,830,862
2027,Codeforces Round 982 (Div. 2),Alle43221,11875,1729960500,897,945
2027,Codeforces Round 982 (Div. 2),tamim65,11875,1729960500,828,861
2027,Codeforces Round 982 (Div. 2),theRealAshu,11875,1729960500,939,878
2027,Codeforces Round 982 (Div. 2),Disicpl,11875,1729960500,654,802
2027,Codeforces Round 982 (Div. 2),tugnthanh2,11875,1729960500,651,799
2027,Codeforces Round 982 (Div. 2),rudrashree,11875,1729960500,735,808
2027,Codeforces Round 982 (Div. 2),empty_logic,11875,1729960500,609,763
2027,Codeforces Round 982 (Div. 2),nishwanth2003,11875,1729960500,726,711
2027,Codeforces Round 982 (Div. 2),priority_Qute,11875,1729960500,1006,934
2027,Codeforces Round 982 (Div. 2),EvilPenguin,11875,1729960500,722,709
2027,Codeforces Round 982 (Div. 2),deepranjan_024,11875,1729960500,364,603
2027,Codeforces Round 982 (Div. 2),Neha_1602,11875,1729960500,834,794
2027,Codeforces Round 982 (Div. 2),WhoAmI0101,11875,1729960500,617,770
2027,Codeforces Round 982 (Div. 2),sajid.gcms.kp,11875,1729960500,866,819
2027,Codeforces Round 982 (Div. 2),hasier,11875,1729960500,833,865
2027,Codeforces Round 982 (Div. 2),Rexx31,11875,1729960500,882,906
2027,Codeforces Round 982 (Div. 2),Farhat_Sk,11875,1729960500,888,837
2027,Codeforces Round 982 (Div. 2),Trung_NR,11875,1729960500,983,991
2027,Codeforces Round 982 (Div. 2),Tanjim.100,11875,1729960500,904,850
2027,Codeforces Round 982 (Div. 2),Kathan12,11898,1729960500,770,812
2027,Codeforces Round 982 (Div. 2),bhuvan_sankar_gupta,11898,1729960500,788,757
2027,Codeforces Round 982 (Div. 2),xlct,11898,1729960500,365,603
2027,Codeforces Round 982 (Div. 2),charan3773,11898,1729960500,403,636
2027,Codeforces Round 982 (Div. 2),gurkiratcode,11898,1729960500,914,857
2027,Codeforces Round 982 (Div. 2),Hank0924,11898,1729960500,387,622
2027,Codeforces Round 982 (Div. 2),Rahinnn,11898,1729960500,888,877
2027,Codeforces Round 982 (Div. 2),sangam_7,11898,1729960500,740,811
2027,Codeforces Round 982 (Div. 2),AkshatJain481,11898,1729960500,396,630
2027,Codeforces Round 982 (Div. 2),Yaswanth_jaya_vema,11898,1729960500,834,865
2027,Codeforces Round 982 (Div. 2),vKoder_18,11898,1729960500,862,815
2027,Codeforces Round 982 (Div. 2),Pichon_Rastastas,11898,1729960500,800,862
2027,Codeforces Round 982 (Div. 2),lhwdqfjioaiovhiaiov,11898,1729960500,0,373
2027,Codeforces Round 982 (Div. 2),Kumaraakash7352,11898,1729960500,923,865
2027,Codeforces Round 982 (Div. 2),naghamrjoub,11898,1729960500,1152,1057
2027,Codeforces Round 982 (Div. 2),tharun2107,11898,1729960500,394,628
2027,Codeforces Round 982 (Div. 2),itzsohanrc,11898,1729960500,983,991
2027,Codeforces Round 982 (Div. 2),moonfly,11898,1729960500,649,797
2027,Codeforces Round 982 (Div. 2),Helal_Uddin8009,11898,1729960500,623,775
2027,Codeforces Round 982 (Div. 2),bossmove,11898,1729960500,0,373
2027,Codeforces Round 982 (Div. 2),Ui_Umi,11898,1729960500,613,766
2027,Codeforces Round 982 (Div. 2),vgm_haron,11898,1729960500,0,373
2027,Codeforces Round 982 (Div. 2),mnkp,11898,1729960500,1120,1029
2027,Codeforces Round 982 (Div. 2),hrithik-v,11898,1729960500,797,860
2027,Codeforces Round 982 (Div. 2),-_O_worry_O_-,11898,1729960500,954,890
2027,Codeforces Round 982 (Div. 2),Tresi28,11898,1729960500,1022,947
2027,Codeforces Round 982 (Div. 2),isataygaygaygaygaygaygay,11898,1729960500,1275,1162
2027,Codeforces Round 982 (Div. 2),amishb007,11898,1729960500,822,824
2027,Codeforces Round 982 (Div. 2),qutarii,11898,1729960500,0,373
2027,Codeforces Round 982 (Div. 2),dasap,11898,1729960500,384,620
2027,Codeforces Round 982 (Div. 2),faisalbhaisera,11898,1729960500,673,671
2027,Codeforces Round 982 (Div. 2),spshirzad04,11898,1729960500,1364,1238
2027,Codeforces Round 982 (Div. 2),yashaswi1,11898,1729960500,567,727
2027,Codeforces Round 982 (Div. 2),ayushSRG2004,11898,1729960500,782,753
2027,Codeforces Round 982 (Div. 2),zanifa_zini,11932,1729960500,796,763
2027,Codeforces Round 982 (Div. 2),sushant.pangeni,11932,1729960500,408,640
2027,Codeforces Round 982 (Div. 2),Omaer02,11932,1729960500,792,759
2027,Codeforces Round 982 (Div. 2),rakib2004,11932,1729960500,539,579
2027,Codeforces Round 982 (Div. 2),A7md_Sob7,11932,1729960500,1027,950
2027,Codeforces Round 982 (Div. 2),Abhishek_Abbi,11932,1729960500,1136,1085
2027,Codeforces Round 982 (Div. 2),haveOlogntime,11932,1729960500,0,372
2027,Codeforces Round 982 (Div. 2),sufians_008_world,11932,1729960500,782,821
2027,Codeforces Round 982 (Div. 2),arup_04,11932,1729960500,813,776
2027,Codeforces Round 982 (Div. 2),mohameeeed_khaled,11932,1729960500,359,598
2027,Codeforces Round 982 (Div. 2),javaphile,11932,1729960500,821,880
2027,Codeforces Round 982 (Div. 2),chenzhishuo2012,11932,1729960500,0,372
2027,Codeforces Round 982 (Div. 2),FernandoJC07,11932,1729960500,1066,983
2027,Codeforces Round 982 (Div. 2),Samruddhibg108,11932,1729960500,826,858
2027,Codeforces Round 982 (Div. 2),rjdeep182,11932,1729960500,885,833
2027,Codeforces Round 982 (Div. 2),likunxin9,11932,1729960500,0,372
2027,Codeforces Round 982 (Div. 2),HARSHSHRINGI,11932,1729960500,739,810
2027,Codeforces Round 982 (Div. 2),dhruvika12_06,11932,1729960500,611,764
2027,Codeforces Round 982 (Div. 2),aripirala655,11932,1729960500,783,848
2027,Codeforces Round 982 (Div. 2),CodeClever,11932,1729960500,737,717
2027,Codeforces Round 982 (Div. 2),Mehul-Raj,11932,1729960500,1186,1085
2027,Codeforces Round 982 (Div. 2),zlxhh666,11932,1729960500,645,793
2027,Codeforces Round 982 (Div. 2),Vivek_nitro,11932,1729960500,368,606
2027,Codeforces Round 982 (Div. 2),Sadi_Islam,11932,1729960500,361,600
2027,Codeforces Round 982 (Div. 2),Liyiyi,11932,1729960500,376,613
2027,Codeforces Round 982 (Div. 2),krispydummer,11932,1729960500,844,840
2027,Codeforces Round 982 (Div. 2),Wahidddd,11958,1729960500,802,837
2027,Codeforces Round 982 (Div. 2),virtuxa,11958,1729960500,0,372
2027,Codeforces Round 982 (Div. 2),silverhaffling01,11958,1729960500,0,372
2027,Codeforces Round 982 (Div. 2),feng_0108,11958,1729960500,773,839
2027,Codeforces Round 982 (Div. 2),DivyamGoel123,11958,1729960500,0,372
2027,Codeforces Round 982 (Div. 2),ravikr2639,11958,1729960500,350,590
2027,Codeforces Round 982 (Div. 2),sachin_bhe,11958,1729960500,773,839
2027,Codeforces Round 982 (Div. 2),asamv,11958,1729960500,877,927
2027,Codeforces Round 982 (Div. 2),herscherofvoid,11958,1729960500,758,826
2027,Codeforces Round 982 (Div. 2),LEVI__AKERMAN,11958,1729960500,940,877
2027,Codeforces Round 982 (Div. 2),__Fares__,11958,1729960500,997,967
2027,Codeforces Round 982 (Div. 2),GOLU_S,11958,1729960500,734,869
2027,Codeforces Round 982 (Div. 2),x-fresher,11958,1729960500,398,631
2027,Codeforces Round 982 (Div. 2),Zahin_LU,11958,1729960500,927,866
2027,Codeforces Round 982 (Div. 2),rp07,11958,1729960500,396,630
2027,Codeforces Round 982 (Div. 2),Makan-Javadi,11958,1729960500,0,372
2027,Codeforces Round 982 (Div. 2),sujansg23,11958,1729960500,781,750
2027,Codeforces Round 982 (Div. 2),down182,11958,1729960500,828,787
2027,Codeforces Round 982 (Div. 2),STRANGER_001,11958,1729960500,653,655
2027,Codeforces Round 982 (Div. 2),RUTHVIK0811,11958,1729960500,356,595
2027,Codeforces Round 982 (Div. 2),kesavakarthikr,11958,1729960500,871,895
2027,Codeforces Round 982 (Div. 2),sudhanshu_jha,11958,1729960500,811,773
2027,Codeforces Round 982 (Div. 2),rajaryan_coder,11958,1729960500,821,879
2027,Codeforces Round 982 (Div. 2),Parthu_333,11958,1729960500,954,930
2027,Codeforces Round 982 (Div. 2),karmanvinay,11958,1729960500,982,912
2027,Codeforces Round 982 (Div. 2),Manas-G-009-28,11958,1729960500,567,726
2027,Codeforces Round 982 (Div. 2),Greeshma855,11958,1729960500,0,372
2027,Codeforces Round 982 (Div. 2),amine21,11958,1729960500,0,372
2027,Codeforces Round 982 (Div. 2),214394155,11958,1729960500,378,614
2027,Codeforces Round 982 (Div. 2),Jiya_Kathuria,11958,1729960500,758,801
2027,Codeforces Round 982 (Div. 2),hemantporwal2k3,11958,1729960500,939,876
2027,Codeforces Round 982 (Div. 2),linux_kali,11958,1729960500,0,372
2027,Codeforces Round 982 (Div. 2),sofialimon,11958,1729960500,365,603
2027,Codeforces Round 982 (Div. 2),AnanyaKastiya2911,11991,1729960500,0,372
2027,Codeforces Round 982 (Div. 2),OrJH,11991,1729960500,381,616
2027,Codeforces Round 982 (Div. 2),Vedjani07,11991,1729960500,0,372
2027,Codeforces Round 982 (Div. 2),Noman_99,11991,1729960500,389,623
2027,Codeforces Round 982 (Div. 2),mangooo,11991,1729960500,734,713
2027,Codeforces Round 982 (Div. 2),sahilwaje63,11991,1729960500,730,802
2027,Codeforces Round 982 (Div. 2),varun__rana,11991,1729960500,0,372
2027,Codeforces Round 982 (Div. 2),Rameshwar1728,11991,1729960500,795,857
2027,Codeforces Round 982 (Div. 2),mahmoudalngm2004,11991,1729960500,930,910
2027,Codeforces Round 982 (Div. 2),cold_octopus,11991,1729960500,376,612
2027,Codeforces Round 982 (Div. 2),adya_231020407,11991,1729960500,875,824
2027,Codeforces Round 982 (Div. 2),daddymonil,11991,1729960500,757,825
2027,Codeforces Round 982 (Div. 2),Depto22,11991,1729960500,0,372
2027,Codeforces Round 982 (Div. 2),sbmahafujbondhon,11991,1729960500,812,773
2027,Codeforces Round 982 (Div. 2),adityakchauhan,11991,1729960500,869,893
2027,Codeforces Round 982 (Div. 2),mosiac,11991,1729960500,1168,1112
2027,Codeforces Round 982 (Div. 2),maharaja,11991,1729960500,812,773
2027,Codeforces Round 982 (Div. 2),Unknownxcodes,11991,1729960500,764,831
2027,Codeforces Round 982 (Div. 2),Sarav_24,11991,1729960500,822,781
2027,Codeforces Round 982 (Div. 2),henish.t,11991,1729960500,1028,950
2027,Codeforces Round 982 (Div. 2),Anatoly_25,11991,1729960500,0,372
2027,Codeforces Round 982 (Div. 2),nishat_30,12012,1729960500,0,372
2027,Codeforces Round 982 (Div. 2),Suhanijain2904,12012,1729960500,815,815
2027,Codeforces Round 982 (Div. 2),arpit_p23,12012,1729960500,789,794
2027,Codeforces Round 982 (Div. 2),rezaul_1,12012,1729960500,618,769
2027,Codeforces Round 982 (Div. 2),pavlicevic.eugen,12012,1729960500,800,860
2027,Codeforces Round 982 (Div. 2),saianudra,12012,1729960500,635,783
2027,Codeforces Round 982 (Div. 2),eshan07,12012,1729960500,735,806
2027,Codeforces Round 982 (Div. 2),Golgawitch,12012,1729960500,907,924
2027,Codeforces Round 982 (Div. 2),Aimukhammed,12012,1729960500,803,837
2027,Codeforces Round 982 (Div. 2),mahfuzrahman,12012,1729960500,1064,980
2027,Codeforces Round 982 (Div. 2),siddhant_ydv,12012,1729960500,637,785
2027,Codeforces Round 982 (Div. 2),mr.vraj31,12012,1729960500,600,754
2027,Codeforces Round 982 (Div. 2),uffi29,12012,1729960500,847,800
2027,Codeforces Round 982 (Div. 2),Ash_2003,12012,1729960500,814,774
2027,Codeforces Round 982 (Div. 2),Aryan26445,12012,1729960500,778,746
2027,Codeforces Round 982 (Div. 2),abhaysingh7390,12012,1729960500,728,708
2027,Codeforces Round 982 (Div. 2),bloodreaper7,12012,1729960500,921,936
2027,Codeforces Round 982 (Div. 2),bhardwaj102005,12012,1729960500,691,681
2027,Codeforces Round 982 (Div. 2),Abu-N-018-2028,12012,1729960500,763,735
2027,Codeforces Round 982 (Div. 2),yujue,12012,1729960500,0,372
2027,Codeforces Round 982 (Div. 2),PG_433,12012,1729960500,858,809
2027,Codeforces Round 982 (Div. 2),ebrahim3181,12012,1729960500,865,815
2027,Codeforces Round 982 (Div. 2),Vnnz,12012,1729960500,0,372
2027,Codeforces Round 982 (Div. 2),Kanomus,12012,1729960500,362,600
2027,Codeforces Round 982 (Div. 2),Dev_ouR,12012,1729960500,676,819
2027,Codeforces Round 982 (Div. 2),Zerix100,12012,1729960500,1166,1067
2027,Codeforces Round 982 (Div. 2),Sakethpalthi,12038,1729960500,824,854
2027,Codeforces Round 982 (Div. 2),qwertyuiop-,12038,1729960500,418,647
2027,Codeforces Round 982 (Div. 2),accidental_genius,12038,1729960500,1165,1066
2027,Codeforces Round 982 (Div. 2),dilkrut,12038,1729960500,386,620
2027,Codeforces Round 982 (Div. 2),Hactor,12038,1729960500,887,907
2027,Codeforces Round 982 (Div. 2),abderrahmenchebbi,12038,1729960500,377,612
2027,Codeforces Round 982 (Div. 2),ritu_raj_9534,12038,1729960500,1183,1081
2027,Codeforces Round 982 (Div. 2),nAnA_G,12038,1729960500,947,881
2027,Codeforces Round 982 (Div. 2),KEmcH_O,12038,1729960500,943,878
2027,Codeforces Round 982 (Div. 2),sium-ahmed,12038,1729960500,764,804
2027,Codeforces Round 982 (Div. 2),Bhanuman,12038,1729960500,794,758
2027,Codeforces Round 982 (Div. 2),bidyanshu_kumar20,12038,1729960500,634,638
2027,Codeforces Round 982 (Div. 2),abhijitkhole15,12038,1729960500,360,597
2027,Codeforces Round 982 (Div. 2),xinyvxing,12038,1729960500,991,918
2027,Codeforces Round 982 (Div. 2),VokrovecBro,12038,1729960500,688,829
2027,Codeforces Round 982 (Div. 2),somniac,12038,1729960500,1417,1282
2027,Codeforces Round 982 (Div. 2),prabidush,12038,1729960500,785,821
2027,Codeforces Round 982 (Div. 2),jithendra98,12038,1729960500,649,795
2027,Codeforces Round 982 (Div. 2),HeroMinhSteve,12038,1729960500,861,811
2027,Codeforces Round 982 (Div. 2),DavitBakh,12038,1729960500,935,871
2027,Codeforces Round 982 (Div. 2),shantanugupta2907,12038,1729960500,1334,1211
2027,Codeforces Round 982 (Div. 2),xenogenesis_,12038,1729960500,1066,1024
2027,Codeforces Round 982 (Div. 2),Demo_Dog,12038,1729960500,0,372
2027,Codeforces Round 982 (Div. 2),akilhossain400,12038,1729960500,555,584
2027,Codeforces Round 982 (Div. 2),Davis_J,12038,1729960500,603,756
2027,Codeforces Round 982 (Div. 2),riteshpandey,12063,1729960500,371,607
2027,Codeforces Round 982 (Div. 2),Rama_Itani,12063,1729960500,1050,967
2027,Codeforces Round 982 (Div. 2),Vamsi_yalamati,12063,1729960500,608,759
2027,Codeforces Round 982 (Div. 2),Nuetron,12063,1729960500,825,881
2027,Codeforces Round 982 (Div. 2),tarekchy,12063,1729960500,906,847
2027,Codeforces Round 982 (Div. 2),sushwar_16,12063,1729960500,899,841
2027,Codeforces Round 982 (Div. 2),tajwarsaiyeed,12063,1729960500,882,827
2027,Codeforces Round 982 (Div. 2),ahnafnafin7,12063,1729960500,805,805
2027,Codeforces Round 982 (Div. 2),peopleig,12063,1729960500,819,876
2027,Codeforces Round 982 (Div. 2),Shahdooz25,12063,1729960500,819,776
2027,Codeforces Round 982 (Div. 2),Ankitkumarsingha,12063,1729960500,798,760
2027,Codeforces Round 982 (Div. 2),Battlebee12,12063,1729960500,399,631
2027,Codeforces Round 982 (Div. 2),Zouy,12063,1729960500,888,832
2027,Codeforces Round 982 (Div. 2),shakib_1039,12063,1729960500,881,867
2027,Codeforces Round 982 (Div. 2),anshukit2011,12063,1729960500,1160,1061
2027,Codeforces Round 982 (Div. 2),AnotherHandleForFun,12063,1729960500,1114,1022
2027,Codeforces Round 982 (Div. 2),___S_O_H_I_D_U_L___,12063,1729960500,598,612
2027,Codeforces Round 982 (Div. 2),vewake,12063,1729960500,806,766
2027,Codeforces Round 982 (Div. 2),M1le,12063,1729960500,1057,973
2027,Codeforces Round 982 (Div. 2),2200030267,12063,1729960500,832,859
2027,Codeforces Round 982 (Div. 2),ashu6919,12063,1729960500,0,371
2027,Codeforces Round 982 (Div. 2),Divyansh_kumar123,12063,1729960500,1012,935
2027,Codeforces Round 982 (Div. 2),mohsenKH,12063,1729960500,0,371
2027,Codeforces Round 982 (Div. 2),Bimbeso,12063,1729960500,1138,1086
2027,Codeforces Round 982 (Div. 2),Ekshith,12063,1729960500,912,927
2027,Codeforces Round 982 (Div. 2),scutemm,12063,1729960500,595,748
2027,Codeforces Round 982 (Div. 2),Advaith_12,12089,1729960500,580,735
2027,Codeforces Round 982 (Div. 2),Oatschamp,12089,1729960500,834,787
2027,Codeforces Round 982 (Div. 2),rishi_jaat,12089,1729960500,651,796
2027,Codeforces Round 982 (Div. 2),CF_User5506,12089,1729960500,644,790
2027,Codeforces Round 982 (Div. 2),Dr.doom18967,12089,1729960500,1150,1052
2027,Codeforces Round 982 (Div. 2),beThe1,12089,1729960500,684,672
2027,Codeforces Round 982 (Div. 2),kuxha,12089,1729960500,889,832
2027,Codeforces Round 982 (Div. 2),jaminarendra004,12089,1729960500,778,840
2027,Codeforces Round 982 (Div. 2),kooshaaa,12089,1729960500,687,827
2027,Codeforces Round 982 (Div. 2),bhuvesh23100,12089,1729960500,672,663
2027,Codeforces Round 982 (Div. 2),PaRaDoX_CSTU,12089,1729960500,705,687
2027,Codeforces Round 982 (Div. 2),akshatgarg715,12089,1729960500,859,910
2027,Codeforces Round 982 (Div. 2),Siddharth0908,12089,1729960500,931,866
2027,Codeforces Round 982 (Div. 2),ahmed_shahriyar,12089,1729960500,910,849
2027,Codeforces Round 982 (Div. 2),sriram6132,12089,1729960500,543,573
2027,Codeforces Round 982 (Div. 2),STarry_cosmos,12089,1729960500,397,628
2027,Codeforces Round 982 (Div. 2),raghav_khapra,12089,1729960500,834,953
2027,Codeforces Round 982 (Div. 2),purple_spider513,12089,1729960500,878,898
2027,Codeforces Round 982 (Div. 2),san2005,12089,1729960500,1019,940
2027,Codeforces Round 982 (Div. 2),One_True,12089,1729960500,1088,1078
2027,Codeforces Round 982 (Div. 2),navdeeppal17,12089,1729960500,726,796
2027,Codeforces Round 982 (Div. 2),hady199,12089,1729960500,1055,971
2027,Codeforces Round 982 (Div. 2),lzq2005,12089,1729960500,0,371
2027,Codeforces Round 982 (Div. 2),shivanshmandolia,12089,1729960500,909,848
2027,Codeforces Round 982 (Div. 2),J0KER.,12089,1729960500,1123,1029
2027,Codeforces Round 982 (Div. 2),lackofsleep,12089,1729960500,1009,1010
2027,Codeforces Round 982 (Div. 2),nikisnej,12089,1729960500,0,371
2027,Codeforces Round 982 (Div. 2),discontinuous,12089,1729960500,764,732
2027,Codeforces Round 982 (Div. 2),Aditya.akk,12089,1729960500,707,780
2027,Codeforces Round 982 (Div. 2),akatsuki_08,12089,1729960500,812,769
2027,Codeforces Round 982 (Div. 2),2804__,12089,1729960500,679,668
2027,Codeforces Round 982 (Div. 2),Kukulkan_,12089,1729960500,573,729
2027,Codeforces Round 982 (Div. 2),atikmorshedsohan,12121,1729960500,627,629
2027,Codeforces Round 982 (Div. 2),hun1e7,12121,1729960500,930,970
2027,Codeforces Round 982 (Div. 2),meetmendapara09,12121,1729960500,651,795
2027,Codeforces Round 982 (Div. 2),random17,12121,1729960500,821,816
2027,Codeforces Round 982 (Div. 2),Ananegr,12121,1729960500,977,904
2027,Codeforces Round 982 (Div. 2),K-Marjona,12121,1729960500,622,626
2027,Codeforces Round 982 (Div. 2),srikar2429,12121,1729960500,1153,1054
2027,Codeforces Round 982 (Div. 2),klu_2200030459,12121,1729960500,699,837
2027,Codeforces Round 982 (Div. 2),Maha_D_Rahman,12121,1729960500,780,744
2027,Codeforces Round 982 (Div. 2),bix_developer,12121,1729960500,917,896
2027,Codeforces Round 982 (Div. 2),afatwapas,12121,1729960500,777,904
2027,Codeforces Round 982 (Div. 2),Chaitanya140904,12121,1729960500,415,644
2027,Codeforces Round 982 (Div. 2),tranngoAhihi,12121,1729960500,647,792
2027,Codeforces Round 982 (Div. 2),srushtigarad_7,12121,1729960500,774,836
2027,Codeforces Round 982 (Div. 2),karthikeyasharma979,12121,1729960500,873,859
2027,Codeforces Round 982 (Div. 2),Pukhraj_Motwani,12121,1729960500,756,725
2027,Codeforces Round 982 (Div. 2),mirp01,12121,1729960500,739,807
2027,Codeforces Round 982 (Div. 2),shubh_pathak12,12121,1729960500,0,370
2027,Codeforces Round 982 (Div. 2),hemavardhan.g,12121,1729960500,677,665
2027,Codeforces Round 982 (Div. 2),omasho,12121,1729960500,908,847
2027,Codeforces Round 982 (Div. 2),avenger1.tonystark,12121,1729960500,0,370
2027,Codeforces Round 982 (Div. 2),code_80,12121,1729960500,562,585
2027,Codeforces Round 982 (Div. 2),hrszo,12121,1729960500,625,773
2027,Codeforces Round 982 (Div. 2),MD_Rakibul_hassan,12121,1729960500,926,861
2027,Codeforces Round 982 (Div. 2),rushabhjain,12121,1729960500,848,872
2027,Codeforces Round 982 (Div. 2),Awsoemio,12121,1729960500,877,925
2027,Codeforces Round 982 (Div. 2),Alcides_12,12121,1729960500,622,771
2027,Codeforces Round 982 (Div. 2),rcd,12121,1729960500,0,370
2027,Codeforces Round 982 (Div. 2),22r01a04h5,12121,1729960500,0,370
2027,Codeforces Round 982 (Div. 2),MubtasimSajid,12121,1729960500,959,889
2027,Codeforces Round 982 (Div. 2),anshulr275,12121,1729960500,849,798
2027,Codeforces Round 982 (Div. 2),blackhawk2003,12121,1729960500,902,842
2027,Codeforces Round 982 (Div. 2),DestinyDriver,12153,1729960500,951,881
2027,Codeforces Round 982 (Div. 2),sowmya_0410,12153,1729960500,465,520
2027,Codeforces Round 982 (Div. 2),NikhilN123,12153,1729960500,848,796
2027,Codeforces Round 982 (Div. 2),Untamed_,12153,1729960500,778,740
2027,Codeforces Round 982 (Div. 2),majedkh,12153,1729960500,894,876
2027,Codeforces Round 982 (Div. 2),ritesh.saindane,12153,1729960500,881,899
2027,Codeforces Round 982 (Div. 2),2200080103klu,12153,1729960500,854,842
2027,Codeforces Round 982 (Div. 2),09aryan,12153,1729960500,1167,1066
2027,Codeforces Round 982 (Div. 2),Arif.30,12153,1729960500,845,794
2027,Codeforces Round 982 (Div. 2),sahabi_khan,12153,1729960500,888,905
2027,Codeforces Round 982 (Div. 2),simanto_O8,12153,1729960500,762,825
2027,Codeforces Round 982 (Div. 2),EusoufCSE12,12153,1729960500,804,761
2027,Codeforces Round 982 (Div. 2),qzhi,12153,1729960500,0,370
2027,Codeforces Round 982 (Div. 2),maks.sidorenko,12153,1729960500,1047,963
2027,Codeforces Round 982 (Div. 2),brawnyPheonix,12153,1729960500,852,800
2027,Codeforces Round 982 (Div. 2),purabagr,12153,1729960500,1084,1037
2027,Codeforces Round 982 (Div. 2),Albertwyh,12153,1729960500,362,598
2027,Codeforces Round 982 (Div. 2),just_existing123,12153,1729960500,1016,936
2027,Codeforces Round 982 (Div. 2),devanshpersonalll,12153,1729960500,763,799
2027,Codeforces Round 982 (Div. 2),Andrey1379,12153,1729960500,373,607
2027,Codeforces Round 982 (Div. 2),sp_mehedi,12153,1729960500,1137,1040
2027,Codeforces Round 982 (Div. 2),08r41n,12153,1729960500,663,805
2027,Codeforces Round 982 (Div. 2),Udipto_Mondal,12153,1729960500,794,793
2027,Codeforces Round 982 (Div. 2),Himanshu_Daya,12153,1729960500,419,647
2027,Codeforces Round 982 (Div. 2),tanishakundra10,12153,1729960500,619,767
2027,Codeforces Round 982 (Div. 2),emper0r_24,12153,1729960500,872,891
2027,Codeforces Round 982 (Div. 2),hksuryan,12153,1729960500,943,952
2027,Codeforces Round 982 (Div. 2),ramneek2003kaur,12153,1729960500,899,914
2027,Codeforces Round 982 (Div. 2),hogwild2024,12153,1729960500,625,773
2027,Codeforces Round 982 (Div. 2),sn1638,12153,1729960500,592,744
2027,Codeforces Round 982 (Div. 2),Baap,12153,1729960500,1065,978
2027,Codeforces Round 982 (Div. 2),udataatank,12153,1729960500,730,798
2027,Codeforces Round 982 (Div. 2),Israth_farhana,12185,1729960500,593,745
2027,Codeforces Round 982 (Div. 2),cfTillGoogle,12185,1729960500,943,874
2027,Codeforces Round 982 (Div. 2),hridoy16,12185,1729960500,708,686
2027,Codeforces Round 982 (Div. 2),h_saharawat,12185,1729960500,768,803
2027,Codeforces Round 982 (Div. 2),sunny.g07,12185,1729960500,789,820
2027,Codeforces Round 982 (Div. 2),AnasKa,12185,1729960500,780,741
2027,Codeforces Round 982 (Div. 2),Udit_21,12185,1729960500,893,909
2027,Codeforces Round 982 (Div. 2),Ankit-cp,12185,1729960500,355,591
2027,Codeforces Round 982 (Div. 2),22241a1213,12185,1729960500,608,758
2027,Codeforces Round 982 (Div. 2),yaghyesh52,12185,1729960500,884,930
2027,Codeforces Round 982 (Div. 2),haige,12185,1729960500,748,878
2027,Codeforces Round 982 (Div. 2),Dr.Arshan,12185,1729960500,1012,932
2027,Codeforces Round 982 (Div. 2),Surtr1,12185,1729960500,1195,1089
2027,Codeforces Round 982 (Div. 2),wohkrishnahai,12185,1729960500,370,604
2027,Codeforces Round 982 (Div. 2),sujal7439,12185,1729960500,1197,1091
2027,Codeforces Round 982 (Div. 2),archit_adnaik03,12185,1729960500,654,797
2027,Codeforces Round 982 (Div. 2),lasyanvenkatvasamsetti,12185,1729960500,0,370
2027,Codeforces Round 982 (Div. 2),Moogly,12185,1729960500,1070,982
2027,Codeforces Round 982 (Div. 2),bunny57,12185,1729960500,1009,929
2027,Codeforces Round 982 (Div. 2),black_tandav,12185,1729960500,884,825
2027,Codeforces Round 982 (Div. 2),sumitchhablani20,12185,1729960500,840,892
2027,Codeforces Round 982 (Div. 2),hark,12185,1729960500,960,931
2027,Codeforces Round 982 (Div. 2),naiminator,12185,1729960500,780,840
2027,Codeforces Round 982 (Div. 2),Tani_Rahman,12185,1729960500,780,741
2027,Codeforces Round 982 (Div. 2),yasho_c,12209,1729960500,760,796
2027,Codeforces Round 982 (Div. 2),durga_1102,12209,1729960500,0,369
2027,Codeforces Round 982 (Div. 2),s72568578,12209,1729960500,780,740
2027,Codeforces Round 982 (Div. 2),tianti10086,12209,1729960500,890,870
2027,Codeforces Round 982 (Div. 2),RahulDhandore_231020438,12209,1729960500,884,824
2027,Codeforces Round 982 (Div. 2),Faggi,12209,1729960500,976,1009
2027,Codeforces Round 982 (Div. 2),sajayprasadgupta123,12209,1729960500,391,622
2027,Codeforces Round 982 (Div. 2),codeforfriend001,12209,1729960500,815,768
2027,Codeforces Round 982 (Div. 2),hoodrichpirobo,12209,1729960500,962,889
2027,Codeforces Round 982 (Div. 2),Rushan0408,12209,1729960500,600,750
2027,Codeforces Round 982 (Div. 2),toma_522,12209,1729960500,371,605
2027,Codeforces Round 982 (Div. 2),your_name16,12209,1729960500,954,882
2027,Codeforces Round 982 (Div. 2),SinSteR,12209,1729960500,390,621
2027,Codeforces Round 982 (Div. 2),shy_paper,12209,1729960500,1579,1418
2027,Codeforces Round 982 (Div. 2),VivekShankar,12209,1729960500,360,595
2027,Codeforces Round 982 (Div. 2),koularsh,12209,1729960500,372,605
2027,Codeforces Round 982 (Div. 2),Ashish_yadava,12209,1729960500,829,854
2027,Codeforces Round 982 (Div. 2),r9652308234,12209,1729960500,584,737
2027,Codeforces Round 982 (Div. 2),hardInterviewFuel,12209,1729960500,0,369
2027,Codeforces Round 982 (Div. 2),daspavel07,12209,1729960500,923,934
2027,Codeforces Round 982 (Div. 2),joyboy_av,12209,1729960500,892,872
2027,Codeforces Round 982 (Div. 2),arun_km,12209,1729960500,846,793
2027,Codeforces Round 982 (Div. 2),ulisesjared,12209,1729960500,1006,926
2027,Codeforces Round 982 (Div. 2),hopezero,12209,1729960500,799,755
2027,Codeforces Round 982 (Div. 2),raju_boorla,12209,1729960500,870,813
2027,Codeforces Round 982 (Div. 2),Quangvictor,12209,1729960500,0,369
2027,Codeforces Round 982 (Div. 2),zackydev,12209,1729960500,395,625
2027,Codeforces Round 982 (Div. 2),secret_genius,12209,1729960500,896,911
2027,Codeforces Round 982 (Div. 2),yuji99,12209,1729960500,355,590
2027,Codeforces Round 982 (Div. 2),asm_zakir,12209,1729960500,535,561
2027,Codeforces Round 982 (Div. 2),ThePunisher_30,12209,1729960500,1068,979
2027,Codeforces Round 982 (Div. 2),zzzeen,12209,1729960500,778,904
2027,Codeforces Round 982 (Div. 2),XIAOYU1145146,12209,1729960500,0,369
2027,Codeforces Round 982 (Div. 2),AlienX99,12242,1729960500,891,871
2027,Codeforces Round 982 (Div. 2),gngbjxP4LL,12242,1729960500,1103,1009
2027,Codeforces Round 982 (Div. 2),_O.r_I.G.i..N_,12242,1729960500,0,369
2027,Codeforces Round 982 (Div. 2),BitFlipper,12242,1729960500,0,369
2027,Codeforces Round 982 (Div. 2),rr1408,12242,1729960500,351,587
2027,Codeforces Round 982 (Div. 2),gpj__AI__deer_tube,12242,1729960500,0,369
2027,Codeforces Round 982 (Div. 2),wingtings,12242,1729960500,0,369
2027,Codeforces Round 982 (Div. 2),sddl3,12242,1729960500,987,910
2027,Codeforces Round 982 (Div. 2),harshwss23,12242,1729960500,805,861
2027,Codeforces Round 982 (Div. 2),minh_ton,12242,1729960500,402,631
2027,Codeforces Round 982 (Div. 2),anupgiri1912,12242,1729960500,729,700
2027,Codeforces Round 982 (Div. 2),glee_lily_,12242,1729960500,611,759
2027,Codeforces Round 982 (Div. 2),light01,12242,1729960500,1139,1040
2027,Codeforces Round 982 (Div. 2),Maestro_13,12242,1729960500,896,833
2027,Codeforces Round 982 (Div. 2),BEE1419,12256,1729960500,663,649
2027,Codeforces Round 982 (Div. 2),Gopi_Susmitha,12256,1729960500,813,765
2027,Codeforces Round 982 (Div. 2),tuanbess,12256,1729960500,864,807
2027,Codeforces Round 982 (Div. 2),TacticianTech,12256,1729960500,0,369
2027,Codeforces Round 982 (Div. 2),hylic_E,12256,1729960500,456,677
2027,Codeforces Round 982 (Div. 2),tharun1111,12256,1729960500,367,601
2027,Codeforces Round 982 (Div. 2),whos_vic,12256,1729960500,0,369
2027,Codeforces Round 982 (Div. 2),notark,12256,1729960500,1119,1023
2027,Codeforces Round 982 (Div. 2),madiyarzm,12256,1729960500,961,888
2027,Codeforces Round 982 (Div. 2),sarvesh23072004,12256,1729960500,367,601
2027,Codeforces Round 982 (Div. 2),Dodo_Queen,12256,1729960500,666,807
2027,Codeforces Round 982 (Div. 2),PRIT44421,12256,1729960500,683,821
2027,Codeforces Round 982 (Div. 2),CodingDiva,12256,1729960500,705,681
2027,Codeforces Round 982 (Div. 2),John__Shelby,12256,1729960500,865,808
2027,Codeforces Round 982 (Div. 2),CrimsonViper_07,12256,1729960500,803,798
2027,Codeforces Round 982 (Div. 2),Asif-Khan,12256,1729960500,583,592
2027,Codeforces Round 982 (Div. 2),sima124,12256,1729960500,664,650
2027,Codeforces Round 982 (Div. 2),harsh18sharma,12256,1729960500,1055,968
2027,Codeforces Round 982 (Div. 2),CopperRoger,12256,1729960500,1144,1044
2027,Codeforces Round 982 (Div. 2),Abhi0318,12256,1729960500,368,602
2027,Codeforces Round 982 (Div. 2),AkshitSoji06,12276,1729960500,890,904
2027,Codeforces Round 982 (Div. 2),Percival-01,12276,1729960500,580,732
2027,Codeforces Round 982 (Div. 2),Colours,12276,1729960500,0,369
2027,Codeforces Round 982 (Div. 2),XXXX6,12276,1729960500,671,811
2027,Codeforces Round 982 (Div. 2),Flax.01,12276,1729960500,583,734
2027,Codeforces Round 982 (Div. 2),BtfoAolk,12276,1729960500,0,369
2027,Codeforces Round 982 (Div. 2),chauhanasheesh,12276,1729960500,1127,1029
2027,Codeforces Round 982 (Div. 2),BaranGh,12276,1729960500,356,591
2027,Codeforces Round 982 (Div. 2),Emon_Khan,12276,1729960500,743,709
2027,Codeforces Round 982 (Div. 2),marejojaven,12276,1729960500,967,971
2027,Codeforces Round 982 (Div. 2),muzammil-1008,12276,1729960500,986,908
2027,Codeforces Round 982 (Div. 2),CodyC,12276,1729960500,864,912
2027,Codeforces Round 982 (Div. 2),testing140,12276,1729960500,969,936
2027,Codeforces Round 982 (Div. 2),priyeraj48,12276,1729960500,947,918
2027,Codeforces Round 982 (Div. 2),TahsinRB,12276,1729960500,595,745
2027,Codeforces Round 982 (Div. 2),cmurarita,12276,1729960500,999,920
2027,Codeforces Round 982 (Div. 2),nikita_shkaruba,12276,1729960500,1172,1111
2027,Codeforces Round 982 (Div. 2),Afatsum218,12276,1729960500,1291,1171
2027,Codeforces Round 982 (Div. 2),aravindmarripelli39,12276,1729960500,878,818
2027,Codeforces Round 982 (Div. 2),Hesham.Ma,12276,1729960500,0,369
2027,Codeforces Round 982 (Div. 2),sahilchauhan22,12276,1729960500,834,885
2027,Codeforces Round 982 (Div. 2),AUCCI,12276,1729960500,803,859
2027,Codeforces Round 982 (Div. 2),bishwathakur123,12276,1729960500,843,830
2027,Codeforces Round 982 (Div. 2),Abnoxious,12276,1729960500,1034,949
2027,Codeforces Round 982 (Div. 2),akm2005,12276,1729960500,866,808
2027,Codeforces Round 982 (Div. 2),_Darkseid_94,12301,1729960500,633,625
2027,Codeforces Round 982 (Div. 2),quantum_naman,12301,1729960500,738,704
2027,Codeforces Round 982 (Div. 2),dxxhsi97,12301,1729960500,910,921
2027,Codeforces Round 982 (Div. 2),22bec031,12301,1729960500,899,835
2027,Codeforces Round 982 (Div. 2),sunny009,12301,1729960500,735,702
2027,Codeforces Round 982 (Div. 2),olzhas1,12301,1729960500,803,756
2027,Codeforces Round 982 (Div. 2),hand-kerchief,12301,1729960500,795,750
2027,Codeforces Round 982 (Div. 2),Shiny_Phoenix,12301,1729960500,1143,1043
2027,Codeforces Round 982 (Div. 2),dimsalabimmm,12301,1729960500,0,369
2027,Codeforces Round 982 (Div. 2),kumar180kunal,12301,1729960500,832,883
2027,Codeforces Round 982 (Div. 2),divyasri_33,12301,1729960500,781,811
2027,Codeforces Round 982 (Div. 2),jheeel19,12301,1729960500,928,859
2027,Codeforces Round 982 (Div. 2),_Nobara_,12301,1729960500,1035,950
2027,Codeforces Round 982 (Div. 2),Abid_Ul_Islam,12314,1729960500,1566,1406
2027,Codeforces Round 982 (Div. 2),Warrior__,12314,1729960500,1256,1141
2027,Codeforces Round 982 (Div. 2),Bereket12,12316,1729960500,598,747
2027,Codeforces Round 982 (Div. 2),LNFBC,12316,1729960500,799,752
2027,Codeforces Round 982 (Div. 2),SicParvisMagna,12316,1729960500,990,911
2027,Codeforces Round 982 (Div. 2),even.prime,12316,1729960500,663,646
2027,Codeforces Round 982 (Div. 2),manish36,12316,1729960500,988,909
2027,Codeforces Round 982 (Div. 2),player1028,12316,1729960500,385,615
2027,Codeforces Round 982 (Div. 2),Holi_t,12316,1729960500,1490,1341
2027,Codeforces Round 982 (Div. 2),Wyii_iii,12316,1729960500,0,368
2027,Codeforces Round 982 (Div. 2),prateek03,12316,1729960500,744,709
2027,Codeforces Round 982 (Div. 2),182917,12316,1729960500,898,911
2027,Codeforces Round 982 (Div. 2),Danousger,12316,1729960500,1028,943
2027,Codeforces Round 982 (Div. 2),wahahawa_again,12316,1729960500,951,877
2027,Codeforces Round 982 (Div. 2),CMRIT25_21R01A66E5,12316,1729960500,1238,1125
2027,Codeforces Round 982 (Div. 2),M.I.Abrar,12316,1729960500,611,758
2027,Codeforces Round 982 (Div. 2),iblamekamil,12316,1729960500,792,848
2027,Codeforces Round 982 (Div. 2),BhargaviMani,12316,1729960500,810,801
2027,Codeforces Round 982 (Div. 2),Tarun5371,12332,1729960500,1014,931
2027,Codeforces Round 982 (Div. 2),zhangkun,12332,1729960500,0,368
2027,Codeforces Round 982 (Div. 2),Mr5_X,12332,1729960500,970,972
2027,Codeforces Round 982 (Div. 2),BoYarin_,12332,1729960500,1105,1009
2027,Codeforces Round 982 (Div. 2),C102063,12332,1729960500,953,879
2027,Codeforces Round 982 (Div. 2),alamin23015,12332,1729960500,369,601
2027,Codeforces Round 982 (Div. 2),Keep_ON_Coding_2009,12332,1729960500,389,619
2027,Codeforces Round 982 (Div. 2),kamulboyev__diyorbek,12332,1729960500,939,867
2027,Codeforces Round 982 (Div. 2),Jannat_Sumaiya,12332,1729960500,791,819
2027,Codeforces Round 982 (Div. 2),MahiyatAnwar,12332,1729960500,915,925
2027,Codeforces Round 982 (Div. 2),Mayaz1202,12332,1729960500,720,787
2027,Codeforces Round 982 (Div. 2),Fahu_2005,12332,1729960500,358,592
2027,Codeforces Round 982 (Div. 2),parasverma6789,12332,1729960500,586,736
2027,Codeforces Round 982 (Div. 2),Rosmontis233,12345,1729960500,1026,984
2027,Codeforces Round 982 (Div. 2),Mohamed_Jazza,12345,1729960500,791,785
2027,Codeforces Round 982 (Div. 2),anees03,12345,1729960500,907,840
2027,Codeforces Round 982 (Div. 2),Munish_Bhatia,12345,1729960500,1133,1033
2027,Codeforces Round 982 (Div. 2),klu_2100030430,12345,1729960500,727,694
2027,Codeforces Round 982 (Div. 2),zhentan_,12345,1729960500,413,639
2027,Codeforces Round 982 (Div. 2),tanvir50198,12345,1729960500,814,763
2027,Codeforces Round 982 (Div. 2),benjdewantara,12345,1729960500,801,753
2027,Codeforces Round 982 (Div. 2),md_nawshin_zaman,12345,1729960500,846,895
2027,Codeforces Round 982 (Div. 2),kqtiiv,12345,1729960500,671,810
2027,Codeforces Round 982 (Div. 2),Asimptoad,12345,1729960500,0,368
2027,Codeforces Round 982 (Div. 2),Himanshu_224,12345,1729960500,694,830
2027,Codeforces Round 982 (Div. 2),jef_22_12,12345,1729960500,864,804
2027,Codeforces Round 982 (Div. 2),nahid_galaxy,12345,1729960500,608,755
2027,Codeforces Round 982 (Div. 2),Prorok61,12345,1729960500,948,874
2027,Codeforces Round 982 (Div. 2),chronic_alcoholic,12345,1729960500,0,368
2027,Codeforces Round 982 (Div. 2),_Madi,12345,1729960500,1235,1122
2027,Codeforces Round 982 (Div. 2),jainharshit877,12345,1729960500,351,586
2027,Codeforces Round 982 (Div. 2),leelatarangini159,12363,1729960500,804,858
2027,Codeforces Round 982 (Div. 2),suvd,12363,1729960500,868,807
2027,Codeforces Round 982 (Div. 2),Ritik_Sharma.,12363,1729960500,595,744
2027,Codeforces Round 982 (Div. 2),Youssef_maged13,12363,1729960500,1075,983
2027,Codeforces Round 982 (Div. 2),puskarraj1001,12363,1729960500,717,686
2027,Codeforces Round 982 (Div. 2),Digdarshan__2411,12363,1729960500,0,368
2027,Codeforces Round 982 (Div. 2),panditji,12363,1729960500,873,811
2027,Codeforces Round 982 (Div. 2),eliyasakondo,12363,1729960500,689,664
2027,Codeforces Round 982 (Div. 2),bharshita2005,12363,1729960500,618,764
2027,Codeforces Round 982 (Div. 2),hilinpro5,12363,1729960500,745,807
2027,Codeforces Round 982 (Div. 2),i_m_d_vaibhav,12363,1729960500,360,593
2027,Codeforces Round 982 (Div. 2),raksh_2509,12363,1729960500,1352,1223
2027,Codeforces Round 982 (Div. 2),Shivans1828,12363,1729960500,954,879
2027,Codeforces Round 982 (Div. 2),TACC_93_2_add,12376,1729960500,733,796
2027,Codeforces Round 982 (Div. 2),sravanicheruku,12376,1729960500,724,789
2027,Codeforces Round 982 (Div. 2),shshnk.m,12376,1729960500,1040,952
2027,Codeforces Round 982 (Div. 2),greenhands,12376,1729960500,357,590
2027,Codeforces Round 982 (Div. 2),simply_akh1l,12376,1729960500,824,771
2027,Codeforces Round 982 (Div. 2),__a_AMIT,12376,1729960500,0,368
2027,Codeforces Round 982 (Div. 2),niteshkaushik200,12376,1729960500,888,865
2027,Codeforces Round 982 (Div. 2),Jatin15,12376,1729960500,889,824
2027,Codeforces Round 982 (Div. 2),AsLegend,12376,1729960500,842,785
2027,Codeforces Round 982 (Div. 2),kamalnag,12376,1729960500,642,784
2027,Codeforces Round 982 (Div. 2),rohan_k7,12376,1729960500,800,792
2027,Codeforces Round 982 (Div. 2),vipul75,12376,1729960500,356,590
2027,Codeforces Round 982 (Div. 2),svgHarsh345,12376,1729960500,1025,940
2027,Codeforces Round 982 (Div. 2),Revanthsahu_07,12376,1729960500,1123,1025
2027,Codeforces Round 982 (Div. 2),vacantman,12376,1729960500,586,736
2027,Codeforces Round 982 (Div. 2),nahtar,12391,1729960500,1181,1074
2027,Codeforces Round 982 (Div. 2),tsd.,12391,1729960500,666,646
2027,Codeforces Round 982 (Div. 2),nadizratel666,12391,1729960500,0,368
2027,Codeforces Round 982 (Div. 2),Himanshu0076,12391,1729960500,892,826
2027,Codeforces Round 982 (Div. 2),Jiu_Du,12391,1729960500,453,673
2027,Codeforces Round 982 (Div. 2),a3bdulrahman,12391,1729960500,0,368
2027,Codeforces Round 982 (Div. 2),LuoqizzZ,12391,1729960500,681,818
2027,Codeforces Round 982 (Div. 2),Kakusei,12391,1729960500,868,806
2027,Codeforces Round 982 (Div. 2),suyashgadhave,12391,1729960500,0,368
2027,Codeforces Round 982 (Div. 2),Leinod,12391,1729960500,465,684
2027,Codeforces Round 982 (Div. 2),Om-kathiriya,12391,1729960500,604,751
2027,Codeforces Round 982 (Div. 2),hunst_lxx,12391,1729960500,1049,960
2027,Codeforces Round 982 (Div. 2),5harshitshrivastava,12391,1729960500,818,765
2027,Codeforces Round 982 (Div. 2),sanchitsj,12391,1729960500,361,594
2027,Codeforces Round 982 (Div. 2),siddharth10111,12405,1729960500,1000,917
2027,Codeforces Round 982 (Div. 2),OkuzGucuRedBullKanat,12405,1729960500,860,876
2027,Codeforces Round 982 (Div. 2),mmxl,12405,1729960500,0,367
2027,Codeforces Round 982 (Div. 2),Shakib_Ahmed,12405,1729960500,813,760
2027,Codeforces Round 982 (Div. 2),dillonbrooks,12405,1729960500,874,853
2027,Codeforces Round 982 (Div. 2),bekar_boy_,12405,1729960500,781,734
2027,Codeforces Round 982 (Div. 2),NeerAbhy,12405,1729960500,738,800
2027,Codeforces Round 982 (Div. 2),chinakshi,12405,1729960500,351,585
2027,Codeforces Round 982 (Div. 2),ShubhamChoulkar,12405,1729960500,399,626
2027,Codeforces Round 982 (Div. 2),p_d_1,12405,1729960500,352,586
2027,Codeforces Round 982 (Div. 2),EshadReza,12405,1729960500,953,878
2027,Codeforces Round 982 (Div. 2),anshuman-dubey,12405,1729960500,0,367
2027,Codeforces Round 982 (Div. 2),null-whoami,12405,1729960500,612,758
2027,Codeforces Round 982 (Div. 2),TLE_404,12405,1729960500,389,618
2027,Codeforces Round 982 (Div. 2),sst2020,12405,1729960500,445,666
2027,Codeforces Round 982 (Div. 2),AnkiPro,12405,1729960500,779,836
2027,Codeforces Round 982 (Div. 2),htkhanh05,12421,1729960500,1038,950
2027,Codeforces Round 982 (Div. 2),Imam346,12421,1729960500,811,758
2027,Codeforces Round 982 (Div. 2),bikram_gupta,12421,1729960500,927,855
2027,Codeforces Round 982 (Div. 2),dev_m1nhph4n,12421,1729960500,0,367
2027,Codeforces Round 982 (Div. 2),theHope15,12421,1729960500,948,873
2027,Codeforces Round 982 (Div. 2),Goutham167,12421,1729960500,651,632
2027,Codeforces Round 982 (Div. 2),soumyadipm,12421,1729960500,1237,1123
2027,Codeforces Round 982 (Div. 2),ghoshpratyush.003,12421,1729960500,641,625
2027,Codeforces Round 982 (Div. 2),cwswastik,12421,1729960500,1229,1116
2027,Codeforces Round 982 (Div. 2),vinaykumarb,12421,1729960500,741,802
2027,Codeforces Round 982 (Div. 2),s_kumar2,12421,1729960500,0,367
2027,Codeforces Round 982 (Div. 2),achex,12421,1729960500,0,367
2027,Codeforces Round 982 (Div. 2),tamim777,12421,1729960500,833,852
2027,Codeforces Round 982 (Div. 2),error_404_BondA,12421,1729960500,589,737
2027,Codeforces Round 982 (Div. 2),nsudhir,12421,1729960500,608,601
2027,Codeforces Round 982 (Div. 2),Vasu2003,12421,1729960500,1053,1073
2027,Codeforces Round 982 (Div. 2),A_Yass3r,12421,1729960500,972,893
2027,Codeforces Round 982 (Div. 2),AbhiVignesh,12421,1729960500,380,610
2027,Codeforces Round 982 (Div. 2),naman.iitd28,12421,1729960500,0,367
2027,Codeforces Round 982 (Div. 2),ReGMeIoN,12421,1729960500,396,624
2027,Codeforces Round 982 (Div. 2),sefatrayhan,12421,1729960500,0,367
2027,Codeforces Round 982 (Div. 2),Galib_Hasan,12421,1729960500,782,838
2027,Codeforces Round 982 (Div. 2),ekas_7,12443,1729960500,1044,998
2027,Codeforces Round 982 (Div. 2),R0man,12443,1729960500,858,796
2027,Codeforces Round 982 (Div. 2),shesaysmeow,12443,1729960500,862,841
2027,Codeforces Round 982 (Div. 2),Medusa_Power,12443,1729960500,1246,1130
2027,Codeforces Round 982 (Div. 2),dhiren.nmf.1,12443,1729960500,806,859
2027,Codeforces Round 982 (Div. 2),Dipendra21,12443,1729960500,936,861
2027,Codeforces Round 982 (Div. 2),m007ra,12443,1729960500,987,905
2027,Codeforces Round 982 (Div. 2),Luffykop,12443,1729960500,994,911
2027,Codeforces Round 982 (Div. 2),tanmaymodi_1024,12443,1729960500,630,773
2027,Codeforces Round 982 (Div. 2),bo8_dady,12443,1729960500,920,957
2027,Codeforces Round 982 (Div. 2),RumiLumo,12443,1729960500,375,605
2027,Codeforces Round 982 (Div. 2),jubairsami,12443,1729960500,571,721
2027,Codeforces Round 982 (Div. 2),Sandy_853,12443,1729960500,363,595
2027,Codeforces Round 982 (Div. 2),_Yohan_,12443,1729960500,1106,1009
2027,Codeforces Round 982 (Div. 2),abhiailen,12443,1729960500,395,622
2027,Codeforces Round 982 (Div. 2),siambasut,12443,1729960500,982,944
2027,Codeforces Round 982 (Div. 2),Shivraj44,12443,1729960500,664,642
2027,Codeforces Round 982 (Div. 2),kaviaryamaan,12443,1729960500,685,820
2027,Codeforces Round 982 (Div. 2),Codapro,12443,1729960500,757,714
2027,Codeforces Round 982 (Div. 2),sunyiming,12443,1729960500,912,841
2027,Codeforces Round 982 (Div. 2),PRADEEPTA,12463,1729960500,0,367
2027,Codeforces Round 982 (Div. 2),We11Done,12463,1729960500,979,898
2027,Codeforces Round 982 (Div. 2),iamaditya121001,12463,1729960500,746,704
2027,Codeforces Round 982 (Div. 2),Thebeststarinthewar,12463,1729960500,977,940
2027,Codeforces Round 982 (Div. 2),OutOfLuck,12463,1729960500,955,921
2027,Codeforces Round 982 (Div. 2),shreyashshinde3011,12463,1729960500,383,612
2027,Codeforces Round 982 (Div. 2),srinivas_6739,12463,1729960500,755,814
2027,Codeforces Round 982 (Div. 2),sakshith30,12463,1729960500,601,747
2027,Codeforces Round 982 (Div. 2),ALradinbahrami,12463,1729960500,913,884
2027,Codeforces Round 982 (Div. 2),ashishmoreee123,12463,1729960500,0,367
2027,Codeforces Round 982 (Div. 2),Moissanite,12463,1729960500,602,748
2027,Codeforces Round 982 (Div. 2),samyasar2002,12463,1729960500,795,744
2027,Codeforces Round 982 (Div. 2),Satvik891,12463,1729960500,649,789
2027,Codeforces Round 982 (Div. 2),_Reduan123_,12476,1729960500,550,557
2027,Codeforces Round 982 (Div. 2),tanmay-8,12476,1729960500,1061,969
2027,Codeforces Round 982 (Div. 2),blastemperor_406,12476,1729960500,735,863
2027,Codeforces Round 982 (Div. 2),BINOY_BARMAN,12476,1729960500,829,771
2027,Codeforces Round 982 (Div. 2),while_true__,12476,1729960500,0,367
2027,Codeforces Round 982 (Div. 2),Cevat123,12476,1729960500,956,878
2027,Codeforces Round 982 (Div. 2),asmarcz,12476,1729960500,0,367
2027,Codeforces Round 982 (Div. 2),saharsh05,12476,1729960500,695,664
2027,Codeforces Round 982 (Div. 2),Mahmoud_Bassiouni,12476,1729960500,645,625
2027,Codeforces Round 982 (Div. 2),22501a05i7,12476,1729960500,631,615
2027,Codeforces Round 982 (Div. 2),an14udh,12476,1729960500,628,770
2027,Codeforces Round 982 (Div. 2),mdsadmansakibmss,12476,1729960500,859,874
2027,Codeforces Round 982 (Div. 2),Purpose__,12476,1729960500,644,784
2027,Codeforces Round 982 (Div. 2),ambargogia,12476,1729960500,369,600
2027,Codeforces Round 982 (Div. 2),LeeAt,12476,1729960500,0,367
2027,Codeforces Round 982 (Div. 2),z10x,12476,1729960500,955,920
2027,Codeforces Round 982 (Div. 2),nik._.ali,12492,1729960500,376,606
2027,Codeforces Round 982 (Div. 2),MAN0198,12492,1729960500,355,587
2027,Codeforces Round 982 (Div. 2),Ghost_bharti,12492,1729960500,579,728
2027,Codeforces Round 982 (Div. 2),alena_sidorovich,12492,1729960500,0,366
2027,Codeforces Round 982 (Div. 2),Tadikamalla_Hema,12492,1729960500,517,533
2027,Codeforces Round 982 (Div. 2),tnshq24,12492,1729960500,0,366
2027,Codeforces Round 982 (Div. 2),rajdeep2002,12492,1729960500,1096,999
2027,Codeforces Round 982 (Div. 2),wsqibking,12492,1729960500,1004,919
2027,Codeforces Round 982 (Div. 2),anuj_huehue,12492,1729960500,226,356
2027,Codeforces Round 982 (Div. 2),NIkA_07,12492,1729960500,896,827
2027,Codeforces Round 982 (Div. 2),Priyanshuj342,12492,1729960500,0,366
2027,Codeforces Round 982 (Div. 2),flowerri,12492,1729960500,920,957
2027,Codeforces Round 982 (Div. 2),Rafsan2131,12492,1729960500,351,584
2027,Codeforces Round 982 (Div. 2),diptanshu_p,12492,1729960500,0,366
2027,Codeforces Round 982 (Div. 2),Algo_Wizard,12492,1729960500,0,366
2027,Codeforces Round 982 (Div. 2),ASIM0032,12492,1729960500,730,792
2027,Codeforces Round 982 (Div. 2),wilsongn,12508,1729960500,355,587
2027,Codeforces Round 982 (Div. 2),sandeep217,12508,1729960500,949,871
2027,Codeforces Round 982 (Div. 2),Why_So_Seri0us,12508,1729960500,564,565
2027,Codeforces Round 982 (Div. 2),Ballal-Bashir,12508,1729960500,0,366
2027,Codeforces Round 982 (Div. 2),1rahul0,12508,1729960500,735,694
2027,Codeforces Round 982 (Div. 2),kutub_uddin,12508,1729960500,668,642
2027,Codeforces Round 982 (Div. 2),rohanramidwar,12508,1729960500,612,756
2027,Codeforces Round 982 (Div. 2),B_NguyenVietManhKhai,12508,1729960500,1042,952
2027,Codeforces Round 982 (Div. 2),Nujhath,12508,1729960500,702,767
2027,Codeforces Round 982 (Div. 2),sindhuekke,12508,1729960500,833,881
2027,Codeforces Round 982 (Div. 2),bugkiller099,12508,1729960500,0,366
2027,Codeforces Round 982 (Div. 2),Ayushman01,12508,1729960500,1007,921
2027,Codeforces Round 982 (Div. 2),ritex3_in,12508,1729960500,1154,1092
2027,Codeforces Round 982 (Div. 2),FORGOTENSINS,12508,1729960500,1113,1013
2027,Codeforces Round 982 (Div. 2),Samhitha_13,12522,1729960500,791,738
2027,Codeforces Round 982 (Div. 2),yogesh_palve_,12522,1729960500,788,841
2027,Codeforces Round 982 (Div. 2),sifathossain,12522,1729960500,887,861
2027,Codeforces Round 982 (Div. 2),HarshitKing,12522,1729960500,898,907
2027,Codeforces Round 982 (Div. 2),Vectorix,12522,1729960500,935,939
2027,Codeforces Round 982 (Div. 2),_NEOCERATODUS,12522,1729960500,750,705
2027,Codeforces Round 982 (Div. 2),4141Amit_Kumar,12522,1729960500,820,870
2027,Codeforces Round 982 (Div. 2),hacker-rabby,12522,1729960500,622,606
2027,Codeforces Round 982 (Div. 2),rockstar_op_ar,12522,1729960500,0,366
2027,Codeforces Round 982 (Div. 2),Ponnanna,12522,1729960500,1183,1074
2027,Codeforces Round 982 (Div. 2),abhishektps4,12522,1729960500,371,601
2027,Codeforces Round 982 (Div. 2),klu_2200031333,12522,1729960500,642,782
2027,Codeforces Round 982 (Div. 2),SRUJANYT,12522,1729960500,378,607
2027,Codeforces Round 982 (Div. 2),pratap96,12522,1729960500,949,914
2027,Codeforces Round 982 (Div. 2),X__jd_ndbxii_cfjdnxjj,12522,1729960500,851,866
2027,Codeforces Round 982 (Div. 2),kyataca,12522,1729960500,864,841
2027,Codeforces Round 982 (Div. 2),Karamawy,12538,1729960500,966,885
2027,Codeforces Round 982 (Div. 2),Christina_Pinaru,12538,1729960500,715,777
2027,Codeforces Round 982 (Div. 2),i_love_you_jahnavi,12538,1729960500,808,829
2027,Codeforces Round 982 (Div. 2),iSSEI08,12538,1729960500,922,847
2027,Codeforces Round 982 (Div. 2),rishabhkataria2106,12538,1729960500,792,739
2027,Codeforces Round 982 (Div. 2),night30nk,12538,1729960500,772,723
2027,Codeforces Round 982 (Div. 2),kirtinasha999,12538,1729960500,593,739
2027,Codeforces Round 982 (Div. 2),Cogitary,12538,1729960500,844,782
2027,Codeforces Round 982 (Div. 2),chem_catalyzer,12546,1729960500,1066,972
2027,Codeforces Round 982 (Div. 2),Anujchaudhary,12546,1729960500,0,366
2027,Codeforces Round 982 (Div. 2),moriam_swarna,12546,1729960500,0,366
2027,Codeforces Round 982 (Div. 2),deepbuha06,12546,1729960500,394,621
2027,Codeforces Round 982 (Div. 2),Maneesh_17_,12546,1729960500,1010,1004
2027,Codeforces Round 982 (Div. 2),mani_kanta__p,12546,1729960500,814,864
2027,Codeforces Round 982 (Div. 2),Shefa23,12546,1729960500,356,587
2027,Codeforces Round 982 (Div. 2),Udnfahim,12546,1729960500,889,819
2027,Codeforces Round 982 (Div. 2),Tahasin_Ahamad,12546,1729960500,791,844
2027,Codeforces Round 982 (Div. 2),sivaranjiniezhumalai2005,12546,1729960500,0,366
2027,Codeforces Round 982 (Div. 2),anik101,12546,1729960500,702,666
2027,Codeforces Round 982 (Div. 2),ag_1104,12546,1729960500,839,819
2027,Codeforces Round 982 (Div. 2),rabbycse,12558,1729960500,824,842
2027,Codeforces Round 982 (Div. 2),daria12,12558,1729960500,826,766
2027,Codeforces Round 982 (Div. 2),aman67032,12558,1729960500,0,366
2027,Codeforces Round 982 (Div. 2),R.i.s.h.i_99,12558,1729960500,954,955
2027,Codeforces Round 982 (Div. 2),ali43,12558,1729960500,1141,1037
2027,Codeforces Round 982 (Div. 2),LiGhT_YaGaMi9716,12558,1729960500,815,757
2027,Codeforces Round 982 (Div. 2),ananya_mishra,12558,1729960500,902,873
2027,Codeforces Round 982 (Div. 2),VikashKumarYadav,12558,1729960500,714,776
2027,Codeforces Round 982 (Div. 2),raghad18,12558,1729960500,749,703
2027,Codeforces Round 982 (Div. 2),hiteshmehra809,12558,1729960500,1099,1000
2027,Codeforces Round 982 (Div. 2),Om4sure,12558,1729960500,863,876
2027,Codeforces Round 982 (Div. 2),22R01A04K0,12558,1729960500,0,366
2027,Codeforces Round 982 (Div. 2),22r01a7331,12570,1729960500,989,985
2027,Codeforces Round 982 (Div. 2),Valentin3131,12570,1729960500,0,366
2027,Codeforces Round 982 (Div. 2),nalubalanikitha,12570,1729960500,754,811
2027,Codeforces Round 982 (Div. 2),B1_nk,12570,1729960500,1026,937
2027,Codeforces Round 982 (Div. 2),kavyan05,12570,1729960500,351,583
2027,Codeforces Round 982 (Div. 2),Czar_Alpha,12570,1729960500,404,629
2027,Codeforces Round 982 (Div. 2),ashrafulhoda,12570,1729960500,903,873
2027,Codeforces Round 982 (Div. 2),LostDecimal_093,12570,1729960500,855,899
2027,Codeforces Round 982 (Div. 2),HANNA_D_HANNA,12570,1729960500,376,605
2027,Codeforces Round 982 (Div. 2),Lightning01,12570,1729960500,1003,917
2027,Codeforces Round 982 (Div. 2),Shaky_e,12580,1729960500,1113,1012
2027,Codeforces Round 982 (Div. 2),Jeet_Mukherjee25,12580,1729960500,1026,936
2027,Codeforces Round 982 (Div. 2),siddharthchandrakar007,12580,1729960500,882,891
2027,Codeforces Round 982 (Div. 2),Mr.Bread,12580,1729960500,748,805
2027,Codeforces Round 982 (Div. 2),Vamshi_nitp,12580,1729960500,975,892
2027,Codeforces Round 982 (Div. 2),Sowmik69,12580,1729960500,427,649
2027,Codeforces Round 982 (Div. 2),hemangbakshi,12580,1729960500,1042,950
2027,Codeforces Round 982 (Div. 2),Tanjimahmed681,12580,1729960500,884,814
2027,Codeforces Round 982 (Div. 2),DMinh296,12580,1729960500,0,365
2027,Codeforces Round 982 (Div. 2),saivarun_99,12580,1729960500,0,365
2027,Codeforces Round 982 (Div. 2),kumarsaini__,12580,1729960500,1070,975
2027,Codeforces Round 982 (Div. 2),Eeshwar143,12580,1729960500,755,707
2027,Codeforces Round 982 (Div. 2),2022kucp1027,12580,1729960500,865,798
2027,Codeforces Round 982 (Div. 2),aadishrivastava13,12580,1729960500,643,782
2027,Codeforces Round 982 (Div. 2),Farjanaict,12580,1729960500,774,764
2027,Codeforces Round 982 (Div. 2),sanjaymarathiiii,12580,1729960500,810,860
2027,Codeforces Round 982 (Div. 2),aniketujgare,12580,1729960500,903,830
2027,Codeforces Round 982 (Div. 2),RohitSangubotla,12597,1729960500,0,365
2027,Codeforces Round 982 (Div. 2),sanya37y,12597,1729960500,1380,1244
2027,Codeforces Round 982 (Div. 2),sakib_356,12597,1729960500,588,734
2027,Codeforces Round 982 (Div. 2),mohibulJesan,12597,1729960500,661,632
2027,Codeforces Round 982 (Div. 2),Suppc,12597,1729960500,784,771
2027,Codeforces Round 982 (Div. 2),Kevin_Xu,12597,1729960500,1279,1157
2027,Codeforces Round 982 (Div. 2),yeh_id_koi_nhi_janta,12597,1729960500,463,680
2027,Codeforces Round 982 (Div. 2),denisvlasov,12597,1729960500,1203,1091
2027,Codeforces Round 982 (Div. 2),JosephMehdiyev,12597,1729960500,1079,982
2027,Codeforces Round 982 (Div. 2),ashutosh36,12597,1729960500,850,785
2027,Codeforces Round 982 (Div. 2),abhishek30072003,12597,1729960500,906,832
2027,Codeforces Round 982 (Div. 2),negi_abhi_1809,12597,1729960500,1131,1028
2027,Codeforces Round 982 (Div. 2),_Rakib_,12597,1729960500,787,839
2027,Codeforces Round 982 (Div. 2),DivyamAwasthy,12597,1729960500,358,589
2027,Codeforces Round 982 (Div. 2),smrutiranjanbal644,12611,1729960500,936,858
2027,Codeforces Round 982 (Div. 2),chiloarjun,12611,1729960500,0,365
2027,Codeforces Round 982 (Div. 2),Fathulloev_M,12611,1729960500,916,841
2027,Codeforces Round 982 (Div. 2),SOMANSH24,12611,1729960500,633,610
2027,Codeforces Round 982 (Div. 2),Farfazon,12611,1729960500,855,789
2027,Codeforces Round 982 (Div. 2),Ratulhasan007,12611,1729960500,364,594
2027,Codeforces Round 982 (Div. 2),Chandhra_guduru,12611,1729960500,863,874
2027,Codeforces Round 982 (Div. 2),yashpart2,12611,1729960500,1010,922
2027,Codeforces Round 982 (Div. 2),akanand20072002,12611,1729960500,957,876
2027,Codeforces Round 982 (Div. 2),Tia_ani,12611,1729960500,891,819
2027,Codeforces Round 982 (Div. 2),K07Prince,12611,1729960500,587,733
2027,Codeforces Round 982 (Div. 2),anand__code,12611,1729960500,751,703
2027,Codeforces Round 982 (Div. 2),217R1A05D2,12611,1729960500,933,855
2027,Codeforces Round 982 (Div. 2),Rango_maxim,12611,1729960500,0,365
2027,Codeforces Round 982 (Div. 2),tushar_07,12625,1729960500,553,550
2027,Codeforces Round 982 (Div. 2),Hana__,12625,1729960500,1187,1077
2027,Codeforces Round 982 (Div. 2),MaxieMad,12625,1729960500,819,758
2027,Codeforces Round 982 (Div. 2),kareemalwam,12625,1729960500,867,798
2027,Codeforces Round 982 (Div. 2),Wuris,12625,1729960500,1063,968
2027,Codeforces Round 982 (Div. 2),MountainsAlwaysGreen,12625,1729960500,1500,1347
2027,Codeforces Round 982 (Div. 2),bamdju,12625,1729960500,776,897
2027,Codeforces Round 982 (Div. 2),Trallkong,12625,1729960500,0,365
2027,Codeforces Round 982 (Div. 2),Tak1na,12625,1729960500,0,365
2027,Codeforces Round 982 (Div. 2),Moshfekuzzahan_Shefa,12625,1729960500,824,762
2027,Codeforces Round 982 (Div. 2),zoz_raafat,12625,1729960500,850,784
2027,Codeforces Round 982 (Div. 2),tahrim100,12625,1729960500,0,365
2027,Codeforces Round 982 (Div. 2),nishitmehta49,12637,1729960500,839,884
2027,Codeforces Round 982 (Div. 2),vsrahul2006,12637,1729960500,877,806
2027,Codeforces Round 982 (Div. 2),yash_5248,12637,1729960500,443,662
2027,Codeforces Round 982 (Div. 2),Sourav_karmakar,12637,1729960500,645,783
2027,Codeforces Round 982 (Div. 2),ratul_cse18,12637,1729960500,360,590
2027,Codeforces Round 982 (Div. 2),KanellopoulosP,12637,1729960500,0,365
2027,Codeforces Round 982 (Div. 2),divyagarg,12637,1729960500,782,726
2027,Codeforces Round 982 (Div. 2),MIHALI,12637,1729960500,1345,1214
2027,Codeforces Round 982 (Div. 2),Aya92,12637,1729960500,845,780
2027,Codeforces Round 982 (Div. 2),pandeydivyanshu,12637,1729960500,805,746
2027,Codeforces Round 982 (Div. 2),nani5202220,12637,1729960500,0,365
2027,Codeforces Round 982 (Div. 2),mdshahriaswapno,12637,1729960500,712,670
2027,Codeforces Round 982 (Div. 2),shrish0098,12637,1729960500,763,817
2027,Codeforces Round 982 (Div. 2),Sandiven,12637,1729960500,902,827
2027,Codeforces Round 982 (Div. 2),ta815587,12637,1729960500,775,797
2027,Codeforces Round 982 (Div. 2),lakshya.sharma,12637,1729960500,603,746
2027,Codeforces Round 982 (Div. 2),vinayp2702,12637,1729960500,641,615
2027,Codeforces Round 982 (Div. 2),codingismaths6969,12654,1729960500,0,365
2027,Codeforces Round 982 (Div. 2),anilnunnagopula,12654,1729960500,819,866
2027,Codeforces Round 982 (Div. 2),shubhamyadav7063,12654,1729960500,370,598
2027,Codeforces Round 982 (Div. 2),6290,12654,1729960500,352,583
2027,Codeforces Round 982 (Div. 2),elnazeskandariasl,12654,1729960500,1003,915
2027,Codeforces Round 982 (Div. 2),Ckorion,12654,1729960500,365,594
2027,Codeforces Round 982 (Div. 2),rajeev21862,12654,1729960500,0,365
2027,Codeforces Round 982 (Div. 2),v_r_86,12654,1729960500,658,795
2027,Codeforces Round 982 (Div. 2),hamedkad88,12654,1729960500,0,365
2027,Codeforces Round 982 (Div. 2),pandeysuryansh05,12654,1729960500,758,813
2027,Codeforces Round 982 (Div. 2),Shanmukh.x.135,12654,1729960500,0,365
2027,Codeforces Round 982 (Div. 2),siddhantbakshi1979,12665,1729960500,0,364
2027,Codeforces Round 982 (Div. 2),Shuvo73,12665,1729960500,628,768
2027,Codeforces Round 982 (Div. 2),Megatronus69,12665,1729960500,392,617
2027,Codeforces Round 982 (Div. 2),blue__fire,12665,1729960500,0,364
2027,Codeforces Round 982 (Div. 2),thebihari,12665,1729960500,1421,1279
2027,Codeforces Round 982 (Div. 2),anubhavsingh08,12665,1729960500,871,880
2027,Codeforces Round 982 (Div. 2),cp_handle,12665,1729960500,904,941
2027,Codeforces Round 982 (Div. 2),reyhannn,12665,1729960500,1028,937
2027,Codeforces Round 982 (Div. 2),pranjali784,12665,1729960500,756,811
2027,Codeforces Round 982 (Div. 2),ajakash117,12674,1729960500,810,749
2027,Codeforces Round 982 (Div. 2),Chosen_Undead,12674,1729960500,863,873
2027,Codeforces Round 982 (Div. 2),Prikpao,12674,1729960500,425,646
2027,Codeforces Round 982 (Div. 2),Arc_noah,12674,1729960500,753,808
2027,Codeforces Round 982 (Div. 2),pratikdubey091,12674,1729960500,375,602
2027,Codeforces Round 982 (Div. 2),Crocubott01,12674,1729960500,0,364
2027,Codeforces Round 982 (Div. 2),_Artem_Romazanov_,12674,1729960500,1010,965
2027,Codeforces Round 982 (Div. 2),arifzain,12674,1729960500,721,676
2027,Codeforces Round 982 (Div. 2),CodeRanger,12674,1729960500,924,846
2027,Codeforces Round 982 (Div. 2),AlgoKnight1,12674,1729960500,1022,931
2027,Codeforces Round 982 (Div. 2),PrincipledProgammer,12684,1729960500,0,364
2027,Codeforces Round 982 (Div. 2),Pillutla_Chaitanya,12684,1729960500,661,628
2027,Codeforces Round 982 (Div. 2),athulvnr,12684,1729960500,884,891
2027,Codeforces Round 982 (Div. 2),M_Rashad,12684,1729960500,406,629
2027,Codeforces Round 982 (Div. 2),MBDTF_and_TLOP,12684,1729960500,436,655
2027,Codeforces Round 982 (Div. 2),Tom14,12684,1729960500,851,894
2027,Codeforces Round 982 (Div. 2),TheUnknownMM,12684,1729960500,751,741
2027,Codeforces Round 982 (Div. 2),6174_P,12684,1729960500,1020,1042
2027,Codeforces Round 982 (Div. 2),sagaricagupta99,12684,1729960500,0,364
2027,Codeforces Round 982 (Div. 2),noyonkazi,12684,1729960500,783,803
2027,Codeforces Round 982 (Div. 2),amit05.prakash,12684,1729960500,359,588
2027,Codeforces Round 982 (Div. 2),prashant_1609,12695,1729960500,909,832
2027,Codeforces Round 982 (Div. 2),ANJANEYULU_0842,12695,1729960500,836,849
2027,Codeforces Round 982 (Div. 2),Bennacef,12695,1729960500,838,772
2027,Codeforces Round 982 (Div. 2),Maho28,12695,1729960500,0,364
2027,Codeforces Round 982 (Div. 2),Alassiess242,12695,1729960500,890,816
2027,Codeforces Round 982 (Div. 2),thunder10,12695,1729960500,761,815
2027,Codeforces Round 982 (Div. 2),thanglm_2006,12695,1729960500,624,764
2027,Codeforces Round 982 (Div. 2),Abhijeett55,12695,1729960500,603,745
2027,Codeforces Round 982 (Div. 2),btninh208,12695,1729960500,892,898
2027,Codeforces Round 982 (Div. 2),Mithilesh_2907,12695,1729960500,0,364
2027,Codeforces Round 982 (Div. 2),Jahnavikagopal,12695,1729960500,825,761
2027,Codeforces Round 982 (Div. 2),Dima357,12695,1729960500,879,918
2027,Codeforces Round 982 (Div. 2),22r01a7312,12695,1729960500,732,789
2027,Codeforces Round 982 (Div. 2),peaxe,12708,1729960500,997,990
2027,Codeforces Round 982 (Div. 2),sakash_sirohi,12708,1729960500,966,882
2027,Codeforces Round 982 (Div. 2),Chetan_21,12708,1729960500,954,984
2027,Codeforces Round 982 (Div. 2),zabir4752,12708,1729960500,683,815
2027,Codeforces Round 982 (Div. 2),foust,12708,1729960500,736,687
2027,Codeforces Round 982 (Div. 2),ali_gom3a,12713,1729960500,431,651
2027,Codeforces Round 982 (Div. 2),Nirmit_01,12713,1729960500,361,590
2027,Codeforces Round 982 (Div. 2),ggban.,12713,1729960500,950,867
2027,Codeforces Round 982 (Div. 2),adityaxsundar,12713,1729960500,582,726
2027,Codeforces Round 982 (Div. 2),vi_v_1,12713,1729960500,0,364
2027,Codeforces Round 982 (Div. 2),Abdulla_AL_Mamun,12713,1729960500,779,721
2027,Codeforces Round 982 (Div. 2),Abdul_Rahim,12713,1729960500,967,926
2027,Codeforces Round 982 (Div. 2),Manasa1012,12713,1729960500,453,670
2027,Codeforces Round 982 (Div. 2),lamur41k,12713,1729960500,584,729
2027,Codeforces Round 982 (Div. 2),pratyush.k,12713,1729960500,1021,929
2027,Codeforces Round 982 (Div. 2),Tamimur_Rahman009,12723,1729960500,652,788
2027,Codeforces Round 982 (Div. 2),Diana07Bello,12723,1729960500,744,693
2027,Codeforces Round 982 (Div. 2),cipher.dj,12723,1729960500,363,591
2027,Codeforces Round 982 (Div. 2),Hashmat26,12723,1729960500,351,581
2027,Codeforces Round 982 (Div. 2),-Sectumsempra-,12723,1729960500,0,364
2027,Codeforces Round 982 (Div. 2),abhic_oder,12723,1729960500,385,611
2027,Codeforces Round 982 (Div. 2),amitmishra4447,12723,1729960500,846,777
2027,Codeforces Round 982 (Div. 2),chimort,12723,1729960500,453,670
2027,Codeforces Round 982 (Div. 2),soham9016,12731,1729960500,347,577
2027,Codeforces Round 982 (Div. 2),dizabu16,12731,1729960500,865,837
2027,Codeforces Round 982 (Div. 2),FInding_Errors,12731,1729960500,797,736
2027,Codeforces Round 982 (Div. 2),kthesword,12731,1729960500,351,581
2027,Codeforces Round 982 (Div. 2),Sohanbuet22,12731,1729960500,787,728
2027,Codeforces Round 982 (Div. 2),FahadSylhet,12731,1729960500,685,645
2027,Codeforces Round 982 (Div. 2),Rifat79,12731,1729960500,933,852
2027,Codeforces Round 982 (Div. 2),baundule,12738,1729960500,1023,931
2027,Codeforces Round 982 (Div. 2),Spandex123,12738,1729960500,800,848
2027,Codeforces Round 982 (Div. 2),sharingan1007,12738,1729960500,1099,997
2027,Codeforces Round 982 (Div. 2),Avi1401,12738,1729960500,871,879
2027,Codeforces Round 982 (Div. 2),ruhigupta,12738,1729960500,644,612
2027,Codeforces Round 982 (Div. 2),adityatrived1712,12738,1729960500,847,821
2027,Codeforces Round 982 (Div. 2),kr1shna23,12738,1729960500,865,873
2027,Codeforces Round 982 (Div. 2),krishna40405,12738,1729960500,419,640
2027,Codeforces Round 982 (Div. 2),avenfighter_khushi,12738,1729960500,606,747
2027,Codeforces Round 982 (Div. 2),angiegabriela2005,12738,1729960500,908,874
2027,Codeforces Round 982 (Div. 2),Amitanshu2003,12748,1729960500,395,619
2027,Codeforces Round 982 (Div. 2),dontcountonme,12748,1729960500,0,364
2027,Codeforces Round 982 (Div. 2),vivek,12748,1729960500,819,754
2027,Codeforces Round 982 (Div. 2),foobren21,12748,1729960500,771,791
2027,Codeforces Round 982 (Div. 2),KrisH_2207,12748,1729960500,0,364
2027,Codeforces Round 982 (Div. 2),GARV_BAJAJ,12748,1729960500,1072,973
2027,Codeforces Round 982 (Div. 2),TheSmartestNoob,12748,1729960500,1007,916
2027,Codeforces Round 982 (Div. 2),asingh.hack,12748,1729960500,707,661
2027,Codeforces Round 982 (Div. 2),Akbarr1,12756,1729960500,912,914
2027,Codeforces Round 982 (Div. 2),klu_2200031831,12756,1729960500,0,363
2027,Codeforces Round 982 (Div. 2),yulifu,12756,1729960500,0,363
2027,Codeforces Round 982 (Div. 2),Mikeost,12756,1729960500,621,593
2027,Codeforces Round 982 (Div. 2),salman1,12756,1729960500,582,726
2027,Codeforces Round 982 (Div. 2),swannessie,12756,1729960500,833,845
2027,Codeforces Round 982 (Div. 2),sabbirhossen347,12756,1729960500,712,665
2027,Codeforces Round 982 (Div. 2),sumitnit2004,12756,1729960500,0,363
2027,Codeforces Round 982 (Div. 2),hongquan0304,12756,1729960500,703,832
2027,Codeforces Round 982 (Div. 2),pratham795,12756,1729960500,990,983
2027,Codeforces Round 982 (Div. 2),MKS_Rajput,12756,1729960500,836,880
2027,Codeforces Round 982 (Div. 2),jayant22,12756,1729960500,1042,947
2027,Codeforces Round 982 (Div. 2),Snigdha_varma,12768,1729960500,793,773
2027,Codeforces Round 982 (Div. 2),cse230001031,12768,1729960500,1014,922
2027,Codeforces Round 982 (Div. 2),Ilpo,12768,1729960500,891,815
2027,Codeforces Round 982 (Div. 2),Dixansh,12768,1729960500,813,828
2027,Codeforces Round 982 (Div. 2),niteeshsingh1,12768,1729960500,771,791
2027,Codeforces Round 982 (Div. 2),jaiwardhansingh,12768,1729960500,0,363
2027,Codeforces Round 982 (Div. 2),D1mitriik,12768,1729960500,422,642
2027,Codeforces Round 982 (Div. 2),balajee_kumar,12768,1729960500,696,651
2027,Codeforces Round 982 (Div. 2),thanu_49,12768,1729960500,698,653
2027,Codeforces Round 982 (Div. 2),Jana_KrisnaB,12768,1729960500,963,959
2027,Codeforces Round 982 (Div. 2),Devanshm23,12768,1729960500,1117,1013
2027,Codeforces Round 982 (Div. 2),RAZV3ER,12768,1729960500,404,627
2027,Codeforces Round 982 (Div. 2),LordxShafin,12768,1729960500,854,826
2027,Codeforces Round 982 (Div. 2),rakeshreddy9920,12768,1729960500,582,562
2027,Codeforces Round 982 (Div. 2),mohaneshcoding,12782,1729960500,0,363
2027,Codeforces Round 982 (Div. 2),CodeInfinite19,12782,1729960500,591,569
2027,Codeforces Round 982 (Div. 2),katecutekitty,12782,1729960500,1100,997
2027,Codeforces Round 982 (Div. 2),nikhil404,12782,1729960500,1099,997
2027,Codeforces Round 982 (Div. 2),-robby-,12782,1729960500,840,814
2027,Codeforces Round 982 (Div. 2),sreehithasagar1305,12782,1729960500,0,363
2027,Codeforces Round 982 (Div. 2),jbabar926,12782,1729960500,0,363
2027,Codeforces Round 982 (Div. 2),socoolll,12782,1729960500,1149,1041
2027,Codeforces Round 982 (Div. 2),MTclash3003,12782,1729960500,0,363
2027,Codeforces Round 982 (Div. 2),95o1,12782,1729960500,906,941
2027,Codeforces Round 982 (Div. 2),cookiemonster908,12792,1729960500,791,840
2027,Codeforces Round 982 (Div. 2),Edna6,12792,1729960500,764,815
2027,Codeforces Round 982 (Div. 2),capyslay,12792,1729960500,413,634
2027,Codeforces Round 982 (Div. 2),umang_goyal,12792,1729960500,364,591
2027,Codeforces Round 982 (Div. 2),Abhishek_Dhamshetty_99,12792,1729960500,779,829
2027,Codeforces Round 982 (Div. 2),khalidebrahim1441,12792,1729960500,872,798
2027,Codeforces Round 982 (Div. 2),saurabh_ftw,12792,1729960500,647,783
2027,Codeforces Round 982 (Div. 2),g_D_ipraneeth,12792,1729960500,390,614
2027,Codeforces Round 982 (Div. 2),Toxic00,12792,1729960500,571,715
2027,Codeforces Round 982 (Div. 2),break_even,12792,1729960500,676,808
2027,Codeforces Round 982 (Div. 2),rembursmanasa1012,12792,1729960500,768,709
2027,Codeforces Round 982 (Div. 2),ekk0,12792,1729960500,0,363
2027,Codeforces Round 982 (Div. 2),Anurag_Chauhan,12792,1729960500,927,845
2027,Codeforces Round 982 (Div. 2),jay_patil,12805,1729960500,1154,1045
2027,Codeforces Round 982 (Div. 2),andreSanchez,12805,1729960500,602,743
2027,Codeforces Round 982 (Div. 2),Tan2006may,12805,1729960500,886,853
2027,Codeforces Round 982 (Div. 2),ArpitThakur,12805,1729960500,964,877
2027,Codeforces Round 982 (Div. 2),Zhuchokk,12805,1729960500,984,895
2027,Codeforces Round 982 (Div. 2),VaibhavDeopa,12805,1729960500,850,822
2027,Codeforces Round 982 (Div. 2),bluebag12345678,12805,1729960500,1031,937
2027,Codeforces Round 982 (Div. 2),Bhargav0509,12805,1729960500,0,363
2027,Codeforces Round 982 (Div. 2),viveksahus9368646191,12813,1729960500,883,920
2027,Codeforces Round 982 (Div. 2),sai_2200040012,12813,1729960500,0,363
2027,Codeforces Round 982 (Div. 2),tson29,12813,1729960500,964,959
2027,Codeforces Round 982 (Div. 2),Alexander2609,12813,1729960500,0,363
2027,Codeforces Round 982 (Div. 2),chidang26,12813,1729960500,0,363
2027,Codeforces Round 982 (Div. 2),abhiii71,12818,1729960500,770,820
2027,Codeforces Round 982 (Div. 2),ShaikParveen,12818,1729960500,0,363
2027,Codeforces Round 982 (Div. 2),Titaniitianok,12818,1729960500,738,792
2027,Codeforces Round 982 (Div. 2),22ro1a6723,12818,1729960500,841,851
2027,Codeforces Round 982 (Div. 2),narvedar,12818,1729960500,756,808
2027,Codeforces Round 982 (Div. 2),saurabhScript,12818,1729960500,368,595
2027,Codeforces Round 982 (Div. 2),codeXsachin,12818,1729960500,640,776
2027,Codeforces Round 982 (Div. 2),keshav_jindal,12825,1729960500,1206,1090
2027,Codeforces Round 982 (Div. 2),g23r05a7304,12825,1729960500,1002,954
2027,Codeforces Round 982 (Div. 2),Medha1824,12825,1729960500,722,670
2027,Codeforces Round 982 (Div. 2),Momin_Sarker,12825,1729960500,814,747
2027,Codeforces Round 982 (Div. 2),Laboratory,12825,1729960500,1032,937
2027,Codeforces Round 982 (Div. 2),Shreyas27morya,12825,1729960500,737,791
2027,Codeforces Round 982 (Div. 2),vijaypavan34,12825,1729960500,632,769
2027,Codeforces Round 982 (Div. 2),erencoder74,12825,1729960500,581,724
2027,Codeforces Round 982 (Div. 2),aradhyadwivedi928,12833,1729960500,581,724
2027,Codeforces Round 982 (Div. 2),sayandhara04,12833,1729960500,881,918
2027,Codeforces Round 982 (Div. 2),sowrab55,12833,1729960500,792,728
2027,Codeforces Round 982 (Div. 2),PriyanshuRaj1000,12833,1729960500,1006,914
2027,Codeforces Round 982 (Div. 2),jainWin,12833,1729960500,834,807
2027,Codeforces Round 982 (Div. 2),manikanta_01,12833,1729960500,965,878
2027,Codeforces Round 982 (Div. 2),iakuh,12833,1729960500,918,918
2027,Codeforces Round 982 (Div. 2),sahilgarg3112,12840,1729960500,1211,1094
2027,Codeforces Round 982 (Div. 2),hades453,12840,1729960500,802,848
2027,Codeforces Round 982 (Div. 2),Anhquantran,12840,1729960500,680,636
2027,Codeforces Round 982 (Div. 2),abhinavbhatia51,12840,1729960500,360,587
2027,Codeforces Round 982 (Div. 2),MNR-TUSHAR,12840,1729960500,590,565
2027,Codeforces Round 982 (Div. 2),Blacksonic,12840,1729960500,0,363
2027,Codeforces Round 982 (Div. 2),prashantt492,12846,1729960500,358,585
2027,Codeforces Round 982 (Div. 2),royshubham07,12846,1729960500,361,588
2027,Codeforces Round 982 (Div. 2),MikelBarajas,12846,1729960500,1217,1100
2027,Codeforces Round 982 (Div. 2),aaryaibtedafoyez,12846,1729960500,915,948
2027,Codeforces Round 982 (Div. 2),TheCodingRanger,12846,1729960500,0,362
2027,Codeforces Round 982 (Div. 2),ajay_c,12846,1729960500,0,362
2027,Codeforces Round 982 (Div. 2),A3V,12846,1729960500,815,747
2027,Codeforces Round 982 (Div. 2),kalattar040,12846,1729960500,0,362
2027,Codeforces Round 982 (Div. 2),Moooooj,12846,1729960500,377,602
2027,Codeforces Round 982 (Div. 2),onlycppcode,12846,1729960500,1221,1103
2027,Codeforces Round 982 (Div. 2),MD_ABU_RAYHAN,12846,1729960500,785,722
2027,Codeforces Round 982 (Div. 2),Gautam_90,12846,1729960500,983,937
2027,Codeforces Round 982 (Div. 2),7gasmov,12858,1729960500,349,578
2027,Codeforces Round 982 (Div. 2),He_isenberg,12858,1729960500,1106,1002
2027,Codeforces Round 982 (Div. 2),25006770,12860,1729960500,359,587
2027,Codeforces Round 982 (Div. 2),Screech,12860,1729960500,373,599
2027,Codeforces Round 982 (Div. 2),not-nikita,12860,1729960500,402,624
2027,Codeforces Round 982 (Div. 2),sb2024,12860,1729960500,1027,976
2027,Codeforces Round 982 (Div. 2),nemesis243,12860,1729960500,0,362
2027,Codeforces Round 982 (Div. 2),xylalala,12860,1729960500,947,861
2027,Codeforces Round 982 (Div. 2),aakashpuli64,12866,1729960500,794,729
2027,Codeforces Round 982 (Div. 2),laixinyu,12866,1729960500,577,720
2027,Codeforces Round 982 (Div. 2),akshay.yedla,12866,1729960500,376,601
2027,Codeforces Round 982 (Div. 2),Yug_Bargaway,12866,1729960500,393,616
2027,Codeforces Round 982 (Div. 2),farhan382,12866,1729960500,0,362
2027,Codeforces Round 982 (Div. 2),AbhishekKumar813,12866,1729960500,350,579
2027,Codeforces Round 982 (Div. 2),Robin-Sajeb,12866,1729960500,695,646
2027,Codeforces Round 982 (Div. 2),_Avi_Paul_,12873,1729960500,803,736
2027,Codeforces Round 982 (Div. 2),__zaki__,12873,1729960500,988,980
2027,Codeforces Round 982 (Div. 2),dabuliu,12873,1729960500,0,362
2027,Codeforces Round 982 (Div. 2),LzYita,12876,1729960500,0,362
2027,Codeforces Round 982 (Div. 2),XKenda,12876,1729960500,847,774
2027,Codeforces Round 982 (Div. 2),TheCodster,12876,1729960500,0,362
2027,Codeforces Round 982 (Div. 2),nishantatras,12879,1729960500,605,745
2027,Codeforces Round 982 (Div. 2),DirgeChihiro,12880,1729960500,0,362
2027,Codeforces Round 982 (Div. 2),ayush.pathak00322,12880,1729960500,362,589
2027,Codeforces Round 982 (Div. 2),ironman468,12880,1729960500,0,362
2027,Codeforces Round 982 (Div. 2),Maudenthui,12880,1729960500,836,878
2027,Codeforces Round 982 (Div. 2),tanishqnagar,12884,1729960500,599,739
2027,Codeforces Round 982 (Div. 2),spectramind,12884,1729960500,841,812
2027,Codeforces Round 982 (Div. 2),Sarthak297,12884,1729960500,1084,982
2027,Codeforces Round 982 (Div. 2),Farhan34,12884,1729960500,685,637
2027,Codeforces Round 982 (Div. 2),Naman77,12884,1729960500,724,779
2027,Codeforces Round 982 (Div. 2),ashutoshmishra61679,12884,1729960500,578,721
2027,Codeforces Round 982 (Div. 2),adityaksharma,12884,1729960500,743,795
2027,Codeforces Round 982 (Div. 2),jgiitkgp,12884,1729960500,600,570
2027,Codeforces Round 982 (Div. 2),22r01a6727,12892,1729960500,762,780
2027,Codeforces Round 982 (Div. 2),Amir_Hamza19,12892,1729960500,705,653
2027,Codeforces Round 982 (Div. 2),muskan_pastor,12892,1729960500,815,746
2027,Codeforces Round 982 (Div. 2),machagoutham23,12892,1729960500,840,848
2027,Codeforces Round 982 (Div. 2),albertoperugini.ap,12892,1729960500,1162,1133
2027,Codeforces Round 982 (Div. 2),chinthalamanideepsai05,12897,1729960500,0,362
2027,Codeforces Round 982 (Div. 2),xbhxy,12897,1729960500,673,804
2027,Codeforces Round 982 (Div. 2),haoqingting,12897,1729960500,1121,1058
2027,Codeforces Round 982 (Div. 2),kaushalkej,12897,1729960500,732,675
2027,Codeforces Round 982 (Div. 2),Aarya1001,12897,1729960500,0,362
2027,Codeforces Round 982 (Div. 2),LeoninCS,12897,1729960500,0,362
2027,Codeforces Round 982 (Div. 2),Prashanta,12897,1729960500,608,747
2027,Codeforces Round 982 (Div. 2),mohit0011,12897,1729960500,893,813
2027,Codeforces Round 982 (Div. 2),fasfahgaeg,12905,1729960500,357,584
2027,Codeforces Round 982 (Div. 2),lehoanhdung710,12905,1729960500,0,362
2027,Codeforces Round 982 (Div. 2),TheSupremacy55,12905,1729960500,0,362
2027,Codeforces Round 982 (Div. 2),purrv_05,12905,1729960500,0,362
2027,Codeforces Round 982 (Div. 2),Srm__,12909,1729960500,781,716
2027,Codeforces Round 982 (Div. 2),harshvardhansgupta,12909,1729960500,912,873
2027,Codeforces Round 982 (Div. 2),OUTCAST0110,12909,1729960500,600,740
2027,Codeforces Round 982 (Div. 2),jss_Hacker_697,12909,1729960500,792,838
2027,Codeforces Round 982 (Div. 2),debkk,12909,1729960500,720,775
2027,Codeforces Round 982 (Div. 2),achi_1734,12909,1729960500,368,594
2027,Codeforces Round 982 (Div. 2),oii234,12915,1729960500,389,612
2027,Codeforces Round 982 (Div. 2),Derol,12915,1729960500,0,362
2027,Codeforces Round 982 (Div. 2),darkshadow03,12917,1729960500,969,880
2027,Codeforces Round 982 (Div. 2),chintapuneeth,12918,1729960500,1050,951
2027,Codeforces Round 982 (Div. 2),mhmdsltansltan337,12919,1729960500,350,578
2027,Codeforces Round 982 (Div. 2),Manoj_S_Shaiva,12920,1729960500,766,815
2027,Codeforces Round 982 (Div. 2),Leaf05M,12921,1729960500,1291,1164
2027,Codeforces Round 982 (Div. 2),Young1598,12922,1729960500,604,743
2027,Codeforces Round 982 (Div. 2),emptyUser,12923,1729960500,1216,1098
2027,Codeforces Round 982 (Div. 2),tmz09,12923,1729960500,855,779
2027,Codeforces Round 982 (Div. 2),ayushkumarshukla,12925,1729960500,839,765
2027,Codeforces Round 982 (Div. 2),gasinfinity,12925,1729960500,922,953
2027,Codeforces Round 982 (Div. 2),Rachit_code,12927,1729960500,368,593
2027,Codeforces Round 982 (Div. 2),Chanikya2006,12928,1729960500,949,862
2027,Codeforces Round 982 (Div. 2),aichigoubian,12928,1729960500,0,362
2027,Codeforces Round 982 (Div. 2),Naot210,12930,1729960500,1021,1008
2027,Codeforces Round 982 (Div. 2),vrogram,12931,1729960500,395,617
2027,Codeforces Round 982 (Div. 2),Rylin31,12931,1729960500,962,917
2027,Codeforces Round 982 (Div. 2),Om_Bavishi,12933,1729960500,0,362
2027,Codeforces Round 982 (Div. 2),koushiksonu012,12934,1729960500,1113,1007
2027,Codeforces Round 982 (Div. 2),CautiousCoder,12935,1729960500,743,795
2027,Codeforces Round 982 (Div. 2),Jeevith_P,12935,1729960500,1186,1071
2027,Codeforces Round 982 (Div. 2),sethiyaharshal,12937,1729960500,985,976
2027,Codeforces Round 982 (Div. 2),priyanshu_u,12938,1729960500,766,815
2027,Codeforces Round 982 (Div. 2),Ishan05pardhi,12938,1729960500,0,361
2027,Codeforces Round 982 (Div. 2),naina05112003,12940,1729960500,865,788
2027,Codeforces Round 982 (Div. 2),prasant70,12941,1729960500,926,841
2027,Codeforces Round 982 (Div. 2),gRaine,12942,1729960500,827,869
2027,Codeforces Round 982 (Div. 2),magdalenaf,12943,1729960500,711,766
2027,Codeforces Round 982 (Div. 2),Punk_Hazard_125,12943,1729960500,798,729
2027,Codeforces Round 982 (Div. 2),janyu2cs,12945,1729960500,0,361
2027,Codeforces Round 982 (Div. 2),halfpast5,12946,1729960500,664,786
2027,Codeforces Round 982 (Div. 2),MAGGIE_MEGHANA,12946,1729960500,607,518
2027,Codeforces Round 982 (Div. 2),22R01A67J3,12946,1729960500,0,353
2027,Codeforces Round 982 (Div. 2),omar_abdeen01,12946,1729960500,886,831
2027,Codeforces Round 982 (Div. 2),harinadh,12946,1729960500,610,738
2027,Codeforces Round 982 (Div. 2),fibtrading,12946,1729960500,854,801
2027,Codeforces Round 982 (Div. 2),Ahmed_Asran,12946,1729960500,859,759
2027,Codeforces Round 982 (Div. 2),mappledleaf,12946,1729960500,867,766
2027,Codeforces Round 982 (Div. 2),lys7942,12946,1729960500,360,577
2027,Codeforces Round 982 (Div. 2),kushalgupta,12946,1729960500,674,795
2027,Codeforces Round 982 (Div. 2),rohan243,12946,1729960500,855,802
2027,Codeforces Round 982 (Div. 2),mosaab_elouaryarhli2011,12946,1729960500,599,510
2027,Codeforces Round 982 (Div. 2),MD.Zahin,12946,1729960500,132,51
2027,Codeforces Round 982 (Div. 2),NAHID.,12946,1729960500,1265,1132
2027,Codeforces Round 982 (Div. 2),oktamov_shohjahon,12946,1729960500,928,824
2027,Codeforces Round 982 (Div. 2),Dark_King_Rayleigh,12946,1729960500,630,756
2027,Codeforces Round 982 (Div. 2),archit55,12946,1729960500,1179,1055
2027,Codeforces Round 982 (Div. 2),abhinavk.ug23.cs,12946,1729960500,912,808
2027,Codeforces Round 982 (Div. 2),tokitul,12946,1729960500,0,353
2027,Codeforces Round 982 (Div. 2),Abhishek_80217,12946,1729960500,578,709
2027,Codeforces Round 982 (Div. 2),tuneCoder02,12946,1729960500,0,353
2027,Codeforces Round 982 (Div. 2),Sarthak22032005,12946,1729960500,1059,945
2027,Codeforces Round 982 (Div. 2),njvndjnvjenjve,12946,1729960500,393,607
2027,Codeforces Round 982 (Div. 2),not_logn,12946,1729960500,803,706
2027,Codeforces Round 982 (Div. 2),fahimquicklife8,12946,1729960500,0,353
2027,Codeforces Round 982 (Div. 2),changzhen524,12946,1729960500,609,736
2027,Codeforces Round 982 (Div. 2),altprtx,12946,1729960500,1172,1049
2027,Codeforces Round 982 (Div. 2),riya.dhabuwala,12946,1729960500,911,808
2027,Codeforces Round 982 (Div. 2),jeevantmudgil10,12946,1729960500,576,707
2027,Codeforces Round 982 (Div. 2),bdyby0009,12946,1729960500,0,353
2027,Codeforces Round 982 (Div. 2),Sravs05,12946,1729960500,350,569
2027,Codeforces Round 982 (Div. 2),IITDamansharma,12946,1729960500,523,436
2027,Codeforces Round 982 (Div. 2),maheshkumar2058,12946,1729960500,0,353
2027,Codeforces Round 982 (Div. 2),AlgoAce_4C3,12946,1729960500,790,693
2027,Codeforces Round 982 (Div. 2),pajasndisna,12946,1729960500,0,353
2027,Codeforces Round 982 (Div. 2),ballin4,12946,1729960500,897,841
2027,Codeforces Round 982 (Div. 2),dinnerxet,12946,1729960500,0,353
2027,Codeforces Round 982 (Div. 2),TSI_Sabit,12946,1729960500,0,353
2027,Codeforces Round 982 (Div. 2),tsundere_,12946,1729960500,0,353
2027,Codeforces Round 982 (Div. 2),a.anuradhakgloc027,12946,1729960500,754,751
2027,Codeforces Round 982 (Div. 2),manaswitareddych,12946,1729960500,1072,957
2027,Codeforces Round 982 (Div. 2),ahmedghareep027,12946,1729960500,809,712
2027,Codeforces Round 982 (Div. 2),Fuck_paid_helpers,12946,1729960500,872,771
2027,Codeforces Round 982 (Div. 2),farmmm,12946,1729960500,889,787
2027,Codeforces Round 982 (Div. 2),dharmaajay2222,12946,1729960500,0,353
2027,Codeforces Round 982 (Div. 2),scholarRahul,12946,1729960500,0,353
2027,Codeforces Round 982 (Div. 2),lakshman_1811,12946,1729960500,811,805
2027,Codeforces Round 982 (Div. 2),smarandas123,12946,1729960500,0,353
2027,Codeforces Round 982 (Div. 2),eyfxrby,12946,1729960500,1259,1127
2027,Codeforces Round 982 (Div. 2),kavyadhamsania,12946,1729960500,932,827
2027,Codeforces Round 982 (Div. 2),kumarshrid06,12946,1729960500,573,704
2027,Codeforces Round 982 (Div. 2),VSS203638_Mahnoor_Rizwan,12946,1729960500,0,353
2027,Codeforces Round 982 (Div. 2),sid_1102,12946,1729960500,964,857
2027,Codeforces Round 982 (Div. 2),jayanth17,12946,1729960500,640,765
2027,Codeforces Round 982 (Div. 2),SwathiBaskar,12946,1729960500,350,569
2027,Codeforces Round 982 (Div. 2),mike-madarchod,12946,1729960500,351,570
2027,Codeforces Round 982 (Div. 2),Kmk0000,12946,1729960500,871,861
2027,Codeforces Round 982 (Div. 2),georgopolgoregopal2,12946,1729960500,0,353
2027,Codeforces Round 982 (Div. 2),ioghqwed,12946,1729960500,0,353
2027,Codeforces Round 982 (Div. 2),kheira_mihoub,12946,1729960500,830,778
2027,Codeforces Round 982 (Div. 2),juju12,12946,1729960500,0,353
2027,Codeforces Round 982 (Div. 2),Thomas01,12946,1729960500,1077,1048
2027,Codeforces Round 982 (Div. 2),Mimi33,12946,1729960500,0,353
2027,Codeforces Round 982 (Div. 2),Nilay.Badjatya,12946,1729960500,983,963
2027,Codeforces Round 982 (Div. 2),pnag_,12946,1729960500,1252,1121
2027,Codeforces Round 982 (Div. 2),karmanya21,12946,1729960500,0,353
2027,Codeforces Round 982 (Div. 2),uzwarrior,12946,1729960500,754,790
2027,Codeforces Round 982 (Div. 2),Genius7og,12946,1729960500,0,353
2027,Codeforces Round 982 (Div. 2),nosratee.jn,12946,1729960500,0,353
2027,Codeforces Round 982 (Div. 2),stranger2004,12946,1729960500,705,823
2027,Codeforces Round 982 (Div. 2),raihanwahid16,12946,1729960500,1366,1221
2027,Codeforces Round 982 (Div. 2),singhabhijeet1212,12946,1729960500,898,796
2027,Codeforces Round 982 (Div. 2),karthik097,12946,1729960500,708,748
2027,Codeforces Round 982 (Div. 2),klu_2200030865,12946,1729960500,793,826
2027,Codeforces Round 982 (Div. 2),desi.ghost,12946,1729960500,360,577
2027,Codeforces Round 982 (Div. 2),nyshu2006,12946,1729960500,0,353
2027,Codeforces Round 982 (Div. 2),OptimalSolver,12946,1729960500,1235,1105
2027,Codeforces Round 982 (Div. 2),klu_2200030478,12946,1729960500,425,635
2027,Codeforces Round 982 (Div. 2),ujjwalchhablani,12946,1729960500,863,810
2027,Codeforces Round 982 (Div. 2),pathak_0,12946,1729960500,734,772
2027,Codeforces Round 982 (Div. 2),pixel_core,12946,1729960500,0,353
2027,Codeforces Round 982 (Div. 2),t_jashwanth12,12946,1729960500,815,764
2027,Codeforces Round 982 (Div. 2),bhittu,12946,1729960500,751,788
2027,Codeforces Round 982 (Div. 2),shorif274,12946,1729960500,1013,903
2027,Codeforces Round 982 (Div. 2),22wh1a0594,12946,1729960500,537,449
2027,Codeforces Round 982 (Div. 2),10_101_01,12946,1729960500,965,1051
2027,Codeforces Round 982 (Div. 2),hoanganh.phungvu,12946,1729960500,362,580
2027,Codeforces Round 982 (Div. 2),Emperor_Chen_Lee,12946,1729960500,966,859
2027,Codeforces Round 982 (Div. 2),amjayashwanthraj,12946,1729960500,0,353
2027,Codeforces Round 982 (Div. 2),hioahda,12946,1729960500,1332,1301
2027,Codeforces Round 982 (Div. 2),Shovon337,12946,1729960500,378,594
2027,Codeforces Round 982 (Div. 2),Jangam_Buddha_Chandrika,12946,1729960500,676,797
2027,Codeforces Round 982 (Div. 2),sylvias,12946,1729960500,351,570
2027,Codeforces Round 982 (Div. 2),QuiteGunner,12946,1729960500,0,353
2027,Codeforces Round 982 (Div. 2),vivekk07,12946,1729960500,1034,922
2027,Codeforces Round 982 (Div. 2),samiaritu13,12946,1729960500,597,507
2027,Codeforces Round 982 (Div. 2),kindburnell7,12946,1729960500,575,706
2027,Codeforces Round 982 (Div. 2),learnLogic12,12946,1729960500,351,570
2027,Codeforces Round 982 (Div. 2),arman_mohammed,12946,1729960500,0,353
2027,Codeforces Round 982 (Div. 2),joeshiangg,12946,1729960500,387,602
2027,Codeforces Round 982 (Div. 2),2200030434,12946,1729960500,628,754
2027,Codeforces Round 982 (Div. 2),beautifulman,12946,1729960500,1065,951
2027,Codeforces Round 982 (Div. 2),hmnshuu,12946,1729960500,1159,1036
2027,Codeforces Round 982 (Div. 2),Arindom_Niloy,12946,1729960500,984,876
2027,Codeforces Round 982 (Div. 2),bmaise2005,12946,1729960500,0,353
2027,Codeforces Round 982 (Div. 2),Gauravpadda,12946,1729960500,864,764
2027,Codeforces Round 982 (Div. 2),Rid_C0der,12946,1729960500,1077,1008
2027,Codeforces Round 982 (Div. 2),shr3yan,12946,1729960500,1020,909
2027,Codeforces Round 982 (Div. 2),itsniki,12946,1729960500,827,819
2027,Codeforces Round 982 (Div. 2),DecodeX,12946,1729960500,892,790
2027,Codeforces Round 982 (Div. 2),the_eternal_monarch,12946,1729960500,803,835
2027,Codeforces Round 982 (Div. 2),sranjodh,12946,1729960500,1264,1131
2027,Codeforces Round 982 (Div. 2),VSS202366_M.Hassan,12946,1729960500,0,353
2027,Codeforces Round 982 (Div. 2),Satyam_Singh_0107,12946,1729960500,577,708
2027,Codeforces Round 982 (Div. 2),yaseen_hawat,12946,1729960500,743,648
2027,Codeforces Round 982 (Div. 2),karl01902,12946,1729960500,400,613
2027,Codeforces Round 982 (Div. 2),iamanewlalala,12946,1729960500,0,353
2027,Codeforces Round 982 (Div. 2),rushikeshnakhale1234,12946,1729960500,0,353
2027,Codeforces Round 982 (Div. 2),Subrat_2004,12946,1729960500,1005,895
2027,Codeforces Round 982 (Div. 2),Sqw1re,12946,1729960500,351,570
2027,Codeforces Round 982 (Div. 2),2200031399_klu,12946,1729960500,833,863
2027,Codeforces Round 982 (Div. 2),Sumit_Tiwari,12946,1729960500,1027,916
2027,Codeforces Round 982 (Div. 2),aditya_mon,12946,1729960500,1049,936
2027,Codeforces Round 982 (Div. 2),apogee_point,12946,1729960500,1130,1010
2027,Codeforces Round 982 (Div. 2),bhadouriya.1,12946,1729960500,0,353
2027,Codeforces Round 982 (Div. 2),cokebounce,12946,1729960500,909,806
2027,Codeforces Round 982 (Div. 2),Amit_ptp1617,12946,1729960500,985,877
2027,Codeforces Round 982 (Div. 2),varshitha1309,12946,1729960500,700,740
2027,Codeforces Round 982 (Div. 2),bhavitmishra,12946,1729960500,367,584
2027,Codeforces Round 982 (Div. 2),kh_oiiisha.10,12946,1729960500,457,371
2027,Codeforces Round 982 (Div. 2),_Alien_,12946,1729960500,1294,1158
2027,Codeforces Round 982 (Div. 2),22r01a67c6_man,12946,1729960500,0,353
2027,Codeforces Round 982 (Div. 2),saurabh12_,12946,1729960500,0,353
2027,Codeforces Round 982 (Div. 2),Mayank_9207,12946,1729960500,381,596
2027,Codeforces Round 982 (Div. 2),forsaken724,12946,1729960500,1198,1072
2027,Codeforces Round 982 (Div. 2),JAMi__rul,12946,1729960500,0,353
2027,Codeforces Round 982 (Div. 2),karthikvchetla,12946,1729960500,894,881
2027,Codeforces Round 982 (Div. 2),ALIYEFFw,12946,1729960500,780,814
2027,Codeforces Round 982 (Div. 2),Stereo_Heart,12946,1729960500,948,889
2027,Codeforces Round 982 (Div. 2),nicobh12,12946,1729960500,0,353
2027,Codeforces Round 982 (Div. 2),vsinghi24,12946,1729960500,826,728
2027,Codeforces Round 982 (Div. 2),22wh1a0499,12946,1729960500,674,582
2027,Codeforces Round 982 (Div. 2),bulusharma1999,12946,1729960500,1080,1084
2027,Codeforces Round 982 (Div. 2),zaib123,12946,1729960500,352,571
2027,Codeforces Round 982 (Div. 2),aashritha2502,12946,1729960500,951,845
2027,Codeforces Round 982 (Div. 2),khushal2016,12946,1729960500,720,759
2027,Codeforces Round 982 (Div. 2),238r1a67h8,12946,1729960500,584,714
2027,Codeforces Round 982 (Div. 2),AJAY-REDDY_02,12946,1729960500,0,353
2027,Codeforces Round 982 (Div. 2),Nxchman,12946,1729960500,395,609
2027,Codeforces Round 982 (Div. 2),udayparsa,12946,1729960500,646,770
2027,Codeforces Round 982 (Div. 2),Owner_of_the_world,12946,1729960500,0,353
2027,Codeforces Round 982 (Div. 2),Debugger_3,12946,1729960500,0,353
2027,Codeforces Round 982 (Div. 2),DarkestNightmare,12946,1729960500,2097,1849
2027,Codeforces Round 982 (Div. 2),22R01A0508,12946,1729960500,0,353
2027,Codeforces Round 982 (Div. 2),Anil30,12946,1729960500,368,585
2027,Codeforces Round 982 (Div. 2),Cephas_Gokula,12946,1729960500,843,743
2027,Codeforces Round 982 (Div. 2),23b01a0579,12946,1729960500,807,839
2027,Codeforces Round 982 (Div. 2),killeraa,12946,1729960500,889,787
2027,Codeforces Round 982 (Div. 2),shiva3463,12946,1729960500,0,353
2027,Codeforces Round 982 (Div. 2),manu_24,12946,1729960500,750,787
2027,Codeforces Round 982 (Div. 2),Messi_Magic,12946,1729960500,1005,895
2027,Codeforces Round 982 (Div. 2),harshpatil2,12946,1729960500,0,353
2027,Codeforces Round 982 (Div. 2),Asim_Patel,12946,1729960500,776,811
2027,Codeforces Round 982 (Div. 2),Thomas22,12946,1729960500,840,943
2027,Codeforces Round 982 (Div. 2),fw5dasddsa,12946,1729960500,0,353
2027,Codeforces Round 982 (Div. 2),Karancode0,12946,1729960500,366,583
2027,Codeforces Round 982 (Div. 2),g_lingesh123,12946,1729960500,891,915
2027,Codeforces Round 982 (Div. 2),Fogl,12946,1729960500,622,749
2027,Codeforces Round 982 (Div. 2),Abhay76543,12946,1729960500,716,756
2027,Codeforces Round 982 (Div. 2),2200030502_klu,12946,1729960500,717,757
2027,Codeforces Round 982 (Div. 2),VSS203636_ARafayRizwan,12946,1729960500,351,570
2027,Codeforces Round 982 (Div. 2),Antares_01,12946,1729960500,1130,1010
2027,Codeforces Round 982 (Div. 2),Vishant26,12946,1729960500,833,734
2027,Codeforces Round 982 (Div. 2),vss103824_Umar.Farooq,12946,1729960500,367,584
2027,Codeforces Round 982 (Div. 2),DawlyRajput_24,12946,1729960500,801,795
2027,Codeforces Round 982 (Div. 2),ai.Pranto,12946,1729960500,734,772
2027,Codeforces Round 982 (Div. 2),anujgoyalaman,12946,1729960500,436,645
2027,Codeforces Round 982 (Div. 2),CakeyRoadToIOI,12946,1729960500,1888,1778
2027,Codeforces Round 982 (Div. 2),Mohit0092,12946,1729960500,351,569
2027,Codeforces Round 982 (Div. 2),klu_2200040052,12946,1729960500,0,353
2027,Codeforces Round 982 (Div. 2),Junaid_sparrow_12,12946,1729960500,0,353
2027,Codeforces Round 982 (Div. 2),xiaopengyoujiu,12946,1729960500,1182,1057
2027,Codeforces Round 982 (Div. 2),Gourav_Dash,12946,1729960500,0,353
2027,Codeforces Round 982 (Div. 2),thesopranos,12946,1729960500,368,585
2027,Codeforces Round 982 (Div. 2),Krish02_AvK,12946,1729960500,710,827
2027,Codeforces Round 982 (Div. 2),shaurya.07,12946,1729960500,616,526
2027,Codeforces Round 982 (Div. 2),Manthan14,12946,1729960500,364,581
2027,Codeforces Round 982 (Div. 2),Sanjhi,12946,1729960500,796,829
2027,Codeforces Round 982 (Div. 2),salama305,12946,1729960500,0,353
2027,Codeforces Round 982 (Div. 2),donshaab,12946,1729960500,572,703
2027,Codeforces Round 982 (Div. 2),ranjitkk,12946,1729960500,1230,1101
2027,Codeforces Round 982 (Div. 2),ovijit.cs,12946,1729960500,882,781
2027,Codeforces Round 982 (Div. 2),Pushpa___,12946,1729960500,813,715
2027,Codeforces Round 982 (Div. 2),23r05a6719,12946,1729960500,627,753
2027,Codeforces Round 982 (Div. 2),AdityaRajAhuja,12946,1729960500,0,353
2027,Codeforces Round 982 (Div. 2),GouravT,12946,1729960500,357,575
2027,Codeforces Round 982 (Div. 2),earth616,12946,1729960500,0,353
2027,Codeforces Round 982 (Div. 2),Akshaykandunuri,12946,1729960500,868,857
2027,Codeforces Round 982 (Div. 2),arshchawla121,12946,1729960500,425,635
2027,Codeforces Round 982 (Div. 2),SaiSravya_04,12946,1729960500,352,570
2027,Codeforces Round 982 (Div. 2),Mr._bean,12946,1729960500,763,799
2027,Codeforces Round 982 (Div. 2),np2907,12946,1729960500,1389,1242
2027,Codeforces Round 982 (Div. 2),Darun_Nayeem,12946,1729960500,351,569
2027,Codeforces Round 982 (Div. 2),kl_2200031188,12946,1729960500,590,719
2027,Codeforces Round 982 (Div. 2),Priyanshu144,12946,1729960500,1158,1036
2027,Codeforces Round 982 (Div. 2),yashu26,12946,1729960500,659,782
2027,Codeforces Round 982 (Div. 2),7ecf17,12946,1729960500,0,353
2027,Codeforces Round 982 (Div. 2),issahil404,12946,1729960500,0,353
2027,Codeforces Round 982 (Div. 2),neonpain659,12946,1729960500,379,594
2027,Codeforces Round 982 (Div. 2),d13516292,12946,1729960500,374,591
2027,Codeforces Round 982 (Div. 2),devil111,12946,1729960500,0,353
2027,Codeforces Round 982 (Div. 2),codeith,12946,1729960500,942,836
2027,Codeforces Round 982 (Div. 2),asritha1905,12946,1729960500,0,353
2027,Codeforces Round 982 (Div. 2),tahmid_2357,12946,1729960500,607,735
2027,Codeforces Round 982 (Div. 2),Dharshan_N,12946,1729960500,0,353
2027,Codeforces Round 982 (Div. 2),saurabhcodesmnnit,12946,1729960500,721,760
2027,Codeforces Round 982 (Div. 2),krishnanand07,12946,1729960500,1024,913
2027,Codeforces Round 982 (Div. 2),justhere.23,12946,1729960500,532,444
2027,Codeforces Round 982 (Div. 2),shourov,12946,1729960500,1359,1216
2027,Codeforces Round 982 (Div. 2),vanss_7,12946,1729960500,575,706
2027,Codeforces Round 982 (Div. 2),gaiercop,12946,1729960500,1543,1375
2027,Codeforces Round 982 (Div. 2),22r01a05p4,12946,1729960500,768,720
2027,Codeforces Round 982 (Div. 2),tgsorgil,12946,1729960500,0,353
2027,Codeforces Round 982 (Div. 2),Hackoo,12946,1729960500,0,353
2027,Codeforces Round 982 (Div. 2),Vss202874_M_hussain__a,12946,1729960500,351,569
2027,Codeforces Round 982 (Div. 2),22r01a6252,12946,1729960500,362,579
2027,Codeforces Round 982 (Div. 2),Vamshi6721,12946,1729960500,561,472
2027,Codeforces Round 982 (Div. 2),ajayajay251,12946,1729960500,0,353
2027,Codeforces Round 982 (Div. 2),Niaze_negative_33,12946,1729960500,735,641
2027,Codeforces Round 982 (Div. 2),crn,12946,1729960500,1054,1027
2027,Codeforces Round 982 (Div. 2),shankar_n,12946,1729960500,1081,965
2027,Codeforces Round 982 (Div. 2),AHSAN9368,12946,1729960500,875,774
2027,Codeforces Round 982 (Div. 2),The_CodeRoller,12946,1729960500,784,687
2027,Codeforces Round 982 (Div. 2),SaltyDonut,12946,1729960500,1764,1564
2027,Codeforces Round 982 (Div. 2),2111sahil,12946,1729960500,1114,995
2027,Codeforces Round 982 (Div. 2),reverendoalejandro,12946,1729960500,639,764
2027,Codeforces Round 982 (Div. 2),HarshitVaish,12946,1729960500,367,584
2027,Codeforces Round 982 (Div. 2),DemoV,12946,1729960500,771,675
2027,Codeforces Round 982 (Div. 2),prudhvitejakukkunuri,12946,1729960500,362,579
2027,Codeforces Round 982 (Div. 2),kl_2200031829,12946,1729960500,565,696
2027,Codeforces Round 982 (Div. 2),Nusrat_J,12946,1729960500,0,353
2027,Codeforces Round 982 (Div. 2),ritsham007,12946,1729960500,824,725
2027,Codeforces Round 982 (Div. 2),almontaqibaIT,12946,1729960500,0,353
2027,Codeforces Round 982 (Div. 2),klu_2200031703,12946,1729960500,792,695
2027,Codeforces Round 982 (Div. 2),sabbir04,12946,1729960500,352,570
2027,Codeforces Round 982 (Div. 2),ganeshmateti29,12946,1729960500,0,353
2027,Codeforces Round 982 (Div. 2),mangodxd,12946,1729960500,0,353
2027,Codeforces Round 982 (Div. 2),-Accepted-,12946,1729960500,704,822
2027,Codeforces Round 982 (Div. 2),GalacticNea,12946,1729960500,1083,967
2027,Codeforces Round 982 (Div. 2),Enghouda3,12946,1729960500,0,353
2027,Codeforces Round 982 (Div. 2),mizanurrahman217010,12946,1729960500,0,353
2027,Codeforces Round 982 (Div. 2),suvam01,12946,1729960500,351,569
2027,Codeforces Round 982 (Div. 2),shyamnadella14,12946,1729960500,362,579
2027,Codeforces Round 982 (Div. 2),GustavoLopesOliveira,12946,1729960500,0,353
2027,Codeforces Round 982 (Div. 2),niweb103,12946,1729960500,1112,1039
2027,Codeforces Round 982 (Div. 2),aftabroushad710,12946,1729960500,364,581
2027,Codeforces Round 982 (Div. 2),Soumya_v2,12946,1729960500,1172,1048
2027,Codeforces Round 982 (Div. 2),Prasanna91,12946,1729960500,883,781
2027,Codeforces Round 982 (Div. 2),omarw33w,12946,1729960500,620,746
2027,Codeforces Round 982 (Div. 2),CodeAmico,12946,1729960500,1350,1208
2027,Codeforces Round 982 (Div. 2),shashwat0805,12946,1729960500,351,569
2027,Codeforces Round 982 (Div. 2),Ali_griffin,12946,1729960500,770,674
2027,Codeforces Round 982 (Div. 2),lovelypotter2018,12946,1729960500,750,655
2027,Codeforces Round 982 (Div. 2),ninja_shoyo,12946,1729960500,1221,1092
2027,Codeforces Round 982 (Div. 2),gqwdfasda,12946,1729960500,1428,1355
2027,Codeforces Round 982 (Div. 2),bh--HR,12946,1729960500,1165,1042
2027,Codeforces Round 982 (Div. 2),jriwdas5d64,12946,1729960500,1061,1133
2027,Codeforces Round 982 (Div. 2),VarunAditya31,12946,1729960500,1125,1006
2027,Codeforces Round 982 (Div. 2),Srajal,12946,1729960500,1066,997
2027,Codeforces Round 982 (Div. 2),238r1a67e2,12946,1729960500,0,353
2027,Codeforces Round 982 (Div. 2),ahmedsalah66848,12946,1729960500,1052,939
2027,Codeforces Round 982 (Div. 2),buct-hr,12946,1729960500,0,353
2027,Codeforces Round 982 (Div. 2),t_a_n_m_o_y,12946,1729960500,1057,943
2027,Codeforces Round 982 (Div. 2),PaRsHvMeShIyA,12946,1729960500,876,822
2027,Codeforces Round 982 (Div. 2),Reziliant,12946,1729960500,779,730
2027,Codeforces Round 982 (Div. 2),qooqxd,12946,1729960500,969,862
2027,Codeforces Round 982 (Div. 2),dhruv90100,12946,1729960500,713,753
2027,Codeforces Round 982 (Div. 2),Coddedresser,12946,1729960500,1212,1084
2027,Codeforces Round 982 (Div. 2),2200030289cseh,12946,1729960500,583,713
2027,Codeforces Round 982 (Div. 2),pankajcse12433,12946,1729960500,1072,957
2027,Codeforces Round 982 (Div. 2),newbie_09,12946,1729960500,1078,1008
2027,Codeforces Round 982 (Div. 2),khouilldi_khalil,12946,1729960500,403,616
2027,Codeforces Round 982 (Div. 2),kasagireesh,12946,1729960500,0,353
2027,Codeforces Round 982 (Div. 2),bittercof,12946,1729960500,1143,1022
2027,Codeforces Round 982 (Div. 2),pyarajanglijanwar,12946,1729960500,376,592
2027,Codeforces Round 982 (Div. 2),ang_elic,12946,1729960500,879,824
2027,Codeforces Round 982 (Div. 2),princekumar26_,12946,1729960500,897,841
2027,Codeforces Round 982 (Div. 2),anjalikumari7331,12946,1729960500,445,653
2027,Codeforces Round 982 (Div. 2),RAMODER,12946,1729960500,1338,1197
2027,Codeforces Round 982 (Div. 2),atharvakokate05,12946,1729960500,766,801
2027,Codeforces Round 982 (Div. 2),techistic_37,12946,1729960500,723,762
2027,Codeforces Round 982 (Div. 2),harsha10534,12946,1729960500,0,353
2027,Codeforces Round 982 (Div. 2),pulavarthivaishnavi44,12946,1729960500,0,353
2027,Codeforces Round 982 (Div. 2),Gaffer,12946,1729960500,591,502
2027,Codeforces Round 982 (Div. 2),kunwarkhushi75,12946,1729960500,945,840
2027,Codeforces Round 982 (Div. 2),goel_jhanvi,12946,1729960500,909,806
2027,Codeforces Round 982 (Div. 2),nubbbbbbbbbb,12946,1729960500,776,727
2027,Codeforces Round 982 (Div. 2),srm2024,12946,1729960500,373,589
2027,Codeforces Round 982 (Div. 2),sarahrai.joy,12946,1729960500,0,353
2027,Codeforces Round 982 (Div. 2),iamrobiulhasanjisan,12946,1729960500,1311,1173
2027,Codeforces Round 982 (Div. 2),amrinakther312,12946,1729960500,725,631
2027,Codeforces Round 982 (Div. 2),Sreeja1047,12946,1729960500,0,353
2027,Codeforces Round 982 (Div. 2),pseudotech,12946,1729960500,1184,1059
2027,Codeforces Round 982 (Div. 2),UjjawalPandey,12946,1729960500,355,573
2027,Codeforces Round 982 (Div. 2),dhanalakshmi117,12946,1729960500,782,733
2027,Codeforces Round 982 (Div. 2),me.rafiulomar,12946,1729960500,847,838
2027,Codeforces Round 982 (Div. 2),ganeshchola240805,12946,1729960500,0,353
2027,Codeforces Round 982 (Div. 2),nikhilsonkar616,12946,1729960500,898,885
2027,Codeforces Round 982 (Div. 2),MeghJesalpura,12946,1729960500,825,856
2027,Codeforces Round 982 (Div. 2),Ankit733,12946,1729960500,385,600
2027,Codeforces Round 982 (Div. 2),Ajaykumarkondaboina,12946,1729960500,567,698
2027,Codeforces Round 982 (Div. 2),aryanbaheti1325,12946,1729960500,714,753
2027,Codeforces Round 982 (Div. 2),faruk_kk,12946,1729960500,894,791
2027,Codeforces Round 982 (Div. 2),fighter09,12946,1729960500,383,599
2027,Codeforces Round 982 (Div. 2),Sahil_Hasnain,12946,1729960500,679,800
2027,Codeforces Round 982 (Div. 2),Jokerdf,12946,1729960500,0,353
2027,Codeforces Round 982 (Div. 2),tazuddin23,12946,1729960500,0,353
2027,Codeforces Round 982 (Div. 2),LoneWolf5353,12946,1729960500,1067,952
2027,Codeforces Round 982 (Div. 2),yusuf_09,12946,1729960500,351,569
2027,Codeforces Round 982 (Div. 2),VSS240100589_noorfatima,12946,1729960500,0,353
2027,Codeforces Round 982 (Div. 2),madan.mohan,12946,1729960500,923,865
2027,Codeforces Round 982 (Div. 2),23r01a66v8,12946,1729960500,0,353
2027,Codeforces Round 982 (Div. 2),Nisikto,12946,1729960500,1628,1448
2027,Codeforces Round 982 (Div. 2),agrom23,12946,1729960500,967,906
2027,Codeforces Round 982 (Div. 2),quantumsk,12946,1729960500,1475,1317
2027,Codeforces Round 982 (Div. 2),Texentop,12946,1729960500,590,719
2027,Codeforces Round 982 (Div. 2),pk28022003,12946,1729960500,0,353
2027,Codeforces Round 982 (Div. 2),johanderson,12946,1729960500,1040,928
2027,Codeforces Round 982 (Div. 2),23r01a0546,12946,1729960500,385,600
2027,Codeforces Round 982 (Div. 2),Amrutha_1907,12946,1729960500,351,569
2027,Codeforces Round 982 (Div. 2),sankhla.2,12946,1729960500,720,626
2027,Codeforces Round 982 (Div. 2),fake.account,12946,1729960500,574,485
2027,Codeforces Round 982 (Div. 2),dhruuvd_17,12946,1729960500,0,353
2027,Codeforces Round 982 (Div. 2),the.drunk.nerd,12946,1729960500,423,634
2027,Codeforces Round 982 (Div. 2),dummyyy,12946,1729960500,1280,1145
2027,Codeforces Round 982 (Div. 2),Complexity_MR_01,12946,1729960500,425,635
2027,Codeforces Round 982 (Div. 2),harsh580g,12946,1729960500,627,753
2027,Codeforces Round 982 (Div. 2),MohammadAbrar12,12946,1729960500,588,717
2027,Codeforces Round 982 (Div. 2),aditi75432,12946,1729960500,567,698
2027,Codeforces Round 982 (Div. 2),Shkoko,12946,1729960500,1476,1317
2027,Codeforces Round 982 (Div. 2),YASH2411,12946,1729960500,861,889
2027,Codeforces Round 982 (Div. 2),Samarth123,12946,1729960500,1033,921
2027,Codeforces Round 982 (Div. 2),Andreow,12946,1729960500,739,777
2027,Codeforces Round 982 (Div. 2),Coffee.toffee,12946,1729960500,813,715
2027,Codeforces Round 982 (Div. 2),miguel_O_hara,12946,1729960500,1299,1162
2027,Codeforces Round 982 (Div. 2),inside_light,12946,1729960500,0,353
2027,Codeforces Round 982 (Div. 2),ThinkerBell,12946,1729960500,350,569
2027,Codeforces Round 982 (Div. 2),Preesha_Agrawal,12946,1729960500,605,733
2027,Codeforces Round 982 (Div. 2),fairuz34678,12946,1729960500,0,353
2027,Codeforces Round 982 (Div. 2),someshjoyguru,12946,1729960500,1201,1074
2027,Codeforces Round 982 (Div. 2),Nihita,12946,1729960500,0,353
2027,Codeforces Round 982 (Div. 2),mallelaaruna,12946,1729960500,0,353
2027,Codeforces Round 982 (Div. 2),Marisa9051,12946,1729960500,0,353
2027,Codeforces Round 982 (Div. 2),arthas2,12946,1729960500,0,353
2027,Codeforces Round 982 (Div. 2),sdah24,12946,1729960500,355,573
2027,Codeforces Round 982 (Div. 2),icpc_gold_medalist,12946,1729960500,0,353
2027,Codeforces Round 982 (Div. 2),shivam933638,12946,1729960500,361,579
2027,Codeforces Round 982 (Div. 2),SoURaV.18,12946,1729960500,627,537
2027,Codeforces Round 982 (Div. 2),itsbharath7765,12946,1729960500,437,646
2027,Codeforces Round 982 (Div. 2),dr.dark,12946,1729960500,808,802
2027,Codeforces Round 982 (Div. 2),gauravkk,12946,1729960500,1256,1124
2027,Codeforces Round 982 (Div. 2),Dragon011,12946,1729960500,369,586
2027,Codeforces Round 982 (Div. 2),zegxtario,12946,1729960500,714,753
2027,Codeforces Round 982 (Div. 2),manognaram5,12946,1729960500,358,576
2027,Codeforces Round 982 (Div. 2),derrick2209,12946,1729960500,1167,1044
2027,Codeforces Round 982 (Div. 2),Hbayeb,12946,1729960500,1153,1031
2027,Codeforces Round 982 (Div. 2),Charan_sai7,12946,1729960500,0,353
2027,Codeforces Round 982 (Div. 2),Erzhan-Z-008-27,12946,1729960500,933,875
2027,Codeforces Round 982 (Div. 2),akkas_bakula01,12946,1729960500,890,788
2027,Codeforces Round 982 (Div. 2),317,12946,1729960500,735,773
2027,Codeforces Round 982 (Div. 2),khalidSaad123,12946,1729960500,960,853
2027,Codeforces Round 982 (Div. 2),anibubi12,12946,1729960500,-43,-42
2027,Codeforces Round 982 (Div. 2),vansh21363,12946,1729960500,1027,916
2027,Codeforces Round 982 (Div. 2),iamapro,12946,1729960500,1250,1119
2027,Codeforces Round 982 (Div. 2),Hare_raam,12946,1729960500,357,575
2027,Codeforces Round 982 (Div. 2),Melodic_Treacle,12946,1729960500,1015,951
2027,Codeforces Round 982 (Div. 2),mjgandhi2305,12946,1729960500,1201,1074
2027,Codeforces Round 982 (Div. 2),Sarvan_Yaduvanshi,12946,1729960500,1073,1045
2027,Codeforces Round 982 (Div. 2),king_of_hell_zoro,12946,1729960500,627,753
2027,Codeforces Round 982 (Div. 2),Devendra_19,12946,1729960500,1164,1041
2027,Codeforces Round 982 (Div. 2),MArham,12946,1729960500,385,600
2027,Codeforces Round 982 (Div. 2),rohiee_,12946,1729960500,0,353
2027,Codeforces Round 982 (Div. 2),Mahnoor,12946,1729960500,790,693
2027,Codeforces Round 982 (Div. 2),SANJI_1032-000-000,12946,1729960500,1388,1241
2027,Codeforces Round 982 (Div. 2),saurabh.doiphode,12946,1729960500,1059,945
2027,Codeforces Round 982 (Div. 2),Al-Amin-Al-Noor,12946,1729960500,760,712
2027,Codeforces Round 982 (Div. 2),sairam_swaroop_teja,12946,1729960500,1128,1009
2027,Codeforces Round 982 (Div. 2),real_innocent,12946,1729960500,1211,1084
2027,Codeforces Round 982 (Div. 2),Sambit04,12946,1729960500,818,811
2027,Codeforces Round 982 (Div. 2),Rohitkumar016030,12946,1729960500,701,742
2027,Codeforces Round 982 (Div. 2),andreiiluca,12946,1729960500,362,580
2027,Codeforces Round 982 (Div. 2),__60293483__,12946,1729960500,1009,899
2027,Codeforces Round 982 (Div. 2),AadiG,12946,1729960500,1001,892
2027,Codeforces Round 982 (Div. 2),EARS_CHEN,12946,1729960500,0,353
2027,Codeforces Round 982 (Div. 2),sudhanshu_sy,12946,1729960500,1246,1115
2027,Codeforces Round 982 (Div. 2),adsggwwp,12946,1729960500,757,870
2027,Codeforces Round 982 (Div. 2),22R01A05M6,12946,1729960500,773,678
2027,Codeforces Round 982 (Div. 2),abinand0911,12946,1729960500,1068,954
2027,Codeforces Round 982 (Div. 2),Nanishiva,12946,1729960500,1044,931
2027,Codeforces Round 982 (Div. 2),keerthinune,12946,1729960500,839,740
2027,Codeforces Round 982 (Div. 2),b_v_dheeraj__reddy,12946,1729960500,687,807
2027,Codeforces Round 982 (Div. 2),anmol_upadhyay,12946,1729960500,0,353
2027,Codeforces Round 982 (Div. 2),dragonfet,12946,1729960500,912,808
2027,Codeforces Round 982 (Div. 2),rupa_sri-566,12946,1729960500,0,353
2027,Codeforces Round 982 (Div. 2),bharathraj010,12946,1729960500,806,756
2027,Codeforces Round 982 (Div. 2),muuust,12946,1729960500,924,820
2027,Codeforces Round 982 (Div. 2),22r11a0547,12946,1729960500,1031,919
2027,Codeforces Round 982 (Div. 2),nayeem17,12946,1729960500,864,764
2027,Codeforces Round 982 (Div. 2),22r01a73c1,12946,1729960500,595,724
2027,Codeforces Round 982 (Div. 2),ayushisharma04,12946,1729960500,0,353
2027,Codeforces Round 982 (Div. 2),prahlad_kumar,12946,1729960500,0,353
2027,Codeforces Round 982 (Div. 2),chaitanya_2408,12946,1729960500,1233,1104
2027,Codeforces Round 982 (Div. 2),Priyanshu___812___,12946,1729960500,405,618
2027,Codeforces Round 982 (Div. 2),238r1a05d3,12946,1729960500,0,353
2027,Codeforces Round 982 (Div. 2),TESHE,12946,1729960500,0,353
2027,Codeforces Round 982 (Div. 2),md_hzs_22,12946,1729960500,996,887
2027,Codeforces Round 982 (Div. 2),yituodabian,12946,1729960500,657,566
2027,Codeforces Round 982 (Div. 2),metroboomin,12946,1729960500,739,907
2027,Codeforces Round 982 (Div. 2),bhavanareddy02,12946,1729960500,560,692
2027,Codeforces Round 982 (Div. 2),VSS201592_AbdulRahmanM,12946,1729960500,351,570
2027,Codeforces Round 982 (Div. 2),Gourav,12946,1729960500,1334,1194
2027,Codeforces Round 982 (Div. 2),john.stalin,12946,1729960500,692,812
2027,Codeforces Round 982 (Div. 2),rio96,12946,1729960500,1152,1030
2027,Codeforces Round 982 (Div. 2),Shanto01793,12946,1729960500,848,839
2027,Codeforces Round 982 (Div. 2),Ralpher78,12946,1729960500,0,353
2027,Codeforces Round 982 (Div. 2),revanth2074,12946,1729960500,865,892
2027,Codeforces Round 982 (Div. 2),Jagannadhavarma,12946,1729960500,848,839
2027,Codeforces Round 982 (Div. 2),eslamahmed_22,12946,1729960500,0,353
2027,Codeforces Round 982 (Div. 2),tdesfont,12946,1729960500,780,815
2027,Codeforces Round 982 (Div. 2),G.Raghavareddy,12946,1729960500,588,718
2027,Codeforces Round 982 (Div. 2),tanbirh313,12946,1729960500,697,605
2027,Codeforces Round 982 (Div. 2),jayson_3986,12946,1729960500,893,918
2027,Codeforces Round 982 (Div. 2),w3bob,12946,1729960500,388,603
2027,Codeforces Round 982 (Div. 2),crazzie._.04,12946,1729960500,0,353
2027,Codeforces Round 982 (Div. 2),rashedjamanraju,12946,1729960500,358,576
2027,Codeforces Round 982 (Div. 2),Rohan_Rudra,12946,1729960500,1029,964
2027,Codeforces Round 982 (Div. 2),Hasnine_Hemel,12946,1729960500,623,749
2027,Codeforces Round 982 (Div. 2),krishefu21,12946,1729960500,0,353
2027,Codeforces Round 982 (Div. 2),Naman-NITA,12946,1729960500,1117,998
2027,Codeforces Round 982 (Div. 2),ariful.shuvh,12946,1729960500,763,799
2027,Codeforces Round 982 (Div. 2),saptarshisen12981,12946,1729960500,0,353
2027,Codeforces Round 982 (Div. 2),nithishreddynama,12946,1729960500,0,353
2027,Codeforces Round 982 (Div. 2),Vaibhavi22,12946,1729960500,790,741
2027,Codeforces Round 982 (Div. 2),rarab43713regishub,12946,1729960500,0,353
2027,Codeforces Round 982 (Div. 2),rain_0,12946,1729960500,1149,1028
2027,Codeforces Round 982 (Div. 2),klu_2200031917,12946,1729960500,791,825
2027,Codeforces Round 982 (Div. 2),knishanthreddy,12946,1729960500,386,601
2027,Codeforces Round 982 (Div. 2),AzcNHc66,12946,1729960500,576,707
2027,Codeforces Round 982 (Div. 2),ryan__,12946,1729960500,0,353
2027,Codeforces Round 982 (Div. 2),vinod_makkala_06,12946,1729960500,905,802
2027,Codeforces Round 982 (Div. 2),Shazid404,12946,1729960500,353,571
2027,Codeforces Round 982 (Div. 2),CharlesO,12946,1729960500,567,698
2027,Codeforces Round 982 (Div. 2),rishab4kundu,12946,1729960500,0,353
2027,Codeforces Round 982 (Div. 2),Ar7e9,12946,1729960500,1478,1319
2027,Codeforces Round 982 (Div. 2),itsdivya,12946,1729960500,0,353
2027,Codeforces Round 982 (Div. 2),majinaru,12946,1729960500,986,878
2027,Codeforces Round 982 (Div. 2),atlurimythri,12946,1729960500,919,815
2027,Codeforces Round 982 (Div. 2),robiulhasan1,12946,1729960500,565,697
2027,Codeforces Round 982 (Div. 2),6232,12946,1729960500,815,847
2027,Codeforces Round 982 (Div. 2),priincce,12946,1729960500,680,588
2027,Codeforces Round 982 (Div. 2),abishekvignesh,12946,1729960500,832,780
2027,Codeforces Round 982 (Div. 2),sahedbatman,12946,1729960500,351,570
2027,Codeforces Round 982 (Div. 2),darshan_22,12946,1729960500,366,583
2027,Codeforces Round 982 (Div. 2),Parmesh_06,12946,1729960500,420,631
2027,Codeforces Round 982 (Div. 2),zaid5496,12946,1729960500,1554,1385
2027,Codeforces Round 982 (Div. 2),nooooo111,12946,1729960500,894,791
2027,Codeforces Round 982 (Div. 2),Vss240201534BurhanRizvi,12946,1729960500,0,353
2027,Codeforces Round 982 (Div. 2),_tito_,12946,1729960500,373,589
2027,Codeforces Round 982 (Div. 2),only289vc,12946,1729960500,1115,1042
2027,Codeforces Round 982 (Div. 2),Umar-Sarfraz,12946,1729960500,0,353
2027,Codeforces Round 982 (Div. 2),Tanmaisai,12946,1729960500,777,681
2027,Codeforces Round 982 (Div. 2),kazu_tech,12946,1729960500,1249,1118
2027,Codeforces Round 982 (Div. 2),weirdflexbutok,12946,1729960500,2033,1794
2027,Codeforces Round 982 (Div. 2),nazmulchowdhury,12946,1729960500,757,662
2027,Codeforces Round 982 (Div. 2),RohitSharma_47,12946,1729960500,600,729
2027,Codeforces Round 982 (Div. 2),Lee_s_Engineer,12946,1729960500,801,834
2027,Codeforces Round 982 (Div. 2),Hazrat_Ali_CSE,12946,1729960500,0,353
2027,Codeforces Round 982 (Div. 2),bharathh30,12946,1729960500,0,353
2027,Codeforces Round 982 (Div. 2),Osama_bin_Laden_,12946,1729960500,1261,1128
2027,Codeforces Round 982 (Div. 2),sssomax73,12946,1729960500,577,708
2027,Codeforces Round 982 (Div. 2),ItsAJHarsh,12946,1729960500,1045,932
2027,Codeforces Round 982 (Div. 2),Kangrax,12946,1729960500,1265,1215
2027,Codeforces Round 982 (Div. 2),1nky0,12946,1729960500,1579,1577
2027,Codeforces Round 982 (Div. 2),nghialaptrinh,12946,1729960500,799,702
2027,Codeforces Round 982 (Div. 2),sumayyasadaf13,12946,1729960500,370,586
2027,Codeforces Round 982 (Div. 2),ankursinghjethuri,12946,1729960500,0,353
2027,Codeforces Round 982 (Div. 2),manikanthdaru82,12946,1729960500,836,827
2027,Codeforces Round 982 (Div. 2),shahadatshuvo,12946,1729960500,925,867
2027,Codeforces Round 982 (Div. 2),saeedbaf,12946,1729960500,758,794
2027,Codeforces Round 982 (Div. 2),_DevShah,12946,1729960500,865,764
2027,Codeforces Round 982 (Div. 2),Mv_is_here,12946,1729960500,0,353
2027,Codeforces Round 982 (Div. 2),Caraxes_00,12946,1729960500,0,353
2027,Codeforces Round 982 (Div. 2),madhuhasitha,12946,1729960500,663,571
2027,Codeforces Round 982 (Div. 2),MHK1,12946,1729960500,914,810
2027,Codeforces Round 982 (Div. 2),shishir10,12946,1729960500,0,353
2027,Codeforces Round 982 (Div. 2),KingArthur48,12946,1729960500,821,723
2027,Codeforces Round 982 (Div. 2),APavithra,12946,1729960500,368,585
2027,Codeforces Round 982 (Div. 2),mehedii_hasan,12946,1729960500,455,662
2027,Codeforces Round 982 (Div. 2),koushikranga51,12946,1729960500,0,353
2027,Codeforces Round 982 (Div. 2),NTLE,12946,1729960500,618,745
2027,Codeforces Round 982 (Div. 2),fertator,12946,1729960500,598,727
2027,Codeforces Round 982 (Div. 2),Feiliu125,12946,1729960500,0,353
2027,Codeforces Round 982 (Div. 2),ahmedreda_1809,12946,1729960500,376,592
2027,Codeforces Round 982 (Div. 2),astm1,12946,1729960500,0,353
2027,Codeforces Round 982 (Div. 2),sohaib__khan,12946,1729960500,778,774
2027,Codeforces Round 982 (Div. 2),unlucky_guy,12946,1729960500,0,353
2027,Codeforces Round 982 (Div. 2),junnu2006,12946,1729960500,864,853
2027,Codeforces Round 982 (Div. 2),uday_8309,12946,1729960500,0,353
2027,Codeforces Round 982 (Div. 2),Osman_001,12946,1729960500,898,795
2027,Codeforces Round 982 (Div. 2),dumpycroc,12946,1729960500,481,685
2027,Codeforces Round 982 (Div. 2),B1naryKn1ght,12946,1729960500,958,852
2027,Codeforces Round 982 (Div. 2),bathalamurali1,12946,1729960500,690,810
2027,Codeforces Round 982 (Div. 2),zumuruda03nasayreh,12946,1729960500,354,572
2027,Codeforces Round 982 (Div. 2),itzdenkivn,12946,1729960500,905,891
2027,Codeforces Round 982 (Div. 2),Aditya1708,12946,1729960500,0,353
2027,Codeforces Round 982 (Div. 2),Rafi_365,12946,1729960500,573,704
2027,Codeforces Round 982 (Div. 2),avatarpandora_1072,12946,1729960500,1143,1022
2027,Codeforces Round 982 (Div. 2),VSS101340_AmnaZaheer,12946,1729960500,0,353
2027,Codeforces Round 982 (Div. 2),VSS203637_MUmerRizwan,12946,1729960500,351,570
2027,Codeforces Round 982 (Div. 2),eikooc,12946,1729960500,1718,1525
2027,Codeforces Round 982 (Div. 2),Parth_Sutaria,12946,1729960500,0,353
2027,Codeforces Round 982 (Div. 2),omutkarsh_2005,12946,1729960500,0,353
2027,Codeforces Round 982 (Div. 2),parth_vijay123,12946,1729960500,948,889
2027,Codeforces Round 982 (Div. 2),kafkalx,12946,1729960500,952,846
2027,Codeforces Round 982 (Div. 2),sirish95,12946,1729960500,0,353
2027,Codeforces Round 982 (Div. 2),nuzh4t,12946,1729960500,385,600
2027,Codeforces Round 982 (Div. 2),n0b0dy01,12946,1729960500,1114,995
2027,Codeforces Round 982 (Div. 2),navil,12946,1729960500,0,353
2027,Codeforces Round 982 (Div. 2),sanjay_001,12946,1729960500,785,780
2027,Codeforces Round 982 (Div. 2),Dhanush-Karthick-K,12946,1729960500,759,664
2027,Codeforces Round 982 (Div. 2),Gaddour_Yessine,12946,1729960500,396,610
2027,Codeforces Round 982 (Div. 2),const_int05,12946,1729960500,904,927
2027,Codeforces Round 982 (Div. 2),2200030090_kl,12946,1729960500,747,785
2027,Codeforces Round 982 (Div. 2),ShuOverflow,12946,1729960500,947,841
2027,Codeforces Round 982 (Div. 2),EveryThingIsConnected,12946,1729960500,1183,1104
2027,Codeforces Round 982 (Div. 2),VuttaradhiGhayini,12946,1729960500,0,353
2027,Codeforces Round 982 (Div. 2),Islam2022331091,12946,1729960500,832,733
2027,Codeforces Round 982 (Div. 2),Thomas50,12946,1729960500,552,747
2027,Codeforces Round 982 (Div. 2),fnellen,12946,1729960500,0,353
2027,Codeforces Round 982 (Div. 2),mahadi74,12946,1729960500,0,353
2027,Codeforces Round 982 (Div. 2),swathi.yadav,12946,1729960500,582,712
2027,Codeforces Round 982 (Div. 2),Kash_10,12946,1729960500,691,599
2027,Codeforces Round 982 (Div. 2),vansh_494,12946,1729960500,0,353
2027,Codeforces Round 982 (Div. 2),Danila1830,12946,1729960500,875,864
2027,Codeforces Round 982 (Div. 2),islamfarzana365,12946,1729960500,0,353
2027,Codeforces Round 982 (Div. 2),jeanlvcandiii,12946,1729960500,915,937
2027,Codeforces Round 982 (Div. 2),das101,12946,1729960500,363,580
2027,Codeforces Round 982 (Div. 2),Hitman_143,12946,1729960500,0,353
2027,Codeforces Round 982 (Div. 2),sj555,12946,1729960500,1180,1055
2027,Codeforces Round 982 (Div. 2),lovepie,12946,1729960500,906,929
2027,Codeforces Round 982 (Div. 2),Xursheda,12946,1729960500,0,353
2027,Codeforces Round 982 (Div. 2),Razeef,12946,1729960500,365,582
2027,Codeforces Round 982 (Div. 2),konavivekramakrishna,12946,1729960500,0,353
2027,Codeforces Round 982 (Div. 2),shlokjkanani,12946,1729960500,0,353
2027,Codeforces Round 982 (Div. 2),saptarshikuar2003,12946,1729960500,886,784
2027,Codeforces Round 982 (Div. 2),yrtwd,12946,1729960500,373,589
2027,Codeforces Round 982 (Div. 2),Nitingargiitr,12946,1729960500,0,353
2027,Codeforces Round 982 (Div. 2),deepthi2006,12946,1729960500,369,586
2027,Codeforces Round 982 (Div. 2),Hjover22,12946,1729960500,493,406
2027,Codeforces Round 982 (Div. 2),Satya900,12946,1729960500,1035,923
2027,Codeforces Round 982 (Div. 2),Divyam1,12946,1729960500,357,575
2027,Codeforces Round 982 (Div. 2),Balaji_Nallusamy,12946,1729960500,1292,1156
2027,Codeforces Round 982 (Div. 2),jaswanthakula,12946,1729960500,366,583
2027,Codeforces Round 982 (Div. 2),noob1208,12946,1729960500,0,353
2027,Codeforces Round 982 (Div. 2),Mike_HXW,12946,1729960500,885,873
2027,Codeforces Round 982 (Div. 2),Lean_Coding,12946,1729960500,936,956
2027,Codeforces Round 982 (Div. 2),shelter-rin-0810,12946,1729960500,486,689
2027,Codeforces Round 982 (Div. 2),mainnahihoo,12946,1729960500,547,459
2027,Codeforces Round 982 (Div. 2),Ar.sue,12946,1729960500,371,588
2027,Codeforces Round 982 (Div. 2),Faisal_Iqbal,12946,1729960500,575,706
2027,Codeforces Round 982 (Div. 2),secondHesh,12946,1729960500,745,651
2027,Codeforces Round 982 (Div. 2),blackbinary,12946,1729960500,701,608
2027,Codeforces Round 982 (Div. 2),MustafijulIslamEmon,12946,1729960500,804,836
2027,Codeforces Round 982 (Div. 2),klu_2200032512,12946,1729960500,735,641
2027,Codeforces Round 982 (Div. 2),Ayan_2003,12946,1729960500,819,850
2027,Codeforces Round 982 (Div. 2),noecho,12946,1729960500,1016,993
2027,Codeforces Round 982 (Div. 2),Nitish231000038_CSe,12946,1729960500,723,629
2027,Codeforces Round 982 (Div. 2),prashanth2124,12946,1729960500,750,787
2027,Codeforces Round 982 (Div. 2),wakappxc,12946,1729960500,768,672
2027,Codeforces Round 982 (Div. 2),chyogeesh_0505,12946,1729960500,214,135
2027,Codeforces Round 982 (Div. 2),masonhuang0320,12946,1729960500,0,353
2027,Codeforces Round 982 (Div. 2),srk01,12946,1729960500,356,574
2027,Codeforces Round 982 (Div. 2),nayeemahmad,12946,1729960500,904,801
2027,Codeforces Round 982 (Div. 2),Rabbi-02,12946,1729960500,826,728
2027,Codeforces Round 982 (Div. 2),chrakshitha28,12946,1729960500,806,709
2027,Codeforces Round 982 (Div. 2),v2.0MOd,12946,1729960500,991,882
2027,Codeforces Round 982 (Div. 2),Its_R_I_K_19,12946,1729960500,986,878
2027,Codeforces Round 982 (Div. 2),johniscool76,12946,1729960500,715,622
2027,Codeforces Round 982 (Div. 2),phamhuy050407,12946,1729960500,763,668
2027,Codeforces Round 982 (Div. 2),sariya_niyaz,12946,1729960500,355,573
2027,Codeforces Round 982 (Div. 2),22r01a67g0,12946,1729960500,0,353
2027,Codeforces Round 982 (Div. 2),Bolat_Kv,12946,1729960500,957,939
2027,Codeforces Round 982 (Div. 2),Arfi,12946,1729960500,821,723
2027,Codeforces Round 982 (Div. 2),akshayraj2502,12946,1729960500,358,576
2027,Codeforces Round 982 (Div. 2),amreeneusra03,12946,1729960500,351,570
2027,Codeforces Round 982 (Div. 2),Harsh3304,12946,1729960500,1231,1102
2027,Codeforces Round 982 (Div. 2),sunny1921,12946,1729960500,355,573
2027,Codeforces Round 982 (Div. 2),KLU2400030163,12946,1729960500,0,353
2027,Codeforces Round 982 (Div. 2),Akhilkr,12946,1729960500,783,817
2027,Codeforces Round 982 (Div. 2),X1ds,12946,1729960500,744,858
2027,Codeforces Round 982 (Div. 2),AlgoTitan,12946,1729960500,1000,890
2027,Codeforces Round 982 (Div. 2),kusuma_male12,12946,1729960500,755,752
2027,Codeforces Round 982 (Div. 2),okidoki1,12946,1729960500,401,614
2027,Codeforces Round 982 (Div. 2),PRX_SID,12946,1729960500,0,353
2027,Codeforces Round 982 (Div. 2),Mounikachiluveri_99,12946,1729960500,592,503
2027,Codeforces Round 982 (Div. 2),admin7771,12946,1729960500,0,353
2027,Codeforces Round 982 (Div. 2),NgNhan23A1,12946,1729960500,803,706
2027,Codeforces Round 982 (Div. 2),canttouchthis,12946,1729960500,739,777
2027,Codeforces Round 982 (Div. 2),Zero_Kelvin,12946,1729960500,820,813
2027,Codeforces Round 982 (Div. 2),zaidrasras31,12946,1729960500,0,353
2027,Codeforces Round 982 (Div. 2),CheatPlusPlus10,12946,1729960500,672,794
2027,Codeforces Round 982 (Div. 2),Supriya_2003,12946,1729960500,809,712
2027,Codeforces Round 982 (Div. 2),unknowndude45mi,12946,1729960500,0,353
2027,Codeforces Round 982 (Div. 2),thulasi_03,12946,1729960500,853,844
2027,Codeforces Round 982 (Div. 2),swordy_001,12946,1729960500,0,353
2027,Codeforces Round 982 (Div. 2),coskunwinner,12946,1729960500,771,675
2027,Codeforces Round 982 (Div. 2),varunreddynani29,12946,1729960500,799,793
2027,Codeforces Round 982 (Div. 2),SM011,12946,1729960500,702,743
2027,Codeforces Round 982 (Div. 2),SStheHACKER,12946,1729960500,1216,1088
2027,Codeforces Round 982 (Div. 2),itz_rao,12946,1729960500,907,804
2027,Codeforces Round 982 (Div. 2),nanipandu1802,12946,1729960500,881,780
2027,Codeforces Round 982 (Div. 2),Hamster_Liu,12946,1729960500,1539,1450
2027,Codeforces Round 982 (Div. 2),zhudeming,12946,1729960500,0,353
2027,Codeforces Round 982 (Div. 2),2210040036,12946,1729960500,699,740
2027,Codeforces Round 982 (Div. 2),NovemNotes,12946,1729960500,0,353
2027,Codeforces Round 982 (Div. 2),AAALLQ,12946,1729960500,355,573
2027,Codeforces Round 982 (Div. 2),HIKIGAI_HACHIMAN,12946,1729960500,964,904
2027,Codeforces Round 982 (Div. 2),A.Elgazzar,12946,1729960500,684,804
2027,Codeforces Round 982 (Div. 2),asish_2056,12946,1729960500,449,657
2027,Codeforces Round 982 (Div. 2),Ion_Gravirei,12946,1729960500,355,573
2027,Codeforces Round 982 (Div. 2),kl2400032676,12946,1729960500,0,353
2027,Codeforces Round 982 (Div. 2),Abay-Moldiar-004-27,12946,1729960500,1108,991
2027,Codeforces Round 982 (Div. 2),Ollys_OGGY,12946,1729960500,674,582
2027,Codeforces Round 982 (Div. 2),klu2200032913,12946,1729960500,380,595
2027,Codeforces Round 982 (Div. 2),Iconic_19,12946,1729960500,888,786
2027,Codeforces Round 982 (Div. 2),ashikujjamanmd054,12946,1729960500,637,762
2027,Codeforces Round 982 (Div. 2),dcxclhx,12946,1729960500,351,570
2027,Codeforces Round 982 (Div. 2),Svsiv_Gamingmood,12946,1729960500,879,868
2027,Codeforces Round 982 (Div. 2),Sneha_gudise,12946,1729960500,774,678
2027,Codeforces Round 982 (Div. 2),ashab.tanim,12946,1729960500,768,672
2027,Codeforces Round 982 (Div. 2),Slytherin_sorcerer,12946,1729960500,1249,1201
2027,Codeforces Round 982 (Div. 2),MedReda456,12946,1729960500,372,588
2027,Codeforces Round 982 (Div. 2),sssss111111,12946,1729960500,830,860
2027,Codeforces Round 982 (Div. 2),Vyom_2811,12946,1729960500,0,353
2027,Codeforces Round 982 (Div. 2),prithuljha,12946,1729960500,764,800
2027,Codeforces Round 982 (Div. 2),shreyas65,12946,1729960500,0,353
2027,Codeforces Round 982 (Div. 2),euler_san,12946,1729960500,1044,931
2027,Codeforces Round 982 (Div. 2),hihry,12946,1729960500,769,673
2027,Codeforces Round 982 (Div. 2),SohaSultana,12946,1729960500,0,353
2027,Codeforces Round 982 (Div. 2),Tirth_Patel_1632,12946,1729960500,351,570
2027,Codeforces Round 982 (Div. 2),maunpatel,12946,1729960500,0,353
2027,Codeforces Round 982 (Div. 2),twinkleTuhin,12946,1729960500,364,581
2027,Codeforces Round 982 (Div. 2),StarCoffee95,12946,1729960500,752,789
2027,Codeforces Round 982 (Div. 2),joaann10,12946,1729960500,377,593
2027,Codeforces Round 982 (Div. 2),Shivabalaji_438,12946,1729960500,0,353
2027,Codeforces Round 982 (Div. 2),arpitiitkgp,12946,1729960500,796,699
2027,Codeforces Round 982 (Div. 2),vaishnavi1712,12946,1729960500,828,820
2027,Codeforces Round 982 (Div. 2),Nazifa2103111,12946,1729960500,899,797
2027,Codeforces Round 982 (Div. 2),22r01a0455,12946,1729960500,784,687
2027,Codeforces Round 982 (Div. 2),hari_na,12946,1729960500,615,742
2027,Codeforces Round 982 (Div. 2),codeswayam_789,12946,1729960500,1317,1178
2027,Codeforces Round 982 (Div. 2),notanaveragecoder,12946,1729960500,960,900
2027,Codeforces Round 982 (Div. 2),HarshSingh,12946,1729960500,1287,1152
2027,Codeforces Round 982 (Div. 2),TTTT_TTTT,12946,1729960500,980,872
2027,Codeforces Round 982 (Div. 2),ISRAEL12,12946,1729960500,831,823
2027,Codeforces Round 982 (Div. 2),HACKER2714,12946,1729960500,572,703
2027,Codeforces Round 982 (Div. 2),kdeepa,12946,1729960500,0,353
2027,Codeforces Round 982 (Div. 2),znhdsg,12946,1729960500,617,744
2027,Codeforces Round 982 (Div. 2),rafiwho,12946,1729960500,979,871
2027,Codeforces Round 982 (Div. 2),alok66373,12946,1729960500,664,573
2027,Codeforces Round 982 (Div. 2),youngo,12946,1729960500,0,353
2027,Codeforces Round 982 (Div. 2),youcando,12946,1729960500,363,580
2027,Codeforces Round 982 (Div. 2),ImranHossain,12946,1729960500,1160,1038
2027,Codeforces Round 982 (Div. 2),shxsaber5,12946,1729960500,583,713
2027,Codeforces Round 982 (Div. 2),Q-code,12946,1729960500,698,739
2027,Codeforces Round 982 (Div. 2),Shaik_Muskhan,12946,1729960500,367,584
2027,Codeforces Round 982 (Div. 2),harsh_pi,12946,1729960500,913,810
2027,Codeforces Round 982 (Div. 2),StellarSpecter,12946,1729960500,851,751
2027,Codeforces Round 982 (Div. 2),Karim_S10,12946,1729960500,1085,969
2027,Codeforces Round 982 (Div. 2),ghoshswarnava49,12946,1729960500,0,353
2027,Codeforces Round 982 (Div. 2),pubgpro963,12946,1729960500,725,764
2027,Codeforces Round 982 (Div. 2),madhu_713,12946,1729960500,0,353
2027,Codeforces Round 982 (Div. 2),Mukundan_13,12946,1729960500,355,573
2027,Codeforces Round 982 (Div. 2),Muramasa07,12946,1729960500,417,628
2027,Codeforces Round 982 (Div. 2),Aditya024,12946,1729960500,368,585
2027,Codeforces Round 982 (Div. 2),vidip2025,12946,1729960500,0,353
2027,Codeforces Round 982 (Div. 2),annu12,12946,1729960500,0,353
2027,Codeforces Round 982 (Div. 2),lucifereee,12946,1729960500,0,353
2027,Codeforces Round 982 (Div. 2),202311048,12946,1729960500,1131,1129
2027,Codeforces Round 982 (Div. 2),sarbansah,12946,1729960500,973,866
2027,Codeforces Round 982 (Div. 2),hungcubuso1vn,12946,1729960500,946,841
2027,Codeforces Round 982 (Div. 2),srinivas_30391,12946,1729960500,877,776
2027,Codeforces Round 982 (Div. 2),Vraj_Priyadarshi,12946,1729960500,0,353
2027,Codeforces Round 982 (Div. 2),Vardan557,12946,1729960500,1010,946
2027,Codeforces Round 982 (Div. 2),S0roush,12946,1729960500,0,353
2027,Codeforces Round 982 (Div. 2),sachiniit,12946,1729960500,1315,1177
2027,Codeforces Round 982 (Div. 2),amirhanordobaev,12946,1729960500,0,353
2027,Codeforces Round 982 (Div. 2),captain_rage,12946,1729960500,646,555
2027,Codeforces Round 982 (Div. 2),gowthami00,12946,1729960500,551,463
2027,Codeforces Round 982 (Div. 2),vedansh.,12946,1729960500,710,827
2027,Codeforces Round 982 (Div. 2),mogiliritika,12946,1729960500,804,706
2027,Codeforces Round 982 (Div. 2),harsh_3549w,12946,1729960500,602,730
2027,Codeforces Round 982 (Div. 2),Cipher_006,12946,1729960500,0,353
2027,Codeforces Round 982 (Div. 2),31alamininbdfo,12946,1729960500,0,353
2027,Codeforces Round 982 (Div. 2),manisha192,12946,1729960500,790,824
2027,Codeforces Round 982 (Div. 2),Yash_Oza,12946,1729960500,869,768
2027,Codeforces Round 982 (Div. 2),praneethmittapalli172004,12946,1729960500,382,597
2027,Codeforces Round 982 (Div. 2),2563135595,12946,1729960500,810,968
2027,Codeforces Round 982 (Div. 2),LEOOOOOOOOO,12946,1729960500,0,353
2027,Codeforces Round 982 (Div. 2),goyalkrishna_7,12946,1729960500,711,751
2027,Codeforces Round 982 (Div. 2),ronitghode,12946,1729960500,1029,918
2027,Codeforces Round 982 (Div. 2),mixcreed,12946,1729960500,1023,912
2027,Codeforces Round 982 (Div. 2),keshavbaskar005,12946,1729960500,1082,966
2027,Codeforces Round 982 (Div. 2),SarveshC0des,12946,1729960500,807,801
2027,Codeforces Round 982 (Div. 2),shruthi80,12946,1729960500,692,600
2027,Codeforces Round 982 (Div. 2),_lakshita_,12946,1729960500,1133,1013
2027,Codeforces Round 982 (Div. 2),ameen.rizvi19,12946,1729960500,0,353
2027,Codeforces Round 982 (Div. 2),saimaripala5,12946,1729960500,1035,923
2027,Codeforces Round 982 (Div. 2),ilikesummer,12946,1729960500,1236,1106
2027,Codeforces Round 982 (Div. 2),N337,12946,1729960500,1058,944
2027,Codeforces Round 982 (Div. 2),Sumon_Roy,12946,1729960500,709,749
2027,Codeforces Round 982 (Div. 2),Puja_2015,12946,1729960500,948,931
2027,Codeforces Round 982 (Div. 2),nn74,12946,1729960500,686,806
2027,Codeforces Round 982 (Div. 2),devilalchoudhary67,12946,1729960500,853,753
2027,Codeforces Round 982 (Div. 2),Ahmadmadani,12946,1729960500,0,353
2027,Codeforces Round 982 (Div. 2),Mabingnan__V,12946,1729960500,0,353
2027,Codeforces Round 982 (Div. 2),aaradhaya,12946,1729960500,0,353
2027,Codeforces Round 982 (Div. 2),I-Nobody,12946,1729960500,928,823
2027,Codeforces Round 982 (Div. 2),AlgoNinja,12946,1729960500,1021,911
2027,Codeforces Round 982 (Div. 2),Narasimha-04,12946,1729960500,980,872
2027,Codeforces Round 982 (Div. 2),Hello2Cubed,12946,1729960500,915,811
2027,Codeforces Round 982 (Div. 2),Angryclaws,12946,1729960500,1094,977
2027,Codeforces Round 982 (Div. 2),wr.wasi_,12946,1729960500,626,752
2027,Codeforces Round 982 (Div. 2),DirtyCodeHehe,12946,1729960500,0,353
2027,Codeforces Round 982 (Div. 2),kl2400032677,12946,1729960500,0,353
2027,Codeforces Round 982 (Div. 2),denis-vyzulin,12946,1729960500,829,859
2027,Codeforces Round 982 (Div. 2),hymtnb,12946,1729960500,351,570
2027,Codeforces Round 982 (Div. 2),Mayman_01,12946,1729960500,0,353
2027,Codeforces Round 982 (Div. 2),rachitnarulawork,12946,1729960500,0,353
2027,Codeforces Round 982 (Div. 2),Meghandra_,12946,1729960500,1047,935
2027,Codeforces Round 982 (Div. 2),omarmansour2004420,12946,1729960500,0,353
2027,Codeforces Round 982 (Div. 2),N.Mohana_priya,12946,1729960500,865,764
2027,Codeforces Round 982 (Div. 2),imsubratdas,12946,1729960500,0,353
2027,Codeforces Round 982 (Div. 2),ap23260013,12946,1729960500,1140,1019
2027,Codeforces Round 982 (Div. 2),magsencarlos,12946,1729960500,732,638
2027,Codeforces Round 982 (Div. 2),h_2200031454,12946,1729960500,563,695
2027,Codeforces Round 982 (Div. 2),shubuuu334,12946,1729960500,587,717
2027,Codeforces Round 982 (Div. 2),SV_Coder,12946,1729960500,0,353
2027,Codeforces Round 982 (Div. 2),chekkavijayalakshmi_877,12946,1729960500,757,793
2027,Codeforces Round 982 (Div. 2),big-baby-tape,12946,1729960500,1278,1318
2027,Codeforces Round 982 (Div. 2),kukosa,12946,1729960500,837,866
2027,Codeforces Round 982 (Div. 2),NCC-58925,12946,1729960500,0,353
2027,Codeforces Round 982 (Div. 2),ZengDingjun_EggArmy,13698,1729960500,106,33
2027,Codeforces Round 982 (Div. 2),Nelt,13699,1729960500,1613,1435
