contestId,contestName,handle,rank,ratingUpdateTimeSeconds,oldRating,newRating
2039,"CodeTON Round 9 (Div. 1 + Div. 2, Rated, Prizes!)",orzdevinwang,1,1732383300,3529,3707
2039,"CodeTON Round 9 (Div. 1 + Div. 2, Rated, Prizes!)",tourist,2,1732383300,4009,3993
2039,"CodeTON Round 9 (Div. 1 + Div. 2, Rated, Prizes!)",heuristica,3,1732383300,3251,3397
2039,"CodeTON Round 9 (Div. 1 + Div. 2, Rated, Prizes!)",Kevin114514,4,1732383300,3341,3442
2039,"CodeTON Round 9 (Div. 1 + Div. 2, Rated, Prizes!)",maspy,5,1732383300,2949,3128
2039,"CodeTON Round 9 (Div. 1 + Div. 2, Rated, Prizes!)",Radewoosh,6,1732383300,3633,3627
2039,"CodeTON Round 9 (Div. 1 + Div. 2, Rated, Prizes!)",ksun48,7,1732383300,3390,3434
2039,"CodeTON Round 9 (Div. 1 + Div. 2, Rated, Prizes!)",jiangly,8,1732383300,3823,3743
2039,"CodeTON Round 9 (Div. 1 + Div. 2, Rated, Prizes!)",cn449,9,1732383300,2666,2873
2039,"CodeTON Round 9 (Div. 1 + Div. 2, Rated, Prizes!)",maroonrk,10,1732383300,3226,3284
2039,"CodeTON Round 9 (Div. 1 + Div. 2, Rated, Prizes!)",244mhq,11,1732383300,3040,3137
2039,"CodeTON Round 9 (Div. 1 + Div. 2, Rated, Prizes!)",hhhgjyismine,12,1732383300,2689,2869
2039,"CodeTON Round 9 (Div. 1 + Div. 2, Rated, Prizes!)",le0n,13,1732383300,2913,3030
2039,"CodeTON Round 9 (Div. 1 + Div. 2, Rated, Prizes!)",qiuzx,14,1732383300,2924,3033
2039,"CodeTON Round 9 (Div. 1 + Div. 2, Rated, Prizes!)",Ormlis,15,1732383300,3184,3222
2039,"CodeTON Round 9 (Div. 1 + Div. 2, Rated, Prizes!)",xuanxuan001,16,1732383300,2988,3070
2039,"CodeTON Round 9 (Div. 1 + Div. 2, Rated, Prizes!)",kotatsugame,17,1732383300,3006,3079
2039,"CodeTON Round 9 (Div. 1 + Div. 2, Rated, Prizes!)",lexiyvv,18,1732383300,2675,2828
2039,"CodeTON Round 9 (Div. 1 + Div. 2, Rated, Prizes!)",jiangbowen,19,1732383300,3106,3146
2039,"CodeTON Round 9 (Div. 1 + Div. 2, Rated, Prizes!)",QwertyPi,20,1732383300,2783,2901
2039,"CodeTON Round 9 (Div. 1 + Div. 2, Rated, Prizes!)",ecnerwala,21,1732383300,3446,3392
2039,"CodeTON Round 9 (Div. 1 + Div. 2, Rated, Prizes!)",A_G,22,1732383300,2904,2984
2039,"CodeTON Round 9 (Div. 1 + Div. 2, Rated, Prizes!)",RGB_ICPC1,23,1732383300,2472,2660
2039,"CodeTON Round 9 (Div. 1 + Div. 2, Rated, Prizes!)",grass8sheep,24,1732383300,2728,2846
2039,"CodeTON Round 9 (Div. 1 + Div. 2, Rated, Prizes!)",emptyhope,25,1732383300,3127,3141
2039,"CodeTON Round 9 (Div. 1 + Div. 2, Rated, Prizes!)",Tony2_CF,26,1732383300,2405,2601
2039,"CodeTON Round 9 (Div. 1 + Div. 2, Rated, Prizes!)",matchalover,27,1732383300,1662,2160
2039,"CodeTON Round 9 (Div. 1 + Div. 2, Rated, Prizes!)",Pyqe,28,1732383300,2774,2869
2039,"CodeTON Round 9 (Div. 1 + Div. 2, Rated, Prizes!)",Otomachi_Una,29,1732383300,2645,2771
2039,"CodeTON Round 9 (Div. 1 + Div. 2, Rated, Prizes!)",arvindf232,30,1732383300,3139,3137
2039,"CodeTON Round 9 (Div. 1 + Div. 2, Rated, Prizes!)",hos.lyric,31,1732383300,3349,3291
2039,"CodeTON Round 9 (Div. 1 + Div. 2, Rated, Prizes!)",BurnedChicken,32,1732383300,3060,3073
2039,"CodeTON Round 9 (Div. 1 + Div. 2, Rated, Prizes!)",-Eternity-,33,1732383300,2971,3004
2039,"CodeTON Round 9 (Div. 1 + Div. 2, Rated, Prizes!)",Hamed_Ghaffari,34,1732383300,2371,2557
2039,"CodeTON Round 9 (Div. 1 + Div. 2, Rated, Prizes!)",Fido_Puppy,35,1732383300,2696,2794
2039,"CodeTON Round 9 (Div. 1 + Div. 2, Rated, Prizes!)",Flamire,36,1732383300,2885,2933
2039,"CodeTON Round 9 (Div. 1 + Div. 2, Rated, Prizes!)",Benq,37,1732383300,3738,3564
2039,"CodeTON Round 9 (Div. 1 + Div. 2, Rated, Prizes!)",potato167,38,1732383300,3124,3108
2039,"CodeTON Round 9 (Div. 1 + Div. 2, Rated, Prizes!)",cmk666,39,1732383300,2830,2886
2039,"CodeTON Round 9 (Div. 1 + Div. 2, Rated, Prizes!)",ORzyzRO,40,1732383300,2512,2648
2039,"CodeTON Round 9 (Div. 1 + Div. 2, Rated, Prizes!)",taeyeon_ss,41,1732383300,2540,2667
2039,"CodeTON Round 9 (Div. 1 + Div. 2, Rated, Prizes!)",andrei_boaca,42,1732383300,2531,2658
2039,"CodeTON Round 9 (Div. 1 + Div. 2, Rated, Prizes!)",alireza_kaviani,43,1732383300,2826,2876
2039,"CodeTON Round 9 (Div. 1 + Div. 2, Rated, Prizes!)",Error_Yuan,44,1732383300,2284,2474
2039,"CodeTON Round 9 (Div. 1 + Div. 2, Rated, Prizes!)",Merripium,45,1732383300,2636,2731
2039,"CodeTON Round 9 (Div. 1 + Div. 2, Rated, Prizes!)",cxm1024,46,1732383300,2662,2749
2039,"CodeTON Round 9 (Div. 1 + Div. 2, Rated, Prizes!)",conqueror_of_tourist,47,1732383300,3260,3194
2039,"CodeTON Round 9 (Div. 1 + Div. 2, Rated, Prizes!)",afuafu,48,1732383300,2391,2545
2039,"CodeTON Round 9 (Div. 1 + Div. 2, Rated, Prizes!)",Dominater069,49,1732383300,2842,2878
2039,"CodeTON Round 9 (Div. 1 + Div. 2, Rated, Prizes!)",Rubikun,50,1732383300,3001,2996
2039,"CodeTON Round 9 (Div. 1 + Div. 2, Rated, Prizes!)",CaijiMK,51,1732383300,2169,2415
2039,"CodeTON Round 9 (Div. 1 + Div. 2, Rated, Prizes!)",zjy2008,51,1732383300,2715,2779
2039,"CodeTON Round 9 (Div. 1 + Div. 2, Rated, Prizes!)",BalintR,53,1732383300,2748,2802
2039,"CodeTON Round 9 (Div. 1 + Div. 2, Rated, Prizes!)",dl720125,54,1732383300,2888,2906
2039,"CodeTON Round 9 (Div. 1 + Div. 2, Rated, Prizes!)",PersistentLife,55,1732383300,2648,2725
2039,"CodeTON Round 9 (Div. 1 + Div. 2, Rated, Prizes!)",_lbw_,56,1732383300,2693,2757
2039,"CodeTON Round 9 (Div. 1 + Div. 2, Rated, Prizes!)",Golovanov399,57,1732383300,2802,2837
2039,"CodeTON Round 9 (Div. 1 + Div. 2, Rated, Prizes!)",harukanasora,58,1732383300,2226,2470
2039,"CodeTON Round 9 (Div. 1 + Div. 2, Rated, Prizes!)",Chinese_zjc_,59,1732383300,2673,2738
2039,"CodeTON Round 9 (Div. 1 + Div. 2, Rated, Prizes!)",bashkort,60,1732383300,2911,2915
2039,"CodeTON Round 9 (Div. 1 + Div. 2, Rated, Prizes!)",rin204,61,1732383300,2820,2846
2039,"CodeTON Round 9 (Div. 1 + Div. 2, Rated, Prizes!)",_acsm_,62,1732383300,2464,2579
2039,"CodeTON Round 9 (Div. 1 + Div. 2, Rated, Prizes!)",TRDOG,63,1732383300,2296,2456
2039,"CodeTON Round 9 (Div. 1 + Div. 2, Rated, Prizes!)",Z-301,64,1732383300,2781,2813
2039,"CodeTON Round 9 (Div. 1 + Div. 2, Rated, Prizes!)",Numbering,65,1732383300,2545,2636
2039,"CodeTON Round 9 (Div. 1 + Div. 2, Rated, Prizes!)",Zanite,66,1732383300,2372,2507
2039,"CodeTON Round 9 (Div. 1 + Div. 2, Rated, Prizes!)",RanRankeainie,67,1732383300,2671,2727
2039,"CodeTON Round 9 (Div. 1 + Div. 2, Rated, Prizes!)",Brovko,68,1732383300,2782,2809
2039,"CodeTON Round 9 (Div. 1 + Div. 2, Rated, Prizes!)",ainta,69,1732383300,2881,2882
2039,"CodeTON Round 9 (Div. 1 + Div. 2, Rated, Prizes!)",noimi,70,1732383300,2962,2942
2039,"CodeTON Round 9 (Div. 1 + Div. 2, Rated, Prizes!)",Hell2Evator,71,1732383300,2323,2466
2039,"CodeTON Round 9 (Div. 1 + Div. 2, Rated, Prizes!)",w2y51c318,72,1732383300,2277,2468
2039,"CodeTON Round 9 (Div. 1 + Div. 2, Rated, Prizes!)",yuto1115,73,1732383300,2857,2860
2039,"CodeTON Round 9 (Div. 1 + Div. 2, Rated, Prizes!)",win114514,74,1732383300,2461,2564
2039,"CodeTON Round 9 (Div. 1 + Div. 2, Rated, Prizes!)",ugly2333,75,1732383300,3127,3061
2039,"CodeTON Round 9 (Div. 1 + Div. 2, Rated, Prizes!)",sheyasutaka,76,1732383300,1472,1949
2039,"CodeTON Round 9 (Div. 1 + Div. 2, Rated, Prizes!)",qwef_,77,1732383300,2545,2623
2039,"CodeTON Round 9 (Div. 1 + Div. 2, Rated, Prizes!)",ParsaDox,78,1732383300,2558,2632
2039,"CodeTON Round 9 (Div. 1 + Div. 2, Rated, Prizes!)",OIer_kzc,79,1732383300,2701,2737
2039,"CodeTON Round 9 (Div. 1 + Div. 2, Rated, Prizes!)",risujiroh,80,1732383300,2685,2724
2039,"CodeTON Round 9 (Div. 1 + Div. 2, Rated, Prizes!)",SanguineChameleon,81,1732383300,2716,2747
2039,"CodeTON Round 9 (Div. 1 + Div. 2, Rated, Prizes!)",henotrix,82,1732383300,2271,2418
2039,"CodeTON Round 9 (Div. 1 + Div. 2, Rated, Prizes!)",NKheyuxiang,83,1732383300,2436,2537
2039,"CodeTON Round 9 (Div. 1 + Div. 2, Rated, Prizes!)",MeGustaElArroz23,84,1732383300,2479,2568
2039,"CodeTON Round 9 (Div. 1 + Div. 2, Rated, Prizes!)",piggy123,85,1732383300,2435,2534
2039,"CodeTON Round 9 (Div. 1 + Div. 2, Rated, Prizes!)",hxhhxh,86,1732383300,2594,2651
2039,"CodeTON Round 9 (Div. 1 + Div. 2, Rated, Prizes!)",Nityacke,87,1732383300,2111,2299
2039,"CodeTON Round 9 (Div. 1 + Div. 2, Rated, Prizes!)",leukocyte,87,1732383300,2558,2623
2039,"CodeTON Round 9 (Div. 1 + Div. 2, Rated, Prizes!)",Link_Cut_qwq,89,1732383300,2285,2421
2039,"CodeTON Round 9 (Div. 1 + Div. 2, Rated, Prizes!)",Midnights,90,1732383300,2426,2523
2039,"CodeTON Round 9 (Div. 1 + Div. 2, Rated, Prizes!)",lyx123886a123886,91,1732383300,2325,2449
2039,"CodeTON Round 9 (Div. 1 + Div. 2, Rated, Prizes!)",Vincella,92,1732383300,1892,2202
2039,"CodeTON Round 9 (Div. 1 + Div. 2, Rated, Prizes!)",siganai,93,1732383300,2655,2691
2039,"CodeTON Round 9 (Div. 1 + Div. 2, Rated, Prizes!)",xingyu_xuan,94,1732383300,1427,1901
2039,"CodeTON Round 9 (Div. 1 + Div. 2, Rated, Prizes!)",Gabp,95,1732383300,2243,2386
2039,"CodeTON Round 9 (Div. 1 + Div. 2, Rated, Prizes!)",Rosmontis,96,1732383300,2138,2368
2039,"CodeTON Round 9 (Div. 1 + Div. 2, Rated, Prizes!)",awu,97,1732383300,2412,2507
2039,"CodeTON Round 9 (Div. 1 + Div. 2, Rated, Prizes!)",Zhouershan,98,1732383300,2572,2625
2039,"CodeTON Round 9 (Div. 1 + Div. 2, Rated, Prizes!)",hyman00,99,1732383300,2744,2753
2039,"CodeTON Round 9 (Div. 1 + Div. 2, Rated, Prizes!)",JoesSR,100,1732383300,3070,2997
2039,"CodeTON Round 9 (Div. 1 + Div. 2, Rated, Prizes!)",KroosTheKeenGlint,101,1732383300,2548,2605
2039,"CodeTON Round 9 (Div. 1 + Div. 2, Rated, Prizes!)",A_zjzj,102,1732383300,2802,2794
2039,"CodeTON Round 9 (Div. 1 + Div. 2, Rated, Prizes!)",neal,103,1732383300,2902,2868
2039,"CodeTON Round 9 (Div. 1 + Div. 2, Rated, Prizes!)",peti1234,104,1732383300,3112,3025
2039,"CodeTON Round 9 (Div. 1 + Div. 2, Rated, Prizes!)",potatoo,105,1732383300,2428,2513
2039,"CodeTON Round 9 (Div. 1 + Div. 2, Rated, Prizes!)",vwxyz0,106,1732383300,2288,2410
2039,"CodeTON Round 9 (Div. 1 + Div. 2, Rated, Prizes!)",gyydp123_LIM,107,1732383300,2315,2429
2039,"CodeTON Round 9 (Div. 1 + Div. 2, Rated, Prizes!)",ningning,108,1732383300,2151,2311
2039,"CodeTON Round 9 (Div. 1 + Div. 2, Rated, Prizes!)",HIR180,109,1732383300,2815,2799
2039,"CodeTON Round 9 (Div. 1 + Div. 2, Rated, Prizes!)",xuyifei1,110,1732383300,2402,2490
2039,"CodeTON Round 9 (Div. 1 + Div. 2, Rated, Prizes!)",emthrm,111,1732383300,2478,2546
2039,"CodeTON Round 9 (Div. 1 + Div. 2, Rated, Prizes!)",_Purslane_,112,1732383300,2613,2645
2039,"CodeTON Round 9 (Div. 1 + Div. 2, Rated, Prizes!)",anmichi,113,1732383300,2616,2647
2039,"CodeTON Round 9 (Div. 1 + Div. 2, Rated, Prizes!)",Nachia,114,1732383300,3234,3109
2039,"CodeTON Round 9 (Div. 1 + Div. 2, Rated, Prizes!)",OtNlmOFx,114,1732383300,700,1382
2039,"CodeTON Round 9 (Div. 1 + Div. 2, Rated, Prizes!)",Markadiusz,116,1732383300,2338,2439
2039,"CodeTON Round 9 (Div. 1 + Div. 2, Rated, Prizes!)",Tlatoani,117,1732383300,2658,2676
2039,"CodeTON Round 9 (Div. 1 + Div. 2, Rated, Prizes!)",irkstepanov,118,1732383300,2362,2456
2039,"CodeTON Round 9 (Div. 1 + Div. 2, Rated, Prizes!)",Junz_LJL,119,1732383300,2247,2372
2039,"CodeTON Round 9 (Div. 1 + Div. 2, Rated, Prizes!)",Endagorion,120,1732383300,3028,2952
2039,"CodeTON Round 9 (Div. 1 + Div. 2, Rated, Prizes!)",Miracle_Creater,121,1732383300,1906,2191
2039,"CodeTON Round 9 (Div. 1 + Div. 2, Rated, Prizes!)",Muelsyse,122,1732383300,2462,2527
2039,"CodeTON Round 9 (Div. 1 + Div. 2, Rated, Prizes!)",rniya,123,1732383300,2649,2665
2039,"CodeTON Round 9 (Div. 1 + Div. 2, Rated, Prizes!)",Sai_t,124,1732383300,2401,2480
2039,"CodeTON Round 9 (Div. 1 + Div. 2, Rated, Prizes!)",xianboyu,125,1732383300,2536,2580
2039,"CodeTON Round 9 (Div. 1 + Div. 2, Rated, Prizes!)",include_BM,126,1732383300,2180,2319
2039,"CodeTON Round 9 (Div. 1 + Div. 2, Rated, Prizes!)",feeder1,127,1732383300,2513,2561
2039,"CodeTON Round 9 (Div. 1 + Div. 2, Rated, Prizes!)",chinerist,128,1732383300,2645,2659
2039,"CodeTON Round 9 (Div. 1 + Div. 2, Rated, Prizes!)",sansen,129,1732383300,2713,2709
2039,"CodeTON Round 9 (Div. 1 + Div. 2, Rated, Prizes!)",BreakPlus,130,1732383300,2281,2389
2039,"CodeTON Round 9 (Div. 1 + Div. 2, Rated, Prizes!)",H_stove,131,1732383300,2684,2687
2039,"CodeTON Round 9 (Div. 1 + Div. 2, Rated, Prizes!)",shiomusubi496,132,1732383300,2909,2855
2039,"CodeTON Round 9 (Div. 1 + Div. 2, Rated, Prizes!)",elhoicyv,133,1732383300,2237,2356
2039,"CodeTON Round 9 (Div. 1 + Div. 2, Rated, Prizes!)",EasonTAO,134,1732383300,2618,2636
2039,"CodeTON Round 9 (Div. 1 + Div. 2, Rated, Prizes!)",fr200110217102,135,1732383300,2280,2386
2039,"CodeTON Round 9 (Div. 1 + Div. 2, Rated, Prizes!)",Rayo,136,1732383300,2118,2269
2039,"CodeTON Round 9 (Div. 1 + Div. 2, Rated, Prizes!)",asgcd,137,1732383300,2442,2502
2039,"CodeTON Round 9 (Div. 1 + Div. 2, Rated, Prizes!)",Forested,137,1732383300,2862,2817
2039,"CodeTON Round 9 (Div. 1 + Div. 2, Rated, Prizes!)",makrav,139,1732383300,2524,2563
2039,"CodeTON Round 9 (Div. 1 + Div. 2, Rated, Prizes!)",Sugar_fan,140,1732383300,3090,2987
2039,"CodeTON Round 9 (Div. 1 + Div. 2, Rated, Prizes!)",zltzlt,141,1732383300,2628,2639
2039,"CodeTON Round 9 (Div. 1 + Div. 2, Rated, Prizes!)",toam,142,1732383300,2661,2663
2039,"CodeTON Round 9 (Div. 1 + Div. 2, Rated, Prizes!)",8Conan8,143,1732383300,2314,2406
2039,"CodeTON Round 9 (Div. 1 + Div. 2, Rated, Prizes!)",nullptr_qwq,144,1732383300,2452,2506
2039,"CodeTON Round 9 (Div. 1 + Div. 2, Rated, Prizes!)",interlude,144,1732383300,2143,2282
2039,"CodeTON Round 9 (Div. 1 + Div. 2, Rated, Prizes!)",0x0002,146,1732383300,2278,2378
2039,"CodeTON Round 9 (Div. 1 + Div. 2, Rated, Prizes!)",DerrickLo,147,1732383300,2240,2350
2039,"CodeTON Round 9 (Div. 1 + Div. 2, Rated, Prizes!)",green_gold_dog,148,1732383300,2777,2748
2039,"CodeTON Round 9 (Div. 1 + Div. 2, Rated, Prizes!)",Misumi_aoi,149,1732383300,1952,2147
2039,"CodeTON Round 9 (Div. 1 + Div. 2, Rated, Prizes!)",Caylex,150,1732383300,2182,2307
2039,"CodeTON Round 9 (Div. 1 + Div. 2, Rated, Prizes!)",Noam527,151,1732383300,2799,2763
2039,"CodeTON Round 9 (Div. 1 + Div. 2, Rated, Prizes!)",MAKMED1337,152,1732383300,2353,2429
2039,"CodeTON Round 9 (Div. 1 + Div. 2, Rated, Prizes!)",TKT_YI,153,1732383300,2798,2760
2039,"CodeTON Round 9 (Div. 1 + Div. 2, Rated, Prizes!)",fcw,153,1732383300,2167,2294
2039,"CodeTON Round 9 (Div. 1 + Div. 2, Rated, Prizes!)",BEAR0131,155,1732383300,2829,2783
2039,"CodeTON Round 9 (Div. 1 + Div. 2, Rated, Prizes!)",Dart-Xeyter,156,1732383300,2370,2440
2039,"CodeTON Round 9 (Div. 1 + Div. 2, Rated, Prizes!)",Omer223,157,1732383300,2461,2507
2039,"CodeTON Round 9 (Div. 1 + Div. 2, Rated, Prizes!)",Raiden_Mei_,158,1732383300,2268,2364
2039,"CodeTON Round 9 (Div. 1 + Div. 2, Rated, Prizes!)",Fysty,158,1732383300,2667,2659
2039,"CodeTON Round 9 (Div. 1 + Div. 2, Rated, Prizes!)",katyaporay,160,1732383300,2381,2446
2039,"CodeTON Round 9 (Div. 1 + Div. 2, Rated, Prizes!)",JeanBombeur,161,1732383300,2444,2492
2039,"CodeTON Round 9 (Div. 1 + Div. 2, Rated, Prizes!)",zdc123456,162,1732383300,2327,2405
2039,"CodeTON Round 9 (Div. 1 + Div. 2, Rated, Prizes!)",Xylenox,162,1732383300,2833,2782
2039,"CodeTON Round 9 (Div. 1 + Div. 2, Rated, Prizes!)",cfhj,164,1732383300,2455,2499
2039,"CodeTON Round 9 (Div. 1 + Div. 2, Rated, Prizes!)",Maksim1744,165,1732383300,2924,2850
2039,"CodeTON Round 9 (Div. 1 + Div. 2, Rated, Prizes!)",LittleOrange666,166,1732383300,2189,2304
2039,"CodeTON Round 9 (Div. 1 + Div. 2, Rated, Prizes!)",MYFJCHX,167,1732383300,2229,2332
2039,"CodeTON Round 9 (Div. 1 + Div. 2, Rated, Prizes!)",cerberus97,168,1732383300,2495,2527
2039,"CodeTON Round 9 (Div. 1 + Div. 2, Rated, Prizes!)",Iztrx,169,1732383300,2544,2562
2039,"CodeTON Round 9 (Div. 1 + Div. 2, Rated, Prizes!)",awesomeguy856,169,1732383300,2258,2351
2039,"CodeTON Round 9 (Div. 1 + Div. 2, Rated, Prizes!)",shenfe1,169,1732383300,2281,2368
2039,"CodeTON Round 9 (Div. 1 + Div. 2, Rated, Prizes!)",Handsome2004,172,1732383300,2256,2349
2039,"CodeTON Round 9 (Div. 1 + Div. 2, Rated, Prizes!)",damjandavkov,173,1732383300,2406,2458
2039,"CodeTON Round 9 (Div. 1 + Div. 2, Rated, Prizes!)",TAIYANGFENG,174,1732383300,2236,2333
2039,"CodeTON Round 9 (Div. 1 + Div. 2, Rated, Prizes!)",liympanda,174,1732383300,2740,2707
2039,"CodeTON Round 9 (Div. 1 + Div. 2, Rated, Prizes!)",Alex239,176,1732383300,1801,2030
2039,"CodeTON Round 9 (Div. 1 + Div. 2, Rated, Prizes!)",Amoo_Safar,176,1732383300,2867,2802
2039,"CodeTON Round 9 (Div. 1 + Div. 2, Rated, Prizes!)",milisav,178,1732383300,2538,2554
2039,"CodeTON Round 9 (Div. 1 + Div. 2, Rated, Prizes!)",fuppy,179,1732383300,2535,2551
2039,"CodeTON Round 9 (Div. 1 + Div. 2, Rated, Prizes!)",darkkcyan,180,1732383300,2105,2238
2039,"CodeTON Round 9 (Div. 1 + Div. 2, Rated, Prizes!)",kes0716,181,1732383300,2469,2501
2039,"CodeTON Round 9 (Div. 1 + Div. 2, Rated, Prizes!)",rama_pang,182,1732383300,2591,2592
2039,"CodeTON Round 9 (Div. 1 + Div. 2, Rated, Prizes!)",lmh_qwq,183,1732383300,2581,2584
2039,"CodeTON Round 9 (Div. 1 + Div. 2, Rated, Prizes!)",PinkieRabbit,184,1732383300,2901,2824
2039,"CodeTON Round 9 (Div. 1 + Div. 2, Rated, Prizes!)",loan,185,1732383300,2308,2381
2039,"CodeTON Round 9 (Div. 1 + Div. 2, Rated, Prizes!)",zmy_,186,1732383300,2286,2365
2039,"CodeTON Round 9 (Div. 1 + Div. 2, Rated, Prizes!)",null0001,187,1732383300,2221,2317
2039,"CodeTON Round 9 (Div. 1 + Div. 2, Rated, Prizes!)",79brue,188,1732383300,2515,2533
2039,"CodeTON Round 9 (Div. 1 + Div. 2, Rated, Prizes!)",wifiiii,189,1732383300,2617,2609
2039,"CodeTON Round 9 (Div. 1 + Div. 2, Rated, Prizes!)",fangzhijian2020,190,1732383300,2411,2455
2039,"CodeTON Round 9 (Div. 1 + Div. 2, Rated, Prizes!)",trybetter,191,1732383300,2420,2461
2039,"CodeTON Round 9 (Div. 1 + Div. 2, Rated, Prizes!)",TadijaSebez,192,1732383300,2684,2658
2039,"CodeTON Round 9 (Div. 1 + Div. 2, Rated, Prizes!)",KostasKostil,193,1732383300,2622,2611
2039,"CodeTON Round 9 (Div. 1 + Div. 2, Rated, Prizes!)",abc864197532,194,1732383300,2655,2636
2039,"CodeTON Round 9 (Div. 1 + Div. 2, Rated, Prizes!)",Miko35,195,1732383300,2399,2444
2039,"CodeTON Round 9 (Div. 1 + Div. 2, Rated, Prizes!)",_ZhangJL_,196,1732383300,1771,2000
2039,"CodeTON Round 9 (Div. 1 + Div. 2, Rated, Prizes!)",hxano,197,1732383300,2152,2264
2039,"CodeTON Round 9 (Div. 1 + Div. 2, Rated, Prizes!)",AFOier,198,1732383300,2201,2298
2039,"CodeTON Round 9 (Div. 1 + Div. 2, Rated, Prizes!)",Nikitosh,199,1732383300,2529,2539
2039,"CodeTON Round 9 (Div. 1 + Div. 2, Rated, Prizes!)",Tobo,200,1732383300,2201,2297
2039,"CodeTON Round 9 (Div. 1 + Div. 2, Rated, Prizes!)",yoav_s,201,1732383300,2345,2402
2039,"CodeTON Round 9 (Div. 1 + Div. 2, Rated, Prizes!)",myoi0905,202,1732383300,2227,2315
2039,"CodeTON Round 9 (Div. 1 + Div. 2, Rated, Prizes!)",Cai_Guang,203,1732383300,2231,2318
2039,"CodeTON Round 9 (Div. 1 + Div. 2, Rated, Prizes!)",kostylevGO,204,1732383300,2464,2489
2039,"CodeTON Round 9 (Div. 1 + Div. 2, Rated, Prizes!)",YocyCraft,205,1732383300,2729,2687
2039,"CodeTON Round 9 (Div. 1 + Div. 2, Rated, Prizes!)",Halzion,206,1732383300,2451,2478
2039,"CodeTON Round 9 (Div. 1 + Div. 2, Rated, Prizes!)",ghj1222,207,1732383300,2137,2249
2039,"CodeTON Round 9 (Div. 1 + Div. 2, Rated, Prizes!)",Rosabel,208,1732383300,2169,2271
2039,"CodeTON Round 9 (Div. 1 + Div. 2, Rated, Prizes!)",Ch.II,209,1732383300,2244,2325
2039,"CodeTON Round 9 (Div. 1 + Div. 2, Rated, Prizes!)",keisuke6,210,1732383300,2409,2445
2039,"CodeTON Round 9 (Div. 1 + Div. 2, Rated, Prizes!)",baoziiii1224,210,1732383300,1982,2139
2039,"CodeTON Round 9 (Div. 1 + Div. 2, Rated, Prizes!)",CepryH9,212,1732383300,2154,2259
2039,"CodeTON Round 9 (Div. 1 + Div. 2, Rated, Prizes!)",Waldi,213,1732383300,2487,2502
2039,"CodeTON Round 9 (Div. 1 + Div. 2, Rated, Prizes!)",dkhve,214,1732383300,2288,2355
2039,"CodeTON Round 9 (Div. 1 + Div. 2, Rated, Prizes!)",KumaTachiRen,215,1732383300,2393,2431
2039,"CodeTON Round 9 (Div. 1 + Div. 2, Rated, Prizes!)",adam01,215,1732383300,2305,2367
2039,"CodeTON Round 9 (Div. 1 + Div. 2, Rated, Prizes!)",Zimse2024,217,1732383300,2439,2465
2039,"CodeTON Round 9 (Div. 1 + Div. 2, Rated, Prizes!)",diandian2020,218,1732383300,2420,2450
2039,"CodeTON Round 9 (Div. 1 + Div. 2, Rated, Prizes!)",mhb2010,218,1732383300,2251,2326
2039,"CodeTON Round 9 (Div. 1 + Div. 2, Rated, Prizes!)",raincity,220,1732383300,1441,1841
2039,"CodeTON Round 9 (Div. 1 + Div. 2, Rated, Prizes!)",limanjun,221,1732383300,2461,2480
2039,"CodeTON Round 9 (Div. 1 + Div. 2, Rated, Prizes!)",kevinyang,222,1732383300,2491,2501
2039,"CodeTON Round 9 (Div. 1 + Div. 2, Rated, Prizes!)",MateiKing80,222,1732383300,2145,2248
2039,"CodeTON Round 9 (Div. 1 + Div. 2, Rated, Prizes!)",mtsd,222,1732383300,2694,2654
2039,"CodeTON Round 9 (Div. 1 + Div. 2, Rated, Prizes!)",ikaurov,225,1732383300,2550,2545
2039,"CodeTON Round 9 (Div. 1 + Div. 2, Rated, Prizes!)",PeruvianCartel,226,1732383300,2295,2356
2039,"CodeTON Round 9 (Div. 1 + Div. 2, Rated, Prizes!)",bro_jie,227,1732383300,2350,2396
2039,"CodeTON Round 9 (Div. 1 + Div. 2, Rated, Prizes!)",Ari,228,1732383300,2349,2394
2039,"CodeTON Round 9 (Div. 1 + Div. 2, Rated, Prizes!)",_Roxy,228,1732383300,1909,2081
2039,"CodeTON Round 9 (Div. 1 + Div. 2, Rated, Prizes!)",uwu,230,1732383300,2585,2570
2039,"CodeTON Round 9 (Div. 1 + Div. 2, Rated, Prizes!)",Imdie,231,1732383300,2196,2282
2039,"CodeTON Round 9 (Div. 1 + Div. 2, Rated, Prizes!)",pooty,232,1732383300,2428,2452
2039,"CodeTON Round 9 (Div. 1 + Div. 2, Rated, Prizes!)",E_fireworks,233,1732383300,2703,2658
2039,"CodeTON Round 9 (Div. 1 + Div. 2, Rated, Prizes!)",Agua_Podrida,234,1732383300,2182,2271
2039,"CodeTON Round 9 (Div. 1 + Div. 2, Rated, Prizes!)",Alex2184,234,1732383300,2171,2263
2039,"CodeTON Round 9 (Div. 1 + Div. 2, Rated, Prizes!)",prins,236,1732383300,2285,2345
2039,"CodeTON Round 9 (Div. 1 + Div. 2, Rated, Prizes!)",Temotoloraia,237,1732383300,2690,2647
2039,"CodeTON Round 9 (Div. 1 + Div. 2, Rated, Prizes!)",siina_masiro,237,1732383300,0,825
2039,"CodeTON Round 9 (Div. 1 + Div. 2, Rated, Prizes!)",operator_,239,1732383300,2212,2291
2039,"CodeTON Round 9 (Div. 1 + Div. 2, Rated, Prizes!)",Zeyush,240,1732383300,1947,2104
2039,"CodeTON Round 9 (Div. 1 + Div. 2, Rated, Prizes!)",syx2567,241,1732383300,2659,2622
2039,"CodeTON Round 9 (Div. 1 + Div. 2, Rated, Prizes!)",Andy_Lin,242,1732383300,2389,2420
2039,"CodeTON Round 9 (Div. 1 + Div. 2, Rated, Prizes!)",busamate,243,1732383300,2341,2384
2039,"CodeTON Round 9 (Div. 1 + Div. 2, Rated, Prizes!)",CHYYYY,243,1732383300,2209,2287
2039,"CodeTON Round 9 (Div. 1 + Div. 2, Rated, Prizes!)",Bluble,245,1732383300,2193,2276
2039,"CodeTON Round 9 (Div. 1 + Div. 2, Rated, Prizes!)",alvingogo,246,1732383300,2682,2638
2039,"CodeTON Round 9 (Div. 1 + Div. 2, Rated, Prizes!)",mxj_helen,247,1732383300,2132,2231
2039,"CodeTON Round 9 (Div. 1 + Div. 2, Rated, Prizes!)",tute7627,248,1732383300,2802,2728
2039,"CodeTON Round 9 (Div. 1 + Div. 2, Rated, Prizes!)",stasio6,249,1732383300,2396,2423
2039,"CodeTON Round 9 (Div. 1 + Div. 2, Rated, Prizes!)",minaduki_maple,250,1732383300,2177,2262
2039,"CodeTON Round 9 (Div. 1 + Div. 2, Rated, Prizes!)",CDuongg,251,1732383300,2291,2345
2039,"CodeTON Round 9 (Div. 1 + Div. 2, Rated, Prizes!)",Sorting,251,1732383300,2550,2537
2039,"CodeTON Round 9 (Div. 1 + Div. 2, Rated, Prizes!)",Drimpossible,253,1732383300,1926,2084
2039,"CodeTON Round 9 (Div. 1 + Div. 2, Rated, Prizes!)",Ilya_MSU,253,1732383300,2369,2402
2039,"CodeTON Round 9 (Div. 1 + Div. 2, Rated, Prizes!)",lcyxds,255,1732383300,2373,2404
2039,"CodeTON Round 9 (Div. 1 + Div. 2, Rated, Prizes!)",TimDee,256,1732383300,2376,2406
2039,"CodeTON Round 9 (Div. 1 + Div. 2, Rated, Prizes!)",Rigel__,257,1732383300,2163,2250
2039,"CodeTON Round 9 (Div. 1 + Div. 2, Rated, Prizes!)",HHY_zZhu,258,1732383300,2478,2482
2039,"CodeTON Round 9 (Div. 1 + Div. 2, Rated, Prizes!)",LoboLobo,258,1732383300,2321,2364
2039,"CodeTON Round 9 (Div. 1 + Div. 2, Rated, Prizes!)",limithym,260,1732383300,2172,2256
2039,"CodeTON Round 9 (Div. 1 + Div. 2, Rated, Prizes!)",555105,261,1732383300,2261,2320
2039,"CodeTON Round 9 (Div. 1 + Div. 2, Rated, Prizes!)",Graygoo_401,262,1732383300,2357,2390
2039,"CodeTON Round 9 (Div. 1 + Div. 2, Rated, Prizes!)",GOTKAKO,263,1732383300,2268,2325
2039,"CodeTON Round 9 (Div. 1 + Div. 2, Rated, Prizes!)",Ra16bit,264,1732383300,2495,2492
2039,"CodeTON Round 9 (Div. 1 + Div. 2, Rated, Prizes!)",qwq123,264,1732383300,2386,2411
2039,"CodeTON Round 9 (Div. 1 + Div. 2, Rated, Prizes!)",eill,264,1732383300,758,1345
2039,"CodeTON Round 9 (Div. 1 + Div. 2, Rated, Prizes!)",LordVoIdebug,267,1732383300,2062,2175
2039,"CodeTON Round 9 (Div. 1 + Div. 2, Rated, Prizes!)",nuip,268,1732383300,2534,2520
2039,"CodeTON Round 9 (Div. 1 + Div. 2, Rated, Prizes!)",SpadeA261,269,1732383300,2177,2257
2039,"CodeTON Round 9 (Div. 1 + Div. 2, Rated, Prizes!)",Nutella3000,270,1732383300,2385,2409
2039,"CodeTON Round 9 (Div. 1 + Div. 2, Rated, Prizes!)",BlueBottle,271,1732383300,2292,2340
2039,"CodeTON Round 9 (Div. 1 + Div. 2, Rated, Prizes!)",ZzzzRKkkkkRrrrr,271,1732383300,2354,2385
2039,"CodeTON Round 9 (Div. 1 + Div. 2, Rated, Prizes!)",YuukiS,273,1732383300,2362,2391
2039,"CodeTON Round 9 (Div. 1 + Div. 2, Rated, Prizes!)",Mans-21,274,1732383300,2217,2284
2039,"CodeTON Round 9 (Div. 1 + Div. 2, Rated, Prizes!)",DeadlyCritic,275,1732383300,2380,2404
2039,"CodeTON Round 9 (Div. 1 + Div. 2, Rated, Prizes!)",yh2022lyj,276,1732383300,2061,2171
2039,"CodeTON Round 9 (Div. 1 + Div. 2, Rated, Prizes!)",reedef,277,1732383300,2524,2510
2039,"CodeTON Round 9 (Div. 1 + Div. 2, Rated, Prizes!)",TLEwpdus,278,1732383300,2938,2822
2039,"CodeTON Round 9 (Div. 1 + Div. 2, Rated, Prizes!)",bezime,279,1732383300,2096,2195
2039,"CodeTON Round 9 (Div. 1 + Div. 2, Rated, Prizes!)",okwedook,280,1732383300,2358,2386
2039,"CodeTON Round 9 (Div. 1 + Div. 2, Rated, Prizes!)",sichengzhou,281,1732383300,2199,2269
2039,"CodeTON Round 9 (Div. 1 + Div. 2, Rated, Prizes!)",Andreasyan,282,1732383300,2629,2589
2039,"CodeTON Round 9 (Div. 1 + Div. 2, Rated, Prizes!)",ETO_leader,283,1732383300,2160,2240
2039,"CodeTON Round 9 (Div. 1 + Div. 2, Rated, Prizes!)",violentpeanuts,284,1732383300,2171,2248
2039,"CodeTON Round 9 (Div. 1 + Div. 2, Rated, Prizes!)",masonpop,284,1732383300,2117,2209
2039,"CodeTON Round 9 (Div. 1 + Div. 2, Rated, Prizes!)",zfy23333,286,1732383300,0,807
2039,"CodeTON Round 9 (Div. 1 + Div. 2, Rated, Prizes!)",YuJiahe,287,1732383300,2428,2435
2039,"CodeTON Round 9 (Div. 1 + Div. 2, Rated, Prizes!)",xuezhe,287,1732383300,2156,2236
2039,"CodeTON Round 9 (Div. 1 + Div. 2, Rated, Prizes!)",LKY928261,287,1732383300,2570,2543
2039,"CodeTON Round 9 (Div. 1 + Div. 2, Rated, Prizes!)",MateoCV,290,1732383300,2323,2357
2039,"CodeTON Round 9 (Div. 1 + Div. 2, Rated, Prizes!)",C0DET1GER,291,1732383300,2102,2196
2039,"CodeTON Round 9 (Div. 1 + Div. 2, Rated, Prizes!)",flashmt,292,1732383300,2428,2434
2039,"CodeTON Round 9 (Div. 1 + Div. 2, Rated, Prizes!)",ShadowLight,293,1732383300,2446,2448
2039,"CodeTON Round 9 (Div. 1 + Div. 2, Rated, Prizes!)",AYTDD,294,1732383300,2430,2435
2039,"CodeTON Round 9 (Div. 1 + Div. 2, Rated, Prizes!)",Giga_Cronos,295,1732383300,2439,2442
2039,"CodeTON Round 9 (Div. 1 + Div. 2, Rated, Prizes!)",Watersphere,296,1732383300,1994,2119
2039,"CodeTON Round 9 (Div. 1 + Div. 2, Rated, Prizes!)",EarthMessenger,297,1732383300,1944,2084
2039,"CodeTON Round 9 (Div. 1 + Div. 2, Rated, Prizes!)",pseudorandom_name,298,1732383300,2016,2133
2039,"CodeTON Round 9 (Div. 1 + Div. 2, Rated, Prizes!)",ArSarapkin,299,1732383300,2354,2377
2039,"CodeTON Round 9 (Div. 1 + Div. 2, Rated, Prizes!)",fast_photon,300,1732383300,2426,2431
2039,"CodeTON Round 9 (Div. 1 + Div. 2, Rated, Prizes!)",Blueovo,301,1732383300,1588,1893
2039,"CodeTON Round 9 (Div. 1 + Div. 2, Rated, Prizes!)",maomao90,302,1732383300,2398,2410
2039,"CodeTON Round 9 (Div. 1 + Div. 2, Rated, Prizes!)",PAIPAIPAI,303,1732383300,1788,2033
2039,"CodeTON Round 9 (Div. 1 + Div. 2, Rated, Prizes!)",ChrysanthBlossom,304,1732383300,2134,2215
2039,"CodeTON Round 9 (Div. 1 + Div. 2, Rated, Prizes!)",ivan.alexeev,305,1732383300,2246,2297
2039,"CodeTON Round 9 (Div. 1 + Div. 2, Rated, Prizes!)",konb1,306,1732383300,2181,2249
2039,"CodeTON Round 9 (Div. 1 + Div. 2, Rated, Prizes!)",nitram,307,1732383300,2271,2314
2039,"CodeTON Round 9 (Div. 1 + Div. 2, Rated, Prizes!)",AKEE_Fan,308,1732383300,2664,2608
2039,"CodeTON Round 9 (Div. 1 + Div. 2, Rated, Prizes!)",JerryMao,309,1732383300,1772,1961
2039,"CodeTON Round 9 (Div. 1 + Div. 2, Rated, Prizes!)",ycx2010,310,1732383300,2116,2201
2039,"CodeTON Round 9 (Div. 1 + Div. 2, Rated, Prizes!)",zacharychao,311,1732383300,2377,2392
2039,"CodeTON Round 9 (Div. 1 + Div. 2, Rated, Prizes!)",SeptaCube,312,1732383300,2116,2201
2039,"CodeTON Round 9 (Div. 1 + Div. 2, Rated, Prizes!)",wsjr2024,313,1732383300,1874,2029
2039,"CodeTON Round 9 (Div. 1 + Div. 2, Rated, Prizes!)",HpSuda,314,1732383300,1794,1974
2039,"CodeTON Round 9 (Div. 1 + Div. 2, Rated, Prizes!)",icecuber,315,1732383300,2532,2507
2039,"CodeTON Round 9 (Div. 1 + Div. 2, Rated, Prizes!)",Marckess,316,1732383300,2466,2457
2039,"CodeTON Round 9 (Div. 1 + Div. 2, Rated, Prizes!)",KDVineet,317,1732383300,2191,2254
2039,"CodeTON Round 9 (Div. 1 + Div. 2, Rated, Prizes!)",Jacob,318,1732383300,2414,2417
2039,"CodeTON Round 9 (Div. 1 + Div. 2, Rated, Prizes!)",Temirlan,319,1732383300,2362,2379
2039,"CodeTON Round 9 (Div. 1 + Div. 2, Rated, Prizes!)",PMPuns,320,1732383300,1855,2015
2039,"CodeTON Round 9 (Div. 1 + Div. 2, Rated, Prizes!)",ian_HLX,321,1732383300,2224,2277
2039,"CodeTON Round 9 (Div. 1 + Div. 2, Rated, Prizes!)",zhouyuheng2009,322,1732383300,2113,2196
2039,"CodeTON Round 9 (Div. 1 + Div. 2, Rated, Prizes!)",fractal,323,1732383300,2274,2312
2039,"CodeTON Round 9 (Div. 1 + Div. 2, Rated, Prizes!)",RecursiveCo,323,1732383300,2305,2335
2039,"CodeTON Round 9 (Div. 1 + Div. 2, Rated, Prizes!)",0wuming0,325,1732383300,2625,2575
2039,"CodeTON Round 9 (Div. 1 + Div. 2, Rated, Prizes!)",Yuuuuuuuuuuuuuuuuu,326,1732383300,2538,2509
2039,"CodeTON Round 9 (Div. 1 + Div. 2, Rated, Prizes!)",golomb,327,1732383300,2329,2352
2039,"CodeTON Round 9 (Div. 1 + Div. 2, Rated, Prizes!)",tarjen,328,1732383300,2509,2487
2039,"CodeTON Round 9 (Div. 1 + Div. 2, Rated, Prizes!)",powdersnow,329,1732383300,0,792
2039,"CodeTON Round 9 (Div. 1 + Div. 2, Rated, Prizes!)",physics0523,330,1732383300,2666,2604
2039,"CodeTON Round 9 (Div. 1 + Div. 2, Rated, Prizes!)",unordered_map,331,1732383300,2218,2269
2039,"CodeTON Round 9 (Div. 1 + Div. 2, Rated, Prizes!)",Rideris,331,1732383300,2122,2200
2039,"CodeTON Round 9 (Div. 1 + Div. 2, Rated, Prizes!)",Kieray,333,1732383300,2201,2257
2039,"CodeTON Round 9 (Div. 1 + Div. 2, Rated, Prizes!)",invertedwinger,334,1732383300,2266,2304
2039,"CodeTON Round 9 (Div. 1 + Div. 2, Rated, Prizes!)",ji_114514,335,1732383300,2008,2118
2039,"CodeTON Round 9 (Div. 1 + Div. 2, Rated, Prizes!)",liaoyifan2023,336,1732383300,1950,2076
2039,"CodeTON Round 9 (Div. 1 + Div. 2, Rated, Prizes!)",LinZhengYu,337,1732383300,2274,2309
2039,"CodeTON Round 9 (Div. 1 + Div. 2, Rated, Prizes!)",BernatP,338,1732383300,2290,2320
2039,"CodeTON Round 9 (Div. 1 + Div. 2, Rated, Prizes!)",Yam,339,1732383300,2479,2462
2039,"CodeTON Round 9 (Div. 1 + Div. 2, Rated, Prizes!)",Konobeitsev_Ivan,340,1732383300,1946,2072
2039,"CodeTON Round 9 (Div. 1 + Div. 2, Rated, Prizes!)",Mark_Pr,340,1732383300,2144,2214
2039,"CodeTON Round 9 (Div. 1 + Div. 2, Rated, Prizes!)",magnified,342,1732383300,2208,2260
2039,"CodeTON Round 9 (Div. 1 + Div. 2, Rated, Prizes!)",arashmemar,343,1732383300,2072,2161
2039,"CodeTON Round 9 (Div. 1 + Div. 2, Rated, Prizes!)",Mkswll,343,1732383300,2193,2248
2039,"CodeTON Round 9 (Div. 1 + Div. 2, Rated, Prizes!)",penguinman,345,1732383300,2398,2399
2039,"CodeTON Round 9 (Div. 1 + Div. 2, Rated, Prizes!)",_Hoks,346,1732383300,1282,1692
2039,"CodeTON Round 9 (Div. 1 + Div. 2, Rated, Prizes!)",AmShZ,347,1732383300,2470,2453
2039,"CodeTON Round 9 (Div. 1 + Div. 2, Rated, Prizes!)",Error-42,348,1732383300,2373,2379
2039,"CodeTON Round 9 (Div. 1 + Div. 2, Rated, Prizes!)",DAleksa,349,1732383300,2182,2238
2039,"CodeTON Round 9 (Div. 1 + Div. 2, Rated, Prizes!)",xxh1999,350,1732383300,2358,2368
2039,"CodeTON Round 9 (Div. 1 + Div. 2, Rated, Prizes!)",H_W_Y,351,1732383300,2177,2234
2039,"CodeTON Round 9 (Div. 1 + Div. 2, Rated, Prizes!)",miscalc,351,1732383300,2185,2240
2039,"CodeTON Round 9 (Div. 1 + Div. 2, Rated, Prizes!)",ace5,353,1732383300,2579,2534
2039,"CodeTON Round 9 (Div. 1 + Div. 2, Rated, Prizes!)",shevlopmes,354,1732383300,2147,2212
2039,"CodeTON Round 9 (Div. 1 + Div. 2, Rated, Prizes!)",wfb,354,1732383300,2211,2259
2039,"CodeTON Round 9 (Div. 1 + Div. 2, Rated, Prizes!)",byteroad1177,356,1732383300,2454,2439
2039,"CodeTON Round 9 (Div. 1 + Div. 2, Rated, Prizes!)",hengliao,357,1732383300,2162,2223
2039,"CodeTON Round 9 (Div. 1 + Div. 2, Rated, Prizes!)",tem_shett,358,1732383300,2318,2336
2039,"CodeTON Round 9 (Div. 1 + Div. 2, Rated, Prizes!)",leaf1415,359,1732383300,2577,2530
2039,"CodeTON Round 9 (Div. 1 + Div. 2, Rated, Prizes!)",Zachary_Gao,360,1732383300,2092,2172
2039,"CodeTON Round 9 (Div. 1 + Div. 2, Rated, Prizes!)",One_Zzz,361,1732383300,2039,2133
2039,"CodeTON Round 9 (Div. 1 + Div. 2, Rated, Prizes!)",TychoElling,361,1732383300,1800,1965
2039,"CodeTON Round 9 (Div. 1 + Div. 2, Rated, Prizes!)",barbie,363,1732383300,2207,2254
2039,"CodeTON Round 9 (Div. 1 + Div. 2, Rated, Prizes!)",shikgom,364,1732383300,2135,2201
2039,"CodeTON Round 9 (Div. 1 + Div. 2, Rated, Prizes!)",besukohu,364,1732383300,2111,2184
2039,"CodeTON Round 9 (Div. 1 + Div. 2, Rated, Prizes!)",ko_osaga,366,1732383300,3116,2938
2039,"CodeTON Round 9 (Div. 1 + Div. 2, Rated, Prizes!)",Yaimsea,367,1732383300,2178,2232
2039,"CodeTON Round 9 (Div. 1 + Div. 2, Rated, Prizes!)",VegJJJy,368,1732383300,1866,2009
2039,"CodeTON Round 9 (Div. 1 + Div. 2, Rated, Prizes!)",Unlimited_zero,368,1732383300,2302,2322
2039,"CodeTON Round 9 (Div. 1 + Div. 2, Rated, Prizes!)",Sugarii,370,1732383300,2157,2215
2039,"CodeTON Round 9 (Div. 1 + Div. 2, Rated, Prizes!)",wind_cross,371,1732383300,2242,2278
2039,"CodeTON Round 9 (Div. 1 + Div. 2, Rated, Prizes!)",Ste,372,1732383300,2142,2204
2039,"CodeTON Round 9 (Div. 1 + Div. 2, Rated, Prizes!)",dumb_boi,373,1732383300,2133,2198
2039,"CodeTON Round 9 (Div. 1 + Div. 2, Rated, Prizes!)",q1w2e3r4_1,374,1732383300,2343,2352
2039,"CodeTON Round 9 (Div. 1 + Div. 2, Rated, Prizes!)",Survivor_winner,375,1732383300,2286,2309
2039,"CodeTON Round 9 (Div. 1 + Div. 2, Rated, Prizes!)",PCTprobability,376,1732383300,2912,2780
2039,"CodeTON Round 9 (Div. 1 + Div. 2, Rated, Prizes!)",CuteWillow,377,1732383300,1253,1638
2039,"CodeTON Round 9 (Div. 1 + Div. 2, Rated, Prizes!)",Ronnie007,377,1732383300,2606,2549
2039,"CodeTON Round 9 (Div. 1 + Div. 2, Rated, Prizes!)",Nyaan,377,1732383300,2771,2674
2039,"CodeTON Round 9 (Div. 1 + Div. 2, Rated, Prizes!)",ttamx,377,1732383300,2282,2305
2039,"CodeTON Round 9 (Div. 1 + Div. 2, Rated, Prizes!)",hyperReality,381,1732383300,2427,2412
2039,"CodeTON Round 9 (Div. 1 + Div. 2, Rated, Prizes!)",Kude,381,1732383300,2678,2603
2039,"CodeTON Round 9 (Div. 1 + Div. 2, Rated, Prizes!)",Ivan_len,383,1732383300,2368,2368
2039,"CodeTON Round 9 (Div. 1 + Div. 2, Rated, Prizes!)",Meatherm,384,1732383300,2282,2304
2039,"CodeTON Round 9 (Div. 1 + Div. 2, Rated, Prizes!)",wishgoodluck,385,1732383300,2272,2296
2039,"CodeTON Round 9 (Div. 1 + Div. 2, Rated, Prizes!)",SmuggingSpun,386,1732383300,1988,2091
2039,"CodeTON Round 9 (Div. 1 + Div. 2, Rated, Prizes!)",Lawali,387,1732383300,2331,2339
2039,"CodeTON Round 9 (Div. 1 + Div. 2, Rated, Prizes!)",rembocoder,388,1732383300,2161,2214
2039,"CodeTON Round 9 (Div. 1 + Div. 2, Rated, Prizes!)",Anakamira,388,1732383300,2151,2207
2039,"CodeTON Round 9 (Div. 1 + Div. 2, Rated, Prizes!)",d_k_d,390,1732383300,2216,2254
2039,"CodeTON Round 9 (Div. 1 + Div. 2, Rated, Prizes!)",StupidGuy13,391,1732383300,2204,2245
2039,"CodeTON Round 9 (Div. 1 + Div. 2, Rated, Prizes!)",nuyoah007,392,1732383300,2130,2191
2039,"CodeTON Round 9 (Div. 1 + Div. 2, Rated, Prizes!)",Kazumin,392,1732383300,2392,2384
2039,"CodeTON Round 9 (Div. 1 + Div. 2, Rated, Prizes!)",PaperCloud,394,1732383300,2096,2166
2039,"CodeTON Round 9 (Div. 1 + Div. 2, Rated, Prizes!)",sadness,394,1732383300,2189,2234
2039,"CodeTON Round 9 (Div. 1 + Div. 2, Rated, Prizes!)",Katu2ou,396,1732383300,1782,1999
2039,"CodeTON Round 9 (Div. 1 + Div. 2, Rated, Prizes!)",IHateGeometry,397,1732383300,2143,2199
2039,"CodeTON Round 9 (Div. 1 + Div. 2, Rated, Prizes!)",Michal_1,398,1732383300,1996,2094
2039,"CodeTON Round 9 (Div. 1 + Div. 2, Rated, Prizes!)",khepri,399,1732383300,1907,2030
2039,"CodeTON Round 9 (Div. 1 + Div. 2, Rated, Prizes!)",PhirainEX,400,1732383300,1097,1548
2039,"CodeTON Round 9 (Div. 1 + Div. 2, Rated, Prizes!)",PaiDouLong,401,1732383300,2195,2236
2039,"CodeTON Round 9 (Div. 1 + Div. 2, Rated, Prizes!)",FelixMP,401,1732383300,2291,2306
2039,"CodeTON Round 9 (Div. 1 + Div. 2, Rated, Prizes!)",6ziv,403,1732383300,2037,2122
2039,"CodeTON Round 9 (Div. 1 + Div. 2, Rated, Prizes!)",noodles0428,404,1732383300,1984,2084
2039,"CodeTON Round 9 (Div. 1 + Div. 2, Rated, Prizes!)",Romy67,405,1732383300,2255,2280
2039,"CodeTON Round 9 (Div. 1 + Div. 2, Rated, Prizes!)",ikrpprppp,406,1732383300,2313,2323
2039,"CodeTON Round 9 (Div. 1 + Div. 2, Rated, Prizes!)",t98slider,406,1732383300,2125,2184
2039,"CodeTON Round 9 (Div. 1 + Div. 2, Rated, Prizes!)",AmirAli-Asgari,408,1732383300,2670,2590
2039,"CodeTON Round 9 (Div. 1 + Div. 2, Rated, Prizes!)",Noinoiio,408,1732383300,2295,2309
2039,"CodeTON Round 9 (Div. 1 + Div. 2, Rated, Prizes!)",Nelson_loh,410,1732383300,2351,2349
2039,"CodeTON Round 9 (Div. 1 + Div. 2, Rated, Prizes!)",Triseedot,411,1732383300,2132,2188
2039,"CodeTON Round 9 (Div. 1 + Div. 2, Rated, Prizes!)",sunkuangzheng,412,1732383300,2210,2245
2039,"CodeTON Round 9 (Div. 1 + Div. 2, Rated, Prizes!)",RomkaRS,413,1732383300,2184,2226
2039,"CodeTON Round 9 (Div. 1 + Div. 2, Rated, Prizes!)",Potassium,414,1732383300,2591,2530
2039,"CodeTON Round 9 (Div. 1 + Div. 2, Rated, Prizes!)",SoloRejudger,414,1732383300,2146,2197
2039,"CodeTON Round 9 (Div. 1 + Div. 2, Rated, Prizes!)",l-_-l,416,1732383300,1900,2022
2039,"CodeTON Round 9 (Div. 1 + Div. 2, Rated, Prizes!)",Z_actuary,417,1732383300,2246,2271
2039,"CodeTON Round 9 (Div. 1 + Div. 2, Rated, Prizes!)",zas111lll,418,1732383300,2303,2313
2039,"CodeTON Round 9 (Div. 1 + Div. 2, Rated, Prizes!)",Muhammad-Saram,418,1732383300,2090,2157
2039,"CodeTON Round 9 (Div. 1 + Div. 2, Rated, Prizes!)",ATM12345,420,1732383300,2164,2210
2039,"CodeTON Round 9 (Div. 1 + Div. 2, Rated, Prizes!)",Wxssim,420,1732383300,2135,2188
2039,"CodeTON Round 9 (Div. 1 + Div. 2, Rated, Prizes!)",Vash_nick,422,1732383300,2306,2314
2039,"CodeTON Round 9 (Div. 1 + Div. 2, Rated, Prizes!)",eggegg185,423,1732383300,2111,2170
2039,"CodeTON Round 9 (Div. 1 + Div. 2, Rated, Prizes!)",Paradox14526,424,1732383300,2122,2178
2039,"CodeTON Round 9 (Div. 1 + Div. 2, Rated, Prizes!)",turmax,425,1732383300,3352,3104
2039,"CodeTON Round 9 (Div. 1 + Div. 2, Rated, Prizes!)",TuanVu,426,1732383300,1941,2048
2039,"CodeTON Round 9 (Div. 1 + Div. 2, Rated, Prizes!)",xcx0902,426,1732383300,1768,1927
2039,"CodeTON Round 9 (Div. 1 + Div. 2, Rated, Prizes!)",gabriel88766,428,1732383300,2284,2296
2039,"CodeTON Round 9 (Div. 1 + Div. 2, Rated, Prizes!)",guperman,428,1732383300,2317,2321
2039,"CodeTON Round 9 (Div. 1 + Div. 2, Rated, Prizes!)",Corycle,428,1732383300,2161,2205
2039,"CodeTON Round 9 (Div. 1 + Div. 2, Rated, Prizes!)",PvPro,431,1732383300,2376,2365
2039,"CodeTON Round 9 (Div. 1 + Div. 2, Rated, Prizes!)",Sedmoklasnikut,432,1732383300,2304,2310
2039,"CodeTON Round 9 (Div. 1 + Div. 2, Rated, Prizes!)",haohao0328,432,1732383300,1887,2008
2039,"CodeTON Round 9 (Div. 1 + Div. 2, Rated, Prizes!)",1G1U4E5S1T4,434,1732383300,2107,2166
2039,"CodeTON Round 9 (Div. 1 + Div. 2, Rated, Prizes!)",machine_solution,434,1732383300,2299,2306
2039,"CodeTON Round 9 (Div. 1 + Div. 2, Rated, Prizes!)",EthanKim8683,436,1732383300,2175,2214
2039,"CodeTON Round 9 (Div. 1 + Div. 2, Rated, Prizes!)",yitianyang,437,1732383300,1834,2006
2039,"CodeTON Round 9 (Div. 1 + Div. 2, Rated, Prizes!)",iceylemon157,438,1732383300,1971,2067
2039,"CodeTON Round 9 (Div. 1 + Div. 2, Rated, Prizes!)",Richard1211,439,1732383300,2104,2163
2039,"CodeTON Round 9 (Div. 1 + Div. 2, Rated, Prizes!)",djm03178,440,1732383300,2207,2237
2039,"CodeTON Round 9 (Div. 1 + Div. 2, Rated, Prizes!)",peteza,441,1732383300,1783,1934
2039,"CodeTON Round 9 (Div. 1 + Div. 2, Rated, Prizes!)",bieybay,442,1732383300,1772,1982
2039,"CodeTON Round 9 (Div. 1 + Div. 2, Rated, Prizes!)",Agreb,442,1732383300,2477,2438
2039,"CodeTON Round 9 (Div. 1 + Div. 2, Rated, Prizes!)",Teja-Smart,444,1732383300,2152,2196
2039,"CodeTON Round 9 (Div. 1 + Div. 2, Rated, Prizes!)",Anachor,445,1732383300,2231,2254
2039,"CodeTON Round 9 (Div. 1 + Div. 2, Rated, Prizes!)",secret-550504,446,1732383300,2012,2094
2039,"CodeTON Round 9 (Div. 1 + Div. 2, Rated, Prizes!)",JinyeongAckerman,447,1732383300,2069,2135
2039,"CodeTON Round 9 (Div. 1 + Div. 2, Rated, Prizes!)",top_tree,447,1732383300,2121,2209
2039,"CodeTON Round 9 (Div. 1 + Div. 2, Rated, Prizes!)",Syrus,449,1732383300,1947,2048
2039,"CodeTON Round 9 (Div. 1 + Div. 2, Rated, Prizes!)",bribritt,450,1732383300,2484,2443
2039,"CodeTON Round 9 (Div. 1 + Div. 2, Rated, Prizes!)",a65,451,1732383300,2130,2178
2039,"CodeTON Round 9 (Div. 1 + Div. 2, Rated, Prizes!)",HuHu_Fei,451,1732383300,1667,1850
2039,"CodeTON Round 9 (Div. 1 + Div. 2, Rated, Prizes!)",guagua0407,453,1732383300,2306,2308
2039,"CodeTON Round 9 (Div. 1 + Div. 2, Rated, Prizes!)",archon1999,454,1732383300,1664,1847
2039,"CodeTON Round 9 (Div. 1 + Div. 2, Rated, Prizes!)",Natsuzora,455,1732383300,2290,2295
2039,"CodeTON Round 9 (Div. 1 + Div. 2, Rated, Prizes!)",qwertim,456,1732383300,1682,1859
2039,"CodeTON Round 9 (Div. 1 + Div. 2, Rated, Prizes!)",annyeong1,456,1732383300,2114,2166
2039,"CodeTON Round 9 (Div. 1 + Div. 2, Rated, Prizes!)",zxcen,458,1732383300,2166,2203
2039,"CodeTON Round 9 (Div. 1 + Div. 2, Rated, Prizes!)",Misty7,459,1732383300,2152,2193
2039,"CodeTON Round 9 (Div. 1 + Div. 2, Rated, Prizes!)",olmrgcsi,460,1732383300,2303,2304
2039,"CodeTON Round 9 (Div. 1 + Div. 2, Rated, Prizes!)",ahsoltan,461,1732383300,2136,2181
2039,"CodeTON Round 9 (Div. 1 + Div. 2, Rated, Prizes!)",jimmyywang,462,1732383300,2221,2243
2039,"CodeTON Round 9 (Div. 1 + Div. 2, Rated, Prizes!)",cz_yxx,463,1732383300,2234,2253
2039,"CodeTON Round 9 (Div. 1 + Div. 2, Rated, Prizes!)",turkhuu622,463,1732383300,2373,2357
2039,"CodeTON Round 9 (Div. 1 + Div. 2, Rated, Prizes!)",zhangtianhan,463,1732383300,2116,2166
2039,"CodeTON Round 9 (Div. 1 + Div. 2, Rated, Prizes!)",minhnguyen13082003,466,1732383300,1958,2052
2039,"CodeTON Round 9 (Div. 1 + Div. 2, Rated, Prizes!)",Axial-Tilted,467,1732383300,2181,2213
2039,"CodeTON Round 9 (Div. 1 + Div. 2, Rated, Prizes!)",HuaJun,468,1732383300,2297,2298
2039,"CodeTON Round 9 (Div. 1 + Div. 2, Rated, Prizes!)",kaIimm,469,1732383300,2550,2489
2039,"CodeTON Round 9 (Div. 1 + Div. 2, Rated, Prizes!)",chota_don_v2,469,1732383300,2002,2082
2039,"CodeTON Round 9 (Div. 1 + Div. 2, Rated, Prizes!)",Mango2011,471,1732383300,2013,2091
2039,"CodeTON Round 9 (Div. 1 + Div. 2, Rated, Prizes!)",08kevin,472,1732383300,2309,2306
2039,"CodeTON Round 9 (Div. 1 + Div. 2, Rated, Prizes!)",towawa,472,1732383300,2123,2170
2039,"CodeTON Round 9 (Div. 1 + Div. 2, Rated, Prizes!)",MrPython,474,1732383300,2010,2087
2039,"CodeTON Round 9 (Div. 1 + Div. 2, Rated, Prizes!)",Svemit,474,1732383300,2063,2125
2039,"CodeTON Round 9 (Div. 1 + Div. 2, Rated, Prizes!)",C2021zyz,474,1732383300,2412,2383
2039,"CodeTON Round 9 (Div. 1 + Div. 2, Rated, Prizes!)",anpaio,477,1732383300,2380,2359
2039,"CodeTON Round 9 (Div. 1 + Div. 2, Rated, Prizes!)",jay_jayjay,477,1732383300,2173,2205
2039,"CodeTON Round 9 (Div. 1 + Div. 2, Rated, Prizes!)",RDFZchenyy,479,1732383300,2042,2109
2039,"CodeTON Round 9 (Div. 1 + Div. 2, Rated, Prizes!)",Vectors_Master,479,1732383300,2309,2305
2039,"CodeTON Round 9 (Div. 1 + Div. 2, Rated, Prizes!)",LOL_I_AM_SERZH,479,1732383300,2304,2302
2039,"CodeTON Round 9 (Div. 1 + Div. 2, Rated, Prizes!)",UP84,482,1732383300,1840,1965
2039,"CodeTON Round 9 (Div. 1 + Div. 2, Rated, Prizes!)",MarSer020,482,1732383300,2177,2207
2039,"CodeTON Round 9 (Div. 1 + Div. 2, Rated, Prizes!)",VaVshchuck,484,1732383300,2296,2294
2039,"CodeTON Round 9 (Div. 1 + Div. 2, Rated, Prizes!)",revengeMik3,484,1732383300,0,751
2039,"CodeTON Round 9 (Div. 1 + Div. 2, Rated, Prizes!)",G2Esports,484,1732383300,2151,2224
2039,"CodeTON Round 9 (Div. 1 + Div. 2, Rated, Prizes!)",Maruzensky,487,1732383300,2171,2202
2039,"CodeTON Round 9 (Div. 1 + Div. 2, Rated, Prizes!)",Amao_Fox,488,1732383300,2029,2098
2039,"CodeTON Round 9 (Div. 1 + Div. 2, Rated, Prizes!)",McPqndq,489,1732383300,2319,2311
2039,"CodeTON Round 9 (Div. 1 + Div. 2, Rated, Prizes!)",_luqyou_,490,1732383300,2025,2095
2039,"CodeTON Round 9 (Div. 1 + Div. 2, Rated, Prizes!)",Nika533,490,1732383300,2196,2220
2039,"CodeTON Round 9 (Div. 1 + Div. 2, Rated, Prizes!)",TyroWhizz,492,1732383300,2281,2283
2039,"CodeTON Round 9 (Div. 1 + Div. 2, Rated, Prizes!)",-is-this-fft-,493,1732383300,2458,2416
2039,"CodeTON Round 9 (Div. 1 + Div. 2, Rated, Prizes!)",Virv,494,1732383300,2315,2307
2039,"CodeTON Round 9 (Div. 1 + Div. 2, Rated, Prizes!)",star354,494,1732383300,1633,1816
2039,"CodeTON Round 9 (Div. 1 + Div. 2, Rated, Prizes!)",Jimanbanashi,496,1732383300,2315,2307
2039,"CodeTON Round 9 (Div. 1 + Div. 2, Rated, Prizes!)",thembululquaUwU,496,1732383300,2445,2405
2039,"CodeTON Round 9 (Div. 1 + Div. 2, Rated, Prizes!)",Hexagons,498,1732383300,2291,2288
2039,"CodeTON Round 9 (Div. 1 + Div. 2, Rated, Prizes!)",shade34,498,1732383300,2129,2169
2039,"CodeTON Round 9 (Div. 1 + Div. 2, Rated, Prizes!)",fishcathu,500,1732383300,2162,2193
2039,"CodeTON Round 9 (Div. 1 + Div. 2, Rated, Prizes!)",timreizin,501,1732383300,2140,2176
2039,"CodeTON Round 9 (Div. 1 + Div. 2, Rated, Prizes!)",Darko1,502,1732383300,2259,2264
2039,"CodeTON Round 9 (Div. 1 + Div. 2, Rated, Prizes!)",ivatopuria,503,1732383300,2154,2186
2039,"CodeTON Round 9 (Div. 1 + Div. 2, Rated, Prizes!)",tongzhenxuan,504,1732383300,1997,2072
2039,"CodeTON Round 9 (Div. 1 + Div. 2, Rated, Prizes!)",-crystal-,505,1732383300,1967,2051
2039,"CodeTON Round 9 (Div. 1 + Div. 2, Rated, Prizes!)",my_happiness,506,1732383300,1937,2029
2039,"CodeTON Round 9 (Div. 1 + Div. 2, Rated, Prizes!)",wangmarui,507,1732383300,1970,2052
2039,"CodeTON Round 9 (Div. 1 + Div. 2, Rated, Prizes!)",VulcanForge,508,1732383300,1730,1882
2039,"CodeTON Round 9 (Div. 1 + Div. 2, Rated, Prizes!)",Spylft,509,1732383300,2273,2274
2039,"CodeTON Round 9 (Div. 1 + Div. 2, Rated, Prizes!)",FHQY,509,1732383300,1934,2026
2039,"CodeTON Round 9 (Div. 1 + Div. 2, Rated, Prizes!)",lfxxx,511,1732383300,2256,2260
2039,"CodeTON Round 9 (Div. 1 + Div. 2, Rated, Prizes!)",Gheal,512,1732383300,2294,2288
2039,"CodeTON Round 9 (Div. 1 + Div. 2, Rated, Prizes!)",Byf23333,512,1732383300,1748,1894
2039,"CodeTON Round 9 (Div. 1 + Div. 2, Rated, Prizes!)",SwordDance,514,1732383300,1720,1874
2039,"CodeTON Round 9 (Div. 1 + Div. 2, Rated, Prizes!)",tenkei,515,1732383300,2271,2271
2039,"CodeTON Round 9 (Div. 1 + Div. 2, Rated, Prizes!)",po_sh,516,1732383300,1998,2071
2039,"CodeTON Round 9 (Div. 1 + Div. 2, Rated, Prizes!)",cunt,516,1732383300,2337,2320
2039,"CodeTON Round 9 (Div. 1 + Div. 2, Rated, Prizes!)",Edu175,518,1732383300,2440,2398
2039,"CodeTON Round 9 (Div. 1 + Div. 2, Rated, Prizes!)",rgnerdplayer,519,1732383300,2317,2305
2039,"CodeTON Round 9 (Div. 1 + Div. 2, Rated, Prizes!)",qinfengkl,520,1732383300,1859,1971
2039,"CodeTON Round 9 (Div. 1 + Div. 2, Rated, Prizes!)",wzj33300,520,1732383300,2117,2157
2039,"CodeTON Round 9 (Div. 1 + Div. 2, Rated, Prizes!)",n685,522,1732383300,2241,2247
2039,"CodeTON Round 9 (Div. 1 + Div. 2, Rated, Prizes!)",sillylittleidiot77,523,1732383300,2262,2263
2039,"CodeTON Round 9 (Div. 1 + Div. 2, Rated, Prizes!)",lastridem,524,1732383300,2306,2296
2039,"CodeTON Round 9 (Div. 1 + Div. 2, Rated, Prizes!)",momen159,525,1732383300,1921,2014
2039,"CodeTON Round 9 (Div. 1 + Div. 2, Rated, Prizes!)",max0000561,526,1732383300,2233,2241
2039,"CodeTON Round 9 (Div. 1 + Div. 2, Rated, Prizes!)",Proof_by_QED,527,1732383300,2220,2231
2039,"CodeTON Round 9 (Div. 1 + Div. 2, Rated, Prizes!)",SoryuAsuka,528,1732383300,1709,1864
2039,"CodeTON Round 9 (Div. 1 + Div. 2, Rated, Prizes!)",Quasicoherent,529,1732383300,1933,2022
2039,"CodeTON Round 9 (Div. 1 + Div. 2, Rated, Prizes!)",Hell_Eclipse,530,1732383300,1898,1997
2039,"CodeTON Round 9 (Div. 1 + Div. 2, Rated, Prizes!)",dmraykhan,531,1732383300,2190,2208
2039,"CodeTON Round 9 (Div. 1 + Div. 2, Rated, Prizes!)",stan23456,532,1732383300,1999,2069
2039,"CodeTON Round 9 (Div. 1 + Div. 2, Rated, Prizes!)",sioo_,533,1732383300,1970,2048
2039,"CodeTON Round 9 (Div. 1 + Div. 2, Rated, Prizes!)",cosmicmanhnopro,534,1732383300,1954,2037
2039,"CodeTON Round 9 (Div. 1 + Div. 2, Rated, Prizes!)",dspr_,535,1732383300,2390,2358
2039,"CodeTON Round 9 (Div. 1 + Div. 2, Rated, Prizes!)",yahia,536,1732383300,2127,2161
2039,"CodeTON Round 9 (Div. 1 + Div. 2, Rated, Prizes!)",Partiali,537,1732383300,1822,1999
2039,"CodeTON Round 9 (Div. 1 + Div. 2, Rated, Prizes!)",MMYYFF,537,1732383300,2161,2185
2039,"CodeTON Round 9 (Div. 1 + Div. 2, Rated, Prizes!)",VinstaG173,539,1732383300,2127,2160
2039,"CodeTON Round 9 (Div. 1 + Div. 2, Rated, Prizes!)",lddlinan,539,1732383300,2128,2161
2039,"CodeTON Round 9 (Div. 1 + Div. 2, Rated, Prizes!)",Star32,541,1732383300,2318,2303
2039,"CodeTON Round 9 (Div. 1 + Div. 2, Rated, Prizes!)",Nil2007,542,1732383300,2145,2174
2039,"CodeTON Round 9 (Div. 1 + Div. 2, Rated, Prizes!)",Legoshi-kun,543,1732383300,1895,1992
2039,"CodeTON Round 9 (Div. 1 + Div. 2, Rated, Prizes!)",mahiro_zcy,543,1732383300,1604,1786
2039,"CodeTON Round 9 (Div. 1 + Div. 2, Rated, Prizes!)",waste_,545,1732383300,1641,1812
2039,"CodeTON Round 9 (Div. 1 + Div. 2, Rated, Prizes!)",cdx123456,545,1732383300,1891,1989
2039,"CodeTON Round 9 (Div. 1 + Div. 2, Rated, Prizes!)",Incomprehensibilities,547,1732383300,1287,1565
2039,"CodeTON Round 9 (Div. 1 + Div. 2, Rated, Prizes!)",ballpoint_pen,548,1732383300,2265,2261
2039,"CodeTON Round 9 (Div. 1 + Div. 2, Rated, Prizes!)",ThatsGood,548,1732383300,1552,1804
2039,"CodeTON Round 9 (Div. 1 + Div. 2, Rated, Prizes!)",cemil1234,548,1732383300,1719,1866
2039,"CodeTON Round 9 (Div. 1 + Div. 2, Rated, Prizes!)",Kouba64,551,1732383300,2035,2091
2039,"CodeTON Round 9 (Div. 1 + Div. 2, Rated, Prizes!)",Huo_Silk,552,1732383300,1132,1539
2039,"CodeTON Round 9 (Div. 1 + Div. 2, Rated, Prizes!)",nanani__fan,553,1732383300,1696,1849
2039,"CodeTON Round 9 (Div. 1 + Div. 2, Rated, Prizes!)",_chroneZ,554,1732383300,2228,2233
2039,"CodeTON Round 9 (Div. 1 + Div. 2, Rated, Prizes!)",SoReMore,554,1732383300,2181,2197
2039,"CodeTON Round 9 (Div. 1 + Div. 2, Rated, Prizes!)",EricQian,556,1732383300,2291,2279
2039,"CodeTON Round 9 (Div. 1 + Div. 2, Rated, Prizes!)",MuRongzhang,556,1732383300,1756,1891
2039,"CodeTON Round 9 (Div. 1 + Div. 2, Rated, Prizes!)",Alfeh2,556,1732383300,2187,2202
2039,"CodeTON Round 9 (Div. 1 + Div. 2, Rated, Prizes!)",QwQr2,559,1732383300,2088,2128
2039,"CodeTON Round 9 (Div. 1 + Div. 2, Rated, Prizes!)",adamant,560,1732383300,2331,2309
2039,"CodeTON Round 9 (Div. 1 + Div. 2, Rated, Prizes!)",andreyDagger,561,1732383300,2253,2250
2039,"CodeTON Round 9 (Div. 1 + Div. 2, Rated, Prizes!)",xiaruize,562,1732383300,2153,2176
2039,"CodeTON Round 9 (Div. 1 + Div. 2, Rated, Prizes!)",MDSPatheticVersion,563,1732383300,2095,2133
2039,"CodeTON Round 9 (Div. 1 + Div. 2, Rated, Prizes!)",ExplodingFreeze,563,1732383300,2249,2246
2039,"CodeTON Round 9 (Div. 1 + Div. 2, Rated, Prizes!)",HaccerKat,565,1732383300,2195,2207
2039,"CodeTON Round 9 (Div. 1 + Div. 2, Rated, Prizes!)",MagnusCarlsen321,566,1732383300,2127,2156
2039,"CodeTON Round 9 (Div. 1 + Div. 2, Rated, Prizes!)",pit4h,567,1732383300,2250,2247
2039,"CodeTON Round 9 (Div. 1 + Div. 2, Rated, Prizes!)",Haksell,567,1732383300,1975,2045
2039,"CodeTON Round 9 (Div. 1 + Div. 2, Rated, Prizes!)",omsincoconut,569,1732383300,2139,2165
2039,"CodeTON Round 9 (Div. 1 + Div. 2, Rated, Prizes!)",Lucina,569,1732383300,2183,2196
2039,"CodeTON Round 9 (Div. 1 + Div. 2, Rated, Prizes!)",KevinLikesCoding,571,1732383300,2288,2274
2039,"CodeTON Round 9 (Div. 1 + Div. 2, Rated, Prizes!)",Joler_,572,1732383300,2142,2166
2039,"CodeTON Round 9 (Div. 1 + Div. 2, Rated, Prizes!)",RaresPoinaru,573,1732383300,2043,2093
2039,"CodeTON Round 9 (Div. 1 + Div. 2, Rated, Prizes!)",Be_dos,573,1732383300,2445,2393
2039,"CodeTON Round 9 (Div. 1 + Div. 2, Rated, Prizes!)",ishmeal,575,1732383300,2196,2205
2039,"CodeTON Round 9 (Div. 1 + Div. 2, Rated, Prizes!)",TrendBattles,575,1732383300,1874,1972
2039,"CodeTON Round 9 (Div. 1 + Div. 2, Rated, Prizes!)",Fantasy_Blue,577,1732383300,1786,1965
2039,"CodeTON Round 9 (Div. 1 + Div. 2, Rated, Prizes!)",ligaydima,578,1732383300,2228,2229
2039,"CodeTON Round 9 (Div. 1 + Div. 2, Rated, Prizes!)",Qwerty1232,579,1732383300,2529,2457
2039,"CodeTON Round 9 (Div. 1 + Div. 2, Rated, Prizes!)",EchoLisa,580,1732383300,0,731
2039,"CodeTON Round 9 (Div. 1 + Div. 2, Rated, Prizes!)",tanmuling0429,581,1732383300,1683,1835
2039,"CodeTON Round 9 (Div. 1 + Div. 2, Rated, Prizes!)",zeliboba,582,1732383300,2452,2397
2039,"CodeTON Round 9 (Div. 1 + Div. 2, Rated, Prizes!)",hwpvector,583,1732383300,1734,1927
2039,"CodeTON Round 9 (Div. 1 + Div. 2, Rated, Prizes!)",liyelin,584,1732383300,2160,2178
2039,"CodeTON Round 9 (Div. 1 + Div. 2, Rated, Prizes!)",sygi,585,1732383300,1675,1828
2039,"CodeTON Round 9 (Div. 1 + Div. 2, Rated, Prizes!)",CuteExp10re,586,1732383300,2243,2239
2039,"CodeTON Round 9 (Div. 1 + Div. 2, Rated, Prizes!)",bingpao,587,1732383300,2223,2224
2039,"CodeTON Round 9 (Div. 1 + Div. 2, Rated, Prizes!)",Kustov_Vadim_533,588,1732383300,2195,2203
2039,"CodeTON Round 9 (Div. 1 + Div. 2, Rated, Prizes!)",alinp,589,1732383300,2167,2181
2039,"CodeTON Round 9 (Div. 1 + Div. 2, Rated, Prizes!)",MattTheNub,589,1732383300,2169,2183
2039,"CodeTON Round 9 (Div. 1 + Div. 2, Rated, Prizes!)",rainbow_kitty,589,1732383300,2084,2120
2039,"CodeTON Round 9 (Div. 1 + Div. 2, Rated, Prizes!)",blitztage,592,1732383300,2150,2169
2039,"CodeTON Round 9 (Div. 1 + Div. 2, Rated, Prizes!)",hshhh_,593,1732383300,1984,2048
2039,"CodeTON Round 9 (Div. 1 + Div. 2, Rated, Prizes!)",ApraCadabra,594,1732383300,2361,2326
2039,"CodeTON Round 9 (Div. 1 + Div. 2, Rated, Prizes!)",Kite_kuma,594,1732383300,2477,2414
2039,"CodeTON Round 9 (Div. 1 + Div. 2, Rated, Prizes!)",2949767807qwer,594,1732383300,1821,1930
2039,"CodeTON Round 9 (Div. 1 + Div. 2, Rated, Prizes!)",xcc_szy0905,597,1732383300,2252,2244
2039,"CodeTON Round 9 (Div. 1 + Div. 2, Rated, Prizes!)",harurun4635,597,1732383300,2125,2149
2039,"CodeTON Round 9 (Div. 1 + Div. 2, Rated, Prizes!)",mircea_007,599,1732383300,2114,2141
2039,"CodeTON Round 9 (Div. 1 + Div. 2, Rated, Prizes!)",Igor_Parfenov,600,1732383300,2051,2095
2039,"CodeTON Round 9 (Div. 1 + Div. 2, Rated, Prizes!)",ebofan,600,1732383300,1917,1999
2039,"CodeTON Round 9 (Div. 1 + Div. 2, Rated, Prizes!)",ABitVeryScaredOfWomen,602,1732383300,2206,2209
2039,"CodeTON Round 9 (Div. 1 + Div. 2, Rated, Prizes!)",yy_chen,603,1732383300,2223,2221
2039,"CodeTON Round 9 (Div. 1 + Div. 2, Rated, Prizes!)",Circling,603,1732383300,2064,2104
2039,"CodeTON Round 9 (Div. 1 + Div. 2, Rated, Prizes!)",ciuim,605,1732383300,2190,2197
2039,"CodeTON Round 9 (Div. 1 + Div. 2, Rated, Prizes!)",LucaIlie,606,1732383300,1776,1897
2039,"CodeTON Round 9 (Div. 1 + Div. 2, Rated, Prizes!)",Imagine.2019,607,1732383300,2046,2090
2039,"CodeTON Round 9 (Div. 1 + Div. 2, Rated, Prizes!)",_wzw_,608,1732383300,1507,1741
2039,"CodeTON Round 9 (Div. 1 + Div. 2, Rated, Prizes!)",Code937,609,1732383300,2188,2195
2039,"CodeTON Round 9 (Div. 1 + Div. 2, Rated, Prizes!)",sakib.safwan,610,1732383300,1905,1988
2039,"CodeTON Round 9 (Div. 1 + Div. 2, Rated, Prizes!)",BuzzyBeez,611,1732383300,2057,2098
2039,"CodeTON Round 9 (Div. 1 + Div. 2, Rated, Prizes!)",ankan2526,612,1732383300,1948,2018
2039,"CodeTON Round 9 (Div. 1 + Div. 2, Rated, Prizes!)",kafamcokkaristi,613,1732383300,2192,2197
2039,"CodeTON Round 9 (Div. 1 + Div. 2, Rated, Prizes!)",Sorasaki_Hina,614,1732383300,1918,1997
2039,"CodeTON Round 9 (Div. 1 + Div. 2, Rated, Prizes!)",Citnaris,615,1732383300,2095,2125
2039,"CodeTON Round 9 (Div. 1 + Div. 2, Rated, Prizes!)",xdl,616,1732383300,1599,1769
2039,"CodeTON Round 9 (Div. 1 + Div. 2, Rated, Prizes!)",zsj6315,617,1732383300,2058,2097
2039,"CodeTON Round 9 (Div. 1 + Div. 2, Rated, Prizes!)",tour2st,618,1732383300,2111,2137
2039,"CodeTON Round 9 (Div. 1 + Div. 2, Rated, Prizes!)",IsaacMoris,619,1732383300,2075,2110
2039,"CodeTON Round 9 (Div. 1 + Div. 2, Rated, Prizes!)",Intellegent,620,1732383300,2233,2226
2039,"CodeTON Round 9 (Div. 1 + Div. 2, Rated, Prizes!)",platter,621,1732383300,2612,2514
2039,"CodeTON Round 9 (Div. 1 + Div. 2, Rated, Prizes!)",tassei903,622,1732383300,2112,2136
2039,"CodeTON Round 9 (Div. 1 + Div. 2, Rated, Prizes!)",nifeshe,623,1732383300,2250,2239
2039,"CodeTON Round 9 (Div. 1 + Div. 2, Rated, Prizes!)",Akulyat,623,1732383300,2473,2408
2039,"CodeTON Round 9 (Div. 1 + Div. 2, Rated, Prizes!)",JoeyJ,625,1732383300,2164,2174
2039,"CodeTON Round 9 (Div. 1 + Div. 2, Rated, Prizes!)",golions,625,1732383300,2263,2248
2039,"CodeTON Round 9 (Div. 1 + Div. 2, Rated, Prizes!)",cyfmd,627,1732383300,1891,1976
2039,"CodeTON Round 9 (Div. 1 + Div. 2, Rated, Prizes!)",PNJ0714,628,1732383300,1983,2041
2039,"CodeTON Round 9 (Div. 1 + Div. 2, Rated, Prizes!)",tht2005,629,1732383300,2076,2109
2039,"CodeTON Round 9 (Div. 1 + Div. 2, Rated, Prizes!)",jack112739,630,1732383300,1349,1591
2039,"CodeTON Round 9 (Div. 1 + Div. 2, Rated, Prizes!)",GoogleBot,630,1732383300,2189,2192
2039,"CodeTON Round 9 (Div. 1 + Div. 2, Rated, Prizes!)",Cegax,632,1732383300,2149,2162
2039,"CodeTON Round 9 (Div. 1 + Div. 2, Rated, Prizes!)",yuina10,633,1732383300,1946,2014
2039,"CodeTON Round 9 (Div. 1 + Div. 2, Rated, Prizes!)",SomethingNew,634,1732383300,2541,2459
2039,"CodeTON Round 9 (Div. 1 + Div. 2, Rated, Prizes!)",Routec,635,1732383300,2141,2156
2039,"CodeTON Round 9 (Div. 1 + Div. 2, Rated, Prizes!)",MVP_Harry,636,1732383300,1913,1989
2039,"CodeTON Round 9 (Div. 1 + Div. 2, Rated, Prizes!)",kevinxiehk,637,1732383300,2516,2439
2039,"CodeTON Round 9 (Div. 1 + Div. 2, Rated, Prizes!)",ouql,638,1732383300,2150,2162
2039,"CodeTON Round 9 (Div. 1 + Div. 2, Rated, Prizes!)",Prostoegor239,639,1732383300,2128,2145
2039,"CodeTON Round 9 (Div. 1 + Div. 2, Rated, Prizes!)",ltf0501,640,1732383300,2114,2135
2039,"CodeTON Round 9 (Div. 1 + Div. 2, Rated, Prizes!)",shinchankosen,641,1732383300,2438,2379
2039,"CodeTON Round 9 (Div. 1 + Div. 2, Rated, Prizes!)",Sakuya_maid,642,1732383300,1922,1996
2039,"CodeTON Round 9 (Div. 1 + Div. 2, Rated, Prizes!)",Gold_Dragon,643,1732383300,1786,1897
2039,"CodeTON Round 9 (Div. 1 + Div. 2, Rated, Prizes!)",iliya_mon,644,1732383300,1760,1879
2039,"CodeTON Round 9 (Div. 1 + Div. 2, Rated, Prizes!)",wangxinyue,645,1732383300,1405,1627
2039,"CodeTON Round 9 (Div. 1 + Div. 2, Rated, Prizes!)",vako_P,646,1732383300,1927,1998
2039,"CodeTON Round 9 (Div. 1 + Div. 2, Rated, Prizes!)",Yugi.Hacker,647,1732383300,2103,2126
2039,"CodeTON Round 9 (Div. 1 + Div. 2, Rated, Prizes!)",lhyjdmc,648,1732383300,1818,1920
2039,"CodeTON Round 9 (Div. 1 + Div. 2, Rated, Prizes!)",BulatGabitov,649,1732383300,1959,2021
2039,"CodeTON Round 9 (Div. 1 + Div. 2, Rated, Prizes!)",cyb1010,650,1732383300,2338,2301
2039,"CodeTON Round 9 (Div. 1 + Div. 2, Rated, Prizes!)",vladmart,651,1732383300,2168,2174
2039,"CodeTON Round 9 (Div. 1 + Div. 2, Rated, Prizes!)",edogawa_something,652,1732383300,2106,2128
2039,"CodeTON Round 9 (Div. 1 + Div. 2, Rated, Prizes!)",enzopsm,652,1732383300,2241,2228
2039,"CodeTON Round 9 (Div. 1 + Div. 2, Rated, Prizes!)",phoenix0423,654,1732383300,2441,2380
2039,"CodeTON Round 9 (Div. 1 + Div. 2, Rated, Prizes!)",dspt,655,1732383300,2383,2335
2039,"CodeTON Round 9 (Div. 1 + Div. 2, Rated, Prizes!)",OpKos,656,1732383300,1973,2030
2039,"CodeTON Round 9 (Div. 1 + Div. 2, Rated, Prizes!)",ArsenGotov,657,1732383300,2114,2133
2039,"CodeTON Round 9 (Div. 1 + Div. 2, Rated, Prizes!)",TankYoung,658,1732383300,1946,2010
2039,"CodeTON Round 9 (Div. 1 + Div. 2, Rated, Prizes!)",Kuangchenrui,659,1732383300,2149,2158
2039,"CodeTON Round 9 (Div. 1 + Div. 2, Rated, Prizes!)",amirhoseinfar1385,659,1732383300,2415,2359
2039,"CodeTON Round 9 (Div. 1 + Div. 2, Rated, Prizes!)",Edeeva,661,1732383300,2046,2083
2039,"CodeTON Round 9 (Div. 1 + Div. 2, Rated, Prizes!)",MinaRagy06,662,1732383300,2197,2193
2039,"CodeTON Round 9 (Div. 1 + Div. 2, Rated, Prizes!)",espr1t,663,1732383300,1874,1958
2039,"CodeTON Round 9 (Div. 1 + Div. 2, Rated, Prizes!)",hhhyh,664,1732383300,2221,2211
2039,"CodeTON Round 9 (Div. 1 + Div. 2, Rated, Prizes!)",Aeon,664,1732383300,1885,1965
2039,"CodeTON Round 9 (Div. 1 + Div. 2, Rated, Prizes!)",Lzy_,666,1732383300,2006,2052
2039,"CodeTON Round 9 (Div. 1 + Div. 2, Rated, Prizes!)",hswfwkj,667,1732383300,2061,2092
2039,"CodeTON Round 9 (Div. 1 + Div. 2, Rated, Prizes!)",KiKoS,668,1732383300,2153,2160
2039,"CodeTON Round 9 (Div. 1 + Div. 2, Rated, Prizes!)",Cai,669,1732383300,2356,2313
2039,"CodeTON Round 9 (Div. 1 + Div. 2, Rated, Prizes!)",xpov1LL,669,1732383300,2092,2115
2039,"CodeTON Round 9 (Div. 1 + Div. 2, Rated, Prizes!)",Boboge,669,1732383300,2284,2258
2039,"CodeTON Round 9 (Div. 1 + Div. 2, Rated, Prizes!)",Elgoker,672,1732383300,1938,2002
2039,"CodeTON Round 9 (Div. 1 + Div. 2, Rated, Prizes!)",lev1106,673,1732383300,1671,1810
2039,"CodeTON Round 9 (Div. 1 + Div. 2, Rated, Prizes!)",FzArK,674,1732383300,2030,2068
2039,"CodeTON Round 9 (Div. 1 + Div. 2, Rated, Prizes!)",Squirrel,675,1732383300,2277,2253
2039,"CodeTON Round 9 (Div. 1 + Div. 2, Rated, Prizes!)",titia,676,1732383300,2135,2146
2039,"CodeTON Round 9 (Div. 1 + Div. 2, Rated, Prizes!)",ahmadkhafif,677,1732383300,2230,2216
2039,"CodeTON Round 9 (Div. 1 + Div. 2, Rated, Prizes!)",perchuts,678,1732383300,2189,2185
2039,"CodeTON Round 9 (Div. 1 + Div. 2, Rated, Prizes!)",scccccccc,679,1732383300,1829,1922
2039,"CodeTON Round 9 (Div. 1 + Div. 2, Rated, Prizes!)",Acfboy,680,1732383300,2103,2122
2039,"CodeTON Round 9 (Div. 1 + Div. 2, Rated, Prizes!)",parsa-golestani,680,1732383300,2328,2290
2039,"CodeTON Round 9 (Div. 1 + Div. 2, Rated, Prizes!)",Shun_PI,682,1732383300,2508,2427
2039,"CodeTON Round 9 (Div. 1 + Div. 2, Rated, Prizes!)",MusicBox,683,1732383300,2134,2144
2039,"CodeTON Round 9 (Div. 1 + Div. 2, Rated, Prizes!)",035966_L3,684,1732383300,2150,2156
2039,"CodeTON Round 9 (Div. 1 + Div. 2, Rated, Prizes!)",chennie,685,1732383300,2048,2080
2039,"CodeTON Round 9 (Div. 1 + Div. 2, Rated, Prizes!)",Drew_,685,1732383300,2102,2119
2039,"CodeTON Round 9 (Div. 1 + Div. 2, Rated, Prizes!)",Flaming_Blade,685,1732383300,2163,2165
2039,"CodeTON Round 9 (Div. 1 + Div. 2, Rated, Prizes!)",soullless,688,1732383300,2194,2188
2039,"CodeTON Round 9 (Div. 1 + Div. 2, Rated, Prizes!)",Creeper_l,689,1732383300,2015,2056
2039,"CodeTON Round 9 (Div. 1 + Div. 2, Rated, Prizes!)",TruotVoi2025_ToT,690,1732383300,2094,2113
2039,"CodeTON Round 9 (Div. 1 + Div. 2, Rated, Prizes!)",tatata96,691,1732383300,2215,2203
2039,"CodeTON Round 9 (Div. 1 + Div. 2, Rated, Prizes!)",chengke,692,1732383300,1999,2043
2039,"CodeTON Round 9 (Div. 1 + Div. 2, Rated, Prizes!)",yyrwlj,693,1732383300,1906,1975
2039,"CodeTON Round 9 (Div. 1 + Div. 2, Rated, Prizes!)",AIF_is_carving,693,1732383300,1905,1975
2039,"CodeTON Round 9 (Div. 1 + Div. 2, Rated, Prizes!)",RegenFallen,695,1732383300,2102,2119
2039,"CodeTON Round 9 (Div. 1 + Div. 2, Rated, Prizes!)",hard05,696,1732383300,2018,2056
2039,"CodeTON Round 9 (Div. 1 + Div. 2, Rated, Prizes!)",Hectonit,697,1732383300,2190,2184
2039,"CodeTON Round 9 (Div. 1 + Div. 2, Rated, Prizes!)",Art.ogo,698,1732383300,2131,2140
2039,"CodeTON Round 9 (Div. 1 + Div. 2, Rated, Prizes!)",khoianh,698,1732383300,1872,1950
2039,"CodeTON Round 9 (Div. 1 + Div. 2, Rated, Prizes!)",cSERAFIMc,700,1732383300,2192,2184
2039,"CodeTON Round 9 (Div. 1 + Div. 2, Rated, Prizes!)",drdilyor,701,1732383300,2208,2197
2039,"CodeTON Round 9 (Div. 1 + Div. 2, Rated, Prizes!)",Hakunaaa,701,1732383300,1804,1901
2039,"CodeTON Round 9 (Div. 1 + Div. 2, Rated, Prizes!)",zxh923,703,1732383300,1853,1936
2039,"CodeTON Round 9 (Div. 1 + Div. 2, Rated, Prizes!)",hung8A,704,1732383300,1894,1965
2039,"CodeTON Round 9 (Div. 1 + Div. 2, Rated, Prizes!)",whyalwaysmezzz,705,1732383300,2140,2145
2039,"CodeTON Round 9 (Div. 1 + Div. 2, Rated, Prizes!)",qmr_wa,706,1732383300,2107,2121
2039,"CodeTON Round 9 (Div. 1 + Div. 2, Rated, Prizes!)",beiyuli,707,1732383300,2297,2263
2039,"CodeTON Round 9 (Div. 1 + Div. 2, Rated, Prizes!)",himemushi-momoyo,708,1732383300,1034,1443
2039,"CodeTON Round 9 (Div. 1 + Div. 2, Rated, Prizes!)",lenhanbounofficial,709,1732383300,2114,2126
2039,"CodeTON Round 9 (Div. 1 + Div. 2, Rated, Prizes!)",Silver_Fox,710,1732383300,2288,2256
2039,"CodeTON Round 9 (Div. 1 + Div. 2, Rated, Prizes!)",azhan0222,710,1732383300,1846,1930
2039,"CodeTON Round 9 (Div. 1 + Div. 2, Rated, Prizes!)",Garyyy,712,1732383300,2113,2125
2039,"CodeTON Round 9 (Div. 1 + Div. 2, Rated, Prizes!)",juruoA,713,1732383300,2205,2192
2039,"CodeTON Round 9 (Div. 1 + Div. 2, Rated, Prizes!)",The_Caspian_Sea,714,1732383300,1957,2010
2039,"CodeTON Round 9 (Div. 1 + Div. 2, Rated, Prizes!)",izoomrood,715,1732383300,1717,1837
2039,"CodeTON Round 9 (Div. 1 + Div. 2, Rated, Prizes!)",everflame,716,1732383300,2055,2081
2039,"CodeTON Round 9 (Div. 1 + Div. 2, Rated, Prizes!)",SunsetGlow95,717,1732383300,2244,2222
2039,"CodeTON Round 9 (Div. 1 + Div. 2, Rated, Prizes!)",MCPlayer542,718,1732383300,2241,2220
2039,"CodeTON Round 9 (Div. 1 + Div. 2, Rated, Prizes!)",Taibo,719,1732383300,1960,2011
2039,"CodeTON Round 9 (Div. 1 + Div. 2, Rated, Prizes!)",choyj416,720,1732383300,1915,1979
2039,"CodeTON Round 9 (Div. 1 + Div. 2, Rated, Prizes!)",XaRDKoDblCH,721,1732383300,2104,2116
2039,"CodeTON Round 9 (Div. 1 + Div. 2, Rated, Prizes!)",GettyToasted,722,1732383300,1955,2007
2039,"CodeTON Round 9 (Div. 1 + Div. 2, Rated, Prizes!)",Nevll,723,1732383300,2299,2263
2039,"CodeTON Round 9 (Div. 1 + Div. 2, Rated, Prizes!)",caidx,724,1732383300,1924,1984
2039,"CodeTON Round 9 (Div. 1 + Div. 2, Rated, Prizes!)",Halyavka,725,1732383300,2242,2219
2039,"CodeTON Round 9 (Div. 1 + Div. 2, Rated, Prizes!)",mika_uwu,726,1732383300,2017,2052
2039,"CodeTON Round 9 (Div. 1 + Div. 2, Rated, Prizes!)",blackslex,727,1732383300,1909,1973
2039,"CodeTON Round 9 (Div. 1 + Div. 2, Rated, Prizes!)",wxgmjfhy,728,1732383300,1869,1944
2039,"CodeTON Round 9 (Div. 1 + Div. 2, Rated, Prizes!)",great_fortune,729,1732383300,2146,2147
2039,"CodeTON Round 9 (Div. 1 + Div. 2, Rated, Prizes!)",credira,729,1732383300,1834,1918
2039,"CodeTON Round 9 (Div. 1 + Div. 2, Rated, Prizes!)",fanythree,731,1732383300,2123,2129
2039,"CodeTON Round 9 (Div. 1 + Div. 2, Rated, Prizes!)",RigBuhBuh,732,1732383300,2162,2158
2039,"CodeTON Round 9 (Div. 1 + Div. 2, Rated, Prizes!)",Impulse4,733,1732383300,1653,1845
2039,"CodeTON Round 9 (Div. 1 + Div. 2, Rated, Prizes!)",janY_,734,1732383300,2341,2293
2039,"CodeTON Round 9 (Div. 1 + Div. 2, Rated, Prizes!)",ILoveGulim,735,1732383300,2149,2148
2039,"CodeTON Round 9 (Div. 1 + Div. 2, Rated, Prizes!)",beaaaan,735,1732383300,1873,1946
2039,"CodeTON Round 9 (Div. 1 + Div. 2, Rated, Prizes!)",MohammadParsaElahimanesh,737,1732383300,2306,2266
2039,"CodeTON Round 9 (Div. 1 + Div. 2, Rated, Prizes!)",Little_CarT,738,1732383300,2160,2156
2039,"CodeTON Round 9 (Div. 1 + Div. 2, Rated, Prizes!)",woohyun_jng,738,1732383300,2076,2094
2039,"CodeTON Round 9 (Div. 1 + Div. 2, Rated, Prizes!)",Ricky2021,740,1732383300,2176,2168
2039,"CodeTON Round 9 (Div. 1 + Div. 2, Rated, Prizes!)",brenner1,741,1732383300,2217,2199
2039,"CodeTON Round 9 (Div. 1 + Div. 2, Rated, Prizes!)",katzi,741,1732383300,2126,2130
2039,"CodeTON Round 9 (Div. 1 + Div. 2, Rated, Prizes!)",nygglatho_qwq,743,1732383300,1609,1755
2039,"CodeTON Round 9 (Div. 1 + Div. 2, Rated, Prizes!)",NK_,744,1732383300,2232,2209
2039,"CodeTON Round 9 (Div. 1 + Div. 2, Rated, Prizes!)",Badint,745,1732383300,2103,2113
2039,"CodeTON Round 9 (Div. 1 + Div. 2, Rated, Prizes!)",ShirayukiNoa,746,1732383300,1917,1976
2039,"CodeTON Round 9 (Div. 1 + Div. 2, Rated, Prizes!)",francesco,747,1732383300,2149,2146
2039,"CodeTON Round 9 (Div. 1 + Div. 2, Rated, Prizes!)",Hori,748,1732383300,1881,1950
2039,"CodeTON Round 9 (Div. 1 + Div. 2, Rated, Prizes!)",Waseem-Mustak,749,1732383300,1746,1852
2039,"CodeTON Round 9 (Div. 1 + Div. 2, Rated, Prizes!)",jamesbamber,749,1732383300,2130,2132
2039,"CodeTON Round 9 (Div. 1 + Div. 2, Rated, Prizes!)",zhi_fan,751,1732383300,1982,2023
2039,"CodeTON Round 9 (Div. 1 + Div. 2, Rated, Prizes!)",i_love_qingyu,752,1732383300,1567,1724
2039,"CodeTON Round 9 (Div. 1 + Div. 2, Rated, Prizes!)",clean100s,753,1732383300,1698,1817
2039,"CodeTON Round 9 (Div. 1 + Div. 2, Rated, Prizes!)",rexer,754,1732383300,2156,2151
2039,"CodeTON Round 9 (Div. 1 + Div. 2, Rated, Prizes!)",ilyaZg,755,1732383300,1752,1856
2039,"CodeTON Round 9 (Div. 1 + Div. 2, Rated, Prizes!)",zhoufangyuanPT,756,1732383300,2371,2313
2039,"CodeTON Round 9 (Div. 1 + Div. 2, Rated, Prizes!)",DGME,757,1732383300,2009,2042
2039,"CodeTON Round 9 (Div. 1 + Div. 2, Rated, Prizes!)",w0nsh,758,1732383300,2392,2330
2039,"CodeTON Round 9 (Div. 1 + Div. 2, Rated, Prizes!)",zawatin,759,1732383300,1916,1973
2039,"CodeTON Round 9 (Div. 1 + Div. 2, Rated, Prizes!)",DmitryLzr,760,1732383300,2238,2212
2039,"CodeTON Round 9 (Div. 1 + Div. 2, Rated, Prizes!)",yokoyama-midori,761,1732383300,2097,2106
2039,"CodeTON Round 9 (Div. 1 + Div. 2, Rated, Prizes!)",RedMind,762,1732383300,2175,2164
2039,"CodeTON Round 9 (Div. 1 + Div. 2, Rated, Prizes!)",anango,763,1732383300,2322,2276
2039,"CodeTON Round 9 (Div. 1 + Div. 2, Rated, Prizes!)",anthonyaaab123,764,1732383300,2177,2166
2039,"CodeTON Round 9 (Div. 1 + Div. 2, Rated, Prizes!)",Magnet1c,765,1732383300,1812,1898
2039,"CodeTON Round 9 (Div. 1 + Div. 2, Rated, Prizes!)",AliiSh,766,1732383300,2175,2163
2039,"CodeTON Round 9 (Div. 1 + Div. 2, Rated, Prizes!)",paqi,767,1732383300,1781,1875
2039,"CodeTON Round 9 (Div. 1 + Div. 2, Rated, Prizes!)",leeminhduc2,768,1732383300,2118,2121
2039,"CodeTON Round 9 (Div. 1 + Div. 2, Rated, Prizes!)",binap,769,1732383300,2225,2202
2039,"CodeTON Round 9 (Div. 1 + Div. 2, Rated, Prizes!)",Yufe1210,770,1732383300,2127,2128
2039,"CodeTON Round 9 (Div. 1 + Div. 2, Rated, Prizes!)",Heartbeateffect,771,1732383300,1966,2008
2039,"CodeTON Round 9 (Div. 1 + Div. 2, Rated, Prizes!)",Max_Mayfield,771,1732383300,1974,2015
2039,"CodeTON Round 9 (Div. 1 + Div. 2, Rated, Prizes!)",HuaXinCai,773,1732383300,1959,2003
2039,"CodeTON Round 9 (Div. 1 + Div. 2, Rated, Prizes!)",fastmath,774,1732383300,2577,2470
2039,"CodeTON Round 9 (Div. 1 + Div. 2, Rated, Prizes!)",cmbddl,774,1732383300,2159,2151
2039,"CodeTON Round 9 (Div. 1 + Div. 2, Rated, Prizes!)",AST_TheCoder,776,1732383300,1959,2003
2039,"CodeTON Round 9 (Div. 1 + Div. 2, Rated, Prizes!)",Umanity,777,1732383300,2161,2152
2039,"CodeTON Round 9 (Div. 1 + Div. 2, Rated, Prizes!)",kerembozkaya,778,1732383300,1674,1796
2039,"CodeTON Round 9 (Div. 1 + Div. 2, Rated, Prizes!)",djrfrn,778,1732383300,1863,1933
2039,"CodeTON Round 9 (Div. 1 + Div. 2, Rated, Prizes!)",ne4eHbKa,780,1732383300,2099,2105
2039,"CodeTON Round 9 (Div. 1 + Div. 2, Rated, Prizes!)",old_man_die_hard,781,1732383300,1847,1921
2039,"CodeTON Round 9 (Div. 1 + Div. 2, Rated, Prizes!)",Joanna.S,782,1732383300,2089,2098
2039,"CodeTON Round 9 (Div. 1 + Div. 2, Rated, Prizes!)",turgon314,783,1732383300,2097,2104
2039,"CodeTON Round 9 (Div. 1 + Div. 2, Rated, Prizes!)",Lin1991122,784,1732383300,2077,2088
2039,"CodeTON Round 9 (Div. 1 + Div. 2, Rated, Prizes!)",crazy_sea,785,1732383300,3073,2846
2039,"CodeTON Round 9 (Div. 1 + Div. 2, Rated, Prizes!)",ntherner,786,1732383300,2431,2356
2039,"CodeTON Round 9 (Div. 1 + Div. 2, Rated, Prizes!)",TAhmed33,787,1732383300,2130,2127
2039,"CodeTON Round 9 (Div. 1 + Div. 2, Rated, Prizes!)",Luvidi,788,1732383300,2118,2119
2039,"CodeTON Round 9 (Div. 1 + Div. 2, Rated, Prizes!)",36champ,789,1732383300,2473,2388
2039,"CodeTON Round 9 (Div. 1 + Div. 2, Rated, Prizes!)",alexwice,790,1732383300,2249,2216
2039,"CodeTON Round 9 (Div. 1 + Div. 2, Rated, Prizes!)",PMiguelez,790,1732383300,1900,1958
2039,"CodeTON Round 9 (Div. 1 + Div. 2, Rated, Prizes!)",Hosen_ba,792,1732383300,2129,2126
2039,"CodeTON Round 9 (Div. 1 + Div. 2, Rated, Prizes!)",Moretti_Zaria,793,1732383300,1610,1748
2039,"CodeTON Round 9 (Div. 1 + Div. 2, Rated, Prizes!)",zcz0263,793,1732383300,1634,1765
2039,"CodeTON Round 9 (Div. 1 + Div. 2, Rated, Prizes!)",Xiaohuba,795,1732383300,2254,2220
2039,"CodeTON Round 9 (Div. 1 + Div. 2, Rated, Prizes!)",rolandpetrean,796,1732383300,2270,2232
2039,"CodeTON Round 9 (Div. 1 + Div. 2, Rated, Prizes!)",Lokeo,797,1732383300,2123,2121
2039,"CodeTON Round 9 (Div. 1 + Div. 2, Rated, Prizes!)",fsj-o,798,1732383300,1870,1935
2039,"CodeTON Round 9 (Div. 1 + Div. 2, Rated, Prizes!)",miemiemie,799,1732383300,1678,1796
2039,"CodeTON Round 9 (Div. 1 + Div. 2, Rated, Prizes!)",akua,800,1732383300,2281,2240
2039,"CodeTON Round 9 (Div. 1 + Div. 2, Rated, Prizes!)",CodeGPT,801,1732383300,1636,1802
2039,"CodeTON Round 9 (Div. 1 + Div. 2, Rated, Prizes!)",Xellos,802,1732383300,2464,2380
2039,"CodeTON Round 9 (Div. 1 + Div. 2, Rated, Prizes!)",Orango,803,1732383300,1884,1945
2039,"CodeTON Round 9 (Div. 1 + Div. 2, Rated, Prizes!)",0n1ycre,804,1732383300,1993,2024
2039,"CodeTON Round 9 (Div. 1 + Div. 2, Rated, Prizes!)",STOPTHEWAR,805,1732383300,2147,2138
2039,"CodeTON Round 9 (Div. 1 + Div. 2, Rated, Prizes!)",Jawad.Akbar_JJ,806,1732383300,1907,1961
2039,"CodeTON Round 9 (Div. 1 + Div. 2, Rated, Prizes!)",moonlight_in_the_sky,807,1732383300,1961,2000
2039,"CodeTON Round 9 (Div. 1 + Div. 2, Rated, Prizes!)",ErrrrrrrayReis37,808,1732383300,2482,2393
2039,"CodeTON Round 9 (Div. 1 + Div. 2, Rated, Prizes!)",murder_drones,808,1732383300,2194,2174
2039,"CodeTON Round 9 (Div. 1 + Div. 2, Rated, Prizes!)",misteg168,810,1732383300,2142,2134
2039,"CodeTON Round 9 (Div. 1 + Div. 2, Rated, Prizes!)",mike_chu,811,1732383300,1972,2007
2039,"CodeTON Round 9 (Div. 1 + Div. 2, Rated, Prizes!)",yvbf,812,1732383300,1817,1895
2039,"CodeTON Round 9 (Div. 1 + Div. 2, Rated, Prizes!)",pikafluff,813,1732383300,1953,1994
2039,"CodeTON Round 9 (Div. 1 + Div. 2, Rated, Prizes!)",MATDORI,814,1732383300,2170,2155
2039,"CodeTON Round 9 (Div. 1 + Div. 2, Rated, Prizes!)",Enoch_TARDIS,815,1732383300,1612,1747
2039,"CodeTON Round 9 (Div. 1 + Div. 2, Rated, Prizes!)",Qzong,816,1732383300,2026,2047
2039,"CodeTON Round 9 (Div. 1 + Div. 2, Rated, Prizes!)",meowcneil,817,1732383300,2218,2191
2039,"CodeTON Round 9 (Div. 1 + Div. 2, Rated, Prizes!)",1.618034,818,1732383300,1799,1881
2039,"CodeTON Round 9 (Div. 1 + Div. 2, Rated, Prizes!)",dimash1,819,1732383300,2006,2031
2039,"CodeTON Round 9 (Div. 1 + Div. 2, Rated, Prizes!)",hqmm,820,1732383300,2110,2109
2039,"CodeTON Round 9 (Div. 1 + Div. 2, Rated, Prizes!)",chaeyihwan,821,1732383300,2489,2397
2039,"CodeTON Round 9 (Div. 1 + Div. 2, Rated, Prizes!)",kmsgk,822,1732383300,1767,1857
2039,"CodeTON Round 9 (Div. 1 + Div. 2, Rated, Prizes!)",swoswoswo,823,1732383300,2310,2260
2039,"CodeTON Round 9 (Div. 1 + Div. 2, Rated, Prizes!)",DE_aemmprty,824,1732383300,2015,2037
2039,"CodeTON Round 9 (Div. 1 + Div. 2, Rated, Prizes!)",DylanSmith,825,1732383300,2424,2347
2039,"CodeTON Round 9 (Div. 1 + Div. 2, Rated, Prizes!)",Raretet,826,1732383300,1717,1821
2039,"CodeTON Round 9 (Div. 1 + Div. 2, Rated, Prizes!)",JagguBandar,827,1732383300,2199,2175
2039,"CodeTON Round 9 (Div. 1 + Div. 2, Rated, Prizes!)",.I.,828,1732383300,2269,2227
2039,"CodeTON Round 9 (Div. 1 + Div. 2, Rated, Prizes!)",ub33,829,1732383300,2180,2160
2039,"CodeTON Round 9 (Div. 1 + Div. 2, Rated, Prizes!)",Gheazedrokzoe,830,1732383300,1997,2024
2039,"CodeTON Round 9 (Div. 1 + Div. 2, Rated, Prizes!)",FattyPenguin,831,1732383300,2220,2190
2039,"CodeTON Round 9 (Div. 1 + Div. 2, Rated, Prizes!)",xcyyyyyy,832,1732383300,1911,1961
2039,"CodeTON Round 9 (Div. 1 + Div. 2, Rated, Prizes!)",CUMTB_sillk,833,1732383300,1873,1932
2039,"CodeTON Round 9 (Div. 1 + Div. 2, Rated, Prizes!)",usnabi,834,1732383300,1762,1852
2039,"CodeTON Round 9 (Div. 1 + Div. 2, Rated, Prizes!)",yutabi,835,1732383300,2515,2416
2039,"CodeTON Round 9 (Div. 1 + Div. 2, Rated, Prizes!)",akshaykhandelwal,836,1732383300,2265,2224
2039,"CodeTON Round 9 (Div. 1 + Div. 2, Rated, Prizes!)",ender_shayan,837,1732383300,2163,2147
2039,"CodeTON Round 9 (Div. 1 + Div. 2, Rated, Prizes!)",CSQ31,838,1732383300,1810,1887
2039,"CodeTON Round 9 (Div. 1 + Div. 2, Rated, Prizes!)",ayush.ab44,839,1732383300,1652,1772
2039,"CodeTON Round 9 (Div. 1 + Div. 2, Rated, Prizes!)",KarinaOfGSHS41stLSB,840,1732383300,2410,2334
2039,"CodeTON Round 9 (Div. 1 + Div. 2, Rated, Prizes!)",_Seele_Vollerei_,841,1732383300,1722,1822
2039,"CodeTON Round 9 (Div. 1 + Div. 2, Rated, Prizes!)",oleh1421,842,1732383300,2903,2712
2039,"CodeTON Round 9 (Div. 1 + Div. 2, Rated, Prizes!)",tko919,843,1732383300,2261,2220
2039,"CodeTON Round 9 (Div. 1 + Div. 2, Rated, Prizes!)",mychecksdead,844,1732383300,2330,2273
2039,"CodeTON Round 9 (Div. 1 + Div. 2, Rated, Prizes!)",snowysecret,845,1732383300,2422,2343
2039,"CodeTON Round 9 (Div. 1 + Div. 2, Rated, Prizes!)",UKBwyx,846,1732383300,2260,2219
2039,"CodeTON Round 9 (Div. 1 + Div. 2, Rated, Prizes!)",plevande,847,1732383300,2067,2074
2039,"CodeTON Round 9 (Div. 1 + Div. 2, Rated, Prizes!)",bleh0.5,848,1732383300,1973,2004
2039,"CodeTON Round 9 (Div. 1 + Div. 2, Rated, Prizes!)",AkiLotus,849,1732383300,2067,2073
2039,"CodeTON Round 9 (Div. 1 + Div. 2, Rated, Prizes!)",amsraman,850,1732383300,2345,2283
2039,"CodeTON Round 9 (Div. 1 + Div. 2, Rated, Prizes!)",gsh,851,1732383300,2369,2301
2039,"CodeTON Round 9 (Div. 1 + Div. 2, Rated, Prizes!)",ReadDead,852,1732383300,1839,1905
2039,"CodeTON Round 9 (Div. 1 + Div. 2, Rated, Prizes!)",tbank,853,1732383300,2097,2095
2039,"CodeTON Round 9 (Div. 1 + Div. 2, Rated, Prizes!)",nickbelov,853,1732383300,2141,2127
2039,"CodeTON Round 9 (Div. 1 + Div. 2, Rated, Prizes!)",Setsuna,855,1732383300,2187,2162
2039,"CodeTON Round 9 (Div. 1 + Div. 2, Rated, Prizes!)",d3press3d,856,1732383300,1965,1997
2039,"CodeTON Round 9 (Div. 1 + Div. 2, Rated, Prizes!)",kevin,857,1732383300,2350,2286
2039,"CodeTON Round 9 (Div. 1 + Div. 2, Rated, Prizes!)",Dalek_of_Rivia,858,1732383300,2335,2275
2039,"CodeTON Round 9 (Div. 1 + Div. 2, Rated, Prizes!)",rewolfnus233,859,1732383300,2210,2179
2039,"CodeTON Round 9 (Div. 1 + Div. 2, Rated, Prizes!)",Pagode_Paiva,860,1732383300,2137,2124
2039,"CodeTON Round 9 (Div. 1 + Div. 2, Rated, Prizes!)",GreenFatHen,861,1732383300,1725,1891
2039,"CodeTON Round 9 (Div. 1 + Div. 2, Rated, Prizes!)",Nolirue_Sola,862,1732383300,2135,2123
2039,"CodeTON Round 9 (Div. 1 + Div. 2, Rated, Prizes!)",Heartquake,863,1732383300,1717,1815
2039,"CodeTON Round 9 (Div. 1 + Div. 2, Rated, Prizes!)",ilia-ivanov,864,1732383300,2104,2099
2039,"CodeTON Round 9 (Div. 1 + Div. 2, Rated, Prizes!)",frznhc,865,1732383300,2086,2086
2039,"CodeTON Round 9 (Div. 1 + Div. 2, Rated, Prizes!)",Chifwin,866,1732383300,2006,2026
2039,"CodeTON Round 9 (Div. 1 + Div. 2, Rated, Prizes!)",Ali_BBN,867,1732383300,2084,2083
2039,"CodeTON Round 9 (Div. 1 + Div. 2, Rated, Prizes!)",tablemoon,868,1732383300,2133,2120
2039,"CodeTON Round 9 (Div. 1 + Div. 2, Rated, Prizes!)",_Gawd_,869,1732383300,2104,2098
2039,"CodeTON Round 9 (Div. 1 + Div. 2, Rated, Prizes!)",devans,870,1732383300,2179,2155
2039,"CodeTON Round 9 (Div. 1 + Div. 2, Rated, Prizes!)",oqmsac,871,1732383300,2126,2114
2039,"CodeTON Round 9 (Div. 1 + Div. 2, Rated, Prizes!)",cyike9982,872,1732383300,0,685
2039,"CodeTON Round 9 (Div. 1 + Div. 2, Rated, Prizes!)",zhenja,873,1732383300,2315,2258
2039,"CodeTON Round 9 (Div. 1 + Div. 2, Rated, Prizes!)",eepsilon,873,1732383300,2081,2080
2039,"CodeTON Round 9 (Div. 1 + Div. 2, Rated, Prizes!)",peiwenjun,875,1732383300,2381,2308
2039,"CodeTON Round 9 (Div. 1 + Div. 2, Rated, Prizes!)",Aishiteru,876,1732383300,1691,1795
2039,"CodeTON Round 9 (Div. 1 + Div. 2, Rated, Prizes!)",SPD_9X2,876,1732383300,2189,2162
2039,"CodeTON Round 9 (Div. 1 + Div. 2, Rated, Prizes!)",xie_lzh,878,1732383300,2149,2131
2039,"CodeTON Round 9 (Div. 1 + Div. 2, Rated, Prizes!)",kittykang,878,1732383300,975,1375
2039,"CodeTON Round 9 (Div. 1 + Div. 2, Rated, Prizes!)",ItamarNir,880,1732383300,2223,2187
2039,"CodeTON Round 9 (Div. 1 + Div. 2, Rated, Prizes!)",Arpi2007,880,1732383300,1533,1681
2039,"CodeTON Round 9 (Div. 1 + Div. 2, Rated, Prizes!)",PengAo,882,1732383300,2186,2159
2039,"CodeTON Round 9 (Div. 1 + Div. 2, Rated, Prizes!)",M_bolshakov,883,1732383300,2042,2050
2039,"CodeTON Round 9 (Div. 1 + Div. 2, Rated, Prizes!)",Nika_Tamliani,884,1732383300,2331,2269
2039,"CodeTON Round 9 (Div. 1 + Div. 2, Rated, Prizes!)",Ihaveabigdick,884,1732383300,1916,1957
2039,"CodeTON Round 9 (Div. 1 + Div. 2, Rated, Prizes!)",cwxzh,886,1732383300,2140,2124
2039,"CodeTON Round 9 (Div. 1 + Div. 2, Rated, Prizes!)",lybzscyzb,887,1732383300,2007,2024
2039,"CodeTON Round 9 (Div. 1 + Div. 2, Rated, Prizes!)",tonegawa,887,1732383300,2208,2175
2039,"CodeTON Round 9 (Div. 1 + Div. 2, Rated, Prizes!)",lrvideckis,889,1732383300,2191,2162
2039,"CodeTON Round 9 (Div. 1 + Div. 2, Rated, Prizes!)",Cu_OH_2,890,1732383300,2149,2131
2039,"CodeTON Round 9 (Div. 1 + Div. 2, Rated, Prizes!)",Lu_xZ,891,1732383300,1840,1902
2039,"CodeTON Round 9 (Div. 1 + Div. 2, Rated, Prizes!)",aprohACk,892,1732383300,1960,1989
2039,"CodeTON Round 9 (Div. 1 + Div. 2, Rated, Prizes!)",Camellia_lsy,893,1732383300,1872,1925
2039,"CodeTON Round 9 (Div. 1 + Div. 2, Rated, Prizes!)",User0069,894,1732383300,1947,1979
2039,"CodeTON Round 9 (Div. 1 + Div. 2, Rated, Prizes!)",i_am_mamba,895,1732383300,1379,1666
2039,"CodeTON Round 9 (Div. 1 + Div. 2, Rated, Prizes!)",Night,896,1732383300,2032,2042
2039,"CodeTON Round 9 (Div. 1 + Div. 2, Rated, Prizes!)",sjm150,897,1732383300,2027,2038
2039,"CodeTON Round 9 (Div. 1 + Div. 2, Rated, Prizes!)",bthero,898,1732383300,2359,2289
2039,"CodeTON Round 9 (Div. 1 + Div. 2, Rated, Prizes!)",oursaco,899,1732383300,2213,2177
2039,"CodeTON Round 9 (Div. 1 + Div. 2, Rated, Prizes!)",raztun,900,1732383300,2249,2205
2039,"CodeTON Round 9 (Div. 1 + Div. 2, Rated, Prizes!)",GuillemBC,900,1732383300,1905,1948
2039,"CodeTON Round 9 (Div. 1 + Div. 2, Rated, Prizes!)",Carpenters_Cat,902,1732383300,2205,2171
2039,"CodeTON Round 9 (Div. 1 + Div. 2, Rated, Prizes!)",daoqi,903,1732383300,1763,1844
2039,"CodeTON Round 9 (Div. 1 + Div. 2, Rated, Prizes!)",anton6,904,1732383300,2165,2141
2039,"CodeTON Round 9 (Div. 1 + Div. 2, Rated, Prizes!)",wcwnby,904,1732383300,2175,2149
2039,"CodeTON Round 9 (Div. 1 + Div. 2, Rated, Prizes!)",_Joanna_,906,1732383300,2259,2212
2039,"CodeTON Round 9 (Div. 1 + Div. 2, Rated, Prizes!)",Cyber,906,1732383300,1671,1777
2039,"CodeTON Round 9 (Div. 1 + Div. 2, Rated, Prizes!)",pring,908,1732383300,2328,2265
2039,"CodeTON Round 9 (Div. 1 + Div. 2, Rated, Prizes!)",Eason9002,909,1732383300,1849,1906
2039,"CodeTON Round 9 (Div. 1 + Div. 2, Rated, Prizes!)",Madeeyuth,910,1732383300,1577,1709
2039,"CodeTON Round 9 (Div. 1 + Div. 2, Rated, Prizes!)",jankos19,911,1732383300,2044,2049
2039,"CodeTON Round 9 (Div. 1 + Div. 2, Rated, Prizes!)",1-1-1,912,1732383300,1723,1814
2039,"CodeTON Round 9 (Div. 1 + Div. 2, Rated, Prizes!)",fahimcp495,912,1732383300,2188,2158
2039,"CodeTON Round 9 (Div. 1 + Div. 2, Rated, Prizes!)",yud08,914,1732383300,1933,1967
2039,"CodeTON Round 9 (Div. 1 + Div. 2, Rated, Prizes!)",Displace_,915,1732383300,1957,2021
2039,"CodeTON Round 9 (Div. 1 + Div. 2, Rated, Prizes!)",hoangnguyen09022004,916,1732383300,1772,1849
2039,"CodeTON Round 9 (Div. 1 + Div. 2, Rated, Prizes!)",Kniaz,917,1732383300,2268,2218
2039,"CodeTON Round 9 (Div. 1 + Div. 2, Rated, Prizes!)",mban259,917,1732383300,2126,2110
2039,"CodeTON Round 9 (Div. 1 + Div. 2, Rated, Prizes!)",gxd,919,1732383300,2008,2021
2039,"CodeTON Round 9 (Div. 1 + Div. 2, Rated, Prizes!)",I_am_Domik,920,1732383300,2040,2045
2039,"CodeTON Round 9 (Div. 1 + Div. 2, Rated, Prizes!)",cockatooo_2025GM,921,1732383300,2137,2118
2039,"CodeTON Round 9 (Div. 1 + Div. 2, Rated, Prizes!)",Include_Z_F_R_,922,1732383300,2040,2044
2039,"CodeTON Round 9 (Div. 1 + Div. 2, Rated, Prizes!)",Terac,922,1732383300,2177,2148
2039,"CodeTON Round 9 (Div. 1 + Div. 2, Rated, Prizes!)",vlp,924,1732383300,2188,2156
2039,"CodeTON Round 9 (Div. 1 + Div. 2, Rated, Prizes!)",HCPS42,925,1732383300,2084,2078
2039,"CodeTON Round 9 (Div. 1 + Div. 2, Rated, Prizes!)",chuanyu.fan,926,1732383300,1995,2011
2039,"CodeTON Round 9 (Div. 1 + Div. 2, Rated, Prizes!)",lct,927,1732383300,2307,2246
2039,"CodeTON Round 9 (Div. 1 + Div. 2, Rated, Prizes!)",AngkyAkdi,928,1732383300,1821,1883
2039,"CodeTON Round 9 (Div. 1 + Div. 2, Rated, Prizes!)",Uagu,929,1732383300,2031,2037
2039,"CodeTON Round 9 (Div. 1 + Div. 2, Rated, Prizes!)",DizzyGroovy,930,1732383300,1992,2008
2039,"CodeTON Round 9 (Div. 1 + Div. 2, Rated, Prizes!)",PhoenixRebirth,931,1732383300,2595,2468
2039,"CodeTON Round 9 (Div. 1 + Div. 2, Rated, Prizes!)",farkon00,932,1732383300,2028,2034
2039,"CodeTON Round 9 (Div. 1 + Div. 2, Rated, Prizes!)",Zbyszek99,932,1732383300,2131,2112
2039,"CodeTON Round 9 (Div. 1 + Div. 2, Rated, Prizes!)",darkus-_-,934,1732383300,1787,1857
2039,"CodeTON Round 9 (Div. 1 + Div. 2, Rated, Prizes!)",-this-is-ohp-,935,1732383300,1638,1749
2039,"CodeTON Round 9 (Div. 1 + Div. 2, Rated, Prizes!)",hxu10,936,1732383300,2145,2122
2039,"CodeTON Round 9 (Div. 1 + Div. 2, Rated, Prizes!)",cicwri,937,1732383300,1834,1892
2039,"CodeTON Round 9 (Div. 1 + Div. 2, Rated, Prizes!)",louhao088,938,1732383300,2230,2187
2039,"CodeTON Round 9 (Div. 1 + Div. 2, Rated, Prizes!)",Mou-HuangZhong,939,1732383300,2183,2151
2039,"CodeTON Round 9 (Div. 1 + Div. 2, Rated, Prizes!)",DaNeK0201,940,1732383300,2103,2090
2039,"CodeTON Round 9 (Div. 1 + Div. 2, Rated, Prizes!)",FXLY_awa,940,1732383300,1970,1991
2039,"CodeTON Round 9 (Div. 1 + Div. 2, Rated, Prizes!)",taddan,942,1732383300,1956,1980
2039,"CodeTON Round 9 (Div. 1 + Div. 2, Rated, Prizes!)",AA_Surely,942,1732383300,2163,2135
2039,"CodeTON Round 9 (Div. 1 + Div. 2, Rated, Prizes!)",Gassa,942,1732383300,2154,2129
2039,"CodeTON Round 9 (Div. 1 + Div. 2, Rated, Prizes!)",rajat376,945,1732383300,2151,2126
2039,"CodeTON Round 9 (Div. 1 + Div. 2, Rated, Prizes!)",hahawang,946,1732383300,1788,1857
2039,"CodeTON Round 9 (Div. 1 + Div. 2, Rated, Prizes!)",hello_world_001,947,1732383300,2106,2091
2039,"CodeTON Round 9 (Div. 1 + Div. 2, Rated, Prizes!)",jimmywang0417,948,1732383300,892,1308
2039,"CodeTON Round 9 (Div. 1 + Div. 2, Rated, Prizes!)",abeker,949,1732383300,2279,2223
2039,"CodeTON Round 9 (Div. 1 + Div. 2, Rated, Prizes!)",Jiangnan111,950,1732383300,1962,1984
2039,"CodeTON Round 9 (Div. 1 + Div. 2, Rated, Prizes!)",ghuy4g,951,1732383300,1686,1783
2039,"CodeTON Round 9 (Div. 1 + Div. 2, Rated, Prizes!)",prz1213,952,1732383300,1645,1752
2039,"CodeTON Round 9 (Div. 1 + Div. 2, Rated, Prizes!)",ArgintLaAnu,953,1732383300,1973,1992
2039,"CodeTON Round 9 (Div. 1 + Div. 2, Rated, Prizes!)",shadowmakers,954,1732383300,1888,1929
2039,"CodeTON Round 9 (Div. 1 + Div. 2, Rated, Prizes!)",aIish,955,1732383300,2116,2099
2039,"CodeTON Round 9 (Div. 1 + Div. 2, Rated, Prizes!)",ku-haku,956,1732383300,2161,2132
2039,"CodeTON Round 9 (Div. 1 + Div. 2, Rated, Prizes!)",azure-,957,1732383300,1726,1811
2039,"CodeTON Round 9 (Div. 1 + Div. 2, Rated, Prizes!)",thabumi,958,1732383300,2186,2151
2039,"CodeTON Round 9 (Div. 1 + Div. 2, Rated, Prizes!)",masa.dobric,958,1732383300,1950,1974
2039,"CodeTON Round 9 (Div. 1 + Div. 2, Rated, Prizes!)",Luzhuoyuan,960,1732383300,1967,1987
2039,"CodeTON Round 9 (Div. 1 + Div. 2, Rated, Prizes!)",qwe1rt1yuiop1,961,1732383300,2025,2029
2039,"CodeTON Round 9 (Div. 1 + Div. 2, Rated, Prizes!)",jununu0811,961,1732383300,1874,1918
2039,"CodeTON Round 9 (Div. 1 + Div. 2, Rated, Prizes!)",liaoyanxu,963,1732383300,2100,2085
2039,"CodeTON Round 9 (Div. 1 + Div. 2, Rated, Prizes!)",SSKMF,964,1732383300,2029,2032
2039,"CodeTON Round 9 (Div. 1 + Div. 2, Rated, Prizes!)",wxhtzdy,965,1732383300,2222,2178
2039,"CodeTON Round 9 (Div. 1 + Div. 2, Rated, Prizes!)",T404,966,1732383300,1922,1952
2039,"CodeTON Round 9 (Div. 1 + Div. 2, Rated, Prizes!)",scorpion,967,1732383300,1963,1983
2039,"CodeTON Round 9 (Div. 1 + Div. 2, Rated, Prizes!)",leo020630,968,1732383300,2265,2210
2039,"CodeTON Round 9 (Div. 1 + Div. 2, Rated, Prizes!)",BabaVoss,969,1732383300,2066,2059
2039,"CodeTON Round 9 (Div. 1 + Div. 2, Rated, Prizes!)",sadonion,970,1732383300,1956,2040
2039,"CodeTON Round 9 (Div. 1 + Div. 2, Rated, Prizes!)",I_love_Takanashi_Hoshino,971,1732383300,1707,1855
2039,"CodeTON Round 9 (Div. 1 + Div. 2, Rated, Prizes!)",onbert,972,1732383300,2110,2093
2039,"CodeTON Round 9 (Div. 1 + Div. 2, Rated, Prizes!)",Apteryxx,973,1732383300,2030,2032
2039,"CodeTON Round 9 (Div. 1 + Div. 2, Rated, Prizes!)",LoopHero,974,1732383300,1945,1969
2039,"CodeTON Round 9 (Div. 1 + Div. 2, Rated, Prizes!)",Dispersion_cf,975,1732383300,1919,1950
2039,"CodeTON Round 9 (Div. 1 + Div. 2, Rated, Prizes!)",ALAov,976,1732383300,2053,2049
2039,"CodeTON Round 9 (Div. 1 + Div. 2, Rated, Prizes!)",cowthecow,977,1732383300,1840,1892
2039,"CodeTON Round 9 (Div. 1 + Div. 2, Rated, Prizes!)",mathworker21,977,1732383300,1639,1745
2039,"CodeTON Round 9 (Div. 1 + Div. 2, Rated, Prizes!)",Mahabhu,979,1732383300,1831,1885
2039,"CodeTON Round 9 (Div. 1 + Div. 2, Rated, Prizes!)",Ylx19,980,1732383300,0,671
2039,"CodeTON Round 9 (Div. 1 + Div. 2, Rated, Prizes!)",trp_hy,980,1732383300,2108,2090
2039,"CodeTON Round 9 (Div. 1 + Div. 2, Rated, Prizes!)",narku,982,1732383300,1832,1885
2039,"CodeTON Round 9 (Div. 1 + Div. 2, Rated, Prizes!)",Franuch,983,1732383300,2208,2165
2039,"CodeTON Round 9 (Div. 1 + Div. 2, Rated, Prizes!)",Teto,984,1732383300,1905,1938
2039,"CodeTON Round 9 (Div. 1 + Div. 2, Rated, Prizes!)",lrjr24,985,1732383300,1793,1856
2039,"CodeTON Round 9 (Div. 1 + Div. 2, Rated, Prizes!)",Thomasguo666,985,1732383300,1691,1782
2039,"CodeTON Round 9 (Div. 1 + Div. 2, Rated, Prizes!)",not_natural_fruits,987,1732383300,1645,1817
2039,"CodeTON Round 9 (Div. 1 + Div. 2, Rated, Prizes!)",Srginit286,988,1732383300,1784,1849
2039,"CodeTON Round 9 (Div. 1 + Div. 2, Rated, Prizes!)",DL1009,989,1732383300,1845,1894
2039,"CodeTON Round 9 (Div. 1 + Div. 2, Rated, Prizes!)",Djangle162857,989,1732383300,1990,2000
2039,"CodeTON Round 9 (Div. 1 + Div. 2, Rated, Prizes!)",kavorka,989,1732383300,1997,2006
2039,"CodeTON Round 9 (Div. 1 + Div. 2, Rated, Prizes!)",satturn80,992,1732383300,2012,2016
2039,"CodeTON Round 9 (Div. 1 + Div. 2, Rated, Prizes!)",honoka-,992,1732383300,1971,1986
2039,"CodeTON Round 9 (Div. 1 + Div. 2, Rated, Prizes!)",tom12321,994,1732383300,1799,1860
2039,"CodeTON Round 9 (Div. 1 + Div. 2, Rated, Prizes!)",FLYDEB,994,1732383300,1642,1745
2039,"CodeTON Round 9 (Div. 1 + Div. 2, Rated, Prizes!)",min_worked,994,1732383300,1665,1762
2039,"CodeTON Round 9 (Div. 1 + Div. 2, Rated, Prizes!)",pty6666,997,1732383300,2120,2098
2039,"CodeTON Round 9 (Div. 1 + Div. 2, Rated, Prizes!)",kidw0124,997,1732383300,1954,1973
2039,"CodeTON Round 9 (Div. 1 + Div. 2, Rated, Prizes!)",nguyenquocthao00,999,1732383300,1964,1980
2039,"CodeTON Round 9 (Div. 1 + Div. 2, Rated, Prizes!)",ssk4988,1000,1732383300,2234,2183
2039,"CodeTON Round 9 (Div. 1 + Div. 2, Rated, Prizes!)",uyi,1001,1732383300,1617,1726
2039,"CodeTON Round 9 (Div. 1 + Div. 2, Rated, Prizes!)",applepi216,1001,1732383300,2103,2084
2039,"CodeTON Round 9 (Div. 1 + Div. 2, Rated, Prizes!)",Bungmint,1003,1732383300,2335,2260
2039,"CodeTON Round 9 (Div. 1 + Div. 2, Rated, Prizes!)",lmj,1004,1732383300,1765,1834
2039,"CodeTON Round 9 (Div. 1 + Div. 2, Rated, Prizes!)",aryanc403,1005,1732383300,2412,2320
2039,"CodeTON Round 9 (Div. 1 + Div. 2, Rated, Prizes!)",Coder-Osman,1006,1732383300,1939,1961
2039,"CodeTON Round 9 (Div. 1 + Div. 2, Rated, Prizes!)",Werner,1007,1732383300,1813,1868
2039,"CodeTON Round 9 (Div. 1 + Div. 2, Rated, Prizes!)",ShadowShark,1008,1732383300,2072,2059
2039,"CodeTON Round 9 (Div. 1 + Div. 2, Rated, Prizes!)",twisted_minds,1008,1732383300,1155,1489
2039,"CodeTON Round 9 (Div. 1 + Div. 2, Rated, Prizes!)",987,1010,1732383300,1997,2004
2039,"CodeTON Round 9 (Div. 1 + Div. 2, Rated, Prizes!)",dusty.and.rusty,1011,1732383300,1794,1854
2039,"CodeTON Round 9 (Div. 1 + Div. 2, Rated, Prizes!)",Filaret14,1011,1732383300,1948,1967
2039,"CodeTON Round 9 (Div. 1 + Div. 2, Rated, Prizes!)",wifi32767,1013,1732383300,1887,1922
2039,"CodeTON Round 9 (Div. 1 + Div. 2, Rated, Prizes!)",p__ce1052,1014,1732383300,1792,1852
2039,"CodeTON Round 9 (Div. 1 + Div. 2, Rated, Prizes!)",DR.Scarn,1015,1732383300,1735,1810
2039,"CodeTON Round 9 (Div. 1 + Div. 2, Rated, Prizes!)",Omiya_Shinobu,1015,1732383300,2189,2147
2039,"CodeTON Round 9 (Div. 1 + Div. 2, Rated, Prizes!)",lucassala,1017,1732383300,2019,2019
2039,"CodeTON Round 9 (Div. 1 + Div. 2, Rated, Prizes!)",johnsmith0x3f,1018,1732383300,1875,1913
2039,"CodeTON Round 9 (Div. 1 + Div. 2, Rated, Prizes!)",SirTechnical,1019,1732383300,2140,2110
2039,"CodeTON Round 9 (Div. 1 + Div. 2, Rated, Prizes!)",Lolboyyyy,1020,1732383300,1890,1924
2039,"CodeTON Round 9 (Div. 1 + Div. 2, Rated, Prizes!)",tht.onepunchac168,1020,1732383300,2030,2027
2039,"CodeTON Round 9 (Div. 1 + Div. 2, Rated, Prizes!)",djs100201,1022,1732383300,2248,2192
2039,"CodeTON Round 9 (Div. 1 + Div. 2, Rated, Prizes!)",liveworldlike,1022,1732383300,1884,1919
2039,"CodeTON Round 9 (Div. 1 + Div. 2, Rated, Prizes!)",binminh02,1022,1732383300,1728,1804
2039,"CodeTON Round 9 (Div. 1 + Div. 2, Rated, Prizes!)",RongYuzz,1025,1732383300,1917,1942
2039,"CodeTON Round 9 (Div. 1 + Div. 2, Rated, Prizes!)",N00BGH0ST,1025,1732383300,2255,2197
2039,"CodeTON Round 9 (Div. 1 + Div. 2, Rated, Prizes!)",lvovkir,1027,1732383300,2271,2210
2039,"CodeTON Round 9 (Div. 1 + Div. 2, Rated, Prizes!)",sdyzpf,1028,1732383300,2189,2146
2039,"CodeTON Round 9 (Div. 1 + Div. 2, Rated, Prizes!)",aleph01,1029,1732383300,708,1167
2039,"CodeTON Round 9 (Div. 1 + Div. 2, Rated, Prizes!)",feodor.yevtushenko,1030,1732383300,2166,2129
2039,"CodeTON Round 9 (Div. 1 + Div. 2, Rated, Prizes!)",Mifort,1031,1732383300,2151,2117
2039,"CodeTON Round 9 (Div. 1 + Div. 2, Rated, Prizes!)",monoidic,1032,1732383300,2128,2100
2039,"CodeTON Round 9 (Div. 1 + Div. 2, Rated, Prizes!)",rt3,1032,1732383300,2218,2168
2039,"CodeTON Round 9 (Div. 1 + Div. 2, Rated, Prizes!)",P31pr,1034,1732383300,868,1280
2039,"CodeTON Round 9 (Div. 1 + Div. 2, Rated, Prizes!)",qsj,1034,1732383300,2050,2040
2039,"CodeTON Round 9 (Div. 1 + Div. 2, Rated, Prizes!)",gty314159,1036,1732383300,1723,1800
2039,"CodeTON Round 9 (Div. 1 + Div. 2, Rated, Prizes!)",wery0,1036,1732383300,2382,2294
2039,"CodeTON Round 9 (Div. 1 + Div. 2, Rated, Prizes!)",the_only_noob,1038,1732383300,1764,1829
2039,"CodeTON Round 9 (Div. 1 + Div. 2, Rated, Prizes!)",George_Rubio,1039,1732383300,1786,1845
2039,"CodeTON Round 9 (Div. 1 + Div. 2, Rated, Prizes!)",gs17005,1040,1732383300,2054,2043
2039,"CodeTON Round 9 (Div. 1 + Div. 2, Rated, Prizes!)",szaranczuk,1041,1732383300,1907,1933
2039,"CodeTON Round 9 (Div. 1 + Div. 2, Rated, Prizes!)",Pasta,1042,1732383300,1621,1725
2039,"CodeTON Round 9 (Div. 1 + Div. 2, Rated, Prizes!)",Argelys,1043,1732383300,1734,1807
2039,"CodeTON Round 9 (Div. 1 + Div. 2, Rated, Prizes!)",LambdaIsAllUNeed,1043,1732383300,1272,1476
2039,"CodeTON Round 9 (Div. 1 + Div. 2, Rated, Prizes!)",KolunG,1045,1732383300,1860,1898
2039,"CodeTON Round 9 (Div. 1 + Div. 2, Rated, Prizes!)",AwesomeParrot,1046,1732383300,1837,1881
2039,"CodeTON Round 9 (Div. 1 + Div. 2, Rated, Prizes!)",sckrt,1047,1732383300,1988,1993
2039,"CodeTON Round 9 (Div. 1 + Div. 2, Rated, Prizes!)",bobr_efim,1048,1732383300,1703,1784
2039,"CodeTON Round 9 (Div. 1 + Div. 2, Rated, Prizes!)",Geforgs,1049,1732383300,2075,2059
2039,"CodeTON Round 9 (Div. 1 + Div. 2, Rated, Prizes!)",tienvn123,1050,1732383300,2018,2015
2039,"CodeTON Round 9 (Div. 1 + Div. 2, Rated, Prizes!)",v0s7er,1050,1732383300,2066,2051
2039,"CodeTON Round 9 (Div. 1 + Div. 2, Rated, Prizes!)",k1suxu,1052,1732383300,2215,2164
2039,"CodeTON Round 9 (Div. 1 + Div. 2, Rated, Prizes!)",dremlory,1053,1732383300,1734,1805
2039,"CodeTON Round 9 (Div. 1 + Div. 2, Rated, Prizes!)",sergeev.PRO,1053,1732383300,2114,2087
2039,"CodeTON Round 9 (Div. 1 + Div. 2, Rated, Prizes!)",MarcosK,1055,1732383300,2217,2166
2039,"CodeTON Round 9 (Div. 1 + Div. 2, Rated, Prizes!)",A_Nafees,1056,1732383300,1768,1830
2039,"CodeTON Round 9 (Div. 1 + Div. 2, Rated, Prizes!)",bcollet,1057,1732383300,2114,2087
2039,"CodeTON Round 9 (Div. 1 + Div. 2, Rated, Prizes!)",Frus,1058,1732383300,2049,2037
2039,"CodeTON Round 9 (Div. 1 + Div. 2, Rated, Prizes!)",JakubLap,1059,1732383300,2021,2016
2039,"CodeTON Round 9 (Div. 1 + Div. 2, Rated, Prizes!)",blankKyo,1060,1732383300,1740,1809
2039,"CodeTON Round 9 (Div. 1 + Div. 2, Rated, Prizes!)",Friendiks,1061,1732383300,1757,1822
2039,"CodeTON Round 9 (Div. 1 + Div. 2, Rated, Prizes!)",pengin_2000,1062,1732383300,1926,1946
2039,"CodeTON Round 9 (Div. 1 + Div. 2, Rated, Prizes!)",Muhammad_Aneeq,1063,1732383300,1743,1811
2039,"CodeTON Round 9 (Div. 1 + Div. 2, Rated, Prizes!)",Husanboy,1064,1732383300,1984,1988
2039,"CodeTON Round 9 (Div. 1 + Div. 2, Rated, Prizes!)",illbeatyou,1065,1732383300,1729,1837
2039,"CodeTON Round 9 (Div. 1 + Div. 2, Rated, Prizes!)",jinfeng123321,1066,1732383300,1135,1382
2039,"CodeTON Round 9 (Div. 1 + Div. 2, Rated, Prizes!)",profchi,1067,1732383300,2165,2124
2039,"CodeTON Round 9 (Div. 1 + Div. 2, Rated, Prizes!)",Sacharlemagne,1068,1732383300,1749,1814
2039,"CodeTON Round 9 (Div. 1 + Div. 2, Rated, Prizes!)",Dream_Sky,1068,1732383300,1439,1590
2039,"CodeTON Round 9 (Div. 1 + Div. 2, Rated, Prizes!)",Joacoini,1068,1732383300,1831,1874
2039,"CodeTON Round 9 (Div. 1 + Div. 2, Rated, Prizes!)",sunzz3183,1071,1732383300,2064,2048
2039,"CodeTON Round 9 (Div. 1 + Div. 2, Rated, Prizes!)",Redbluetulip,1071,1732383300,1136,1438
2039,"CodeTON Round 9 (Div. 1 + Div. 2, Rated, Prizes!)",-firefly-,1071,1732383300,2140,2105
2039,"CodeTON Round 9 (Div. 1 + Div. 2, Rated, Prizes!)",DeadRhino,1071,1732383300,0,661
2039,"CodeTON Round 9 (Div. 1 + Div. 2, Rated, Prizes!)",Shu.Rong,1075,1732383300,1773,1832
2039,"CodeTON Round 9 (Div. 1 + Div. 2, Rated, Prizes!)",Daniel081024,1076,1732383300,2433,2330
2039,"CodeTON Round 9 (Div. 1 + Div. 2, Rated, Prizes!)",Bob_Wang,1077,1732383300,1955,1966
2039,"CodeTON Round 9 (Div. 1 + Div. 2, Rated, Prizes!)",_ljh,1078,1732383300,1673,1759
2039,"CodeTON Round 9 (Div. 1 + Div. 2, Rated, Prizes!)",Chaska,1079,1732383300,1712,1787
2039,"CodeTON Round 9 (Div. 1 + Div. 2, Rated, Prizes!)",EasyRed29,1080,1732383300,2136,2101
2039,"CodeTON Round 9 (Div. 1 + Div. 2, Rated, Prizes!)",pitP,1081,1732383300,1795,1847
2039,"CodeTON Round 9 (Div. 1 + Div. 2, Rated, Prizes!)",Lol2004,1081,1732383300,2114,2085
2039,"CodeTON Round 9 (Div. 1 + Div. 2, Rated, Prizes!)",C0median,1083,1732383300,1797,1848
2039,"CodeTON Round 9 (Div. 1 + Div. 2, Rated, Prizes!)",weily,1083,1732383300,1756,1818
2039,"CodeTON Round 9 (Div. 1 + Div. 2, Rated, Prizes!)",samkim21,1083,1732383300,596,1079
2039,"CodeTON Round 9 (Div. 1 + Div. 2, Rated, Prizes!)",6consoi,1083,1732383300,1918,1937
2039,"CodeTON Round 9 (Div. 1 + Div. 2, Rated, Prizes!)",mt19937,1083,1732383300,1820,1865
2039,"CodeTON Round 9 (Div. 1 + Div. 2, Rated, Prizes!)",ali2005_syr,1088,1732383300,1768,1827
2039,"CodeTON Round 9 (Div. 1 + Div. 2, Rated, Prizes!)",raulandreipop,1089,1732383300,2049,2034
2039,"CodeTON Round 9 (Div. 1 + Div. 2, Rated, Prizes!)",77z77,1090,1732383300,1854,1890
2039,"CodeTON Round 9 (Div. 1 + Div. 2, Rated, Prizes!)",Rising-coder,1090,1732383300,2138,2102
2039,"CodeTON Round 9 (Div. 1 + Div. 2, Rated, Prizes!)",_Crimson_,1092,1732383300,2105,2077
2039,"CodeTON Round 9 (Div. 1 + Div. 2, Rated, Prizes!)",Tony1234,1093,1732383300,1878,1907
2039,"CodeTON Round 9 (Div. 1 + Div. 2, Rated, Prizes!)",ball_of_wool,1093,1732383300,2100,2073
2039,"CodeTON Round 9 (Div. 1 + Div. 2, Rated, Prizes!)",penguin2,1095,1732383300,2106,2077
2039,"CodeTON Round 9 (Div. 1 + Div. 2, Rated, Prizes!)",FinrodF,1095,1732383300,1809,1856
2039,"CodeTON Round 9 (Div. 1 + Div. 2, Rated, Prizes!)",xikvwl,1097,1732383300,1843,1880
2039,"CodeTON Round 9 (Div. 1 + Div. 2, Rated, Prizes!)",pagemrw,1097,1732383300,1402,1561
2039,"CodeTON Round 9 (Div. 1 + Div. 2, Rated, Prizes!)",MrAndria,1099,1732383300,1925,1941
2039,"CodeTON Round 9 (Div. 1 + Div. 2, Rated, Prizes!)",kzyKT,1099,1732383300,1904,1926
2039,"CodeTON Round 9 (Div. 1 + Div. 2, Rated, Prizes!)",Irthente,1101,1732383300,1842,1880
2039,"CodeTON Round 9 (Div. 1 + Div. 2, Rated, Prizes!)",.-__-.,1101,1732383300,1624,1720
2039,"CodeTON Round 9 (Div. 1 + Div. 2, Rated, Prizes!)",otoshigo,1101,1732383300,2318,2239
2039,"CodeTON Round 9 (Div. 1 + Div. 2, Rated, Prizes!)",cancaneed,1104,1732383300,1868,1899
2039,"CodeTON Round 9 (Div. 1 + Div. 2, Rated, Prizes!)",4927618350,1105,1732383300,1824,1866
2039,"CodeTON Round 9 (Div. 1 + Div. 2, Rated, Prizes!)",dyktr_06,1105,1732383300,2143,2104
2039,"CodeTON Round 9 (Div. 1 + Div. 2, Rated, Prizes!)",Anndy_bonus,1107,1732383300,1464,1604
2039,"CodeTON Round 9 (Div. 1 + Div. 2, Rated, Prizes!)",Mg_Det,1108,1732383300,1822,1864
2039,"CodeTON Round 9 (Div. 1 + Div. 2, Rated, Prizes!)",danbanica,1109,1732383300,1944,1954
2039,"CodeTON Round 9 (Div. 1 + Div. 2, Rated, Prizes!)",magurofly,1109,1732383300,1615,1713
2039,"CodeTON Round 9 (Div. 1 + Div. 2, Rated, Prizes!)",jlass_,1111,1732383300,2199,2147
2039,"CodeTON Round 9 (Div. 1 + Div. 2, Rated, Prizes!)",buko,1112,1732383300,2007,2001
2039,"CodeTON Round 9 (Div. 1 + Div. 2, Rated, Prizes!)",VasyaMer,1112,1732383300,2210,2155
2039,"CodeTON Round 9 (Div. 1 + Div. 2, Rated, Prizes!)",mcrash12,1112,1732383300,1740,1804
2039,"CodeTON Round 9 (Div. 1 + Div. 2, Rated, Prizes!)",yjx120921,1115,1732383300,2153,2111
2039,"CodeTON Round 9 (Div. 1 + Div. 2, Rated, Prizes!)",hcywoi,1115,1732383300,2079,2055
2039,"CodeTON Round 9 (Div. 1 + Div. 2, Rated, Prizes!)",SeaYellow,1117,1732383300,1853,1886
2039,"CodeTON Round 9 (Div. 1 + Div. 2, Rated, Prizes!)",LiMaoQing666,1118,1732383300,1675,1756
2039,"CodeTON Round 9 (Div. 1 + Div. 2, Rated, Prizes!)",luckyblock233,1119,1732383300,2002,1996
2039,"CodeTON Round 9 (Div. 1 + Div. 2, Rated, Prizes!)",aqxa,1120,1732383300,2284,2211
2039,"CodeTON Round 9 (Div. 1 + Div. 2, Rated, Prizes!)",glass_of_water,1121,1732383300,0,656
2039,"CodeTON Round 9 (Div. 1 + Div. 2, Rated, Prizes!)",coderbd,1122,1732383300,1627,1720
2039,"CodeTON Round 9 (Div. 1 + Div. 2, Rated, Prizes!)",lucky_clover_,1123,1732383300,1970,1972
2039,"CodeTON Round 9 (Div. 1 + Div. 2, Rated, Prizes!)",silverfish,1124,1732383300,1873,1900
2039,"CodeTON Round 9 (Div. 1 + Div. 2, Rated, Prizes!)",nianzi,1125,1732383300,1957,1963
2039,"CodeTON Round 9 (Div. 1 + Div. 2, Rated, Prizes!)",daud04,1126,1732383300,1655,1740
2039,"CodeTON Round 9 (Div. 1 + Div. 2, Rated, Prizes!)",stacks,1127,1732383300,1453,1594
2039,"CodeTON Round 9 (Div. 1 + Div. 2, Rated, Prizes!)",_WD_,1128,1732383300,1917,1932
2039,"CodeTON Round 9 (Div. 1 + Div. 2, Rated, Prizes!)",lldxjw,1128,1732383300,2020,2009
2039,"CodeTON Round 9 (Div. 1 + Div. 2, Rated, Prizes!)",XiaY,1130,1732383300,1908,1925
2039,"CodeTON Round 9 (Div. 1 + Div. 2, Rated, Prizes!)",andreasn,1130,1732383300,1662,1745
2039,"CodeTON Round 9 (Div. 1 + Div. 2, Rated, Prizes!)",ch1ll_guy,1130,1732383300,1673,1753
2039,"CodeTON Round 9 (Div. 1 + Div. 2, Rated, Prizes!)",trraian,1133,1732383300,1682,1760
2039,"CodeTON Round 9 (Div. 1 + Div. 2, Rated, Prizes!)",FinanceEngineer,1133,1732383300,1158,1478
2039,"CodeTON Round 9 (Div. 1 + Div. 2, Rated, Prizes!)",STommydx,1135,1732383300,1486,1617
2039,"CodeTON Round 9 (Div. 1 + Div. 2, Rated, Prizes!)",apostoldaniel854,1135,1732383300,2122,2086
2039,"CodeTON Round 9 (Div. 1 + Div. 2, Rated, Prizes!)",CptSimple,1137,1732383300,1751,1809
2039,"CodeTON Round 9 (Div. 1 + Div. 2, Rated, Prizes!)",frankly6,1138,1732383300,1810,1853
2039,"CodeTON Round 9 (Div. 1 + Div. 2, Rated, Prizes!)",daukah,1139,1732383300,2235,2172
2039,"CodeTON Round 9 (Div. 1 + Div. 2, Rated, Prizes!)",zxn_64,1140,1732383300,1776,1828
2039,"CodeTON Round 9 (Div. 1 + Div. 2, Rated, Prizes!)",Ghulam_Junaid,1141,1732383300,1818,1858
2039,"CodeTON Round 9 (Div. 1 + Div. 2, Rated, Prizes!)",Nimadli,1141,1732383300,1523,1643
2039,"CodeTON Round 9 (Div. 1 + Div. 2, Rated, Prizes!)",stefanopulos,1143,1732383300,2063,2041
2039,"CodeTON Round 9 (Div. 1 + Div. 2, Rated, Prizes!)",ColobocCodeforces,1144,1732383300,1830,1867
2039,"CodeTON Round 9 (Div. 1 + Div. 2, Rated, Prizes!)",Iceturky,1145,1732383300,2241,2176
2039,"CodeTON Round 9 (Div. 1 + Div. 2, Rated, Prizes!)",PositiveNigative,1146,1732383300,1727,1862
2039,"CodeTON Round 9 (Div. 1 + Div. 2, Rated, Prizes!)",TheRedStone,1147,1732383300,1952,1956
2039,"CodeTON Round 9 (Div. 1 + Div. 2, Rated, Prizes!)",kanchuang,1148,1732383300,1543,1656
2039,"CodeTON Round 9 (Div. 1 + Div. 2, Rated, Prizes!)",Teranj,1149,1732383300,1724,1788
2039,"CodeTON Round 9 (Div. 1 + Div. 2, Rated, Prizes!)",liujunyi2,1150,1732383300,1781,1830
2039,"CodeTON Round 9 (Div. 1 + Div. 2, Rated, Prizes!)",cyqwq_,1151,1732383300,1646,1731
2039,"CodeTON Round 9 (Div. 1 + Div. 2, Rated, Prizes!)",Zane,1151,1732383300,1851,1882
2039,"CodeTON Round 9 (Div. 1 + Div. 2, Rated, Prizes!)",hhhhyf,1151,1732383300,1938,1945
2039,"CodeTON Round 9 (Div. 1 + Div. 2, Rated, Prizes!)",nono00,1154,1732383300,2133,2093
2039,"CodeTON Round 9 (Div. 1 + Div. 2, Rated, Prizes!)",SajibKC_19,1155,1732383300,1804,1846
2039,"CodeTON Round 9 (Div. 1 + Div. 2, Rated, Prizes!)",Klass_Mars,1156,1732383300,1667,1746
2039,"CodeTON Round 9 (Div. 1 + Div. 2, Rated, Prizes!)",twosquares,1157,1732383300,1673,1750
2039,"CodeTON Round 9 (Div. 1 + Div. 2, Rated, Prizes!)",angesh,1158,1732383300,1812,1852
2039,"CodeTON Round 9 (Div. 1 + Div. 2, Rated, Prizes!)",legend-dy,1159,1732383300,0,651
2039,"CodeTON Round 9 (Div. 1 + Div. 2, Rated, Prizes!)",reil_st,1160,1732383300,2211,2152
2039,"CodeTON Round 9 (Div. 1 + Div. 2, Rated, Prizes!)",pisriy,1160,1732383300,1353,1520
2039,"CodeTON Round 9 (Div. 1 + Div. 2, Rated, Prizes!)",chh9976,1162,1732383300,2062,2038
2039,"CodeTON Round 9 (Div. 1 + Div. 2, Rated, Prizes!)",IGM_NEXT_YEAR,1162,1732383300,2199,2143
2039,"CodeTON Round 9 (Div. 1 + Div. 2, Rated, Prizes!)",DimmyT,1164,1732383300,2206,2148
2039,"CodeTON Round 9 (Div. 1 + Div. 2, Rated, Prizes!)",smac_fan,1165,1732383300,1776,1825
2039,"CodeTON Round 9 (Div. 1 + Div. 2, Rated, Prizes!)",Ayalla,1166,1732383300,1964,1964
2039,"CodeTON Round 9 (Div. 1 + Div. 2, Rated, Prizes!)",paogesb,1167,1732383300,1710,1777
2039,"CodeTON Round 9 (Div. 1 + Div. 2, Rated, Prizes!)",elixir,1167,1732383300,1638,1723
2039,"CodeTON Round 9 (Div. 1 + Div. 2, Rated, Prizes!)",pszczola,1169,1732383300,2132,2090
2039,"CodeTON Round 9 (Div. 1 + Div. 2, Rated, Prizes!)",Hirro,1169,1732383300,1746,1802
2039,"CodeTON Round 9 (Div. 1 + Div. 2, Rated, Prizes!)",Valters07,1171,1732383300,2296,2217
2039,"CodeTON Round 9 (Div. 1 + Div. 2, Rated, Prizes!)",nhonyc,1172,1732383300,1792,1836
2039,"CodeTON Round 9 (Div. 1 + Div. 2, Rated, Prizes!)",CuteJerry,1172,1732383300,1843,1873
2039,"CodeTON Round 9 (Div. 1 + Div. 2, Rated, Prizes!)",jiguangxx,1172,1732383300,1681,1754
2039,"CodeTON Round 9 (Div. 1 + Div. 2, Rated, Prizes!)",Rafio,1175,1732383300,1750,1805
2039,"CodeTON Round 9 (Div. 1 + Div. 2, Rated, Prizes!)",Etohari,1176,1732383300,1920,1930
2039,"CodeTON Round 9 (Div. 1 + Div. 2, Rated, Prizes!)",hardenisthegoat,1176,1732383300,2048,2027
2039,"CodeTON Round 9 (Div. 1 + Div. 2, Rated, Prizes!)",dalgu,1178,1732383300,2029,2012
2039,"CodeTON Round 9 (Div. 1 + Div. 2, Rated, Prizes!)",dickenkuan,1179,1732383300,1384,1540
2039,"CodeTON Round 9 (Div. 1 + Div. 2, Rated, Prizes!)",DrFabricio,1180,1732383300,1733,1792
2039,"CodeTON Round 9 (Div. 1 + Div. 2, Rated, Prizes!)",Itisa,1181,1732383300,1936,1942
2039,"CodeTON Round 9 (Div. 1 + Div. 2, Rated, Prizes!)",starforces,1182,1732383300,1654,1734
2039,"CodeTON Round 9 (Div. 1 + Div. 2, Rated, Prizes!)",Probka,1182,1732383300,2136,2092
2039,"CodeTON Round 9 (Div. 1 + Div. 2, Rated, Prizes!)",linanchen,1184,1732383300,905,1290
2039,"CodeTON Round 9 (Div. 1 + Div. 2, Rated, Prizes!)",Keeepy,1185,1732383300,1846,1875
2039,"CodeTON Round 9 (Div. 1 + Div. 2, Rated, Prizes!)",fermion5,1186,1732383300,1673,1747
2039,"CodeTON Round 9 (Div. 1 + Div. 2, Rated, Prizes!)",ss11111,1187,1732383300,1654,1733
2039,"CodeTON Round 9 (Div. 1 + Div. 2, Rated, Prizes!)",Nanako7_ix,1188,1732383300,1681,1753
2039,"CodeTON Round 9 (Div. 1 + Div. 2, Rated, Prizes!)",huanjua,1189,1732383300,1806,1845
2039,"CodeTON Round 9 (Div. 1 + Div. 2, Rated, Prizes!)",happy_node,1189,1732383300,2173,2120
2039,"CodeTON Round 9 (Div. 1 + Div. 2, Rated, Prizes!)",AKAok,1191,1732383300,1857,1882
2039,"CodeTON Round 9 (Div. 1 + Div. 2, Rated, Prizes!)",Lalic,1192,1732383300,2109,2071
2039,"CodeTON Round 9 (Div. 1 + Div. 2, Rated, Prizes!)",KanooooXD,1193,1732383300,1642,1724
2039,"CodeTON Round 9 (Div. 1 + Div. 2, Rated, Prizes!)",snowythecat,1194,1732383300,1735,1792
2039,"CodeTON Round 9 (Div. 1 + Div. 2, Rated, Prizes!)",rivenboom,1194,1732383300,1827,1860
2039,"CodeTON Round 9 (Div. 1 + Div. 2, Rated, Prizes!)",lgx57,1196,1732383300,1413,1558
2039,"CodeTON Round 9 (Div. 1 + Div. 2, Rated, Prizes!)",RaduM,1197,1732383300,1871,1892
2039,"CodeTON Round 9 (Div. 1 + Div. 2, Rated, Prizes!)",Warma_Cute,1198,1732383300,2203,2142
2039,"CodeTON Round 9 (Div. 1 + Div. 2, Rated, Prizes!)",F0lse,1198,1732383300,2006,1992
2039,"CodeTON Round 9 (Div. 1 + Div. 2, Rated, Prizes!)",gud_day,1200,1732383300,2136,2091
2039,"CodeTON Round 9 (Div. 1 + Div. 2, Rated, Prizes!)",doujinshi_master,1200,1732383300,1915,1924
2039,"CodeTON Round 9 (Div. 1 + Div. 2, Rated, Prizes!)",maxK99,1202,1732383300,2028,2009
2039,"CodeTON Round 9 (Div. 1 + Div. 2, Rated, Prizes!)",HIJAZ,1203,1732383300,2045,2022
2039,"CodeTON Round 9 (Div. 1 + Div. 2, Rated, Prizes!)",Atri,1204,1732383300,2053,2027
2039,"CodeTON Round 9 (Div. 1 + Div. 2, Rated, Prizes!)",Linver,1205,1732383300,1940,1942
2039,"CodeTON Round 9 (Div. 1 + Div. 2, Rated, Prizes!)",god-knows-who,1205,1732383300,1704,1768
2039,"CodeTON Round 9 (Div. 1 + Div. 2, Rated, Prizes!)",RoomTemperatureIQ,1205,1732383300,2001,1988
2039,"CodeTON Round 9 (Div. 1 + Div. 2, Rated, Prizes!)",purplelemon,1208,1732383300,1717,1777
2039,"CodeTON Round 9 (Div. 1 + Div. 2, Rated, Prizes!)",Faisal-Saqib,1209,1732383300,1721,1780
2039,"CodeTON Round 9 (Div. 1 + Div. 2, Rated, Prizes!)",Umiyuri,1210,1732383300,1733,1789
2039,"CodeTON Round 9 (Div. 1 + Div. 2, Rated, Prizes!)",qlwpc,1210,1732383300,2056,2029
2039,"CodeTON Round 9 (Div. 1 + Div. 2, Rated, Prizes!)",zyf54088,1212,1732383300,1695,1761
2039,"CodeTON Round 9 (Div. 1 + Div. 2, Rated, Prizes!)",0gur4ik,1213,1732383300,1669,1742
2039,"CodeTON Round 9 (Div. 1 + Div. 2, Rated, Prizes!)",WSYZH_,1214,1732383300,1336,1537
2039,"CodeTON Round 9 (Div. 1 + Div. 2, Rated, Prizes!)",mmdrzada,1214,1732383300,1815,1849
2039,"CodeTON Round 9 (Div. 1 + Div. 2, Rated, Prizes!)",darthrevenge,1214,1732383300,1879,1896
2039,"CodeTON Round 9 (Div. 1 + Div. 2, Rated, Prizes!)",zsombor,1217,1732383300,2124,2080
2039,"CodeTON Round 9 (Div. 1 + Div. 2, Rated, Prizes!)",ThatOnePythonUser,1218,1732383300,2093,2056
2039,"CodeTON Round 9 (Div. 1 + Div. 2, Rated, Prizes!)",new_start_of_sky,1219,1732383300,1089,1419
2039,"CodeTON Round 9 (Div. 1 + Div. 2, Rated, Prizes!)",FugiPig,1220,1732383300,1756,1805
2039,"CodeTON Round 9 (Div. 1 + Div. 2, Rated, Prizes!)",HASBOT,1221,1732383300,1987,1976
2039,"CodeTON Round 9 (Div. 1 + Div. 2, Rated, Prizes!)",tianbincheng,1222,1732383300,2114,2072
2039,"CodeTON Round 9 (Div. 1 + Div. 2, Rated, Prizes!)",UshanGhosh,1223,1732383300,2094,2057
2039,"CodeTON Round 9 (Div. 1 + Div. 2, Rated, Prizes!)",dwdyy,1224,1732383300,1852,1875
2039,"CodeTON Round 9 (Div. 1 + Div. 2, Rated, Prizes!)",lsantire,1225,1732383300,2079,2045
2039,"CodeTON Round 9 (Div. 1 + Div. 2, Rated, Prizes!)",eklavya_k,1225,1732383300,1823,1853
2039,"CodeTON Round 9 (Div. 1 + Div. 2, Rated, Prizes!)",Patta_gobhi_,1227,1732383300,1778,1820
2039,"CodeTON Round 9 (Div. 1 + Div. 2, Rated, Prizes!)",Fan.,1228,1732383300,1844,1869
2039,"CodeTON Round 9 (Div. 1 + Div. 2, Rated, Prizes!)",ripity,1229,1732383300,2015,1997
2039,"CodeTON Round 9 (Div. 1 + Div. 2, Rated, Prizes!)",manpantheo,1229,1732383300,0,645
2039,"CodeTON Round 9 (Div. 1 + Div. 2, Rated, Prizes!)",limbo.null,1229,1732383300,2129,2083
2039,"CodeTON Round 9 (Div. 1 + Div. 2, Rated, Prizes!)",raskitech,1229,1732383300,1552,1691
2039,"CodeTON Round 9 (Div. 1 + Div. 2, Rated, Prizes!)",Serik2003,1233,1732383300,1780,1821
2039,"CodeTON Round 9 (Div. 1 + Div. 2, Rated, Prizes!)",MightZero,1234,1732383300,1777,1819
2039,"CodeTON Round 9 (Div. 1 + Div. 2, Rated, Prizes!)",farfaryyds1013,1235,1732383300,1695,1758
2039,"CodeTON Round 9 (Div. 1 + Div. 2, Rated, Prizes!)",HaoxuanXIE,1235,1732383300,2012,1994
2039,"CodeTON Round 9 (Div. 1 + Div. 2, Rated, Prizes!)",mj1000j,1237,1732383300,1910,1917
2039,"CodeTON Round 9 (Div. 1 + Div. 2, Rated, Prizes!)",2eyks,1237,1732383300,1862,1882
2039,"CodeTON Round 9 (Div. 1 + Div. 2, Rated, Prizes!)",diya0131,1239,1732383300,1865,1884
2039,"CodeTON Round 9 (Div. 1 + Div. 2, Rated, Prizes!)",Abdulrahman27,1240,1732383300,1969,1961
2039,"CodeTON Round 9 (Div. 1 + Div. 2, Rated, Prizes!)",mRXxy0u0,1241,1732383300,1767,1811
2039,"CodeTON Round 9 (Div. 1 + Div. 2, Rated, Prizes!)",BowTen,1242,1732383300,1817,1848
2039,"CodeTON Round 9 (Div. 1 + Div. 2, Rated, Prizes!)",fggyongheng,1243,1732383300,1705,1765
2039,"CodeTON Round 9 (Div. 1 + Div. 2, Rated, Prizes!)",hesham,1244,1732383300,1948,1945
2039,"CodeTON Round 9 (Div. 1 + Div. 2, Rated, Prizes!)",Starheart,1244,1732383300,1860,1879
2039,"CodeTON Round 9 (Div. 1 + Div. 2, Rated, Prizes!)",yeongh,1246,1732383300,1726,1781
2039,"CodeTON Round 9 (Div. 1 + Div. 2, Rated, Prizes!)",RadRah,1247,1732383300,2119,2074
2039,"CodeTON Round 9 (Div. 1 + Div. 2, Rated, Prizes!)",Wandoka,1248,1732383300,1929,1930
2039,"CodeTON Round 9 (Div. 1 + Div. 2, Rated, Prizes!)",zhuanxihui,1249,1732383300,1635,1713
2039,"CodeTON Round 9 (Div. 1 + Div. 2, Rated, Prizes!)",RockSnow,1249,1732383300,1846,1869
2039,"CodeTON Round 9 (Div. 1 + Div. 2, Rated, Prizes!)",domovonok,1251,1732383300,1806,1839
2039,"CodeTON Round 9 (Div. 1 + Div. 2, Rated, Prizes!)",bluearcher,1251,1732383300,1845,1868
2039,"CodeTON Round 9 (Div. 1 + Div. 2, Rated, Prizes!)",sword060,1253,1732383300,1955,1950
2039,"CodeTON Round 9 (Div. 1 + Div. 2, Rated, Prizes!)",csizmiki,1254,1732383300,1734,1785
2039,"CodeTON Round 9 (Div. 1 + Div. 2, Rated, Prizes!)",TianyiWei,1255,1732383300,2100,2059
2039,"CodeTON Round 9 (Div. 1 + Div. 2, Rated, Prizes!)",KIRIJIJI,1256,1732383300,2126,2078
2039,"CodeTON Round 9 (Div. 1 + Div. 2, Rated, Prizes!)",hashman,1256,1732383300,1791,1828
2039,"CodeTON Round 9 (Div. 1 + Div. 2, Rated, Prizes!)",altf5,1258,1732383300,1638,1714
2039,"CodeTON Round 9 (Div. 1 + Div. 2, Rated, Prizes!)",taoxy,1258,1732383300,1097,1386
2039,"CodeTON Round 9 (Div. 1 + Div. 2, Rated, Prizes!)",Leonardo_Paes,1258,1732383300,1800,1833
2039,"CodeTON Round 9 (Div. 1 + Div. 2, Rated, Prizes!)",RandomlyRandom,1261,1732383300,1990,1975
2039,"CodeTON Round 9 (Div. 1 + Div. 2, Rated, Prizes!)",2147483647str,1262,1732383300,0,641
2039,"CodeTON Round 9 (Div. 1 + Div. 2, Rated, Prizes!)",Hidgik,1263,1732383300,1868,1884
2039,"CodeTON Round 9 (Div. 1 + Div. 2, Rated, Prizes!)",stc123,1264,1732383300,0,642
2039,"CodeTON Round 9 (Div. 1 + Div. 2, Rated, Prizes!)",Tenshi0x0,1265,1732383300,1927,1928
2039,"CodeTON Round 9 (Div. 1 + Div. 2, Rated, Prizes!)",SPatrik,1266,1732383300,2117,2071
2039,"CodeTON Round 9 (Div. 1 + Div. 2, Rated, Prizes!)",altqi,1266,1732383300,1648,1722
2039,"CodeTON Round 9 (Div. 1 + Div. 2, Rated, Prizes!)",Sir-Ahmed-Imran,1268,1732383300,1991,1976
2039,"CodeTON Round 9 (Div. 1 + Div. 2, Rated, Prizes!)",TheFuturoma,1269,1732383300,1880,1892
2039,"CodeTON Round 9 (Div. 1 + Div. 2, Rated, Prizes!)",d.o.,1270,1732383300,1425,1560
2039,"CodeTON Round 9 (Div. 1 + Div. 2, Rated, Prizes!)",Satoru,1271,1732383300,1654,1726
2039,"CodeTON Round 9 (Div. 1 + Div. 2, Rated, Prizes!)",nazmulnns2066,1272,1732383300,1733,1783
2039,"CodeTON Round 9 (Div. 1 + Div. 2, Rated, Prizes!)",antonis.white,1272,1732383300,2454,2332
2039,"CodeTON Round 9 (Div. 1 + Div. 2, Rated, Prizes!)",Szzzp,1274,1732383300,1607,1691
2039,"CodeTON Round 9 (Div. 1 + Div. 2, Rated, Prizes!)",coolboy19521,1275,1732383300,1553,1651
2039,"CodeTON Round 9 (Div. 1 + Div. 2, Rated, Prizes!)",brawlera4,1275,1732383300,1751,1796
2039,"CodeTON Round 9 (Div. 1 + Div. 2, Rated, Prizes!)",Ccm1225,1277,1732383300,1685,1748
2039,"CodeTON Round 9 (Div. 1 + Div. 2, Rated, Prizes!)",Chrisedyong,1278,1732383300,1892,1900
2039,"CodeTON Round 9 (Div. 1 + Div. 2, Rated, Prizes!)",WhySoSerious16,1278,1732383300,1634,1710
2039,"CodeTON Round 9 (Div. 1 + Div. 2, Rated, Prizes!)",sputn1k,1278,1732383300,2044,2015
2039,"CodeTON Round 9 (Div. 1 + Div. 2, Rated, Prizes!)",if_test_AC,1281,1732383300,1591,1679
2039,"CodeTON Round 9 (Div. 1 + Div. 2, Rated, Prizes!)",G_Ayan7,1282,1732383300,1609,1692
2039,"CodeTON Round 9 (Div. 1 + Div. 2, Rated, Prizes!)",yyh603,1283,1732383300,1885,1895
2039,"CodeTON Round 9 (Div. 1 + Div. 2, Rated, Prizes!)",soup,1283,1732383300,1705,1762
2039,"CodeTON Round 9 (Div. 1 + Div. 2, Rated, Prizes!)",dinosaurs,1285,1732383300,2188,2124
2039,"CodeTON Round 9 (Div. 1 + Div. 2, Rated, Prizes!)",hcng,1286,1732383300,2173,2113
2039,"CodeTON Round 9 (Div. 1 + Div. 2, Rated, Prizes!)",kamalsharmaa9,1286,1732383300,1622,1701
2039,"CodeTON Round 9 (Div. 1 + Div. 2, Rated, Prizes!)",bluerar,1288,1732383300,1983,1968
2039,"CodeTON Round 9 (Div. 1 + Div. 2, Rated, Prizes!)",HeartBreakKid,1289,1732383300,2040,2010
2039,"CodeTON Round 9 (Div. 1 + Div. 2, Rated, Prizes!)",complexorigin,1290,1732383300,1845,1864
2039,"CodeTON Round 9 (Div. 1 + Div. 2, Rated, Prizes!)",zxc3,1291,1732383300,1568,1661
2039,"CodeTON Round 9 (Div. 1 + Div. 2, Rated, Prizes!)",_Sherbiny,1292,1732383300,1935,1931
2039,"CodeTON Round 9 (Div. 1 + Div. 2, Rated, Prizes!)",lemonilemon,1292,1732383300,1953,1945
2039,"CodeTON Round 9 (Div. 1 + Div. 2, Rated, Prizes!)",jim,1294,1732383300,1521,1627
2039,"CodeTON Round 9 (Div. 1 + Div. 2, Rated, Prizes!)",Sara.S.,1295,1732383300,1678,1741
2039,"CodeTON Round 9 (Div. 1 + Div. 2, Rated, Prizes!)",Aziraphale,1295,1732383300,2077,2038
2039,"CodeTON Round 9 (Div. 1 + Div. 2, Rated, Prizes!)",Platinum__,1297,1732383300,1874,1886
2039,"CodeTON Round 9 (Div. 1 + Div. 2, Rated, Prizes!)",Layk,1298,1732383300,1678,1741
2039,"CodeTON Round 9 (Div. 1 + Div. 2, Rated, Prizes!)",TheYashB,1299,1732383300,1829,1851
2039,"CodeTON Round 9 (Div. 1 + Div. 2, Rated, Prizes!)",mrsunsss,1299,1732383300,1879,1889
2039,"CodeTON Round 9 (Div. 1 + Div. 2, Rated, Prizes!)",A.I.skeleton_,1301,1732383300,1828,1851
2039,"CodeTON Round 9 (Div. 1 + Div. 2, Rated, Prizes!)",BanMeFromProcrastination,1302,1732383300,1923,1922
2039,"CodeTON Round 9 (Div. 1 + Div. 2, Rated, Prizes!)",s.nazyrov,1303,1732383300,1593,1678
2039,"CodeTON Round 9 (Div. 1 + Div. 2, Rated, Prizes!)",gyouzasushi,1304,1732383300,2113,2065
2039,"CodeTON Round 9 (Div. 1 + Div. 2, Rated, Prizes!)",konghaojie,1304,1732383300,2073,2035
2039,"CodeTON Round 9 (Div. 1 + Div. 2, Rated, Prizes!)",Alasco,1306,1732383300,1904,1907
2039,"CodeTON Round 9 (Div. 1 + Div. 2, Rated, Prizes!)",cherryk,1307,1732383300,2057,2022
2039,"CodeTON Round 9 (Div. 1 + Div. 2, Rated, Prizes!)",tumu1t,1308,1732383300,2038,2008
2039,"CodeTON Round 9 (Div. 1 + Div. 2, Rated, Prizes!)",violetctl39,1308,1732383300,1889,1895
2039,"CodeTON Round 9 (Div. 1 + Div. 2, Rated, Prizes!)",potatmen,1310,1732383300,1726,1775
2039,"CodeTON Round 9 (Div. 1 + Div. 2, Rated, Prizes!)",wangxi527,1311,1732383300,1763,1802
2039,"CodeTON Round 9 (Div. 1 + Div. 2, Rated, Prizes!)",AgOH,1312,1732383300,1786,1818
2039,"CodeTON Round 9 (Div. 1 + Div. 2, Rated, Prizes!)",Eslam_Saleh,1312,1732383300,2127,2075
2039,"CodeTON Round 9 (Div. 1 + Div. 2, Rated, Prizes!)",truly_handsome,1314,1732383300,1935,1929
2039,"CodeTON Round 9 (Div. 1 + Div. 2, Rated, Prizes!)",s20b1_chernikov,1315,1732383300,2141,2086
2039,"CodeTON Round 9 (Div. 1 + Div. 2, Rated, Prizes!)",TheGoodest,1316,1732383300,1759,1798
2039,"CodeTON Round 9 (Div. 1 + Div. 2, Rated, Prizes!)",afanafan,1316,1732383300,1373,1518
2039,"CodeTON Round 9 (Div. 1 + Div. 2, Rated, Prizes!)",_skb_,1318,1732383300,1821,1844
2039,"CodeTON Round 9 (Div. 1 + Div. 2, Rated, Prizes!)",LastingForever,1319,1732383300,1850,1866
2039,"CodeTON Round 9 (Div. 1 + Div. 2, Rated, Prizes!)",Oz121,1320,1732383300,1747,1789
2039,"CodeTON Round 9 (Div. 1 + Div. 2, Rated, Prizes!)",Citrus_maxima,1320,1732383300,1394,1533
2039,"CodeTON Round 9 (Div. 1 + Div. 2, Rated, Prizes!)",RMA-NB,1322,1732383300,2006,1982
2039,"CodeTON Round 9 (Div. 1 + Div. 2, Rated, Prizes!)",Magician_Mathematician1,1322,1732383300,1929,1924
2039,"CodeTON Round 9 (Div. 1 + Div. 2, Rated, Prizes!)",PedroGallo,1324,1732383300,1655,1721
2039,"CodeTON Round 9 (Div. 1 + Div. 2, Rated, Prizes!)",yoru_sacri,1325,1732383300,1906,1906
2039,"CodeTON Round 9 (Div. 1 + Div. 2, Rated, Prizes!)",Bronya_H,1326,1732383300,1878,1886
2039,"CodeTON Round 9 (Div. 1 + Div. 2, Rated, Prizes!)",Hunting_int,1327,1732383300,1721,1770
2039,"CodeTON Round 9 (Div. 1 + Div. 2, Rated, Prizes!)",_greedy,1328,1732383300,1975,1958
2039,"CodeTON Round 9 (Div. 1 + Div. 2, Rated, Prizes!)",__Morgan,1328,1732383300,2013,1987
2039,"CodeTON Round 9 (Div. 1 + Div. 2, Rated, Prizes!)",chenyanlin,1328,1732383300,1652,1719
2039,"CodeTON Round 9 (Div. 1 + Div. 2, Rated, Prizes!)",Mr.Pie,1331,1732383300,1909,1908
2039,"CodeTON Round 9 (Div. 1 + Div. 2, Rated, Prizes!)",ILL1A,1332,1732383300,1902,1903
2039,"CodeTON Round 9 (Div. 1 + Div. 2, Rated, Prizes!)",MojeDes,1333,1732383300,1776,1810
2039,"CodeTON Round 9 (Div. 1 + Div. 2, Rated, Prizes!)",CruiseY,1334,1732383300,1681,1740
2039,"CodeTON Round 9 (Div. 1 + Div. 2, Rated, Prizes!)",convective_rain,1334,1732383300,1957,1944
2039,"CodeTON Round 9 (Div. 1 + Div. 2, Rated, Prizes!)",455a,1334,1732383300,1716,1765
2039,"CodeTON Round 9 (Div. 1 + Div. 2, Rated, Prizes!)",monui,1337,1732383300,1819,1841
2039,"CodeTON Round 9 (Div. 1 + Div. 2, Rated, Prizes!)",code__ccc,1338,1732383300,1635,1705
2039,"CodeTON Round 9 (Div. 1 + Div. 2, Rated, Prizes!)",Fourier_Transform,1339,1732383300,1476,1589
2039,"CodeTON Round 9 (Div. 1 + Div. 2, Rated, Prizes!)",Nahian9696,1340,1732383300,2147,2088
2039,"CodeTON Round 9 (Div. 1 + Div. 2, Rated, Prizes!)",ByeWorld512,1341,1732383300,1987,1966
2039,"CodeTON Round 9 (Div. 1 + Div. 2, Rated, Prizes!)",nai_he,1342,1732383300,1987,1966
2039,"CodeTON Round 9 (Div. 1 + Div. 2, Rated, Prizes!)",Gemefoll,1343,1732383300,1587,1670
2039,"CodeTON Round 9 (Div. 1 + Div. 2, Rated, Prizes!)",Karieciation,1344,1732383300,1442,1565
2039,"CodeTON Round 9 (Div. 1 + Div. 2, Rated, Prizes!)",rebornndisillusioned,1344,1732383300,1519,1620
2039,"CodeTON Round 9 (Div. 1 + Div. 2, Rated, Prizes!)",Genteki,1346,1732383300,1829,1847
2039,"CodeTON Round 9 (Div. 1 + Div. 2, Rated, Prizes!)",coldwind9029,1346,1732383300,1853,1865
2039,"CodeTON Round 9 (Div. 1 + Div. 2, Rated, Prizes!)",Akarsura,1346,1732383300,1850,1863
2039,"CodeTON Round 9 (Div. 1 + Div. 2, Rated, Prizes!)",Jahshahauskdmw,1349,1732383300,1745,1786
2039,"CodeTON Round 9 (Div. 1 + Div. 2, Rated, Prizes!)",tyr_04,1350,1732383300,1545,1639
2039,"CodeTON Round 9 (Div. 1 + Div. 2, Rated, Prizes!)",Andriy_Popyk,1350,1732383300,1965,1986
2039,"CodeTON Round 9 (Div. 1 + Div. 2, Rated, Prizes!)",_endL,1352,1732383300,1728,1772
2039,"CodeTON Round 9 (Div. 1 + Div. 2, Rated, Prizes!)",natalina,1353,1732383300,1769,1803
2039,"CodeTON Round 9 (Div. 1 + Div. 2, Rated, Prizes!)",DCA_SUCKS,1354,1732383300,1554,1704
2039,"CodeTON Round 9 (Div. 1 + Div. 2, Rated, Prizes!)",STB6,1354,1732383300,1929,1922
2039,"CodeTON Round 9 (Div. 1 + Div. 2, Rated, Prizes!)",LaughingBuddha,1354,1732383300,1539,1633
2039,"CodeTON Round 9 (Div. 1 + Div. 2, Rated, Prizes!)",d1mk,1357,1732383300,2013,1985
2039,"CodeTON Round 9 (Div. 1 + Div. 2, Rated, Prizes!)",Alexbrii,1358,1732383300,1904,1902
2039,"CodeTON Round 9 (Div. 1 + Div. 2, Rated, Prizes!)",-3en_7oras-,1358,1732383300,1866,1874
2039,"CodeTON Round 9 (Div. 1 + Div. 2, Rated, Prizes!)",Pablo-No,1360,1732383300,2253,2168
2039,"CodeTON Round 9 (Div. 1 + Div. 2, Rated, Prizes!)",www.com,1361,1732383300,1923,1917
2039,"CodeTON Round 9 (Div. 1 + Div. 2, Rated, Prizes!)",BrotherCall,1362,1732383300,1945,1933
2039,"CodeTON Round 9 (Div. 1 + Div. 2, Rated, Prizes!)",Broder,1363,1732383300,1814,1835
2039,"CodeTON Round 9 (Div. 1 + Div. 2, Rated, Prizes!)",MOUFLESS,1364,1732383300,2189,2118
2039,"CodeTON Round 9 (Div. 1 + Div. 2, Rated, Prizes!)",FilipL,1365,1732383300,1891,1892
2039,"CodeTON Round 9 (Div. 1 + Div. 2, Rated, Prizes!)",I_will_AKIOI,1365,1732383300,1668,1727
2039,"CodeTON Round 9 (Div. 1 + Div. 2, Rated, Prizes!)",BigBadBully,1367,1732383300,1719,1765
2039,"CodeTON Round 9 (Div. 1 + Div. 2, Rated, Prizes!)",ReachExpertRedeemMyself,1368,1732383300,1283,1450
2039,"CodeTON Round 9 (Div. 1 + Div. 2, Rated, Prizes!)",Gaoyc,1369,1732383300,2270,2181
2039,"CodeTON Round 9 (Div. 1 + Div. 2, Rated, Prizes!)",umimel,1370,1732383300,1905,1902
2039,"CodeTON Round 9 (Div. 1 + Div. 2, Rated, Prizes!)",d1amondzz,1370,1732383300,1647,1711
2039,"CodeTON Round 9 (Div. 1 + Div. 2, Rated, Prizes!)",kian2009,1370,1732383300,1763,1797
2039,"CodeTON Round 9 (Div. 1 + Div. 2, Rated, Prizes!)",estoy-re-sebado,1373,1732383300,1952,1937
2039,"CodeTON Round 9 (Div. 1 + Div. 2, Rated, Prizes!)",zhassyn,1374,1732383300,1758,1793
2039,"CodeTON Round 9 (Div. 1 + Div. 2, Rated, Prizes!)",ckling,1374,1732383300,1813,1834
2039,"CodeTON Round 9 (Div. 1 + Div. 2, Rated, Prizes!)",AdisFDinArashi,1376,1732383300,1873,1878
2039,"CodeTON Round 9 (Div. 1 + Div. 2, Rated, Prizes!)",straykkun,1377,1732383300,1439,1559
2039,"CodeTON Round 9 (Div. 1 + Div. 2, Rated, Prizes!)",Two_Punch_Man,1377,1732383300,1708,1755
2039,"CodeTON Round 9 (Div. 1 + Div. 2, Rated, Prizes!)",mcbanana,1377,1732383300,2110,2056
2039,"CodeTON Round 9 (Div. 1 + Div. 2, Rated, Prizes!)",Morsan777_,1380,1732383300,1643,1708
2039,"CodeTON Round 9 (Div. 1 + Div. 2, Rated, Prizes!)",Genius_dreamx,1381,1732383300,2118,2063
2039,"CodeTON Round 9 (Div. 1 + Div. 2, Rated, Prizes!)",ooscode,1381,1732383300,2221,2142
2039,"CodeTON Round 9 (Div. 1 + Div. 2, Rated, Prizes!)",__night_,1383,1732383300,1849,1860
2039,"CodeTON Round 9 (Div. 1 + Div. 2, Rated, Prizes!)",Gabituss,1383,1732383300,1830,1845
2039,"CodeTON Round 9 (Div. 1 + Div. 2, Rated, Prizes!)",FQR_,1385,1732383300,2100,2049
2039,"CodeTON Round 9 (Div. 1 + Div. 2, Rated, Prizes!)",AAA-AAA-AAA,1386,1732383300,1822,1839
2039,"CodeTON Round 9 (Div. 1 + Div. 2, Rated, Prizes!)",mohadril,1387,1732383300,1511,1611
2039,"CodeTON Round 9 (Div. 1 + Div. 2, Rated, Prizes!)",Ngeces,1388,1732383300,1969,1949
2039,"CodeTON Round 9 (Div. 1 + Div. 2, Rated, Prizes!)",Queeee,1389,1732383300,1780,1808
2039,"CodeTON Round 9 (Div. 1 + Div. 2, Rated, Prizes!)",liaozixuan,1389,1732383300,1855,1863
2039,"CodeTON Round 9 (Div. 1 + Div. 2, Rated, Prizes!)",mdfaabrar257,1391,1732383300,1696,1746
2039,"CodeTON Round 9 (Div. 1 + Div. 2, Rated, Prizes!)",A_Martian,1392,1732383300,1881,1882
2039,"CodeTON Round 9 (Div. 1 + Div. 2, Rated, Prizes!)",Absiiii,1393,1732383300,1041,1368
2039,"CodeTON Round 9 (Div. 1 + Div. 2, Rated, Prizes!)",whtd,1393,1732383300,1518,1615
2039,"CodeTON Round 9 (Div. 1 + Div. 2, Rated, Prizes!)",John314,1395,1732383300,1718,1761
2039,"CodeTON Round 9 (Div. 1 + Div. 2, Rated, Prizes!)",Bnahmad23,1395,1732383300,1864,1869
2039,"CodeTON Round 9 (Div. 1 + Div. 2, Rated, Prizes!)",fww,1395,1732383300,1585,1664
2039,"CodeTON Round 9 (Div. 1 + Div. 2, Rated, Prizes!)",resolve100,1398,1732383300,1642,1705
2039,"CodeTON Round 9 (Div. 1 + Div. 2, Rated, Prizes!)",Galaxy_Ivan,1399,1732383300,1735,1773
2039,"CodeTON Round 9 (Div. 1 + Div. 2, Rated, Prizes!)",vinhdangquoc729,1399,1732383300,1791,1815
2039,"CodeTON Round 9 (Div. 1 + Div. 2, Rated, Prizes!)",Gergyg,1399,1732383300,2197,2122
2039,"CodeTON Round 9 (Div. 1 + Div. 2, Rated, Prizes!)",covon,1402,1732383300,1530,1623
2039,"CodeTON Round 9 (Div. 1 + Div. 2, Rated, Prizes!)",HubertM6,1402,1732383300,1682,1734
2039,"CodeTON Round 9 (Div. 1 + Div. 2, Rated, Prizes!)",Delightful72,1404,1732383300,1756,1789
2039,"CodeTON Round 9 (Div. 1 + Div. 2, Rated, Prizes!)",Forever1507,1405,1732383300,2010,1979
2039,"CodeTON Round 9 (Div. 1 + Div. 2, Rated, Prizes!)",n4k,1406,1732383300,1744,1780
2039,"CodeTON Round 9 (Div. 1 + Div. 2, Rated, Prizes!)",Awesomeness._.,1407,1732383300,1823,1838
2039,"CodeTON Round 9 (Div. 1 + Div. 2, Rated, Prizes!)",heyuhao,1408,1732383300,1612,1682
2039,"CodeTON Round 9 (Div. 1 + Div. 2, Rated, Prizes!)",YZMyangziming,1409,1732383300,1473,1580
2039,"CodeTON Round 9 (Div. 1 + Div. 2, Rated, Prizes!)",E1e3_,1409,1732383300,2114,2057
2039,"CodeTON Round 9 (Div. 1 + Div. 2, Rated, Prizes!)",FatihCihan,1409,1732383300,2032,1994
2039,"CodeTON Round 9 (Div. 1 + Div. 2, Rated, Prizes!)",K_sakkary,1409,1732383300,1758,1789
2039,"CodeTON Round 9 (Div. 1 + Div. 2, Rated, Prizes!)",oyrzk,1409,1732383300,1467,1576
2039,"CodeTON Round 9 (Div. 1 + Div. 2, Rated, Prizes!)",giorgi_pkhaladze,1414,1732383300,1519,1614
2039,"CodeTON Round 9 (Div. 1 + Div. 2, Rated, Prizes!)",Austin4.5,1415,1732383300,1862,1866
2039,"CodeTON Round 9 (Div. 1 + Div. 2, Rated, Prizes!)",Pashteticus,1416,1732383300,2048,2006
2039,"CodeTON Round 9 (Div. 1 + Div. 2, Rated, Prizes!)",Zain,1416,1732383300,1770,1798
2039,"CodeTON Round 9 (Div. 1 + Div. 2, Rated, Prizes!)",Vassu05,1416,1732383300,1983,1958
2039,"CodeTON Round 9 (Div. 1 + Div. 2, Rated, Prizes!)",firework72,1419,1732383300,1600,1673
2039,"CodeTON Round 9 (Div. 1 + Div. 2, Rated, Prizes!)",Left0807,1420,1732383300,1860,1864
2039,"CodeTON Round 9 (Div. 1 + Div. 2, Rated, Prizes!)",EnDeRBeaT,1421,1732383300,2049,2007
2039,"CodeTON Round 9 (Div. 1 + Div. 2, Rated, Prizes!)",umm_Kulthum,1422,1732383300,1653,1711
2039,"CodeTON Round 9 (Div. 1 + Div. 2, Rated, Prizes!)",admiring_xm,1423,1732383300,1437,1554
2039,"CodeTON Round 9 (Div. 1 + Div. 2, Rated, Prizes!)",JustOK,1424,1732383300,1574,1653
2039,"CodeTON Round 9 (Div. 1 + Div. 2, Rated, Prizes!)",Meguhine,1425,1732383300,2117,2059
2039,"CodeTON Round 9 (Div. 1 + Div. 2, Rated, Prizes!)",dsdp,1426,1732383300,1844,1852
2039,"CodeTON Round 9 (Div. 1 + Div. 2, Rated, Prizes!)",xish,1427,1732383300,1712,1754
2039,"CodeTON Round 9 (Div. 1 + Div. 2, Rated, Prizes!)",Lilinta,1428,1732383300,1726,1764
2039,"CodeTON Round 9 (Div. 1 + Div. 2, Rated, Prizes!)",threebody,1428,1732383300,1801,1820
2039,"CodeTON Round 9 (Div. 1 + Div. 2, Rated, Prizes!)",gaspar.kristijan,1430,1732383300,1851,1857
2039,"CodeTON Round 9 (Div. 1 + Div. 2, Rated, Prizes!)",LordAditya,1431,1732383300,1458,1568
2039,"CodeTON Round 9 (Div. 1 + Div. 2, Rated, Prizes!)",surgutti,1431,1732383300,2210,2130
2039,"CodeTON Round 9 (Div. 1 + Div. 2, Rated, Prizes!)",pikaka,1433,1732383300,2132,2070
2039,"CodeTON Round 9 (Div. 1 + Div. 2, Rated, Prizes!)",Keylime,1434,1732383300,1803,1821
2039,"CodeTON Round 9 (Div. 1 + Div. 2, Rated, Prizes!)",huanchenawa,1434,1732383300,2084,2033
2039,"CodeTON Round 9 (Div. 1 + Div. 2, Rated, Prizes!)",Dinprosperity,1436,1732383300,2063,2016
2039,"CodeTON Round 9 (Div. 1 + Div. 2, Rated, Prizes!)",.E.M.T.,1436,1732383300,580,1034
2039,"CodeTON Round 9 (Div. 1 + Div. 2, Rated, Prizes!)",VectorSmasher,1438,1732383300,1564,1645
2039,"CodeTON Round 9 (Div. 1 + Div. 2, Rated, Prizes!)",Sanjay422,1439,1732383300,1643,1702
2039,"CodeTON Round 9 (Div. 1 + Div. 2, Rated, Prizes!)",Shahd,1440,1732383300,1631,1694
2039,"CodeTON Round 9 (Div. 1 + Div. 2, Rated, Prizes!)",Makarooni,1441,1732383300,1385,1515
2039,"CodeTON Round 9 (Div. 1 + Div. 2, Rated, Prizes!)",xty001,1442,1732383300,1826,1838
2039,"CodeTON Round 9 (Div. 1 + Div. 2, Rated, Prizes!)",xiaoxiaobaozi,1442,1732383300,1957,1935
2039,"CodeTON Round 9 (Div. 1 + Div. 2, Rated, Prizes!)",Vladosiya,1444,1732383300,1959,1937
2039,"CodeTON Round 9 (Div. 1 + Div. 2, Rated, Prizes!)",vsidelnikov,1445,1732383300,1636,1697
2039,"CodeTON Round 9 (Div. 1 + Div. 2, Rated, Prizes!)",HenriqueCP,1446,1732383300,1643,1702
2039,"CodeTON Round 9 (Div. 1 + Div. 2, Rated, Prizes!)",fanfly,1446,1732383300,2022,1984
2039,"CodeTON Round 9 (Div. 1 + Div. 2, Rated, Prizes!)",Mateo,1446,1732383300,1943,1925
2039,"CodeTON Round 9 (Div. 1 + Div. 2, Rated, Prizes!)",Jomax100,1449,1732383300,1688,1735
2039,"CodeTON Round 9 (Div. 1 + Div. 2, Rated, Prizes!)",oblememan,1450,1732383300,1890,1884
2039,"CodeTON Round 9 (Div. 1 + Div. 2, Rated, Prizes!)",jomathyc,1451,1732383300,1555,1637
2039,"CodeTON Round 9 (Div. 1 + Div. 2, Rated, Prizes!)",0I0acOJleHbKa,1452,1732383300,1888,1882
2039,"CodeTON Round 9 (Div. 1 + Div. 2, Rated, Prizes!)",1212duks,1453,1732383300,1505,1600
2039,"CodeTON Round 9 (Div. 1 + Div. 2, Rated, Prizes!)",Lazy_Seg_Tree,1453,1732383300,1490,1589
2039,"CodeTON Round 9 (Div. 1 + Div. 2, Rated, Prizes!)",DiHuangXia,1455,1732383300,0,624
2039,"CodeTON Round 9 (Div. 1 + Div. 2, Rated, Prizes!)",WACEee,1456,1732383300,1541,1626
2039,"CodeTON Round 9 (Div. 1 + Div. 2, Rated, Prizes!)",wenyalong,1457,1732383300,1619,1683
2039,"CodeTON Round 9 (Div. 1 + Div. 2, Rated, Prizes!)",ppoollee,1457,1732383300,1575,1651
2039,"CodeTON Round 9 (Div. 1 + Div. 2, Rated, Prizes!)",yuanzhenxuan,1457,1732383300,1787,1807
2039,"CodeTON Round 9 (Div. 1 + Div. 2, Rated, Prizes!)",Ricki_White,1457,1732383300,2125,2062
2039,"CodeTON Round 9 (Div. 1 + Div. 2, Rated, Prizes!)",onlytrall,1461,1732383300,1950,1929
2039,"CodeTON Round 9 (Div. 1 + Div. 2, Rated, Prizes!)",MongHwa,1461,1732383300,1971,1945
2039,"CodeTON Round 9 (Div. 1 + Div. 2, Rated, Prizes!)",franchu,1461,1732383300,1950,1929
2039,"CodeTON Round 9 (Div. 1 + Div. 2, Rated, Prizes!)",damirosik,1464,1732383300,1774,1797
2039,"CodeTON Round 9 (Div. 1 + Div. 2, Rated, Prizes!)",TangWK,1465,1732383300,1569,1646
2039,"CodeTON Round 9 (Div. 1 + Div. 2, Rated, Prizes!)",tvmpqx_8601,1466,1732383300,2054,2007
2039,"CodeTON Round 9 (Div. 1 + Div. 2, Rated, Prizes!)",wudired_2,1467,1732383300,1789,1808
2039,"CodeTON Round 9 (Div. 1 + Div. 2, Rated, Prizes!)",BaoCoder613,1468,1732383300,1820,1831
2039,"CodeTON Round 9 (Div. 1 + Div. 2, Rated, Prizes!)",ScottChou,1468,1732383300,2128,2064
2039,"CodeTON Round 9 (Div. 1 + Div. 2, Rated, Prizes!)",IanISam,1470,1732383300,2169,2096
2039,"CodeTON Round 9 (Div. 1 + Div. 2, Rated, Prizes!)",blue_clay,1470,1732383300,1567,1644
2039,"CodeTON Round 9 (Div. 1 + Div. 2, Rated, Prizes!)",_XVIIVX,1470,1732383300,1543,1627
2039,"CodeTON Round 9 (Div. 1 + Div. 2, Rated, Prizes!)",deconstructionstar,1473,1732383300,1266,1493
2039,"CodeTON Round 9 (Div. 1 + Div. 2, Rated, Prizes!)",Kaddoo,1473,1732383300,1761,1787
2039,"CodeTON Round 9 (Div. 1 + Div. 2, Rated, Prizes!)",AhmedReda11,1473,1732383300,1355,1491
2039,"CodeTON Round 9 (Div. 1 + Div. 2, Rated, Prizes!)",happy_sisyphus,1476,1732383300,1739,1770
2039,"CodeTON Round 9 (Div. 1 + Div. 2, Rated, Prizes!)",IvayloS,1477,1732383300,1784,1803
2039,"CodeTON Round 9 (Div. 1 + Div. 2, Rated, Prizes!)",eggag32,1478,1732383300,2158,2086
2039,"CodeTON Round 9 (Div. 1 + Div. 2, Rated, Prizes!)",Lord_Wrongmort,1478,1732383300,1599,1666
2039,"CodeTON Round 9 (Div. 1 + Div. 2, Rated, Prizes!)",abdelrahman_rashed,1478,1732383300,1941,1921
2039,"CodeTON Round 9 (Div. 1 + Div. 2, Rated, Prizes!)",krigare,1481,1732383300,1860,1859
2039,"CodeTON Round 9 (Div. 1 + Div. 2, Rated, Prizes!)",2088143922,1481,1732383300,1602,1729
2039,"CodeTON Round 9 (Div. 1 + Div. 2, Rated, Prizes!)",lelbaba,1481,1732383300,1986,1955
2039,"CodeTON Round 9 (Div. 1 + Div. 2, Rated, Prizes!)",B00Legen,1484,1732383300,1751,1778
2039,"CodeTON Round 9 (Div. 1 + Div. 2, Rated, Prizes!)",master555,1484,1732383300,1656,1745
2039,"CodeTON Round 9 (Div. 1 + Div. 2, Rated, Prizes!)",miniL,1486,1732383300,1769,1791
2039,"CodeTON Round 9 (Div. 1 + Div. 2, Rated, Prizes!)",lixuanta,1486,1732383300,1525,1612
2039,"CodeTON Round 9 (Div. 1 + Div. 2, Rated, Prizes!)",rayated,1488,1732383300,1651,1705
2039,"CodeTON Round 9 (Div. 1 + Div. 2, Rated, Prizes!)",KarolZ,1489,1732383300,1702,1742
2039,"CodeTON Round 9 (Div. 1 + Div. 2, Rated, Prizes!)",Repeater11,1490,1732383300,1304,1510
2039,"CodeTON Round 9 (Div. 1 + Div. 2, Rated, Prizes!)",dragonoverlord3000,1491,1732383300,1784,1803
2039,"CodeTON Round 9 (Div. 1 + Div. 2, Rated, Prizes!)",umitsaha,1492,1732383300,1730,1762
2039,"CodeTON Round 9 (Div. 1 + Div. 2, Rated, Prizes!)",s_h_i_r_u_o_y_u,1493,1732383300,1644,1699
2039,"CodeTON Round 9 (Div. 1 + Div. 2, Rated, Prizes!)",charan,1493,1732383300,2112,2050
2039,"CodeTON Round 9 (Div. 1 + Div. 2, Rated, Prizes!)",tymond,1495,1732383300,1920,1904
2039,"CodeTON Round 9 (Div. 1 + Div. 2, Rated, Prizes!)",KoKai,1495,1732383300,1631,1689
2039,"CodeTON Round 9 (Div. 1 + Div. 2, Rated, Prizes!)",Jakub_Woxniak,1495,1732383300,2120,2056
2039,"CodeTON Round 9 (Div. 1 + Div. 2, Rated, Prizes!)",Arnur2937,1498,1732383300,1669,1717
2039,"CodeTON Round 9 (Div. 1 + Div. 2, Rated, Prizes!)",asdasdqwer,1499,1732383300,1935,1915
2039,"CodeTON Round 9 (Div. 1 + Div. 2, Rated, Prizes!)",nhho,1499,1732383300,2085,2029
2039,"CodeTON Round 9 (Div. 1 + Div. 2, Rated, Prizes!)",takaou,1501,1732383300,1651,1703
2039,"CodeTON Round 9 (Div. 1 + Div. 2, Rated, Prizes!)",arash.,1502,1732383300,2277,2177
2039,"CodeTON Round 9 (Div. 1 + Div. 2, Rated, Prizes!)",jtrh,1503,1732383300,2105,2043
2039,"CodeTON Round 9 (Div. 1 + Div. 2, Rated, Prizes!)",KagamiHiiragi,1504,1732383300,1661,1710
2039,"CodeTON Round 9 (Div. 1 + Div. 2, Rated, Prizes!)",ricky_ponting,1505,1732383300,1719,1753
2039,"CodeTON Round 9 (Div. 1 + Div. 2, Rated, Prizes!)",ywli08,1505,1732383300,1704,1742
2039,"CodeTON Round 9 (Div. 1 + Div. 2, Rated, Prizes!)",Piwry,1507,1732383300,1758,1781
2039,"CodeTON Round 9 (Div. 1 + Div. 2, Rated, Prizes!)",salvini_god,1508,1732383300,1681,1725
2039,"CodeTON Round 9 (Div. 1 + Div. 2, Rated, Prizes!)",ShinonomeKuro,1508,1732383300,1602,1666
2039,"CodeTON Round 9 (Div. 1 + Div. 2, Rated, Prizes!)",MagePetrus,1508,1732383300,2017,1976
2039,"CodeTON Round 9 (Div. 1 + Div. 2, Rated, Prizes!)",thisIsMorningstar,1511,1732383300,1968,1939
2039,"CodeTON Round 9 (Div. 1 + Div. 2, Rated, Prizes!)",vikram108,1512,1732383300,1715,1749
2039,"CodeTON Round 9 (Div. 1 + Div. 2, Rated, Prizes!)",ShadowPhoenix,1512,1732383300,1735,1764
2039,"CodeTON Round 9 (Div. 1 + Div. 2, Rated, Prizes!)",GlebKosachov,1514,1732383300,1585,1654
2039,"CodeTON Round 9 (Div. 1 + Div. 2, Rated, Prizes!)",begemot08,1514,1732383300,603,1043
2039,"CodeTON Round 9 (Div. 1 + Div. 2, Rated, Prizes!)",AdOjis485,1516,1732383300,1690,1731
2039,"CodeTON Round 9 (Div. 1 + Div. 2, Rated, Prizes!)",Bedoo,1517,1732383300,1984,1951
2039,"CodeTON Round 9 (Div. 1 + Div. 2, Rated, Prizes!)",wallace11451,1518,1732383300,1655,1705
2039,"CodeTON Round 9 (Div. 1 + Div. 2, Rated, Prizes!)",Hanyu_23,1519,1732383300,1758,1781
2039,"CodeTON Round 9 (Div. 1 + Div. 2, Rated, Prizes!)",catforces,1520,1732383300,2159,2084
2039,"CodeTON Round 9 (Div. 1 + Div. 2, Rated, Prizes!)",knightofshadow,1521,1732383300,1336,1509
2039,"CodeTON Round 9 (Div. 1 + Div. 2, Rated, Prizes!)",Kirilliym,1522,1732383300,1857,1854
2039,"CodeTON Round 9 (Div. 1 + Div. 2, Rated, Prizes!)",lockdown,1523,1732383300,1626,1683
2039,"CodeTON Round 9 (Div. 1 + Div. 2, Rated, Prizes!)",Akash.,1524,1732383300,1832,1835
2039,"CodeTON Round 9 (Div. 1 + Div. 2, Rated, Prizes!)",NeVzZo,1525,1732383300,1699,1736
2039,"CodeTON Round 9 (Div. 1 + Div. 2, Rated, Prizes!)",Erkinoff_Mohammed,1525,1732383300,1903,1888
2039,"CodeTON Round 9 (Div. 1 + Div. 2, Rated, Prizes!)",mazen228,1525,1732383300,1350,1483
2039,"CodeTON Round 9 (Div. 1 + Div. 2, Rated, Prizes!)",ventusliberum,1525,1732383300,1891,1879
2039,"CodeTON Round 9 (Div. 1 + Div. 2, Rated, Prizes!)",Wielomian,1529,1732383300,2241,2148
2039,"CodeTON Round 9 (Div. 1 + Div. 2, Rated, Prizes!)",Shamim97,1529,1732383300,1608,1669
2039,"CodeTON Round 9 (Div. 1 + Div. 2, Rated, Prizes!)",qianchen01,1531,1732383300,1841,1842
2039,"CodeTON Round 9 (Div. 1 + Div. 2, Rated, Prizes!)",jjaewon,1531,1732383300,1859,1855
2039,"CodeTON Round 9 (Div. 1 + Div. 2, Rated, Prizes!)",maksonchik20,1533,1732383300,1617,1676
2039,"CodeTON Round 9 (Div. 1 + Div. 2, Rated, Prizes!)",dongfangyanxu,1534,1732383300,1732,1761
2039,"CodeTON Round 9 (Div. 1 + Div. 2, Rated, Prizes!)",woodie_0063,1535,1732383300,1879,1870
2039,"CodeTON Round 9 (Div. 1 + Div. 2, Rated, Prizes!)",Hardsoft,1535,1732383300,1700,1737
2039,"CodeTON Round 9 (Div. 1 + Div. 2, Rated, Prizes!)",Norbertgamote,1537,1732383300,1526,1609
2039,"CodeTON Round 9 (Div. 1 + Div. 2, Rated, Prizes!)",bitcoin,1538,1732383300,1611,1670
2039,"CodeTON Round 9 (Div. 1 + Div. 2, Rated, Prizes!)",andrei_p,1538,1732383300,1694,1732
2039,"CodeTON Round 9 (Div. 1 + Div. 2, Rated, Prizes!)",eneqwqaha,1540,1732383300,661,1084
2039,"CodeTON Round 9 (Div. 1 + Div. 2, Rated, Prizes!)",Micro_Sun,1541,1732383300,1569,1639
2039,"CodeTON Round 9 (Div. 1 + Div. 2, Rated, Prizes!)",_R00T,1542,1732383300,1932,1909
2039,"CodeTON Round 9 (Div. 1 + Div. 2, Rated, Prizes!)",tianyouzi,1543,1732383300,1768,1787
2039,"CodeTON Round 9 (Div. 1 + Div. 2, Rated, Prizes!)",WDCnew,1544,1732383300,1888,1876
2039,"CodeTON Round 9 (Div. 1 + Div. 2, Rated, Prizes!)",stefansav,1545,1732383300,2193,2109
2039,"CodeTON Round 9 (Div. 1 + Div. 2, Rated, Prizes!)",Mhkhan,1546,1732383300,1455,1556
2039,"CodeTON Round 9 (Div. 1 + Div. 2, Rated, Prizes!)",Maburb,1547,1732383300,1706,1740
2039,"CodeTON Round 9 (Div. 1 + Div. 2, Rated, Prizes!)",Evocation,1548,1732383300,1821,1825
2039,"CodeTON Round 9 (Div. 1 + Div. 2, Rated, Prizes!)",kai824,1549,1732383300,2158,2081
2039,"CodeTON Round 9 (Div. 1 + Div. 2, Rated, Prizes!)",aircat,1550,1732383300,1759,1779
2039,"CodeTON Round 9 (Div. 1 + Div. 2, Rated, Prizes!)",yeetholmes619,1550,1732383300,1709,1742
2039,"CodeTON Round 9 (Div. 1 + Div. 2, Rated, Prizes!)",Nikita2038,1550,1732383300,1551,1625
2039,"CodeTON Round 9 (Div. 1 + Div. 2, Rated, Prizes!)",CP_xam_lon,1553,1732383300,1580,1684
2039,"CodeTON Round 9 (Div. 1 + Div. 2, Rated, Prizes!)",nicnaknic,1554,1732383300,1864,1857
2039,"CodeTON Round 9 (Div. 1 + Div. 2, Rated, Prizes!)",chenRenning,1555,1732383300,1488,1580
2039,"CodeTON Round 9 (Div. 1 + Div. 2, Rated, Prizes!)",Lntano265,1556,1732383300,1351,1481
2039,"CodeTON Round 9 (Div. 1 + Div. 2, Rated, Prizes!)",Ar1hara_Nanami,1557,1732383300,1661,1706
2039,"CodeTON Round 9 (Div. 1 + Div. 2, Rated, Prizes!)",Skeleton_Huo,1558,1732383300,1435,1541
2039,"CodeTON Round 9 (Div. 1 + Div. 2, Rated, Prizes!)",Kira_1234,1559,1732383300,2187,2103
2039,"CodeTON Round 9 (Div. 1 + Div. 2, Rated, Prizes!)",xie_ccc,1559,1732383300,1679,1719
2039,"CodeTON Round 9 (Div. 1 + Div. 2, Rated, Prizes!)",MintCat,1561,1732383300,2006,1964
2039,"CodeTON Round 9 (Div. 1 + Div. 2, Rated, Prizes!)",PineaP,1561,1732383300,1999,1959
2039,"CodeTON Round 9 (Div. 1 + Div. 2, Rated, Prizes!)",ereoth,1563,1732383300,2086,2024
2039,"CodeTON Round 9 (Div. 1 + Div. 2, Rated, Prizes!)",Kawaii,1563,1732383300,1970,1937
2039,"CodeTON Round 9 (Div. 1 + Div. 2, Rated, Prizes!)",C-plus,1563,1732383300,1772,1824
2039,"CodeTON Round 9 (Div. 1 + Div. 2, Rated, Prizes!)",kaiyi_44697,1563,1732383300,1631,1683
2039,"CodeTON Round 9 (Div. 1 + Div. 2, Rated, Prizes!)",PEEPEEMAN,1567,1732383300,1418,1598
2039,"CodeTON Round 9 (Div. 1 + Div. 2, Rated, Prizes!)",Dangerise,1567,1732383300,1441,1581
2039,"CodeTON Round 9 (Div. 1 + Div. 2, Rated, Prizes!)",Kway88,1569,1732383300,1895,1880
2039,"CodeTON Round 9 (Div. 1 + Div. 2, Rated, Prizes!)",little__bug,1570,1732383300,1537,1614
2039,"CodeTON Round 9 (Div. 1 + Div. 2, Rated, Prizes!)",AndreasK,1571,1732383300,1657,1702
2039,"CodeTON Round 9 (Div. 1 + Div. 2, Rated, Prizes!)",thelegendary08,1572,1732383300,1912,1892
2039,"CodeTON Round 9 (Div. 1 + Div. 2, Rated, Prizes!)",TomazGomes,1573,1732383300,1835,1834
2039,"CodeTON Round 9 (Div. 1 + Div. 2, Rated, Prizes!)",Cynops,1574,1732383300,1979,1943
2039,"CodeTON Round 9 (Div. 1 + Div. 2, Rated, Prizes!)",HowMoring,1575,1732383300,1836,1835
2039,"CodeTON Round 9 (Div. 1 + Div. 2, Rated, Prizes!)",Ricardo03,1576,1732383300,1898,1882
2039,"CodeTON Round 9 (Div. 1 + Div. 2, Rated, Prizes!)",RingedGenesis,1577,1732383300,2291,2183
2039,"CodeTON Round 9 (Div. 1 + Div. 2, Rated, Prizes!)",dldlzjfs,1577,1732383300,1301,1444
2039,"CodeTON Round 9 (Div. 1 + Div. 2, Rated, Prizes!)",mateberishvili,1579,1732383300,1715,1745
2039,"CodeTON Round 9 (Div. 1 + Div. 2, Rated, Prizes!)",czx400,1580,1732383300,1470,1564
2039,"CodeTON Round 9 (Div. 1 + Div. 2, Rated, Prizes!)",CSPercival,1580,1732383300,1951,1921
2039,"CodeTON Round 9 (Div. 1 + Div. 2, Rated, Prizes!)",Wael_Zaiback,1582,1732383300,2154,2076
2039,"CodeTON Round 9 (Div. 1 + Div. 2, Rated, Prizes!)",srlabib,1583,1732383300,1491,1579
2039,"CodeTON Round 9 (Div. 1 + Div. 2, Rated, Prizes!)",Exiled_Code2022,1584,1732383300,1532,1609
2039,"CodeTON Round 9 (Div. 1 + Div. 2, Rated, Prizes!)",jinyq,1585,1732383300,1148,1431
2039,"CodeTON Round 9 (Div. 1 + Div. 2, Rated, Prizes!)",PinoF,1586,1732383300,1637,1686
2039,"CodeTON Round 9 (Div. 1 + Div. 2, Rated, Prizes!)",kalquizhaibutok,1586,1732383300,1335,1571
2039,"CodeTON Round 9 (Div. 1 + Div. 2, Rated, Prizes!)",L1ghtOcean,1588,1732383300,1908,1888
2039,"CodeTON Round 9 (Div. 1 + Div. 2, Rated, Prizes!)",zuozug,1589,1732383300,1744,1765
2039,"CodeTON Round 9 (Div. 1 + Div. 2, Rated, Prizes!)",Mohammad_soleman,1589,1732383300,1581,1645
2039,"CodeTON Round 9 (Div. 1 + Div. 2, Rated, Prizes!)",amir.dab.2008,1591,1732383300,1279,1427
2039,"CodeTON Round 9 (Div. 1 + Div. 2, Rated, Prizes!)",Neketman,1591,1732383300,1787,1797
2039,"CodeTON Round 9 (Div. 1 + Div. 2, Rated, Prizes!)",yell_,1591,1732383300,1283,1430
2039,"CodeTON Round 9 (Div. 1 + Div. 2, Rated, Prizes!)",Mukundan314,1594,1732383300,1870,1859
2039,"CodeTON Round 9 (Div. 1 + Div. 2, Rated, Prizes!)",Chirkir,1595,1732383300,1372,1493
2039,"CodeTON Round 9 (Div. 1 + Div. 2, Rated, Prizes!)",lad1chka,1596,1732383300,1789,1798
2039,"CodeTON Round 9 (Div. 1 + Div. 2, Rated, Prizes!)",madziaaaaa_07,1597,1732383300,1694,1727
2039,"CodeTON Round 9 (Div. 1 + Div. 2, Rated, Prizes!)",JYUNL,1598,1732383300,1703,1771
2039,"CodeTON Round 9 (Div. 1 + Div. 2, Rated, Prizes!)",hugo4CF,1599,1732383300,2044,1990
2039,"CodeTON Round 9 (Div. 1 + Div. 2, Rated, Prizes!)",MegaKrutoiBeibaSoskaChan,1599,1732383300,1756,1773
2039,"CodeTON Round 9 (Div. 1 + Div. 2, Rated, Prizes!)",sep82,1599,1732383300,1400,1512
2039,"CodeTON Round 9 (Div. 1 + Div. 2, Rated, Prizes!)",Pocochuk,1599,1732383300,1710,1738
2039,"CodeTON Round 9 (Div. 1 + Div. 2, Rated, Prizes!)",osvarp,1603,1732383300,1823,1822
2039,"CodeTON Round 9 (Div. 1 + Div. 2, Rated, Prizes!)",sufficiently_large_boss,1604,1732383300,1977,1939
2039,"CodeTON Round 9 (Div. 1 + Div. 2, Rated, Prizes!)",wkywky,1605,1732383300,1788,1796
2039,"CodeTON Round 9 (Div. 1 + Div. 2, Rated, Prizes!)",Oanh_va_Khoi,1606,1732383300,1871,1858
2039,"CodeTON Round 9 (Div. 1 + Div. 2, Rated, Prizes!)",Suzuranovo,1607,1732383300,1573,1637
2039,"CodeTON Round 9 (Div. 1 + Div. 2, Rated, Prizes!)",I_Love_Vianu,1608,1732383300,1702,1732
2039,"CodeTON Round 9 (Div. 1 + Div. 2, Rated, Prizes!)",AmazingL,1608,1732383300,1790,1797
2039,"CodeTON Round 9 (Div. 1 + Div. 2, Rated, Prizes!)",0___0,1610,1732383300,1730,1753
2039,"CodeTON Round 9 (Div. 1 + Div. 2, Rated, Prizes!)",v1et,1611,1732383300,1803,1807
2039,"CodeTON Round 9 (Div. 1 + Div. 2, Rated, Prizes!)",El_Roge,1612,1732383300,1643,1688
2039,"CodeTON Round 9 (Div. 1 + Div. 2, Rated, Prizes!)",EternalHeart1314,1613,1732383300,1750,1768
2039,"CodeTON Round 9 (Div. 1 + Div. 2, Rated, Prizes!)",0missionimpossible0,1614,1732383300,1664,1703
2039,"CodeTON Round 9 (Div. 1 + Div. 2, Rated, Prizes!)",PaciukZvichainyi,1614,1732383300,2064,2004
2039,"CodeTON Round 9 (Div. 1 + Div. 2, Rated, Prizes!)",aminjon__,1616,1732383300,1640,1686
2039,"CodeTON Round 9 (Div. 1 + Div. 2, Rated, Prizes!)",Shakil17,1616,1732383300,1990,1948
2039,"CodeTON Round 9 (Div. 1 + Div. 2, Rated, Prizes!)",khoad,1618,1732383300,1680,1715
2039,"CodeTON Round 9 (Div. 1 + Div. 2, Rated, Prizes!)",turkoarias,1619,1732383300,1506,1587
2039,"CodeTON Round 9 (Div. 1 + Div. 2, Rated, Prizes!)",Rating_10101010,1619,1732383300,1767,1780
2039,"CodeTON Round 9 (Div. 1 + Div. 2, Rated, Prizes!)",akorton,1619,1732383300,1651,1693
2039,"CodeTON Round 9 (Div. 1 + Div. 2, Rated, Prizes!)",bunH2O,1622,1732383300,2369,2242
2039,"CodeTON Round 9 (Div. 1 + Div. 2, Rated, Prizes!)",ParsaFarin,1622,1732383300,1542,1613
2039,"CodeTON Round 9 (Div. 1 + Div. 2, Rated, Prizes!)",Li_si_yuan,1624,1732383300,1187,1362
2039,"CodeTON Round 9 (Div. 1 + Div. 2, Rated, Prizes!)",CIXTEEN,1625,1732383300,1922,1896
2039,"CodeTON Round 9 (Div. 1 + Div. 2, Rated, Prizes!)",y0yg8,1625,1732383300,1527,1639
2039,"CodeTON Round 9 (Div. 1 + Div. 2, Rated, Prizes!)",Bomb167377,1625,1732383300,0,611
2039,"CodeTON Round 9 (Div. 1 + Div. 2, Rated, Prizes!)",AbelDE,1628,1732383300,1804,1806
2039,"CodeTON Round 9 (Div. 1 + Div. 2, Rated, Prizes!)",SopaconK,1628,1732383300,1835,1830
2039,"CodeTON Round 9 (Div. 1 + Div. 2, Rated, Prizes!)",Eggment_tree,1630,1732383300,1997,1952
2039,"CodeTON Round 9 (Div. 1 + Div. 2, Rated, Prizes!)",VanyaM1,1631,1732383300,1938,1907
2039,"CodeTON Round 9 (Div. 1 + Div. 2, Rated, Prizes!)",uudd2,1631,1732383300,527,980
2039,"CodeTON Round 9 (Div. 1 + Div. 2, Rated, Prizes!)",LowPill,1633,1732383300,2164,2080
2039,"CodeTON Round 9 (Div. 1 + Div. 2, Rated, Prizes!)",vangtrangtan,1633,1732383300,1586,1645
2039,"CodeTON Round 9 (Div. 1 + Div. 2, Rated, Prizes!)",the_last_smilodon,1633,1732383300,1573,1635
2039,"CodeTON Round 9 (Div. 1 + Div. 2, Rated, Prizes!)",urieg_alltime,1636,1732383300,1733,1753
2039,"CodeTON Round 9 (Div. 1 + Div. 2, Rated, Prizes!)",Polaris1000M,1637,1732383300,1047,1317
2039,"CodeTON Round 9 (Div. 1 + Div. 2, Rated, Prizes!)",nolongerthere,1638,1732383300,437,914
2039,"CodeTON Round 9 (Div. 1 + Div. 2, Rated, Prizes!)",samweihong,1639,1732383300,1541,1612
2039,"CodeTON Round 9 (Div. 1 + Div. 2, Rated, Prizes!)",Pa_sha,1640,1732383300,1766,1778
2039,"CodeTON Round 9 (Div. 1 + Div. 2, Rated, Prizes!)",fbrunodr,1640,1732383300,1822,1820
2039,"CodeTON Round 9 (Div. 1 + Div. 2, Rated, Prizes!)",IlliaO,1642,1732383300,1151,1396
2039,"CodeTON Round 9 (Div. 1 + Div. 2, Rated, Prizes!)",mashiro11,1643,1732383300,1174,1405
2039,"CodeTON Round 9 (Div. 1 + Div. 2, Rated, Prizes!)",gsn531,1644,1732383300,1926,1898
2039,"CodeTON Round 9 (Div. 1 + Div. 2, Rated, Prizes!)",S1eGa,1645,1732383300,1875,1859
2039,"CodeTON Round 9 (Div. 1 + Div. 2, Rated, Prizes!)",Hooded_Hood,1645,1732383300,1604,1657
2039,"CodeTON Round 9 (Div. 1 + Div. 2, Rated, Prizes!)",Hirasawaa,1647,1732383300,1423,1525
2039,"CodeTON Round 9 (Div. 1 + Div. 2, Rated, Prizes!)",flying_saucer,1647,1732383300,1685,1717
2039,"CodeTON Round 9 (Div. 1 + Div. 2, Rated, Prizes!)",Flantern,1647,1732383300,1693,1722
2039,"CodeTON Round 9 (Div. 1 + Div. 2, Rated, Prizes!)",tkt0506tkt,1650,1732383300,1828,1823
2039,"CodeTON Round 9 (Div. 1 + Div. 2, Rated, Prizes!)",bezdarn0st,1651,1732383300,1777,1785
2039,"CodeTON Round 9 (Div. 1 + Div. 2, Rated, Prizes!)",Lolicodedao,1652,1732383300,1692,1721
2039,"CodeTON Round 9 (Div. 1 + Div. 2, Rated, Prizes!)",AfterALongTime2,1652,1732383300,1514,1627
2039,"CodeTON Round 9 (Div. 1 + Div. 2, Rated, Prizes!)",pranavgarg.cs,1654,1732383300,1658,1696
2039,"CodeTON Round 9 (Div. 1 + Div. 2, Rated, Prizes!)",GoogleDocs,1654,1732383300,1566,1629
2039,"CodeTON Round 9 (Div. 1 + Div. 2, Rated, Prizes!)",zhec,1656,1732383300,1258,1473
2039,"CodeTON Round 9 (Div. 1 + Div. 2, Rated, Prizes!)",chromatic,1657,1732383300,1660,1698
2039,"CodeTON Round 9 (Div. 1 + Div. 2, Rated, Prizes!)",Urtusea,1657,1732383300,1742,1758
2039,"CodeTON Round 9 (Div. 1 + Div. 2, Rated, Prizes!)",wonrzrzeczny,1659,1732383300,2210,2114
2039,"CodeTON Round 9 (Div. 1 + Div. 2, Rated, Prizes!)",dhsg,1659,1732383300,2090,2021
2039,"CodeTON Round 9 (Div. 1 + Div. 2, Rated, Prizes!)",MNnazrul,1661,1732383300,1658,1696
2039,"CodeTON Round 9 (Div. 1 + Div. 2, Rated, Prizes!)",emeryturka,1661,1732383300,675,1085
2039,"CodeTON Round 9 (Div. 1 + Div. 2, Rated, Prizes!)",cbdsopa,1661,1732383300,1862,1848
2039,"CodeTON Round 9 (Div. 1 + Div. 2, Rated, Prizes!)",42-the_answer,1664,1732383300,1663,1699
2039,"CodeTON Round 9 (Div. 1 + Div. 2, Rated, Prizes!)",iamAcid,1665,1732383300,1563,1625
2039,"CodeTON Round 9 (Div. 1 + Div. 2, Rated, Prizes!)",qwsxza,1666,1732383300,1702,1728
2039,"CodeTON Round 9 (Div. 1 + Div. 2, Rated, Prizes!)",Whswhs,1667,1732383300,1881,1862
2039,"CodeTON Round 9 (Div. 1 + Div. 2, Rated, Prizes!)",harvsftw,1667,1732383300,1681,1712
2039,"CodeTON Round 9 (Div. 1 + Div. 2, Rated, Prizes!)",gameface_123,1669,1732383300,1697,1724
2039,"CodeTON Round 9 (Div. 1 + Div. 2, Rated, Prizes!)",hexagoning,1670,1732383300,1490,1572
2039,"CodeTON Round 9 (Div. 1 + Div. 2, Rated, Prizes!)",Desh01,1671,1732383300,2010,1959
2039,"CodeTON Round 9 (Div. 1 + Div. 2, Rated, Prizes!)",DesiGendmaster,1672,1732383300,523,973
2039,"CodeTON Round 9 (Div. 1 + Div. 2, Rated, Prizes!)",sleepwalking643,1672,1732383300,1777,1783
2039,"CodeTON Round 9 (Div. 1 + Div. 2, Rated, Prizes!)",whiitex,1674,1732383300,1635,1678
2039,"CodeTON Round 9 (Div. 1 + Div. 2, Rated, Prizes!)",chllo777,1674,1732383300,1911,1884
2039,"CodeTON Round 9 (Div. 1 + Div. 2, Rated, Prizes!)",LauLLeLien,1676,1732383300,1710,1734
2039,"CodeTON Round 9 (Div. 1 + Div. 2, Rated, Prizes!)",LiYue_GanYu,1676,1732383300,1812,1809
2039,"CodeTON Round 9 (Div. 1 + Div. 2, Rated, Prizes!)",shrimpballs,1678,1732383300,1495,1575
2039,"CodeTON Round 9 (Div. 1 + Div. 2, Rated, Prizes!)",siugi,1679,1732383300,1583,1639
2039,"CodeTON Round 9 (Div. 1 + Div. 2, Rated, Prizes!)",qhyer,1680,1732383300,1582,1638
2039,"CodeTON Round 9 (Div. 1 + Div. 2, Rated, Prizes!)",mnzb2000,1680,1732383300,1509,1585
2039,"CodeTON Round 9 (Div. 1 + Div. 2, Rated, Prizes!)",KisuraOP,1682,1732383300,1724,1744
2039,"CodeTON Round 9 (Div. 1 + Div. 2, Rated, Prizes!)",gyuzacha,1683,1732383300,1956,1917
2039,"CodeTON Round 9 (Div. 1 + Div. 2, Rated, Prizes!)",soyeb_p_jim,1683,1732383300,1549,1614
2039,"CodeTON Round 9 (Div. 1 + Div. 2, Rated, Prizes!)",CodingJellyfish,1685,1732383300,1872,1854
2039,"CodeTON Round 9 (Div. 1 + Div. 2, Rated, Prizes!)",ktimur,1685,1732383300,1642,1683
2039,"CodeTON Round 9 (Div. 1 + Div. 2, Rated, Prizes!)",VahanAbraham,1687,1732383300,1810,1807
2039,"CodeTON Round 9 (Div. 1 + Div. 2, Rated, Prizes!)",oiumy,1687,1732383300,1746,1759
2039,"CodeTON Round 9 (Div. 1 + Div. 2, Rated, Prizes!)",banti,1689,1732383300,1800,1799
2039,"CodeTON Round 9 (Div. 1 + Div. 2, Rated, Prizes!)",TJacobus,1690,1732383300,1603,1653
2039,"CodeTON Round 9 (Div. 1 + Div. 2, Rated, Prizes!)",tepchik,1691,1732383300,1950,1912
2039,"CodeTON Round 9 (Div. 1 + Div. 2, Rated, Prizes!)",Axeley,1692,1732383300,1726,1744
2039,"CodeTON Round 9 (Div. 1 + Div. 2, Rated, Prizes!)",zimno,1692,1732383300,1606,1655
2039,"CodeTON Round 9 (Div. 1 + Div. 2, Rated, Prizes!)",afmafk,1694,1732383300,1544,1610
2039,"CodeTON Round 9 (Div. 1 + Div. 2, Rated, Prizes!)",yupooh,1695,1732383300,1980,1935
2039,"CodeTON Round 9 (Div. 1 + Div. 2, Rated, Prizes!)",zhuo__,1696,1732383300,1763,1771
2039,"CodeTON Round 9 (Div. 1 + Div. 2, Rated, Prizes!)",CosAlpha,1697,1732383300,1687,1715
2039,"CodeTON Round 9 (Div. 1 + Div. 2, Rated, Prizes!)",ForDiv_3,1697,1732383300,1820,1814
2039,"CodeTON Round 9 (Div. 1 + Div. 2, Rated, Prizes!)",Anyli,1699,1732383300,1465,1552
2039,"CodeTON Round 9 (Div. 1 + Div. 2, Rated, Prizes!)",CJdengunhao,1700,1732383300,1627,1670
2039,"CodeTON Round 9 (Div. 1 + Div. 2, Rated, Prizes!)",Timosh,1701,1732383300,1937,1902
2039,"CodeTON Round 9 (Div. 1 + Div. 2, Rated, Prizes!)",AndrewNguyen,1702,1732383300,1605,1690
2039,"CodeTON Round 9 (Div. 1 + Div. 2, Rated, Prizes!)",Irate,1703,1732383300,1680,1709
2039,"CodeTON Round 9 (Div. 1 + Div. 2, Rated, Prizes!)",xtung,1704,1732383300,1449,1540
2039,"CodeTON Round 9 (Div. 1 + Div. 2, Rated, Prizes!)",BluoCaroot,1704,1732383300,1735,1750
2039,"CodeTON Round 9 (Div. 1 + Div. 2, Rated, Prizes!)",Ausmosian,1706,1732383300,1622,1666
2039,"CodeTON Round 9 (Div. 1 + Div. 2, Rated, Prizes!)",TLE_Automat,1707,1732383300,2006,1954
2039,"CodeTON Round 9 (Div. 1 + Div. 2, Rated, Prizes!)",lord_mystery,1707,1732383300,1549,1612
2039,"CodeTON Round 9 (Div. 1 + Div. 2, Rated, Prizes!)",RabbitPower,1709,1732383300,1952,1913
2039,"CodeTON Round 9 (Div. 1 + Div. 2, Rated, Prizes!)",xiao__xiao,1710,1732383300,1759,1768
2039,"CodeTON Round 9 (Div. 1 + Div. 2, Rated, Prizes!)",Pslnd,1711,1732383300,1649,1686
2039,"CodeTON Round 9 (Div. 1 + Div. 2, Rated, Prizes!)",SCUTkk,1712,1732383300,1795,1794
2039,"CodeTON Round 9 (Div. 1 + Div. 2, Rated, Prizes!)",IgorA,1713,1732383300,1685,1712
2039,"CodeTON Round 9 (Div. 1 + Div. 2, Rated, Prizes!)",feret,1713,1732383300,1097,1294
2039,"CodeTON Round 9 (Div. 1 + Div. 2, Rated, Prizes!)",luka.heric,1715,1732383300,1797,1796
2039,"CodeTON Round 9 (Div. 1 + Div. 2, Rated, Prizes!)",lastSeen,1716,1732383300,1538,1604
2039,"CodeTON Round 9 (Div. 1 + Div. 2, Rated, Prizes!)",1BeeNY1,1717,1732383300,1728,1744
2039,"CodeTON Round 9 (Div. 1 + Div. 2, Rated, Prizes!)",LKV0429,1717,1732383300,1588,1640
2039,"CodeTON Round 9 (Div. 1 + Div. 2, Rated, Prizes!)",vaiibhav75,1719,1732383300,1896,1870
2039,"CodeTON Round 9 (Div. 1 + Div. 2, Rated, Prizes!)",ciaskbe,1719,1732383300,1560,1656
2039,"CodeTON Round 9 (Div. 1 + Div. 2, Rated, Prizes!)",yl9ss,1721,1732383300,1761,1768
2039,"CodeTON Round 9 (Div. 1 + Div. 2, Rated, Prizes!)",wangif424,1721,1732383300,1564,1622
2039,"CodeTON Round 9 (Div. 1 + Div. 2, Rated, Prizes!)",piaoyun,1723,1732383300,2357,2227
2039,"CodeTON Round 9 (Div. 1 + Div. 2, Rated, Prizes!)",ryno,1723,1732383300,1772,1776
2039,"CodeTON Round 9 (Div. 1 + Div. 2, Rated, Prizes!)",sb_Kopicy,1725,1732383300,1671,1701
2039,"CodeTON Round 9 (Div. 1 + Div. 2, Rated, Prizes!)",Nonoze,1726,1732383300,2097,2022
2039,"CodeTON Round 9 (Div. 1 + Div. 2, Rated, Prizes!)",SebR,1727,1732383300,1970,1925
2039,"CodeTON Round 9 (Div. 1 + Div. 2, Rated, Prizes!)",Dispensable,1728,1732383300,2159,2071
2039,"CodeTON Round 9 (Div. 1 + Div. 2, Rated, Prizes!)",zgla755,1729,1732383300,1605,1651
2039,"CodeTON Round 9 (Div. 1 + Div. 2, Rated, Prizes!)",KitasCraft,1729,1732383300,1793,1791
2039,"CodeTON Round 9 (Div. 1 + Div. 2, Rated, Prizes!)",cjr2010,1731,1732383300,1747,1757
2039,"CodeTON Round 9 (Div. 1 + Div. 2, Rated, Prizes!)",dpark3542,1732,1732383300,1671,1701
2039,"CodeTON Round 9 (Div. 1 + Div. 2, Rated, Prizes!)",Galaxy_KW,1732,1732383300,1711,1730
2039,"CodeTON Round 9 (Div. 1 + Div. 2, Rated, Prizes!)",bili2002,1734,1732383300,1865,1845
2039,"CodeTON Round 9 (Div. 1 + Div. 2, Rated, Prizes!)",tthanhloi2007,1734,1732383300,1645,1681
2039,"CodeTON Round 9 (Div. 1 + Div. 2, Rated, Prizes!)",ryucc,1736,1732383300,1846,1831
2039,"CodeTON Round 9 (Div. 1 + Div. 2, Rated, Prizes!)",davit_tsibadze,1737,1732383300,1673,1701
2039,"CodeTON Round 9 (Div. 1 + Div. 2, Rated, Prizes!)",slonik11111111,1738,1732383300,1693,1717
2039,"CodeTON Round 9 (Div. 1 + Div. 2, Rated, Prizes!)",too_rusty,1739,1732383300,2128,2046
2039,"CodeTON Round 9 (Div. 1 + Div. 2, Rated, Prizes!)",hihitherethere,1740,1732383300,1690,1714
2039,"CodeTON Round 9 (Div. 1 + Div. 2, Rated, Prizes!)",hahaha32323,1741,1732383300,1289,1422
2039,"CodeTON Round 9 (Div. 1 + Div. 2, Rated, Prizes!)",Zeeman01,1742,1732383300,1769,1772
2039,"CodeTON Round 9 (Div. 1 + Div. 2, Rated, Prizes!)",zhy1206,1743,1732383300,1937,1899
2039,"CodeTON Round 9 (Div. 1 + Div. 2, Rated, Prizes!)",lcf12345,1744,1732383300,1699,1720
2039,"CodeTON Round 9 (Div. 1 + Div. 2, Rated, Prizes!)",lequoctran181,1745,1732383300,1709,1728
2039,"CodeTON Round 9 (Div. 1 + Div. 2, Rated, Prizes!)",ThucLV,1746,1732383300,1866,1845
2039,"CodeTON Round 9 (Div. 1 + Div. 2, Rated, Prizes!)",Mitsubachi,1747,1732383300,2238,2131
2039,"CodeTON Round 9 (Div. 1 + Div. 2, Rated, Prizes!)",chenwenmo,1748,1732383300,1663,1694
2039,"CodeTON Round 9 (Div. 1 + Div. 2, Rated, Prizes!)",Coder_Fang,1749,1732383300,1837,1823
2039,"CodeTON Round 9 (Div. 1 + Div. 2, Rated, Prizes!)",otarius,1750,1732383300,1865,1844
2039,"CodeTON Round 9 (Div. 1 + Div. 2, Rated, Prizes!)",nectarl,1751,1732383300,1550,1610
2039,"CodeTON Round 9 (Div. 1 + Div. 2, Rated, Prizes!)",JahonaliX,1752,1732383300,1996,1943
2039,"CodeTON Round 9 (Div. 1 + Div. 2, Rated, Prizes!)",sahasrad,1753,1732383300,1719,1735
2039,"CodeTON Round 9 (Div. 1 + Div. 2, Rated, Prizes!)",zhongpeilin,1754,1732383300,2055,1988
2039,"CodeTON Round 9 (Div. 1 + Div. 2, Rated, Prizes!)",rlidon2006,1754,1732383300,1753,1760
2039,"CodeTON Round 9 (Div. 1 + Div. 2, Rated, Prizes!)",usernameson,1756,1732383300,1793,1789
2039,"CodeTON Round 9 (Div. 1 + Div. 2, Rated, Prizes!)",ZN-ACE,1757,1732383300,2004,1949
2039,"CodeTON Round 9 (Div. 1 + Div. 2, Rated, Prizes!)",dragonmuffin,1757,1732383300,2160,2069
2039,"CodeTON Round 9 (Div. 1 + Div. 2, Rated, Prizes!)",xjt01,1759,1732383300,1680,1705
2039,"CodeTON Round 9 (Div. 1 + Div. 2, Rated, Prizes!)",Mazen_Ghanayem,1759,1732383300,1753,1759
2039,"CodeTON Round 9 (Div. 1 + Div. 2, Rated, Prizes!)",TanvirZihad,1759,1732383300,1654,1685
2039,"CodeTON Round 9 (Div. 1 + Div. 2, Rated, Prizes!)",wsztbq,1762,1732383300,1626,1665
2039,"CodeTON Round 9 (Div. 1 + Div. 2, Rated, Prizes!)",activedeltorre,1763,1732383300,2392,2253
2039,"CodeTON Round 9 (Div. 1 + Div. 2, Rated, Prizes!)",Bobii,1764,1732383300,1783,1781
2039,"CodeTON Round 9 (Div. 1 + Div. 2, Rated, Prizes!)",socho,1765,1732383300,2213,2111
2039,"CodeTON Round 9 (Div. 1 + Div. 2, Rated, Prizes!)",skulkers,1765,1732383300,1607,1651
2039,"CodeTON Round 9 (Div. 1 + Div. 2, Rated, Prizes!)",Aword,1767,1732383300,1729,1741
2039,"CodeTON Round 9 (Div. 1 + Div. 2, Rated, Prizes!)",qfl_zzz,1768,1732383300,1934,1895
2039,"CodeTON Round 9 (Div. 1 + Div. 2, Rated, Prizes!)",lvle,1768,1732383300,1774,1774
2039,"CodeTON Round 9 (Div. 1 + Div. 2, Rated, Prizes!)",TryingToBeEnough,1770,1732383300,1914,1880
2039,"CodeTON Round 9 (Div. 1 + Div. 2, Rated, Prizes!)",ironwaste,1771,1732383300,1447,1533
2039,"CodeTON Round 9 (Div. 1 + Div. 2, Rated, Prizes!)",termal,1772,1732383300,1718,1732
2039,"CodeTON Round 9 (Div. 1 + Div. 2, Rated, Prizes!)",ViratKohliGoat,1773,1732383300,1939,1898
2039,"CodeTON Round 9 (Div. 1 + Div. 2, Rated, Prizes!)",ikira.57,1774,1732383300,2234,2127
2039,"CodeTON Round 9 (Div. 1 + Div. 2, Rated, Prizes!)",MountAim,1774,1732383300,1593,1639
2039,"CodeTON Round 9 (Div. 1 + Div. 2, Rated, Prizes!)",tepamid,1776,1732383300,1829,1815
2039,"CodeTON Round 9 (Div. 1 + Div. 2, Rated, Prizes!)",ifffer_2137,1777,1732383300,1750,1756
2039,"CodeTON Round 9 (Div. 1 + Div. 2, Rated, Prizes!)",Mohamed_Reda,1778,1732383300,2134,2048
2039,"CodeTON Round 9 (Div. 1 + Div. 2, Rated, Prizes!)",Pras28,1779,1732383300,1720,1733
2039,"CodeTON Round 9 (Div. 1 + Div. 2, Rated, Prizes!)",PandemicP,1780,1732383300,1725,1737
2039,"CodeTON Round 9 (Div. 1 + Div. 2, Rated, Prizes!)",YuvrajSharma,1781,1732383300,1929,1890
2039,"CodeTON Round 9 (Div. 1 + Div. 2, Rated, Prizes!)",Horcrux983282,1782,1732383300,1421,1513
2039,"CodeTON Round 9 (Div. 1 + Div. 2, Rated, Prizes!)",InvMod,1782,1732383300,1477,1554
2039,"CodeTON Round 9 (Div. 1 + Div. 2, Rated, Prizes!)",ag._.,1784,1732383300,1754,1758
2039,"CodeTON Round 9 (Div. 1 + Div. 2, Rated, Prizes!)",SpinSpen,1785,1732383300,2258,2145
2039,"CodeTON Round 9 (Div. 1 + Div. 2, Rated, Prizes!)",antares2262,1786,1732383300,1712,1727
2039,"CodeTON Round 9 (Div. 1 + Div. 2, Rated, Prizes!)",slsmart,1787,1732383300,1384,1487
2039,"CodeTON Round 9 (Div. 1 + Div. 2, Rated, Prizes!)",suqingchen,1788,1732383300,1597,1641
2039,"CodeTON Round 9 (Div. 1 + Div. 2, Rated, Prizes!)",FoxMinusCat,1789,1732383300,1263,1467
2039,"CodeTON Round 9 (Div. 1 + Div. 2, Rated, Prizes!)",gepusubu,1790,1732383300,1517,1583
2039,"CodeTON Round 9 (Div. 1 + Div. 2, Rated, Prizes!)",truongminhduc_beo,1791,1732383300,2047,1980
2039,"CodeTON Round 9 (Div. 1 + Div. 2, Rated, Prizes!)",Inkyo,1792,1732383300,2168,2073
2039,"CodeTON Round 9 (Div. 1 + Div. 2, Rated, Prizes!)",vanvector,1792,1732383300,1809,1799
2039,"CodeTON Round 9 (Div. 1 + Div. 2, Rated, Prizes!)",AdletShelby,1794,1732383300,1722,1733
2039,"CodeTON Round 9 (Div. 1 + Div. 2, Rated, Prizes!)",Horka,1794,1732383300,1988,1934
2039,"CodeTON Round 9 (Div. 1 + Div. 2, Rated, Prizes!)",kaiboy,1794,1732383300,1214,1366
2039,"CodeTON Round 9 (Div. 1 + Div. 2, Rated, Prizes!)",Biaz,1797,1732383300,1897,1866
2039,"CodeTON Round 9 (Div. 1 + Div. 2, Rated, Prizes!)",Anas_Da,1797,1732383300,1692,1711
2039,"CodeTON Round 9 (Div. 1 + Div. 2, Rated, Prizes!)",emoboy_,1799,1732383300,1848,1829
2039,"CodeTON Round 9 (Div. 1 + Div. 2, Rated, Prizes!)",zain_salloum,1800,1732383300,1688,1708
2039,"CodeTON Round 9 (Div. 1 + Div. 2, Rated, Prizes!)",-VM-,1801,1732383300,1840,1822
2039,"CodeTON Round 9 (Div. 1 + Div. 2, Rated, Prizes!)",happy_lazier,1801,1732383300,1784,1780
2039,"CodeTON Round 9 (Div. 1 + Div. 2, Rated, Prizes!)",ibraheemkureshi,1803,1732383300,1457,1538
2039,"CodeTON Round 9 (Div. 1 + Div. 2, Rated, Prizes!)",awesomemaths,1803,1732383300,1738,1745
2039,"CodeTON Round 9 (Div. 1 + Div. 2, Rated, Prizes!)",Go8,1803,1732383300,1984,1930
2039,"CodeTON Round 9 (Div. 1 + Div. 2, Rated, Prizes!)",FBI,1806,1732383300,1947,1903
2039,"CodeTON Round 9 (Div. 1 + Div. 2, Rated, Prizes!)",BakyTylla,1807,1732383300,1820,1806
2039,"CodeTON Round 9 (Div. 1 + Div. 2, Rated, Prizes!)",YWKM,1808,1732383300,1354,1463
2039,"CodeTON Round 9 (Div. 1 + Div. 2, Rated, Prizes!)",_Duck_Dot_Dot_Happy,1809,1732383300,1731,1740
2039,"CodeTON Round 9 (Div. 1 + Div. 2, Rated, Prizes!)",MateGiorbelidze,1810,1732383300,1585,1632
2039,"CodeTON Round 9 (Div. 1 + Div. 2, Rated, Prizes!)",Nreyog,1810,1732383300,1858,1835
2039,"CodeTON Round 9 (Div. 1 + Div. 2, Rated, Prizes!)",Ayanokoji7,1812,1732383300,1720,1731
2039,"CodeTON Round 9 (Div. 1 + Div. 2, Rated, Prizes!)",Radiobas,1812,1732383300,1669,1693
2039,"CodeTON Round 9 (Div. 1 + Div. 2, Rated, Prizes!)",jamil314,1814,1732383300,1681,1702
2039,"CodeTON Round 9 (Div. 1 + Div. 2, Rated, Prizes!)",Rajat.18,1815,1732383300,1757,1759
2039,"CodeTON Round 9 (Div. 1 + Div. 2, Rated, Prizes!)",THK_is_dead,1816,1732383300,1779,1775
2039,"CodeTON Round 9 (Div. 1 + Div. 2, Rated, Prizes!)",EdGrass,1817,1732383300,2024,1961
2039,"CodeTON Round 9 (Div. 1 + Div. 2, Rated, Prizes!)",bobbilyking,1818,1732383300,2229,2120
2039,"CodeTON Round 9 (Div. 1 + Div. 2, Rated, Prizes!)",krakar,1819,1732383300,1463,1541
2039,"CodeTON Round 9 (Div. 1 + Div. 2, Rated, Prizes!)",Plato,1820,1732383300,1673,1696
2039,"CodeTON Round 9 (Div. 1 + Div. 2, Rated, Prizes!)",fireinferno,1821,1732383300,2230,2120
2039,"CodeTON Round 9 (Div. 1 + Div. 2, Rated, Prizes!)",egge,1821,1732383300,1950,1904
2039,"CodeTON Round 9 (Div. 1 + Div. 2, Rated, Prizes!)",ahmedalaa22,1823,1732383300,1679,1700
2039,"CodeTON Round 9 (Div. 1 + Div. 2, Rated, Prizes!)",tanvirtareq,1824,1732383300,1596,1638
2039,"CodeTON Round 9 (Div. 1 + Div. 2, Rated, Prizes!)",hotWind04,1825,1732383300,387,865
2039,"CodeTON Round 9 (Div. 1 + Div. 2, Rated, Prizes!)",tquyetthang2k7,1826,1732383300,1697,1713
2039,"CodeTON Round 9 (Div. 1 + Div. 2, Rated, Prizes!)",ppltn,1827,1732383300,2689,2485
2039,"CodeTON Round 9 (Div. 1 + Div. 2, Rated, Prizes!)",ditconmemayrapchamthoi,1828,1732383300,1575,1623
2039,"CodeTON Round 9 (Div. 1 + Div. 2, Rated, Prizes!)",Banis,1829,1732383300,1567,1616
2039,"CodeTON Round 9 (Div. 1 + Div. 2, Rated, Prizes!)",cjoa,1829,1732383300,1657,1683
2039,"CodeTON Round 9 (Div. 1 + Div. 2, Rated, Prizes!)",Xthpb,1829,1732383300,1357,1464
2039,"CodeTON Round 9 (Div. 1 + Div. 2, Rated, Prizes!)",amir_AP,1829,1732383300,1433,1519
2039,"CodeTON Round 9 (Div. 1 + Div. 2, Rated, Prizes!)",arnabmanna,1833,1732383300,1474,1548
2039,"CodeTON Round 9 (Div. 1 + Div. 2, Rated, Prizes!)",dani_i,1833,1732383300,1608,1647
2039,"CodeTON Round 9 (Div. 1 + Div. 2, Rated, Prizes!)",receed,1835,1732383300,2407,2261
2039,"CodeTON Round 9 (Div. 1 + Div. 2, Rated, Prizes!)",nicolaikrob,1836,1732383300,2001,1941
2039,"CodeTON Round 9 (Div. 1 + Div. 2, Rated, Prizes!)",kukka,1836,1732383300,1308,1429
2039,"CodeTON Round 9 (Div. 1 + Div. 2, Rated, Prizes!)",Al5ateeb,1836,1732383300,1784,1777
2039,"CodeTON Round 9 (Div. 1 + Div. 2, Rated, Prizes!)",gabona,1839,1732383300,1548,1602
2039,"CodeTON Round 9 (Div. 1 + Div. 2, Rated, Prizes!)",Sanae,1840,1732383300,1837,1818
2039,"CodeTON Round 9 (Div. 1 + Div. 2, Rated, Prizes!)",Sogard,1841,1732383300,2069,1994
2039,"CodeTON Round 9 (Div. 1 + Div. 2, Rated, Prizes!)",xuhaotian,1842,1732383300,2065,1991
2039,"CodeTON Round 9 (Div. 1 + Div. 2, Rated, Prizes!)",Moatazoleq,1843,1732383300,1798,1787
2039,"CodeTON Round 9 (Div. 1 + Div. 2, Rated, Prizes!)",ambak,1843,1732383300,1686,1703
2039,"CodeTON Round 9 (Div. 1 + Div. 2, Rated, Prizes!)",Coder_Nayak,1845,1732383300,2034,1966
2039,"CodeTON Round 9 (Div. 1 + Div. 2, Rated, Prizes!)",Fookin_Blinders,1845,1732383300,1832,1813
2039,"CodeTON Round 9 (Div. 1 + Div. 2, Rated, Prizes!)",milind0110,1847,1732383300,1964,1913
2039,"CodeTON Round 9 (Div. 1 + Div. 2, Rated, Prizes!)",yumz_O,1848,1732383300,1490,1559
2039,"CodeTON Round 9 (Div. 1 + Div. 2, Rated, Prizes!)",bebera,1849,1732383300,1833,1814
2039,"CodeTON Round 9 (Div. 1 + Div. 2, Rated, Prizes!)",jyheo98,1850,1732383300,2168,2070
2039,"CodeTON Round 9 (Div. 1 + Div. 2, Rated, Prizes!)",biximo,1851,1732383300,2135,2044
2039,"CodeTON Round 9 (Div. 1 + Div. 2, Rated, Prizes!)",brun0matheus,1852,1732383300,1908,1870
2039,"CodeTON Round 9 (Div. 1 + Div. 2, Rated, Prizes!)",Mashti_Ghazanfar,1853,1732383300,1434,1518
2039,"CodeTON Round 9 (Div. 1 + Div. 2, Rated, Prizes!)",value0,1854,1732383300,1641,1670
2039,"CodeTON Round 9 (Div. 1 + Div. 2, Rated, Prizes!)",KKT_89,1854,1732383300,1798,1787
2039,"CodeTON Round 9 (Div. 1 + Div. 2, Rated, Prizes!)",ALSTON16,1856,1732383300,1299,1421
2039,"CodeTON Round 9 (Div. 1 + Div. 2, Rated, Prizes!)",Pirate-King,1857,1732383300,1686,1703
2039,"CodeTON Round 9 (Div. 1 + Div. 2, Rated, Prizes!)",maghrabyJr_,1857,1732383300,1951,1902
2039,"CodeTON Round 9 (Div. 1 + Div. 2, Rated, Prizes!)",ramanji36,1859,1732383300,1592,1633
2039,"CodeTON Round 9 (Div. 1 + Div. 2, Rated, Prizes!)",__allenge,1860,1732383300,1132,1399
2039,"CodeTON Round 9 (Div. 1 + Div. 2, Rated, Prizes!)",yottabot,1861,1732383300,1676,1695
2039,"CodeTON Round 9 (Div. 1 + Div. 2, Rated, Prizes!)",VladiG,1862,1732383300,1834,1814
2039,"CodeTON Round 9 (Div. 1 + Div. 2, Rated, Prizes!)",_p_a_r_s_a_1_3_,1863,1732383300,2081,2002
2039,"CodeTON Round 9 (Div. 1 + Div. 2, Rated, Prizes!)",Baraa100,1864,1732383300,1617,1651
2039,"CodeTON Round 9 (Div. 1 + Div. 2, Rated, Prizes!)",SyedSohaib,1865,1732383300,1679,1697
2039,"CodeTON Round 9 (Div. 1 + Div. 2, Rated, Prizes!)",ChaosReasonOne,1866,1732383300,1343,1451
2039,"CodeTON Round 9 (Div. 1 + Div. 2, Rated, Prizes!)",yuanran,1867,1732383300,1578,1622
2039,"CodeTON Round 9 (Div. 1 + Div. 2, Rated, Prizes!)",chika0_0,1868,1732383300,1654,1679
2039,"CodeTON Round 9 (Div. 1 + Div. 2, Rated, Prizes!)",Bahamin,1868,1732383300,2113,2026
2039,"CodeTON Round 9 (Div. 1 + Div. 2, Rated, Prizes!)",gvancak,1870,1732383300,1412,1500
2039,"CodeTON Round 9 (Div. 1 + Div. 2, Rated, Prizes!)",cgy2022,1871,1732383300,1682,1699
2039,"CodeTON Round 9 (Div. 1 + Div. 2, Rated, Prizes!)",kakabadzeteo,1872,1732383300,1709,1719
2039,"CodeTON Round 9 (Div. 1 + Div. 2, Rated, Prizes!)",Sley_K,1873,1732383300,1907,1867
2039,"CodeTON Round 9 (Div. 1 + Div. 2, Rated, Prizes!)",smallbrainsovamain1,1873,1732383300,1762,1758
2039,"CodeTON Round 9 (Div. 1 + Div. 2, Rated, Prizes!)",Scalm,1873,1732383300,1840,1817
2039,"CodeTON Round 9 (Div. 1 + Div. 2, Rated, Prizes!)",MODDI,1873,1732383300,1749,1749
2039,"CodeTON Round 9 (Div. 1 + Div. 2, Rated, Prizes!)",N29,1877,1732383300,1990,1931
2039,"CodeTON Round 9 (Div. 1 + Div. 2, Rated, Prizes!)",setday,1878,1732383300,1691,1705
2039,"CodeTON Round 9 (Div. 1 + Div. 2, Rated, Prizes!)",FranSkarica,1878,1732383300,1935,1889
2039,"CodeTON Round 9 (Div. 1 + Div. 2, Rated, Prizes!)",S4muraj,1880,1732383300,1744,1744
2039,"CodeTON Round 9 (Div. 1 + Div. 2, Rated, Prizes!)",wsy_jim,1881,1732383300,1643,1669
2039,"CodeTON Round 9 (Div. 1 + Div. 2, Rated, Prizes!)",Hanoist,1881,1732383300,1816,1799
2039,"CodeTON Round 9 (Div. 1 + Div. 2, Rated, Prizes!)",minalb,1883,1732383300,1944,1895
2039,"CodeTON Round 9 (Div. 1 + Div. 2, Rated, Prizes!)",HFDLYS,1884,1732383300,1699,1711
2039,"CodeTON Round 9 (Div. 1 + Div. 2, Rated, Prizes!)",2730883287,1885,1732383300,1837,1814
2039,"CodeTON Round 9 (Div. 1 + Div. 2, Rated, Prizes!)",AllenAlien0307,1886,1732383300,1866,1836
2039,"CodeTON Round 9 (Div. 1 + Div. 2, Rated, Prizes!)",fang_baby,1887,1732383300,1784,1774
2039,"CodeTON Round 9 (Div. 1 + Div. 2, Rated, Prizes!)",toku4388,1887,1732383300,1916,1874
2039,"CodeTON Round 9 (Div. 1 + Div. 2, Rated, Prizes!)",inkvizytor,1889,1732383300,1325,1495
2039,"CodeTON Round 9 (Div. 1 + Div. 2, Rated, Prizes!)",shadonra,1890,1732383300,1609,1643
2039,"CodeTON Round 9 (Div. 1 + Div. 2, Rated, Prizes!)",HusseinFarhat,1890,1732383300,2163,2064
2039,"CodeTON Round 9 (Div. 1 + Div. 2, Rated, Prizes!)",Dibamboo,1890,1732383300,1687,1701
2039,"CodeTON Round 9 (Div. 1 + Div. 2, Rated, Prizes!)",equeen,1893,1732383300,1685,1700
2039,"CodeTON Round 9 (Div. 1 + Div. 2, Rated, Prizes!)",man-ray,1894,1732383300,1739,1740
2039,"CodeTON Round 9 (Div. 1 + Div. 2, Rated, Prizes!)",Aurorawlm,1895,1732383300,1558,1606
2039,"CodeTON Round 9 (Div. 1 + Div. 2, Rated, Prizes!)",ajinkya1p3,1896,1732383300,1955,1903
2039,"CodeTON Round 9 (Div. 1 + Div. 2, Rated, Prizes!)",ryuzakiDis,1896,1732383300,1724,1728
2039,"CodeTON Round 9 (Div. 1 + Div. 2, Rated, Prizes!)",Allergy527,1898,1732383300,1323,1435
2039,"CodeTON Round 9 (Div. 1 + Div. 2, Rated, Prizes!)",stapler,1899,1732383300,1880,1846
2039,"CodeTON Round 9 (Div. 1 + Div. 2, Rated, Prizes!)",szy10010,1900,1732383300,1689,1702
2039,"CodeTON Round 9 (Div. 1 + Div. 2, Rated, Prizes!)",Hydrogen,1901,1732383300,1585,1625
2039,"CodeTON Round 9 (Div. 1 + Div. 2, Rated, Prizes!)",ViscaBarca,1902,1732383300,1706,1715
2039,"CodeTON Round 9 (Div. 1 + Div. 2, Rated, Prizes!)",Mayakowski,1902,1732383300,1350,1454
2039,"CodeTON Round 9 (Div. 1 + Div. 2, Rated, Prizes!)",Damoonmah,1902,1732383300,1622,1652
2039,"CodeTON Round 9 (Div. 1 + Div. 2, Rated, Prizes!)",bamogh,1905,1732383300,1617,1648
2039,"CodeTON Round 9 (Div. 1 + Div. 2, Rated, Prizes!)",darysani,1906,1732383300,1610,1643
2039,"CodeTON Round 9 (Div. 1 + Div. 2, Rated, Prizes!)",phoenix1972,1907,1732383300,1351,1454
2039,"CodeTON Round 9 (Div. 1 + Div. 2, Rated, Prizes!)",why1,1907,1732383300,1455,1529
2039,"CodeTON Round 9 (Div. 1 + Div. 2, Rated, Prizes!)",kunj_patel,1909,1732383300,1772,1764
2039,"CodeTON Round 9 (Div. 1 + Div. 2, Rated, Prizes!)",ChinatsuKano,1909,1732383300,2017,1950
2039,"CodeTON Round 9 (Div. 1 + Div. 2, Rated, Prizes!)",byzantine_general,1911,1732383300,1487,1552
2039,"CodeTON Round 9 (Div. 1 + Div. 2, Rated, Prizes!)",pupsicek,1912,1732383300,1871,1839
2039,"CodeTON Round 9 (Div. 1 + Div. 2, Rated, Prizes!)",YahiaSherif,1913,1732383300,2002,1938
2039,"CodeTON Round 9 (Div. 1 + Div. 2, Rated, Prizes!)",drexdelta,1914,1732383300,1778,1768
2039,"CodeTON Round 9 (Div. 1 + Div. 2, Rated, Prizes!)",Mtaylor,1915,1732383300,2299,2171
2039,"CodeTON Round 9 (Div. 1 + Div. 2, Rated, Prizes!)",samuel_beovides,1916,1732383300,1698,1708
2039,"CodeTON Round 9 (Div. 1 + Div. 2, Rated, Prizes!)",sabyr,1917,1732383300,1531,1584
2039,"CodeTON Round 9 (Div. 1 + Div. 2, Rated, Prizes!)",vbnm111,1918,1732383300,1604,1638
2039,"CodeTON Round 9 (Div. 1 + Div. 2, Rated, Prizes!)",elpurpuly,1918,1732383300,1533,1586
2039,"CodeTON Round 9 (Div. 1 + Div. 2, Rated, Prizes!)",naneosmic,1920,1732383300,1780,1769
2039,"CodeTON Round 9 (Div. 1 + Div. 2, Rated, Prizes!)",Friday_night,1920,1732383300,1652,1673
2039,"CodeTON Round 9 (Div. 1 + Div. 2, Rated, Prizes!)",allen1,1922,1732383300,1277,1436
2039,"CodeTON Round 9 (Div. 1 + Div. 2, Rated, Prizes!)",_CHO,1923,1732383300,1748,1744
2039,"CodeTON Round 9 (Div. 1 + Div. 2, Rated, Prizes!)",hgcnxn,1923,1732383300,0,591
2039,"CodeTON Round 9 (Div. 1 + Div. 2, Rated, Prizes!)",Tainel,1925,1732383300,1957,1902
2039,"CodeTON Round 9 (Div. 1 + Div. 2, Rated, Prizes!)",rt200505,1925,1732383300,1782,1770
2039,"CodeTON Round 9 (Div. 1 + Div. 2, Rated, Prizes!)",thakuremon,1927,1732383300,1457,1529
2039,"CodeTON Round 9 (Div. 1 + Div. 2, Rated, Prizes!)",N.N_2004,1928,1732383300,2179,2074
2039,"CodeTON Round 9 (Div. 1 + Div. 2, Rated, Prizes!)",Icelast,1929,1732383300,1906,1863
2039,"CodeTON Round 9 (Div. 1 + Div. 2, Rated, Prizes!)",ONIM,1929,1732383300,1585,1623
2039,"CodeTON Round 9 (Div. 1 + Div. 2, Rated, Prizes!)",AhmedPlusPlus,1931,1732383300,1619,1649
2039,"CodeTON Round 9 (Div. 1 + Div. 2, Rated, Prizes!)",monna4335,1932,1732383300,1991,1928
2039,"CodeTON Round 9 (Div. 1 + Div. 2, Rated, Prizes!)",daitangchen2008,1932,1732383300,1530,1582
2039,"CodeTON Round 9 (Div. 1 + Div. 2, Rated, Prizes!)",Od_Ali,1932,1732383300,1677,1691
2039,"CodeTON Round 9 (Div. 1 + Div. 2, Rated, Prizes!)",CM_master,1935,1732383300,910,1231
2039,"CodeTON Round 9 (Div. 1 + Div. 2, Rated, Prizes!)",ZeinabHamdy,1936,1732383300,1228,1366
2039,"CodeTON Round 9 (Div. 1 + Div. 2, Rated, Prizes!)",Jinapetto,1936,1732383300,1887,1849
2039,"CodeTON Round 9 (Div. 1 + Div. 2, Rated, Prizes!)",ZaiBug,1938,1732383300,1731,1731
2039,"CodeTON Round 9 (Div. 1 + Div. 2, Rated, Prizes!)",Basori,1938,1732383300,1701,1708
2039,"CodeTON Round 9 (Div. 1 + Div. 2, Rated, Prizes!)",kulovemi,1940,1732383300,1903,1861
2039,"CodeTON Round 9 (Div. 1 + Div. 2, Rated, Prizes!)",wangyizhi,1941,1732383300,1645,1666
2039,"CodeTON Round 9 (Div. 1 + Div. 2, Rated, Prizes!)",ExtractStars,1941,1732383300,1746,1742
2039,"CodeTON Round 9 (Div. 1 + Div. 2, Rated, Prizes!)",yrhiba,1941,1732383300,1498,1558
2039,"CodeTON Round 9 (Div. 1 + Div. 2, Rated, Prizes!)",AqaMath,1944,1732383300,1609,1640
2039,"CodeTON Round 9 (Div. 1 + Div. 2, Rated, Prizes!)",kimo,1944,1732383300,1428,1507
2039,"CodeTON Round 9 (Div. 1 + Div. 2, Rated, Prizes!)",Xier,1946,1732383300,1699,1707
2039,"CodeTON Round 9 (Div. 1 + Div. 2, Rated, Prizes!)",Alikhan228,1947,1732383300,1229,1365
2039,"CodeTON Round 9 (Div. 1 + Div. 2, Rated, Prizes!)",IceSerpent,1947,1732383300,1755,1748
2039,"CodeTON Round 9 (Div. 1 + Div. 2, Rated, Prizes!)",ddh123,1949,1732383300,1582,1619
2039,"CodeTON Round 9 (Div. 1 + Div. 2, Rated, Prizes!)",3.14IQ,1950,1732383300,1831,1806
2039,"CodeTON Round 9 (Div. 1 + Div. 2, Rated, Prizes!)",Jayket,1951,1732383300,1389,1478
2039,"CodeTON Round 9 (Div. 1 + Div. 2, Rated, Prizes!)",shreyk,1951,1732383300,1563,1605
2039,"CodeTON Round 9 (Div. 1 + Div. 2, Rated, Prizes!)",GuEnhao,1953,1732383300,1620,1648
2039,"CodeTON Round 9 (Div. 1 + Div. 2, Rated, Prizes!)",dauka,1954,1732383300,1507,1564
2039,"CodeTON Round 9 (Div. 1 + Div. 2, Rated, Prizes!)",WaveBreaker,1955,1732383300,1665,1681
2039,"CodeTON Round 9 (Div. 1 + Div. 2, Rated, Prizes!)",Heshu,1955,1732383300,1802,1784
2039,"CodeTON Round 9 (Div. 1 + Div. 2, Rated, Prizes!)",kmchoi,1955,1732383300,1706,1712
2039,"CodeTON Round 9 (Div. 1 + Div. 2, Rated, Prizes!)",M.UmairAhmadMirza,1958,1732383300,1849,1819
2039,"CodeTON Round 9 (Div. 1 + Div. 2, Rated, Prizes!)",EbrahimSaad,1958,1732383300,1739,1736
2039,"CodeTON Round 9 (Div. 1 + Div. 2, Rated, Prizes!)",xiang_xiang,1960,1732383300,2111,2020
2039,"CodeTON Round 9 (Div. 1 + Div. 2, Rated, Prizes!)",urosk,1961,1732383300,2143,2045
2039,"CodeTON Round 9 (Div. 1 + Div. 2, Rated, Prizes!)",Slqmg,1962,1732383300,1799,1781
2039,"CodeTON Round 9 (Div. 1 + Div. 2, Rated, Prizes!)",og.kostya,1962,1732383300,1836,1809
2039,"CodeTON Round 9 (Div. 1 + Div. 2, Rated, Prizes!)",isagi_yaichki,1964,1732383300,1605,1636
2039,"CodeTON Round 9 (Div. 1 + Div. 2, Rated, Prizes!)",cr7ro,1965,1732383300,1858,1826
2039,"CodeTON Round 9 (Div. 1 + Div. 2, Rated, Prizes!)",TsotneSV,1966,1732383300,1568,1609
2039,"CodeTON Round 9 (Div. 1 + Div. 2, Rated, Prizes!)",ankushgarg_04,1967,1732383300,1694,1701
2039,"CodeTON Round 9 (Div. 1 + Div. 2, Rated, Prizes!)",Ardelion,1968,1732383300,1874,1837
2039,"CodeTON Round 9 (Div. 1 + Div. 2, Rated, Prizes!)",China001,1969,1732383300,1541,1588
2039,"CodeTON Round 9 (Div. 1 + Div. 2, Rated, Prizes!)",cyx,1970,1732383300,2032,1957
2039,"CodeTON Round 9 (Div. 1 + Div. 2, Rated, Prizes!)",Mirali777,1970,1732383300,2278,2151
2039,"CodeTON Round 9 (Div. 1 + Div. 2, Rated, Prizes!)",algohary,1972,1732383300,1637,1659
2039,"CodeTON Round 9 (Div. 1 + Div. 2, Rated, Prizes!)",Future_Hustler,1972,1732383300,1470,1536
2039,"CodeTON Round 9 (Div. 1 + Div. 2, Rated, Prizes!)",MJavad,1974,1732383300,1476,1540
2039,"CodeTON Round 9 (Div. 1 + Div. 2, Rated, Prizes!)",juneharold,1975,1732383300,1880,1841
2039,"CodeTON Round 9 (Div. 1 + Div. 2, Rated, Prizes!)",DHeasy,1975,1732383300,1804,1784
2039,"CodeTON Round 9 (Div. 1 + Div. 2, Rated, Prizes!)",sushmanth.dampur8780,1977,1732383300,1872,1835
2039,"CodeTON Round 9 (Div. 1 + Div. 2, Rated, Prizes!)",AbdalrhmanEssam,1978,1732383300,1604,1634
2039,"CodeTON Round 9 (Div. 1 + Div. 2, Rated, Prizes!)",-ChunChunMaru-,1978,1732383300,1657,1673
2039,"CodeTON Round 9 (Div. 1 + Div. 2, Rated, Prizes!)",paradisecactus,1978,1732383300,0,587
2039,"CodeTON Round 9 (Div. 1 + Div. 2, Rated, Prizes!)",ChiyoYuki,1981,1732383300,1439,1513
2039,"CodeTON Round 9 (Div. 1 + Div. 2, Rated, Prizes!)",zabrouter,1981,1732383300,1654,1671
2039,"CodeTON Round 9 (Div. 1 + Div. 2, Rated, Prizes!)",3TYL,1983,1732383300,1496,1554
2039,"CodeTON Round 9 (Div. 1 + Div. 2, Rated, Prizes!)",Kaleem_Raza_Syed,1984,1732383300,1836,1808
2039,"CodeTON Round 9 (Div. 1 + Div. 2, Rated, Prizes!)",Shirotsume,1984,1732383300,2195,2084
2039,"CodeTON Round 9 (Div. 1 + Div. 2, Rated, Prizes!)",Maxwell2005,1986,1732383300,1322,1428
2039,"CodeTON Round 9 (Div. 1 + Div. 2, Rated, Prizes!)",CoderSubhash,1987,1732383300,1596,1627
2039,"CodeTON Round 9 (Div. 1 + Div. 2, Rated, Prizes!)",Mohamed_M.M.R,1988,1732383300,1654,1671
2039,"CodeTON Round 9 (Div. 1 + Div. 2, Rated, Prizes!)",rapit02,1989,1732383300,1674,1685
2039,"CodeTON Round 9 (Div. 1 + Div. 2, Rated, Prizes!)",piyush_razz,1990,1732383300,1624,1648
2039,"CodeTON Round 9 (Div. 1 + Div. 2, Rated, Prizes!)",SriRam523,1991,1732383300,1764,1753
2039,"CodeTON Round 9 (Div. 1 + Div. 2, Rated, Prizes!)",Shahrad_Mirzaei,1992,1732383300,1921,1872
2039,"CodeTON Round 9 (Div. 1 + Div. 2, Rated, Prizes!)",Enoch006,1992,1732383300,1825,1798
2039,"CodeTON Round 9 (Div. 1 + Div. 2, Rated, Prizes!)",RetiredForNow,1992,1732383300,1543,1588
2039,"CodeTON Round 9 (Div. 1 + Div. 2, Rated, Prizes!)",Endeavors,1995,1732383300,1867,1830
2039,"CodeTON Round 9 (Div. 1 + Div. 2, Rated, Prizes!)",RayhanSefat1332,1995,1732383300,1663,1677
2039,"CodeTON Round 9 (Div. 1 + Div. 2, Rated, Prizes!)",ken-kei,1997,1732383300,1763,1751
2039,"CodeTON Round 9 (Div. 1 + Div. 2, Rated, Prizes!)",Marky,1998,1732383300,1907,1860
2039,"CodeTON Round 9 (Div. 1 + Div. 2, Rated, Prizes!)",AR_Nasim,1999,1732383300,1575,1611
2039,"CodeTON Round 9 (Div. 1 + Div. 2, Rated, Prizes!)",Hagag,2000,1732383300,1543,1588
2039,"CodeTON Round 9 (Div. 1 + Div. 2, Rated, Prizes!)",funnyface,2001,1732383300,1654,1670
2039,"CodeTON Round 9 (Div. 1 + Div. 2, Rated, Prizes!)",GMgrizo,2002,1732383300,1828,1800
2039,"CodeTON Round 9 (Div. 1 + Div. 2, Rated, Prizes!)",LaDeX,2003,1732383300,1620,1644
2039,"CodeTON Round 9 (Div. 1 + Div. 2, Rated, Prizes!)",BlackIce666,2004,1732383300,1649,1666
2039,"CodeTON Round 9 (Div. 1 + Div. 2, Rated, Prizes!)",thatsramen,2004,1732383300,1938,1883
2039,"CodeTON Round 9 (Div. 1 + Div. 2, Rated, Prizes!)",pranav8,2004,1732383300,1610,1637
2039,"CodeTON Round 9 (Div. 1 + Div. 2, Rated, Prizes!)",OR_LOVe,2007,1732383300,1900,1854
2039,"CodeTON Round 9 (Div. 1 + Div. 2, Rated, Prizes!)",WuShF,2007,1732383300,1501,1557
2039,"CodeTON Round 9 (Div. 1 + Div. 2, Rated, Prizes!)",no_mind,2007,1732383300,1747,1738
2039,"CodeTON Round 9 (Div. 1 + Div. 2, Rated, Prizes!)",pavook,2010,1732383300,1829,1800
2039,"CodeTON Round 9 (Div. 1 + Div. 2, Rated, Prizes!)",bran000,2011,1732383300,1562,1601
2039,"CodeTON Round 9 (Div. 1 + Div. 2, Rated, Prizes!)",idk_imjustacat,2012,1732383300,1706,1708
2039,"CodeTON Round 9 (Div. 1 + Div. 2, Rated, Prizes!)",Janer,2012,1732383300,1735,1729
2039,"CodeTON Round 9 (Div. 1 + Div. 2, Rated, Prizes!)",Ladyyuan,2014,1732383300,1554,1632
2039,"CodeTON Round 9 (Div. 1 + Div. 2, Rated, Prizes!)",Mox_Taest3r,2015,1732383300,1984,1918
2039,"CodeTON Round 9 (Div. 1 + Div. 2, Rated, Prizes!)",lwm7708,2015,1732383300,2166,2059
2039,"CodeTON Round 9 (Div. 1 + Div. 2, Rated, Prizes!)",LLCCJJ,2017,1732383300,961,1184
2039,"CodeTON Round 9 (Div. 1 + Div. 2, Rated, Prizes!)",amirhozaifa,2018,1732383300,1831,1801
2039,"CodeTON Round 9 (Div. 1 + Div. 2, Rated, Prizes!)",akhanchick,2018,1732383300,1346,1443
2039,"CodeTON Round 9 (Div. 1 + Div. 2, Rated, Prizes!)",M_SQRT,2020,1732383300,1922,1870
2039,"CodeTON Round 9 (Div. 1 + Div. 2, Rated, Prizes!)",mahmoud13,2021,1732383300,1545,1588
2039,"CodeTON Round 9 (Div. 1 + Div. 2, Rated, Prizes!)",siuuuuuro7,2022,1732383300,1303,1413
2039,"CodeTON Round 9 (Div. 1 + Div. 2, Rated, Prizes!)",procodgok,2023,1732383300,1643,1660
2039,"CodeTON Round 9 (Div. 1 + Div. 2, Rated, Prizes!)",nonamexishere,2023,1732383300,1280,1396
2039,"CodeTON Round 9 (Div. 1 + Div. 2, Rated, Prizes!)",AMIGO-_-,2025,1732383300,1250,1375
2039,"CodeTON Round 9 (Div. 1 + Div. 2, Rated, Prizes!)",KKrishnaA,2026,1732383300,1681,1688
2039,"CodeTON Round 9 (Div. 1 + Div. 2, Rated, Prizes!)",Taha_adeel,2026,1732383300,1774,1758
2039,"CodeTON Round 9 (Div. 1 + Div. 2, Rated, Prizes!)",NeverSayF,2028,1732383300,1415,1492
2039,"CodeTON Round 9 (Div. 1 + Div. 2, Rated, Prizes!)",_morsmordre_,2028,1732383300,2121,2023
2039,"CodeTON Round 9 (Div. 1 + Div. 2, Rated, Prizes!)",gapbyam,2028,1732383300,1452,1519
2039,"CodeTON Round 9 (Div. 1 + Div. 2, Rated, Prizes!)",Re_Sircle,2031,1732383300,1597,1626
2039,"CodeTON Round 9 (Div. 1 + Div. 2, Rated, Prizes!)",zi.zh,2032,1732383300,2306,2170
2039,"CodeTON Round 9 (Div. 1 + Div. 2, Rated, Prizes!)",lalalajkl1,2033,1732383300,1571,1606
2039,"CodeTON Round 9 (Div. 1 + Div. 2, Rated, Prizes!)",FedeNQ,2033,1732383300,1861,1823
2039,"CodeTON Round 9 (Div. 1 + Div. 2, Rated, Prizes!)",MD.Abdullah,2035,1732383300,1691,1695
2039,"CodeTON Round 9 (Div. 1 + Div. 2, Rated, Prizes!)",Tyrannosaurus-REX,2035,1732383300,1701,1740
2039,"CodeTON Round 9 (Div. 1 + Div. 2, Rated, Prizes!)",XP3301_Pipi,2035,1732383300,1677,1685
2039,"CodeTON Round 9 (Div. 1 + Div. 2, Rated, Prizes!)",MarcAS,2038,1732383300,1678,1685
2039,"CodeTON Round 9 (Div. 1 + Div. 2, Rated, Prizes!)",Danety,2039,1732383300,1484,1542
2039,"CodeTON Round 9 (Div. 1 + Div. 2, Rated, Prizes!)",solyamba,2040,1732383300,1639,1656
2039,"CodeTON Round 9 (Div. 1 + Div. 2, Rated, Prizes!)",Amirgjz,2041,1732383300,1393,1475
2039,"CodeTON Round 9 (Div. 1 + Div. 2, Rated, Prizes!)",ammar2000,2042,1732383300,2017,1942
2039,"CodeTON Round 9 (Div. 1 + Div. 2, Rated, Prizes!)",IR101,2043,1732383300,1593,1622
2039,"CodeTON Round 9 (Div. 1 + Div. 2, Rated, Prizes!)",Alwoosh,2044,1732383300,1867,1827
2039,"CodeTON Round 9 (Div. 1 + Div. 2, Rated, Prizes!)",WhiteBloom,2045,1732383300,492,924
2039,"CodeTON Round 9 (Div. 1 + Div. 2, Rated, Prizes!)",olegator2007,2046,1732383300,1897,1850
2039,"CodeTON Round 9 (Div. 1 + Div. 2, Rated, Prizes!)",vitosevski,2046,1732383300,1653,1666
2039,"CodeTON Round 9 (Div. 1 + Div. 2, Rated, Prizes!)",Newbie_QQH,2048,1732383300,1638,1655
2039,"CodeTON Round 9 (Div. 1 + Div. 2, Rated, Prizes!)",xorfftdp,2049,1732383300,1508,1558
2039,"CodeTON Round 9 (Div. 1 + Div. 2, Rated, Prizes!)",kDotReal,2049,1732383300,1660,1671
2039,"CodeTON Round 9 (Div. 1 + Div. 2, Rated, Prizes!)",StrongerInChaos,2049,1732383300,1468,1529
2039,"CodeTON Round 9 (Div. 1 + Div. 2, Rated, Prizes!)",ChuanSWT,2052,1732383300,1630,1649
2039,"CodeTON Round 9 (Div. 1 + Div. 2, Rated, Prizes!)",yurui111,2053,1732383300,1684,1689
2039,"CodeTON Round 9 (Div. 1 + Div. 2, Rated, Prizes!)",lsr123456789,2054,1732383300,1830,1799
2039,"CodeTON Round 9 (Div. 1 + Div. 2, Rated, Prizes!)",want_something,2054,1732383300,1513,1562
2039,"CodeTON Round 9 (Div. 1 + Div. 2, Rated, Prizes!)",omikad,2054,1732383300,1903,1854
2039,"CodeTON Round 9 (Div. 1 + Div. 2, Rated, Prizes!)",M0N,2057,1732383300,1782,1762
2039,"CodeTON Round 9 (Div. 1 + Div. 2, Rated, Prizes!)",miya145592,2057,1732383300,1736,1727
2039,"CodeTON Round 9 (Div. 1 + Div. 2, Rated, Prizes!)",Z-wzy,2057,1732383300,1879,1836
2039,"CodeTON Round 9 (Div. 1 + Div. 2, Rated, Prizes!)",Hashim-Ali,2060,1732383300,1612,1635
2039,"CodeTON Round 9 (Div. 1 + Div. 2, Rated, Prizes!)",Sandy_Da,2061,1732383300,573,983
2039,"CodeTON Round 9 (Div. 1 + Div. 2, Rated, Prizes!)",UndercoverGoose,2061,1732383300,1712,1709
2039,"CodeTON Round 9 (Div. 1 + Div. 2, Rated, Prizes!)",Soknow,2063,1732383300,1687,1690
2039,"CodeTON Round 9 (Div. 1 + Div. 2, Rated, Prizes!)",0xEssam,2063,1732383300,1493,1547
2039,"CodeTON Round 9 (Div. 1 + Div. 2, Rated, Prizes!)",always_grinding,2065,1732383300,2115,2017
2039,"CodeTON Round 9 (Div. 1 + Div. 2, Rated, Prizes!)",Hasil777,2066,1732383300,1299,1406
2039,"CodeTON Round 9 (Div. 1 + Div. 2, Rated, Prizes!)",Mobious,2066,1732383300,1559,1595
2039,"CodeTON Round 9 (Div. 1 + Div. 2, Rated, Prizes!)",Tahirliyev,2068,1732383300,1897,1848
2039,"CodeTON Round 9 (Div. 1 + Div. 2, Rated, Prizes!)",AlRntn,2069,1732383300,1769,1752
2039,"CodeTON Round 9 (Div. 1 + Div. 2, Rated, Prizes!)",Chen_jr,2070,1732383300,1662,1671
2039,"CodeTON Round 9 (Div. 1 + Div. 2, Rated, Prizes!)",yk77,2071,1732383300,1842,1806
2039,"CodeTON Round 9 (Div. 1 + Div. 2, Rated, Prizes!)",chrislaiisme,2071,1732383300,1565,1600
2039,"CodeTON Round 9 (Div. 1 + Div. 2, Rated, Prizes!)",nohandle_5,2071,1732383300,1906,1855
2039,"CodeTON Round 9 (Div. 1 + Div. 2, Rated, Prizes!)",andvip,2074,1732383300,598,1000
2039,"CodeTON Round 9 (Div. 1 + Div. 2, Rated, Prizes!)",decentcoder,2074,1732383300,1613,1634
2039,"CodeTON Round 9 (Div. 1 + Div. 2, Rated, Prizes!)",Inri,2076,1732383300,1837,1803
2039,"CodeTON Round 9 (Div. 1 + Div. 2, Rated, Prizes!)",zsc985246,2077,1732383300,2013,1937
2039,"CodeTON Round 9 (Div. 1 + Div. 2, Rated, Prizes!)",mahaihang2,2078,1732383300,1289,1399
2039,"CodeTON Round 9 (Div. 1 + Div. 2, Rated, Prizes!)",RevyChan,2078,1732383300,1699,1698
2039,"CodeTON Round 9 (Div. 1 + Div. 2, Rated, Prizes!)",kosar,2078,1732383300,1753,1739
2039,"CodeTON Round 9 (Div. 1 + Div. 2, Rated, Prizes!)",HelloFromMars,2081,1732383300,1573,1604
2039,"CodeTON Round 9 (Div. 1 + Div. 2, Rated, Prizes!)",luogu_official_alts,2082,1732383300,1108,1334
2039,"CodeTON Round 9 (Div. 1 + Div. 2, Rated, Prizes!)",Heibor,2083,1732383300,2228,2105
2039,"CodeTON Round 9 (Div. 1 + Div. 2, Rated, Prizes!)",Nariman_MT,2083,1732383300,1512,1560
2039,"CodeTON Round 9 (Div. 1 + Div. 2, Rated, Prizes!)",min_inf,2085,1732383300,2367,2216
2039,"CodeTON Round 9 (Div. 1 + Div. 2, Rated, Prizes!)",Mousa_Aboubaker,2086,1732383300,1648,1660
2039,"CodeTON Round 9 (Div. 1 + Div. 2, Rated, Prizes!)",NikMik450,2086,1732383300,1618,1638
2039,"CodeTON Round 9 (Div. 1 + Div. 2, Rated, Prizes!)",fun_of_hashes,2086,1732383300,1531,1573
2039,"CodeTON Round 9 (Div. 1 + Div. 2, Rated, Prizes!)",GOD6107,2089,1732383300,984,1275
2039,"CodeTON Round 9 (Div. 1 + Div. 2, Rated, Prizes!)",xuanthaibeou123,2090,1732383300,1482,1537
2039,"CodeTON Round 9 (Div. 1 + Div. 2, Rated, Prizes!)",zeng_wj,2091,1732383300,1663,1671
2039,"CodeTON Round 9 (Div. 1 + Div. 2, Rated, Prizes!)",3T3RN1TY,2092,1732383300,1888,1840
2039,"CodeTON Round 9 (Div. 1 + Div. 2, Rated, Prizes!)",kamrad,2092,1732383300,1581,1610
2039,"CodeTON Round 9 (Div. 1 + Div. 2, Rated, Prizes!)",jakubm,2092,1732383300,1622,1641
2039,"CodeTON Round 9 (Div. 1 + Div. 2, Rated, Prizes!)",Carousel,2095,1732383300,1722,1715
2039,"CodeTON Round 9 (Div. 1 + Div. 2, Rated, Prizes!)",lucasomee006,2096,1732383300,1403,1479
2039,"CodeTON Round 9 (Div. 1 + Div. 2, Rated, Prizes!)",AlexRex0,2097,1732383300,1719,1712
2039,"CodeTON Round 9 (Div. 1 + Div. 2, Rated, Prizes!)",RauPro,2098,1732383300,1267,1381
2039,"CodeTON Round 9 (Div. 1 + Div. 2, Rated, Prizes!)",lingling0,2098,1732383300,1216,1346
2039,"CodeTON Round 9 (Div. 1 + Div. 2, Rated, Prizes!)",Ayxan007,2100,1732383300,1464,1523
2039,"CodeTON Round 9 (Div. 1 + Div. 2, Rated, Prizes!)",Ghammaz-Hassan,2101,1732383300,1603,1626
2039,"CodeTON Round 9 (Div. 1 + Div. 2, Rated, Prizes!)",CodeFixer,2102,1732383300,1495,1546
2039,"CodeTON Round 9 (Div. 1 + Div. 2, Rated, Prizes!)",Ban.kai,2103,1732383300,1710,1706
2039,"CodeTON Round 9 (Div. 1 + Div. 2, Rated, Prizes!)",FarDream,2103,1732383300,1449,1512
2039,"CodeTON Round 9 (Div. 1 + Div. 2, Rated, Prizes!)",ahtoh_,2105,1732383300,1579,1608
2039,"CodeTON Round 9 (Div. 1 + Div. 2, Rated, Prizes!)",tourust,2105,1732383300,2051,1965
2039,"CodeTON Round 9 (Div. 1 + Div. 2, Rated, Prizes!)",xprt_1,2107,1732383300,1538,1577
2039,"CodeTON Round 9 (Div. 1 + Div. 2, Rated, Prizes!)",Shahriar_88,2107,1732383300,1476,1532
2039,"CodeTON Round 9 (Div. 1 + Div. 2, Rated, Prizes!)",Brre.Hemo,2109,1732383300,1445,1509
2039,"CodeTON Round 9 (Div. 1 + Div. 2, Rated, Prizes!)",heisenberg..,2110,1732383300,1423,1493
2039,"CodeTON Round 9 (Div. 1 + Div. 2, Rated, Prizes!)",studboy,2110,1732383300,1460,1519
2039,"CodeTON Round 9 (Div. 1 + Div. 2, Rated, Prizes!)",kauperwood,2112,1732383300,1732,1721
2039,"CodeTON Round 9 (Div. 1 + Div. 2, Rated, Prizes!)",dealing,2113,1732383300,1527,1569
2039,"CodeTON Round 9 (Div. 1 + Div. 2, Rated, Prizes!)",Morshedy_22,2114,1732383300,1327,1423
2039,"CodeTON Round 9 (Div. 1 + Div. 2, Rated, Prizes!)",Mr_Turtle_,2115,1732383300,1933,1874
2039,"CodeTON Round 9 (Div. 1 + Div. 2, Rated, Prizes!)",MrKisame,2115,1732383300,1614,1633
2039,"CodeTON Round 9 (Div. 1 + Div. 2, Rated, Prizes!)",peatrovich,2117,1732383300,1704,1700
2039,"CodeTON Round 9 (Div. 1 + Div. 2, Rated, Prizes!)",goo_l,2117,1732383300,1363,1449
2039,"CodeTON Round 9 (Div. 1 + Div. 2, Rated, Prizes!)",MmusoM,2119,1732383300,1786,1762
2039,"CodeTON Round 9 (Div. 1 + Div. 2, Rated, Prizes!)",susanthenerd,2120,1732383300,1769,1749
2039,"CodeTON Round 9 (Div. 1 + Div. 2, Rated, Prizes!)",boris_7,2120,1732383300,1453,1514
2039,"CodeTON Round 9 (Div. 1 + Div. 2, Rated, Prizes!)",PaHbLLle_91_6blJl_6blcTp,2122,1732383300,2377,2222
2039,"CodeTON Round 9 (Div. 1 + Div. 2, Rated, Prizes!)",shhy287029,2122,1732383300,2163,2051
2039,"CodeTON Round 9 (Div. 1 + Div. 2, Rated, Prizes!)",C12AK,2122,1732383300,1644,1655
2039,"CodeTON Round 9 (Div. 1 + Div. 2, Rated, Prizes!)",AbdullahFarg,2125,1732383300,1262,1377
2039,"CodeTON Round 9 (Div. 1 + Div. 2, Rated, Prizes!)",Farhan20,2126,1732383300,1814,1782
2039,"CodeTON Round 9 (Div. 1 + Div. 2, Rated, Prizes!)",Eclipsed1.1,2126,1732383300,1339,1431
2039,"CodeTON Round 9 (Div. 1 + Div. 2, Rated, Prizes!)",Mohammad_Hacker,2126,1732383300,1978,1907
2039,"CodeTON Round 9 (Div. 1 + Div. 2, Rated, Prizes!)",am_aadvik,2129,1732383300,1489,1539
2039,"CodeTON Round 9 (Div. 1 + Div. 2, Rated, Prizes!)",sam_arvandi,2129,1732383300,1535,1574
2039,"CodeTON Round 9 (Div. 1 + Div. 2, Rated, Prizes!)",SeannH,2129,1732383300,1607,1627
2039,"CodeTON Round 9 (Div. 1 + Div. 2, Rated, Prizes!)",Christine-,2132,1732383300,1558,1590
2039,"CodeTON Round 9 (Div. 1 + Div. 2, Rated, Prizes!)",Mysterious_X,2133,1732383300,1374,1456
2039,"CodeTON Round 9 (Div. 1 + Div. 2, Rated, Prizes!)",lagrange_i_f,2133,1732383300,0,578
2039,"CodeTON Round 9 (Div. 1 + Div. 2, Rated, Prizes!)",IUA_Hasin,2133,1732383300,1253,1370
2039,"CodeTON Round 9 (Div. 1 + Div. 2, Rated, Prizes!)",hi_kito,2136,1732383300,1797,1770
2039,"CodeTON Round 9 (Div. 1 + Div. 2, Rated, Prizes!)",Senku,2137,1732383300,1390,1467
2039,"CodeTON Round 9 (Div. 1 + Div. 2, Rated, Prizes!)",frostdemon,2138,1732383300,1768,1748
2039,"CodeTON Round 9 (Div. 1 + Div. 2, Rated, Prizes!)",shrek2357,2139,1732383300,1590,1614
2039,"CodeTON Round 9 (Div. 1 + Div. 2, Rated, Prizes!)",softsndd,2140,1732383300,1418,1487
2039,"CodeTON Round 9 (Div. 1 + Div. 2, Rated, Prizes!)",huo_hua_ya,2141,1732383300,1635,1647
2039,"CodeTON Round 9 (Div. 1 + Div. 2, Rated, Prizes!)",lew2018,2142,1732383300,1507,1552
2039,"CodeTON Round 9 (Div. 1 + Div. 2, Rated, Prizes!)",Wizard-o__O-,2143,1732383300,1684,1684
2039,"CodeTON Round 9 (Div. 1 + Div. 2, Rated, Prizes!)",xianrui5891,2144,1732383300,1647,1656
2039,"CodeTON Round 9 (Div. 1 + Div. 2, Rated, Prizes!)",SadraMzf,2145,1732383300,1615,1632
2039,"CodeTON Round 9 (Div. 1 + Div. 2, Rated, Prizes!)",saba_goduadze,2146,1732383300,1610,1629
2039,"CodeTON Round 9 (Div. 1 + Div. 2, Rated, Prizes!)",Steven-_-AbuAlkhair,2147,1732383300,1392,1468
2039,"CodeTON Round 9 (Div. 1 + Div. 2, Rated, Prizes!)",Square_i,2147,1732383300,1455,1514
2039,"CodeTON Round 9 (Div. 1 + Div. 2, Rated, Prizes!)",Nader_Osama,2149,1732383300,1364,1448
2039,"CodeTON Round 9 (Div. 1 + Div. 2, Rated, Prizes!)",Youssef_H,2150,1732383300,1350,1438
2039,"CodeTON Round 9 (Div. 1 + Div. 2, Rated, Prizes!)",tosbryanorz,2151,1732383300,1760,1741
2039,"CodeTON Round 9 (Div. 1 + Div. 2, Rated, Prizes!)",MvKaio,2152,1732383300,2187,2068
2039,"CodeTON Round 9 (Div. 1 + Div. 2, Rated, Prizes!)",Knight_of_Nineteen,2153,1732383300,1564,1593
2039,"CodeTON Round 9 (Div. 1 + Div. 2, Rated, Prizes!)",Golda_Respy,2154,1732383300,1685,1683
2039,"CodeTON Round 9 (Div. 1 + Div. 2, Rated, Prizes!)",Kyon,2154,1732383300,1537,1573
2039,"CodeTON Round 9 (Div. 1 + Div. 2, Rated, Prizes!)",zengziquan,2154,1732383300,1611,1628
2039,"CodeTON Round 9 (Div. 1 + Div. 2, Rated, Prizes!)",presindent,2154,1732383300,1460,1517
2039,"CodeTON Round 9 (Div. 1 + Div. 2, Rated, Prizes!)",TeletubiGaim33,2154,1732383300,1673,1674
2039,"CodeTON Round 9 (Div. 1 + Div. 2, Rated, Prizes!)",AhuraKz,2159,1732383300,1569,1597
2039,"CodeTON Round 9 (Div. 1 + Div. 2, Rated, Prizes!)",iond,2160,1732383300,1644,1652
2039,"CodeTON Round 9 (Div. 1 + Div. 2, Rated, Prizes!)",lil2sus,2161,1732383300,1621,1635
2039,"CodeTON Round 9 (Div. 1 + Div. 2, Rated, Prizes!)",1AK101,2161,1732383300,1617,1632
2039,"CodeTON Round 9 (Div. 1 + Div. 2, Rated, Prizes!)",007WSsr,2163,1732383300,1231,1352
2039,"CodeTON Round 9 (Div. 1 + Div. 2, Rated, Prizes!)",MikeMirzayan,2163,1732383300,2301,2159
2039,"CodeTON Round 9 (Div. 1 + Div. 2, Rated, Prizes!)",WilliamFung,2165,1732383300,1471,1524
2039,"CodeTON Round 9 (Div. 1 + Div. 2, Rated, Prizes!)",halfyy,2166,1732383300,1499,1545
2039,"CodeTON Round 9 (Div. 1 + Div. 2, Rated, Prizes!)",loip,2167,1732383300,1298,1399
2039,"CodeTON Round 9 (Div. 1 + Div. 2, Rated, Prizes!)",isA_lst_time,2168,1732383300,1350,1436
2039,"CodeTON Round 9 (Div. 1 + Div. 2, Rated, Prizes!)",026-Aldiyar-A-27,2169,1732383300,1391,1466
2039,"CodeTON Round 9 (Div. 1 + Div. 2, Rated, Prizes!)",_sansan,2170,1732383300,1234,1354
2039,"CodeTON Round 9 (Div. 1 + Div. 2, Rated, Prizes!)",meimhx,2170,1732383300,1113,1272
2039,"CodeTON Round 9 (Div. 1 + Div. 2, Rated, Prizes!)",time_to_dual,2172,1732383300,1343,1431
2039,"CodeTON Round 9 (Div. 1 + Div. 2, Rated, Prizes!)",Andrew8128,2172,1732383300,1894,1841
2039,"CodeTON Round 9 (Div. 1 + Div. 2, Rated, Prizes!)",samarthgattu,2174,1732383300,1685,1683
2039,"CodeTON Round 9 (Div. 1 + Div. 2, Rated, Prizes!)",smooth_operator979,2175,1732383300,650,1032
2039,"CodeTON Round 9 (Div. 1 + Div. 2, Rated, Prizes!)",houpingze,2176,1732383300,1481,1531
2039,"CodeTON Round 9 (Div. 1 + Div. 2, Rated, Prizes!)",natsugiri,2177,1732383300,2618,2413
2039,"CodeTON Round 9 (Div. 1 + Div. 2, Rated, Prizes!)",yashk6767,2178,1732383300,1670,1671
2039,"CodeTON Round 9 (Div. 1 + Div. 2, Rated, Prizes!)",ru0k,2179,1732383300,1789,1760
2039,"CodeTON Round 9 (Div. 1 + Div. 2, Rated, Prizes!)",DissonantHarmony,2180,1732383300,1683,1681
2039,"CodeTON Round 9 (Div. 1 + Div. 2, Rated, Prizes!)",eeeVeee,2180,1732383300,1272,1380
2039,"CodeTON Round 9 (Div. 1 + Div. 2, Rated, Prizes!)",Zarif_Mustafa,2182,1732383300,1617,1631
2039,"CodeTON Round 9 (Div. 1 + Div. 2, Rated, Prizes!)",eikooc,2183,1732383300,1900,1845
2039,"CodeTON Round 9 (Div. 1 + Div. 2, Rated, Prizes!)",Cripole,2183,1732383300,1404,1511
2039,"CodeTON Round 9 (Div. 1 + Div. 2, Rated, Prizes!)",ThreeSun,2183,1732383300,1462,1517
2039,"CodeTON Round 9 (Div. 1 + Div. 2, Rated, Prizes!)",Louie64,2183,1732383300,667,1044
2039,"CodeTON Round 9 (Div. 1 + Div. 2, Rated, Prizes!)",Luvinz,2187,1732383300,1643,1650
2039,"CodeTON Round 9 (Div. 1 + Div. 2, Rated, Prizes!)",MVB,2188,1732383300,1630,1641
2039,"CodeTON Round 9 (Div. 1 + Div. 2, Rated, Prizes!)",Mosaab.,2188,1732383300,1490,1537
2039,"CodeTON Round 9 (Div. 1 + Div. 2, Rated, Prizes!)",dorjderem,2188,1732383300,1558,1587
2039,"CodeTON Round 9 (Div. 1 + Div. 2, Rated, Prizes!)",pianapolataa,2191,1732383300,1501,1545
2039,"CodeTON Round 9 (Div. 1 + Div. 2, Rated, Prizes!)",Mendeke,2192,1732383300,1446,1505
2039,"CodeTON Round 9 (Div. 1 + Div. 2, Rated, Prizes!)",tranlehieu,2193,1732383300,1661,1663
2039,"CodeTON Round 9 (Div. 1 + Div. 2, Rated, Prizes!)",Lehe,2194,1732383300,2084,1986
2039,"CodeTON Round 9 (Div. 1 + Div. 2, Rated, Prizes!)",tempturing,2195,1732383300,1562,1590
2039,"CodeTON Round 9 (Div. 1 + Div. 2, Rated, Prizes!)",Inori,2196,1732383300,1755,1734
2039,"CodeTON Round 9 (Div. 1 + Div. 2, Rated, Prizes!)",MarcoReusKross,2196,1732383300,1307,1404
2039,"CodeTON Round 9 (Div. 1 + Div. 2, Rated, Prizes!)",Nihan,2198,1732383300,1496,1541
2039,"CodeTON Round 9 (Div. 1 + Div. 2, Rated, Prizes!)",MaGnsi0,2198,1732383300,1806,1772
2039,"CodeTON Round 9 (Div. 1 + Div. 2, Rated, Prizes!)",TOTERA,2200,1732383300,1627,1638
2039,"CodeTON Round 9 (Div. 1 + Div. 2, Rated, Prizes!)",gsteam,2200,1732383300,1555,1584
2039,"CodeTON Round 9 (Div. 1 + Div. 2, Rated, Prizes!)",jimmy_2021,2202,1732383300,1528,1564
2039,"CodeTON Round 9 (Div. 1 + Div. 2, Rated, Prizes!)",DarkSilver,2202,1732383300,1483,1531
2039,"CodeTON Round 9 (Div. 1 + Div. 2, Rated, Prizes!)",titanwizard,2204,1732383300,1530,1565
2039,"CodeTON Round 9 (Div. 1 + Div. 2, Rated, Prizes!)",themaver1cks,2204,1732383300,1521,1559
2039,"CodeTON Round 9 (Div. 1 + Div. 2, Rated, Prizes!)",Ankan17,2204,1732383300,1555,1584
2039,"CodeTON Round 9 (Div. 1 + Div. 2, Rated, Prizes!)",SSafarov,2207,1732383300,1797,1765
2039,"CodeTON Round 9 (Div. 1 + Div. 2, Rated, Prizes!)",askr_58,2208,1732383300,2016,1932
2039,"CodeTON Round 9 (Div. 1 + Div. 2, Rated, Prizes!)",DreamChaser,2208,1732383300,1516,1555
2039,"CodeTON Round 9 (Div. 1 + Div. 2, Rated, Prizes!)",weebyes,2210,1732383300,1313,1407
2039,"CodeTON Round 9 (Div. 1 + Div. 2, Rated, Prizes!)",cleanser,2211,1732383300,1720,1706
2039,"CodeTON Round 9 (Div. 1 + Div. 2, Rated, Prizes!)",mightyrock,2211,1732383300,1383,1457
2039,"CodeTON Round 9 (Div. 1 + Div. 2, Rated, Prizes!)",jxjjjj,2211,1732383300,1677,1675
2039,"CodeTON Round 9 (Div. 1 + Div. 2, Rated, Prizes!)",Hitham,2214,1732383300,1498,1541
2039,"CodeTON Round 9 (Div. 1 + Div. 2, Rated, Prizes!)",areke,2215,1732383300,1958,1887
2039,"CodeTON Round 9 (Div. 1 + Div. 2, Rated, Prizes!)",mrandal,2215,1732383300,1867,1818
2039,"CodeTON Round 9 (Div. 1 + Div. 2, Rated, Prizes!)",amzngNbdy24,2217,1732383300,1616,1628
2039,"CodeTON Round 9 (Div. 1 + Div. 2, Rated, Prizes!)",ParsaGabadi,2217,1732383300,1702,1693
2039,"CodeTON Round 9 (Div. 1 + Div. 2, Rated, Prizes!)",LiuXing,2217,1732383300,1542,1573
2039,"CodeTON Round 9 (Div. 1 + Div. 2, Rated, Prizes!)",acacacacacac,2217,1732383300,1365,1444
2039,"CodeTON Round 9 (Div. 1 + Div. 2, Rated, Prizes!)",Mhmud_Sameh24,2221,1732383300,1567,1592
2039,"CodeTON Round 9 (Div. 1 + Div. 2, Rated, Prizes!)",adolphshi,2222,1732383300,1745,1725
2039,"CodeTON Round 9 (Div. 1 + Div. 2, Rated, Prizes!)",SuvratZZZ,2222,1732383300,1432,1492
2039,"CodeTON Round 9 (Div. 1 + Div. 2, Rated, Prizes!)",justin_g_20,2224,1732383300,1706,1695
2039,"CodeTON Round 9 (Div. 1 + Div. 2, Rated, Prizes!)",TheShahnawaz,2225,1732383300,1691,1684
2039,"CodeTON Round 9 (Div. 1 + Div. 2, Rated, Prizes!)",Mr_Coder7,2226,1732383300,1502,1544
2039,"CodeTON Round 9 (Div. 1 + Div. 2, Rated, Prizes!)",deneribeiro10,2226,1732383300,1922,1859
2039,"CodeTON Round 9 (Div. 1 + Div. 2, Rated, Prizes!)",Sondos,2228,1732383300,1511,1550
2039,"CodeTON Round 9 (Div. 1 + Div. 2, Rated, Prizes!)",Khaled_Al_Awad,2229,1732383300,1686,1680
2039,"CodeTON Round 9 (Div. 1 + Div. 2, Rated, Prizes!)",MythBuster1,2229,1732383300,1381,1455
2039,"CodeTON Round 9 (Div. 1 + Div. 2, Rated, Prizes!)",nzo,2231,1732383300,1934,1868
2039,"CodeTON Round 9 (Div. 1 + Div. 2, Rated, Prizes!)",l1NBRk,2232,1732383300,1550,1579
2039,"CodeTON Round 9 (Div. 1 + Div. 2, Rated, Prizes!)",jamil_safi,2233,1732383300,1512,1551
2039,"CodeTON Round 9 (Div. 1 + Div. 2, Rated, Prizes!)",2weeks,2234,1732383300,1386,1458
2039,"CodeTON Round 9 (Div. 1 + Div. 2, Rated, Prizes!)",zornlemma,2234,1732383300,594,987
2039,"CodeTON Round 9 (Div. 1 + Div. 2, Rated, Prizes!)",Derarinho,2234,1732383300,1534,1567
2039,"CodeTON Round 9 (Div. 1 + Div. 2, Rated, Prizes!)",mwilliam1234,2237,1732383300,1561,1587
2039,"CodeTON Round 9 (Div. 1 + Div. 2, Rated, Prizes!)",tfgs,2238,1732383300,1945,1876
2039,"CodeTON Round 9 (Div. 1 + Div. 2, Rated, Prizes!)",hasnain_bashir_,2239,1732383300,1378,1452
2039,"CodeTON Round 9 (Div. 1 + Div. 2, Rated, Prizes!)",rayhaneh-einollahi,2240,1732383300,1750,1728
2039,"CodeTON Round 9 (Div. 1 + Div. 2, Rated, Prizes!)",mhieu0601,2240,1732383300,1490,1534
2039,"CodeTON Round 9 (Div. 1 + Div. 2, Rated, Prizes!)",___Y___,2242,1732383300,1267,1440
2039,"CodeTON Round 9 (Div. 1 + Div. 2, Rated, Prizes!)",Soltane,2243,1732383300,1628,1636
2039,"CodeTON Round 9 (Div. 1 + Div. 2, Rated, Prizes!)",IceHydra,2243,1732383300,1515,1552
2039,"CodeTON Round 9 (Div. 1 + Div. 2, Rated, Prizes!)",ArcAkiZki,2245,1732383300,1558,1584
2039,"CodeTON Round 9 (Div. 1 + Div. 2, Rated, Prizes!)",SUST_Somonnoyok,2245,1732383300,1379,1512
2039,"CodeTON Round 9 (Div. 1 + Div. 2, Rated, Prizes!)",TomitaMatei,2247,1732383300,1757,1733
2039,"CodeTON Round 9 (Div. 1 + Div. 2, Rated, Prizes!)",AboALjood_old_man,2248,1732383300,1746,1724
2039,"CodeTON Round 9 (Div. 1 + Div. 2, Rated, Prizes!)",crispy-tofu,2248,1732383300,1823,1782
2039,"CodeTON Round 9 (Div. 1 + Div. 2, Rated, Prizes!)",mihai.alpha,2248,1732383300,1287,1386
2039,"CodeTON Round 9 (Div. 1 + Div. 2, Rated, Prizes!)",Abdullah-Ishfaq,2248,1732383300,1746,1724
2039,"CodeTON Round 9 (Div. 1 + Div. 2, Rated, Prizes!)",xinglili,2252,1732383300,1482,1527
2039,"CodeTON Round 9 (Div. 1 + Div. 2, Rated, Prizes!)",ParthN27,2253,1732383300,1419,1481
2039,"CodeTON Round 9 (Div. 1 + Div. 2, Rated, Prizes!)",fikys,2253,1732383300,1859,1809
2039,"CodeTON Round 9 (Div. 1 + Div. 2, Rated, Prizes!)",XZRSEVEN,2255,1732383300,1903,1843
2039,"CodeTON Round 9 (Div. 1 + Div. 2, Rated, Prizes!)",YangJackie,2255,1732383300,1875,1821
2039,"CodeTON Round 9 (Div. 1 + Div. 2, Rated, Prizes!)",zc_gnah_oah,2257,1732383300,1290,1388
2039,"CodeTON Round 9 (Div. 1 + Div. 2, Rated, Prizes!)",ThandaPrani,2258,1732383300,1349,1430
2039,"CodeTON Round 9 (Div. 1 + Div. 2, Rated, Prizes!)",TrispdTit,2259,1732383300,1540,1570
2039,"CodeTON Round 9 (Div. 1 + Div. 2, Rated, Prizes!)",professorik,2260,1732383300,1439,1495
2039,"CodeTON Round 9 (Div. 1 + Div. 2, Rated, Prizes!)",kyoshiki_murasaki,2260,1732383300,1337,1421
2039,"CodeTON Round 9 (Div. 1 + Div. 2, Rated, Prizes!)",mrashid_5919,2262,1732383300,1471,1519
2039,"CodeTON Round 9 (Div. 1 + Div. 2, Rated, Prizes!)",mrpranay,2262,1732383300,1372,1446
2039,"CodeTON Round 9 (Div. 1 + Div. 2, Rated, Prizes!)",long_our_unity,2264,1732383300,860,1174
2039,"CodeTON Round 9 (Div. 1 + Div. 2, Rated, Prizes!)",akash1049,2264,1732383300,1311,1402
2039,"CodeTON Round 9 (Div. 1 + Div. 2, Rated, Prizes!)",The_M7nk_Arrived,2266,1732383300,1604,1616
2039,"CodeTON Round 9 (Div. 1 + Div. 2, Rated, Prizes!)",LastChancePBC,2266,1732383300,1701,1689
2039,"CodeTON Round 9 (Div. 1 + Div. 2, Rated, Prizes!)",AK0001,2268,1732383300,1254,1362
2039,"CodeTON Round 9 (Div. 1 + Div. 2, Rated, Prizes!)",VICUNA326,2269,1732383300,1536,1566
2039,"CodeTON Round 9 (Div. 1 + Div. 2, Rated, Prizes!)",taraneh_fakooran,2269,1732383300,1431,1489
2039,"CodeTON Round 9 (Div. 1 + Div. 2, Rated, Prizes!)",shuniko,2271,1732383300,1611,1622
2039,"CodeTON Round 9 (Div. 1 + Div. 2, Rated, Prizes!)",Venom_30,2271,1732383300,1310,1401
2039,"CodeTON Round 9 (Div. 1 + Div. 2, Rated, Prizes!)",Call_of_Red,2273,1732383300,1350,1430
2039,"CodeTON Round 9 (Div. 1 + Div. 2, Rated, Prizes!)",callmeback0,2274,1732383300,518,929
2039,"CodeTON Round 9 (Div. 1 + Div. 2, Rated, Prizes!)",Toufik,2275,1732383300,1492,1533
2039,"CodeTON Round 9 (Div. 1 + Div. 2, Rated, Prizes!)",Jen94kA_isMy_WAIFU,2276,1732383300,1544,1572
2039,"CodeTON Round 9 (Div. 1 + Div. 2, Rated, Prizes!)",Dopaelite,2277,1732383300,1532,1562
2039,"CodeTON Round 9 (Div. 1 + Div. 2, Rated, Prizes!)",Krypton._.,2278,1732383300,1642,1644
2039,"CodeTON Round 9 (Div. 1 + Div. 2, Rated, Prizes!)",GongKai,2279,1732383300,1578,1596
2039,"CodeTON Round 9 (Div. 1 + Div. 2, Rated, Prizes!)",Alicemagic,2280,1732383300,1515,1550
2039,"CodeTON Round 9 (Div. 1 + Div. 2, Rated, Prizes!)",Daisuki.241_,2280,1732383300,1586,1603
2039,"CodeTON Round 9 (Div. 1 + Div. 2, Rated, Prizes!)",FZY0314,2282,1732383300,1729,1710
2039,"CodeTON Round 9 (Div. 1 + Div. 2, Rated, Prizes!)",overnap,2282,1732383300,2157,2038
2039,"CodeTON Round 9 (Div. 1 + Div. 2, Rated, Prizes!)",EyadBT,2284,1732383300,2167,2047
2039,"CodeTON Round 9 (Div. 1 + Div. 2, Rated, Prizes!)",arman_ferdous,2284,1732383300,1988,1906
2039,"CodeTON Round 9 (Div. 1 + Div. 2, Rated, Prizes!)",NJX4122,2286,1732383300,1440,1494
2039,"CodeTON Round 9 (Div. 1 + Div. 2, Rated, Prizes!)",orangesTO,2286,1732383300,1532,1562
2039,"CodeTON Round 9 (Div. 1 + Div. 2, Rated, Prizes!)",cuddle_disaster,2288,1732383300,1145,1286
2039,"CodeTON Round 9 (Div. 1 + Div. 2, Rated, Prizes!)",kukuforward,2289,1732383300,1481,1524
2039,"CodeTON Round 9 (Div. 1 + Div. 2, Rated, Prizes!)",DlekiYa,2290,1732383300,1621,1628
2039,"CodeTON Round 9 (Div. 1 + Div. 2, Rated, Prizes!)",Rafiullah,2290,1732383300,1638,1641
2039,"CodeTON Round 9 (Div. 1 + Div. 2, Rated, Prizes!)",bigo007,2292,1732383300,1702,1688
2039,"CodeTON Round 9 (Div. 1 + Div. 2, Rated, Prizes!)",pr1yanshu,2292,1732383300,1311,1401
2039,"CodeTON Round 9 (Div. 1 + Div. 2, Rated, Prizes!)",KuroLeaf,2292,1732383300,1313,1402
2039,"CodeTON Round 9 (Div. 1 + Div. 2, Rated, Prizes!)",TSU-001,2292,1732383300,1703,1689
2039,"CodeTON Round 9 (Div. 1 + Div. 2, Rated, Prizes!)",cheng-jian,2296,1732383300,1611,1621
2039,"CodeTON Round 9 (Div. 1 + Div. 2, Rated, Prizes!)",Waterbrain,2296,1732383300,917,1183
2039,"CodeTON Round 9 (Div. 1 + Div. 2, Rated, Prizes!)",fetetriste,2298,1732383300,1918,1852
2039,"CodeTON Round 9 (Div. 1 + Div. 2, Rated, Prizes!)",BeDiThiCF,2299,1732383300,1613,1622
2039,"CodeTON Round 9 (Div. 1 + Div. 2, Rated, Prizes!)",beyondpluto,2299,1732383300,1826,1782
2039,"CodeTON Round 9 (Div. 1 + Div. 2, Rated, Prizes!)",__fn__,2301,1732383300,1418,1478
2039,"CodeTON Round 9 (Div. 1 + Div. 2, Rated, Prizes!)",BK_sky,2301,1732383300,1396,1461
2039,"CodeTON Round 9 (Div. 1 + Div. 2, Rated, Prizes!)",Ernest0_0Abreu,2303,1732383300,1710,1695
2039,"CodeTON Round 9 (Div. 1 + Div. 2, Rated, Prizes!)",bigmangohead,2303,1732383300,1509,1544
2039,"CodeTON Round 9 (Div. 1 + Div. 2, Rated, Prizes!)",JA_Tausif,2303,1732383300,1477,1521
2039,"CodeTON Round 9 (Div. 1 + Div. 2, Rated, Prizes!)",gouravts,2306,1732383300,1496,1535
2039,"CodeTON Round 9 (Div. 1 + Div. 2, Rated, Prizes!)",GegaDX,2306,1732383300,0,568
2039,"CodeTON Round 9 (Div. 1 + Div. 2, Rated, Prizes!)",harrypang,2308,1732383300,1532,1561
2039,"CodeTON Round 9 (Div. 1 + Div. 2, Rated, Prizes!)",taishogun,2309,1732383300,1585,1600
2039,"CodeTON Round 9 (Div. 1 + Div. 2, Rated, Prizes!)",benio.gawor,2309,1732383300,1405,1468
2039,"CodeTON Round 9 (Div. 1 + Div. 2, Rated, Prizes!)",cr0w,2311,1732383300,1580,1597
2039,"CodeTON Round 9 (Div. 1 + Div. 2, Rated, Prizes!)",tuananh238,2311,1732383300,1748,1722
2039,"CodeTON Round 9 (Div. 1 + Div. 2, Rated, Prizes!)",Ar4d,2311,1732383300,1724,1704
2039,"CodeTON Round 9 (Div. 1 + Div. 2, Rated, Prizes!)",GOURAB,2311,1732383300,1574,1592
2039,"CodeTON Round 9 (Div. 1 + Div. 2, Rated, Prizes!)",_s7,2315,1732383300,1663,1658
2039,"CodeTON Round 9 (Div. 1 + Div. 2, Rated, Prizes!)",DucHieu1410,2315,1732383300,1475,1519
2039,"CodeTON Round 9 (Div. 1 + Div. 2, Rated, Prizes!)",-Rafid-,2317,1732383300,1668,1662
2039,"CodeTON Round 9 (Div. 1 + Div. 2, Rated, Prizes!)",rmz,2317,1732383300,1463,1510
2039,"CodeTON Round 9 (Div. 1 + Div. 2, Rated, Prizes!)",wazz,2319,1732383300,1554,1577
2039,"CodeTON Round 9 (Div. 1 + Div. 2, Rated, Prizes!)",Younis_DY,2319,1732383300,1862,1809
2039,"CodeTON Round 9 (Div. 1 + Div. 2, Rated, Prizes!)",Naseer,2321,1732383300,1307,1396
2039,"CodeTON Round 9 (Div. 1 + Div. 2, Rated, Prizes!)",DhruvAgarwal102004,2322,1732383300,1354,1430
2039,"CodeTON Round 9 (Div. 1 + Div. 2, Rated, Prizes!)",zhangwenle,2322,1732383300,1325,1409
2039,"CodeTON Round 9 (Div. 1 + Div. 2, Rated, Prizes!)",failure514,2324,1732383300,1275,1373
2039,"CodeTON Round 9 (Div. 1 + Div. 2, Rated, Prizes!)",Machang,2324,1732383300,1366,1439
2039,"CodeTON Round 9 (Div. 1 + Div. 2, Rated, Prizes!)",tartaglia_,2326,1732383300,1516,1548
2039,"CodeTON Round 9 (Div. 1 + Div. 2, Rated, Prizes!)",lrx____,2327,1732383300,1438,1551
2039,"CodeTON Round 9 (Div. 1 + Div. 2, Rated, Prizes!)",MohammadHijaz,2327,1732383300,1695,1681
2039,"CodeTON Round 9 (Div. 1 + Div. 2, Rated, Prizes!)",MarcosHernanz,2329,1732383300,1562,1582
2039,"CodeTON Round 9 (Div. 1 + Div. 2, Rated, Prizes!)",Labib_tc,2329,1732383300,1351,1427
2039,"CodeTON Round 9 (Div. 1 + Div. 2, Rated, Prizes!)",ginger.swap02,2331,1732383300,1349,1426
2039,"CodeTON Round 9 (Div. 1 + Div. 2, Rated, Prizes!)",Saptak3315,2332,1732383300,1504,1539
2039,"CodeTON Round 9 (Div. 1 + Div. 2, Rated, Prizes!)",yhaooo,2333,1732383300,1645,1644
2039,"CodeTON Round 9 (Div. 1 + Div. 2, Rated, Prizes!)",MINOO,2334,1732383300,1289,1383
2039,"CodeTON Round 9 (Div. 1 + Div. 2, Rated, Prizes!)",HomuraAkemi,2335,1732383300,2394,2226
2039,"CodeTON Round 9 (Div. 1 + Div. 2, Rated, Prizes!)",Yuki_B,2335,1732383300,1722,1702
2039,"CodeTON Round 9 (Div. 1 + Div. 2, Rated, Prizes!)",lambour,2335,1732383300,1442,1493
2039,"CodeTON Round 9 (Div. 1 + Div. 2, Rated, Prizes!)",scyyyyyyyyyy,2338,1732383300,1746,1720
2039,"CodeTON Round 9 (Div. 1 + Div. 2, Rated, Prizes!)",yjf1225,2338,1732383300,2016,1925
2039,"CodeTON Round 9 (Div. 1 + Div. 2, Rated, Prizes!)",kindmango,2340,1732383300,1886,1825
2039,"CodeTON Round 9 (Div. 1 + Div. 2, Rated, Prizes!)",XIAOyang4,2340,1732383300,1618,1623
2039,"CodeTON Round 9 (Div. 1 + Div. 2, Rated, Prizes!)",SWWW77,2340,1732383300,1261,1431
2039,"CodeTON Round 9 (Div. 1 + Div. 2, Rated, Prizes!)",M-Sa3dy,2343,1732383300,1438,1490
2039,"CodeTON Round 9 (Div. 1 + Div. 2, Rated, Prizes!)",dmitryAdams,2343,1732383300,1659,1653
2039,"CodeTON Round 9 (Div. 1 + Div. 2, Rated, Prizes!)",Animal,2345,1732383300,1471,1514
2039,"CodeTON Round 9 (Div. 1 + Div. 2, Rated, Prizes!)",khan_ali,2345,1732383300,1460,1505
2039,"CodeTON Round 9 (Div. 1 + Div. 2, Rated, Prizes!)",TNTboy,2345,1732383300,1359,1432
2039,"CodeTON Round 9 (Div. 1 + Div. 2, Rated, Prizes!)",hell_hacker,2348,1732383300,1583,1597
2039,"CodeTON Round 9 (Div. 1 + Div. 2, Rated, Prizes!)",namsee1,2349,1732383300,1763,1732
2039,"CodeTON Round 9 (Div. 1 + Div. 2, Rated, Prizes!)",core,2350,1732383300,1895,1832
2039,"CodeTON Round 9 (Div. 1 + Div. 2, Rated, Prizes!)",wyfjr233,2350,1732383300,1476,1517
2039,"CodeTON Round 9 (Div. 1 + Div. 2, Rated, Prizes!)",_YashG,2350,1732383300,1561,1580
2039,"CodeTON Round 9 (Div. 1 + Div. 2, Rated, Prizes!)",chengning,2353,1732383300,1209,1325
2039,"CodeTON Round 9 (Div. 1 + Div. 2, Rated, Prizes!)",Alear,2353,1732383300,1924,1853
2039,"CodeTON Round 9 (Div. 1 + Div. 2, Rated, Prizes!)",Shivansh--,2355,1732383300,1208,1325
2039,"CodeTON Round 9 (Div. 1 + Div. 2, Rated, Prizes!)",I_love_DangThao,2355,1732383300,1505,1538
2039,"CodeTON Round 9 (Div. 1 + Div. 2, Rated, Prizes!)",Maks_Voiteh,2357,1732383300,1665,1657
2039,"CodeTON Round 9 (Div. 1 + Div. 2, Rated, Prizes!)",arpmipg,2357,1732383300,1614,1619
2039,"CodeTON Round 9 (Div. 1 + Div. 2, Rated, Prizes!)",divyateja,2359,1732383300,1648,1644
2039,"CodeTON Round 9 (Div. 1 + Div. 2, Rated, Prizes!)",MFahim_,2359,1732383300,1411,1469
2039,"CodeTON Round 9 (Div. 1 + Div. 2, Rated, Prizes!)",ishaanthenerd,2361,1732383300,1214,1328
2039,"CodeTON Round 9 (Div. 1 + Div. 2, Rated, Prizes!)",zzmxj,2361,1732383300,1339,1417
2039,"CodeTON Round 9 (Div. 1 + Div. 2, Rated, Prizes!)",stakudog,2363,1732383300,1567,1584
2039,"CodeTON Round 9 (Div. 1 + Div. 2, Rated, Prizes!)",shove_it,2364,1732383300,1291,1382
2039,"CodeTON Round 9 (Div. 1 + Div. 2, Rated, Prizes!)",patryk-g,2365,1732383300,898,1196
2039,"CodeTON Round 9 (Div. 1 + Div. 2, Rated, Prizes!)",Skyzhou,2366,1732383300,1380,1446
2039,"CodeTON Round 9 (Div. 1 + Div. 2, Rated, Prizes!)",KareemHesham_,2366,1732383300,1293,1384
2039,"CodeTON Round 9 (Div. 1 + Div. 2, Rated, Prizes!)",0x3ea,2368,1732383300,1679,1667
2039,"CodeTON Round 9 (Div. 1 + Div. 2, Rated, Prizes!)",BehruzbekSuyunov,2368,1732383300,1564,1582
2039,"CodeTON Round 9 (Div. 1 + Div. 2, Rated, Prizes!)",A.M.S.0101,2370,1732383300,1156,1323
2039,"CodeTON Round 9 (Div. 1 + Div. 2, Rated, Prizes!)",newos20,2370,1732383300,1021,1253
2039,"CodeTON Round 9 (Div. 1 + Div. 2, Rated, Prizes!)",nlpoly,2372,1732383300,1571,1649
2039,"CodeTON Round 9 (Div. 1 + Div. 2, Rated, Prizes!)",ayma_NAY,2373,1732383300,1371,1439
2039,"CodeTON Round 9 (Div. 1 + Div. 2, Rated, Prizes!)",fedosbot123,2373,1732383300,1506,1575
2039,"CodeTON Round 9 (Div. 1 + Div. 2, Rated, Prizes!)",osydoong,2375,1732383300,1328,1408
2039,"CodeTON Round 9 (Div. 1 + Div. 2, Rated, Prizes!)",NoisyBooyyyy,2375,1732383300,1289,1380
2039,"CodeTON Round 9 (Div. 1 + Div. 2, Rated, Prizes!)",huanyizhiyuan,2375,1732383300,1626,1627
2039,"CodeTON Round 9 (Div. 1 + Div. 2, Rated, Prizes!)",Ali_Nasser,2378,1732383300,1293,1383
2039,"CodeTON Round 9 (Div. 1 + Div. 2, Rated, Prizes!)",fenglaosir,2378,1732383300,1567,1583
2039,"CodeTON Round 9 (Div. 1 + Div. 2, Rated, Prizes!)",sheeplucky,2380,1732383300,1140,1276
2039,"CodeTON Round 9 (Div. 1 + Div. 2, Rated, Prizes!)",szpu_ark,2380,1732383300,1162,1291
2039,"CodeTON Round 9 (Div. 1 + Div. 2, Rated, Prizes!)",KarimSalakhov,2382,1732383300,1534,1558
2039,"CodeTON Round 9 (Div. 1 + Div. 2, Rated, Prizes!)",Eason_OIer,2383,1732383300,1469,1510
2039,"CodeTON Round 9 (Div. 1 + Div. 2, Rated, Prizes!)",Shafin01,2384,1732383300,1263,1361
2039,"CodeTON Round 9 (Div. 1 + Div. 2, Rated, Prizes!)",aceC0der,2385,1732383300,1462,1505
2039,"CodeTON Round 9 (Div. 1 + Div. 2, Rated, Prizes!)",SlipM,2386,1732383300,1992,1904
2039,"CodeTON Round 9 (Div. 1 + Div. 2, Rated, Prizes!)",0Arctic0,2386,1732383300,1418,1473
2039,"CodeTON Round 9 (Div. 1 + Div. 2, Rated, Prizes!)",PatoBot,2388,1732383300,1585,1596
2039,"CodeTON Round 9 (Div. 1 + Div. 2, Rated, Prizes!)",a_shishen,2389,1732383300,1451,1497
2039,"CodeTON Round 9 (Div. 1 + Div. 2, Rated, Prizes!)",thelonelyslay,2389,1732383300,1475,1514
2039,"CodeTON Round 9 (Div. 1 + Div. 2, Rated, Prizes!)",Ashra4f,2391,1732383300,1744,1716
2039,"CodeTON Round 9 (Div. 1 + Div. 2, Rated, Prizes!)",pCandKa,2392,1732383300,1241,1345
2039,"CodeTON Round 9 (Div. 1 + Div. 2, Rated, Prizes!)",leodicaprio4791,2392,1732383300,1392,1454
2039,"CodeTON Round 9 (Div. 1 + Div. 2, Rated, Prizes!)",ALESTA,2392,1732383300,1658,1650
2039,"CodeTON Round 9 (Div. 1 + Div. 2, Rated, Prizes!)",duttasagnik,2395,1732383300,1371,1438
2039,"CodeTON Round 9 (Div. 1 + Div. 2, Rated, Prizes!)",tanvir078,2396,1732383300,1276,1370
2039,"CodeTON Round 9 (Div. 1 + Div. 2, Rated, Prizes!)",Dilaylay,2397,1732383300,1488,1523
2039,"CodeTON Round 9 (Div. 1 + Div. 2, Rated, Prizes!)",Nguyenanhkhoa5106,2397,1732383300,1380,1480
2039,"CodeTON Round 9 (Div. 1 + Div. 2, Rated, Prizes!)",legendaryICE,2397,1732383300,1796,1754
2039,"CodeTON Round 9 (Div. 1 + Div. 2, Rated, Prizes!)",sutekine,2397,1732383300,1403,1461
2039,"CodeTON Round 9 (Div. 1 + Div. 2, Rated, Prizes!)",tbcp,2401,1732383300,1344,1418
2039,"CodeTON Round 9 (Div. 1 + Div. 2, Rated, Prizes!)",Mahesh_4444,2402,1732383300,1336,1412
2039,"CodeTON Round 9 (Div. 1 + Div. 2, Rated, Prizes!)",Usef_Hussein,2403,1732383300,1299,1386
2039,"CodeTON Round 9 (Div. 1 + Div. 2, Rated, Prizes!)",CYFly,2404,1732383300,1404,1461
2039,"CodeTON Round 9 (Div. 1 + Div. 2, Rated, Prizes!)",Zoz,2404,1732383300,1366,1434
2039,"CodeTON Round 9 (Div. 1 + Div. 2, Rated, Prizes!)",saikrishna17394,2406,1732383300,1709,1688
2039,"CodeTON Round 9 (Div. 1 + Div. 2, Rated, Prizes!)",lusunn111,2407,1732383300,1283,1374
2039,"CodeTON Round 9 (Div. 1 + Div. 2, Rated, Prizes!)",pranavb.02,2407,1732383300,1547,1566
2039,"CodeTON Round 9 (Div. 1 + Div. 2, Rated, Prizes!)",aisocpioneer424,2407,1732383300,1435,1484
2039,"CodeTON Round 9 (Div. 1 + Div. 2, Rated, Prizes!)",Hasan_av,2410,1732383300,1490,1524
2039,"CodeTON Round 9 (Div. 1 + Div. 2, Rated, Prizes!)",JhdFarrell,2410,1732383300,1694,1677
2039,"CodeTON Round 9 (Div. 1 + Div. 2, Rated, Prizes!)",Lyamzin_alexandr,2412,1732383300,1780,1741
2039,"CodeTON Round 9 (Div. 1 + Div. 2, Rated, Prizes!)",xvl,2413,1732383300,1104,1311
2039,"CodeTON Round 9 (Div. 1 + Div. 2, Rated, Prizes!)",sare,2413,1732383300,2258,2113
2039,"CodeTON Round 9 (Div. 1 + Div. 2, Rated, Prizes!)",ArturPP,2413,1732383300,1311,1394
2039,"CodeTON Round 9 (Div. 1 + Div. 2, Rated, Prizes!)",akl9,2413,1732383300,691,1044
2039,"CodeTON Round 9 (Div. 1 + Div. 2, Rated, Prizes!)",Spaseeker,2413,1732383300,1980,1894
2039,"CodeTON Round 9 (Div. 1 + Div. 2, Rated, Prizes!)",aslashkin2010,2418,1732383300,1595,1601
2039,"CodeTON Round 9 (Div. 1 + Div. 2, Rated, Prizes!)",mcuadros,2419,1732383300,1430,1480
2039,"CodeTON Round 9 (Div. 1 + Div. 2, Rated, Prizes!)",OCamlEnjoyer,2420,1732383300,1340,1414
2039,"CodeTON Round 9 (Div. 1 + Div. 2, Rated, Prizes!)",snowyalmond,2421,1732383300,1563,1578
2039,"CodeTON Round 9 (Div. 1 + Div. 2, Rated, Prizes!)",1M1Y,2421,1732383300,1459,1562
2039,"CodeTON Round 9 (Div. 1 + Div. 2, Rated, Prizes!)",wmrs,2423,1732383300,441,865
2039,"CodeTON Round 9 (Div. 1 + Div. 2, Rated, Prizes!)",BitCrafter,2424,1732383300,1543,1563
2039,"CodeTON Round 9 (Div. 1 + Div. 2, Rated, Prizes!)",ehsan_M,2425,1732383300,1541,1561
2039,"CodeTON Round 9 (Div. 1 + Div. 2, Rated, Prizes!)",paz15,2425,1732383300,1971,1886
2039,"CodeTON Round 9 (Div. 1 + Div. 2, Rated, Prizes!)",GuWolf,2427,1732383300,1432,1481
2039,"CodeTON Round 9 (Div. 1 + Div. 2, Rated, Prizes!)",905200545887wsy,2428,1732383300,1072,1228
2039,"CodeTON Round 9 (Div. 1 + Div. 2, Rated, Prizes!)",ADAR2002,2428,1732383300,1628,1626
2039,"CodeTON Round 9 (Div. 1 + Div. 2, Rated, Prizes!)",meipulu,2428,1732383300,1425,1536
2039,"CodeTON Round 9 (Div. 1 + Div. 2, Rated, Prizes!)",sashko123,2431,1732383300,2022,1925
2039,"CodeTON Round 9 (Div. 1 + Div. 2, Rated, Prizes!)",marufhussain745,2431,1732383300,1273,1366
2039,"CodeTON Round 9 (Div. 1 + Div. 2, Rated, Prizes!)",pac-man,2433,1732383300,1465,1504
2039,"CodeTON Round 9 (Div. 1 + Div. 2, Rated, Prizes!)",minsi,2433,1732383300,1589,1596
2039,"CodeTON Round 9 (Div. 1 + Div. 2, Rated, Prizes!)",blueslime,2435,1732383300,1272,1365
2039,"CodeTON Round 9 (Div. 1 + Div. 2, Rated, Prizes!)",Kosya,2435,1732383300,1815,1767
2039,"CodeTON Round 9 (Div. 1 + Div. 2, Rated, Prizes!)",Horrible120,2437,1732383300,1603,1607
2039,"CodeTON Round 9 (Div. 1 + Div. 2, Rated, Prizes!)",legend479,2437,1732383300,1480,1515
2039,"CodeTON Round 9 (Div. 1 + Div. 2, Rated, Prizes!)",cyccyc,2437,1732383300,1473,1510
2039,"CodeTON Round 9 (Div. 1 + Div. 2, Rated, Prizes!)",Omerd05,2437,1732383300,1686,1669
2039,"CodeTON Round 9 (Div. 1 + Div. 2, Rated, Prizes!)",haozzZ,2441,1732383300,1995,1904
2039,"CodeTON Round 9 (Div. 1 + Div. 2, Rated, Prizes!)",Behrad.,2442,1732383300,1691,1672
2039,"CodeTON Round 9 (Div. 1 + Div. 2, Rated, Prizes!)",Knightshade,2443,1732383300,1707,1685
2039,"CodeTON Round 9 (Div. 1 + Div. 2, Rated, Prizes!)",BaiLi_nya,2443,1732383300,1672,1658
2039,"CodeTON Round 9 (Div. 1 + Div. 2, Rated, Prizes!)",ThisWasUnplanned,2445,1732383300,1882,1817
2039,"CodeTON Round 9 (Div. 1 + Div. 2, Rated, Prizes!)",Om4rr,2446,1732383300,1594,1599
2039,"CodeTON Round 9 (Div. 1 + Div. 2, Rated, Prizes!)",ZcDawn,2446,1732383300,1469,1507
2039,"CodeTON Round 9 (Div. 1 + Div. 2, Rated, Prizes!)",TomerG,2446,1732383300,1213,1389
2039,"CodeTON Round 9 (Div. 1 + Div. 2, Rated, Prizes!)",_Equinox,2449,1732383300,1543,1561
2039,"CodeTON Round 9 (Div. 1 + Div. 2, Rated, Prizes!)",Daniel180610,2449,1732383300,1477,1512
2039,"CodeTON Round 9 (Div. 1 + Div. 2, Rated, Prizes!)",RookTakesc4,2451,1732383300,1339,1412
2039,"CodeTON Round 9 (Div. 1 + Div. 2, Rated, Prizes!)",jasontsai,2451,1732383300,1464,1503
2039,"CodeTON Round 9 (Div. 1 + Div. 2, Rated, Prizes!)",msiad,2451,1732383300,1680,1664
2039,"CodeTON Round 9 (Div. 1 + Div. 2, Rated, Prizes!)",10kdogmore,2451,1732383300,0,561
2039,"CodeTON Round 9 (Div. 1 + Div. 2, Rated, Prizes!)",Anemone_,2451,1732383300,1981,1893
2039,"CodeTON Round 9 (Div. 1 + Div. 2, Rated, Prizes!)",Alamin2000,2456,1732383300,1351,1420
2039,"CodeTON Round 9 (Div. 1 + Div. 2, Rated, Prizes!)",My_LastGoodbye,2457,1732383300,1465,1503
2039,"CodeTON Round 9 (Div. 1 + Div. 2, Rated, Prizes!)",kidus72,2457,1732383300,1550,1566
2039,"CodeTON Round 9 (Div. 1 + Div. 2, Rated, Prizes!)",M_Rana,2459,1732383300,1658,1647
2039,"CodeTON Round 9 (Div. 1 + Div. 2, Rated, Prizes!)",rak1507,2460,1732383300,1363,1429
2039,"CodeTON Round 9 (Div. 1 + Div. 2, Rated, Prizes!)",Dif1rent,2461,1732383300,1457,1497
2039,"CodeTON Round 9 (Div. 1 + Div. 2, Rated, Prizes!)",Dedibeat,2461,1732383300,1868,1806
2039,"CodeTON Round 9 (Div. 1 + Div. 2, Rated, Prizes!)",A.R.A,2463,1732383300,1425,1474
2039,"CodeTON Round 9 (Div. 1 + Div. 2, Rated, Prizes!)",amfolity,2463,1732383300,1582,1590
2039,"CodeTON Round 9 (Div. 1 + Div. 2, Rated, Prizes!)",OCIN10,2465,1732383300,1426,1474
2039,"CodeTON Round 9 (Div. 1 + Div. 2, Rated, Prizes!)",selenophile,2466,1732383300,1714,1689
2039,"CodeTON Round 9 (Div. 1 + Div. 2, Rated, Prizes!)",Hushpuppy,2467,1732383300,1590,1595
2039,"CodeTON Round 9 (Div. 1 + Div. 2, Rated, Prizes!)",CraaazyShep,2467,1732383300,1706,1683
2039,"CodeTON Round 9 (Div. 1 + Div. 2, Rated, Prizes!)",siyuan_giegie,2469,1732383300,1353,1481
2039,"CodeTON Round 9 (Div. 1 + Div. 2, Rated, Prizes!)",LonggVuz,2469,1732383300,1132,1328
2039,"CodeTON Round 9 (Div. 1 + Div. 2, Rated, Prizes!)",baniphar350,2471,1732383300,1221,1327
2039,"CodeTON Round 9 (Div. 1 + Div. 2, Rated, Prizes!)",Guanexxx,2472,1732383300,1505,1532
2039,"CodeTON Round 9 (Div. 1 + Div. 2, Rated, Prizes!)",SpeedSpeedSpeed7,2473,1732383300,1308,1389
2039,"CodeTON Round 9 (Div. 1 + Div. 2, Rated, Prizes!)",blablabla1803,2474,1732383300,1633,1627
2039,"CodeTON Round 9 (Div. 1 + Div. 2, Rated, Prizes!)",iced_T,2475,1732383300,1361,1426
2039,"CodeTON Round 9 (Div. 1 + Div. 2, Rated, Prizes!)",Xiaozl,2476,1732383300,1273,1363
2039,"CodeTON Round 9 (Div. 1 + Div. 2, Rated, Prizes!)",dheecoder,2477,1732383300,1400,1454
2039,"CodeTON Round 9 (Div. 1 + Div. 2, Rated, Prizes!)",zhouyuxuan3501,2477,1732383300,1133,1329
2039,"CodeTON Round 9 (Div. 1 + Div. 2, Rated, Prizes!)",Enamul_Hasan85,2479,1732383300,1612,1611
2039,"CodeTON Round 9 (Div. 1 + Div. 2, Rated, Prizes!)",wksp,2479,1732383300,1618,1616
2039,"CodeTON Round 9 (Div. 1 + Div. 2, Rated, Prizes!)",GeometryFeng,2481,1732383300,1566,1577
2039,"CodeTON Round 9 (Div. 1 + Div. 2, Rated, Prizes!)",Lucifer_Young,2482,1732383300,1530,1550
2039,"CodeTON Round 9 (Div. 1 + Div. 2, Rated, Prizes!)",LuoxuanLove,2483,1732383300,1382,1441
2039,"CodeTON Round 9 (Div. 1 + Div. 2, Rated, Prizes!)",arwa_khattab,2483,1732383300,1320,1396
2039,"CodeTON Round 9 (Div. 1 + Div. 2, Rated, Prizes!)",Sveshnikov,2483,1732383300,1669,1654
2039,"CodeTON Round 9 (Div. 1 + Div. 2, Rated, Prizes!)",yumingsk,2483,1732383300,1607,1607
2039,"CodeTON Round 9 (Div. 1 + Div. 2, Rated, Prizes!)",catluo,2487,1732383300,2003,1908
2039,"CodeTON Round 9 (Div. 1 + Div. 2, Rated, Prizes!)",Qiu_Qiu,2488,1732383300,1643,1634
2039,"CodeTON Round 9 (Div. 1 + Div. 2, Rated, Prizes!)",eulmelk,2489,1732383300,1625,1620
2039,"CodeTON Round 9 (Div. 1 + Div. 2, Rated, Prizes!)",OIer_Cosmos,2489,1732383300,1705,1681
2039,"CodeTON Round 9 (Div. 1 + Div. 2, Rated, Prizes!)",Hannna,2491,1732383300,1435,1479
2039,"CodeTON Round 9 (Div. 1 + Div. 2, Rated, Prizes!)",Retired_MeErOo,2492,1732383300,1500,1527
2039,"CodeTON Round 9 (Div. 1 + Div. 2, Rated, Prizes!)",bruhbrehbruh,2493,1732383300,1684,1665
2039,"CodeTON Round 9 (Div. 1 + Div. 2, Rated, Prizes!)",re0hg,2494,1732383300,1519,1541
2039,"CodeTON Round 9 (Div. 1 + Div. 2, Rated, Prizes!)",Nelt,2495,1732383300,1851,1791
2039,"CodeTON Round 9 (Div. 1 + Div. 2, Rated, Prizes!)",0And1Story,2495,1732383300,1664,1649
2039,"CodeTON Round 9 (Div. 1 + Div. 2, Rated, Prizes!)",lnkkerst,2497,1732383300,1680,1662
2039,"CodeTON Round 9 (Div. 1 + Div. 2, Rated, Prizes!)",caowenze2023,2498,1732383300,836,1143
2039,"CodeTON Round 9 (Div. 1 + Div. 2, Rated, Prizes!)",ChaomengOrion,2499,1732383300,1464,1500
2039,"CodeTON Round 9 (Div. 1 + Div. 2, Rated, Prizes!)",Maks_Simenkov,2500,1732383300,1684,1664
2039,"CodeTON Round 9 (Div. 1 + Div. 2, Rated, Prizes!)",prashanth_32,2500,1732383300,1371,1432
2039,"CodeTON Round 9 (Div. 1 + Div. 2, Rated, Prizes!)",Alenochka,2500,1732383300,1546,1561
2039,"CodeTON Round 9 (Div. 1 + Div. 2, Rated, Prizes!)",Semyazi,2503,1732383300,1463,1500
2039,"CodeTON Round 9 (Div. 1 + Div. 2, Rated, Prizes!)",chhh31,2504,1732383300,1284,1369
2039,"CodeTON Round 9 (Div. 1 + Div. 2, Rated, Prizes!)",suffix_summ,2504,1732383300,1583,1588
2039,"CodeTON Round 9 (Div. 1 + Div. 2, Rated, Prizes!)",neil__,2506,1732383300,1347,1415
2039,"CodeTON Round 9 (Div. 1 + Div. 2, Rated, Prizes!)",vio_vv,2507,1732383300,973,1191
2039,"CodeTON Round 9 (Div. 1 + Div. 2, Rated, Prizes!)",AIpha_Q,2507,1732383300,1791,1744
2039,"CodeTON Round 9 (Div. 1 + Div. 2, Rated, Prizes!)",Rapids,2507,1732383300,1557,1569
2039,"CodeTON Round 9 (Div. 1 + Div. 2, Rated, Prizes!)",magallan_forever,2510,1732383300,1331,1402
2039,"CodeTON Round 9 (Div. 1 + Div. 2, Rated, Prizes!)",prefix_sum,2511,1732383300,1697,1674
2039,"CodeTON Round 9 (Div. 1 + Div. 2, Rated, Prizes!)",_Sayantan,2511,1732383300,1726,1695
2039,"CodeTON Round 9 (Div. 1 + Div. 2, Rated, Prizes!)",DaoDaoYu,2513,1732383300,1433,1476
2039,"CodeTON Round 9 (Div. 1 + Div. 2, Rated, Prizes!)",Throckmorton,2514,1732383300,1685,1664
2039,"CodeTON Round 9 (Div. 1 + Div. 2, Rated, Prizes!)",bnsczr,2514,1732383300,1523,1543
2039,"CodeTON Round 9 (Div. 1 + Div. 2, Rated, Prizes!)",Andrei.E,2514,1732383300,1860,1797
2039,"CodeTON Round 9 (Div. 1 + Div. 2, Rated, Prizes!)",kibr,2517,1732383300,1639,1629
2039,"CodeTON Round 9 (Div. 1 + Div. 2, Rated, Prizes!)",lnu20231497317,2517,1732383300,528,923
2039,"CodeTON Round 9 (Div. 1 + Div. 2, Rated, Prizes!)",trqrizu,2519,1732383300,1741,1706
2039,"CodeTON Round 9 (Div. 1 + Div. 2, Rated, Prizes!)",ossau,2520,1732383300,1508,1532
2039,"CodeTON Round 9 (Div. 1 + Div. 2, Rated, Prizes!)",alternn,2521,1732383300,1693,1670
2039,"CodeTON Round 9 (Div. 1 + Div. 2, Rated, Prizes!)",El7aref,2521,1732383300,1326,1398
2039,"CodeTON Round 9 (Div. 1 + Div. 2, Rated, Prizes!)",2013612,2523,1732383300,1839,1780
2039,"CodeTON Round 9 (Div. 1 + Div. 2, Rated, Prizes!)",nskzaya,2524,1732383300,1264,1354
2039,"CodeTON Round 9 (Div. 1 + Div. 2, Rated, Prizes!)",cfissoez,2524,1732383300,981,1163
2039,"CodeTON Round 9 (Div. 1 + Div. 2, Rated, Prizes!)",iamaryankr,2526,1732383300,1656,1642
2039,"CodeTON Round 9 (Div. 1 + Div. 2, Rated, Prizes!)",OHIN2005,2526,1732383300,1341,1409
2039,"CodeTON Round 9 (Div. 1 + Div. 2, Rated, Prizes!)",BlueCrowner,2526,1732383300,1610,1607
2039,"CodeTON Round 9 (Div. 1 + Div. 2, Rated, Prizes!)",KushBansal,2529,1732383300,1610,1607
2039,"CodeTON Round 9 (Div. 1 + Div. 2, Rated, Prizes!)",TRfirst,2530,1732383300,1097,1291
2039,"CodeTON Round 9 (Div. 1 + Div. 2, Rated, Prizes!)",Spasmodic_AP,2531,1732383300,1559,1569
2039,"CodeTON Round 9 (Div. 1 + Div. 2, Rated, Prizes!)",w114,2531,1732383300,1213,1318
2039,"CodeTON Round 9 (Div. 1 + Div. 2, Rated, Prizes!)",sadi_74,2533,1732383300,1968,1879
2039,"CodeTON Round 9 (Div. 1 + Div. 2, Rated, Prizes!)",AG-88301,2534,1732383300,1420,1466
2039,"CodeTON Round 9 (Div. 1 + Div. 2, Rated, Prizes!)",se_tsu_na,2534,1732383300,882,1175
2039,"CodeTON Round 9 (Div. 1 + Div. 2, Rated, Prizes!)",Utsav_Mandal,2536,1732383300,1572,1578
2039,"CodeTON Round 9 (Div. 1 + Div. 2, Rated, Prizes!)",YoussefSobhy30,2537,1732383300,1479,1509
2039,"CodeTON Round 9 (Div. 1 + Div. 2, Rated, Prizes!)",romi_sahari,2538,1732383300,1424,1469
2039,"CodeTON Round 9 (Div. 1 + Div. 2, Rated, Prizes!)",chriswengqi,2539,1732383300,1721,1691
2039,"CodeTON Round 9 (Div. 1 + Div. 2, Rated, Prizes!)",OgradL,2539,1732383300,1726,1694
2039,"CodeTON Round 9 (Div. 1 + Div. 2, Rated, Prizes!)",Tanzim411,2541,1732383300,1531,1548
2039,"CodeTON Round 9 (Div. 1 + Div. 2, Rated, Prizes!)",ibrm,2542,1732383300,1994,1898
2039,"CodeTON Round 9 (Div. 1 + Div. 2, Rated, Prizes!)",Wazzan,2543,1732383300,1165,1349
2039,"CodeTON Round 9 (Div. 1 + Div. 2, Rated, Prizes!)",tufcode18,2544,1732383300,1303,1440
2039,"CodeTON Round 9 (Div. 1 + Div. 2, Rated, Prizes!)",B0udy_,2544,1732383300,0,556
2039,"CodeTON Round 9 (Div. 1 + Div. 2, Rated, Prizes!)",deenium,2546,1732383300,1531,1547
2039,"CodeTON Round 9 (Div. 1 + Div. 2, Rated, Prizes!)",kuruluu,2547,1732383300,1816,1761
2039,"CodeTON Round 9 (Div. 1 + Div. 2, Rated, Prizes!)",Escape,2547,1732383300,1486,1514
2039,"CodeTON Round 9 (Div. 1 + Div. 2, Rated, Prizes!)",Yamin_,2547,1732383300,1516,1536
2039,"CodeTON Round 9 (Div. 1 + Div. 2, Rated, Prizes!)",xxmb,2550,1732383300,1594,1594
2039,"CodeTON Round 9 (Div. 1 + Div. 2, Rated, Prizes!)",Surge568,2551,1732383300,1606,1603
2039,"CodeTON Round 9 (Div. 1 + Div. 2, Rated, Prizes!)",cwal,2551,1732383300,1776,1732
2039,"CodeTON Round 9 (Div. 1 + Div. 2, Rated, Prizes!)",DemberS06,2553,1732383300,1534,1549
2039,"CodeTON Round 9 (Div. 1 + Div. 2, Rated, Prizes!)",sergio_gzz,2554,1732383300,1416,1462
2039,"CodeTON Round 9 (Div. 1 + Div. 2, Rated, Prizes!)",Chandra___07,2555,1732383300,1382,1437
2039,"CodeTON Round 9 (Div. 1 + Div. 2, Rated, Prizes!)",_MANS0UR_,2555,1732383300,1253,1345
2039,"CodeTON Round 9 (Div. 1 + Div. 2, Rated, Prizes!)",olizarowskib,2555,1732383300,1689,1665
2039,"CodeTON Round 9 (Div. 1 + Div. 2, Rated, Prizes!)",mystichronicle,2558,1732383300,421,843
2039,"CodeTON Round 9 (Div. 1 + Div. 2, Rated, Prizes!)",zheng00,2559,1732383300,1616,1610
2039,"CodeTON Round 9 (Div. 1 + Div. 2, Rated, Prizes!)",xqqddqqc,2560,1732383300,2209,2067
2039,"CodeTON Round 9 (Div. 1 + Div. 2, Rated, Prizes!)",bartilyska,2561,1732383300,1379,1435
2039,"CodeTON Round 9 (Div. 1 + Div. 2, Rated, Prizes!)",DivinePunishment,2561,1732383300,1804,1752
2039,"CodeTON Round 9 (Div. 1 + Div. 2, Rated, Prizes!)",Maria_Sultana,2563,1732383300,1330,1399
2039,"CodeTON Round 9 (Div. 1 + Div. 2, Rated, Prizes!)",Nasif_44th,2563,1732383300,1627,1618
2039,"CodeTON Round 9 (Div. 1 + Div. 2, Rated, Prizes!)",neatisaac,2565,1732383300,805,1117
2039,"CodeTON Round 9 (Div. 1 + Div. 2, Rated, Prizes!)",nightwing_808,2566,1732383300,1429,1471
2039,"CodeTON Round 9 (Div. 1 + Div. 2, Rated, Prizes!)",Alebn,2567,1732383300,1725,1692
2039,"CodeTON Round 9 (Div. 1 + Div. 2, Rated, Prizes!)",Art10em,2568,1732383300,1360,1421
2039,"CodeTON Round 9 (Div. 1 + Div. 2, Rated, Prizes!)",stefiiiii,2569,1732383300,1400,1450
2039,"CodeTON Round 9 (Div. 1 + Div. 2, Rated, Prizes!)",dckjm6,2570,1732383300,0,555
2039,"CodeTON Round 9 (Div. 1 + Div. 2, Rated, Prizes!)",simultane,2571,1732383300,1510,1530
2039,"CodeTON Round 9 (Div. 1 + Div. 2, Rated, Prizes!)",ayushd2910,2571,1732383300,1421,1465
2039,"CodeTON Round 9 (Div. 1 + Div. 2, Rated, Prizes!)",DYYQAQ,2573,1732383300,1118,1304
2039,"CodeTON Round 9 (Div. 1 + Div. 2, Rated, Prizes!)",Georggg999,2573,1732383300,1910,1832
2039,"CodeTON Round 9 (Div. 1 + Div. 2, Rated, Prizes!)",absolut3,2573,1732383300,1834,1774
2039,"CodeTON Round 9 (Div. 1 + Div. 2, Rated, Prizes!)",4627488,2576,1732383300,1675,1654
2039,"CodeTON Round 9 (Div. 1 + Div. 2, Rated, Prizes!)",OdtreePrincess,2577,1732383300,1905,1829
2039,"CodeTON Round 9 (Div. 1 + Div. 2, Rated, Prizes!)",Aboalkasim,2578,1732383300,1460,1493
2039,"CodeTON Round 9 (Div. 1 + Div. 2, Rated, Prizes!)",ImSarthak,2579,1732383300,1699,1672
2039,"CodeTON Round 9 (Div. 1 + Div. 2, Rated, Prizes!)",KichhuMichhu,2580,1732383300,1205,1310
2039,"CodeTON Round 9 (Div. 1 + Div. 2, Rated, Prizes!)",Mad_Nad,2581,1732383300,1738,1701
2039,"CodeTON Round 9 (Div. 1 + Div. 2, Rated, Prizes!)",samyakjain677,2582,1732383300,1270,1355
2039,"CodeTON Round 9 (Div. 1 + Div. 2, Rated, Prizes!)",wang_shi,2583,1732383300,1612,1606
2039,"CodeTON Round 9 (Div. 1 + Div. 2, Rated, Prizes!)",piaolianggg,2584,1732383300,1578,1580
2039,"CodeTON Round 9 (Div. 1 + Div. 2, Rated, Prizes!)",Dark_Lord_Binoy,2584,1732383300,1333,1400
2039,"CodeTON Round 9 (Div. 1 + Div. 2, Rated, Prizes!)",poi,2586,1732383300,1492,1516
2039,"CodeTON Round 9 (Div. 1 + Div. 2, Rated, Prizes!)",Komeijizen,2587,1732383300,1590,1590
2039,"CodeTON Round 9 (Div. 1 + Div. 2, Rated, Prizes!)",laspinko,2588,1732383300,1735,1699
2039,"CodeTON Round 9 (Div. 1 + Div. 2, Rated, Prizes!)",ONISINO,2589,1732383300,1730,1695
2039,"CodeTON Round 9 (Div. 1 + Div. 2, Rated, Prizes!)",CUST_GIAO_ZE,2590,1732383300,1614,1607
2039,"CodeTON Round 9 (Div. 1 + Div. 2, Rated, Prizes!)",Kaltists,2591,1732383300,1358,1418
2039,"CodeTON Round 9 (Div. 1 + Div. 2, Rated, Prizes!)",risingStark,2592,1732383300,1296,1373
2039,"CodeTON Round 9 (Div. 1 + Div. 2, Rated, Prizes!)",Fuehrer7,2593,1732383300,1374,1429
2039,"CodeTON Round 9 (Div. 1 + Div. 2, Rated, Prizes!)",codeanand17,2594,1732383300,1474,1502
2039,"CodeTON Round 9 (Div. 1 + Div. 2, Rated, Prizes!)",iN_siDious,2595,1732383300,1613,1606
2039,"CodeTON Round 9 (Div. 1 + Div. 2, Rated, Prizes!)",HALZOOM,2596,1732383300,1308,1382
2039,"CodeTON Round 9 (Div. 1 + Div. 2, Rated, Prizes!)",Floating_Duck,2597,1732383300,1870,1800
2039,"CodeTON Round 9 (Div. 1 + Div. 2, Rated, Prizes!)",MahmoudBassem,2597,1732383300,1770,1724
2039,"CodeTON Round 9 (Div. 1 + Div. 2, Rated, Prizes!)",Zzzzzzzzm,2597,1732383300,1308,1381
2039,"CodeTON Round 9 (Div. 1 + Div. 2, Rated, Prizes!)",mamarezatajik,2600,1732383300,1424,1466
2039,"CodeTON Round 9 (Div. 1 + Div. 2, Rated, Prizes!)",creat_son,2600,1732383300,1378,1432
2039,"CodeTON Round 9 (Div. 1 + Div. 2, Rated, Prizes!)",Alkaser_ID,2602,1732383300,1665,1645
2039,"CodeTON Round 9 (Div. 1 + Div. 2, Rated, Prizes!)",ra1nyu,2602,1732383300,1526,1541
2039,"CodeTON Round 9 (Div. 1 + Div. 2, Rated, Prizes!)",SajidZakaria,2602,1732383300,1870,1800
2039,"CodeTON Round 9 (Div. 1 + Div. 2, Rated, Prizes!)",NLHD_187,2605,1732383300,1481,1507
2039,"CodeTON Round 9 (Div. 1 + Div. 2, Rated, Prizes!)",flower1pj,2606,1732383300,499,897
2039,"CodeTON Round 9 (Div. 1 + Div. 2, Rated, Prizes!)",chandler1837,2607,1732383300,1784,1735
2039,"CodeTON Round 9 (Div. 1 + Div. 2, Rated, Prizes!)",qi-wanfeng,2607,1732383300,1257,1345
2039,"CodeTON Round 9 (Div. 1 + Div. 2, Rated, Prizes!)",magagam,2609,1732383300,1598,1594
2039,"CodeTON Round 9 (Div. 1 + Div. 2, Rated, Prizes!)",usstzzj,2610,1732383300,507,903
2039,"CodeTON Round 9 (Div. 1 + Div. 2, Rated, Prizes!)",pradeep,2610,1732383300,1673,1650
2039,"CodeTON Round 9 (Div. 1 + Div. 2, Rated, Prizes!)",dreameater69,2612,1732383300,1422,1463
2039,"CodeTON Round 9 (Div. 1 + Div. 2, Rated, Prizes!)",minhaj03,2613,1732383300,1239,1332
2039,"CodeTON Round 9 (Div. 1 + Div. 2, Rated, Prizes!)",Arun_Chaudhary,2613,1732383300,1272,1355
2039,"CodeTON Round 9 (Div. 1 + Div. 2, Rated, Prizes!)",a527duonghn,2615,1732383300,649,1003
2039,"CodeTON Round 9 (Div. 1 + Div. 2, Rated, Prizes!)",_arrow_,2615,1732383300,1684,1658
2039,"CodeTON Round 9 (Div. 1 + Div. 2, Rated, Prizes!)",yyqjwyy,2617,1732383300,1627,1615
2039,"CodeTON Round 9 (Div. 1 + Div. 2, Rated, Prizes!)",Liushenwuzhu,2618,1732383300,1295,1407
2039,"CodeTON Round 9 (Div. 1 + Div. 2, Rated, Prizes!)",Emaa_,2619,1732383300,1236,1329
2039,"CodeTON Round 9 (Div. 1 + Div. 2, Rated, Prizes!)",CT111,2619,1732383300,1290,1367
2039,"CodeTON Round 9 (Div. 1 + Div. 2, Rated, Prizes!)",retard727,2619,1732383300,474,878
2039,"CodeTON Round 9 (Div. 1 + Div. 2, Rated, Prizes!)",ydc66,2622,1732383300,1412,1456
2039,"CodeTON Round 9 (Div. 1 + Div. 2, Rated, Prizes!)",coder_ravan,2623,1732383300,1282,1362
2039,"CodeTON Round 9 (Div. 1 + Div. 2, Rated, Prizes!)",kingAB,2624,1732383300,1356,1414
2039,"CodeTON Round 9 (Div. 1 + Div. 2, Rated, Prizes!)",ttluczek,2625,1732383300,1679,1655
2039,"CodeTON Round 9 (Div. 1 + Div. 2, Rated, Prizes!)",SeaUrc,2625,1732383300,1723,1688
2039,"CodeTON Round 9 (Div. 1 + Div. 2, Rated, Prizes!)",dsarules,2627,1732383300,1345,1406
2039,"CodeTON Round 9 (Div. 1 + Div. 2, Rated, Prizes!)",leafone,2627,1732383300,1013,1178
2039,"CodeTON Round 9 (Div. 1 + Div. 2, Rated, Prizes!)",lazymystic,2629,1732383300,1761,1716
2039,"CodeTON Round 9 (Div. 1 + Div. 2, Rated, Prizes!)",Pika,2630,1732383300,480,882
2039,"CodeTON Round 9 (Div. 1 + Div. 2, Rated, Prizes!)",acoatoitgs,2631,1732383300,1755,1712
2039,"CodeTON Round 9 (Div. 1 + Div. 2, Rated, Prizes!)",ZHM4284,2632,1732383300,1326,1393
2039,"CodeTON Round 9 (Div. 1 + Div. 2, Rated, Prizes!)",Jingulu,2633,1732383300,1695,1666
2039,"CodeTON Round 9 (Div. 1 + Div. 2, Rated, Prizes!)",_rengoku_,2634,1732383300,1301,1434
2039,"CodeTON Round 9 (Div. 1 + Div. 2, Rated, Prizes!)",Shamzid,2635,1732383300,1296,1371
2039,"CodeTON Round 9 (Div. 1 + Div. 2, Rated, Prizes!)",mahdi.hasnat,2636,1732383300,2089,1968
2039,"CodeTON Round 9 (Div. 1 + Div. 2, Rated, Prizes!)",Sinatbt,2637,1732383300,1349,1409
2039,"CodeTON Round 9 (Div. 1 + Div. 2, Rated, Prizes!)",Vincenzo26,2637,1732383300,1211,1311
2039,"CodeTON Round 9 (Div. 1 + Div. 2, Rated, Prizes!)",TiH,2639,1732383300,1428,1466
2039,"CodeTON Round 9 (Div. 1 + Div. 2, Rated, Prizes!)",AnkitSingh_,2640,1732383300,1496,1517
2039,"CodeTON Round 9 (Div. 1 + Div. 2, Rated, Prizes!)",Learner_Don007,2641,1732383300,1104,1237
2039,"CodeTON Round 9 (Div. 1 + Div. 2, Rated, Prizes!)",tyagivaibhav,2641,1732383300,1628,1615
2039,"CodeTON Round 9 (Div. 1 + Div. 2, Rated, Prizes!)",nh_nayeem,2643,1732383300,1841,1776
2039,"CodeTON Round 9 (Div. 1 + Div. 2, Rated, Prizes!)",Warinchai_s,2643,1732383300,1622,1611
2039,"CodeTON Round 9 (Div. 1 + Div. 2, Rated, Prizes!)",SarthakCP21,2645,1732383300,1559,1563
2039,"CodeTON Round 9 (Div. 1 + Div. 2, Rated, Prizes!)",BobSmith,2645,1732383300,1788,1736
2039,"CodeTON Round 9 (Div. 1 + Div. 2, Rated, Prizes!)",h.j.b.r.l,2647,1732383300,1393,1440
2039,"CodeTON Round 9 (Div. 1 + Div. 2, Rated, Prizes!)",LegendLooser,2648,1732383300,1344,1405
2039,"CodeTON Round 9 (Div. 1 + Div. 2, Rated, Prizes!)",l_yzzz,2649,1732383300,1415,1456
2039,"CodeTON Round 9 (Div. 1 + Div. 2, Rated, Prizes!)",DaniDiazTech,2649,1732383300,1617,1607
2039,"CodeTON Round 9 (Div. 1 + Div. 2, Rated, Prizes!)",7cabbages,2651,1732383300,0,551
2039,"CodeTON Round 9 (Div. 1 + Div. 2, Rated, Prizes!)",slivolymp,2652,1732383300,1508,1525
2039,"CodeTON Round 9 (Div. 1 + Div. 2, Rated, Prizes!)",AlMuhitMuhtadi,2653,1732383300,1610,1601
2039,"CodeTON Round 9 (Div. 1 + Div. 2, Rated, Prizes!)",AlexisMo27772,2654,1732383300,1483,1507
2039,"CodeTON Round 9 (Div. 1 + Div. 2, Rated, Prizes!)",Argooo,2654,1732383300,1418,1573
2039,"CodeTON Round 9 (Div. 1 + Div. 2, Rated, Prizes!)",Fahad_Shaon,2656,1732383300,0,551
2039,"CodeTON Round 9 (Div. 1 + Div. 2, Rated, Prizes!)",afjskdlfjafkj,2656,1732383300,1817,1757
2039,"CodeTON Round 9 (Div. 1 + Div. 2, Rated, Prizes!)",RandomThread,2658,1732383300,1570,1571
2039,"CodeTON Round 9 (Div. 1 + Div. 2, Rated, Prizes!)",ebrambill,2658,1732383300,1420,1459
2039,"CodeTON Round 9 (Div. 1 + Div. 2, Rated, Prizes!)",PiscesDream,2660,1732383300,1756,1711
2039,"CodeTON Round 9 (Div. 1 + Div. 2, Rated, Prizes!)",Jack_cjj,2661,1732383300,1083,1275
2039,"CodeTON Round 9 (Div. 1 + Div. 2, Rated, Prizes!)",ckk,2662,1732383300,1727,1689
2039,"CodeTON Round 9 (Div. 1 + Div. 2, Rated, Prizes!)",Radman_,2663,1732383300,1766,1718
2039,"CodeTON Round 9 (Div. 1 + Div. 2, Rated, Prizes!)",null_lambda,2664,1732383300,1726,1688
2039,"CodeTON Round 9 (Div. 1 + Div. 2, Rated, Prizes!)",Amjad_Manafikhi,2664,1732383300,1384,1433
2039,"CodeTON Round 9 (Div. 1 + Div. 2, Rated, Prizes!)",cryingsomuch,2666,1732383300,866,1156
2039,"CodeTON Round 9 (Div. 1 + Div. 2, Rated, Prizes!)",theSkeleton,2667,1732383300,1661,1639
2039,"CodeTON Round 9 (Div. 1 + Div. 2, Rated, Prizes!)",limage,2668,1732383300,1734,1694
2039,"CodeTON Round 9 (Div. 1 + Div. 2, Rated, Prizes!)",yusuf12360,2669,1732383300,1762,1715
2039,"CodeTON Round 9 (Div. 1 + Div. 2, Rated, Prizes!)",carotinoid,2670,1732383300,1573,1572
2039,"CodeTON Round 9 (Div. 1 + Div. 2, Rated, Prizes!)",Morisz10,2671,1732383300,2239,2086
2039,"CodeTON Round 9 (Div. 1 + Div. 2, Rated, Prizes!)",miya,2672,1732383300,1629,1614
2039,"CodeTON Round 9 (Div. 1 + Div. 2, Rated, Prizes!)",MongyTrad,2672,1732383300,1728,1689
2039,"CodeTON Round 9 (Div. 1 + Div. 2, Rated, Prizes!)",Kiffaz,2674,1732383300,1611,1600
2039,"CodeTON Round 9 (Div. 1 + Div. 2, Rated, Prizes!)",xsjpx,2675,1732383300,1455,1485
2039,"CodeTON Round 9 (Div. 1 + Div. 2, Rated, Prizes!)",M0stafa,2676,1732383300,1472,1497
2039,"CodeTON Round 9 (Div. 1 + Div. 2, Rated, Prizes!)",kimbiladi,2677,1732383300,962,1226
2039,"CodeTON Round 9 (Div. 1 + Div. 2, Rated, Prizes!)",MarioNathan,2678,1732383300,1391,1437
2039,"CodeTON Round 9 (Div. 1 + Div. 2, Rated, Prizes!)",ttakk,2678,1732383300,1407,1449
2039,"CodeTON Round 9 (Div. 1 + Div. 2, Rated, Prizes!)",Jerrytqx,2680,1732383300,1178,1285
2039,"CodeTON Round 9 (Div. 1 + Div. 2, Rated, Prizes!)",oliver326,2681,1732383300,1917,1832
2039,"CodeTON Round 9 (Div. 1 + Div. 2, Rated, Prizes!)",antabifadel,2682,1732383300,1613,1602
2039,"CodeTON Round 9 (Div. 1 + Div. 2, Rated, Prizes!)",BiaxialRay_,2683,1732383300,1579,1576
2039,"CodeTON Round 9 (Div. 1 + Div. 2, Rated, Prizes!)",Sabbir.Hasan,2683,1732383300,1552,1556
2039,"CodeTON Round 9 (Div. 1 + Div. 2, Rated, Prizes!)",soccho66,2685,1732383300,1651,1631
2039,"CodeTON Round 9 (Div. 1 + Div. 2, Rated, Prizes!)",sergmel,2686,1732383300,1272,1351
2039,"CodeTON Round 9 (Div. 1 + Div. 2, Rated, Prizes!)",thelonesailor,2687,1732383300,1441,1474
2039,"CodeTON Round 9 (Div. 1 + Div. 2, Rated, Prizes!)",alibaba17,2687,1732383300,1253,1338
2039,"CodeTON Round 9 (Div. 1 + Div. 2, Rated, Prizes!)",pandaa73,2689,1732383300,1289,1363
2039,"CodeTON Round 9 (Div. 1 + Div. 2, Rated, Prizes!)",__AlephNuLL,2690,1732383300,1749,1705
2039,"CodeTON Round 9 (Div. 1 + Div. 2, Rated, Prizes!)",Andriy57,2690,1732383300,994,1163
2039,"CodeTON Round 9 (Div. 1 + Div. 2, Rated, Prizes!)",PekiPecMaliZec,2692,1732383300,1613,1601
2039,"CodeTON Round 9 (Div. 1 + Div. 2, Rated, Prizes!)",qwyz,2693,1732383300,1423,1460
2039,"CodeTON Round 9 (Div. 1 + Div. 2, Rated, Prizes!)",KaiserYang,2694,1732383300,1620,1606
2039,"CodeTON Round 9 (Div. 1 + Div. 2, Rated, Prizes!)",Bardia_AB,2695,1732383300,1583,1579
2039,"CodeTON Round 9 (Div. 1 + Div. 2, Rated, Prizes!)",mach102243,2696,1732383300,1414,1453
2039,"CodeTON Round 9 (Div. 1 + Div. 2, Rated, Prizes!)",xcdtlatin2,2697,1732383300,1430,1465
2039,"CodeTON Round 9 (Div. 1 + Div. 2, Rated, Prizes!)",robostac,2698,1732383300,2058,1941
2039,"CodeTON Round 9 (Div. 1 + Div. 2, Rated, Prizes!)",_habi,2699,1732383300,1210,1307
2039,"CodeTON Round 9 (Div. 1 + Div. 2, Rated, Prizes!)",H030m0001,2700,1732383300,1650,1629
2039,"CodeTON Round 9 (Div. 1 + Div. 2, Rated, Prizes!)",beny_kh,2701,1732383300,1421,1458
2039,"CodeTON Round 9 (Div. 1 + Div. 2, Rated, Prizes!)",jiuxiangqingfeng,2702,1732383300,1462,1488
2039,"CodeTON Round 9 (Div. 1 + Div. 2, Rated, Prizes!)",841310284,2703,1732383300,1155,1268
2039,"CodeTON Round 9 (Div. 1 + Div. 2, Rated, Prizes!)",Amia,2704,1732383300,1287,1361
2039,"CodeTON Round 9 (Div. 1 + Div. 2, Rated, Prizes!)",Abo_alzeek,2705,1732383300,1622,1607
2039,"CodeTON Round 9 (Div. 1 + Div. 2, Rated, Prizes!)",bary,2706,1732383300,2123,1993
2039,"CodeTON Round 9 (Div. 1 + Div. 2, Rated, Prizes!)",Mohammad.Nour,2707,1732383300,1518,1530
2039,"CodeTON Round 9 (Div. 1 + Div. 2, Rated, Prizes!)",Ang107,2707,1732383300,1528,1537
2039,"CodeTON Round 9 (Div. 1 + Div. 2, Rated, Prizes!)",byebye10000,2709,1732383300,1752,1706
2039,"CodeTON Round 9 (Div. 1 + Div. 2, Rated, Prizes!)",JayTe,2710,1732383300,974,1201
2039,"CodeTON Round 9 (Div. 1 + Div. 2, Rated, Prizes!)",AlimkhanMeshok,2710,1732383300,1530,1538
2039,"CodeTON Round 9 (Div. 1 + Div. 2, Rated, Prizes!)",GDCass1ni,2712,1732383300,1185,1289
2039,"CodeTON Round 9 (Div. 1 + Div. 2, Rated, Prizes!)",Marko,2713,1732383300,1656,1633
2039,"CodeTON Round 9 (Div. 1 + Div. 2, Rated, Prizes!)",amineriwa,2713,1732383300,1647,1627
2039,"CodeTON Round 9 (Div. 1 + Div. 2, Rated, Prizes!)",MH_Parag,2715,1732383300,1547,1551
2039,"CodeTON Round 9 (Div. 1 + Div. 2, Rated, Prizes!)",Arsud,2715,1732383300,1589,1582
2039,"CodeTON Round 9 (Div. 1 + Div. 2, Rated, Prizes!)",__Silverwolf,2717,1732383300,1644,1624
2039,"CodeTON Round 9 (Div. 1 + Div. 2, Rated, Prizes!)",VPking,2718,1732383300,1137,1319
2039,"CodeTON Round 9 (Div. 1 + Div. 2, Rated, Prizes!)",DanWin,2719,1732383300,1636,1618
2039,"CodeTON Round 9 (Div. 1 + Div. 2, Rated, Prizes!)",Empereur,2720,1732383300,1612,1599
2039,"CodeTON Round 9 (Div. 1 + Div. 2, Rated, Prizes!)",ALL_TER,2721,1732383300,1372,1421
2039,"CodeTON Round 9 (Div. 1 + Div. 2, Rated, Prizes!)",AAAAAZBX,2721,1732383300,1713,1676
2039,"CodeTON Round 9 (Div. 1 + Div. 2, Rated, Prizes!)",Gogolev,2723,1732383300,2077,1956
2039,"CodeTON Round 9 (Div. 1 + Div. 2, Rated, Prizes!)",KurtSteinkraus,2724,1732383300,1384,1430
2039,"CodeTON Round 9 (Div. 1 + Div. 2, Rated, Prizes!)",HaiPham05_YeusCode,2725,1732383300,1353,1407
2039,"CodeTON Round 9 (Div. 1 + Div. 2, Rated, Prizes!)",EuclidChess,2726,1732383300,1649,1627
2039,"CodeTON Round 9 (Div. 1 + Div. 2, Rated, Prizes!)",TNT_NHAT_VOI,2727,1732383300,1556,1557
2039,"CodeTON Round 9 (Div. 1 + Div. 2, Rated, Prizes!)",Throusea,2728,1732383300,1512,1524
2039,"CodeTON Round 9 (Div. 1 + Div. 2, Rated, Prizes!)",jokertao,2728,1732383300,1612,1599
2039,"CodeTON Round 9 (Div. 1 + Div. 2, Rated, Prizes!)",anhvuleduc17,2730,1732383300,1906,1822
2039,"CodeTON Round 9 (Div. 1 + Div. 2, Rated, Prizes!)",Duv,2731,1732383300,1907,1823
2039,"CodeTON Round 9 (Div. 1 + Div. 2, Rated, Prizes!)",SidM007,2732,1732383300,1379,1426
2039,"CodeTON Round 9 (Div. 1 + Div. 2, Rated, Prizes!)",TAFH,2733,1732383300,1264,1343
2039,"CodeTON Round 9 (Div. 1 + Div. 2, Rated, Prizes!)",GullitMC8,2734,1732383300,1420,1531
2039,"CodeTON Round 9 (Div. 1 + Div. 2, Rated, Prizes!)",Ke_scholar,2735,1732383300,1526,1534
2039,"CodeTON Round 9 (Div. 1 + Div. 2, Rated, Prizes!)",iangz,2736,1732383300,1657,1633
2039,"CodeTON Round 9 (Div. 1 + Div. 2, Rated, Prizes!)",line_is_circle,2736,1732383300,1288,1360
2039,"CodeTON Round 9 (Div. 1 + Div. 2, Rated, Prizes!)",quang.nh14,2738,1732383300,1547,1550
2039,"CodeTON Round 9 (Div. 1 + Div. 2, Rated, Prizes!)",Hasan0540,2739,1732383300,1964,1867
2039,"CodeTON Round 9 (Div. 1 + Div. 2, Rated, Prizes!)",zheng_zijian,2740,1732383300,1503,1517
2039,"CodeTON Round 9 (Div. 1 + Div. 2, Rated, Prizes!)",michaleproff,2741,1732383300,1405,1445
2039,"CodeTON Round 9 (Div. 1 + Div. 2, Rated, Prizes!)",bramar2,2742,1732383300,1668,1641
2039,"CodeTON Round 9 (Div. 1 + Div. 2, Rated, Prizes!)",BlackCat_,2742,1732383300,1455,1481
2039,"CodeTON Round 9 (Div. 1 + Div. 2, Rated, Prizes!)",dayuxiaoshui,2744,1732383300,1237,1323
2039,"CodeTON Round 9 (Div. 1 + Div. 2, Rated, Prizes!)",bad_imagination,2745,1732383300,1570,1567
2039,"CodeTON Round 9 (Div. 1 + Div. 2, Rated, Prizes!)",jouii,2746,1732383300,1388,1432
2039,"CodeTON Round 9 (Div. 1 + Div. 2, Rated, Prizes!)",SpearheadK,2747,1732383300,1452,1479
2039,"CodeTON Round 9 (Div. 1 + Div. 2, Rated, Prizes!)",Almonther,2748,1732383300,1461,1485
2039,"CodeTON Round 9 (Div. 1 + Div. 2, Rated, Prizes!)",Sn0wPanther,2749,1732383300,1663,1637
2039,"CodeTON Round 9 (Div. 1 + Div. 2, Rated, Prizes!)",bubbarob19,2750,1732383300,1703,1666
2039,"CodeTON Round 9 (Div. 1 + Div. 2, Rated, Prizes!)",cwcr6315,2751,1732383300,1208,1338
2039,"CodeTON Round 9 (Div. 1 + Div. 2, Rated, Prizes!)",xyfern,2752,1732383300,1805,1744
2039,"CodeTON Round 9 (Div. 1 + Div. 2, Rated, Prizes!)",bbc_ouo,2753,1732383300,1661,1635
2039,"CodeTON Round 9 (Div. 1 + Div. 2, Rated, Prizes!)",QQjun999,2754,1732383300,1271,1383
2039,"CodeTON Round 9 (Div. 1 + Div. 2, Rated, Prizes!)",tkl2006,2755,1732383300,1395,1436
2039,"CodeTON Round 9 (Div. 1 + Div. 2, Rated, Prizes!)",kasanaruomoi,2756,1732383300,1640,1619
2039,"CodeTON Round 9 (Div. 1 + Div. 2, Rated, Prizes!)",alg0maniac,2757,1732383300,1418,1453
2039,"CodeTON Round 9 (Div. 1 + Div. 2, Rated, Prizes!)",EzzEldeen_Ali,2758,1732383300,1614,1599
2039,"CodeTON Round 9 (Div. 1 + Div. 2, Rated, Prizes!)",Disfyy,2759,1732383300,1282,1354
2039,"CodeTON Round 9 (Div. 1 + Div. 2, Rated, Prizes!)",ricardo-s,2760,1732383300,1503,1516
2039,"CodeTON Round 9 (Div. 1 + Div. 2, Rated, Prizes!)",asaltfish,2761,1732383300,1700,1664
2039,"CodeTON Round 9 (Div. 1 + Div. 2, Rated, Prizes!)",obliviate_aaa,2762,1732383300,1462,1485
2039,"CodeTON Round 9 (Div. 1 + Div. 2, Rated, Prizes!)",lce4113,2763,1732383300,1488,1505
2039,"CodeTON Round 9 (Div. 1 + Div. 2, Rated, Prizes!)",Arkanefury,2764,1732383300,1572,1567
2039,"CodeTON Round 9 (Div. 1 + Div. 2, Rated, Prizes!)",sourabh_27,2765,1732383300,1210,1303
2039,"CodeTON Round 9 (Div. 1 + Div. 2, Rated, Prizes!)",KM_Parvez,2766,1732383300,1674,1644
2039,"CodeTON Round 9 (Div. 1 + Div. 2, Rated, Prizes!)",ccccc12,2767,1732383300,777,1026
2039,"CodeTON Round 9 (Div. 1 + Div. 2, Rated, Prizes!)",Wire_Fire,2768,1732383300,1434,1464
2039,"CodeTON Round 9 (Div. 1 + Div. 2, Rated, Prizes!)",GlenRios,2769,1732383300,1465,1488
2039,"CodeTON Round 9 (Div. 1 + Div. 2, Rated, Prizes!)",Peti4,2770,1732383300,1404,1442
2039,"CodeTON Round 9 (Div. 1 + Div. 2, Rated, Prizes!)",zzzth,2771,1732383300,884,1135
2039,"CodeTON Round 9 (Div. 1 + Div. 2, Rated, Prizes!)",HashimzadeRashid,2772,1732383300,926,1115
2039,"CodeTON Round 9 (Div. 1 + Div. 2, Rated, Prizes!)",Maite_Morales,2773,1732383300,1599,1587
2039,"CodeTON Round 9 (Div. 1 + Div. 2, Rated, Prizes!)",Vallano,2774,1732383300,1412,1448
2039,"CodeTON Round 9 (Div. 1 + Div. 2, Rated, Prizes!)",MikuMiku5e5,2775,1732383300,0,545
2039,"CodeTON Round 9 (Div. 1 + Div. 2, Rated, Prizes!)",haveOlogntime,2776,1732383300,1415,1487
2039,"CodeTON Round 9 (Div. 1 + Div. 2, Rated, Prizes!)",YoHo,2776,1732383300,1793,1734
2039,"CodeTON Round 9 (Div. 1 + Div. 2, Rated, Prizes!)",GUANRAI,2778,1732383300,1338,1394
2039,"CodeTON Round 9 (Div. 1 + Div. 2, Rated, Prizes!)",xorman,2779,1732383300,1293,1362
2039,"CodeTON Round 9 (Div. 1 + Div. 2, Rated, Prizes!)",Huntercam,2780,1732383300,1742,1695
2039,"CodeTON Round 9 (Div. 1 + Div. 2, Rated, Prizes!)",AmartyaXphy,2781,1732383300,1462,1485
2039,"CodeTON Round 9 (Div. 1 + Div. 2, Rated, Prizes!)",DallashSmurf,2782,1732383300,1238,1322
2039,"CodeTON Round 9 (Div. 1 + Div. 2, Rated, Prizes!)",gyhwhitenight,2783,1732383300,1205,1298
2039,"CodeTON Round 9 (Div. 1 + Div. 2, Rated, Prizes!)",_Filya_,2784,1732383300,2011,1901
2039,"CodeTON Round 9 (Div. 1 + Div. 2, Rated, Prizes!)",pera2008,2785,1732383300,2126,1992
2039,"CodeTON Round 9 (Div. 1 + Div. 2, Rated, Prizes!)",Aidos6,2785,1732383300,956,1133
2039,"CodeTON Round 9 (Div. 1 + Div. 2, Rated, Prizes!)",tiom4eg,2787,1732383300,2119,1985
2039,"CodeTON Round 9 (Div. 1 + Div. 2, Rated, Prizes!)",gdrw_long,2788,1732383300,1530,1535
2039,"CodeTON Round 9 (Div. 1 + Div. 2, Rated, Prizes!)",rhineofts,2789,1732383300,1772,1717
2039,"CodeTON Round 9 (Div. 1 + Div. 2, Rated, Prizes!)",xiahou,2790,1732383300,1416,1450
2039,"CodeTON Round 9 (Div. 1 + Div. 2, Rated, Prizes!)",jastaway,2791,1732383300,1811,1747
2039,"CodeTON Round 9 (Div. 1 + Div. 2, Rated, Prizes!)",Dogm_3,2792,1732383300,915,1186
2039,"CodeTON Round 9 (Div. 1 + Div. 2, Rated, Prizes!)",tickbird,2793,1732383300,1436,1465
2039,"CodeTON Round 9 (Div. 1 + Div. 2, Rated, Prizes!)",TahsinArafat,2793,1732383300,1943,1847
2039,"CodeTON Round 9 (Div. 1 + Div. 2, Rated, Prizes!)",THE_THUNDERSTORM_BEGINS,2795,1732383300,1902,1816
2039,"CodeTON Round 9 (Div. 1 + Div. 2, Rated, Prizes!)",OoishiKuraudo,2796,1732383300,1407,1444
2039,"CodeTON Round 9 (Div. 1 + Div. 2, Rated, Prizes!)",rlghirsrifhbp,2797,1732383300,1642,1619
2039,"CodeTON Round 9 (Div. 1 + Div. 2, Rated, Prizes!)",katarina001,2798,1732383300,1678,1646
2039,"CodeTON Round 9 (Div. 1 + Div. 2, Rated, Prizes!)",jackson.souza,2799,1732383300,2103,1973
2039,"CodeTON Round 9 (Div. 1 + Div. 2, Rated, Prizes!)",rngmt,2800,1732383300,1817,1751
2039,"CodeTON Round 9 (Div. 1 + Div. 2, Rated, Prizes!)",RE_Prince,2800,1732383300,1480,1497
2039,"CodeTON Round 9 (Div. 1 + Div. 2, Rated, Prizes!)",iLoveOru,2802,1732383300,1686,1652
2039,"CodeTON Round 9 (Div. 1 + Div. 2, Rated, Prizes!)",Munkh-Orgil416,2803,1732383300,1734,1687
2039,"CodeTON Round 9 (Div. 1 + Div. 2, Rated, Prizes!)",Omar_Hamdon,2804,1732383300,1397,1435
2039,"CodeTON Round 9 (Div. 1 + Div. 2, Rated, Prizes!)",ApuYe,2804,1732383300,1601,1587
2039,"CodeTON Round 9 (Div. 1 + Div. 2, Rated, Prizes!)",Aarav_J,2804,1732383300,712,1038
2039,"CodeTON Round 9 (Div. 1 + Div. 2, Rated, Prizes!)",xiachi,2804,1732383300,1938,1844
2039,"CodeTON Round 9 (Div. 1 + Div. 2, Rated, Prizes!)",Ranco,2808,1732383300,1317,1377
2039,"CodeTON Round 9 (Div. 1 + Div. 2, Rated, Prizes!)",Panyang,2808,1732383300,1753,1702
2039,"CodeTON Round 9 (Div. 1 + Div. 2, Rated, Prizes!)",Salah7_a,2810,1732383300,1419,1451
2039,"CodeTON Round 9 (Div. 1 + Div. 2, Rated, Prizes!)",riogor,2811,1732383300,1500,1511
2039,"CodeTON Round 9 (Div. 1 + Div. 2, Rated, Prizes!)",Kevinyang_fan,2812,1732383300,1422,1515
2039,"CodeTON Round 9 (Div. 1 + Div. 2, Rated, Prizes!)",Vsevolod_progr,2813,1732383300,1657,1629
2039,"CodeTON Round 9 (Div. 1 + Div. 2, Rated, Prizes!)",Tobzhan,2814,1732383300,1425,1456
2039,"CodeTON Round 9 (Div. 1 + Div. 2, Rated, Prizes!)",SorryRejudger,2815,1732383300,1650,1623
2039,"CodeTON Round 9 (Div. 1 + Div. 2, Rated, Prizes!)",-DN,2815,1732383300,2124,1989
2039,"CodeTON Round 9 (Div. 1 + Div. 2, Rated, Prizes!)",BeanBurrito,2817,1732383300,1531,1534
2039,"CodeTON Round 9 (Div. 1 + Div. 2, Rated, Prizes!)",MarioYC,2817,1732383300,1981,1876
2039,"CodeTON Round 9 (Div. 1 + Div. 2, Rated, Prizes!)",codevode,2817,1732383300,511,895
2039,"CodeTON Round 9 (Div. 1 + Div. 2, Rated, Prizes!)",ImNotOleg,2817,1732383300,0,543
2039,"CodeTON Round 9 (Div. 1 + Div. 2, Rated, Prizes!)",_stOrz_,2821,1732383300,1315,1447
2039,"CodeTON Round 9 (Div. 1 + Div. 2, Rated, Prizes!)",jeal0uspengu1n,2821,1732383300,1613,1596
2039,"CodeTON Round 9 (Div. 1 + Div. 2, Rated, Prizes!)",__BaD_mAn__,2821,1732383300,2045,1926
2039,"CodeTON Round 9 (Div. 1 + Div. 2, Rated, Prizes!)",_0Istahak,2824,1732383300,1621,1602
2039,"CodeTON Round 9 (Div. 1 + Div. 2, Rated, Prizes!)",halqifibrax,2824,1732383300,1633,1611
2039,"CodeTON Round 9 (Div. 1 + Div. 2, Rated, Prizes!)",AllH5,2826,1732383300,349,777
2039,"CodeTON Round 9 (Div. 1 + Div. 2, Rated, Prizes!)",Crbubble,2826,1732383300,1805,1741
2039,"CodeTON Round 9 (Div. 1 + Div. 2, Rated, Prizes!)",bkdn24.kimchi,2826,1732383300,1520,1525
2039,"CodeTON Round 9 (Div. 1 + Div. 2, Rated, Prizes!)",Citypop,2829,1732383300,1638,1614
2039,"CodeTON Round 9 (Div. 1 + Div. 2, Rated, Prizes!)",theGitNoob,2830,1732383300,1506,1515
2039,"CodeTON Round 9 (Div. 1 + Div. 2, Rated, Prizes!)",3bkarm,2831,1732383300,1533,1535
2039,"CodeTON Round 9 (Div. 1 + Div. 2, Rated, Prizes!)",marianoferesin,2831,1732383300,1857,1780
2039,"CodeTON Round 9 (Div. 1 + Div. 2, Rated, Prizes!)",WINGU,2831,1732383300,1654,1626
2039,"CodeTON Round 9 (Div. 1 + Div. 2, Rated, Prizes!)",Akai47,2834,1732383300,1185,1282
2039,"CodeTON Round 9 (Div. 1 + Div. 2, Rated, Prizes!)",Rifat4242,2834,1732383300,1624,1604
2039,"CodeTON Round 9 (Div. 1 + Div. 2, Rated, Prizes!)",i_want_to_sleep,2834,1732383300,1525,1529
2039,"CodeTON Round 9 (Div. 1 + Div. 2, Rated, Prizes!)",_O_v_O_,2837,1732383300,1352,1401
2039,"CodeTON Round 9 (Div. 1 + Div. 2, Rated, Prizes!)",Jeleyka,2838,1732383300,1806,1741
2039,"CodeTON Round 9 (Div. 1 + Div. 2, Rated, Prizes!)",YudoTLE,2839,1732383300,1652,1624
2039,"CodeTON Round 9 (Div. 1 + Div. 2, Rated, Prizes!)",CatnipIsAddictive,2839,1732383300,1792,1730
2039,"CodeTON Round 9 (Div. 1 + Div. 2, Rated, Prizes!)",jmyszka,2839,1732383300,2198,2046
2039,"CodeTON Round 9 (Div. 1 + Div. 2, Rated, Prizes!)",liang0504,2842,1732383300,1709,1667
2039,"CodeTON Round 9 (Div. 1 + Div. 2, Rated, Prizes!)",Hellia,2842,1732383300,1601,1586
2039,"CodeTON Round 9 (Div. 1 + Div. 2, Rated, Prizes!)",newbie234,2842,1732383300,1185,1349
2039,"CodeTON Round 9 (Div. 1 + Div. 2, Rated, Prizes!)",MaherSefo,2845,1732383300,1978,1873
2039,"CodeTON Round 9 (Div. 1 + Div. 2, Rated, Prizes!)",CaiXY06,2846,1732383300,1735,1687
2039,"CodeTON Round 9 (Div. 1 + Div. 2, Rated, Prizes!)",svntn.4vr,2847,1732383300,1634,1610
2039,"CodeTON Round 9 (Div. 1 + Div. 2, Rated, Prizes!)",CarroT1212,2847,1732383300,1728,1681
2039,"CodeTON Round 9 (Div. 1 + Div. 2, Rated, Prizes!)",ishrak26,2849,1732383300,1706,1664
2039,"CodeTON Round 9 (Div. 1 + Div. 2, Rated, Prizes!)",chaosEye,2849,1732383300,1494,1505
2039,"CodeTON Round 9 (Div. 1 + Div. 2, Rated, Prizes!)",PavanNaidu,2851,1732383300,1170,1327
2039,"CodeTON Round 9 (Div. 1 + Div. 2, Rated, Prizes!)",FredericM,2851,1732383300,1397,1433
2039,"CodeTON Round 9 (Div. 1 + Div. 2, Rated, Prizes!)",zhy968516,2851,1732383300,1571,1562
2039,"CodeTON Round 9 (Div. 1 + Div. 2, Rated, Prizes!)",Prumize,2851,1732383300,1655,1625
2039,"CodeTON Round 9 (Div. 1 + Div. 2, Rated, Prizes!)",Yooussef,2851,1732383300,1444,1468
2039,"CodeTON Round 9 (Div. 1 + Div. 2, Rated, Prizes!)",suprend,2856,1732383300,1960,1858
2039,"CodeTON Round 9 (Div. 1 + Div. 2, Rated, Prizes!)",alexdragon7553,2856,1732383300,1660,1629
2039,"CodeTON Round 9 (Div. 1 + Div. 2, Rated, Prizes!)",t0rto1se,2858,1732383300,2132,1993
2039,"CodeTON Round 9 (Div. 1 + Div. 2, Rated, Prizes!)",enwask,2858,1732383300,1591,1577
2039,"CodeTON Round 9 (Div. 1 + Div. 2, Rated, Prizes!)",amit_bishnoi29,2860,1732383300,1570,1561
2039,"CodeTON Round 9 (Div. 1 + Div. 2, Rated, Prizes!)",rockoff,2861,1732383300,1657,1627
2039,"CodeTON Round 9 (Div. 1 + Div. 2, Rated, Prizes!)",-121,2861,1732383300,0,541
2039,"CodeTON Round 9 (Div. 1 + Div. 2, Rated, Prizes!)",wlh__1,2861,1732383300,1590,1576
2039,"CodeTON Round 9 (Div. 1 + Div. 2, Rated, Prizes!)",wx03,2864,1732383300,1655,1625
2039,"CodeTON Round 9 (Div. 1 + Div. 2, Rated, Prizes!)",apocy,2864,1732383300,0,541
2039,"CodeTON Round 9 (Div. 1 + Div. 2, Rated, Prizes!)",Ahnaf.Shahriar.Asif,2864,1732383300,1511,1517
2039,"CodeTON Round 9 (Div. 1 + Div. 2, Rated, Prizes!)",beZERO,2867,1732383300,1568,1559
2039,"CodeTON Round 9 (Div. 1 + Div. 2, Rated, Prizes!)",iordache_,2868,1732383300,1665,1632
2039,"CodeTON Round 9 (Div. 1 + Div. 2, Rated, Prizes!)",Abdullah500,2869,1732383300,1805,1739
2039,"CodeTON Round 9 (Div. 1 + Div. 2, Rated, Prizes!)",Nestik,2869,1732383300,1488,1500
2039,"CodeTON Round 9 (Div. 1 + Div. 2, Rated, Prizes!)",karimov,2871,1732383300,1445,1467
2039,"CodeTON Round 9 (Div. 1 + Div. 2, Rated, Prizes!)",maximrufed,2872,1732383300,2245,2083
2039,"CodeTON Round 9 (Div. 1 + Div. 2, Rated, Prizes!)",biniyamnegasa,2872,1732383300,1330,1383
2039,"CodeTON Round 9 (Div. 1 + Div. 2, Rated, Prizes!)",ASPDK,2872,1732383300,1354,1400
2039,"CodeTON Round 9 (Div. 1 + Div. 2, Rated, Prizes!)",vIkt0r0Ro,2875,1732383300,1488,1499
2039,"CodeTON Round 9 (Div. 1 + Div. 2, Rated, Prizes!)",StOlEn_KiNg,2875,1732383300,1447,1469
2039,"CodeTON Round 9 (Div. 1 + Div. 2, Rated, Prizes!)",TravisBickle,2877,1732383300,1419,1449
2039,"CodeTON Round 9 (Div. 1 + Div. 2, Rated, Prizes!)",PJ_HP_F,2878,1732383300,1690,1651
2039,"CodeTON Round 9 (Div. 1 + Div. 2, Rated, Prizes!)",Arthur,2878,1732383300,2107,1973
2039,"CodeTON Round 9 (Div. 1 + Div. 2, Rated, Prizes!)",rahul19191,2878,1732383300,1499,1507
2039,"CodeTON Round 9 (Div. 1 + Div. 2, Rated, Prizes!)",nb29122005,2881,1732383300,1715,1670
2039,"CodeTON Round 9 (Div. 1 + Div. 2, Rated, Prizes!)",yogzinhoo,2881,1732383300,2263,2098
2039,"CodeTON Round 9 (Div. 1 + Div. 2, Rated, Prizes!)",HOT_CODE,2883,1732383300,539,912
2039,"CodeTON Round 9 (Div. 1 + Div. 2, Rated, Prizes!)",Mixnight,2884,1732383300,1602,1584
2039,"CodeTON Round 9 (Div. 1 + Div. 2, Rated, Prizes!)",kathal404,2884,1732383300,1544,1541
2039,"CodeTON Round 9 (Div. 1 + Div. 2, Rated, Prizes!)",leessjn,2884,1732383300,1666,1633
2039,"CodeTON Round 9 (Div. 1 + Div. 2, Rated, Prizes!)",El7abal,2884,1732383300,1145,1252
2039,"CodeTON Round 9 (Div. 1 + Div. 2, Rated, Prizes!)",Iamn1gga,2888,1732383300,1086,1212
2039,"CodeTON Round 9 (Div. 1 + Div. 2, Rated, Prizes!)",alpha_6124,2888,1732383300,1602,1585
2039,"CodeTON Round 9 (Div. 1 + Div. 2, Rated, Prizes!)",-proof-by-ac-,2888,1732383300,1689,1650
2039,"CodeTON Round 9 (Div. 1 + Div. 2, Rated, Prizes!)",wjli,2888,1732383300,2105,1970
2039,"CodeTON Round 9 (Div. 1 + Div. 2, Rated, Prizes!)",sdyakonov,2892,1732383300,2158,2013
2039,"CodeTON Round 9 (Div. 1 + Div. 2, Rated, Prizes!)",Bolaloon,2892,1732383300,1749,1695
2039,"CodeTON Round 9 (Div. 1 + Div. 2, Rated, Prizes!)",TD0210,2892,1732383300,1419,1447
2039,"CodeTON Round 9 (Div. 1 + Div. 2, Rated, Prizes!)",raidencode,2892,1732383300,1422,1450
2039,"CodeTON Round 9 (Div. 1 + Div. 2, Rated, Prizes!)",Amadeus__,2892,1732383300,1451,1471
2039,"CodeTON Round 9 (Div. 1 + Div. 2, Rated, Prizes!)",yuzhongrun,2897,1732383300,1572,1561
2039,"CodeTON Round 9 (Div. 1 + Div. 2, Rated, Prizes!)",conan45,2897,1732383300,1418,1446
2039,"CodeTON Round 9 (Div. 1 + Div. 2, Rated, Prizes!)",Min_27,2897,1732383300,1573,1562
2039,"CodeTON Round 9 (Div. 1 + Div. 2, Rated, Prizes!)",apt_dpd,2900,1732383300,1630,1605
2039,"CodeTON Round 9 (Div. 1 + Div. 2, Rated, Prizes!)",TroySer,2900,1732383300,1293,1355
2039,"CodeTON Round 9 (Div. 1 + Div. 2, Rated, Prizes!)",naitikjain,2900,1732383300,1288,1352
2039,"CodeTON Round 9 (Div. 1 + Div. 2, Rated, Prizes!)",Richard-Dyinman,2900,1732383300,1573,1561
2039,"CodeTON Round 9 (Div. 1 + Div. 2, Rated, Prizes!)",w1ss,2904,1732383300,1439,1462
2039,"CodeTON Round 9 (Div. 1 + Div. 2, Rated, Prizes!)",SmPkh,2904,1732383300,1434,1458
2039,"CodeTON Round 9 (Div. 1 + Div. 2, Rated, Prizes!)",lap_fhyu,2906,1732383300,1679,1642
2039,"CodeTON Round 9 (Div. 1 + Div. 2, Rated, Prizes!)",ngocson295,2906,1732383300,1442,1464
2039,"CodeTON Round 9 (Div. 1 + Div. 2, Rated, Prizes!)",stunnerhash,2908,1732383300,1430,1455
2039,"CodeTON Round 9 (Div. 1 + Div. 2, Rated, Prizes!)",umikaze1210,2908,1732383300,1686,1646
2039,"CodeTON Round 9 (Div. 1 + Div. 2, Rated, Prizes!)",tiojuan,2908,1732383300,1942,1842
2039,"CodeTON Round 9 (Div. 1 + Div. 2, Rated, Prizes!)",nosaboy,2911,1732383300,1607,1587
2039,"CodeTON Round 9 (Div. 1 + Div. 2, Rated, Prizes!)",Tikursew,2911,1732383300,1725,1676
2039,"CodeTON Round 9 (Div. 1 + Div. 2, Rated, Prizes!)",ji2duan,2911,1732383300,1648,1618
2039,"CodeTON Round 9 (Div. 1 + Div. 2, Rated, Prizes!)",Alom_Shanto,2914,1732383300,1744,1690
2039,"CodeTON Round 9 (Div. 1 + Div. 2, Rated, Prizes!)",khaini3c,2914,1732383300,1567,1556
2039,"CodeTON Round 9 (Div. 1 + Div. 2, Rated, Prizes!)",yukihasui439,2914,1732383300,2133,1991
2039,"CodeTON Round 9 (Div. 1 + Div. 2, Rated, Prizes!)",kartik__sethi,2917,1732383300,1652,1620
2039,"CodeTON Round 9 (Div. 1 + Div. 2, Rated, Prizes!)",mrkanty,2918,1732383300,1629,1603
2039,"CodeTON Round 9 (Div. 1 + Div. 2, Rated, Prizes!)",kcaisicas,2918,1732383300,356,778
2039,"CodeTON Round 9 (Div. 1 + Div. 2, Rated, Prizes!)",144stars,2920,1732383300,1337,1423
2039,"CodeTON Round 9 (Div. 1 + Div. 2, Rated, Prizes!)",Ami_Nul,2920,1732383300,1424,1449
2039,"CodeTON Round 9 (Div. 1 + Div. 2, Rated, Prizes!)",Max_Rosul,2920,1732383300,1407,1437
2039,"CodeTON Round 9 (Div. 1 + Div. 2, Rated, Prizes!)",Arilord,2920,1732383300,1347,1393
2039,"CodeTON Round 9 (Div. 1 + Div. 2, Rated, Prizes!)",ThirteenFrames,2924,1732383300,1786,1722
2039,"CodeTON Round 9 (Div. 1 + Div. 2, Rated, Prizes!)",160360,2924,1732383300,1211,1296
2039,"CodeTON Round 9 (Div. 1 + Div. 2, Rated, Prizes!)",need_for_switch,2926,1732383300,1635,1607
2039,"CodeTON Round 9 (Div. 1 + Div. 2, Rated, Prizes!)",tooweaktobeCM,2926,1732383300,1448,1467
2039,"CodeTON Round 9 (Div. 1 + Div. 2, Rated, Prizes!)",based,2926,1732383300,1484,1494
2039,"CodeTON Round 9 (Div. 1 + Div. 2, Rated, Prizes!)",ayh_98,2926,1732383300,514,892
2039,"CodeTON Round 9 (Div. 1 + Div. 2, Rated, Prizes!)",E-rK,2926,1732383300,1451,1469
2039,"CodeTON Round 9 (Div. 1 + Div. 2, Rated, Prizes!)",limabeans,2931,1732383300,1719,1671
2039,"CodeTON Round 9 (Div. 1 + Div. 2, Rated, Prizes!)",Super_D_Man,2931,1732383300,1628,1602
2039,"CodeTON Round 9 (Div. 1 + Div. 2, Rated, Prizes!)",lulzCrush,2931,1732383300,1362,1403
2039,"CodeTON Round 9 (Div. 1 + Div. 2, Rated, Prizes!)",PimpedButterfly,2934,1732383300,1267,1335
2039,"CodeTON Round 9 (Div. 1 + Div. 2, Rated, Prizes!)",birsnot,2935,1732383300,1989,1877
2039,"CodeTON Round 9 (Div. 1 + Div. 2, Rated, Prizes!)",2020TAndr,2935,1732383300,1927,1829
2039,"CodeTON Round 9 (Div. 1 + Div. 2, Rated, Prizes!)",elpsconr,2937,1732383300,1328,1379
2039,"CodeTON Round 9 (Div. 1 + Div. 2, Rated, Prizes!)",sarwar__,2937,1732383300,1483,1493
2039,"CodeTON Round 9 (Div. 1 + Div. 2, Rated, Prizes!)",hwmiao,2937,1732383300,1637,1608
2039,"CodeTON Round 9 (Div. 1 + Div. 2, Rated, Prizes!)",Ambug_Pls_Debug,2940,1732383300,1435,1457
2039,"CodeTON Round 9 (Div. 1 + Div. 2, Rated, Prizes!)",alexi_F,2940,1732383300,1395,1427
2039,"CodeTON Round 9 (Div. 1 + Div. 2, Rated, Prizes!)",mu_hua,2942,1732383300,1455,1472
2039,"CodeTON Round 9 (Div. 1 + Div. 2, Rated, Prizes!)",abramazani,2942,1732383300,1607,1586
2039,"CodeTON Round 9 (Div. 1 + Div. 2, Rated, Prizes!)",dartvolley,2942,1732383300,2198,2043
2039,"CodeTON Round 9 (Div. 1 + Div. 2, Rated, Prizes!)",EgoFlow,2945,1732383300,1930,1831
2039,"CodeTON Round 9 (Div. 1 + Div. 2, Rated, Prizes!)",pittwy168,2945,1732383300,1720,1670
2039,"CodeTON Round 9 (Div. 1 + Div. 2, Rated, Prizes!)",NJIRTAI,2945,1732383300,662,951
2039,"CodeTON Round 9 (Div. 1 + Div. 2, Rated, Prizes!)",qaruti,2945,1732383300,1606,1585
2039,"CodeTON Round 9 (Div. 1 + Div. 2, Rated, Prizes!)",Bhscer,2949,1732383300,1339,1386
2039,"CodeTON Round 9 (Div. 1 + Div. 2, Rated, Prizes!)",pppwolf,2949,1732383300,1389,1423
2039,"CodeTON Round 9 (Div. 1 + Div. 2, Rated, Prizes!)",meowjiao321,2951,1732383300,994,1148
2039,"CodeTON Round 9 (Div. 1 + Div. 2, Rated, Prizes!)",chicken_BONg_,2952,1732383300,1603,1582
2039,"CodeTON Round 9 (Div. 1 + Div. 2, Rated, Prizes!)",Bat-Orgil.B,2952,1732383300,1679,1639
2039,"CodeTON Round 9 (Div. 1 + Div. 2, Rated, Prizes!)",omarkurde,2952,1732383300,1747,1691
2039,"CodeTON Round 9 (Div. 1 + Div. 2, Rated, Prizes!)",Tiny924,2952,1732383300,1238,1313
2039,"CodeTON Round 9 (Div. 1 + Div. 2, Rated, Prizes!)",MrRaymond,2956,1732383300,1612,1589
2039,"CodeTON Round 9 (Div. 1 + Div. 2, Rated, Prizes!)",BodaciousLord007,2957,1732383300,1488,1495
2039,"CodeTON Round 9 (Div. 1 + Div. 2, Rated, Prizes!)",genshin-expert,2957,1732383300,1488,1495
2039,"CodeTON Round 9 (Div. 1 + Div. 2, Rated, Prizes!)",FallingRain,2959,1732383300,1787,1721
2039,"CodeTON Round 9 (Div. 1 + Div. 2, Rated, Prizes!)",welcometohoms,2959,1732383300,1171,1266
2039,"CodeTON Round 9 (Div. 1 + Div. 2, Rated, Prizes!)",BishopE6,2959,1732383300,1283,1345
2039,"CodeTON Round 9 (Div. 1 + Div. 2, Rated, Prizes!)",Diksha_goyal,2962,1732383300,1288,1349
2039,"CodeTON Round 9 (Div. 1 + Div. 2, Rated, Prizes!)",Barytania_001,2962,1732383300,1327,1377
2039,"CodeTON Round 9 (Div. 1 + Div. 2, Rated, Prizes!)",askeladdd,2964,1732383300,1273,1338
2039,"CodeTON Round 9 (Div. 1 + Div. 2, Rated, Prizes!)",NinomaeInanis,2964,1732383300,1669,1631
2039,"CodeTON Round 9 (Div. 1 + Div. 2, Rated, Prizes!)",RaadSharar,2966,1732383300,1520,1519
2039,"CodeTON Round 9 (Div. 1 + Div. 2, Rated, Prizes!)",ko0g,2966,1732383300,1593,1574
2039,"CodeTON Round 9 (Div. 1 + Div. 2, Rated, Prizes!)",Vct14,2968,1732383300,0,536
2039,"CodeTON Round 9 (Div. 1 + Div. 2, Rated, Prizes!)",Michael533,2968,1732383300,1840,1761
2039,"CodeTON Round 9 (Div. 1 + Div. 2, Rated, Prizes!)",AnImEsH_AnIi,2970,1732383300,1178,1337
2039,"CodeTON Round 9 (Div. 1 + Div. 2, Rated, Prizes!)",Deshi-Deshi-basara,2970,1732383300,1390,1422
2039,"CodeTON Round 9 (Div. 1 + Div. 2, Rated, Prizes!)",Juanchoki,2972,1732383300,1450,1466
2039,"CodeTON Round 9 (Div. 1 + Div. 2, Rated, Prizes!)",caos_enjoyer,2972,1732383300,1590,1571
2039,"CodeTON Round 9 (Div. 1 + Div. 2, Rated, Prizes!)",istiaque007,2972,1732383300,1573,1558
2039,"CodeTON Round 9 (Div. 1 + Div. 2, Rated, Prizes!)",ADO,2972,1732383300,1309,1363
2039,"CodeTON Round 9 (Div. 1 + Div. 2, Rated, Prizes!)",yinzihe,2972,1732383300,1236,1311
2039,"CodeTON Round 9 (Div. 1 + Div. 2, Rated, Prizes!)",HBC728,2972,1732383300,446,840
2039,"CodeTON Round 9 (Div. 1 + Div. 2, Rated, Prizes!)",digital_vest,2978,1732383300,1189,1345
2039,"CodeTON Round 9 (Div. 1 + Div. 2, Rated, Prizes!)",tnaito,2978,1732383300,1630,1601
2039,"CodeTON Round 9 (Div. 1 + Div. 2, Rated, Prizes!)",The_Batman__,2978,1732383300,1338,1384
2039,"CodeTON Round 9 (Div. 1 + Div. 2, Rated, Prizes!)",F1shHead,2978,1732383300,1791,1723
2039,"CodeTON Round 9 (Div. 1 + Div. 2, Rated, Prizes!)",rainguy,2978,1732383300,0,536
2039,"CodeTON Round 9 (Div. 1 + Div. 2, Rated, Prizes!)",Stachu,2983,1732383300,1374,1410
2039,"CodeTON Round 9 (Div. 1 + Div. 2, Rated, Prizes!)",dseotx2002,2983,1732383300,1389,1421
2039,"CodeTON Round 9 (Div. 1 + Div. 2, Rated, Prizes!)",Ruthless-.-,2983,1732383300,1449,1465
2039,"CodeTON Round 9 (Div. 1 + Div. 2, Rated, Prizes!)",FloatingEgg,2983,1732383300,0,536
2039,"CodeTON Round 9 (Div. 1 + Div. 2, Rated, Prizes!)",-_TIMOFEY_-,2983,1732383300,2104,1966
2039,"CodeTON Round 9 (Div. 1 + Div. 2, Rated, Prizes!)",nyllsom,2983,1732383300,1163,1326
2039,"CodeTON Round 9 (Div. 1 + Div. 2, Rated, Prizes!)",cleverpenguin,2989,1732383300,1682,1640
2039,"CodeTON Round 9 (Div. 1 + Div. 2, Rated, Prizes!)",AI_2512,2989,1732383300,1066,1194
2039,"CodeTON Round 9 (Div. 1 + Div. 2, Rated, Prizes!)",randomV-2.2.8,2989,1732383300,1382,1416
2039,"CodeTON Round 9 (Div. 1 + Div. 2, Rated, Prizes!)",ludwigzxy,2989,1732383300,1309,1362
2039,"CodeTON Round 9 (Div. 1 + Div. 2, Rated, Prizes!)",peshkoff,2989,1732383300,1777,1712
2039,"CodeTON Round 9 (Div. 1 + Div. 2, Rated, Prizes!)",VectorVirtuoso,2994,1732383300,1397,1427
2039,"CodeTON Round 9 (Div. 1 + Div. 2, Rated, Prizes!)",ZombieTheLegend,2994,1732383300,1730,1676
2039,"CodeTON Round 9 (Div. 1 + Div. 2, Rated, Prizes!)",kenkukumaduo,2996,1732383300,1175,1267
2039,"CodeTON Round 9 (Div. 1 + Div. 2, Rated, Prizes!)",Mashina2x5,2996,1732383300,1603,1580
2039,"CodeTON Round 9 (Div. 1 + Div. 2, Rated, Prizes!)",Voga,2996,1732383300,1494,1498
2039,"CodeTON Round 9 (Div. 1 + Div. 2, Rated, Prizes!)",HarshBoghani,2996,1732383300,1616,1590
2039,"CodeTON Round 9 (Div. 1 + Div. 2, Rated, Prizes!)",asm.training,2996,1732383300,1121,1294
2039,"CodeTON Round 9 (Div. 1 + Div. 2, Rated, Prizes!)",the88,3001,1732383300,1611,1650
2039,"CodeTON Round 9 (Div. 1 + Div. 2, Rated, Prizes!)",pppyl,3001,1732383300,1129,1235
2039,"CodeTON Round 9 (Div. 1 + Div. 2, Rated, Prizes!)",ConsW,3001,1732383300,1372,1408
2039,"CodeTON Round 9 (Div. 1 + Div. 2, Rated, Prizes!)",Neev4321,3001,1732383300,1643,1610
2039,"CodeTON Round 9 (Div. 1 + Div. 2, Rated, Prizes!)",xxxSEDOYxxx,3005,1732383300,1666,1627
2039,"CodeTON Round 9 (Div. 1 + Div. 2, Rated, Prizes!)",eugenechka.boyko.2_0-0,3005,1732383300,1504,1505
2039,"CodeTON Round 9 (Div. 1 + Div. 2, Rated, Prizes!)",Ayham_Alsalman,3007,1732383300,1343,1386
2039,"CodeTON Round 9 (Div. 1 + Div. 2, Rated, Prizes!)",fuckyouhahaha,3007,1732383300,1466,1476
2039,"CodeTON Round 9 (Div. 1 + Div. 2, Rated, Prizes!)",Yasin_Malek,3007,1732383300,1585,1566
2039,"CodeTON Round 9 (Div. 1 + Div. 2, Rated, Prizes!)",Poatan,3007,1732383300,1407,1470
2039,"CodeTON Round 9 (Div. 1 + Div. 2, Rated, Prizes!)",Falcon_76,3007,1732383300,1914,1816
2039,"CodeTON Round 9 (Div. 1 + Div. 2, Rated, Prizes!)",Monir,3007,1732383300,1373,1408
2039,"CodeTON Round 9 (Div. 1 + Div. 2, Rated, Prizes!)",dongggle,3007,1732383300,1999,1882
2039,"CodeTON Round 9 (Div. 1 + Div. 2, Rated, Prizes!)",nikolashami,3014,1732383300,1504,1505
2039,"CodeTON Round 9 (Div. 1 + Div. 2, Rated, Prizes!)",Antid0te_in_Ar3,3014,1732383300,1291,1348
2039,"CodeTON Round 9 (Div. 1 + Div. 2, Rated, Prizes!)",dayz_break404,3014,1732383300,1153,1251
2039,"CodeTON Round 9 (Div. 1 + Div. 2, Rated, Prizes!)",tdiv,3014,1732383300,1769,1705
2039,"CodeTON Round 9 (Div. 1 + Div. 2, Rated, Prizes!)",Infernape,3018,1732383300,1396,1425
2039,"CodeTON Round 9 (Div. 1 + Div. 2, Rated, Prizes!)",Jensen123,3018,1732383300,1523,1519
2039,"CodeTON Round 9 (Div. 1 + Div. 2, Rated, Prizes!)",_SSH_,3018,1732383300,1468,1478
2039,"CodeTON Round 9 (Div. 1 + Div. 2, Rated, Prizes!)",booleancube,3021,1732383300,1372,1406
2039,"CodeTON Round 9 (Div. 1 + Div. 2, Rated, Prizes!)",saurabhs1206,3021,1732383300,1412,1436
2039,"CodeTON Round 9 (Div. 1 + Div. 2, Rated, Prizes!)",nosef,3021,1732383300,1472,1481
2039,"CodeTON Round 9 (Div. 1 + Div. 2, Rated, Prizes!)",shunsui_kyoraku,3021,1732383300,1663,1624
2039,"CodeTON Round 9 (Div. 1 + Div. 2, Rated, Prizes!)",-this-is-obd-,3021,1732383300,1937,1833
2039,"CodeTON Round 9 (Div. 1 + Div. 2, Rated, Prizes!)",hasan06,3021,1732383300,1688,1643
2039,"CodeTON Round 9 (Div. 1 + Div. 2, Rated, Prizes!)",__Ghost,3027,1732383300,1435,1453
2039,"CodeTON Round 9 (Div. 1 + Div. 2, Rated, Prizes!)",jnjwnwnw,3027,1732383300,1556,1543
2039,"CodeTON Round 9 (Div. 1 + Div. 2, Rated, Prizes!)",taras_2_2,3027,1732383300,1399,1426
2039,"CodeTON Round 9 (Div. 1 + Div. 2, Rated, Prizes!)",YSGU,3027,1732383300,1848,1764
2039,"CodeTON Round 9 (Div. 1 + Div. 2, Rated, Prizes!)",PlayDate,3027,1732383300,1512,1510
2039,"CodeTON Round 9 (Div. 1 + Div. 2, Rated, Prizes!)",SJMA_11723,3027,1732383300,1358,1396
2039,"CodeTON Round 9 (Div. 1 + Div. 2, Rated, Prizes!)",lyrrr,3033,1732383300,1613,1586
2039,"CodeTON Round 9 (Div. 1 + Div. 2, Rated, Prizes!)",Zawos,3033,1732383300,1936,1833
2039,"CodeTON Round 9 (Div. 1 + Div. 2, Rated, Prizes!)",_take_it_easy_,3033,1732383300,1447,1462
2039,"CodeTON Round 9 (Div. 1 + Div. 2, Rated, Prizes!)",pnx,3033,1732383300,1292,1348
2039,"CodeTON Round 9 (Div. 1 + Div. 2, Rated, Prizes!)",tianyu_awa,3037,1732383300,1047,1238
2039,"CodeTON Round 9 (Div. 1 + Div. 2, Rated, Prizes!)",Araceae,3037,1732383300,1353,1392
2039,"CodeTON Round 9 (Div. 1 + Div. 2, Rated, Prizes!)",nilan425,3037,1732383300,1305,1357
2039,"CodeTON Round 9 (Div. 1 + Div. 2, Rated, Prizes!)",ItsLastDay,3037,1732383300,1741,1683
2039,"CodeTON Round 9 (Div. 1 + Div. 2, Rated, Prizes!)",nbzzz,3041,1732383300,1320,1368
2039,"CodeTON Round 9 (Div. 1 + Div. 2, Rated, Prizes!)",macrocosmos,3042,1732383300,1571,1554
2039,"CodeTON Round 9 (Div. 1 + Div. 2, Rated, Prizes!)",1435730,3042,1732383300,1376,1409
2039,"CodeTON Round 9 (Div. 1 + Div. 2, Rated, Prizes!)",milhxe,3042,1732383300,1273,1334
2039,"CodeTON Round 9 (Div. 1 + Div. 2, Rated, Prizes!)",vrangr,3042,1732383300,1849,1765
2039,"CodeTON Round 9 (Div. 1 + Div. 2, Rated, Prizes!)",yuhaoyang2029,3042,1732383300,1399,1426
2039,"CodeTON Round 9 (Div. 1 + Div. 2, Rated, Prizes!)",lequydon,3042,1732383300,1623,1593
2039,"CodeTON Round 9 (Div. 1 + Div. 2, Rated, Prizes!)",nathanballman,3048,1732383300,1858,1771
2039,"CodeTON Round 9 (Div. 1 + Div. 2, Rated, Prizes!)",ng_jahkhanh39,3049,1732383300,1402,1428
2039,"CodeTON Round 9 (Div. 1 + Div. 2, Rated, Prizes!)",daddybogdan,3049,1732383300,0,533
2039,"CodeTON Round 9 (Div. 1 + Div. 2, Rated, Prizes!)",__napa,3049,1732383300,1328,1373
2039,"CodeTON Round 9 (Div. 1 + Div. 2, Rated, Prizes!)",pt3155420267,3052,1732383300,1398,1424
2039,"CodeTON Round 9 (Div. 1 + Div. 2, Rated, Prizes!)",sdKrhMn286,3052,1732383300,1355,1393
2039,"CodeTON Round 9 (Div. 1 + Div. 2, Rated, Prizes!)",swater01,3052,1732383300,1468,1476
2039,"CodeTON Round 9 (Div. 1 + Div. 2, Rated, Prizes!)",11490DX,3052,1732383300,1431,1448
2039,"CodeTON Round 9 (Div. 1 + Div. 2, Rated, Prizes!)",Mazhiken,3052,1732383300,1613,1585
2039,"CodeTON Round 9 (Div. 1 + Div. 2, Rated, Prizes!)",kutu,3052,1732383300,1101,1213
2039,"CodeTON Round 9 (Div. 1 + Div. 2, Rated, Prizes!)",d3nominat0r,3052,1732383300,1405,1430
2039,"CodeTON Round 9 (Div. 1 + Div. 2, Rated, Prizes!)",xiao14ren,3052,1732383300,1312,1361
2039,"CodeTON Round 9 (Div. 1 + Div. 2, Rated, Prizes!)",pooyana,3060,1732383300,1137,1238
2039,"CodeTON Round 9 (Div. 1 + Div. 2, Rated, Prizes!)",mub.ch,3060,1732383300,1626,1595
2039,"CodeTON Round 9 (Div. 1 + Div. 2, Rated, Prizes!)",OmarAli.,3060,1732383300,1789,1718
2039,"CodeTON Round 9 (Div. 1 + Div. 2, Rated, Prizes!)",HosseinAbadan,3060,1732383300,1606,1580
2039,"CodeTON Round 9 (Div. 1 + Div. 2, Rated, Prizes!)",scopeInfinity,3064,1732383300,1820,1742
2039,"CodeTON Round 9 (Div. 1 + Div. 2, Rated, Prizes!)",Bugmakerr,3064,1732383300,1239,1309
2039,"CodeTON Round 9 (Div. 1 + Div. 2, Rated, Prizes!)",ritesh160193,3064,1732383300,1246,1314
2039,"CodeTON Round 9 (Div. 1 + Div. 2, Rated, Prizes!)",2022yourfather,3064,1732383300,994,1142
2039,"CodeTON Round 9 (Div. 1 + Div. 2, Rated, Prizes!)",inever-left,3064,1732383300,1663,1622
2039,"CodeTON Round 9 (Div. 1 + Div. 2, Rated, Prizes!)",Vishal_Kr_Maurya,3064,1732383300,1257,1321
2039,"CodeTON Round 9 (Div. 1 + Div. 2, Rated, Prizes!)",barabula,3064,1732383300,1440,1455
2039,"CodeTON Round 9 (Div. 1 + Div. 2, Rated, Prizes!)",kuailedetongnian,3071,1732383300,1481,1485
2039,"CodeTON Round 9 (Div. 1 + Div. 2, Rated, Prizes!)",wisp,3071,1732383300,1537,1526
2039,"CodeTON Round 9 (Div. 1 + Div. 2, Rated, Prizes!)",sleepyessheep,3071,1732383300,1966,1854
2039,"CodeTON Round 9 (Div. 1 + Div. 2, Rated, Prizes!)",Catgod,3071,1732383300,1635,1601
2039,"CodeTON Round 9 (Div. 1 + Div. 2, Rated, Prizes!)",sandwich,3071,1732383300,1384,1413
2039,"CodeTON Round 9 (Div. 1 + Div. 2, Rated, Prizes!)",LongCenhua,3071,1732383300,1497,1497
2039,"CodeTON Round 9 (Div. 1 + Div. 2, Rated, Prizes!)",PM_2509,3071,1732383300,1530,1521
2039,"CodeTON Round 9 (Div. 1 + Div. 2, Rated, Prizes!)",d19n,3071,1732383300,1643,1607
2039,"CodeTON Round 9 (Div. 1 + Div. 2, Rated, Prizes!)",sahaun,3071,1732383300,1697,1648
2039,"CodeTON Round 9 (Div. 1 + Div. 2, Rated, Prizes!)",Sabnaj_423,3080,1732383300,1445,1458
2039,"CodeTON Round 9 (Div. 1 + Div. 2, Rated, Prizes!)",f202211753,3080,1732383300,1126,1229
2039,"CodeTON Round 9 (Div. 1 + Div. 2, Rated, Prizes!)",TimoshWillWinIOI2026,3080,1732383300,1245,1312
2039,"CodeTON Round 9 (Div. 1 + Div. 2, Rated, Prizes!)",Yzn12,3080,1732383300,477,858
2039,"CodeTON Round 9 (Div. 1 + Div. 2, Rated, Prizes!)",ShiyuKirara,3084,1732383300,841,1046
2039,"CodeTON Round 9 (Div. 1 + Div. 2, Rated, Prizes!)",Ahil_Khan_IITB,3084,1732383300,1353,1390
2039,"CodeTON Round 9 (Div. 1 + Div. 2, Rated, Prizes!)",DarkLancer,3084,1732383300,1399,1424
2039,"CodeTON Round 9 (Div. 1 + Div. 2, Rated, Prizes!)",3002642,3084,1732383300,1127,1230
2039,"CodeTON Round 9 (Div. 1 + Div. 2, Rated, Prizes!)",opal_Inwza007x,3084,1732383300,1514,1509
2039,"CodeTON Round 9 (Div. 1 + Div. 2, Rated, Prizes!)",curiousbeast,3084,1732383300,1295,1347
2039,"CodeTON Round 9 (Div. 1 + Div. 2, Rated, Prizes!)",cryomancer148,3084,1732383300,1626,1594
2039,"CodeTON Round 9 (Div. 1 + Div. 2, Rated, Prizes!)",redoak,3091,1732383300,1666,1623
2039,"CodeTON Round 9 (Div. 1 + Div. 2, Rated, Prizes!)",___M,3091,1732383300,1191,1274
2039,"CodeTON Round 9 (Div. 1 + Div. 2, Rated, Prizes!)",CarlosS48,3093,1732383300,1938,1831
2039,"CodeTON Round 9 (Div. 1 + Div. 2, Rated, Prizes!)",HumbleRobo,3093,1732383300,1719,1664
2039,"CodeTON Round 9 (Div. 1 + Div. 2, Rated, Prizes!)",jkb_gryz,3093,1732383300,1600,1574
2039,"CodeTON Round 9 (Div. 1 + Div. 2, Rated, Prizes!)",thaibeo417,3096,1732383300,1322,1367
2039,"CodeTON Round 9 (Div. 1 + Div. 2, Rated, Prizes!)",Festyve,3096,1732383300,1445,1458
2039,"CodeTON Round 9 (Div. 1 + Div. 2, Rated, Prizes!)",Mostafa_Alaa99,3096,1732383300,1321,1366
2039,"CodeTON Round 9 (Div. 1 + Div. 2, Rated, Prizes!)",hyxawa,3099,1732383300,1463,1471
2039,"CodeTON Round 9 (Div. 1 + Div. 2, Rated, Prizes!)",Demon_Slayer,3100,1732383300,1285,1340
2039,"CodeTON Round 9 (Div. 1 + Div. 2, Rated, Prizes!)",fogsail,3100,1732383300,1236,1305
2039,"CodeTON Round 9 (Div. 1 + Div. 2, Rated, Prizes!)",fitisovartyom123,3100,1732383300,1766,1699
2039,"CodeTON Round 9 (Div. 1 + Div. 2, Rated, Prizes!)",Calciferll,3100,1732383300,1285,1340
2039,"CodeTON Round 9 (Div. 1 + Div. 2, Rated, Prizes!)",Treks,3100,1732383300,1897,1838
2039,"CodeTON Round 9 (Div. 1 + Div. 2, Rated, Prizes!)",Pe4enka_edych,3100,1732383300,1062,1246
2039,"CodeTON Round 9 (Div. 1 + Div. 2, Rated, Prizes!)",25willwin,3106,1732383300,1516,1510
2039,"CodeTON Round 9 (Div. 1 + Div. 2, Rated, Prizes!)",OneIndexed,3106,1732383300,1373,1404
2039,"CodeTON Round 9 (Div. 1 + Div. 2, Rated, Prizes!)",DenisKarpenko,3106,1732383300,1526,1517
2039,"CodeTON Round 9 (Div. 1 + Div. 2, Rated, Prizes!)",cmanh75,3106,1732383300,1639,1603
2039,"CodeTON Round 9 (Div. 1 + Div. 2, Rated, Prizes!)",pora,3106,1732383300,1669,1625
2039,"CodeTON Round 9 (Div. 1 + Div. 2, Rated, Prizes!)",shashank_2.0,3111,1732383300,961,1119
2039,"CodeTON Round 9 (Div. 1 + Div. 2, Rated, Prizes!)",PrimeHunter,3111,1732383300,1140,1303
2039,"CodeTON Round 9 (Div. 1 + Div. 2, Rated, Prizes!)",emrakul,3113,1732383300,1302,1352
2039,"CodeTON Round 9 (Div. 1 + Div. 2, Rated, Prizes!)",stdfloat,3113,1732383300,1627,1593
2039,"CodeTON Round 9 (Div. 1 + Div. 2, Rated, Prizes!)",ytre.,3113,1732383300,930,1099
2039,"CodeTON Round 9 (Div. 1 + Div. 2, Rated, Prizes!)",Cb127127,3113,1732383300,1208,1284
2039,"CodeTON Round 9 (Div. 1 + Div. 2, Rated, Prizes!)",Akingfuxiangyu,3117,1732383300,1167,1312
2039,"CodeTON Round 9 (Div. 1 + Div. 2, Rated, Prizes!)",miniyahirpro,3117,1732383300,1801,1725
2039,"CodeTON Round 9 (Div. 1 + Div. 2, Rated, Prizes!)",RaedQm,3117,1732383300,1203,1338
2039,"CodeTON Round 9 (Div. 1 + Div. 2, Rated, Prizes!)",dquwuang,3117,1732383300,1741,1679
2039,"CodeTON Round 9 (Div. 1 + Div. 2, Rated, Prizes!)",FLYTOOX,3117,1732383300,1289,1342
2039,"CodeTON Round 9 (Div. 1 + Div. 2, Rated, Prizes!)",sabino1,3117,1732383300,1824,1743
2039,"CodeTON Round 9 (Div. 1 + Div. 2, Rated, Prizes!)",andrei6184,3123,1732383300,1809,1731
2039,"CodeTON Round 9 (Div. 1 + Div. 2, Rated, Prizes!)",Light.3108,3123,1732383300,1416,1435
2039,"CodeTON Round 9 (Div. 1 + Div. 2, Rated, Prizes!)",b1t_exe,3125,1732383300,1320,1364
2039,"CodeTON Round 9 (Div. 1 + Div. 2, Rated, Prizes!)",sanilen578,3125,1732383300,1454,1463
2039,"CodeTON Round 9 (Div. 1 + Div. 2, Rated, Prizes!)",lilmx,3125,1732383300,1229,1299
2039,"CodeTON Round 9 (Div. 1 + Div. 2, Rated, Prizes!)",Yang8on,3125,1732383300,1476,1479
2039,"CodeTON Round 9 (Div. 1 + Div. 2, Rated, Prizes!)",balakrishnan,3125,1732383300,2130,1981
2039,"CodeTON Round 9 (Div. 1 + Div. 2, Rated, Prizes!)",delwar_03_,3130,1732383300,1283,1337
2039,"CodeTON Round 9 (Div. 1 + Div. 2, Rated, Prizes!)",likeyeye,3130,1732383300,1253,1316
2039,"CodeTON Round 9 (Div. 1 + Div. 2, Rated, Prizes!)",playmaker123,3130,1732383300,1293,1344
2039,"CodeTON Round 9 (Div. 1 + Div. 2, Rated, Prizes!)",Ush1su,3130,1732383300,2059,1925
2039,"CodeTON Round 9 (Div. 1 + Div. 2, Rated, Prizes!)",yashasvi,3134,1732383300,1081,1196
2039,"CodeTON Round 9 (Div. 1 + Div. 2, Rated, Prizes!)",PotatoPlanet,3134,1732383300,1611,1580
2039,"CodeTON Round 9 (Div. 1 + Div. 2, Rated, Prizes!)",zhouruoheng,3134,1732383300,1609,1579
2039,"CodeTON Round 9 (Div. 1 + Div. 2, Rated, Prizes!)",LightHouse1,3134,1732383300,1342,1379
2039,"CodeTON Round 9 (Div. 1 + Div. 2, Rated, Prizes!)",SNOJ,3134,1732383300,1366,1397
2039,"CodeTON Round 9 (Div. 1 + Div. 2, Rated, Prizes!)",aayudumb,3134,1732383300,573,924
2039,"CodeTON Round 9 (Div. 1 + Div. 2, Rated, Prizes!)",KurwaBobr,3134,1732383300,496,869
2039,"CodeTON Round 9 (Div. 1 + Div. 2, Rated, Prizes!)",name_space,3134,1732383300,1376,1404
2039,"CodeTON Round 9 (Div. 1 + Div. 2, Rated, Prizes!)",farrita,3142,1732383300,1525,1515
2039,"CodeTON Round 9 (Div. 1 + Div. 2, Rated, Prizes!)",JustinTjitra,3142,1732383300,1185,1267
2039,"CodeTON Round 9 (Div. 1 + Div. 2, Rated, Prizes!)",Stellar_Scripter,3144,1732383300,1441,1489
2039,"CodeTON Round 9 (Div. 1 + Div. 2, Rated, Prizes!)",agent_p,3144,1732383300,1699,1646
2039,"CodeTON Round 9 (Div. 1 + Div. 2, Rated, Prizes!)",buts,3144,1732383300,1415,1433
2039,"CodeTON Round 9 (Div. 1 + Div. 2, Rated, Prizes!)",Jahressklave,3144,1732383300,1406,1426
2039,"CodeTON Round 9 (Div. 1 + Div. 2, Rated, Prizes!)",0Chikon0,3144,1732383300,1751,1686
2039,"CodeTON Round 9 (Div. 1 + Div. 2, Rated, Prizes!)",KS_Fszha,3149,1732383300,1332,1408
2039,"CodeTON Round 9 (Div. 1 + Div. 2, Rated, Prizes!)",m0ttzyM,3149,1732383300,0,528
2039,"CodeTON Round 9 (Div. 1 + Div. 2, Rated, Prizes!)",Belal,3149,1732383300,1188,1268
2039,"CodeTON Round 9 (Div. 1 + Div. 2, Rated, Prizes!)",totallyAugustus,3149,1732383300,1627,1592
2039,"CodeTON Round 9 (Div. 1 + Div. 2, Rated, Prizes!)",Hridoy23,3149,1732383300,1589,1563
2039,"CodeTON Round 9 (Div. 1 + Div. 2, Rated, Prizes!)",Neelabhra,3149,1732383300,1450,1458
2039,"CodeTON Round 9 (Div. 1 + Div. 2, Rated, Prizes!)",XiaoJuRuoUP,3149,1732383300,1448,1519
2039,"CodeTON Round 9 (Div. 1 + Div. 2, Rated, Prizes!)",loynyng_fasfy,3149,1732383300,1033,1163
2039,"CodeTON Round 9 (Div. 1 + Div. 2, Rated, Prizes!)",abhilash__360,3149,1732383300,1845,1757
2039,"CodeTON Round 9 (Div. 1 + Div. 2, Rated, Prizes!)",bihnehminduh,3158,1732383300,1282,1335
2039,"CodeTON Round 9 (Div. 1 + Div. 2, Rated, Prizes!)",dothething,3158,1732383300,1372,1401
2039,"CodeTON Round 9 (Div. 1 + Div. 2, Rated, Prizes!)",__benzene__,3158,1732383300,508,877
2039,"CodeTON Round 9 (Div. 1 + Div. 2, Rated, Prizes!)",Ibraheem.MH,3158,1732383300,1545,1530
2039,"CodeTON Round 9 (Div. 1 + Div. 2, Rated, Prizes!)",crep_,3158,1732383300,1195,1273
2039,"CodeTON Round 9 (Div. 1 + Div. 2, Rated, Prizes!)",Md_Atik,3158,1732383300,1756,1689
2039,"CodeTON Round 9 (Div. 1 + Div. 2, Rated, Prizes!)",Rashed_Raiyan_,3164,1732383300,1244,1308
2039,"CodeTON Round 9 (Div. 1 + Div. 2, Rated, Prizes!)",jandy2007,3164,1732383300,0,528
2039,"CodeTON Round 9 (Div. 1 + Div. 2, Rated, Prizes!)",dontforgetyourself,3164,1732383300,1964,1849
2039,"CodeTON Round 9 (Div. 1 + Div. 2, Rated, Prizes!)",zxilly,3164,1732383300,1282,1335
2039,"CodeTON Round 9 (Div. 1 + Div. 2, Rated, Prizes!)",sam000013,3168,1732383300,1264,1322
2039,"CodeTON Round 9 (Div. 1 + Div. 2, Rated, Prizes!)",deng_wo_ni_xi,3168,1732383300,1602,1572
2039,"CodeTON Round 9 (Div. 1 + Div. 2, Rated, Prizes!)",sahilf637,3168,1732383300,1495,1491
2039,"CodeTON Round 9 (Div. 1 + Div. 2, Rated, Prizes!)",abcsumits,3168,1732383300,1428,1441
2039,"CodeTON Round 9 (Div. 1 + Div. 2, Rated, Prizes!)",prohladenn_vko,3168,1732383300,1211,1284
2039,"CodeTON Round 9 (Div. 1 + Div. 2, Rated, Prizes!)",Shiv4m,3173,1732383300,1578,1554
2039,"CodeTON Round 9 (Div. 1 + Div. 2, Rated, Prizes!)",ali2241,3173,1732383300,1636,1598
2039,"CodeTON Round 9 (Div. 1 + Div. 2, Rated, Prizes!)",Kanata18,3173,1732383300,1294,1343
2039,"CodeTON Round 9 (Div. 1 + Div. 2, Rated, Prizes!)",OmarMajdi,3176,1732383300,1140,1234
2039,"CodeTON Round 9 (Div. 1 + Div. 2, Rated, Prizes!)",SonicSashi77,3176,1732383300,1365,1395
2039,"CodeTON Round 9 (Div. 1 + Div. 2, Rated, Prizes!)",mathtsai,3176,1732383300,1710,1653
2039,"CodeTON Round 9 (Div. 1 + Div. 2, Rated, Prizes!)",secresearch1979,3176,1732383300,2136,1984
2039,"CodeTON Round 9 (Div. 1 + Div. 2, Rated, Prizes!)",ShadowNull,3176,1732383300,1358,1390
2039,"CodeTON Round 9 (Div. 1 + Div. 2, Rated, Prizes!)",kkismatov2002,3181,1732383300,1453,1460
2039,"CodeTON Round 9 (Div. 1 + Div. 2, Rated, Prizes!)",Bartwal,3181,1732383300,1193,1271
2039,"CodeTON Round 9 (Div. 1 + Div. 2, Rated, Prizes!)",mEHEDI-hASAN,3181,1732383300,1220,1290
2039,"CodeTON Round 9 (Div. 1 + Div. 2, Rated, Prizes!)",Abdelrahman_Elatroush,3184,1732383300,1390,1413
2039,"CodeTON Round 9 (Div. 1 + Div. 2, Rated, Prizes!)",zcy_awa,3184,1732383300,789,1075
2039,"CodeTON Round 9 (Div. 1 + Div. 2, Rated, Prizes!)",Sereinsky,3184,1732383300,1405,1424
2039,"CodeTON Round 9 (Div. 1 + Div. 2, Rated, Prizes!)",xuangou,3187,1732383300,1386,1410
2039,"CodeTON Round 9 (Div. 1 + Div. 2, Rated, Prizes!)",ZalenoToTo,3187,1732383300,1353,1385
2039,"CodeTON Round 9 (Div. 1 + Div. 2, Rated, Prizes!)",Lakshay_2021059,3187,1732383300,1370,1398
2039,"CodeTON Round 9 (Div. 1 + Div. 2, Rated, Prizes!)",David_Du,3190,1732383300,1058,1178
2039,"CodeTON Round 9 (Div. 1 + Div. 2, Rated, Prizes!)",imMorningStar666,3190,1732383300,839,1083
2039,"CodeTON Round 9 (Div. 1 + Div. 2, Rated, Prizes!)",MM46,3190,1732383300,1382,1406
2039,"CodeTON Round 9 (Div. 1 + Div. 2, Rated, Prizes!)",EkkoTM,3190,1732383300,1467,1469
2039,"CodeTON Round 9 (Div. 1 + Div. 2, Rated, Prizes!)",Bebo,3190,1732383300,1585,1558
2039,"CodeTON Round 9 (Div. 1 + Div. 2, Rated, Prizes!)",_wonderful_,3195,1732383300,1232,1298
2039,"CodeTON Round 9 (Div. 1 + Div. 2, Rated, Prizes!)",AlexJzG,3195,1732383300,1495,1490
2039,"CodeTON Round 9 (Div. 1 + Div. 2, Rated, Prizes!)",BacktrackerG,3195,1732383300,996,1229
2039,"CodeTON Round 9 (Div. 1 + Div. 2, Rated, Prizes!)",emy33,3195,1732383300,1412,1428
2039,"CodeTON Round 9 (Div. 1 + Div. 2, Rated, Prizes!)",zsfzhjf,3195,1732383300,1012,1205
2039,"CodeTON Round 9 (Div. 1 + Div. 2, Rated, Prizes!)",Gardener_,3200,1732383300,1398,1418
2039,"CodeTON Round 9 (Div. 1 + Div. 2, Rated, Prizes!)",just3500code,3200,1732383300,1229,1296
2039,"CodeTON Round 9 (Div. 1 + Div. 2, Rated, Prizes!)",DivyanshMalviya,3200,1732383300,1314,1356
2039,"CodeTON Round 9 (Div. 1 + Div. 2, Rated, Prizes!)",xu-yiming,3203,1732383300,1120,1219
2039,"CodeTON Round 9 (Div. 1 + Div. 2, Rated, Prizes!)",Manas_DixiT,3203,1732383300,1545,1528
2039,"CodeTON Round 9 (Div. 1 + Div. 2, Rated, Prizes!)",-RAGNAR-,3203,1732383300,1634,1595
2039,"CodeTON Round 9 (Div. 1 + Div. 2, Rated, Prizes!)",Gouldh,3206,1732383300,1173,1256
2039,"CodeTON Round 9 (Div. 1 + Div. 2, Rated, Prizes!)",_pk_,3206,1732383300,1701,1646
2039,"CodeTON Round 9 (Div. 1 + Div. 2, Rated, Prizes!)",Sonders.,3208,1732383300,1186,1265
2039,"CodeTON Round 9 (Div. 1 + Div. 2, Rated, Prizes!)",zzoxaz,3208,1732383300,1332,1369
2039,"CodeTON Round 9 (Div. 1 + Div. 2, Rated, Prizes!)",Shamim-Sorkar,3208,1732383300,1381,1405
2039,"CodeTON Round 9 (Div. 1 + Div. 2, Rated, Prizes!)",fallinthesky,3208,1732383300,1358,1388
2039,"CodeTON Round 9 (Div. 1 + Div. 2, Rated, Prizes!)",abcd_4321,3208,1732383300,1099,1204
2039,"CodeTON Round 9 (Div. 1 + Div. 2, Rated, Prizes!)",AmirrezaShoon,3213,1732383300,1484,1482
2039,"CodeTON Round 9 (Div. 1 + Div. 2, Rated, Prizes!)",FarkhadS,3213,1732383300,1440,1448
2039,"CodeTON Round 9 (Div. 1 + Div. 2, Rated, Prizes!)",cegua,3213,1732383300,1252,1311
2039,"CodeTON Round 9 (Div. 1 + Div. 2, Rated, Prizes!)",ThiagoMM,3216,1732383300,1797,1718
2039,"CodeTON Round 9 (Div. 1 + Div. 2, Rated, Prizes!)",dzmg,3216,1732383300,0,526
2039,"CodeTON Round 9 (Div. 1 + Div. 2, Rated, Prizes!)",DengDuaLanG,3216,1732383300,1296,1403
2039,"CodeTON Round 9 (Div. 1 + Div. 2, Rated, Prizes!)",Sersawy,3216,1732383300,1759,1689
2039,"CodeTON Round 9 (Div. 1 + Div. 2, Rated, Prizes!)",PipRa,3216,1732383300,1504,1496
2039,"CodeTON Round 9 (Div. 1 + Div. 2, Rated, Prizes!)",achiieeec,3216,1732383300,1573,1548
2039,"CodeTON Round 9 (Div. 1 + Div. 2, Rated, Prizes!)",yoez123,3216,1732383300,1589,1561
2039,"CodeTON Round 9 (Div. 1 + Div. 2, Rated, Prizes!)",Stol,3223,1732383300,1190,1267
2039,"CodeTON Round 9 (Div. 1 + Div. 2, Rated, Prizes!)",Anfi77,3223,1732383300,1414,1429
2039,"CodeTON Round 9 (Div. 1 + Div. 2, Rated, Prizes!)",newbievn,3223,1732383300,1285,1334
2039,"CodeTON Round 9 (Div. 1 + Div. 2, Rated, Prizes!)",Optoed,3223,1732383300,1413,1428
2039,"CodeTON Round 9 (Div. 1 + Div. 2, Rated, Prizes!)",rohangarg1446,3227,1732383300,1373,1398
2039,"CodeTON Round 9 (Div. 1 + Div. 2, Rated, Prizes!)",KIBRIA_22,3227,1732383300,1426,1438
2039,"CodeTON Round 9 (Div. 1 + Div. 2, Rated, Prizes!)",vmayank837,3227,1732383300,1417,1431
2039,"CodeTON Round 9 (Div. 1 + Div. 2, Rated, Prizes!)",eshsape,3230,1732383300,1222,1289
2039,"CodeTON Round 9 (Div. 1 + Div. 2, Rated, Prizes!)",Yanguarzz,3231,1732383300,1145,1235
2039,"CodeTON Round 9 (Div. 1 + Div. 2, Rated, Prizes!)",_Tonmoy_,3231,1732383300,1525,1511
2039,"CodeTON Round 9 (Div. 1 + Div. 2, Rated, Prizes!)",aowuu,3231,1732383300,1382,1405
2039,"CodeTON Round 9 (Div. 1 + Div. 2, Rated, Prizes!)",mamion,3231,1732383300,1513,1502
2039,"CodeTON Round 9 (Div. 1 + Div. 2, Rated, Prizes!)",Mohammad20041976,3231,1732383300,1363,1391
2039,"CodeTON Round 9 (Div. 1 + Div. 2, Rated, Prizes!)",FahimR,3231,1732383300,1601,1569
2039,"CodeTON Round 9 (Div. 1 + Div. 2, Rated, Prizes!)",ALDOCTORMODAMER2,3231,1732383300,1447,1453
2039,"CodeTON Round 9 (Div. 1 + Div. 2, Rated, Prizes!)",BakievaShukrona,3238,1732383300,1443,1449
2039,"CodeTON Round 9 (Div. 1 + Div. 2, Rated, Prizes!)",JulSjlv,3238,1732383300,1725,1663
2039,"CodeTON Round 9 (Div. 1 + Div. 2, Rated, Prizes!)",mirzasamia,3238,1732383300,1054,1173
2039,"CodeTON Round 9 (Div. 1 + Div. 2, Rated, Prizes!)",1moon1,3238,1732383300,1454,1458
2039,"CodeTON Round 9 (Div. 1 + Div. 2, Rated, Prizes!)",KYYYrie,3238,1732383300,1130,1224
2039,"CodeTON Round 9 (Div. 1 + Div. 2, Rated, Prizes!)",spynerd,3238,1732383300,1141,1336
2039,"CodeTON Round 9 (Div. 1 + Div. 2, Rated, Prizes!)",Not_an_npc,3238,1732383300,1518,1505
2039,"CodeTON Round 9 (Div. 1 + Div. 2, Rated, Prizes!)",gangto,3245,1732383300,1253,1310
2039,"CodeTON Round 9 (Div. 1 + Div. 2, Rated, Prizes!)",petuk75,3245,1732383300,1347,1378
2039,"CodeTON Round 9 (Div. 1 + Div. 2, Rated, Prizes!)",pratham_08,3245,1732383300,1171,1252
2039,"CodeTON Round 9 (Div. 1 + Div. 2, Rated, Prizes!)",Slingshot,3248,1732383300,1272,1324
2039,"CodeTON Round 9 (Div. 1 + Div. 2, Rated, Prizes!)",theif_coder,3248,1732383300,1581,1553
2039,"CodeTON Round 9 (Div. 1 + Div. 2, Rated, Prizes!)",Ziad.,3248,1732383300,1097,1201
2039,"CodeTON Round 9 (Div. 1 + Div. 2, Rated, Prizes!)",xrqqqqq,3248,1732383300,1468,1468
2039,"CodeTON Round 9 (Div. 1 + Div. 2, Rated, Prizes!)",andrija15051505,3252,1732383300,1172,1253
2039,"CodeTON Round 9 (Div. 1 + Div. 2, Rated, Prizes!)",zjzhr,3252,1732383300,1245,1340
2039,"CodeTON Round 9 (Div. 1 + Div. 2, Rated, Prizes!)",lyzhe_,3252,1732383300,1439,1446
2039,"CodeTON Round 9 (Div. 1 + Div. 2, Rated, Prizes!)",AlexanderGarifullin,3252,1732383300,1608,1573
2039,"CodeTON Round 9 (Div. 1 + Div. 2, Rated, Prizes!)",Y39Y,3252,1732383300,1275,1326
2039,"CodeTON Round 9 (Div. 1 + Div. 2, Rated, Prizes!)",fouadhawary,3252,1732383300,1221,1287
2039,"CodeTON Round 9 (Div. 1 + Div. 2, Rated, Prizes!)",ANVESH.REDDY,3252,1732383300,1118,1215
2039,"CodeTON Round 9 (Div. 1 + Div. 2, Rated, Prizes!)",dip_10,3259,1732383300,1419,1431
2039,"CodeTON Round 9 (Div. 1 + Div. 2, Rated, Prizes!)",yassjd199,3259,1732383300,1372,1396
2039,"CodeTON Round 9 (Div. 1 + Div. 2, Rated, Prizes!)",xing4c,3259,1732383300,1662,1614
2039,"CodeTON Round 9 (Div. 1 + Div. 2, Rated, Prizes!)",zhans38,3262,1732383300,1286,1333
2039,"CodeTON Round 9 (Div. 1 + Div. 2, Rated, Prizes!)",JJoohhnn,3262,1732383300,1312,1352
2039,"CodeTON Round 9 (Div. 1 + Div. 2, Rated, Prizes!)",Qstrich,3262,1732383300,1371,1395
2039,"CodeTON Round 9 (Div. 1 + Div. 2, Rated, Prizes!)",goldencheems,3262,1732383300,0,524
2039,"CodeTON Round 9 (Div. 1 + Div. 2, Rated, Prizes!)",rahulk08mar_2006,3262,1732383300,869,1054
2039,"CodeTON Round 9 (Div. 1 + Div. 2, Rated, Prizes!)",wlkmok369,3262,1732383300,1379,1401
2039,"CodeTON Round 9 (Div. 1 + Div. 2, Rated, Prizes!)",Arvi_saleque,3262,1732383300,1411,1424
2039,"CodeTON Round 9 (Div. 1 + Div. 2, Rated, Prizes!)",saumishra24,3269,1732383300,1174,1253
2039,"CodeTON Round 9 (Div. 1 + Div. 2, Rated, Prizes!)",haihamabossu,3269,1732383300,1877,1778
2039,"CodeTON Round 9 (Div. 1 + Div. 2, Rated, Prizes!)",wust_66,3269,1732383300,1576,1548
2039,"CodeTON Round 9 (Div. 1 + Div. 2, Rated, Prizes!)",Mystical-Nifer,3269,1732383300,1196,1269
2039,"CodeTON Round 9 (Div. 1 + Div. 2, Rated, Prizes!)",AleFlash,3273,1732383300,1336,1369
2039,"CodeTON Round 9 (Div. 1 + Div. 2, Rated, Prizes!)",Ibrahem.M,3273,1732383300,797,1077
2039,"CodeTON Round 9 (Div. 1 + Div. 2, Rated, Prizes!)",yogesh013,3273,1732383300,1066,1179
2039,"CodeTON Round 9 (Div. 1 + Div. 2, Rated, Prizes!)",Knave,3273,1732383300,0,523
2039,"CodeTON Round 9 (Div. 1 + Div. 2, Rated, Prizes!)",sanchit1053,3273,1732383300,1736,1669
2039,"CodeTON Round 9 (Div. 1 + Div. 2, Rated, Prizes!)",qDis,3273,1732383300,1210,1278
2039,"CodeTON Round 9 (Div. 1 + Div. 2, Rated, Prizes!)",Ahsanul_Anam_4632,3279,1732383300,1363,1389
2039,"CodeTON Round 9 (Div. 1 + Div. 2, Rated, Prizes!)",AZizmatic,3279,1732383300,1173,1252
2039,"CodeTON Round 9 (Div. 1 + Div. 2, Rated, Prizes!)",runde,3279,1732383300,1569,1543
2039,"CodeTON Round 9 (Div. 1 + Div. 2, Rated, Prizes!)",RoadToLGM_CF,3279,1732383300,1317,1355
2039,"CodeTON Round 9 (Div. 1 + Div. 2, Rated, Prizes!)",m_s_t_y,3279,1732383300,1490,1483
2039,"CodeTON Round 9 (Div. 1 + Div. 2, Rated, Prizes!)",henryyyh,3279,1732383300,1339,1371
2039,"CodeTON Round 9 (Div. 1 + Div. 2, Rated, Prizes!)",kuryga,3285,1732383300,1718,1656
2039,"CodeTON Round 9 (Div. 1 + Div. 2, Rated, Prizes!)",Mynamic,3285,1732383300,1467,1466
2039,"CodeTON Round 9 (Div. 1 + Div. 2, Rated, Prizes!)",TrisJB,3285,1732383300,941,1184
2039,"CodeTON Round 9 (Div. 1 + Div. 2, Rated, Prizes!)",un_reated,3288,1732383300,872,1055
2039,"CodeTON Round 9 (Div. 1 + Div. 2, Rated, Prizes!)",IF_SI_TA,3288,1732383300,1165,1247
2039,"CodeTON Round 9 (Div. 1 + Div. 2, Rated, Prizes!)",mintu.jupally,3288,1732383300,1577,1548
2039,"CodeTON Round 9 (Div. 1 + Div. 2, Rated, Prizes!)",mbi,3291,1732383300,1503,1492
2039,"CodeTON Round 9 (Div. 1 + Div. 2, Rated, Prizes!)",gl_okra,3291,1732383300,1222,1286
2039,"CodeTON Round 9 (Div. 1 + Div. 2, Rated, Prizes!)",redsoon,3291,1732383300,806,1083
2039,"CodeTON Round 9 (Div. 1 + Div. 2, Rated, Prizes!)",sanketag23,3291,1732383300,1324,1360
2039,"CodeTON Round 9 (Div. 1 + Div. 2, Rated, Prizes!)",Abdur_Rahman_Russel,3291,1732383300,1047,1166
2039,"CodeTON Round 9 (Div. 1 + Div. 2, Rated, Prizes!)",PK_but_dumber,3291,1732383300,1010,1141
2039,"CodeTON Round 9 (Div. 1 + Div. 2, Rated, Prizes!)",Sho_9079,3291,1732383300,1223,1286
2039,"CodeTON Round 9 (Div. 1 + Div. 2, Rated, Prizes!)",toilantm_PTNK,3298,1732383300,1206,1275
2039,"CodeTON Round 9 (Div. 1 + Div. 2, Rated, Prizes!)",lkt,3298,1732383300,1410,1423
2039,"CodeTON Round 9 (Div. 1 + Div. 2, Rated, Prizes!)",_raZu_,3298,1732383300,1244,1302
2039,"CodeTON Round 9 (Div. 1 + Div. 2, Rated, Prizes!)",shoushou,3301,1732383300,1730,1663
2039,"CodeTON Round 9 (Div. 1 + Div. 2, Rated, Prizes!)",voxthane,3301,1732383300,1204,1273
2039,"CodeTON Round 9 (Div. 1 + Div. 2, Rated, Prizes!)",SKM,3301,1732383300,1488,1480
2039,"CodeTON Round 9 (Div. 1 + Div. 2, Rated, Prizes!)",Messier-42,3301,1732383300,1392,1409
2039,"CodeTON Round 9 (Div. 1 + Div. 2, Rated, Prizes!)",g-agan,3301,1732383300,1485,1478
2039,"CodeTON Round 9 (Div. 1 + Div. 2, Rated, Prizes!)",luxemburger,3301,1732383300,1484,1477
2039,"CodeTON Round 9 (Div. 1 + Div. 2, Rated, Prizes!)",pranavsrivastav24,3307,1732383300,1465,1463
2039,"CodeTON Round 9 (Div. 1 + Div. 2, Rated, Prizes!)",SijieZhou,3307,1732383300,1258,1311
2039,"CodeTON Round 9 (Div. 1 + Div. 2, Rated, Prizes!)",naveents1915,3307,1732383300,1327,1361
2039,"CodeTON Round 9 (Div. 1 + Div. 2, Rated, Prizes!)",MishkatIT,3310,1732383300,1173,1250
2039,"CodeTON Round 9 (Div. 1 + Div. 2, Rated, Prizes!)",GCVillager,3310,1732383300,1484,1477
2039,"CodeTON Round 9 (Div. 1 + Div. 2, Rated, Prizes!)",postmasterr,3310,1732383300,1367,1391
2039,"CodeTON Round 9 (Div. 1 + Div. 2, Rated, Prizes!)",mkaran9721,3310,1732383300,1305,1345
2039,"CodeTON Round 9 (Div. 1 + Div. 2, Rated, Prizes!)",Meitnera1n,3310,1732383300,1253,1307
2039,"CodeTON Round 9 (Div. 1 + Div. 2, Rated, Prizes!)",x_mabster_x,3315,1732383300,1230,1291
2039,"CodeTON Round 9 (Div. 1 + Div. 2, Rated, Prizes!)",ixronside,3315,1732383300,1468,1465
2039,"CodeTON Round 9 (Div. 1 + Div. 2, Rated, Prizes!)",Hoang_Chinh,3315,1732383300,1322,1357
2039,"CodeTON Round 9 (Div. 1 + Div. 2, Rated, Prizes!)",shivg374,3315,1732383300,1344,1373
2039,"CodeTON Round 9 (Div. 1 + Div. 2, Rated, Prizes!)",yhy001,3315,1732383300,1446,1448
2039,"CodeTON Round 9 (Div. 1 + Div. 2, Rated, Prizes!)",primordium,3315,1732383300,1148,1233
2039,"CodeTON Round 9 (Div. 1 + Div. 2, Rated, Prizes!)",StarNightSnow,3321,1732383300,1344,1373
2039,"CodeTON Round 9 (Div. 1 + Div. 2, Rated, Prizes!)",animeshm,3321,1732383300,994,1222
2039,"CodeTON Round 9 (Div. 1 + Div. 2, Rated, Prizes!)",leonlian,3321,1732383300,1671,1618
2039,"CodeTON Round 9 (Div. 1 + Div. 2, Rated, Prizes!)",AtomAlpaca,3321,1732383300,1464,1462
2039,"CodeTON Round 9 (Div. 1 + Div. 2, Rated, Prizes!)",allen0616,3325,1732383300,1857,1760
2039,"CodeTON Round 9 (Div. 1 + Div. 2, Rated, Prizes!)",TheWestWings,3325,1732383300,1274,1322
2039,"CodeTON Round 9 (Div. 1 + Div. 2, Rated, Prizes!)",atorio,3325,1732383300,1308,1346
2039,"CodeTON Round 9 (Div. 1 + Div. 2, Rated, Prizes!)",ravi_sumit33,3328,1732383300,1345,1373
2039,"CodeTON Round 9 (Div. 1 + Div. 2, Rated, Prizes!)",hqhlxj,3328,1732383300,1554,1529
2039,"CodeTON Round 9 (Div. 1 + Div. 2, Rated, Prizes!)",bloom-in-yours,3328,1732383300,1196,1266
2039,"CodeTON Round 9 (Div. 1 + Div. 2, Rated, Prizes!)",Firefrog418,3328,1732383300,1548,1525
2039,"CodeTON Round 9 (Div. 1 + Div. 2, Rated, Prizes!)",suharius,3332,1732383300,1662,1611
2039,"CodeTON Round 9 (Div. 1 + Div. 2, Rated, Prizes!)",AmgadSmurf,3332,1732383300,1293,1335
2039,"CodeTON Round 9 (Div. 1 + Div. 2, Rated, Prizes!)",Mr_Surfer,3332,1732383300,1606,1568
2039,"CodeTON Round 9 (Div. 1 + Div. 2, Rated, Prizes!)",Bob,3335,1732383300,1772,1694
2039,"CodeTON Round 9 (Div. 1 + Div. 2, Rated, Prizes!)",yoki,3335,1732383300,1496,1485
2039,"CodeTON Round 9 (Div. 1 + Div. 2, Rated, Prizes!)",Rakib...123,3335,1732383300,1456,1455
2039,"CodeTON Round 9 (Div. 1 + Div. 2, Rated, Prizes!)",Syanvu1,3335,1732383300,1345,1373
2039,"CodeTON Round 9 (Div. 1 + Div. 2, Rated, Prizes!)",Apurv_M,3335,1732383300,1668,1615
2039,"CodeTON Round 9 (Div. 1 + Div. 2, Rated, Prizes!)",BinaryMind,3335,1732383300,1355,1380
2039,"CodeTON Round 9 (Div. 1 + Div. 2, Rated, Prizes!)",raazsharma155,3335,1732383300,1325,1359
2039,"CodeTON Round 9 (Div. 1 + Div. 2, Rated, Prizes!)",NHMNguyen,3342,1732383300,989,1125
2039,"CodeTON Round 9 (Div. 1 + Div. 2, Rated, Prizes!)",wktong,3342,1732383300,1070,1241
2039,"CodeTON Round 9 (Div. 1 + Div. 2, Rated, Prizes!)",csegura,3342,1732383300,1924,1811
2039,"CodeTON Round 9 (Div. 1 + Div. 2, Rated, Prizes!)",yltzzz,3342,1732383300,1636,1591
2039,"CodeTON Round 9 (Div. 1 + Div. 2, Rated, Prizes!)",starback24,3342,1732383300,1847,1752
2039,"CodeTON Round 9 (Div. 1 + Div. 2, Rated, Prizes!)",chetan2_7,3342,1732383300,1154,1236
2039,"CodeTON Round 9 (Div. 1 + Div. 2, Rated, Prizes!)",xuancx,3348,1732383300,1883,1779
2039,"CodeTON Round 9 (Div. 1 + Div. 2, Rated, Prizes!)",chungdinh,3348,1732383300,1644,1596
2039,"CodeTON Round 9 (Div. 1 + Div. 2, Rated, Prizes!)",roshan_p_b,3348,1732383300,1242,1298
2039,"CodeTON Round 9 (Div. 1 + Div. 2, Rated, Prizes!)",_ThisisME,3348,1732383300,1511,1496
2039,"CodeTON Round 9 (Div. 1 + Div. 2, Rated, Prizes!)",Wevton,3348,1732383300,1476,1469
2039,"CodeTON Round 9 (Div. 1 + Div. 2, Rated, Prizes!)",Furan_101,3348,1732383300,1201,1268
2039,"CodeTON Round 9 (Div. 1 + Div. 2, Rated, Prizes!)",ete-LHYRT-rnal,3348,1732383300,1298,1412
2039,"CodeTON Round 9 (Div. 1 + Div. 2, Rated, Prizes!)",23337456,3348,1732383300,1494,1483
2039,"CodeTON Round 9 (Div. 1 + Div. 2, Rated, Prizes!)",Munna,3356,1732383300,1299,1339
2039,"CodeTON Round 9 (Div. 1 + Div. 2, Rated, Prizes!)",beingbetter,3356,1732383300,579,883
2039,"CodeTON Round 9 (Div. 1 + Div. 2, Rated, Prizes!)",Swayamo,3356,1732383300,1339,1368
2039,"CodeTON Round 9 (Div. 1 + Div. 2, Rated, Prizes!)",manuel30,3359,1732383300,1672,1617
2039,"CodeTON Round 9 (Div. 1 + Div. 2, Rated, Prizes!)",mahir1,3359,1732383300,1626,1582
2039,"CodeTON Round 9 (Div. 1 + Div. 2, Rated, Prizes!)",DaniilPanasenkoUa,3359,1732383300,1420,1427
2039,"CodeTON Round 9 (Div. 1 + Div. 2, Rated, Prizes!)",mdub,3359,1732383300,1654,1604
2039,"CodeTON Round 9 (Div. 1 + Div. 2, Rated, Prizes!)",harsh___mishra,3359,1732383300,1194,1263
2039,"CodeTON Round 9 (Div. 1 + Div. 2, Rated, Prizes!)",_rbx_,3359,1732383300,1265,1314
2039,"CodeTON Round 9 (Div. 1 + Div. 2, Rated, Prizes!)",bjei,3359,1732383300,1362,1384
2039,"CodeTON Round 9 (Div. 1 + Div. 2, Rated, Prizes!)",mini_wish_a_girlfriend,3359,1732383300,1606,1567
2039,"CodeTON Round 9 (Div. 1 + Div. 2, Rated, Prizes!)",ayushsahu_123,3367,1732383300,1432,1436
2039,"CodeTON Round 9 (Div. 1 + Div. 2, Rated, Prizes!)",roumeideclown,3367,1732383300,1361,1383
2039,"CodeTON Round 9 (Div. 1 + Div. 2, Rated, Prizes!)",ninjaHattori1,3367,1732383300,1499,1486
2039,"CodeTON Round 9 (Div. 1 + Div. 2, Rated, Prizes!)",TajulTarek,3367,1732383300,1405,1416
2039,"CodeTON Round 9 (Div. 1 + Div. 2, Rated, Prizes!)",terror23,3367,1732383300,1310,1346
2039,"CodeTON Round 9 (Div. 1 + Div. 2, Rated, Prizes!)",ripolas,3367,1732383300,1246,1300
2039,"CodeTON Round 9 (Div. 1 + Div. 2, Rated, Prizes!)",iamarman,3367,1732383300,1424,1430
2039,"CodeTON Round 9 (Div. 1 + Div. 2, Rated, Prizes!)",Abolfazl11,3374,1732383300,1554,1527
2039,"CodeTON Round 9 (Div. 1 + Div. 2, Rated, Prizes!)",Haoyuehx,3374,1732383300,1155,1270
2039,"CodeTON Round 9 (Div. 1 + Div. 2, Rated, Prizes!)",QRQRQR,3374,1732383300,1506,1491
2039,"CodeTON Round 9 (Div. 1 + Div. 2, Rated, Prizes!)",thegreat_gordini14,3374,1732383300,1519,1501
2039,"CodeTON Round 9 (Div. 1 + Div. 2, Rated, Prizes!)",udayan8,3374,1732383300,1317,1351
2039,"CodeTON Round 9 (Div. 1 + Div. 2, Rated, Prizes!)",Toorean,3374,1732383300,1311,1346
2039,"CodeTON Round 9 (Div. 1 + Div. 2, Rated, Prizes!)",razoncdr,3380,1732383300,1584,1550
2039,"CodeTON Round 9 (Div. 1 + Div. 2, Rated, Prizes!)",vinhnct2005,3380,1732383300,1373,1392
2039,"CodeTON Round 9 (Div. 1 + Div. 2, Rated, Prizes!)",PriyanshuJha24,3380,1732383300,0,519
2039,"CodeTON Round 9 (Div. 1 + Div. 2, Rated, Prizes!)",iries,3380,1732383300,1564,1535
2039,"CodeTON Round 9 (Div. 1 + Div. 2, Rated, Prizes!)",Dennis_Dang,3380,1732383300,671,981
2039,"CodeTON Round 9 (Div. 1 + Div. 2, Rated, Prizes!)",oooy,3380,1732383300,1188,1258
2039,"CodeTON Round 9 (Div. 1 + Div. 2, Rated, Prizes!)",g-sensei,3386,1732383300,806,1079
2039,"CodeTON Round 9 (Div. 1 + Div. 2, Rated, Prizes!)",gauransh_d,3386,1732383300,1220,1280
2039,"CodeTON Round 9 (Div. 1 + Div. 2, Rated, Prizes!)",litfan,3386,1732383300,1283,1326
2039,"CodeTON Round 9 (Div. 1 + Div. 2, Rated, Prizes!)",myx12345,3386,1732383300,1661,1608
2039,"CodeTON Round 9 (Div. 1 + Div. 2, Rated, Prizes!)",Codesystem,3386,1732383300,1316,1387
2039,"CodeTON Round 9 (Div. 1 + Div. 2, Rated, Prizes!)",sunny_76,3391,1732383300,1431,1435
2039,"CodeTON Round 9 (Div. 1 + Div. 2, Rated, Prizes!)",ishraqfatin7,3391,1732383300,1432,1435
2039,"CodeTON Round 9 (Div. 1 + Div. 2, Rated, Prizes!)",vuatroicho,3391,1732383300,1177,1307
2039,"CodeTON Round 9 (Div. 1 + Div. 2, Rated, Prizes!)",sergejj,3391,1732383300,1218,1279
2039,"CodeTON Round 9 (Div. 1 + Div. 2, Rated, Prizes!)",rohit48200,3395,1732383300,1355,1378
2039,"CodeTON Round 9 (Div. 1 + Div. 2, Rated, Prizes!)",traderchiter,3395,1732383300,0,519
2039,"CodeTON Round 9 (Div. 1 + Div. 2, Rated, Prizes!)",lucaminiati,3395,1732383300,1495,1482
2039,"CodeTON Round 9 (Div. 1 + Div. 2, Rated, Prizes!)",nonam33,3395,1732383300,1206,1270
2039,"CodeTON Round 9 (Div. 1 + Div. 2, Rated, Prizes!)",SG_11,3399,1732383300,1236,1291
2039,"CodeTON Round 9 (Div. 1 + Div. 2, Rated, Prizes!)",Binww,3399,1732383300,1810,1721
2039,"CodeTON Round 9 (Div. 1 + Div. 2, Rated, Prizes!)",tc_adventureking,3401,1732383300,1339,1366
2039,"CodeTON Round 9 (Div. 1 + Div. 2, Rated, Prizes!)",igoroogle,3401,1732383300,1744,1671
2039,"CodeTON Round 9 (Div. 1 + Div. 2, Rated, Prizes!)",elate,3403,1732383300,1484,1473
2039,"CodeTON Round 9 (Div. 1 + Div. 2, Rated, Prizes!)",ElBarbados,3403,1732383300,1209,1272
2039,"CodeTON Round 9 (Div. 1 + Div. 2, Rated, Prizes!)",fbhklasfdcs,3403,1732383300,0,518
2039,"CodeTON Round 9 (Div. 1 + Div. 2, Rated, Prizes!)",RifatALmuiN,3406,1732383300,1405,1414
2039,"CodeTON Round 9 (Div. 1 + Div. 2, Rated, Prizes!)",FreenCKup,3406,1732383300,1534,1511
2039,"CodeTON Round 9 (Div. 1 + Div. 2, Rated, Prizes!)",goodsmellmoutainpeople,3406,1732383300,1365,1385
2039,"CodeTON Round 9 (Div. 1 + Div. 2, Rated, Prizes!)",yeling,3406,1732383300,1343,1369
2039,"CodeTON Round 9 (Div. 1 + Div. 2, Rated, Prizes!)",asifalim,3406,1732383300,1222,1281
2039,"CodeTON Round 9 (Div. 1 + Div. 2, Rated, Prizes!)",byCoso,3411,1732383300,977,1206
2039,"CodeTON Round 9 (Div. 1 + Div. 2, Rated, Prizes!)",ChirkovM,3411,1732383300,1673,1616
2039,"CodeTON Round 9 (Div. 1 + Div. 2, Rated, Prizes!)",MarcosPauloEvers,3411,1732383300,1663,1608
2039,"CodeTON Round 9 (Div. 1 + Div. 2, Rated, Prizes!)",believer_285,3411,1732383300,1282,1324
2039,"CodeTON Round 9 (Div. 1 + Div. 2, Rated, Prizes!)",Pumkinhead_Me,3411,1732383300,428,807
2039,"CodeTON Round 9 (Div. 1 + Div. 2, Rated, Prizes!)",Skeptic.,3411,1732383300,1361,1382
2039,"CodeTON Round 9 (Div. 1 + Div. 2, Rated, Prizes!)",AskThePine,3417,1732383300,1462,1457
2039,"CodeTON Round 9 (Div. 1 + Div. 2, Rated, Prizes!)",pleaseusecodew2s,3417,1732383300,1151,1230
2039,"CodeTON Round 9 (Div. 1 + Div. 2, Rated, Prizes!)",siam-35862,3417,1732383300,1245,1297
2039,"CodeTON Round 9 (Div. 1 + Div. 2, Rated, Prizes!)",farhan_2204,3417,1732383300,1330,1359
2039,"CodeTON Round 9 (Div. 1 + Div. 2, Rated, Prizes!)",MeiVinEight,3417,1732383300,1282,1324
2039,"CodeTON Round 9 (Div. 1 + Div. 2, Rated, Prizes!)",sajal_garg_300,3417,1732383300,1319,1350
2039,"CodeTON Round 9 (Div. 1 + Div. 2, Rated, Prizes!)",mihiragrawal2012,3417,1732383300,1386,1400
2039,"CodeTON Round 9 (Div. 1 + Div. 2, Rated, Prizes!)",Talent_Camellia,3424,1732383300,1545,1518
2039,"CodeTON Round 9 (Div. 1 + Div. 2, Rated, Prizes!)",dougalves,3424,1732383300,1619,1575
2039,"CodeTON Round 9 (Div. 1 + Div. 2, Rated, Prizes!)",YuezhengLingOvO,3424,1732383300,1343,1367
2039,"CodeTON Round 9 (Div. 1 + Div. 2, Rated, Prizes!)",ami_alim,3424,1732383300,1241,1293
2039,"CodeTON Round 9 (Div. 1 + Div. 2, Rated, Prizes!)",gauravantil,3424,1732383300,1490,1477
2039,"CodeTON Round 9 (Div. 1 + Div. 2, Rated, Prizes!)",LLsynth,3424,1732383300,1274,1354
2039,"CodeTON Round 9 (Div. 1 + Div. 2, Rated, Prizes!)",BaarishBoy,3424,1732383300,1244,1296
2039,"CodeTON Round 9 (Div. 1 + Div. 2, Rated, Prizes!)",Alphius,3424,1732383300,0,517
2039,"CodeTON Round 9 (Div. 1 + Div. 2, Rated, Prizes!)",tempestDemise,3432,1732383300,1571,1538
2039,"CodeTON Round 9 (Div. 1 + Div. 2, Rated, Prizes!)",AhmedEhab,3432,1732383300,1265,1310
2039,"CodeTON Round 9 (Div. 1 + Div. 2, Rated, Prizes!)",Neeki,3432,1732383300,1667,1611
2039,"CodeTON Round 9 (Div. 1 + Div. 2, Rated, Prizes!)",Sora05,3432,1732383300,1393,1404
2039,"CodeTON Round 9 (Div. 1 + Div. 2, Rated, Prizes!)",fggg,3432,1732383300,1069,1174
2039,"CodeTON Round 9 (Div. 1 + Div. 2, Rated, Prizes!)",haytam_kenway,3432,1732383300,1110,1202
2039,"CodeTON Round 9 (Div. 1 + Div. 2, Rated, Prizes!)",quater_nion,3438,1732383300,1369,1386
2039,"CodeTON Round 9 (Div. 1 + Div. 2, Rated, Prizes!)",_Darkrai_,3438,1732383300,1238,1291
2039,"CodeTON Round 9 (Div. 1 + Div. 2, Rated, Prizes!)",chlalstjr,3438,1732383300,1637,1588
2039,"CodeTON Round 9 (Div. 1 + Div. 2, Rated, Prizes!)",Adam2002,3438,1732383300,1303,1338
2039,"CodeTON Round 9 (Div. 1 + Div. 2, Rated, Prizes!)",6_108,3442,1732383300,1770,1727
2039,"CodeTON Round 9 (Div. 1 + Div. 2, Rated, Prizes!)",SysTaker,3442,1732383300,1340,1365
2039,"CodeTON Round 9 (Div. 1 + Div. 2, Rated, Prizes!)",L_eonardo_,3442,1732383300,1059,1167
2039,"CodeTON Round 9 (Div. 1 + Div. 2, Rated, Prizes!)",thunder1208,3442,1732383300,1378,1393
2039,"CodeTON Round 9 (Div. 1 + Div. 2, Rated, Prizes!)",__monstiez__,3446,1732383300,1260,1306
2039,"CodeTON Round 9 (Div. 1 + Div. 2, Rated, Prizes!)",anshul169,3446,1732383300,1407,1414
2039,"CodeTON Round 9 (Div. 1 + Div. 2, Rated, Prizes!)",Dongtoujiao,3446,1732383300,1297,1333
2039,"CodeTON Round 9 (Div. 1 + Div. 2, Rated, Prizes!)",sharmachirag10,3446,1732383300,1396,1406
2039,"CodeTON Round 9 (Div. 1 + Div. 2, Rated, Prizes!)",__rose,3446,1732383300,1384,1397
2039,"CodeTON Round 9 (Div. 1 + Div. 2, Rated, Prizes!)",Cyb3rBolt_,3446,1732383300,1576,1541
2039,"CodeTON Round 9 (Div. 1 + Div. 2, Rated, Prizes!)",libingye,3452,1732383300,450,822
2039,"CodeTON Round 9 (Div. 1 + Div. 2, Rated, Prizes!)",newsboy,3452,1732383300,1390,1401
2039,"CodeTON Round 9 (Div. 1 + Div. 2, Rated, Prizes!)",Mycodeiskuina,3452,1732383300,1204,1267
2039,"CodeTON Round 9 (Div. 1 + Div. 2, Rated, Prizes!)",prakharpande2001,3452,1732383300,1544,1517
2039,"CodeTON Round 9 (Div. 1 + Div. 2, Rated, Prizes!)",codrac,3456,1732383300,1250,1358
2039,"CodeTON Round 9 (Div. 1 + Div. 2, Rated, Prizes!)",JackI,3456,1732383300,1332,1358
2039,"CodeTON Round 9 (Div. 1 + Div. 2, Rated, Prizes!)",sonlh07,3456,1732383300,1591,1552
2039,"CodeTON Round 9 (Div. 1 + Div. 2, Rated, Prizes!)",walizamanee,3456,1732383300,1577,1542
2039,"CodeTON Round 9 (Div. 1 + Div. 2, Rated, Prizes!)",Fabulouss,3456,1732383300,1587,1549
2039,"CodeTON Round 9 (Div. 1 + Div. 2, Rated, Prizes!)",1298947385,3456,1732383300,1258,1305
2039,"CodeTON Round 9 (Div. 1 + Div. 2, Rated, Prizes!)",3rian_jr,3456,1732383300,1249,1298
2039,"CodeTON Round 9 (Div. 1 + Div. 2, Rated, Prizes!)",ChrizzyB47,3463,1732383300,1269,1312
2039,"CodeTON Round 9 (Div. 1 + Div. 2, Rated, Prizes!)",Istiaque_ahmed,3463,1732383300,1266,1310
2039,"CodeTON Round 9 (Div. 1 + Div. 2, Rated, Prizes!)",Hmzaawy,3463,1732383300,1642,1590
2039,"CodeTON Round 9 (Div. 1 + Div. 2, Rated, Prizes!)",zhuzhengxin,3466,1732383300,1134,1251
2039,"CodeTON Round 9 (Div. 1 + Div. 2, Rated, Prizes!)",ImShimla__,3466,1732383300,1305,1339
2039,"CodeTON Round 9 (Div. 1 + Div. 2, Rated, Prizes!)",ElayV13,3466,1732383300,481,844
2039,"CodeTON Round 9 (Div. 1 + Div. 2, Rated, Prizes!)",Khatn,3466,1732383300,1191,1256
2039,"CodeTON Round 9 (Div. 1 + Div. 2, Rated, Prizes!)",HAWK.Jeet,3466,1732383300,1090,1186
2039,"CodeTON Round 9 (Div. 1 + Div. 2, Rated, Prizes!)",Rosh_29,3471,1732383300,979,1169
2039,"CodeTON Round 9 (Div. 1 + Div. 2, Rated, Prizes!)",UniGravity,3471,1732383300,1401,1446
2039,"CodeTON Round 9 (Div. 1 + Div. 2, Rated, Prizes!)",MWarith,3471,1732383300,1212,1271
2039,"CodeTON Round 9 (Div. 1 + Div. 2, Rated, Prizes!)",saptarshikuar2003,3471,1732383300,1113,1202
2039,"CodeTON Round 9 (Div. 1 + Div. 2, Rated, Prizes!)",ShaklineHossen,3471,1732383300,1221,1277
2039,"CodeTON Round 9 (Div. 1 + Div. 2, Rated, Prizes!)",Nikitajmv,3471,1732383300,1419,1422
2039,"CodeTON Round 9 (Div. 1 + Div. 2, Rated, Prizes!)",Dulat31,3477,1732383300,1242,1292
2039,"CodeTON Round 9 (Div. 1 + Div. 2, Rated, Prizes!)",lozergam,3477,1732383300,1452,1446
2039,"CodeTON Round 9 (Div. 1 + Div. 2, Rated, Prizes!)",automaton24,3477,1732383300,1380,1393
2039,"CodeTON Round 9 (Div. 1 + Div. 2, Rated, Prizes!)",sonphan,3477,1732383300,1015,1195
2039,"CodeTON Round 9 (Div. 1 + Div. 2, Rated, Prizes!)",adithyakanil,3477,1732383300,1207,1267
2039,"CodeTON Round 9 (Div. 1 + Div. 2, Rated, Prizes!)",whizdor,3477,1732383300,1052,1222
2039,"CodeTON Round 9 (Div. 1 + Div. 2, Rated, Prizes!)",Arth2022,3477,1732383300,1643,1591
2039,"CodeTON Round 9 (Div. 1 + Div. 2, Rated, Prizes!)",atharrizwan,3484,1732383300,1258,1303
2039,"CodeTON Round 9 (Div. 1 + Div. 2, Rated, Prizes!)",LeticiaFCS,3484,1732383300,1604,1561
2039,"CodeTON Round 9 (Div. 1 + Div. 2, Rated, Prizes!)",AmirRezHere,3484,1732383300,1290,1387
2039,"CodeTON Round 9 (Div. 1 + Div. 2, Rated, Prizes!)",tch1001,3484,1732383300,1687,1624
2039,"CodeTON Round 9 (Div. 1 + Div. 2, Rated, Prizes!)",FHH2004,3484,1732383300,1608,1564
2039,"CodeTON Round 9 (Div. 1 + Div. 2, Rated, Prizes!)",I_love_humingyu,3489,1732383300,1257,1302
2039,"CodeTON Round 9 (Div. 1 + Div. 2, Rated, Prizes!)",Incognito_Mode_On,3489,1732383300,1290,1326
2039,"CodeTON Round 9 (Div. 1 + Div. 2, Rated, Prizes!)",Singh_jassi,3489,1732383300,1265,1308
2039,"CodeTON Round 9 (Div. 1 + Div. 2, Rated, Prizes!)",StarKirbyyy,3489,1732383300,717,1010
2039,"CodeTON Round 9 (Div. 1 + Div. 2, Rated, Prizes!)",VioletVal,3489,1732383300,986,1116
2039,"CodeTON Round 9 (Div. 1 + Div. 2, Rated, Prizes!)",Boxfish,3494,1732383300,1435,1470
2039,"CodeTON Round 9 (Div. 1 + Div. 2, Rated, Prizes!)",QH08,3494,1732383300,514,867
2039,"CodeTON Round 9 (Div. 1 + Div. 2, Rated, Prizes!)",muhammad_jarjoumi,3494,1732383300,1377,1390
2039,"CodeTON Round 9 (Div. 1 + Div. 2, Rated, Prizes!)",fuwad,3494,1732383300,1441,1438
2039,"CodeTON Round 9 (Div. 1 + Div. 2, Rated, Prizes!)",teejorob,3498,1732383300,1362,1379
2039,"CodeTON Round 9 (Div. 1 + Div. 2, Rated, Prizes!)",AlKhwarizmiFan,3498,1732383300,1370,1385
2039,"CodeTON Round 9 (Div. 1 + Div. 2, Rated, Prizes!)",SolidAngel,3500,1732383300,1359,1376
2039,"CodeTON Round 9 (Div. 1 + Div. 2, Rated, Prizes!)",akshay_2902,3500,1732383300,1578,1540
2039,"CodeTON Round 9 (Div. 1 + Div. 2, Rated, Prizes!)",_KingBob_,3500,1732383300,1462,1453
2039,"CodeTON Round 9 (Div. 1 + Div. 2, Rated, Prizes!)",averageAlgoEnjoyer,3500,1732383300,1360,1377
2039,"CodeTON Round 9 (Div. 1 + Div. 2, Rated, Prizes!)",Alikhder7,3500,1732383300,1570,1534
2039,"CodeTON Round 9 (Div. 1 + Div. 2, Rated, Prizes!)",mctominay,3505,1732383300,1273,1349
2039,"CodeTON Round 9 (Div. 1 + Div. 2, Rated, Prizes!)",silicalet,3505,1732383300,1255,1300
2039,"CodeTON Round 9 (Div. 1 + Div. 2, Rated, Prizes!)",tThe_great_move,3505,1732383300,1158,1231
2039,"CodeTON Round 9 (Div. 1 + Div. 2, Rated, Prizes!)",ExtraStageLover,3505,1732383300,1623,1575
2039,"CodeTON Round 9 (Div. 1 + Div. 2, Rated, Prizes!)",123cfx,3505,1732383300,1102,1193
2039,"CodeTON Round 9 (Div. 1 + Div. 2, Rated, Prizes!)",Neckt00,3510,1732383300,1218,1274
2039,"CodeTON Round 9 (Div. 1 + Div. 2, Rated, Prizes!)",3bdulrahman.,3511,1732383300,1312,1341
2039,"CodeTON Round 9 (Div. 1 + Div. 2, Rated, Prizes!)",giga-bit,3511,1732383300,1880,1771
2039,"CodeTON Round 9 (Div. 1 + Div. 2, Rated, Prizes!)",slayone_platelet,3511,1732383300,1420,1421
2039,"CodeTON Round 9 (Div. 1 + Div. 2, Rated, Prizes!)",Kluco,3511,1732383300,1506,1486
2039,"CodeTON Round 9 (Div. 1 + Div. 2, Rated, Prizes!)",Ankit_sharma05,3511,1732383300,586,916
2039,"CodeTON Round 9 (Div. 1 + Div. 2, Rated, Prizes!)",Sahil_Sarfraz,3516,1732383300,1181,1247
2039,"CodeTON Round 9 (Div. 1 + Div. 2, Rated, Prizes!)",myvaluska,3516,1732383300,1188,1252
2039,"CodeTON Round 9 (Div. 1 + Div. 2, Rated, Prizes!)",Enzinho,3516,1732383300,1709,1640
2039,"CodeTON Round 9 (Div. 1 + Div. 2, Rated, Prizes!)",sterlin,3516,1732383300,1640,1587
2039,"CodeTON Round 9 (Div. 1 + Div. 2, Rated, Prizes!)",dipanshu115,3520,1732383300,1313,1342
2039,"CodeTON Round 9 (Div. 1 + Div. 2, Rated, Prizes!)",Wis_adel,3520,1732383300,1154,1296
2039,"CodeTON Round 9 (Div. 1 + Div. 2, Rated, Prizes!)",fornaxx,3520,1732383300,1317,1345
2039,"CodeTON Round 9 (Div. 1 + Div. 2, Rated, Prizes!)",testtest111ksjfrdvn,3520,1732383300,1269,1309
2039,"CodeTON Round 9 (Div. 1 + Div. 2, Rated, Prizes!)",Lost_Warrior,3520,1732383300,1473,1460
2039,"CodeTON Round 9 (Div. 1 + Div. 2, Rated, Prizes!)",x3mka,3520,1732383300,1264,1306
2039,"CodeTON Round 9 (Div. 1 + Div. 2, Rated, Prizes!)",you_knowme,3526,1732383300,1150,1225
2039,"CodeTON Round 9 (Div. 1 + Div. 2, Rated, Prizes!)",srai2225,3526,1732383300,1323,1349
2039,"CodeTON Round 9 (Div. 1 + Div. 2, Rated, Prizes!)",Kamikazee112,3526,1732383300,1508,1487
2039,"CodeTON Round 9 (Div. 1 + Div. 2, Rated, Prizes!)",ERin_cy,3526,1732383300,1203,1262
2039,"CodeTON Round 9 (Div. 1 + Div. 2, Rated, Prizes!)",Nishant_Garg09,3526,1732383300,1151,1226
2039,"CodeTON Round 9 (Div. 1 + Div. 2, Rated, Prizes!)",mw3m,3526,1732383300,1182,1247
2039,"CodeTON Round 9 (Div. 1 + Div. 2, Rated, Prizes!)",Soultaker,3532,1732383300,2246,2061
2039,"CodeTON Round 9 (Div. 1 + Div. 2, Rated, Prizes!)",Oleja123,3532,1732383300,1661,1602
2039,"CodeTON Round 9 (Div. 1 + Div. 2, Rated, Prizes!)",ChinmayA_G,3532,1732383300,1318,1345
2039,"CodeTON Round 9 (Div. 1 + Div. 2, Rated, Prizes!)",Haasl,3532,1732383300,1335,1357
2039,"CodeTON Round 9 (Div. 1 + Div. 2, Rated, Prizes!)",zysssss,3532,1732383300,599,930
2039,"CodeTON Round 9 (Div. 1 + Div. 2, Rated, Prizes!)",S4MI,3537,1732383300,1580,1541
2039,"CodeTON Round 9 (Div. 1 + Div. 2, Rated, Prizes!)",CodeBot5621,3537,1732383300,1192,1254
2039,"CodeTON Round 9 (Div. 1 + Div. 2, Rated, Prizes!)",deesu,3537,1732383300,0,513
2039,"CodeTON Round 9 (Div. 1 + Div. 2, Rated, Prizes!)",Utsav_21,3537,1732383300,1144,1220
2039,"CodeTON Round 9 (Div. 1 + Div. 2, Rated, Prizes!)",JJCUBER,3537,1732383300,938,1171
2039,"CodeTON Round 9 (Div. 1 + Div. 2, Rated, Prizes!)",shailendra123,3537,1732383300,1355,1409
2039,"CodeTON Round 9 (Div. 1 + Div. 2, Rated, Prizes!)",zyouri,3537,1732383300,1593,1551
2039,"CodeTON Round 9 (Div. 1 + Div. 2, Rated, Prizes!)",Leomi,3544,1732383300,1332,1355
2039,"CodeTON Round 9 (Div. 1 + Div. 2, Rated, Prizes!)",LHaooo,3544,1732383300,1704,1635
2039,"CodeTON Round 9 (Div. 1 + Div. 2, Rated, Prizes!)",Bhuban,3546,1732383300,1390,1398
2039,"CodeTON Round 9 (Div. 1 + Div. 2, Rated, Prizes!)",manmeet_ki_muskan_2.0,3546,1732383300,1331,1354
2039,"CodeTON Round 9 (Div. 1 + Div. 2, Rated, Prizes!)",surenjamts,3546,1732383300,1278,1315
2039,"CodeTON Round 9 (Div. 1 + Div. 2, Rated, Prizes!)",ErlandMB,3549,1732383300,1297,1329
2039,"CodeTON Round 9 (Div. 1 + Div. 2, Rated, Prizes!)",heesooyaam,3549,1732383300,1737,1660
2039,"CodeTON Round 9 (Div. 1 + Div. 2, Rated, Prizes!)",NotTogawaButSakiko,3549,1732383300,1251,1296
2039,"CodeTON Round 9 (Div. 1 + Div. 2, Rated, Prizes!)",MIHALI,3552,1732383300,1257,1300
2039,"CodeTON Round 9 (Div. 1 + Div. 2, Rated, Prizes!)",greedyforces_,3552,1732383300,1641,1586
2039,"CodeTON Round 9 (Div. 1 + Div. 2, Rated, Prizes!)",rhm_gan,3552,1732383300,1400,1405
2039,"CodeTON Round 9 (Div. 1 + Div. 2, Rated, Prizes!)",Cheshulko,3552,1732383300,1556,1522
2039,"CodeTON Round 9 (Div. 1 + Div. 2, Rated, Prizes!)",zhang123456889,3552,1732383300,1393,1399
2039,"CodeTON Round 9 (Div. 1 + Div. 2, Rated, Prizes!)",xiacoke7708,3552,1732383300,1417,1418
2039,"CodeTON Round 9 (Div. 1 + Div. 2, Rated, Prizes!)",Moynul_Islam,3558,1732383300,1491,1473
2039,"CodeTON Round 9 (Div. 1 + Div. 2, Rated, Prizes!)",DiruiXiao,3558,1732383300,1648,1592
2039,"CodeTON Round 9 (Div. 1 + Div. 2, Rated, Prizes!)",bestttintheworld,3558,1732383300,1459,1448
2039,"CodeTON Round 9 (Div. 1 + Div. 2, Rated, Prizes!)",brawler45,3558,1732383300,1494,1475
2039,"CodeTON Round 9 (Div. 1 + Div. 2, Rated, Prizes!)",GodNess_of_10000_huan,3558,1732383300,1316,1342
2039,"CodeTON Round 9 (Div. 1 + Div. 2, Rated, Prizes!)",ns0,3563,1732383300,1497,1477
2039,"CodeTON Round 9 (Div. 1 + Div. 2, Rated, Prizes!)",namankun,3563,1732383300,1373,1447
2039,"CodeTON Round 9 (Div. 1 + Div. 2, Rated, Prizes!)",alextigau,3563,1732383300,1523,1497
2039,"CodeTON Round 9 (Div. 1 + Div. 2, Rated, Prizes!)",linearspace,3563,1732383300,1563,1527
2039,"CodeTON Round 9 (Div. 1 + Div. 2, Rated, Prizes!)",hey_man,3563,1732383300,1292,1325
2039,"CodeTON Round 9 (Div. 1 + Div. 2, Rated, Prizes!)",mukulmishra,3568,1732383300,1062,1163
2039,"CodeTON Round 9 (Div. 1 + Div. 2, Rated, Prizes!)",purp4ever,3568,1732383300,1973,1841
2039,"CodeTON Round 9 (Div. 1 + Div. 2, Rated, Prizes!)",miemiejiuming,3568,1732383300,1402,1406
2039,"CodeTON Round 9 (Div. 1 + Div. 2, Rated, Prizes!)",The_Lion_King_4210,3568,1732383300,1670,1608
2039,"CodeTON Round 9 (Div. 1 + Div. 2, Rated, Prizes!)",ShashankGaur03,3572,1732383300,1568,1530
2039,"CodeTON Round 9 (Div. 1 + Div. 2, Rated, Prizes!)",maxim_tep,3572,1732383300,1249,1293
2039,"CodeTON Round 9 (Div. 1 + Div. 2, Rated, Prizes!)",22U069,3572,1732383300,1655,1596
2039,"CodeTON Round 9 (Div. 1 + Div. 2, Rated, Prizes!)",Sagnik_121,3572,1732383300,1312,1339
2039,"CodeTON Round 9 (Div. 1 + Div. 2, Rated, Prizes!)",dwq_hca,3576,1732383300,996,1177
2039,"CodeTON Round 9 (Div. 1 + Div. 2, Rated, Prizes!)",Sultana_Akter,3576,1732383300,1477,1462
2039,"CodeTON Round 9 (Div. 1 + Div. 2, Rated, Prizes!)",Ayan_Sohail,3576,1732383300,1127,1207
2039,"CodeTON Round 9 (Div. 1 + Div. 2, Rated, Prizes!)",osama_bq,3579,1732383300,1429,1425
2039,"CodeTON Round 9 (Div. 1 + Div. 2, Rated, Prizes!)",HellPixar,3579,1732383300,1529,1501
2039,"CodeTON Round 9 (Div. 1 + Div. 2, Rated, Prizes!)",M4TV3Y_Y3RM0L41,3579,1732383300,0,512
2039,"CodeTON Round 9 (Div. 1 + Div. 2, Rated, Prizes!)",Th1nker,3582,1732383300,1430,1426
2039,"CodeTON Round 9 (Div. 1 + Div. 2, Rated, Prizes!)",Ubantu,3582,1732383300,0,512
2039,"CodeTON Round 9 (Div. 1 + Div. 2, Rated, Prizes!)",qcpy,3582,1732383300,1085,1178
2039,"CodeTON Round 9 (Div. 1 + Div. 2, Rated, Prizes!)",gbula,3585,1732383300,1678,1613
2039,"CodeTON Round 9 (Div. 1 + Div. 2, Rated, Prizes!)",mbsarhan,3585,1732383300,1365,1378
2039,"CodeTON Round 9 (Div. 1 + Div. 2, Rated, Prizes!)",Sudip809,3585,1732383300,1551,1517
2039,"CodeTON Round 9 (Div. 1 + Div. 2, Rated, Prizes!)",allw,3588,1732383300,1678,1613
2039,"CodeTON Round 9 (Div. 1 + Div. 2, Rated, Prizes!)",Mrlime,3588,1732383300,1302,1331
2039,"CodeTON Round 9 (Div. 1 + Div. 2, Rated, Prizes!)",jeshts27,3588,1732383300,1088,1180
2039,"CodeTON Round 9 (Div. 1 + Div. 2, Rated, Prizes!)",shlokjain0177,3588,1732383300,1179,1243
2039,"CodeTON Round 9 (Div. 1 + Div. 2, Rated, Prizes!)",BOYBESIDECAT,3588,1732383300,1194,1253
2039,"CodeTON Round 9 (Div. 1 + Div. 2, Rated, Prizes!)",HelloSkyy,3593,1732383300,1299,1329
2039,"CodeTON Round 9 (Div. 1 + Div. 2, Rated, Prizes!)",for_Yang,3593,1732383300,0,511
2039,"CodeTON Round 9 (Div. 1 + Div. 2, Rated, Prizes!)",Im.Boo,3595,1732383300,1334,1354
2039,"CodeTON Round 9 (Div. 1 + Div. 2, Rated, Prizes!)",bassclef,3595,1732383300,1534,1504
2039,"CodeTON Round 9 (Div. 1 + Div. 2, Rated, Prizes!)",Black_Friday,3595,1732383300,1404,1406
2039,"CodeTON Round 9 (Div. 1 + Div. 2, Rated, Prizes!)",AutiFancers,3595,1732383300,1372,1382
2039,"CodeTON Round 9 (Div. 1 + Div. 2, Rated, Prizes!)",raj2001,3595,1732383300,1339,1358
2039,"CodeTON Round 9 (Div. 1 + Div. 2, Rated, Prizes!)",ibrahim_ashraf_Temos_Dp,3600,1732383300,1283,1317
2039,"CodeTON Round 9 (Div. 1 + Div. 2, Rated, Prizes!)",srijon_32,3600,1732383300,1164,1232
2039,"CodeTON Round 9 (Div. 1 + Div. 2, Rated, Prizes!)",almostexpert,3600,1732383300,1357,1371
2039,"CodeTON Round 9 (Div. 1 + Div. 2, Rated, Prizes!)",Bruce_wayne__,3600,1732383300,1410,1411
2039,"CodeTON Round 9 (Div. 1 + Div. 2, Rated, Prizes!)",bittercof,3600,1732383300,1246,1290
2039,"CodeTON Round 9 (Div. 1 + Div. 2, Rated, Prizes!)",farmerjiang,3605,1732383300,1625,1572
2039,"CodeTON Round 9 (Div. 1 + Div. 2, Rated, Prizes!)",b_AHA_r,3605,1732383300,1238,1284
2039,"CodeTON Round 9 (Div. 1 + Div. 2, Rated, Prizes!)",ritton,3605,1732383300,884,1078
2039,"CodeTON Round 9 (Div. 1 + Div. 2, Rated, Prizes!)",MUIGokuSan,3605,1732383300,1188,1248
2039,"CodeTON Round 9 (Div. 1 + Div. 2, Rated, Prizes!)",Adityaxv,3609,1732383300,1292,1323
2039,"CodeTON Round 9 (Div. 1 + Div. 2, Rated, Prizes!)",tonmoy6052,3609,1732383300,1388,1394
2039,"CodeTON Round 9 (Div. 1 + Div. 2, Rated, Prizes!)",ilija_IR_13,3611,1732383300,1422,1419
2039,"CodeTON Round 9 (Div. 1 + Div. 2, Rated, Prizes!)",D_S,3611,1732383300,1060,1160
2039,"CodeTON Round 9 (Div. 1 + Div. 2, Rated, Prizes!)",ruban,3611,1732383300,1415,1414
2039,"CodeTON Round 9 (Div. 1 + Div. 2, Rated, Prizes!)",Maciesz,3611,1732383300,1377,1385
2039,"CodeTON Round 9 (Div. 1 + Div. 2, Rated, Prizes!)",s_ALI_mi,3611,1732383300,1401,1403
2039,"CodeTON Round 9 (Div. 1 + Div. 2, Rated, Prizes!)",Mahmoud_syria,3616,1732383300,1396,1400
2039,"CodeTON Round 9 (Div. 1 + Div. 2, Rated, Prizes!)",Sameer_Raj,3616,1732383300,1312,1338
2039,"CodeTON Round 9 (Div. 1 + Div. 2, Rated, Prizes!)",Modulo.TwentyEight,3616,1732383300,1418,1416
2039,"CodeTON Round 9 (Div. 1 + Div. 2, Rated, Prizes!)",codexzx,3619,1732383300,991,1113
2039,"CodeTON Round 9 (Div. 1 + Div. 2, Rated, Prizes!)",devilmaycry0999,3619,1732383300,0,510
2039,"CodeTON Round 9 (Div. 1 + Div. 2, Rated, Prizes!)",DatDangBanIa,3619,1732383300,1087,1177
2039,"CodeTON Round 9 (Div. 1 + Div. 2, Rated, Prizes!)",CHY_YASIR,3619,1732383300,1451,1440
2039,"CodeTON Round 9 (Div. 1 + Div. 2, Rated, Prizes!)",iasmimqf,3619,1732383300,1470,1454
2039,"CodeTON Round 9 (Div. 1 + Div. 2, Rated, Prizes!)",Mostafiz25,3619,1732383300,999,1119
2039,"CodeTON Round 9 (Div. 1 + Div. 2, Rated, Prizes!)",Ramim2219,3619,1732383300,1092,1236
2039,"CodeTON Round 9 (Div. 1 + Div. 2, Rated, Prizes!)",naitik10001,3619,1732383300,1510,1485
2039,"CodeTON Round 9 (Div. 1 + Div. 2, Rated, Prizes!)",zoro2000,3619,1732383300,1574,1533
2039,"CodeTON Round 9 (Div. 1 + Div. 2, Rated, Prizes!)",alt12345,3628,1732383300,1209,1321
2039,"CodeTON Round 9 (Div. 1 + Div. 2, Rated, Prizes!)",L.exe,3628,1732383300,1282,1315
2039,"CodeTON Round 9 (Div. 1 + Div. 2, Rated, Prizes!)",ChiR24,3628,1732383300,1036,1204
2039,"CodeTON Round 9 (Div. 1 + Div. 2, Rated, Prizes!)",Nagisa-Furukawa,3628,1732383300,1226,1274
2039,"CodeTON Round 9 (Div. 1 + Div. 2, Rated, Prizes!)",SadikMR,3628,1732383300,1259,1298
2039,"CodeTON Round 9 (Div. 1 + Div. 2, Rated, Prizes!)",chirag_unision,3628,1732383300,1039,1145
2039,"CodeTON Round 9 (Div. 1 + Div. 2, Rated, Prizes!)",lost_everything,3634,1732383300,1371,1380
2039,"CodeTON Round 9 (Div. 1 + Div. 2, Rated, Prizes!)",ZhishengIE006,3634,1732383300,1030,1200
2039,"CodeTON Round 9 (Div. 1 + Div. 2, Rated, Prizes!)",aBhiLASH,3634,1732383300,1273,1308
2039,"CodeTON Round 9 (Div. 1 + Div. 2, Rated, Prizes!)",not_Bekzhan_Aldiyar,3637,1732383300,1280,1313
2039,"CodeTON Round 9 (Div. 1 + Div. 2, Rated, Prizes!)",tacuya,3637,1732383300,1284,1316
2039,"CodeTON Round 9 (Div. 1 + Div. 2, Rated, Prizes!)",Anurag6022,3639,1732383300,1117,1197
2039,"CodeTON Round 9 (Div. 1 + Div. 2, Rated, Prizes!)",Sadnur_Islam,3639,1732383300,1331,1350
2039,"CodeTON Round 9 (Div. 1 + Div. 2, Rated, Prizes!)",I_love_Si_Quy,3639,1732383300,1411,1410
2039,"CodeTON Round 9 (Div. 1 + Div. 2, Rated, Prizes!)",Shaheer.Old,3642,1732383300,1159,1226
2039,"CodeTON Round 9 (Div. 1 + Div. 2, Rated, Prizes!)",RSAMSD,3642,1732383300,1377,1384
2039,"CodeTON Round 9 (Div. 1 + Div. 2, Rated, Prizes!)",ydhabc,3642,1732383300,1269,1305
2039,"CodeTON Round 9 (Div. 1 + Div. 2, Rated, Prizes!)",Anything_qwq,3642,1732383300,1223,1272
2039,"CodeTON Round 9 (Div. 1 + Div. 2, Rated, Prizes!)",shad0w,3642,1732383300,1524,1495
2039,"CodeTON Round 9 (Div. 1 + Div. 2, Rated, Prizes!)",_Djhhh,3642,1732383300,1533,1501
2039,"CodeTON Round 9 (Div. 1 + Div. 2, Rated, Prizes!)",WillSee,3648,1732383300,1160,1227
2039,"CodeTON Round 9 (Div. 1 + Div. 2, Rated, Prizes!)",ab_malek,3648,1732383300,1488,1467
2039,"CodeTON Round 9 (Div. 1 + Div. 2, Rated, Prizes!)",Wyx776161,3648,1732383300,1063,1160
2039,"CodeTON Round 9 (Div. 1 + Div. 2, Rated, Prizes!)",ironman263,3648,1732383300,1302,1329
2039,"CodeTON Round 9 (Div. 1 + Div. 2, Rated, Prizes!)",liu_yi,3648,1732383300,489,843
2039,"CodeTON Round 9 (Div. 1 + Div. 2, Rated, Prizes!)",lemonti,3653,1732383300,1634,1578
2039,"CodeTON Round 9 (Div. 1 + Div. 2, Rated, Prizes!)",huyngodzzz,3653,1732383300,673,971
2039,"CodeTON Round 9 (Div. 1 + Div. 2, Rated, Prizes!)",Nasa_Yuzaki,3653,1732383300,1339,1356
2039,"CodeTON Round 9 (Div. 1 + Div. 2, Rated, Prizes!)",PseudoWritter,3656,1732383300,1494,1472
2039,"CodeTON Round 9 (Div. 1 + Div. 2, Rated, Prizes!)",Eternal_Quest,3656,1732383300,1247,1288
2039,"CodeTON Round 9 (Div. 1 + Div. 2, Rated, Prizes!)",Dtbigwaves,3656,1732383300,1060,1158
2039,"CodeTON Round 9 (Div. 1 + Div. 2, Rated, Prizes!)",NagisaF,3659,1732383300,1636,1579
2039,"CodeTON Round 9 (Div. 1 + Div. 2, Rated, Prizes!)",turad_2002,3659,1732383300,1043,1146
2039,"CodeTON Round 9 (Div. 1 + Div. 2, Rated, Prizes!)",ProfGiri,3659,1732383300,1594,1547
2039,"CodeTON Round 9 (Div. 1 + Div. 2, Rated, Prizes!)",notnotharsh,3659,1732383300,1580,1536
2039,"CodeTON Round 9 (Div. 1 + Div. 2, Rated, Prizes!)",Noyon_Mozumder,3663,1732383300,1095,1181
2039,"CodeTON Round 9 (Div. 1 + Div. 2, Rated, Prizes!)",spacetune,3663,1732383300,1405,1404
2039,"CodeTON Round 9 (Div. 1 + Div. 2, Rated, Prizes!)",Big-air-eyes,3663,1732383300,1029,1136
2039,"CodeTON Round 9 (Div. 1 + Div. 2, Rated, Prizes!)",ravigod22,3663,1732383300,1437,1428
2039,"CodeTON Round 9 (Div. 1 + Div. 2, Rated, Prizes!)",qwer4399,3663,1732383300,914,1062
2039,"CodeTON Round 9 (Div. 1 + Div. 2, Rated, Prizes!)",_WaterDrop_,3663,1732383300,1239,1282
2039,"CodeTON Round 9 (Div. 1 + Div. 2, Rated, Prizes!)",fshokripour,3669,1732383300,1417,1413
2039,"CodeTON Round 9 (Div. 1 + Div. 2, Rated, Prizes!)",danielrmzkuhn1,3669,1732383300,1400,1400
2039,"CodeTON Round 9 (Div. 1 + Div. 2, Rated, Prizes!)",Nisikto,3669,1732383300,1536,1503
2039,"CodeTON Round 9 (Div. 1 + Div. 2, Rated, Prizes!)",Dev_Vaghani,3672,1732383300,996,1114
2039,"CodeTON Round 9 (Div. 1 + Div. 2, Rated, Prizes!)",hslk,3672,1732383300,1283,1314
2039,"CodeTON Round 9 (Div. 1 + Div. 2, Rated, Prizes!)",_Curly_Brace_,3672,1732383300,1209,1260
2039,"CodeTON Round 9 (Div. 1 + Div. 2, Rated, Prizes!)",enigma.cpp,3672,1732383300,1384,1388
2039,"CodeTON Round 9 (Div. 1 + Div. 2, Rated, Prizes!)",KomarovEgor,3672,1732383300,1468,1451
2039,"CodeTON Round 9 (Div. 1 + Div. 2, Rated, Prizes!)",LittleGWen,3677,1732383300,1423,1417
2039,"CodeTON Round 9 (Div. 1 + Div. 2, Rated, Prizes!)",proc_moe,3677,1732383300,1438,1428
2039,"CodeTON Round 9 (Div. 1 + Div. 2, Rated, Prizes!)",Tubication,3677,1732383300,1021,1183
2039,"CodeTON Round 9 (Div. 1 + Div. 2, Rated, Prizes!)",mdkhaledmhamud220,3677,1732383300,1335,1352
2039,"CodeTON Round 9 (Div. 1 + Div. 2, Rated, Prizes!)",apollo07,3677,1732383300,1381,1386
2039,"CodeTON Round 9 (Div. 1 + Div. 2, Rated, Prizes!)",silvup,3682,1732383300,1415,1411
2039,"CodeTON Round 9 (Div. 1 + Div. 2, Rated, Prizes!)",Dreameclipse,3683,1732383300,1708,1633
2039,"CodeTON Round 9 (Div. 1 + Div. 2, Rated, Prizes!)",AbuElias,3683,1732383300,1219,1267
2039,"CodeTON Round 9 (Div. 1 + Div. 2, Rated, Prizes!)",Tawfik040,3683,1732383300,1163,1227
2039,"CodeTON Round 9 (Div. 1 + Div. 2, Rated, Prizes!)",utf57,3686,1732383300,0,508
2039,"CodeTON Round 9 (Div. 1 + Div. 2, Rated, Prizes!)",tanvirul_2002,3686,1732383300,979,1103
2039,"CodeTON Round 9 (Div. 1 + Div. 2, Rated, Prizes!)",zhuqing,3686,1732383300,834,1057
2039,"CodeTON Round 9 (Div. 1 + Div. 2, Rated, Prizes!)",sithet,3686,1732383300,1343,1357
2039,"CodeTON Round 9 (Div. 1 + Div. 2, Rated, Prizes!)",Arman3649,3686,1732383300,1378,1383
2039,"CodeTON Round 9 (Div. 1 + Div. 2, Rated, Prizes!)",__dribbler,3691,1732383300,1314,1336
2039,"CodeTON Round 9 (Div. 1 + Div. 2, Rated, Prizes!)",tawkir,3691,1732383300,1427,1420
2039,"CodeTON Round 9 (Div. 1 + Div. 2, Rated, Prizes!)",Rashed.23,3691,1732383300,1518,1488
2039,"CodeTON Round 9 (Div. 1 + Div. 2, Rated, Prizes!)",shuanglin,3691,1732383300,1386,1389
2039,"CodeTON Round 9 (Div. 1 + Div. 2, Rated, Prizes!)",Abokaaa,3691,1732383300,497,847
2039,"CodeTON Round 9 (Div. 1 + Div. 2, Rated, Prizes!)",Sinphnice,3691,1732383300,422,791
2039,"CodeTON Round 9 (Div. 1 + Div. 2, Rated, Prizes!)",trafik,3691,1732383300,1413,1409
2039,"CodeTON Round 9 (Div. 1 + Div. 2, Rated, Prizes!)",Mir_Ilham_Novice,3691,1732383300,1366,1374
2039,"CodeTON Round 9 (Div. 1 + Div. 2, Rated, Prizes!)",AbdallahMahmoud,3699,1732383300,1150,1218
2039,"CodeTON Round 9 (Div. 1 + Div. 2, Rated, Prizes!)",lijiangshuai,3699,1732383300,1044,1199
2039,"CodeTON Round 9 (Div. 1 + Div. 2, Rated, Prizes!)",GR1ZLER,3699,1732383300,1686,1615
2039,"CodeTON Round 9 (Div. 1 + Div. 2, Rated, Prizes!)",_happiness_,3699,1732383300,1511,1482
2039,"CodeTON Round 9 (Div. 1 + Div. 2, Rated, Prizes!)",operator32,3703,1732383300,1273,1305
2039,"CodeTON Round 9 (Div. 1 + Div. 2, Rated, Prizes!)",clhd,3703,1732383300,1094,1179
2039,"CodeTON Round 9 (Div. 1 + Div. 2, Rated, Prizes!)",Omsify,3705,1732383300,1267,1301
2039,"CodeTON Round 9 (Div. 1 + Div. 2, Rated, Prizes!)",Miracle.6,3705,1732383300,947,1081
2039,"CodeTON Round 9 (Div. 1 + Div. 2, Rated, Prizes!)",strikingarrow,3705,1732383300,1541,1505
2039,"CodeTON Round 9 (Div. 1 + Div. 2, Rated, Prizes!)",blue_eyed_demon,3705,1732383300,1439,1428
2039,"CodeTON Round 9 (Div. 1 + Div. 2, Rated, Prizes!)",dontkno67,3705,1732383300,1209,1259
2039,"CodeTON Round 9 (Div. 1 + Div. 2, Rated, Prizes!)",kevinhuang,3710,1732383300,1170,1231
2039,"CodeTON Round 9 (Div. 1 + Div. 2, Rated, Prizes!)",divyanshsikarwar,3710,1732383300,1506,1479
2039,"CodeTON Round 9 (Div. 1 + Div. 2, Rated, Prizes!)",alyoks1,3710,1732383300,1609,1556
2039,"CodeTON Round 9 (Div. 1 + Div. 2, Rated, Prizes!)",Fight_G,3710,1732383300,1014,1222
2039,"CodeTON Round 9 (Div. 1 + Div. 2, Rated, Prizes!)",nbu_zzc,3714,1732383300,1183,1240
2039,"CodeTON Round 9 (Div. 1 + Div. 2, Rated, Prizes!)",poco_oi,3714,1732383300,1244,1357
2039,"CodeTON Round 9 (Div. 1 + Div. 2, Rated, Prizes!)",LiJoQiao,3714,1732383300,1527,1494
2039,"CodeTON Round 9 (Div. 1 + Div. 2, Rated, Prizes!)",Yordan_Iliev,3714,1732383300,1623,1567
2039,"CodeTON Round 9 (Div. 1 + Div. 2, Rated, Prizes!)",MMA,3714,1732383300,1243,1283
2039,"CodeTON Round 9 (Div. 1 + Div. 2, Rated, Prizes!)",r_us,3714,1732383300,1368,1374
2039,"CodeTON Round 9 (Div. 1 + Div. 2, Rated, Prizes!)",alibichgaleleyev,3714,1732383300,1386,1388
2039,"CodeTON Round 9 (Div. 1 + Div. 2, Rated, Prizes!)",Bankai_Infinite_Bugs,3721,1732383300,1445,1432
2039,"CodeTON Round 9 (Div. 1 + Div. 2, Rated, Prizes!)",Mr.Li_,3721,1732383300,1342,1355
2039,"CodeTON Round 9 (Div. 1 + Div. 2, Rated, Prizes!)",YhuanDebeste,3721,1732383300,1450,1435
2039,"CodeTON Round 9 (Div. 1 + Div. 2, Rated, Prizes!)",-_-SamarthGupta-_-,3721,1732383300,1351,1362
2039,"CodeTON Round 9 (Div. 1 + Div. 2, Rated, Prizes!)",dvyh,3721,1732383300,1323,1341
2039,"CodeTON Round 9 (Div. 1 + Div. 2, Rated, Prizes!)",louisjohns32,3726,1732383300,1469,1450
2039,"CodeTON Round 9 (Div. 1 + Div. 2, Rated, Prizes!)",Mysticmage45,3726,1732383300,1628,1570
2039,"CodeTON Round 9 (Div. 1 + Div. 2, Rated, Prizes!)",SUNG_JIN,3726,1732383300,1456,1440
2039,"CodeTON Round 9 (Div. 1 + Div. 2, Rated, Prizes!)",LuuPhucVinh,3729,1732383300,1540,1503
2039,"CodeTON Round 9 (Div. 1 + Div. 2, Rated, Prizes!)",siic,3729,1732383300,1471,1451
2039,"CodeTON Round 9 (Div. 1 + Div. 2, Rated, Prizes!)",monsters233,3729,1732383300,1070,1161
2039,"CodeTON Round 9 (Div. 1 + Div. 2, Rated, Prizes!)",RanCheer,3729,1732383300,1382,1384
2039,"CodeTON Round 9 (Div. 1 + Div. 2, Rated, Prizes!)",LostProthoma,3729,1732383300,1164,1226
2039,"CodeTON Round 9 (Div. 1 + Div. 2, Rated, Prizes!)",SeeYouSpaceCowboy,3734,1732383300,1162,1224
2039,"CodeTON Round 9 (Div. 1 + Div. 2, Rated, Prizes!)",TheGreatAntivirus,3734,1732383300,1559,1518
2039,"CodeTON Round 9 (Div. 1 + Div. 2, Rated, Prizes!)",OMARB,3734,1732383300,1936,1806
2039,"CodeTON Round 9 (Div. 1 + Div. 2, Rated, Prizes!)",dangheo,3734,1732383300,1139,1209
2039,"CodeTON Round 9 (Div. 1 + Div. 2, Rated, Prizes!)",PixelHermit,3734,1732383300,1197,1249
2039,"CodeTON Round 9 (Div. 1 + Div. 2, Rated, Prizes!)",_istina_,3734,1732383300,1458,1441
2039,"CodeTON Round 9 (Div. 1 + Div. 2, Rated, Prizes!)",Level10Gyatt,3740,1732383300,1254,1290
2039,"CodeTON Round 9 (Div. 1 + Div. 2, Rated, Prizes!)",icednobrain,3741,1732383300,1218,1300
2039,"CodeTON Round 9 (Div. 1 + Div. 2, Rated, Prizes!)",Elsa3dy74__,3741,1732383300,0,506
2039,"CodeTON Round 9 (Div. 1 + Div. 2, Rated, Prizes!)",asom22,3741,1732383300,1752,1664
2039,"CodeTON Round 9 (Div. 1 + Div. 2, Rated, Prizes!)",Error_404--_--,3741,1732383300,1223,1267
2039,"CodeTON Round 9 (Div. 1 + Div. 2, Rated, Prizes!)",GStnt,3741,1732383300,1975,1837
2039,"CodeTON Round 9 (Div. 1 + Div. 2, Rated, Prizes!)",sjoonmin07,3741,1732383300,1655,1591
2039,"CodeTON Round 9 (Div. 1 + Div. 2, Rated, Prizes!)",pyorz,3747,1732383300,1261,1295
2039,"CodeTON Round 9 (Div. 1 + Div. 2, Rated, Prizes!)",LogicArchange__1,3747,1732383300,1377,1380
2039,"CodeTON Round 9 (Div. 1 + Div. 2, Rated, Prizes!)",Hustler_210,3749,1732383300,1135,1205
2039,"CodeTON Round 9 (Div. 1 + Div. 2, Rated, Prizes!)",Greedster,3749,1732383300,1182,1238
2039,"CodeTON Round 9 (Div. 1 + Div. 2, Rated, Prizes!)",17vineet,3751,1732383300,1323,1340
2039,"CodeTON Round 9 (Div. 1 + Div. 2, Rated, Prizes!)",Smokius,3751,1732383300,0,505
2039,"CodeTON Round 9 (Div. 1 + Div. 2, Rated, Prizes!)",programmerMerit,3753,1732383300,1474,1453
2039,"CodeTON Round 9 (Div. 1 + Div. 2, Rated, Prizes!)",satwik12345,3753,1732383300,1460,1442
2039,"CodeTON Round 9 (Div. 1 + Div. 2, Rated, Prizes!)",Sine_function,3753,1732383300,1155,1219
2039,"CodeTON Round 9 (Div. 1 + Div. 2, Rated, Prizes!)",ItsAntar,3753,1732383300,1261,1294
2039,"CodeTON Round 9 (Div. 1 + Div. 2, Rated, Prizes!)",Mrinal_Kanti,3753,1732383300,1707,1630
2039,"CodeTON Round 9 (Div. 1 + Div. 2, Rated, Prizes!)",GULIMUZUN,3753,1732383300,1221,1266
2039,"CodeTON Round 9 (Div. 1 + Div. 2, Rated, Prizes!)",_firstexception,3759,1732383300,1284,1311
2039,"CodeTON Round 9 (Div. 1 + Div. 2, Rated, Prizes!)",Cevat123,3759,1732383300,1233,1274
2039,"CodeTON Round 9 (Div. 1 + Div. 2, Rated, Prizes!)",cosmosking,3759,1732383300,1446,1431
2039,"CodeTON Round 9 (Div. 1 + Div. 2, Rated, Prizes!)",Abdelkarim_,3759,1732383300,1289,1315
2039,"CodeTON Round 9 (Div. 1 + Div. 2, Rated, Prizes!)",Touken,3759,1732383300,1370,1374
2039,"CodeTON Round 9 (Div. 1 + Div. 2, Rated, Prizes!)",rumike,3764,1732383300,1565,1521
2039,"CodeTON Round 9 (Div. 1 + Div. 2, Rated, Prizes!)",xiao_zong85,3764,1732383300,1354,1362
2039,"CodeTON Round 9 (Div. 1 + Div. 2, Rated, Prizes!)",pheonix_2002,3764,1732383300,1450,1434
2039,"CodeTON Round 9 (Div. 1 + Div. 2, Rated, Prizes!)",asadreamer,3764,1732383300,1368,1373
2039,"CodeTON Round 9 (Div. 1 + Div. 2, Rated, Prizes!)",SAEED.,3768,1732383300,1397,1394
2039,"CodeTON Round 9 (Div. 1 + Div. 2, Rated, Prizes!)",Utkarsh_raj_ymca,3768,1732383300,1559,1516
2039,"CodeTON Round 9 (Div. 1 + Div. 2, Rated, Prizes!)",Rajiun_nabi,3768,1732383300,1436,1424
2039,"CodeTON Round 9 (Div. 1 + Div. 2, Rated, Prizes!)",LiFar,3768,1732383300,1632,1572
2039,"CodeTON Round 9 (Div. 1 + Div. 2, Rated, Prizes!)",xxx_pussyslayer69_xxx,3772,1732383300,1813,1710
2039,"CodeTON Round 9 (Div. 1 + Div. 2, Rated, Prizes!)",vn.ldchuyentoanptnk,3772,1732383300,734,985
2039,"CodeTON Round 9 (Div. 1 + Div. 2, Rated, Prizes!)",1011zero,3772,1732383300,1567,1522
2039,"CodeTON Round 9 (Div. 1 + Div. 2, Rated, Prizes!)",laodaaikoubi666,3772,1732383300,1337,1349
2039,"CodeTON Round 9 (Div. 1 + Div. 2, Rated, Prizes!)",Hayatsu,3772,1732383300,937,1162
2039,"CodeTON Round 9 (Div. 1 + Div. 2, Rated, Prizes!)",Sayaad_Muzahid_Masfi,3772,1732383300,1372,1375
2039,"CodeTON Round 9 (Div. 1 + Div. 2, Rated, Prizes!)",Shaydiesin,3778,1732383300,1575,1528
2039,"CodeTON Round 9 (Div. 1 + Div. 2, Rated, Prizes!)",Pi19,3778,1732383300,884,1038
2039,"CodeTON Round 9 (Div. 1 + Div. 2, Rated, Prizes!)",gmllsswzw,3778,1732383300,484,834
2039,"CodeTON Round 9 (Div. 1 + Div. 2, Rated, Prizes!)",GeorgeAK,3778,1732383300,399,772
2039,"CodeTON Round 9 (Div. 1 + Div. 2, Rated, Prizes!)",defnotmee,3782,1732383300,2457,2228
2039,"CodeTON Round 9 (Div. 1 + Div. 2, Rated, Prizes!)",acacaccccc,3782,1732383300,1130,1200
2039,"CodeTON Round 9 (Div. 1 + Div. 2, Rated, Prizes!)",Rimuru001,3782,1732383300,437,799
2039,"CodeTON Round 9 (Div. 1 + Div. 2, Rated, Prizes!)",Farhan-Ishtiyak,3782,1732383300,1270,1300
2039,"CodeTON Round 9 (Div. 1 + Div. 2, Rated, Prizes!)",vivekraj67,3782,1732383300,931,1067
2039,"CodeTON Round 9 (Div. 1 + Div. 2, Rated, Prizes!)",TryingButNewbie,3787,1732383300,1050,1145
2039,"CodeTON Round 9 (Div. 1 + Div. 2, Rated, Prizes!)",ek_gupta,3787,1732383300,1122,1194
2039,"CodeTON Round 9 (Div. 1 + Div. 2, Rated, Prizes!)",asdfghqwert,3787,1732383300,1313,1331
2039,"CodeTON Round 9 (Div. 1 + Div. 2, Rated, Prizes!)",HariHar_1.3,3787,1732383300,1190,1242
2039,"CodeTON Round 9 (Div. 1 + Div. 2, Rated, Prizes!)",you_mo,3791,1732383300,1031,1132
2039,"CodeTON Round 9 (Div. 1 + Div. 2, Rated, Prizes!)",QianK,3791,1732383300,1229,1270
2039,"CodeTON Round 9 (Div. 1 + Div. 2, Rated, Prizes!)",Sha_mim,3793,1732383300,1342,1353
2039,"CodeTON Round 9 (Div. 1 + Div. 2, Rated, Prizes!)",12345aaa,3793,1732383300,1059,1151
2039,"CodeTON Round 9 (Div. 1 + Div. 2, Rated, Prizes!)",NoPressureAgain,3793,1732383300,1215,1260
2039,"CodeTON Round 9 (Div. 1 + Div. 2, Rated, Prizes!)",vkinzin,3793,1732383300,963,1138
2039,"CodeTON Round 9 (Div. 1 + Div. 2, Rated, Prizes!)",Yasho_ham,3797,1732383300,1486,1460
2039,"CodeTON Round 9 (Div. 1 + Div. 2, Rated, Prizes!)",Abush09,3798,1732383300,1299,1321
2039,"CodeTON Round 9 (Div. 1 + Div. 2, Rated, Prizes!)",Pathak.S,3798,1732383300,1398,1393
2039,"CodeTON Round 9 (Div. 1 + Div. 2, Rated, Prizes!)",N_gel,3800,1732383300,1176,1232
2039,"CodeTON Round 9 (Div. 1 + Div. 2, Rated, Prizes!)",smf,3800,1732383300,1496,1468
2039,"CodeTON Round 9 (Div. 1 + Div. 2, Rated, Prizes!)",Ys_sy_108,3800,1732383300,1543,1503
2039,"CodeTON Round 9 (Div. 1 + Div. 2, Rated, Prizes!)",bananik338,3800,1732383300,1275,1303
2039,"CodeTON Round 9 (Div. 1 + Div. 2, Rated, Prizes!)",Jus_here_to_learn_dude,3804,1732383300,1152,1214
2039,"CodeTON Round 9 (Div. 1 + Div. 2, Rated, Prizes!)",Wsfj_PMP,3804,1732383300,1434,1420
2039,"CodeTON Round 9 (Div. 1 + Div. 2, Rated, Prizes!)",raghav_gupta_06,3804,1732383300,1125,1196
2039,"CodeTON Round 9 (Div. 1 + Div. 2, Rated, Prizes!)",mer_on,3804,1732383300,1443,1428
2039,"CodeTON Round 9 (Div. 1 + Div. 2, Rated, Prizes!)",Forty0909,3804,1732383300,1155,1252
2039,"CodeTON Round 9 (Div. 1 + Div. 2, Rated, Prizes!)",ig16,3809,1732383300,1152,1215
2039,"CodeTON Round 9 (Div. 1 + Div. 2, Rated, Prizes!)",gaidash,3809,1732383300,1242,1278
2039,"CodeTON Round 9 (Div. 1 + Div. 2, Rated, Prizes!)",Nayeem22,3809,1732383300,1329,1342
2039,"CodeTON Round 9 (Div. 1 + Div. 2, Rated, Prizes!)",Mariuse_lul,3809,1732383300,1338,1349
2039,"CodeTON Round 9 (Div. 1 + Div. 2, Rated, Prizes!)",1235qqtt,3809,1732383300,1203,1250
2039,"CodeTON Round 9 (Div. 1 + Div. 2, Rated, Prizes!)",yjs,3814,1732383300,1466,1445
2039,"CodeTON Round 9 (Div. 1 + Div. 2, Rated, Prizes!)",DvD_Eng,3814,1732383300,1495,1466
2039,"CodeTON Round 9 (Div. 1 + Div. 2, Rated, Prizes!)",abhidoescoding,3814,1732383300,1378,1378
2039,"CodeTON Round 9 (Div. 1 + Div. 2, Rated, Prizes!)",Kristiana,3814,1732383300,1233,1272
2039,"CodeTON Round 9 (Div. 1 + Div. 2, Rated, Prizes!)",PrantoBala,3818,1732383300,1109,1184
2039,"CodeTON Round 9 (Div. 1 + Div. 2, Rated, Prizes!)",invincible_,3818,1732383300,1012,1118
2039,"CodeTON Round 9 (Div. 1 + Div. 2, Rated, Prizes!)",Abdo_Hussain,3820,1732383300,1326,1340
2039,"CodeTON Round 9 (Div. 1 + Div. 2, Rated, Prizes!)",Gondal_Shameer,3820,1732383300,1137,1203
2039,"CodeTON Round 9 (Div. 1 + Div. 2, Rated, Prizes!)",Than0s_op,3820,1732383300,1180,1234
2039,"CodeTON Round 9 (Div. 1 + Div. 2, Rated, Prizes!)",Anuj123321,3820,1732383300,1322,1336
2039,"CodeTON Round 9 (Div. 1 + Div. 2, Rated, Prizes!)",nthatall,3820,1732383300,1318,1333
2039,"CodeTON Round 9 (Div. 1 + Div. 2, Rated, Prizes!)",hhhwwwhhh,3820,1732383300,653,950
2039,"CodeTON Round 9 (Div. 1 + Div. 2, Rated, Prizes!)",kryptx,3820,1732383300,1196,1245
2039,"CodeTON Round 9 (Div. 1 + Div. 2, Rated, Prizes!)",MEDAA,3827,1732383300,1686,1611
2039,"CodeTON Round 9 (Div. 1 + Div. 2, Rated, Prizes!)",utenret,3827,1732383300,995,1107
2039,"CodeTON Round 9 (Div. 1 + Div. 2, Rated, Prizes!)",pagol,3827,1732383300,1277,1303
2039,"CodeTON Round 9 (Div. 1 + Div. 2, Rated, Prizes!)",pametni,3827,1732383300,495,841
2039,"CodeTON Round 9 (Div. 1 + Div. 2, Rated, Prizes!)",sultan_salah11,3827,1732383300,1182,1234
2039,"CodeTON Round 9 (Div. 1 + Div. 2, Rated, Prizes!)",neitydv,3832,1732383300,1326,1339
2039,"CodeTON Round 9 (Div. 1 + Div. 2, Rated, Prizes!)",trinhduyhung,3832,1732383300,986,1152
2039,"CodeTON Round 9 (Div. 1 + Div. 2, Rated, Prizes!)",mnnit.prakharg,3832,1732383300,1178,1232
2039,"CodeTON Round 9 (Div. 1 + Div. 2, Rated, Prizes!)",Tapos-Minmoy,3832,1732383300,1353,1358
2039,"CodeTON Round 9 (Div. 1 + Div. 2, Rated, Prizes!)",vansh_oberoi07,3832,1732383300,1121,1192
2039,"CodeTON Round 9 (Div. 1 + Div. 2, Rated, Prizes!)",FahadxSurma,3832,1732383300,1347,1355
2039,"CodeTON Round 9 (Div. 1 + Div. 2, Rated, Prizes!)",rishav-goyal,3832,1732383300,1252,1321
2039,"CodeTON Round 9 (Div. 1 + Div. 2, Rated, Prizes!)",JesterKing,3832,1732383300,1274,1301
2039,"CodeTON Round 9 (Div. 1 + Div. 2, Rated, Prizes!)",sfiisf,3840,1732383300,1543,1502
2039,"CodeTON Round 9 (Div. 1 + Div. 2, Rated, Prizes!)",_1234567_,3841,1732383300,1326,1338
2039,"CodeTON Round 9 (Div. 1 + Div. 2, Rated, Prizes!)",yasinbakhtiar,3841,1732383300,1315,1330
2039,"CodeTON Round 9 (Div. 1 + Div. 2, Rated, Prizes!)",RFDd,3841,1732383300,1231,1269
2039,"CodeTON Round 9 (Div. 1 + Div. 2, Rated, Prizes!)",Sharique1,3841,1732383300,1429,1415
2039,"CodeTON Round 9 (Div. 1 + Div. 2, Rated, Prizes!)",ArafRaihan,3841,1732383300,1567,1519
2039,"CodeTON Round 9 (Div. 1 + Div. 2, Rated, Prizes!)",sai_cf,3841,1732383300,1747,1657
2039,"CodeTON Round 9 (Div. 1 + Div. 2, Rated, Prizes!)",altgifted,3847,1732383300,1943,1808
2039,"CodeTON Round 9 (Div. 1 + Div. 2, Rated, Prizes!)",Chugunov_Alexander,3847,1732383300,1729,1643
2039,"CodeTON Round 9 (Div. 1 + Div. 2, Rated, Prizes!)",asadullo_1111,3847,1732383300,1187,1237
2039,"CodeTON Round 9 (Div. 1 + Div. 2, Rated, Prizes!)",kilimav,3847,1732383300,1395,1390
2039,"CodeTON Round 9 (Div. 1 + Div. 2, Rated, Prizes!)",ramazan777,3847,1732383300,1469,1446
2039,"CodeTON Round 9 (Div. 1 + Div. 2, Rated, Prizes!)",outlast_NATE,3852,1732383300,1261,1290
2039,"CodeTON Round 9 (Div. 1 + Div. 2, Rated, Prizes!)",vidux,3852,1732383300,1539,1498
2039,"CodeTON Round 9 (Div. 1 + Div. 2, Rated, Prizes!)",l_FoRbIdDeN_l,3852,1732383300,1271,1298
2039,"CodeTON Round 9 (Div. 1 + Div. 2, Rated, Prizes!)",sidmt,3852,1732383300,1321,1397
2039,"CodeTON Round 9 (Div. 1 + Div. 2, Rated, Prizes!)",ne750,3856,1732383300,1380,1378
2039,"CodeTON Round 9 (Div. 1 + Div. 2, Rated, Prizes!)",tomytp,3856,1732383300,1226,1265
2039,"CodeTON Round 9 (Div. 1 + Div. 2, Rated, Prizes!)",Safwan_brahim,3856,1732383300,1267,1295
2039,"CodeTON Round 9 (Div. 1 + Div. 2, Rated, Prizes!)",SamiaShareen,3856,1732383300,1035,1132
2039,"CodeTON Round 9 (Div. 1 + Div. 2, Rated, Prizes!)",rajharsh0212,3856,1732383300,1221,1261
2039,"CodeTON Round 9 (Div. 1 + Div. 2, Rated, Prizes!)",huyleisme,3856,1732383300,1289,1311
2039,"CodeTON Round 9 (Div. 1 + Div. 2, Rated, Prizes!)",Aviansh,3856,1732383300,1852,1737
2039,"CodeTON Round 9 (Div. 1 + Div. 2, Rated, Prizes!)",sousou_no_frieren,3863,1732383300,1223,1263
2039,"CodeTON Round 9 (Div. 1 + Div. 2, Rated, Prizes!)",Gandji,3863,1732383300,1411,1401
2039,"CodeTON Round 9 (Div. 1 + Div. 2, Rated, Prizes!)",maxonic,3863,1732383300,1347,1354
2039,"CodeTON Round 9 (Div. 1 + Div. 2, Rated, Prizes!)",xy122004921,3866,1732383300,935,1121
2039,"CodeTON Round 9 (Div. 1 + Div. 2, Rated, Prizes!)",mwisniewski,3866,1732383300,2130,1957
2039,"CodeTON Round 9 (Div. 1 + Div. 2, Rated, Prizes!)",shin3CP,3866,1732383300,1160,1276
2039,"CodeTON Round 9 (Div. 1 + Div. 2, Rated, Prizes!)",nibirjoydhar,3866,1732383300,1509,1475
2039,"CodeTON Round 9 (Div. 1 + Div. 2, Rated, Prizes!)",Xh_QwQ,3870,1732383300,1663,1592
2039,"CodeTON Round 9 (Div. 1 + Div. 2, Rated, Prizes!)",Meraj-Bokharaei,3870,1732383300,1501,1469
2039,"CodeTON Round 9 (Div. 1 + Div. 2, Rated, Prizes!)",yravidheeraj12,3872,1732383300,1357,1360
2039,"CodeTON Round 9 (Div. 1 + Div. 2, Rated, Prizes!)",Astroage,3872,1732383300,980,1095
2039,"CodeTON Round 9 (Div. 1 + Div. 2, Rated, Prizes!)",Doctor_sleep,3872,1732383300,1058,1147
2039,"CodeTON Round 9 (Div. 1 + Div. 2, Rated, Prizes!)",porcif,3872,1732383300,1513,1477
2039,"CodeTON Round 9 (Div. 1 + Div. 2, Rated, Prizes!)",Nguyendinhbach,3872,1732383300,1185,1235
2039,"CodeTON Round 9 (Div. 1 + Div. 2, Rated, Prizes!)",yazan_181,3872,1732383300,1251,1282
2039,"CodeTON Round 9 (Div. 1 + Div. 2, Rated, Prizes!)",EagleEyeRaider,3878,1732383300,1241,1275
2039,"CodeTON Round 9 (Div. 1 + Div. 2, Rated, Prizes!)",Encode_Hridoy,3878,1732383300,1260,1289
2039,"CodeTON Round 9 (Div. 1 + Div. 2, Rated, Prizes!)",UXIXA,3878,1732383300,1301,1319
2039,"CodeTON Round 9 (Div. 1 + Div. 2, Rated, Prizes!)",sohom_172,3878,1732383300,575,892
2039,"CodeTON Round 9 (Div. 1 + Div. 2, Rated, Prizes!)",and_you,3878,1732383300,1163,1219
2039,"CodeTON Round 9 (Div. 1 + Div. 2, Rated, Prizes!)",PrabhuPSahoo,3878,1732383300,1418,1405
2039,"CodeTON Round 9 (Div. 1 + Div. 2, Rated, Prizes!)",cyhhh,3884,1732383300,1253,1283
2039,"CodeTON Round 9 (Div. 1 + Div. 2, Rated, Prizes!)",tapikpsp1,3884,1732383300,1215,1292
2039,"CodeTON Round 9 (Div. 1 + Div. 2, Rated, Prizes!)",Jalali,3884,1732383300,1583,1530
2039,"CodeTON Round 9 (Div. 1 + Div. 2, Rated, Prizes!)",Kalikari,3887,1732383300,1405,1395
2039,"CodeTON Round 9 (Div. 1 + Div. 2, Rated, Prizes!)",Yuanyin26,3887,1732383300,1410,1399
2039,"CodeTON Round 9 (Div. 1 + Div. 2, Rated, Prizes!)",Rashedunnabi,3887,1732383300,1321,1333
2039,"CodeTON Round 9 (Div. 1 + Div. 2, Rated, Prizes!)",ktn_ka_wa_i,3887,1732383300,1312,1326
2039,"CodeTON Round 9 (Div. 1 + Div. 2, Rated, Prizes!)",abar_submit_de,3887,1732383300,1252,1282
2039,"CodeTON Round 9 (Div. 1 + Div. 2, Rated, Prizes!)",JoelCH04,3887,1732383300,1688,1610
2039,"CodeTON Round 9 (Div. 1 + Div. 2, Rated, Prizes!)",zlen07,3893,1732383300,1278,1301
2039,"CodeTON Round 9 (Div. 1 + Div. 2, Rated, Prizes!)",Sensi,3893,1732383300,1514,1478
2039,"CodeTON Round 9 (Div. 1 + Div. 2, Rated, Prizes!)",hethtina,3893,1732383300,1273,1298
2039,"CodeTON Round 9 (Div. 1 + Div. 2, Rated, Prizes!)",mr_warlock,3896,1732383300,1439,1421
2039,"CodeTON Round 9 (Div. 1 + Div. 2, Rated, Prizes!)",Akshay2025,3896,1732383300,1356,1359
2039,"CodeTON Round 9 (Div. 1 + Div. 2, Rated, Prizes!)",ivan.812,3896,1732383300,1365,1365
2039,"CodeTON Round 9 (Div. 1 + Div. 2, Rated, Prizes!)",nasa07,3899,1732383300,1197,1243
2039,"CodeTON Round 9 (Div. 1 + Div. 2, Rated, Prizes!)",LlLlCc,3899,1732383300,1690,1612
2039,"CodeTON Round 9 (Div. 1 + Div. 2, Rated, Prizes!)",go_j0,3901,1732383300,1196,1242
2039,"CodeTON Round 9 (Div. 1 + Div. 2, Rated, Prizes!)",shreyansh_Gangwar,3901,1732383300,1305,1321
2039,"CodeTON Round 9 (Div. 1 + Div. 2, Rated, Prizes!)",romegenixxx,3901,1732383300,1694,1614
2039,"CodeTON Round 9 (Div. 1 + Div. 2, Rated, Prizes!)",Azheng,3901,1732383300,1218,1257
2039,"CodeTON Round 9 (Div. 1 + Div. 2, Rated, Prizes!)",nyaaaaa,3901,1732383300,1406,1396
2039,"CodeTON Round 9 (Div. 1 + Div. 2, Rated, Prizes!)",GrayNextCentury,3906,1732383300,1309,1324
2039,"CodeTON Round 9 (Div. 1 + Div. 2, Rated, Prizes!)",Trade-off,3906,1732383300,1510,1474
2039,"CodeTON Round 9 (Div. 1 + Div. 2, Rated, Prizes!)",Labib_,3908,1732383300,1441,1422
2039,"CodeTON Round 9 (Div. 1 + Div. 2, Rated, Prizes!)",spacecowboy03,3908,1732383300,1274,1298
2039,"CodeTON Round 9 (Div. 1 + Div. 2, Rated, Prizes!)",alllexey,3908,1732383300,1490,1459
2039,"CodeTON Round 9 (Div. 1 + Div. 2, Rated, Prizes!)",registeredFaxDefender,3908,1732383300,1278,1301
2039,"CodeTON Round 9 (Div. 1 + Div. 2, Rated, Prizes!)",hardy2106,3908,1732383300,1447,1427
2039,"CodeTON Round 9 (Div. 1 + Div. 2, Rated, Prizes!)",amirhanordobaev,3908,1732383300,1024,1122
2039,"CodeTON Round 9 (Div. 1 + Div. 2, Rated, Prizes!)",deerawj,3914,1732383300,1361,1362
2039,"CodeTON Round 9 (Div. 1 + Div. 2, Rated, Prizes!)",navneet2311,3914,1732383300,1329,1338
2039,"CodeTON Round 9 (Div. 1 + Div. 2, Rated, Prizes!)",MJ5aif,3914,1732383300,1288,1370
2039,"CodeTON Round 9 (Div. 1 + Div. 2, Rated, Prizes!)",FredLin,3914,1732383300,1255,1284
2039,"CodeTON Round 9 (Div. 1 + Div. 2, Rated, Prizes!)",chipi_chipi_chapa_chapa,3914,1732383300,1146,1206
2039,"CodeTON Round 9 (Div. 1 + Div. 2, Rated, Prizes!)",guoshujin20090423,3919,1732383300,1658,1586
2039,"CodeTON Round 9 (Div. 1 + Div. 2, Rated, Prizes!)",Whitefc,3919,1732383300,1322,1333
2039,"CodeTON Round 9 (Div. 1 + Div. 2, Rated, Prizes!)",Shoeib,3919,1732383300,1486,1456
2039,"CodeTON Round 9 (Div. 1 + Div. 2, Rated, Prizes!)",momoforce,3922,1732383300,1216,1255
2039,"CodeTON Round 9 (Div. 1 + Div. 2, Rated, Prizes!)",OutOfLuck,3922,1732383300,1110,1180
2039,"CodeTON Round 9 (Div. 1 + Div. 2, Rated, Prizes!)",marufarafat73,3922,1732383300,974,1122
2039,"CodeTON Round 9 (Div. 1 + Div. 2, Rated, Prizes!)",eula_simp_lord,3922,1732383300,1212,1252
2039,"CodeTON Round 9 (Div. 1 + Div. 2, Rated, Prizes!)",powboii,3926,1732383300,1071,1188
2039,"CodeTON Round 9 (Div. 1 + Div. 2, Rated, Prizes!)",bshubham7447,3926,1732383300,1372,1369
2039,"CodeTON Round 9 (Div. 1 + Div. 2, Rated, Prizes!)",AgrimGoyal,3926,1732383300,1481,1452
2039,"CodeTON Round 9 (Div. 1 + Div. 2, Rated, Prizes!)",_Hridoy_,3926,1732383300,1412,1399
2039,"CodeTON Round 9 (Div. 1 + Div. 2, Rated, Prizes!)",hsy23333,3926,1732383300,436,793
2039,"CodeTON Round 9 (Div. 1 + Div. 2, Rated, Prizes!)",crossingchain123,3926,1732383300,1117,1253
2039,"CodeTON Round 9 (Div. 1 + Div. 2, Rated, Prizes!)",ads4k,3932,1732383300,1391,1384
2039,"CodeTON Round 9 (Div. 1 + Div. 2, Rated, Prizes!)",sunstarkkk,3932,1732383300,1090,1166
2039,"CodeTON Round 9 (Div. 1 + Div. 2, Rated, Prizes!)",shakil_21_,3932,1732383300,1104,1176
2039,"CodeTON Round 9 (Div. 1 + Div. 2, Rated, Prizes!)",Programmer_JK,3932,1732383300,1177,1227
2039,"CodeTON Round 9 (Div. 1 + Div. 2, Rated, Prizes!)",Rasel,3932,1732383300,1285,1305
2039,"CodeTON Round 9 (Div. 1 + Div. 2, Rated, Prizes!)",zsh_1,3937,1732383300,965,1082
2039,"CodeTON Round 9 (Div. 1 + Div. 2, Rated, Prizes!)",Emo_OIer,3937,1732383300,1025,1122
2039,"CodeTON Round 9 (Div. 1 + Div. 2, Rated, Prizes!)",Durga_45,3937,1732383300,1071,1153
2039,"CodeTON Round 9 (Div. 1 + Div. 2, Rated, Prizes!)",Divided_by_Zer0,3940,1732383300,1117,1185
2039,"CodeTON Round 9 (Div. 1 + Div. 2, Rated, Prizes!)",Ahmed-Sahlol,3940,1732383300,1302,1317
2039,"CodeTON Round 9 (Div. 1 + Div. 2, Rated, Prizes!)",Ahad_18,3940,1732383300,1431,1413
2039,"CodeTON Round 9 (Div. 1 + Div. 2, Rated, Prizes!)",Shahajalal_055,3940,1732383300,1303,1318
2039,"CodeTON Round 9 (Div. 1 + Div. 2, Rated, Prizes!)",YHSifat,3940,1732383300,1451,1428
2039,"CodeTON Round 9 (Div. 1 + Div. 2, Rated, Prizes!)",SidZRed_15,3945,1732383300,1446,1425
2039,"CodeTON Round 9 (Div. 1 + Div. 2, Rated, Prizes!)",Hanoon,3945,1732383300,1621,1557
2039,"CodeTON Round 9 (Div. 1 + Div. 2, Rated, Prizes!)",Nearsense,3945,1732383300,1201,1243
2039,"CodeTON Round 9 (Div. 1 + Div. 2, Rated, Prizes!)",Spudurmun,3948,1732383300,1335,1341
2039,"CodeTON Round 9 (Div. 1 + Div. 2, Rated, Prizes!)",Kishansingh47,3948,1732383300,1214,1253
2039,"CodeTON Round 9 (Div. 1 + Div. 2, Rated, Prizes!)",unknownn_04,3948,1732383300,1055,1141
2039,"CodeTON Round 9 (Div. 1 + Div. 2, Rated, Prizes!)",Amane,3948,1732383300,1410,1397
2039,"CodeTON Round 9 (Div. 1 + Div. 2, Rated, Prizes!)",sashakt1290,3948,1732383300,1143,1202
2039,"CodeTON Round 9 (Div. 1 + Div. 2, Rated, Prizes!)",chiraga196,3953,1732383300,1478,1448
2039,"CodeTON Round 9 (Div. 1 + Div. 2, Rated, Prizes!)",skled,3953,1732383300,1382,1376
2039,"CodeTON Round 9 (Div. 1 + Div. 2, Rated, Prizes!)",tanasaradu3,3953,1732383300,1190,1235
2039,"CodeTON Round 9 (Div. 1 + Div. 2, Rated, Prizes!)",Doroshi,3956,1732383300,1504,1468
2039,"CodeTON Round 9 (Div. 1 + Div. 2, Rated, Prizes!)",ImNoob69,3956,1732383300,860,1097
2039,"CodeTON Round 9 (Div. 1 + Div. 2, Rated, Prizes!)",vrajp99,3956,1732383300,710,986
2039,"CodeTON Round 9 (Div. 1 + Div. 2, Rated, Prizes!)",prerak26,3959,1732383300,1476,1446
2039,"CodeTON Round 9 (Div. 1 + Div. 2, Rated, Prizes!)",d_Dhruv_Tripathi,3960,1732383300,1405,1393
2039,"CodeTON Round 9 (Div. 1 + Div. 2, Rated, Prizes!)",Moemi_,3960,1732383300,1583,1528
2039,"CodeTON Round 9 (Div. 1 + Div. 2, Rated, Prizes!)",Sanskar_Sharma,3962,1732383300,1528,1486
2039,"CodeTON Round 9 (Div. 1 + Div. 2, Rated, Prizes!)",nkxyzxy,3963,1732383300,438,793
2039,"CodeTON Round 9 (Div. 1 + Div. 2, Rated, Prizes!)",Kranya,3964,1732383300,1907,1776
2039,"CodeTON Round 9 (Div. 1 + Div. 2, Rated, Prizes!)",123wwm,3964,1732383300,1548,1501
2039,"CodeTON Round 9 (Div. 1 + Div. 2, Rated, Prizes!)",pchelka12,3964,1732383300,831,1043
2039,"CodeTON Round 9 (Div. 1 + Div. 2, Rated, Prizes!)",Azhar11,3964,1732383300,962,1079
2039,"CodeTON Round 9 (Div. 1 + Div. 2, Rated, Prizes!)",Hikari_2223,3964,1732383300,736,1004
2039,"CodeTON Round 9 (Div. 1 + Div. 2, Rated, Prizes!)",Danubius123,3964,1732383300,1181,1228
2039,"CodeTON Round 9 (Div. 1 + Div. 2, Rated, Prizes!)",EllowoldPhuoc,3970,1732383300,1366,1363
2039,"CodeTON Round 9 (Div. 1 + Div. 2, Rated, Prizes!)",Wi1l_,3970,1732383300,1265,1350
2039,"CodeTON Round 9 (Div. 1 + Div. 2, Rated, Prizes!)",Tharoboiz06,3970,1732383300,1538,1493
2039,"CodeTON Round 9 (Div. 1 + Div. 2, Rated, Prizes!)",adel54321,3970,1732383300,1155,1210
2039,"CodeTON Round 9 (Div. 1 + Div. 2, Rated, Prizes!)",raiax07,3970,1732383300,1291,1308
2039,"CodeTON Round 9 (Div. 1 + Div. 2, Rated, Prizes!)",Noodles,3975,1732383300,1467,1440
2039,"CodeTON Round 9 (Div. 1 + Div. 2, Rated, Prizes!)",IustinFrateanu,3975,1732383300,912,1100
2039,"CodeTON Round 9 (Div. 1 + Div. 2, Rated, Prizes!)",nohope,3975,1732383300,1138,1197
2039,"CodeTON Round 9 (Div. 1 + Div. 2, Rated, Prizes!)",ramtejp1607,3975,1732383300,1042,1131
2039,"CodeTON Round 9 (Div. 1 + Div. 2, Rated, Prizes!)",BatmanWhoLaughs,3979,1732383300,1482,1450
2039,"CodeTON Round 9 (Div. 1 + Div. 2, Rated, Prizes!)",qidao,3979,1732383300,1194,1237
2039,"CodeTON Round 9 (Div. 1 + Div. 2, Rated, Prizes!)",CSFriday,3979,1732383300,1048,1135
2039,"CodeTON Round 9 (Div. 1 + Div. 2, Rated, Prizes!)",XING3523,3979,1732383300,973,1144
2039,"CodeTON Round 9 (Div. 1 + Div. 2, Rated, Prizes!)",MKasirloo,3979,1732383300,1584,1527
2039,"CodeTON Round 9 (Div. 1 + Div. 2, Rated, Prizes!)",Dylan_Chen,3984,1732383300,1560,1509
2039,"CodeTON Round 9 (Div. 1 + Div. 2, Rated, Prizes!)",MR_X07,3984,1732383300,1168,1218
2039,"CodeTON Round 9 (Div. 1 + Div. 2, Rated, Prizes!)",RTX2080,3984,1732383300,1622,1557
2039,"CodeTON Round 9 (Div. 1 + Div. 2, Rated, Prizes!)",thewoahguy24,3987,1732383300,1393,1383
2039,"CodeTON Round 9 (Div. 1 + Div. 2, Rated, Prizes!)",LazzyLeopard,3987,1732383300,1360,1358
2039,"CodeTON Round 9 (Div. 1 + Div. 2, Rated, Prizes!)",Sid.N,3987,1732383300,1179,1226
2039,"CodeTON Round 9 (Div. 1 + Div. 2, Rated, Prizes!)",Smurf02,3990,1732383300,488,829
2039,"CodeTON Round 9 (Div. 1 + Div. 2, Rated, Prizes!)",BrAin,3990,1732383300,1245,1273
2039,"CodeTON Round 9 (Div. 1 + Div. 2, Rated, Prizes!)",0mar,3992,1732383300,1654,1581
2039,"CodeTON Round 9 (Div. 1 + Div. 2, Rated, Prizes!)",AbdoMO,3992,1732383300,1063,1145
2039,"CodeTON Round 9 (Div. 1 + Div. 2, Rated, Prizes!)",Pi213,3992,1732383300,1220,1255
2039,"CodeTON Round 9 (Div. 1 + Div. 2, Rated, Prizes!)",naruto__18,3992,1732383300,1562,1511
2039,"CodeTON Round 9 (Div. 1 + Div. 2, Rated, Prizes!)",iamgaurav_,3992,1732383300,1584,1527
2039,"CodeTON Round 9 (Div. 1 + Div. 2, Rated, Prizes!)",KAINO_,3992,1732383300,1385,1376
2039,"CodeTON Round 9 (Div. 1 + Div. 2, Rated, Prizes!)",-CHUNU-,3992,1732383300,1455,1429
2039,"CodeTON Round 9 (Div. 1 + Div. 2, Rated, Prizes!)",Um_also_ded,3999,1732383300,1297,1311
2039,"CodeTON Round 9 (Div. 1 + Div. 2, Rated, Prizes!)",accgj,4000,1732383300,1816,1705
2039,"CodeTON Round 9 (Div. 1 + Div. 2, Rated, Prizes!)",Baymax.,4000,1732383300,1075,1153
2039,"CodeTON Round 9 (Div. 1 + Div. 2, Rated, Prizes!)",gungunsingh29,4000,1732383300,1441,1418
2039,"CodeTON Round 9 (Div. 1 + Div. 2, Rated, Prizes!)",TYYYD,4000,1732383300,967,1081
2039,"CodeTON Round 9 (Div. 1 + Div. 2, Rated, Prizes!)",xiaci77,4000,1732383300,1194,1236
2039,"CodeTON Round 9 (Div. 1 + Div. 2, Rated, Prizes!)",aarb_.tomatexd,4005,1732383300,1278,1297
2039,"CodeTON Round 9 (Div. 1 + Div. 2, Rated, Prizes!)",dauzee,4005,1732383300,1140,1198
2039,"CodeTON Round 9 (Div. 1 + Div. 2, Rated, Prizes!)",Sayeed_Mahdi,4005,1732383300,1261,1284
2039,"CodeTON Round 9 (Div. 1 + Div. 2, Rated, Prizes!)",Heet.Patel,4005,1732383300,1223,1257
2039,"CodeTON Round 9 (Div. 1 + Div. 2, Rated, Prizes!)",mayankag_12,4005,1732383300,1641,1570
2039,"CodeTON Round 9 (Div. 1 + Div. 2, Rated, Prizes!)",ankitVerma01,4010,1732383300,1165,1215
2039,"CodeTON Round 9 (Div. 1 + Div. 2, Rated, Prizes!)",enjoyerist,4010,1732383300,1472,1442
2039,"CodeTON Round 9 (Div. 1 + Div. 2, Rated, Prizes!)",echo-hope,4010,1732383300,899,1037
2039,"CodeTON Round 9 (Div. 1 + Div. 2, Rated, Prizes!)",Monzer_DA,4013,1732383300,1231,1263
2039,"CodeTON Round 9 (Div. 1 + Div. 2, Rated, Prizes!)",oahgnail,4013,1732383300,1427,1408
2039,"CodeTON Round 9 (Div. 1 + Div. 2, Rated, Prizes!)",AhmedOsamaEzz,4013,1732383300,1291,1306
2039,"CodeTON Round 9 (Div. 1 + Div. 2, Rated, Prizes!)",zenitsu_2010,4016,1732383300,0,496
2039,"CodeTON Round 9 (Div. 1 + Div. 2, Rated, Prizes!)",I_FloPPed21,4016,1732383300,1786,1681
2039,"CodeTON Round 9 (Div. 1 + Div. 2, Rated, Prizes!)",sbmraj03,4016,1732383300,1122,1184
2039,"CodeTON Round 9 (Div. 1 + Div. 2, Rated, Prizes!)",SmartyNotchy,4016,1732383300,1433,1412
2039,"CodeTON Round 9 (Div. 1 + Div. 2, Rated, Prizes!)",Dick007,4016,1732383300,1179,1225
2039,"CodeTON Round 9 (Div. 1 + Div. 2, Rated, Prizes!)",ELF5M,4016,1732383300,1187,1230
2039,"CodeTON Round 9 (Div. 1 + Div. 2, Rated, Prizes!)",Coolcalm,4016,1732383300,1384,1375
2039,"CodeTON Round 9 (Div. 1 + Div. 2, Rated, Prizes!)",Ahmad_OS,4016,1732383300,1427,1408
2039,"CodeTON Round 9 (Div. 1 + Div. 2, Rated, Prizes!)",srimath,4024,1732383300,1101,1170
2039,"CodeTON Round 9 (Div. 1 + Div. 2, Rated, Prizes!)",s_tapan099,4024,1732383300,1229,1260
2039,"CodeTON Round 9 (Div. 1 + Div. 2, Rated, Prizes!)",IndianCoder123,4024,1732383300,1119,1217
2039,"CodeTON Round 9 (Div. 1 + Div. 2, Rated, Prizes!)",tock,4024,1732383300,1469,1439
2039,"CodeTON Round 9 (Div. 1 + Div. 2, Rated, Prizes!)",If_Magnus_did_CF,4024,1732383300,1441,1418
2039,"CodeTON Round 9 (Div. 1 + Div. 2, Rated, Prizes!)",yumna,4029,1732383300,1458,1431
2039,"CodeTON Round 9 (Div. 1 + Div. 2, Rated, Prizes!)",MEshooter,4029,1732383300,1535,1489
2039,"CodeTON Round 9 (Div. 1 + Div. 2, Rated, Prizes!)",Sid__,4031,1732383300,1261,1283
2039,"CodeTON Round 9 (Div. 1 + Div. 2, Rated, Prizes!)",abdoooo20,4031,1732383300,1317,1325
2039,"CodeTON Round 9 (Div. 1 + Div. 2, Rated, Prizes!)",l0ne_walker,4031,1732383300,1252,1277
2039,"CodeTON Round 9 (Div. 1 + Div. 2, Rated, Prizes!)",PhoenixRises,4031,1732383300,1264,1286
2039,"CodeTON Round 9 (Div. 1 + Div. 2, Rated, Prizes!)",lucky_bansal,4031,1732383300,1280,1298
2039,"CodeTON Round 9 (Div. 1 + Div. 2, Rated, Prizes!)",Venugopal_Reddy20,4036,1732383300,1327,1332
2039,"CodeTON Round 9 (Div. 1 + Div. 2, Rated, Prizes!)",lalitgupta0803,4036,1732383300,1396,1383
2039,"CodeTON Round 9 (Div. 1 + Div. 2, Rated, Prizes!)",Ahmed05,4036,1732383300,1527,1482
2039,"CodeTON Round 9 (Div. 1 + Div. 2, Rated, Prizes!)",Cuber-26,4036,1732383300,1345,1345
2039,"CodeTON Round 9 (Div. 1 + Div. 2, Rated, Prizes!)",wulukana,4036,1732383300,1248,1274
2039,"CodeTON Round 9 (Div. 1 + Div. 2, Rated, Prizes!)",chinmay_02,4041,1732383300,1442,1418
2039,"CodeTON Round 9 (Div. 1 + Div. 2, Rated, Prizes!)",Jahid__Noob,4041,1732383300,1387,1376
2039,"CodeTON Round 9 (Div. 1 + Div. 2, Rated, Prizes!)",brainsoft,4041,1732383300,1214,1249
2039,"CodeTON Round 9 (Div. 1 + Div. 2, Rated, Prizes!)",Orangeflavoredneck,4041,1732383300,1279,1296
2039,"CodeTON Round 9 (Div. 1 + Div. 2, Rated, Prizes!)",Average2k7,4041,1732383300,1328,1332
2039,"CodeTON Round 9 (Div. 1 + Div. 2, Rated, Prizes!)",Believe_In_God,4046,1732383300,1232,1262
2039,"CodeTON Round 9 (Div. 1 + Div. 2, Rated, Prizes!)",SisypSycho,4046,1732383300,1048,1133
2039,"CodeTON Round 9 (Div. 1 + Div. 2, Rated, Prizes!)",Swan416,4048,1732383300,1664,1586
2039,"CodeTON Round 9 (Div. 1 + Div. 2, Rated, Prizes!)",_ryomen_sukuna_,4048,1732383300,1259,1281
2039,"CodeTON Round 9 (Div. 1 + Div. 2, Rated, Prizes!)",rodrigofft,4048,1732383300,1366,1360
2039,"CodeTON Round 9 (Div. 1 + Div. 2, Rated, Prizes!)",Kenpachi,4048,1732383300,1147,1201
2039,"CodeTON Round 9 (Div. 1 + Div. 2, Rated, Prizes!)",abbas123,4048,1732383300,1227,1258
2039,"CodeTON Round 9 (Div. 1 + Div. 2, Rated, Prizes!)",_dhruveel_gajipara_,4048,1732383300,1540,1492
2039,"CodeTON Round 9 (Div. 1 + Div. 2, Rated, Prizes!)",ngoclan2008,4054,1732383300,1670,1590
2039,"CodeTON Round 9 (Div. 1 + Div. 2, Rated, Prizes!)",150400,4054,1732383300,887,1027
2039,"CodeTON Round 9 (Div. 1 + Div. 2, Rated, Prizes!)",Ali_Alp_Yazici,4054,1732383300,1450,1423
2039,"CodeTON Round 9 (Div. 1 + Div. 2, Rated, Prizes!)",FLAGGED1894,4054,1732383300,1443,1418
2039,"CodeTON Round 9 (Div. 1 + Div. 2, Rated, Prizes!)",OMI_14,4054,1732383300,1234,1263
2039,"CodeTON Round 9 (Div. 1 + Div. 2, Rated, Prizes!)",chiragoncf,4054,1732383300,1237,1265
2039,"CodeTON Round 9 (Div. 1 + Div. 2, Rated, Prizes!)",newaz234,4054,1732383300,1095,1164
2039,"CodeTON Round 9 (Div. 1 + Div. 2, Rated, Prizes!)",phancddev,4054,1732383300,1451,1424
2039,"CodeTON Round 9 (Div. 1 + Div. 2, Rated, Prizes!)",VeljkoGalovic,4054,1732383300,1023,1169
2039,"CodeTON Round 9 (Div. 1 + Div. 2, Rated, Prizes!)",goodnightm,4063,1732383300,1321,1326
2039,"CodeTON Round 9 (Div. 1 + Div. 2, Rated, Prizes!)",RickyQaQ,4063,1732383300,1272,1290
2039,"CodeTON Round 9 (Div. 1 + Div. 2, Rated, Prizes!)",SquareCylinder,4063,1732383300,1531,1485
2039,"CodeTON Round 9 (Div. 1 + Div. 2, Rated, Prizes!)",negi_abhi_1809,4066,1732383300,1196,1235
2039,"CodeTON Round 9 (Div. 1 + Div. 2, Rated, Prizes!)",MasteR_BaiteR,4066,1732383300,781,962
2039,"CodeTON Round 9 (Div. 1 + Div. 2, Rated, Prizes!)",Anmol1301,4066,1732383300,1212,1246
2039,"CodeTON Round 9 (Div. 1 + Div. 2, Rated, Prizes!)",Drakiana,4066,1732383300,933,1112
2039,"CodeTON Round 9 (Div. 1 + Div. 2, Rated, Prizes!)",PixelsInParadox555,4066,1732383300,1123,1183
2039,"CodeTON Round 9 (Div. 1 + Div. 2, Rated, Prizes!)",hahahaaa,4071,1732383300,1288,1302
2039,"CodeTON Round 9 (Div. 1 + Div. 2, Rated, Prizes!)",_wwyyyy,4071,1732383300,1139,1230
2039,"CodeTON Round 9 (Div. 1 + Div. 2, Rated, Prizes!)",ajaykrmnc,4071,1732383300,1599,1536
2039,"CodeTON Round 9 (Div. 1 + Div. 2, Rated, Prizes!)",BlackCatMagic,4071,1732383300,1222,1253
2039,"CodeTON Round 9 (Div. 1 + Div. 2, Rated, Prizes!)",ammelid,4071,1732383300,1815,1701
2039,"CodeTON Round 9 (Div. 1 + Div. 2, Rated, Prizes!)",Rustyfy,4076,1732383300,1155,1206
2039,"CodeTON Round 9 (Div. 1 + Div. 2, Rated, Prizes!)",Roka42,4076,1732383300,847,1050
2039,"CodeTON Round 9 (Div. 1 + Div. 2, Rated, Prizes!)",manueljfc,4076,1732383300,1360,1355
2039,"CodeTON Round 9 (Div. 1 + Div. 2, Rated, Prizes!)",MohamedSaeed,4076,1732383300,1392,1379
2039,"CodeTON Round 9 (Div. 1 + Div. 2, Rated, Prizes!)",edean,4076,1732383300,1173,1218
2039,"CodeTON Round 9 (Div. 1 + Div. 2, Rated, Prizes!)",Petertromso,4081,1732383300,1287,1300
2039,"CodeTON Round 9 (Div. 1 + Div. 2, Rated, Prizes!)",sssatty,4081,1732383300,1351,1348
2039,"CodeTON Round 9 (Div. 1 + Div. 2, Rated, Prizes!)",Enrong,4081,1732383300,1251,1274
2039,"CodeTON Round 9 (Div. 1 + Div. 2, Rated, Prizes!)",harshptank2212,4081,1732383300,1459,1429
2039,"CodeTON Round 9 (Div. 1 + Div. 2, Rated, Prizes!)",Berton2L,4081,1732383300,1341,1340
2039,"CodeTON Round 9 (Div. 1 + Div. 2, Rated, Prizes!)",AngelOlan,4081,1732383300,1781,1675
2039,"CodeTON Round 9 (Div. 1 + Div. 2, Rated, Prizes!)",Burhan_Akkus,4087,1732383300,1370,1362
2039,"CodeTON Round 9 (Div. 1 + Div. 2, Rated, Prizes!)",CN_DreamerP,4088,1732383300,1468,1436
2039,"CodeTON Round 9 (Div. 1 + Div. 2, Rated, Prizes!)",HetmesAskalana,4088,1732383300,1004,1101
2039,"CodeTON Round 9 (Div. 1 + Div. 2, Rated, Prizes!)",al95ireyiz,4088,1732383300,1193,1232
2039,"CodeTON Round 9 (Div. 1 + Div. 2, Rated, Prizes!)",maniac01,4088,1732383300,1301,1311
2039,"CodeTON Round 9 (Div. 1 + Div. 2, Rated, Prizes!)",IgorStrogonov,4088,1732383300,0,494
2039,"CodeTON Round 9 (Div. 1 + Div. 2, Rated, Prizes!)",smitp_04,4093,1732383300,1239,1265
2039,"CodeTON Round 9 (Div. 1 + Div. 2, Rated, Prizes!)",Lovre,4093,1732383300,1141,1195
2039,"CodeTON Round 9 (Div. 1 + Div. 2, Rated, Prizes!)",Emadow,4093,1732383300,1148,1200
2039,"CodeTON Round 9 (Div. 1 + Div. 2, Rated, Prizes!)",bubniak,4093,1732383300,1143,1196
2039,"CodeTON Round 9 (Div. 1 + Div. 2, Rated, Prizes!)",EndMyMisery,4093,1732383300,1326,1329
2039,"CodeTON Round 9 (Div. 1 + Div. 2, Rated, Prizes!)",625005105,4093,1732383300,1397,1382
2039,"CodeTON Round 9 (Div. 1 + Div. 2, Rated, Prizes!)",dorababu,4093,1732383300,1199,1236
2039,"CodeTON Round 9 (Div. 1 + Div. 2, Rated, Prizes!)",RufoALTAC,4093,1732383300,1007,1156
2039,"CodeTON Round 9 (Div. 1 + Div. 2, Rated, Prizes!)",Orn0,4101,1732383300,1359,1353
2039,"CodeTON Round 9 (Div. 1 + Div. 2, Rated, Prizes!)",Prohor106,4101,1732383300,1183,1224
2039,"CodeTON Round 9 (Div. 1 + Div. 2, Rated, Prizes!)",Bit_Bit,4101,1732383300,1133,1189
2039,"CodeTON Round 9 (Div. 1 + Div. 2, Rated, Prizes!)",Loganwick,4101,1732383300,1279,1294
2039,"CodeTON Round 9 (Div. 1 + Div. 2, Rated, Prizes!)",void_Farid,4101,1732383300,1220,1251
2039,"CodeTON Round 9 (Div. 1 + Div. 2, Rated, Prizes!)",mono_4,4106,1732383300,1236,1263
2039,"CodeTON Round 9 (Div. 1 + Div. 2, Rated, Prizes!)",Nahid12345,4106,1732383300,1425,1403
2039,"CodeTON Round 9 (Div. 1 + Div. 2, Rated, Prizes!)",DinarPerseus,4106,1732383300,1429,1406
2039,"CodeTON Round 9 (Div. 1 + Div. 2, Rated, Prizes!)",TLEGrandMaster,4106,1732383300,1109,1172
2039,"CodeTON Round 9 (Div. 1 + Div. 2, Rated, Prizes!)",nonanalyzer,4110,1732383300,1459,1492
2039,"CodeTON Round 9 (Div. 1 + Div. 2, Rated, Prizes!)",ramiskhan1708,4110,1732383300,1136,1191
2039,"CodeTON Round 9 (Div. 1 + Div. 2, Rated, Prizes!)",shikongy,4110,1732383300,0,493
2039,"CodeTON Round 9 (Div. 1 + Div. 2, Rated, Prizes!)",BijoySingh7,4113,1732383300,1236,1262
2039,"CodeTON Round 9 (Div. 1 + Div. 2, Rated, Prizes!)",Ak_16,4113,1732383300,1681,1597
2039,"CodeTON Round 9 (Div. 1 + Div. 2, Rated, Prizes!)",KELEI,4115,1732383300,990,1091
2039,"CodeTON Round 9 (Div. 1 + Div. 2, Rated, Prizes!)",deepak.kalra2003,4115,1732383300,1111,1230
2039,"CodeTON Round 9 (Div. 1 + Div. 2, Rated, Prizes!)",avengers2405,4115,1732383300,1564,1508
2039,"CodeTON Round 9 (Div. 1 + Div. 2, Rated, Prizes!)",null0124,4115,1732383300,1638,1564
2039,"CodeTON Round 9 (Div. 1 + Div. 2, Rated, Prizes!)",loser_seele,4115,1732383300,1252,1273
2039,"CodeTON Round 9 (Div. 1 + Div. 2, Rated, Prizes!)",Izaz,4115,1732383300,1583,1522
2039,"CodeTON Round 9 (Div. 1 + Div. 2, Rated, Prizes!)",mhjmbs,4115,1732383300,1498,1458
2039,"CodeTON Round 9 (Div. 1 + Div. 2, Rated, Prizes!)",CodeMaster22,4115,1732383300,1433,1409
2039,"CodeTON Round 9 (Div. 1 + Div. 2, Rated, Prizes!)",bawanglong,4115,1732383300,1328,1329
2039,"CodeTON Round 9 (Div. 1 + Div. 2, Rated, Prizes!)",heterodynosaur,4124,1732383300,463,805
2039,"CodeTON Round 9 (Div. 1 + Div. 2, Rated, Prizes!)",M.Nauman,4124,1732383300,1142,1194
2039,"CodeTON Round 9 (Div. 1 + Div. 2, Rated, Prizes!)",limif,4124,1732383300,1461,1430
2039,"CodeTON Round 9 (Div. 1 + Div. 2, Rated, Prizes!)",eepy,4127,1732383300,1165,1210
2039,"CodeTON Round 9 (Div. 1 + Div. 2, Rated, Prizes!)",jileshsoni15,4127,1732383300,1212,1244
2039,"CodeTON Round 9 (Div. 1 + Div. 2, Rated, Prizes!)",Karabey17,4127,1732383300,1149,1199
2039,"CodeTON Round 9 (Div. 1 + Div. 2, Rated, Prizes!)",2077devwave,4127,1732383300,1146,1233
2039,"CodeTON Round 9 (Div. 1 + Div. 2, Rated, Prizes!)",sl2000,4127,1732383300,0,492
2039,"CodeTON Round 9 (Div. 1 + Div. 2, Rated, Prizes!)",tnwrshubham52,4127,1732383300,1218,1248
2039,"CodeTON Round 9 (Div. 1 + Div. 2, Rated, Prizes!)",cybrex998244353,4133,1732383300,1378,1366
2039,"CodeTON Round 9 (Div. 1 + Div. 2, Rated, Prizes!)",SAKUR_A,4133,1732383300,1526,1478
2039,"CodeTON Round 9 (Div. 1 + Div. 2, Rated, Prizes!)",AshokPaul2003,4133,1732383300,1118,1177
2039,"CodeTON Round 9 (Div. 1 + Div. 2, Rated, Prizes!)",YH_AM-IN,4133,1732383300,1221,1250
2039,"CodeTON Round 9 (Div. 1 + Div. 2, Rated, Prizes!)",hari300,4133,1732383300,1119,1177
2039,"CodeTON Round 9 (Div. 1 + Div. 2, Rated, Prizes!)",ydsrwex,4138,1732383300,1223,1252
2039,"CodeTON Round 9 (Div. 1 + Div. 2, Rated, Prizes!)",Micheal_13,4138,1732383300,1258,1277
2039,"CodeTON Round 9 (Div. 1 + Div. 2, Rated, Prizes!)",hammoudehib,4138,1732383300,990,1090
2039,"CodeTON Round 9 (Div. 1 + Div. 2, Rated, Prizes!)",A.Mozart,4141,1732383300,1212,1244
2039,"CodeTON Round 9 (Div. 1 + Div. 2, Rated, Prizes!)",twizz,4141,1732383300,1261,1279
2039,"CodeTON Round 9 (Div. 1 + Div. 2, Rated, Prizes!)",_-_--_-_,4143,1732383300,0,492
2039,"CodeTON Round 9 (Div. 1 + Div. 2, Rated, Prizes!)",Invin976,4143,1732383300,1100,1164
2039,"CodeTON Round 9 (Div. 1 + Div. 2, Rated, Prizes!)",Haya_ahm08,4143,1732383300,1122,1180
2039,"CodeTON Round 9 (Div. 1 + Div. 2, Rated, Prizes!)",BH_NM,4146,1732383300,1476,1440
2039,"CodeTON Round 9 (Div. 1 + Div. 2, Rated, Prizes!)",DNZLREV,4146,1732383300,1289,1300
2039,"CodeTON Round 9 (Div. 1 + Div. 2, Rated, Prizes!)",IANYEYZ,4146,1732383300,1446,1417
2039,"CodeTON Round 9 (Div. 1 + Div. 2, Rated, Prizes!)",A_d1b_A,4146,1732383300,1119,1177
2039,"CodeTON Round 9 (Div. 1 + Div. 2, Rated, Prizes!)",the_late_starter,4146,1732383300,1065,1206
2039,"CodeTON Round 9 (Div. 1 + Div. 2, Rated, Prizes!)",AliiM,4146,1732383300,1625,1553
2039,"CodeTON Round 9 (Div. 1 + Div. 2, Rated, Prizes!)",lwrnc788,4152,1732383300,1381,1368
2039,"CodeTON Round 9 (Div. 1 + Div. 2, Rated, Prizes!)",18202112,4152,1732383300,1345,1341
2039,"CodeTON Round 9 (Div. 1 + Div. 2, Rated, Prizes!)",sokolov21lev1,4152,1732383300,965,1073
2039,"CodeTON Round 9 (Div. 1 + Div. 2, Rated, Prizes!)",Abay-Moldiar-004-27,4152,1732383300,1126,1182
2039,"CodeTON Round 9 (Div. 1 + Div. 2, Rated, Prizes!)",rahman_aman,4156,1732383300,1268,1284
2039,"CodeTON Round 9 (Div. 1 + Div. 2, Rated, Prizes!)",PetrShinomontazh,4157,1732383300,1093,1159
2039,"CodeTON Round 9 (Div. 1 + Div. 2, Rated, Prizes!)",Bugger,4157,1732383300,1271,1286
2039,"CodeTON Round 9 (Div. 1 + Div. 2, Rated, Prizes!)",XAH3ORus54,4157,1732383300,1147,1196
2039,"CodeTON Round 9 (Div. 1 + Div. 2, Rated, Prizes!)",TheTakibKhan,4157,1732383300,1276,1290
2039,"CodeTON Round 9 (Div. 1 + Div. 2, Rated, Prizes!)",sparsh__24,4157,1732383300,985,1086
2039,"CodeTON Round 9 (Div. 1 + Div. 2, Rated, Prizes!)",ONLY123,4162,1732383300,1532,1482
2039,"CodeTON Round 9 (Div. 1 + Div. 2, Rated, Prizes!)",Techno_Sameer,4162,1732383300,1175,1217
2039,"CodeTON Round 9 (Div. 1 + Div. 2, Rated, Prizes!)",medmab,4162,1732383300,1259,1277
2039,"CodeTON Round 9 (Div. 1 + Div. 2, Rated, Prizes!)",The_Starry_Night,4165,1732383300,1398,1380
2039,"CodeTON Round 9 (Div. 1 + Div. 2, Rated, Prizes!)",Maksim1111Fisenko,4165,1732383300,1046,1126
2039,"CodeTON Round 9 (Div. 1 + Div. 2, Rated, Prizes!)",Alex_139,4165,1732383300,1426,1402
2039,"CodeTON Round 9 (Div. 1 + Div. 2, Rated, Prizes!)",eysikin,4165,1732383300,1313,1317
2039,"CodeTON Round 9 (Div. 1 + Div. 2, Rated, Prizes!)",THH_Konnyaku,4165,1732383300,1367,1357
2039,"CodeTON Round 9 (Div. 1 + Div. 2, Rated, Prizes!)",sl0an,4165,1732383300,0,491
2039,"CodeTON Round 9 (Div. 1 + Div. 2, Rated, Prizes!)",kapillohani023,4165,1732383300,993,1090
2039,"CodeTON Round 9 (Div. 1 + Div. 2, Rated, Prizes!)",Tide,4165,1732383300,1056,1133
2039,"CodeTON Round 9 (Div. 1 + Div. 2, Rated, Prizes!)",CodingKaro,4165,1732383300,0,491
2039,"CodeTON Round 9 (Div. 1 + Div. 2, Rated, Prizes!)",gabri_,4174,1732383300,1162,1266
2039,"CodeTON Round 9 (Div. 1 + Div. 2, Rated, Prizes!)",Valenz,4174,1732383300,1498,1456
2039,"CodeTON Round 9 (Div. 1 + Div. 2, Rated, Prizes!)",aram.hosna,4174,1732383300,1351,1345
2039,"CodeTON Round 9 (Div. 1 + Div. 2, Rated, Prizes!)",guohezu,4174,1732383300,1301,1308
2039,"CodeTON Round 9 (Div. 1 + Div. 2, Rated, Prizes!)",Faiz-ur-Rehman_,4174,1732383300,1163,1207
2039,"CodeTON Round 9 (Div. 1 + Div. 2, Rated, Prizes!)",saelcc03,4179,1732383300,1392,1376
2039,"CodeTON Round 9 (Div. 1 + Div. 2, Rated, Prizes!)",rayiseB,4179,1732383300,1314,1317
2039,"CodeTON Round 9 (Div. 1 + Div. 2, Rated, Prizes!)",Syntax2503,4179,1732383300,1474,1437
2039,"CodeTON Round 9 (Div. 1 + Div. 2, Rated, Prizes!)",Surtr_4242,4179,1732383300,1219,1284
2039,"CodeTON Round 9 (Div. 1 + Div. 2, Rated, Prizes!)",a_rythm,4179,1732383300,1635,1560
2039,"CodeTON Round 9 (Div. 1 + Div. 2, Rated, Prizes!)",Om_Bhati_Temp,4184,1732383300,1027,1167
2039,"CodeTON Round 9 (Div. 1 + Div. 2, Rated, Prizes!)",blstutu,4184,1732383300,1034,1117
2039,"CodeTON Round 9 (Div. 1 + Div. 2, Rated, Prizes!)",SmartCoder,4184,1732383300,1585,1522
2039,"CodeTON Round 9 (Div. 1 + Div. 2, Rated, Prizes!)",mdm63,4187,1732383300,1000,1094
2039,"CodeTON Round 9 (Div. 1 + Div. 2, Rated, Prizes!)",Alive-Character,4187,1732383300,1521,1473
2039,"CodeTON Round 9 (Div. 1 + Div. 2, Rated, Prizes!)",Tanzim639,4187,1732383300,1452,1421
2039,"CodeTON Round 9 (Div. 1 + Div. 2, Rated, Prizes!)",Abs_Shagor56,4187,1732383300,1182,1221
2039,"CodeTON Round 9 (Div. 1 + Div. 2, Rated, Prizes!)",KBW_Grandson,4187,1732383300,992,1089
2039,"CodeTON Round 9 (Div. 1 + Div. 2, Rated, Prizes!)",Kaitak,4192,1732383300,1406,1386
2039,"CodeTON Round 9 (Div. 1 + Div. 2, Rated, Prizes!)",San_jida,4192,1732383300,1475,1438
2039,"CodeTON Round 9 (Div. 1 + Div. 2, Rated, Prizes!)",wangyongkai,4192,1732383300,424,774
2039,"CodeTON Round 9 (Div. 1 + Div. 2, Rated, Prizes!)",Chxxxx,4195,1732383300,655,937
2039,"CodeTON Round 9 (Div. 1 + Div. 2, Rated, Prizes!)",prikshit_sharma,4195,1732383300,1629,1555
2039,"CodeTON Round 9 (Div. 1 + Div. 2, Rated, Prizes!)",zero_speed,4195,1732383300,1157,1202
2039,"CodeTON Round 9 (Div. 1 + Div. 2, Rated, Prizes!)",tonak,4198,1732383300,1379,1365
2039,"CodeTON Round 9 (Div. 1 + Div. 2, Rated, Prizes!)",Kai_benefit,4199,1732383300,1473,1436
2039,"CodeTON Round 9 (Div. 1 + Div. 2, Rated, Prizes!)",sathiya,4200,1732383300,1295,1302
2039,"CodeTON Round 9 (Div. 1 + Div. 2, Rated, Prizes!)",te.amo,4200,1732383300,1338,1334
2039,"CodeTON Round 9 (Div. 1 + Div. 2, Rated, Prizes!)",abusayeid,4202,1732383300,1323,1323
2039,"CodeTON Round 9 (Div. 1 + Div. 2, Rated, Prizes!)",Zim_is_not_deadyet,4202,1732383300,987,1138
2039,"CodeTON Round 9 (Div. 1 + Div. 2, Rated, Prizes!)",ctw123,4204,1732383300,1165,1207
2039,"CodeTON Round 9 (Div. 1 + Div. 2, Rated, Prizes!)",Back_in_the_game,4204,1732383300,0,490
2039,"CodeTON Round 9 (Div. 1 + Div. 2, Rated, Prizes!)",xingsirumeng,4204,1732383300,1553,1497
2039,"CodeTON Round 9 (Div. 1 + Div. 2, Rated, Prizes!)",isataygaygaygaygaygaygay,4204,1732383300,1256,1273
2039,"CodeTON Round 9 (Div. 1 + Div. 2, Rated, Prizes!)",param169,4204,1732383300,1416,1393
2039,"CodeTON Round 9 (Div. 1 + Div. 2, Rated, Prizes!)",aCalico,4204,1732383300,1225,1287
2039,"CodeTON Round 9 (Div. 1 + Div. 2, Rated, Prizes!)",densh,4210,1732383300,1279,1290
2039,"CodeTON Round 9 (Div. 1 + Div. 2, Rated, Prizes!)",_Maciek_,4210,1732383300,530,853
2039,"CodeTON Round 9 (Div. 1 + Div. 2, Rated, Prizes!)",nsk_98,4210,1732383300,1699,1608
2039,"CodeTON Round 9 (Div. 1 + Div. 2, Rated, Prizes!)",EvolutionzXD,4210,1732383300,1465,1430
2039,"CodeTON Round 9 (Div. 1 + Div. 2, Rated, Prizes!)",Shihab-3point14,4210,1732383300,1207,1237
2039,"CodeTON Round 9 (Div. 1 + Div. 2, Rated, Prizes!)",Archit_Modi_21,4210,1732383300,1362,1352
2039,"CodeTON Round 9 (Div. 1 + Div. 2, Rated, Prizes!)",eushaahmed08,4216,1732383300,1040,1120
2039,"CodeTON Round 9 (Div. 1 + Div. 2, Rated, Prizes!)",_Agageldi_,4216,1732383300,1321,1321
2039,"CodeTON Round 9 (Div. 1 + Div. 2, Rated, Prizes!)",Sakshi_22,4216,1732383300,1077,1145
2039,"CodeTON Round 9 (Div. 1 + Div. 2, Rated, Prizes!)",CTPAHHUK,4216,1732383300,1332,1329
2039,"CodeTON Round 9 (Div. 1 + Div. 2, Rated, Prizes!)",gyx77,4220,1732383300,715,980
2039,"CodeTON Round 9 (Div. 1 + Div. 2, Rated, Prizes!)",maksudul,4220,1732383300,793,962
2039,"CodeTON Round 9 (Div. 1 + Div. 2, Rated, Prizes!)",euchangxian,4220,1732383300,1194,1228
2039,"CodeTON Round 9 (Div. 1 + Div. 2, Rated, Prizes!)",Ciyekua,4220,1732383300,1178,1216
2039,"CodeTON Round 9 (Div. 1 + Div. 2, Rated, Prizes!)",reyleigh,4220,1732383300,1370,1357
2039,"CodeTON Round 9 (Div. 1 + Div. 2, Rated, Prizes!)",LogicSynth,4225,1732383300,1438,1488
2039,"CodeTON Round 9 (Div. 1 + Div. 2, Rated, Prizes!)",vivekj.joshi9,4225,1732383300,1185,1221
2039,"CodeTON Round 9 (Div. 1 + Div. 2, Rated, Prizes!)",InDI2k,4225,1732383300,1629,1554
2039,"CodeTON Round 9 (Div. 1 + Div. 2, Rated, Prizes!)",freshlysquozen,4225,1732383300,1357,1348
2039,"CodeTON Round 9 (Div. 1 + Div. 2, Rated, Prizes!)",PulkitJoshi,4225,1732383300,821,1058
2039,"CodeTON Round 9 (Div. 1 + Div. 2, Rated, Prizes!)",angelo4ek,4230,1732383300,880,1015
2039,"CodeTON Round 9 (Div. 1 + Div. 2, Rated, Prizes!)",onyourright17,4230,1732383300,1002,1127
2039,"CodeTON Round 9 (Div. 1 + Div. 2, Rated, Prizes!)",YourSistersHugeKidneys,4230,1732383300,1652,1571
2039,"CodeTON Round 9 (Div. 1 + Div. 2, Rated, Prizes!)",_MZA1,4230,1732383300,1179,1216
2039,"CodeTON Round 9 (Div. 1 + Div. 2, Rated, Prizes!)",hsn8086,4230,1732383300,1271,1283
2039,"CodeTON Round 9 (Div. 1 + Div. 2, Rated, Prizes!)",Evil_Morty_,4230,1732383300,1504,1458
2039,"CodeTON Round 9 (Div. 1 + Div. 2, Rated, Prizes!)",brrroski,4230,1732383300,1197,1303
2039,"CodeTON Round 9 (Div. 1 + Div. 2, Rated, Prizes!)",cefegent,4237,1732383300,1185,1221
2039,"CodeTON Round 9 (Div. 1 + Div. 2, Rated, Prizes!)",Vianshu_Shalyan,4237,1732383300,848,1044
2039,"CodeTON Round 9 (Div. 1 + Div. 2, Rated, Prizes!)",deepanhalder1907,4237,1732383300,965,1069
2039,"CodeTON Round 9 (Div. 1 + Div. 2, Rated, Prizes!)",CodeNhieuViDeoCoGauOm,4240,1732383300,1184,1219
2039,"CodeTON Round 9 (Div. 1 + Div. 2, Rated, Prizes!)",perspective_,4240,1732383300,1125,1178
2039,"CodeTON Round 9 (Div. 1 + Div. 2, Rated, Prizes!)",azapro179,4240,1732383300,1082,1148
2039,"CodeTON Round 9 (Div. 1 + Div. 2, Rated, Prizes!)",Meherab_05,4243,1732383300,1186,1221
2039,"CodeTON Round 9 (Div. 1 + Div. 2, Rated, Prizes!)",whtth,4243,1732383300,1197,1289
2039,"CodeTON Round 9 (Div. 1 + Div. 2, Rated, Prizes!)",neyuQ,4243,1732383300,1678,1591
2039,"CodeTON Round 9 (Div. 1 + Div. 2, Rated, Prizes!)",VoHT,4243,1732383300,1362,1350
2039,"CodeTON Round 9 (Div. 1 + Div. 2, Rated, Prizes!)",ricardsjansons,4247,1732383300,1382,1365
2039,"CodeTON Round 9 (Div. 1 + Div. 2, Rated, Prizes!)",F4nk1,4247,1732383300,1213,1240
2039,"CodeTON Round 9 (Div. 1 + Div. 2, Rated, Prizes!)",ishanpraveen1002,4247,1732383300,1169,1209
2039,"CodeTON Round 9 (Div. 1 + Div. 2, Rated, Prizes!)",Eftekhar_Nahim,4247,1732383300,1440,1409
2039,"CodeTON Round 9 (Div. 1 + Div. 2, Rated, Prizes!)",NSr_wang,4247,1732383300,1113,1169
2039,"CodeTON Round 9 (Div. 1 + Div. 2, Rated, Prizes!)",Sou_G,4252,1732383300,1575,1512
2039,"CodeTON Round 9 (Div. 1 + Div. 2, Rated, Prizes!)",mannjain777,4252,1732383300,704,970
2039,"CodeTON Round 9 (Div. 1 + Div. 2, Rated, Prizes!)",MrAngello,4252,1732383300,1219,1245
2039,"CodeTON Round 9 (Div. 1 + Div. 2, Rated, Prizes!)",4Rt8,4255,1732383300,1283,1292
2039,"CodeTON Round 9 (Div. 1 + Div. 2, Rated, Prizes!)",Sthavir_123,4255,1732383300,1224,1248
2039,"CodeTON Round 9 (Div. 1 + Div. 2, Rated, Prizes!)",Hack.404,4255,1732383300,1029,1111
2039,"CodeTON Round 9 (Div. 1 + Div. 2, Rated, Prizes!)",23stuzyp,4258,1732383300,870,1059
2039,"CodeTON Round 9 (Div. 1 + Div. 2, Rated, Prizes!)",SerajOmar,4258,1732383300,1198,1229
2039,"CodeTON Round 9 (Div. 1 + Div. 2, Rated, Prizes!)",Raycurve,4260,1732383300,1233,1254
2039,"CodeTON Round 9 (Div. 1 + Div. 2, Rated, Prizes!)",shqrky,4260,1732383300,2151,1961
2039,"CodeTON Round 9 (Div. 1 + Div. 2, Rated, Prizes!)",Dipto_801,4260,1732383300,1242,1261
2039,"CodeTON Round 9 (Div. 1 + Div. 2, Rated, Prizes!)",DanilGoose,4260,1732383300,415,764
2039,"CodeTON Round 9 (Div. 1 + Div. 2, Rated, Prizes!)",I_love_Gulchiroy,4260,1732383300,988,1084
2039,"CodeTON Round 9 (Div. 1 + Div. 2, Rated, Prizes!)",likesleep,4265,1732383300,1371,1356
2039,"CodeTON Round 9 (Div. 1 + Div. 2, Rated, Prizes!)",Fail__2,4265,1732383300,425,772
2039,"CodeTON Round 9 (Div. 1 + Div. 2, Rated, Prizes!)",srujal194,4265,1732383300,1441,1410
2039,"CodeTON Round 9 (Div. 1 + Div. 2, Rated, Prizes!)",Muhamed4,4265,1732383300,1246,1264
2039,"CodeTON Round 9 (Div. 1 + Div. 2, Rated, Prizes!)",BritoAlv,4265,1732383300,1430,1401
2039,"CodeTON Round 9 (Div. 1 + Div. 2, Rated, Prizes!)",MRasool,4270,1732383300,1328,1324
2039,"CodeTON Round 9 (Div. 1 + Div. 2, Rated, Prizes!)",guc_lzh,4270,1732383300,1482,1440
2039,"CodeTON Round 9 (Div. 1 + Div. 2, Rated, Prizes!)",khasevaolhp,4270,1732383300,979,1077
2039,"CodeTON Round 9 (Div. 1 + Div. 2, Rated, Prizes!)",Enstalian,4270,1732383300,1363,1350
2039,"CodeTON Round 9 (Div. 1 + Div. 2, Rated, Prizes!)",helloUniverse,4274,1732383300,1636,1557
2039,"CodeTON Round 9 (Div. 1 + Div. 2, Rated, Prizes!)",kart31,4274,1732383300,1304,1306
2039,"CodeTON Round 9 (Div. 1 + Div. 2, Rated, Prizes!)",JainUjjwal,4274,1732383300,1317,1316
2039,"CodeTON Round 9 (Div. 1 + Div. 2, Rated, Prizes!)",kuljit,4274,1732383300,1062,1133
2039,"CodeTON Round 9 (Div. 1 + Div. 2, Rated, Prizes!)",ikunjj,4274,1732383300,1480,1439
2039,"CodeTON Round 9 (Div. 1 + Div. 2, Rated, Prizes!)",abu,4274,1732383300,1604,1533
2039,"CodeTON Round 9 (Div. 1 + Div. 2, Rated, Prizes!)",manasagarwal005,4280,1732383300,904,1028
2039,"CodeTON Round 9 (Div. 1 + Div. 2, Rated, Prizes!)",Unlock_U,4280,1732383300,0,487
2039,"CodeTON Round 9 (Div. 1 + Div. 2, Rated, Prizes!)",KumarMrinal,4280,1732383300,0,487
2039,"CodeTON Round 9 (Div. 1 + Div. 2, Rated, Prizes!)",2021MCB1253,4283,1732383300,1091,1152
2039,"CodeTON Round 9 (Div. 1 + Div. 2, Rated, Prizes!)",_dusk_,4283,1732383300,1113,1168
2039,"CodeTON Round 9 (Div. 1 + Div. 2, Rated, Prizes!)",dchang0524,4283,1732383300,1318,1316
2039,"CodeTON Round 9 (Div. 1 + Div. 2, Rated, Prizes!)",917,4283,1732383300,1063,1189
2039,"CodeTON Round 9 (Div. 1 + Div. 2, Rated, Prizes!)",-1984-,4283,1732383300,1326,1322
2039,"CodeTON Round 9 (Div. 1 + Div. 2, Rated, Prizes!)",gamezovladislav,4283,1732383300,1218,1242
2039,"CodeTON Round 9 (Div. 1 + Div. 2, Rated, Prizes!)",rockleon,4283,1732383300,1082,1146
2039,"CodeTON Round 9 (Div. 1 + Div. 2, Rated, Prizes!)",MesutOzil,4283,1732383300,958,1062
2039,"CodeTON Round 9 (Div. 1 + Div. 2, Rated, Prizes!)",reisjoaomendes,4291,1732383300,1057,1129
2039,"CodeTON Round 9 (Div. 1 + Div. 2, Rated, Prizes!)",IamJoyanta,4291,1732383300,1158,1200
2039,"CodeTON Round 9 (Div. 1 + Div. 2, Rated, Prizes!)",yashrajnaik467,4293,1732383300,0,487
2039,"CodeTON Round 9 (Div. 1 + Div. 2, Rated, Prizes!)",soubhagyasahu,4293,1732383300,1155,1197
2039,"CodeTON Round 9 (Div. 1 + Div. 2, Rated, Prizes!)",vikrammalhotra,4295,1732383300,1274,1283
2039,"CodeTON Round 9 (Div. 1 + Div. 2, Rated, Prizes!)",Sp3cTer,4296,1732383300,1358,1345
2039,"CodeTON Round 9 (Div. 1 + Div. 2, Rated, Prizes!)",1zaK,4297,1732383300,404,755
2039,"CodeTON Round 9 (Div. 1 + Div. 2, Rated, Prizes!)",Angel54,4298,1732383300,648,928
2039,"CodeTON Round 9 (Div. 1 + Div. 2, Rated, Prizes!)",scarywitcher,4298,1732383300,1277,1285
2039,"CodeTON Round 9 (Div. 1 + Div. 2, Rated, Prizes!)",TMxOronno,4298,1732383300,965,1067
2039,"CodeTON Round 9 (Div. 1 + Div. 2, Rated, Prizes!)",wangadhc,4298,1732383300,1108,1222
2039,"CodeTON Round 9 (Div. 1 + Div. 2, Rated, Prizes!)",Khattaab,4298,1732383300,1262,1274
2039,"CodeTON Round 9 (Div. 1 + Div. 2, Rated, Prizes!)",0blivi0n,4298,1732383300,953,1059
2039,"CodeTON Round 9 (Div. 1 + Div. 2, Rated, Prizes!)",LeHuynhDuc,4304,1732383300,1649,1567
2039,"CodeTON Round 9 (Div. 1 + Div. 2, Rated, Prizes!)",KLA,4304,1732383300,1056,1127
2039,"CodeTON Round 9 (Div. 1 + Div. 2, Rated, Prizes!)",prathamalu1,4304,1732383300,1340,1332
2039,"CodeTON Round 9 (Div. 1 + Div. 2, Rated, Prizes!)",3B3ATY,4304,1732383300,1301,1303
2039,"CodeTON Round 9 (Div. 1 + Div. 2, Rated, Prizes!)",Umbet,4308,1732383300,1477,1435
2039,"CodeTON Round 9 (Div. 1 + Div. 2, Rated, Prizes!)",Elsaraf,4308,1732383300,1101,1158
2039,"CodeTON Round 9 (Div. 1 + Div. 2, Rated, Prizes!)",_HarJlblu_Jluc_,4308,1732383300,0,487
2039,"CodeTON Round 9 (Div. 1 + Div. 2, Rated, Prizes!)",zerocode11,4308,1732383300,987,1114
2039,"CodeTON Round 9 (Div. 1 + Div. 2, Rated, Prizes!)",Ujjawal_05,4308,1732383300,1377,1360
2039,"CodeTON Round 9 (Div. 1 + Div. 2, Rated, Prizes!)",fREaK092,4308,1732383300,1364,1350
2039,"CodeTON Round 9 (Div. 1 + Div. 2, Rated, Prizes!)",Mohammad_Arif,4308,1732383300,1169,1206
2039,"CodeTON Round 9 (Div. 1 + Div. 2, Rated, Prizes!)",ayoooy,4315,1732383300,1248,1263
2039,"CodeTON Round 9 (Div. 1 + Div. 2, Rated, Prizes!)",Alikhan-D-019-28,4315,1732383300,1127,1176
2039,"CodeTON Round 9 (Div. 1 + Div. 2, Rated, Prizes!)",ccr230110900501,4315,1732383300,1242,1259
2039,"CodeTON Round 9 (Div. 1 + Div. 2, Rated, Prizes!)",Cantilever12,4318,1732383300,0,486
2039,"CodeTON Round 9 (Div. 1 + Div. 2, Rated, Prizes!)",vishal1620,4318,1732383300,1040,1116
2039,"CodeTON Round 9 (Div. 1 + Div. 2, Rated, Prizes!)",vanshajharsh,4318,1732383300,1353,1341
2039,"CodeTON Round 9 (Div. 1 + Div. 2, Rated, Prizes!)",Life_hates_me,4318,1732383300,1101,1158
2039,"CodeTON Round 9 (Div. 1 + Div. 2, Rated, Prizes!)",Amin_2005022,4318,1732383300,1228,1249
2039,"CodeTON Round 9 (Div. 1 + Div. 2, Rated, Prizes!)",sifmuna,4323,1732383300,1207,1233
2039,"CodeTON Round 9 (Div. 1 + Div. 2, Rated, Prizes!)",STRINGBUILDER99,4324,1732383300,1199,1228
2039,"CodeTON Round 9 (Div. 1 + Div. 2, Rated, Prizes!)",LogicLooper,4325,1732383300,1197,1226
2039,"CodeTON Round 9 (Div. 1 + Div. 2, Rated, Prizes!)",Prakash_OP,4325,1732383300,1158,1198
2039,"CodeTON Round 9 (Div. 1 + Div. 2, Rated, Prizes!)",chenliyuan,4325,1732383300,1597,1526
2039,"CodeTON Round 9 (Div. 1 + Div. 2, Rated, Prizes!)",Ravi_Allu,4328,1732383300,1165,1203
2039,"CodeTON Round 9 (Div. 1 + Div. 2, Rated, Prizes!)",nazibur175,4328,1732383300,1432,1401
2039,"CodeTON Round 9 (Div. 1 + Div. 2, Rated, Prizes!)",cercatrova,4328,1732383300,984,1078
2039,"CodeTON Round 9 (Div. 1 + Div. 2, Rated, Prizes!)",BlackAura1337,4328,1732383300,388,742
2039,"CodeTON Round 9 (Div. 1 + Div. 2, Rated, Prizes!)",sushant76s,4332,1732383300,1062,1131
2039,"CodeTON Round 9 (Div. 1 + Div. 2, Rated, Prizes!)",maruf_khan96,4333,1732383300,1135,1181
2039,"CodeTON Round 9 (Div. 1 + Div. 2, Rated, Prizes!)",savyshyn,4333,1732383300,1225,1246
2039,"CodeTON Round 9 (Div. 1 + Div. 2, Rated, Prizes!)",YeSXX...,4333,1732383300,372,731
2039,"CodeTON Round 9 (Div. 1 + Div. 2, Rated, Prizes!)",NotHosam,4333,1732383300,1381,1362
2039,"CodeTON Round 9 (Div. 1 + Div. 2, Rated, Prizes!)",NazmulGo,4333,1732383300,1094,1152
2039,"CodeTON Round 9 (Div. 1 + Div. 2, Rated, Prizes!)",ShivaQuode,4333,1732383300,1280,1286
2039,"CodeTON Round 9 (Div. 1 + Div. 2, Rated, Prizes!)",Munna134,4333,1732383300,1222,1244
2039,"CodeTON Round 9 (Div. 1 + Div. 2, Rated, Prizes!)",RedShinobi,4340,1732383300,1028,1141
2039,"CodeTON Round 9 (Div. 1 + Div. 2, Rated, Prizes!)",saymon,4340,1732383300,1257,1269
2039,"CodeTON Round 9 (Div. 1 + Div. 2, Rated, Prizes!)",o_O--,4340,1732383300,1133,1215
2039,"CodeTON Round 9 (Div. 1 + Div. 2, Rated, Prizes!)",zhaoyingwei,4340,1732383300,1491,1445
2039,"CodeTON Round 9 (Div. 1 + Div. 2, Rated, Prizes!)",Sadium,4340,1732383300,1320,1316
2039,"CodeTON Round 9 (Div. 1 + Div. 2, Rated, Prizes!)",Heixow,4345,1732383300,639,919
2039,"CodeTON Round 9 (Div. 1 + Div. 2, Rated, Prizes!)",ITBlockZ,4345,1732383300,1111,1164
2039,"CodeTON Round 9 (Div. 1 + Div. 2, Rated, Prizes!)",170zhiyixi,4347,1732383300,1333,1325
2039,"CodeTON Round 9 (Div. 1 + Div. 2, Rated, Prizes!)",tsengang,4347,1732383300,1312,1310
2039,"CodeTON Round 9 (Div. 1 + Div. 2, Rated, Prizes!)",Kaushal_26,4347,1732383300,1256,1268
2039,"CodeTON Round 9 (Div. 1 + Div. 2, Rated, Prizes!)",NITYAM_BHUSHAN,4347,1732383300,1388,1367
2039,"CodeTON Round 9 (Div. 1 + Div. 2, Rated, Prizes!)",kshitij_81,4351,1732383300,689,955
2039,"CodeTON Round 9 (Div. 1 + Div. 2, Rated, Prizes!)",43c65d1,4351,1732383300,1321,1316
2039,"CodeTON Round 9 (Div. 1 + Div. 2, Rated, Prizes!)",pavankumar7675,4351,1732383300,1163,1200
2039,"CodeTON Round 9 (Div. 1 + Div. 2, Rated, Prizes!)",avikantk94,4351,1732383300,1213,1236
2039,"CodeTON Round 9 (Div. 1 + Div. 2, Rated, Prizes!)",Aurora__,4351,1732383300,1513,1461
2039,"CodeTON Round 9 (Div. 1 + Div. 2, Rated, Prizes!)",thaiph,4356,1732383300,1250,1263
2039,"CodeTON Round 9 (Div. 1 + Div. 2, Rated, Prizes!)",green_heaven,4356,1732383300,1371,1354
2039,"CodeTON Round 9 (Div. 1 + Div. 2, Rated, Prizes!)",deadlycoder82,4358,1732383300,1176,1210
2039,"CodeTON Round 9 (Div. 1 + Div. 2, Rated, Prizes!)",arastoo,4358,1732383300,1539,1481
2039,"CodeTON Round 9 (Div. 1 + Div. 2, Rated, Prizes!)",aboFarouk,4358,1732383300,0,485
2039,"CodeTON Round 9 (Div. 1 + Div. 2, Rated, Prizes!)",satyam343,4358,1732383300,2186,1988
2039,"CodeTON Round 9 (Div. 1 + Div. 2, Rated, Prizes!)",MAFIA29,4362,1732383300,1134,1180
2039,"CodeTON Round 9 (Div. 1 + Div. 2, Rated, Prizes!)",MrChronoJester,4362,1732383300,1723,1622
2039,"CodeTON Round 9 (Div. 1 + Div. 2, Rated, Prizes!)",Greedy_R,4364,1732383300,498,824
2039,"CodeTON Round 9 (Div. 1 + Div. 2, Rated, Prizes!)",Hellfeed,4364,1732383300,1008,1092
2039,"CodeTON Round 9 (Div. 1 + Div. 2, Rated, Prizes!)",NiamulKarim,4364,1732383300,1051,1122
2039,"CodeTON Round 9 (Div. 1 + Div. 2, Rated, Prizes!)",dickman,4364,1732383300,1443,1408
2039,"CodeTON Round 9 (Div. 1 + Div. 2, Rated, Prizes!)",farhan95104,4364,1732383300,1675,1585
2039,"CodeTON Round 9 (Div. 1 + Div. 2, Rated, Prizes!)",YZHhegwb,4369,1732383300,1392,1369
2039,"CodeTON Round 9 (Div. 1 + Div. 2, Rated, Prizes!)",broiampro,4370,1732383300,1272,1279
2039,"CodeTON Round 9 (Div. 1 + Div. 2, Rated, Prizes!)",A_Coder_AS,4370,1732383300,1027,1105
2039,"CodeTON Round 9 (Div. 1 + Div. 2, Rated, Prizes!)",teodora_laura,4370,1732383300,1253,1265
2039,"CodeTON Round 9 (Div. 1 + Div. 2, Rated, Prizes!)",why_0210,4370,1732383300,1286,1289
2039,"CodeTON Round 9 (Div. 1 + Div. 2, Rated, Prizes!)",ankur_310,4370,1732383300,1187,1217
2039,"CodeTON Round 9 (Div. 1 + Div. 2, Rated, Prizes!)",wetryiii,4370,1732383300,1405,1379
2039,"CodeTON Round 9 (Div. 1 + Div. 2, Rated, Prizes!)",__ALBION__,4376,1732383300,1306,1304
2039,"CodeTON Round 9 (Div. 1 + Div. 2, Rated, Prizes!)",IR0N-MAN,4376,1732383300,1117,1167
2039,"CodeTON Round 9 (Div. 1 + Div. 2, Rated, Prizes!)",ashKs,4378,1732383300,1439,1404
2039,"CodeTON Round 9 (Div. 1 + Div. 2, Rated, Prizes!)",AprilSunny,4378,1732383300,1564,1500
2039,"CodeTON Round 9 (Div. 1 + Div. 2, Rated, Prizes!)",msab3f,4378,1732383300,1133,1178
2039,"CodeTON Round 9 (Div. 1 + Div. 2, Rated, Prizes!)",_Fady_,4381,1732383300,1448,1411
2039,"CodeTON Round 9 (Div. 1 + Div. 2, Rated, Prizes!)",Another_Isamatdin,4381,1732383300,1490,1443
2039,"CodeTON Round 9 (Div. 1 + Div. 2, Rated, Prizes!)",pseudotech,4383,1732383300,1138,1182
2039,"CodeTON Round 9 (Div. 1 + Div. 2, Rated, Prizes!)",AbDhrubo,4383,1732383300,1220,1240
2039,"CodeTON Round 9 (Div. 1 + Div. 2, Rated, Prizes!)",SnippetSpammer_126,4383,1732383300,1210,1233
2039,"CodeTON Round 9 (Div. 1 + Div. 2, Rated, Prizes!)",if-then-explorer,4386,1732383300,1388,1366
2039,"CodeTON Round 9 (Div. 1 + Div. 2, Rated, Prizes!)",hangogogo,4386,1732383300,1400,1375
2039,"CodeTON Round 9 (Div. 1 + Div. 2, Rated, Prizes!)",DarkChemist,4388,1732383300,1617,1540
2039,"CodeTON Round 9 (Div. 1 + Div. 2, Rated, Prizes!)",Lonelyper,4388,1732383300,1375,1356
2039,"CodeTON Round 9 (Div. 1 + Div. 2, Rated, Prizes!)",Carrie5827,4388,1732383300,1313,1309
2039,"CodeTON Round 9 (Div. 1 + Div. 2, Rated, Prizes!)",HHVB,4391,1732383300,0,484
2039,"CodeTON Round 9 (Div. 1 + Div. 2, Rated, Prizes!)",aditya712001,4391,1732383300,1461,1421
2039,"CodeTON Round 9 (Div. 1 + Div. 2, Rated, Prizes!)",xhc777,4393,1732383300,0,484
2039,"CodeTON Round 9 (Div. 1 + Div. 2, Rated, Prizes!)",SovietPotato69,4393,1732383300,1087,1145
2039,"CodeTON Round 9 (Div. 1 + Div. 2, Rated, Prizes!)",ulisses_ab,4393,1732383300,849,1073
2039,"CodeTON Round 9 (Div. 1 + Div. 2, Rated, Prizes!)",Andrew055,4396,1732383300,1345,1333
2039,"CodeTON Round 9 (Div. 1 + Div. 2, Rated, Prizes!)",Tour__Guide,4397,1732383300,1340,1329
2039,"CodeTON Round 9 (Div. 1 + Div. 2, Rated, Prizes!)",Quanta07,4397,1732383300,1214,1236
2039,"CodeTON Round 9 (Div. 1 + Div. 2, Rated, Prizes!)",abdullah_eid,4399,1732383300,1178,1209
2039,"CodeTON Round 9 (Div. 1 + Div. 2, Rated, Prizes!)",tushar22544,4399,1732383300,962,1060
2039,"CodeTON Round 9 (Div. 1 + Div. 2, Rated, Prizes!)",Twits,4399,1732383300,1738,1632
2039,"CodeTON Round 9 (Div. 1 + Div. 2, Rated, Prizes!)",sktodow,4399,1732383300,1304,1302
2039,"CodeTON Round 9 (Div. 1 + Div. 2, Rated, Prizes!)",DEVILxiaodai,4403,1732383300,1085,1144
2039,"CodeTON Round 9 (Div. 1 + Div. 2, Rated, Prizes!)",ByteVerse_,4403,1732383300,1149,1189
2039,"CodeTON Round 9 (Div. 1 + Div. 2, Rated, Prizes!)",sathwikshaga,4403,1732383300,1518,1464
2039,"CodeTON Round 9 (Div. 1 + Div. 2, Rated, Prizes!)",coderbodrul,4406,1732383300,1301,1299
2039,"CodeTON Round 9 (Div. 1 + Div. 2, Rated, Prizes!)",sadat,4406,1732383300,1323,1316
2039,"CodeTON Round 9 (Div. 1 + Div. 2, Rated, Prizes!)",cod3_trav3ll3r,4406,1732383300,0,484
2039,"CodeTON Round 9 (Div. 1 + Div. 2, Rated, Prizes!)",shahriyarsami,4406,1732383300,887,1012
2039,"CodeTON Round 9 (Div. 1 + Div. 2, Rated, Prizes!)",LXYYYY_,4406,1732383300,1286,1351
2039,"CodeTON Round 9 (Div. 1 + Div. 2, Rated, Prizes!)",Discens,4406,1732383300,1397,1372
2039,"CodeTON Round 9 (Div. 1 + Div. 2, Rated, Prizes!)",felucia,4406,1732383300,1288,1290
2039,"CodeTON Round 9 (Div. 1 + Div. 2, Rated, Prizes!)",KOHAKU0530,4413,1732383300,1017,1131
2039,"CodeTON Round 9 (Div. 1 + Div. 2, Rated, Prizes!)",Le_Louch007,4413,1732383300,1299,1298
2039,"CodeTON Round 9 (Div. 1 + Div. 2, Rated, Prizes!)",toma12,4415,1732383300,1250,1261
2039,"CodeTON Round 9 (Div. 1 + Div. 2, Rated, Prizes!)",Sandy_malz,4415,1732383300,1266,1273
2039,"CodeTON Round 9 (Div. 1 + Div. 2, Rated, Prizes!)",chickendumbiryani,4417,1732383300,1129,1174
2039,"CodeTON Round 9 (Div. 1 + Div. 2, Rated, Prizes!)",era-jen,4417,1732383300,1379,1358
2039,"CodeTON Round 9 (Div. 1 + Div. 2, Rated, Prizes!)",sixx_one,4419,1732383300,1458,1418
2039,"CodeTON Round 9 (Div. 1 + Div. 2, Rated, Prizes!)",rishijha00007,4419,1732383300,1142,1183
2039,"CodeTON Round 9 (Div. 1 + Div. 2, Rated, Prizes!)",sudhanshu_singh1182,4419,1732383300,1265,1272
2039,"CodeTON Round 9 (Div. 1 + Div. 2, Rated, Prizes!)",Arou,4422,1732383300,1372,1352
2039,"CodeTON Round 9 (Div. 1 + Div. 2, Rated, Prizes!)",JiangShenLi,4422,1732383300,1439,1403
2039,"CodeTON Round 9 (Div. 1 + Div. 2, Rated, Prizes!)",_Manual_,4422,1732383300,1341,1329
2039,"CodeTON Round 9 (Div. 1 + Div. 2, Rated, Prizes!)",to___ot,4422,1732383300,480,808
2039,"CodeTON Round 9 (Div. 1 + Div. 2, Rated, Prizes!)",tkc2407,4422,1732383300,1178,1209
2039,"CodeTON Round 9 (Div. 1 + Div. 2, Rated, Prizes!)",anshuldutt21,4427,1732383300,1180,1210
2039,"CodeTON Round 9 (Div. 1 + Div. 2, Rated, Prizes!)",zqzzqz,4428,1732383300,1146,1186
2039,"CodeTON Round 9 (Div. 1 + Div. 2, Rated, Prizes!)",Rifat02,4428,1732383300,1148,1187
2039,"CodeTON Round 9 (Div. 1 + Div. 2, Rated, Prizes!)",Leidenschaft,4428,1732383300,1656,1568
2039,"CodeTON Round 9 (Div. 1 + Div. 2, Rated, Prizes!)",leqkoplastir,4431,1732383300,1306,1302
2039,"CodeTON Round 9 (Div. 1 + Div. 2, Rated, Prizes!)",CocoCat,4432,1732383300,1065,1129
2039,"CodeTON Round 9 (Div. 1 + Div. 2, Rated, Prizes!)",Ermi_007,4432,1732383300,1326,1317
2039,"CodeTON Round 9 (Div. 1 + Div. 2, Rated, Prizes!)",FourthRateOne,4432,1732383300,1014,1158
2039,"CodeTON Round 9 (Div. 1 + Div. 2, Rated, Prizes!)",sabbi_coder,4432,1732383300,1183,1212
2039,"CodeTON Round 9 (Div. 1 + Div. 2, Rated, Prizes!)",Mr_Senpai,4436,1732383300,926,1035
2039,"CodeTON Round 9 (Div. 1 + Div. 2, Rated, Prizes!)",sparpara,4436,1732383300,1454,1414
2039,"CodeTON Round 9 (Div. 1 + Div. 2, Rated, Prizes!)",cvsj,4436,1732383300,1377,1356
2039,"CodeTON Round 9 (Div. 1 + Div. 2, Rated, Prizes!)",Creym,4436,1732383300,1257,1266
2039,"CodeTON Round 9 (Div. 1 + Div. 2, Rated, Prizes!)",Pikachu106,4436,1732383300,455,789
2039,"CodeTON Round 9 (Div. 1 + Div. 2, Rated, Prizes!)",WhoAmI_Who,4436,1732383300,1283,1285
2039,"CodeTON Round 9 (Div. 1 + Div. 2, Rated, Prizes!)",emptyUser,4442,1732383300,1169,1201
2039,"CodeTON Round 9 (Div. 1 + Div. 2, Rated, Prizes!)",hzzt_2004,4442,1732383300,1215,1235
2039,"CodeTON Round 9 (Div. 1 + Div. 2, Rated, Prizes!)",og.Sumail,4444,1732383300,1515,1460
2039,"CodeTON Round 9 (Div. 1 + Div. 2, Rated, Prizes!)",deflator,4444,1732383300,1042,1112
2039,"CodeTON Round 9 (Div. 1 + Div. 2, Rated, Prizes!)",BaBy_SharK_99,4444,1732383300,1031,1105
2039,"CodeTON Round 9 (Div. 1 + Div. 2, Rated, Prizes!)",usMinh,4447,1732383300,1219,1299
2039,"CodeTON Round 9 (Div. 1 + Div. 2, Rated, Prizes!)",Tahmid_T,4448,1732383300,1219,1237
2039,"CodeTON Round 9 (Div. 1 + Div. 2, Rated, Prizes!)",suheb,4448,1732383300,983,1072
2039,"CodeTON Round 9 (Div. 1 + Div. 2, Rated, Prizes!)",refred1,4448,1732383300,1376,1355
2039,"CodeTON Round 9 (Div. 1 + Div. 2, Rated, Prizes!)",Necrohades,4451,1732383300,1765,1652
2039,"CodeTON Round 9 (Div. 1 + Div. 2, Rated, Prizes!)",amongsus,4451,1732383300,1279,1281
2039,"CodeTON Round 9 (Div. 1 + Div. 2, Rated, Prizes!)",Tumour,4451,1732383300,1263,1270
2039,"CodeTON Round 9 (Div. 1 + Div. 2, Rated, Prizes!)",This_Is_Amazing,4451,1732383300,1047,1115
2039,"CodeTON Round 9 (Div. 1 + Div. 2, Rated, Prizes!)",Imran_86,4455,1732383300,884,1008
2039,"CodeTON Round 9 (Div. 1 + Div. 2, Rated, Prizes!)",Error503,4455,1732383300,1168,1201
2039,"CodeTON Round 9 (Div. 1 + Div. 2, Rated, Prizes!)",NaCiRa,4457,1732383300,1107,1157
2039,"CodeTON Round 9 (Div. 1 + Div. 2, Rated, Prizes!)",jokerkok,4457,1732383300,0,482
2039,"CodeTON Round 9 (Div. 1 + Div. 2, Rated, Prizes!)",Deepak_Kumar01,4457,1732383300,1224,1241
2039,"CodeTON Round 9 (Div. 1 + Div. 2, Rated, Prizes!)",sanjuguptasbg264,4457,1732383300,1427,1393
2039,"CodeTON Round 9 (Div. 1 + Div. 2, Rated, Prizes!)",ARR100,4457,1732383300,1100,1152
2039,"CodeTON Round 9 (Div. 1 + Div. 2, Rated, Prizes!)",T__T,4462,1732383300,1183,1211
2039,"CodeTON Round 9 (Div. 1 + Div. 2, Rated, Prizes!)",Feijoa_Li,4462,1732383300,1277,1280
2039,"CodeTON Round 9 (Div. 1 + Div. 2, Rated, Prizes!)",Hayan,4462,1732383300,1472,1427
2039,"CodeTON Round 9 (Div. 1 + Div. 2, Rated, Prizes!)",Tirtha_Manan_Das,4462,1732383300,1275,1278
2039,"CodeTON Round 9 (Div. 1 + Div. 2, Rated, Prizes!)",Yusw,4466,1732383300,1428,1394
2039,"CodeTON Round 9 (Div. 1 + Div. 2, Rated, Prizes!)",S____H,4466,1732383300,1219,1237
2039,"CodeTON Round 9 (Div. 1 + Div. 2, Rated, Prizes!)",dreamboy,4468,1732383300,1246,1257
2039,"CodeTON Round 9 (Div. 1 + Div. 2, Rated, Prizes!)",hehe_boi30,4468,1732383300,1174,1204
2039,"CodeTON Round 9 (Div. 1 + Div. 2, Rated, Prizes!)",samsoom,4470,1732383300,1495,1444
2039,"CodeTON Round 9 (Div. 1 + Div. 2, Rated, Prizes!)",ZaeThrix,4470,1732383300,1304,1299
2039,"CodeTON Round 9 (Div. 1 + Div. 2, Rated, Prizes!)",Johnny__Turtle,4470,1732383300,384,734
2039,"CodeTON Round 9 (Div. 1 + Div. 2, Rated, Prizes!)",vikasdixit7905,4470,1732383300,973,1065
2039,"CodeTON Round 9 (Div. 1 + Div. 2, Rated, Prizes!)",no_bed,4474,1732383300,1487,1438
2039,"CodeTON Round 9 (Div. 1 + Div. 2, Rated, Prizes!)",Xw1.0,4474,1732383300,1046,1114
2039,"CodeTON Round 9 (Div. 1 + Div. 2, Rated, Prizes!)",aryan159,4474,1732383300,0,482
2039,"CodeTON Round 9 (Div. 1 + Div. 2, Rated, Prizes!)",Mars88,4477,1732383300,1154,1189
2039,"CodeTON Round 9 (Div. 1 + Div. 2, Rated, Prizes!)",Dipto.4D,4477,1732383300,1249,1258
2039,"CodeTON Round 9 (Div. 1 + Div. 2, Rated, Prizes!)",butter3105,4479,1732383300,423,764
2039,"CodeTON Round 9 (Div. 1 + Div. 2, Rated, Prizes!)",DEVOTEDSword,4479,1732383300,1551,1486
2039,"CodeTON Round 9 (Div. 1 + Div. 2, Rated, Prizes!)",saidatta993,4481,1732383300,1164,1196
2039,"CodeTON Round 9 (Div. 1 + Div. 2, Rated, Prizes!)",blinowartemcka,4481,1732383300,1089,1179
2039,"CodeTON Round 9 (Div. 1 + Div. 2, Rated, Prizes!)",him_21,4483,1732383300,1165,1197
2039,"CodeTON Round 9 (Div. 1 + Div. 2, Rated, Prizes!)",adilsadman60,4483,1732383300,1484,1435
2039,"CodeTON Round 9 (Div. 1 + Div. 2, Rated, Prizes!)",EliudGarcia,4483,1732383300,1206,1226
2039,"CodeTON Round 9 (Div. 1 + Div. 2, Rated, Prizes!)",ok12,4486,1732383300,1279,1280
2039,"CodeTON Round 9 (Div. 1 + Div. 2, Rated, Prizes!)",darkqua,4486,1732383300,804,1004
2039,"CodeTON Round 9 (Div. 1 + Div. 2, Rated, Prizes!)",aadi_900,4486,1732383300,1228,1243
2039,"CodeTON Round 9 (Div. 1 + Div. 2, Rated, Prizes!)",MuneebAlvi,4486,1732383300,601,887
2039,"CodeTON Round 9 (Div. 1 + Div. 2, Rated, Prizes!)",BigOChamp,4486,1732383300,1108,1192
2039,"CodeTON Round 9 (Div. 1 + Div. 2, Rated, Prizes!)",Mediocrisity,4491,1732383300,1186,1212
2039,"CodeTON Round 9 (Div. 1 + Div. 2, Rated, Prizes!)",tvcv901,4491,1732383300,1314,1306
2039,"CodeTON Round 9 (Div. 1 + Div. 2, Rated, Prizes!)",pratyanch_jain,4493,1732383300,1283,1283
2039,"CodeTON Round 9 (Div. 1 + Div. 2, Rated, Prizes!)",EduardoBrito,4493,1732383300,1614,1535
2039,"CodeTON Round 9 (Div. 1 + Div. 2, Rated, Prizes!)",saiful_islam_bk,4493,1732383300,1183,1210
2039,"CodeTON Round 9 (Div. 1 + Div. 2, Rated, Prizes!)",yumu,4496,1732383300,1397,1369
2039,"CodeTON Round 9 (Div. 1 + Div. 2, Rated, Prizes!)",linnzsc,4496,1732383300,1470,1424
2039,"CodeTON Round 9 (Div. 1 + Div. 2, Rated, Prizes!)",Pichon_Rastastas,4496,1732383300,1161,1194
2039,"CodeTON Round 9 (Div. 1 + Div. 2, Rated, Prizes!)",Rimon_Tanmoy,4496,1732383300,1164,1196
2039,"CodeTON Round 9 (Div. 1 + Div. 2, Rated, Prizes!)",colin_07,4496,1732383300,1434,1397
2039,"CodeTON Round 9 (Div. 1 + Div. 2, Rated, Prizes!)",michalrog14,4501,1732383300,0,480
2039,"CodeTON Round 9 (Div. 1 + Div. 2, Rated, Prizes!)",aditya_raaj,4501,1732383300,1429,1393
2039,"CodeTON Round 9 (Div. 1 + Div. 2, Rated, Prizes!)",GabrielSpd,4501,1732383300,1067,1128
2039,"CodeTON Round 9 (Div. 1 + Div. 2, Rated, Prizes!)",Seriously_Its_Sameer,4504,1732383300,1556,1490
2039,"CodeTON Round 9 (Div. 1 + Div. 2, Rated, Prizes!)",MH_Nazmul,4504,1732383300,1159,1192
2039,"CodeTON Round 9 (Div. 1 + Div. 2, Rated, Prizes!)",sandesh543,4504,1732383300,987,1072
2039,"CodeTON Round 9 (Div. 1 + Div. 2, Rated, Prizes!)",SHKAV,4507,1732383300,1982,1819
2039,"CodeTON Round 9 (Div. 1 + Div. 2, Rated, Prizes!)",3.1415926535897932384,4507,1732383300,1459,1415
2039,"CodeTON Round 9 (Div. 1 + Div. 2, Rated, Prizes!)",dhiru.4211,4507,1732383300,937,1040
2039,"CodeTON Round 9 (Div. 1 + Div. 2, Rated, Prizes!)",-0.50,4507,1732383300,1038,1107
2039,"CodeTON Round 9 (Div. 1 + Div. 2, Rated, Prizes!)",ayaanOVO,4507,1732383300,1044,1111
2039,"CodeTON Round 9 (Div. 1 + Div. 2, Rated, Prizes!)",Noname_2k7,4512,1732383300,536,848
2039,"CodeTON Round 9 (Div. 1 + Div. 2, Rated, Prizes!)",itz_tanvir,4513,1732383300,997,1079
2039,"CodeTON Round 9 (Div. 1 + Div. 2, Rated, Prizes!)",clerisy47,4513,1732383300,1202,1223
2039,"CodeTON Round 9 (Div. 1 + Div. 2, Rated, Prizes!)",shen_kong,4513,1732383300,792,1027
2039,"CodeTON Round 9 (Div. 1 + Div. 2, Rated, Prizes!)",uditsh03,4516,1732383300,1341,1326
2039,"CodeTON Round 9 (Div. 1 + Div. 2, Rated, Prizes!)",gursimarsinghmiglani,4517,1732383300,1467,1421
2039,"CodeTON Round 9 (Div. 1 + Div. 2, Rated, Prizes!)",MeowTea,4517,1732383300,1272,1274
2039,"CodeTON Round 9 (Div. 1 + Div. 2, Rated, Prizes!)",molywyp,4517,1732383300,1556,1489
2039,"CodeTON Round 9 (Div. 1 + Div. 2, Rated, Prizes!)",vignesh_1324,4517,1732383300,1069,1128
2039,"CodeTON Round 9 (Div. 1 + Div. 2, Rated, Prizes!)",trgao,4521,1732383300,1486,1435
2039,"CodeTON Round 9 (Div. 1 + Div. 2, Rated, Prizes!)",wedergebore,4521,1732383300,1463,1418
2039,"CodeTON Round 9 (Div. 1 + Div. 2, Rated, Prizes!)",LortyMorty,4521,1732383300,1205,1261
2039,"CodeTON Round 9 (Div. 1 + Div. 2, Rated, Prizes!)",ALOMGIR_27,4524,1732383300,1416,1382
2039,"CodeTON Round 9 (Div. 1 + Div. 2, Rated, Prizes!)",miximeow,4524,1732383300,1300,1332
2039,"CodeTON Round 9 (Div. 1 + Div. 2, Rated, Prizes!)",chauhanasheesh,4524,1732383300,1256,1262
2039,"CodeTON Round 9 (Div. 1 + Div. 2, Rated, Prizes!)",zanifa_zini,4527,1732383300,873,998
2039,"CodeTON Round 9 (Div. 1 + Div. 2, Rated, Prizes!)",wttt907,4527,1732383300,1156,1189
2039,"CodeTON Round 9 (Div. 1 + Div. 2, Rated, Prizes!)",Hasnat0006,4527,1732383300,1225,1239
2039,"CodeTON Round 9 (Div. 1 + Div. 2, Rated, Prizes!)",La_Casa_Blanca,4530,1732383300,1070,1128
2039,"CodeTON Round 9 (Div. 1 + Div. 2, Rated, Prizes!)",archit55,4530,1732383300,1143,1179
2039,"CodeTON Round 9 (Div. 1 + Div. 2, Rated, Prizes!)",Tamas,4530,1732383300,985,1070
2039,"CodeTON Round 9 (Div. 1 + Div. 2, Rated, Prizes!)",Bittencourt,4530,1732383300,1455,1412
2039,"CodeTON Round 9 (Div. 1 + Div. 2, Rated, Prizes!)",_hhaizz,4530,1732383300,719,971
2039,"CodeTON Round 9 (Div. 1 + Div. 2, Rated, Prizes!)",Ifkk_Ost,4530,1732383300,1389,1362
2039,"CodeTON Round 9 (Div. 1 + Div. 2, Rated, Prizes!)",IamHereForFun,4536,1732383300,1639,1552
2039,"CodeTON Round 9 (Div. 1 + Div. 2, Rated, Prizes!)",KhanMahedi,4536,1732383300,1232,1244
2039,"CodeTON Round 9 (Div. 1 + Div. 2, Rated, Prizes!)",razon_hasssan,4536,1732383300,1075,1131
2039,"CodeTON Round 9 (Div. 1 + Div. 2, Rated, Prizes!)",tamadac,4539,1732383300,1179,1205
2039,"CodeTON Round 9 (Div. 1 + Div. 2, Rated, Prizes!)",iktiup_79,4539,1732383300,1027,1099
2039,"CodeTON Round 9 (Div. 1 + Div. 2, Rated, Prizes!)",Baolong_12123,4541,1732383300,846,1031
2039,"CodeTON Round 9 (Div. 1 + Div. 2, Rated, Prizes!)",Malek__,4542,1732383300,0,479
2039,"CodeTON Round 9 (Div. 1 + Div. 2, Rated, Prizes!)",Andromeda007,4542,1732383300,1472,1424
2039,"CodeTON Round 9 (Div. 1 + Div. 2, Rated, Prizes!)",sotezsojib,4542,1732383300,1098,1147
2039,"CodeTON Round 9 (Div. 1 + Div. 2, Rated, Prizes!)",vor_vishni,4542,1732383300,1122,1164
2039,"CodeTON Round 9 (Div. 1 + Div. 2, Rated, Prizes!)",RiveringDusk,4546,1732383300,1280,1279
2039,"CodeTON Round 9 (Div. 1 + Div. 2, Rated, Prizes!)",AwLty,4547,1732383300,1341,1325
2039,"CodeTON Round 9 (Div. 1 + Div. 2, Rated, Prizes!)",AKASH_ALAM,4547,1732383300,1127,1168
2039,"CodeTON Round 9 (Div. 1 + Div. 2, Rated, Prizes!)",Daemon_X,4547,1732383300,959,1052
2039,"CodeTON Round 9 (Div. 1 + Div. 2, Rated, Prizes!)",CatInDaPringlesCan,4550,1732383300,1096,1146
2039,"CodeTON Round 9 (Div. 1 + Div. 2, Rated, Prizes!)",Mutammim_Irtiza,4551,1732383300,1152,1186
2039,"CodeTON Round 9 (Div. 1 + Div. 2, Rated, Prizes!)",atik8055,4552,1732383300,1392,1363
2039,"CodeTON Round 9 (Div. 1 + Div. 2, Rated, Prizes!)",5amia,4553,1732383300,1057,1118
2039,"CodeTON Round 9 (Div. 1 + Div. 2, Rated, Prizes!)",xingyunri,4553,1732383300,1092,1143
2039,"CodeTON Round 9 (Div. 1 + Div. 2, Rated, Prizes!)",transporter,4555,1732383300,1162,1192
2039,"CodeTON Round 9 (Div. 1 + Div. 2, Rated, Prizes!)",Shiroha_Naruse,4555,1732383300,987,1134
2039,"CodeTON Round 9 (Div. 1 + Div. 2, Rated, Prizes!)",NOTsoGENIUS_69,4557,1732383300,1187,1210
2039,"CodeTON Round 9 (Div. 1 + Div. 2, Rated, Prizes!)",Hide_on_bush,4557,1732383300,1254,1259
2039,"CodeTON Round 9 (Div. 1 + Div. 2, Rated, Prizes!)",Daniyal.a,4557,1732383300,1254,1259
2039,"CodeTON Round 9 (Div. 1 + Div. 2, Rated, Prizes!)",sifat91,4560,1732383300,1192,1214
2039,"CodeTON Round 9 (Div. 1 + Div. 2, Rated, Prizes!)",gafgadfdfvswe,4560,1732383300,1092,1142
2039,"CodeTON Round 9 (Div. 1 + Div. 2, Rated, Prizes!)",revper,4560,1732383300,1338,1322
2039,"CodeTON Round 9 (Div. 1 + Div. 2, Rated, Prizes!)",akagrajain09,4563,1732383300,1223,1236
2039,"CodeTON Round 9 (Div. 1 + Div. 2, Rated, Prizes!)",amit_roy,4563,1732383300,1173,1200
2039,"CodeTON Round 9 (Div. 1 + Div. 2, Rated, Prizes!)",gdbxcvgg,4565,1732383300,1198,1218
2039,"CodeTON Round 9 (Div. 1 + Div. 2, Rated, Prizes!)",Aryan_BV,4565,1732383300,576,866
2039,"CodeTON Round 9 (Div. 1 + Div. 2, Rated, Prizes!)",aamhim,4567,1732383300,1108,1153
2039,"CodeTON Round 9 (Div. 1 + Div. 2, Rated, Prizes!)",Muhammad__Ali,4567,1732383300,1158,1189
2039,"CodeTON Round 9 (Div. 1 + Div. 2, Rated, Prizes!)",Foreverlcrun0817,4569,1732383300,1231,1242
2039,"CodeTON Round 9 (Div. 1 + Div. 2, Rated, Prizes!)",EL__Sherbiny,4570,1732383300,1323,1310
2039,"CodeTON Round 9 (Div. 1 + Div. 2, Rated, Prizes!)",kartavya22236,4570,1732383300,1208,1225
2039,"CodeTON Round 9 (Div. 1 + Div. 2, Rated, Prizes!)",Mr_Flash,4572,1732383300,1469,1421
2039,"CodeTON Round 9 (Div. 1 + Div. 2, Rated, Prizes!)",Binary_001,4573,1732383300,1175,1201
2039,"CodeTON Round 9 (Div. 1 + Div. 2, Rated, Prizes!)",Sanpan07,4574,1732383300,1230,1241
2039,"CodeTON Round 9 (Div. 1 + Div. 2, Rated, Prizes!)",licorice-vector,4574,1732383300,1417,1445
2039,"CodeTON Round 9 (Div. 1 + Div. 2, Rated, Prizes!)",Priyanshu95m,4576,1732383300,1182,1206
2039,"CodeTON Round 9 (Div. 1 + Div. 2, Rated, Prizes!)",hasin_sadaf,4577,1732383300,1085,1137
2039,"CodeTON Round 9 (Div. 1 + Div. 2, Rated, Prizes!)",FinalMove,4577,1732383300,1063,1121
2039,"CodeTON Round 9 (Div. 1 + Div. 2, Rated, Prizes!)",TakeMeToChurch,4577,1732383300,1477,1427
2039,"CodeTON Round 9 (Div. 1 + Div. 2, Rated, Prizes!)",asdfgh0986,4580,1732383300,1363,1340
2039,"CodeTON Round 9 (Div. 1 + Div. 2, Rated, Prizes!)",selmon__bhoi,4580,1732383300,1385,1357
2039,"CodeTON Round 9 (Div. 1 + Div. 2, Rated, Prizes!)",chenxingyuchen,4582,1732383300,1072,1128
2039,"CodeTON Round 9 (Div. 1 + Div. 2, Rated, Prizes!)",tanyujie,4582,1732383300,987,1070
2039,"CodeTON Round 9 (Div. 1 + Div. 2, Rated, Prizes!)",231002814yht,4584,1732383300,1501,1445
2039,"CodeTON Round 9 (Div. 1 + Div. 2, Rated, Prizes!)",MeteorYe,4585,1732383300,1183,1206
2039,"CodeTON Round 9 (Div. 1 + Div. 2, Rated, Prizes!)",MESSI_THE_ONLY_GOAT,4586,1732383300,759,999
2039,"CodeTON Round 9 (Div. 1 + Div. 2, Rated, Prizes!)",Saksham152,4586,1732383300,371,721
2039,"CodeTON Round 9 (Div. 1 + Div. 2, Rated, Prizes!)",1_Erkanat_1,4586,1732383300,1162,1191
2039,"CodeTON Round 9 (Div. 1 + Div. 2, Rated, Prizes!)",MONEEM...,4586,1732383300,855,984
2039,"CodeTON Round 9 (Div. 1 + Div. 2, Rated, Prizes!)",padmanabh10,4590,1732383300,1046,1109
2039,"CodeTON Round 9 (Div. 1 + Div. 2, Rated, Prizes!)",Olympiad,4591,1732383300,1212,1264
2039,"CodeTON Round 9 (Div. 1 + Div. 2, Rated, Prizes!)",Pritam_19,4591,1732383300,1538,1473
2039,"CodeTON Round 9 (Div. 1 + Div. 2, Rated, Prizes!)",Xploit117,4593,1732383300,957,1049
2039,"CodeTON Round 9 (Div. 1 + Div. 2, Rated, Prizes!)",Kita11,4593,1732383300,1230,1277
2039,"CodeTON Round 9 (Div. 1 + Div. 2, Rated, Prizes!)",deep_tricks,4595,1732383300,1172,1198
2039,"CodeTON Round 9 (Div. 1 + Div. 2, Rated, Prizes!)",CIockBlocker,4595,1732383300,1296,1289
2039,"CodeTON Round 9 (Div. 1 + Div. 2, Rated, Prizes!)",rifatbroh,4597,1732383300,962,1053
2039,"CodeTON Round 9 (Div. 1 + Div. 2, Rated, Prizes!)",Dark_543,4597,1732383300,1440,1398
2039,"CodeTON Round 9 (Div. 1 + Div. 2, Rated, Prizes!)",ymghtzj,4597,1732383300,1419,1382
2039,"CodeTON Round 9 (Div. 1 + Div. 2, Rated, Prizes!)",EshadReza,4600,1732383300,1119,1160
2039,"CodeTON Round 9 (Div. 1 + Div. 2, Rated, Prizes!)",_Mahmoud_Ayman2,4601,1732383300,1513,1454
2039,"CodeTON Round 9 (Div. 1 + Div. 2, Rated, Prizes!)",jiangly---fan,4602,1732383300,1405,1371
2039,"CodeTON Round 9 (Div. 1 + Div. 2, Rated, Prizes!)",Gszpqfaaa,4602,1732383300,0,478
2039,"CodeTON Round 9 (Div. 1 + Div. 2, Rated, Prizes!)",hs215237czy,4604,1732383300,1414,1378
2039,"CodeTON Round 9 (Div. 1 + Div. 2, Rated, Prizes!)",limbo_1,4605,1732383300,1337,1358
2039,"CodeTON Round 9 (Div. 1 + Div. 2, Rated, Prizes!)",Yedige1,4605,1732383300,1440,1398
2039,"CodeTON Round 9 (Div. 1 + Div. 2, Rated, Prizes!)",ritesh_jat20,4605,1732383300,1346,1327
2039,"CodeTON Round 9 (Div. 1 + Div. 2, Rated, Prizes!)",lhlephuocdao,4605,1732383300,1199,1217
2039,"CodeTON Round 9 (Div. 1 + Div. 2, Rated, Prizes!)",xiaolanya,4605,1732383300,1389,1359
2039,"CodeTON Round 9 (Div. 1 + Div. 2, Rated, Prizes!)",Roronoa_Zoro_1287,4610,1732383300,762,1001
2039,"CodeTON Round 9 (Div. 1 + Div. 2, Rated, Prizes!)",masttf_1,4611,1732383300,1486,1433
2039,"CodeTON Round 9 (Div. 1 + Div. 2, Rated, Prizes!)",load_the_code,4611,1732383300,1005,1080
2039,"CodeTON Round 9 (Div. 1 + Div. 2, Rated, Prizes!)",theheatcoder,4611,1732383300,1015,1121
2039,"CodeTON Round 9 (Div. 1 + Div. 2, Rated, Prizes!)",datta_sai25,4611,1732383300,1134,1170
2039,"CodeTON Round 9 (Div. 1 + Div. 2, Rated, Prizes!)",jobin491,4611,1732383300,1486,1433
2039,"CodeTON Round 9 (Div. 1 + Div. 2, Rated, Prizes!)",draxilorian,4611,1732383300,1490,1436
2039,"CodeTON Round 9 (Div. 1 + Div. 2, Rated, Prizes!)",raybb,4617,1732383300,1903,1755
2039,"CodeTON Round 9 (Div. 1 + Div. 2, Rated, Prizes!)",nikifkon,4618,1732383300,1305,1295
2039,"CodeTON Round 9 (Div. 1 + Div. 2, Rated, Prizes!)",nawab_kibria,4618,1732383300,1029,1096
2039,"CodeTON Round 9 (Div. 1 + Div. 2, Rated, Prizes!)",empty_brainer,4618,1732383300,424,759
2039,"CodeTON Round 9 (Div. 1 + Div. 2, Rated, Prizes!)",karmit_langhnoda,4621,1732383300,1125,1163
2039,"CodeTON Round 9 (Div. 1 + Div. 2, Rated, Prizes!)",Victor_Ivis,4621,1732383300,1191,1211
2039,"CodeTON Round 9 (Div. 1 + Div. 2, Rated, Prizes!)",code_is_force,4623,1732383300,663,927
2039,"CodeTON Round 9 (Div. 1 + Div. 2, Rated, Prizes!)",diego_in_cf,4623,1732383300,1686,1585
2039,"CodeTON Round 9 (Div. 1 + Div. 2, Rated, Prizes!)",Ali_Azzam,4623,1732383300,1512,1452
2039,"CodeTON Round 9 (Div. 1 + Div. 2, Rated, Prizes!)",chaaben,4626,1732383300,1247,1252
2039,"CodeTON Round 9 (Div. 1 + Div. 2, Rated, Prizes!)",SHRYDER1,4626,1732383300,987,1067
2039,"CodeTON Round 9 (Div. 1 + Div. 2, Rated, Prizes!)",TheRubicon,4628,1732383300,1154,1184
2039,"CodeTON Round 9 (Div. 1 + Div. 2, Rated, Prizes!)",akimzhan,4629,1732383300,982,1064
2039,"CodeTON Round 9 (Div. 1 + Div. 2, Rated, Prizes!)",raz_00,4630,1732383300,929,1029
2039,"CodeTON Round 9 (Div. 1 + Div. 2, Rated, Prizes!)",voldemar_karshering,4630,1732383300,1532,1467
2039,"CodeTON Round 9 (Div. 1 + Div. 2, Rated, Prizes!)",TLuca2021,4630,1732383300,1132,1204
2039,"CodeTON Round 9 (Div. 1 + Div. 2, Rated, Prizes!)",sdmrlh,4630,1732383300,1531,1466
2039,"CodeTON Round 9 (Div. 1 + Div. 2, Rated, Prizes!)",singh_aman8409,4634,1732383300,659,923
2039,"CodeTON Round 9 (Div. 1 + Div. 2, Rated, Prizes!)",ntr0py,4635,1732383300,1177,1200
2039,"CodeTON Round 9 (Div. 1 + Div. 2, Rated, Prizes!)",MikelBarajas,4635,1732383300,1152,1182
2039,"CodeTON Round 9 (Div. 1 + Div. 2, Rated, Prizes!)",Saiya-jin_x07,4635,1732383300,0,476
2039,"CodeTON Round 9 (Div. 1 + Div. 2, Rated, Prizes!)",Mr_Sohel,4635,1732383300,1106,1150
2039,"CodeTON Round 9 (Div. 1 + Div. 2, Rated, Prizes!)",Zerone.,4639,1732383300,1328,1312
2039,"CodeTON Round 9 (Div. 1 + Div. 2, Rated, Prizes!)",mdhlimonmia,4639,1732383300,1218,1230
2039,"CodeTON Round 9 (Div. 1 + Div. 2, Rated, Prizes!)",Shivam08,4639,1732383300,1281,1276
2039,"CodeTON Round 9 (Div. 1 + Div. 2, Rated, Prizes!)",lemmec0de,4642,1732383300,1052,1168
2039,"CodeTON Round 9 (Div. 1 + Div. 2, Rated, Prizes!)",KrAuAg,4642,1732383300,1229,1238
2039,"CodeTON Round 9 (Div. 1 + Div. 2, Rated, Prizes!)",priyanka_spm,4644,1732383300,930,1029
2039,"CodeTON Round 9 (Div. 1 + Div. 2, Rated, Prizes!)",Ziad_Abdou,4644,1732383300,1251,1254
2039,"CodeTON Round 9 (Div. 1 + Div. 2, Rated, Prizes!)",jihanz,4646,1732383300,1295,1287
2039,"CodeTON Round 9 (Div. 1 + Div. 2, Rated, Prizes!)",xinzer,4646,1732383300,1225,1235
2039,"CodeTON Round 9 (Div. 1 + Div. 2, Rated, Prizes!)",rahulmudambi,4646,1732383300,1225,1235
2039,"CodeTON Round 9 (Div. 1 + Div. 2, Rated, Prizes!)",suancai,4649,1732383300,1368,1342
2039,"CodeTON Round 9 (Div. 1 + Div. 2, Rated, Prizes!)",timelimited,4650,1732383300,0,476
2039,"CodeTON Round 9 (Div. 1 + Div. 2, Rated, Prizes!)",FDevelop,4651,1732383300,1087,1193
2039,"CodeTON Round 9 (Div. 1 + Div. 2, Rated, Prizes!)",kytoLam,4651,1732383300,1236,1243
2039,"CodeTON Round 9 (Div. 1 + Div. 2, Rated, Prizes!)",Abdullah_Sheehan,4651,1732383300,1066,1121
2039,"CodeTON Round 9 (Div. 1 + Div. 2, Rated, Prizes!)",G_D,4651,1732383300,1542,1474
2039,"CodeTON Round 9 (Div. 1 + Div. 2, Rated, Prizes!)",GalacticNea,4655,1732383300,1110,1151
2039,"CodeTON Round 9 (Div. 1 + Div. 2, Rated, Prizes!)",NianEr,4655,1732383300,917,1020
2039,"CodeTON Round 9 (Div. 1 + Div. 2, Rated, Prizes!)",P1R2I6,4655,1732383300,1130,1166
2039,"CodeTON Round 9 (Div. 1 + Div. 2, Rated, Prizes!)",Storm7424,4655,1732383300,685,942
2039,"CodeTON Round 9 (Div. 1 + Div. 2, Rated, Prizes!)",Vincent_czy,4655,1732383300,1341,1321
2039,"CodeTON Round 9 (Div. 1 + Div. 2, Rated, Prizes!)",MMMM_M,4660,1732383300,625,898
2039,"CodeTON Round 9 (Div. 1 + Div. 2, Rated, Prizes!)",Holi_t,4660,1732383300,1407,1371
2039,"CodeTON Round 9 (Div. 1 + Div. 2, Rated, Prizes!)",Tianyu_miao,4662,1732383300,1411,1374
2039,"CodeTON Round 9 (Div. 1 + Div. 2, Rated, Prizes!)",KaPe503,4662,1732383300,1629,1541
2039,"CodeTON Round 9 (Div. 1 + Div. 2, Rated, Prizes!)",Mymuna__,4662,1732383300,999,1074
2039,"CodeTON Round 9 (Div. 1 + Div. 2, Rated, Prizes!)",Binomial77,4662,1732383300,1055,1113
2039,"CodeTON Round 9 (Div. 1 + Div. 2, Rated, Prizes!)",zartaf.raza,4666,1732383300,1484,1429
2039,"CodeTON Round 9 (Div. 1 + Div. 2, Rated, Prizes!)",Rahul.K,4667,1732383300,1056,1113
2039,"CodeTON Round 9 (Div. 1 + Div. 2, Rated, Prizes!)",jadenmeister,4668,1732383300,1010,1082
2039,"CodeTON Round 9 (Div. 1 + Div. 2, Rated, Prizes!)",Revanth27,4669,1732383300,1348,1326
2039,"CodeTON Round 9 (Div. 1 + Div. 2, Rated, Prizes!)",dolphyX,4669,1732383300,1051,1166
2039,"CodeTON Round 9 (Div. 1 + Div. 2, Rated, Prizes!)",Muhammad-Ahmad,4669,1732383300,1218,1228
2039,"CodeTON Round 9 (Div. 1 + Div. 2, Rated, Prizes!)",-0x3f3f3f,4672,1732383300,0,475
2039,"CodeTON Round 9 (Div. 1 + Div. 2, Rated, Prizes!)",z0z0zz0,4673,1732383300,0,475
2039,"CodeTON Round 9 (Div. 1 + Div. 2, Rated, Prizes!)",abhinav170399,4673,1732383300,1279,1274
2039,"CodeTON Round 9 (Div. 1 + Div. 2, Rated, Prizes!)",garou_26,4675,1732383300,0,475
2039,"CodeTON Round 9 (Div. 1 + Div. 2, Rated, Prizes!)",amikisuparina724,4675,1732383300,1034,1098
2039,"CodeTON Round 9 (Div. 1 + Div. 2, Rated, Prizes!)",Vegeto_,4677,1732383300,1203,1218
2039,"CodeTON Round 9 (Div. 1 + Div. 2, Rated, Prizes!)",whos_vic,4678,1732383300,790,1020
2039,"CodeTON Round 9 (Div. 1 + Div. 2, Rated, Prizes!)",Muhammad-Mutahir,4678,1732383300,1082,1131
2039,"CodeTON Round 9 (Div. 1 + Div. 2, Rated, Prizes!)",m1mirr,4678,1732383300,923,1023
2039,"CodeTON Round 9 (Div. 1 + Div. 2, Rated, Prizes!)",Milton_098,4678,1732383300,1229,1237
2039,"CodeTON Round 9 (Div. 1 + Div. 2, Rated, Prizes!)",3m_el_DP,4682,1732383300,1140,1172
2039,"CodeTON Round 9 (Div. 1 + Div. 2, Rated, Prizes!)",PXLXTA,4682,1732383300,1101,1144
2039,"CodeTON Round 9 (Div. 1 + Div. 2, Rated, Prizes!)",fakePython,4684,1732383300,1234,1240
2039,"CodeTON Round 9 (Div. 1 + Div. 2, Rated, Prizes!)",Abbcmc,4685,1732383300,1077,1127
2039,"CodeTON Round 9 (Div. 1 + Div. 2, Rated, Prizes!)",Mr_Sayo_,4685,1732383300,1061,1151
2039,"CodeTON Round 9 (Div. 1 + Div. 2, Rated, Prizes!)",da_fuk,4685,1732383300,826,962
2039,"CodeTON Round 9 (Div. 1 + Div. 2, Rated, Prizes!)",Ilyasdev,4685,1732383300,965,1051
2039,"CodeTON Round 9 (Div. 1 + Div. 2, Rated, Prizes!)",Sleepwf,4689,1732383300,1294,1285
2039,"CodeTON Round 9 (Div. 1 + Div. 2, Rated, Prizes!)",kritiupadhyay24,4690,1732383300,454,780
2039,"CodeTON Round 9 (Div. 1 + Div. 2, Rated, Prizes!)",Manshu47,4690,1732383300,844,973
2039,"CodeTON Round 9 (Div. 1 + Div. 2, Rated, Prizes!)",Shahod,4690,1732383300,1465,1414
2039,"CodeTON Round 9 (Div. 1 + Div. 2, Rated, Prizes!)",Saptak88,4690,1732383300,1380,1350
2039,"CodeTON Round 9 (Div. 1 + Div. 2, Rated, Prizes!)",Abu-Alhoss,4690,1732383300,1313,1299
2039,"CodeTON Round 9 (Div. 1 + Div. 2, Rated, Prizes!)",CoderBaru01,4695,1732383300,1653,1559
2039,"CodeTON Round 9 (Div. 1 + Div. 2, Rated, Prizes!)",Aliiii,4696,1732383300,1298,1287
2039,"CodeTON Round 9 (Div. 1 + Div. 2, Rated, Prizes!)",moneywar,4696,1732383300,1084,1167
2039,"CodeTON Round 9 (Div. 1 + Div. 2, Rated, Prizes!)",GreatRevan,4698,1732383300,1098,1141
2039,"CodeTON Round 9 (Div. 1 + Div. 2, Rated, Prizes!)",saviour12323,4698,1732383300,0,475
2039,"CodeTON Round 9 (Div. 1 + Div. 2, Rated, Prizes!)",trandinhvo1809,4698,1732383300,1364,1338
2039,"CodeTON Round 9 (Div. 1 + Div. 2, Rated, Prizes!)",veljkootac,4701,1732383300,1494,1436
2039,"CodeTON Round 9 (Div. 1 + Div. 2, Rated, Prizes!)",akouksami,4701,1732383300,353,704
2039,"CodeTON Round 9 (Div. 1 + Div. 2, Rated, Prizes!)",Muhammad-Talha,4703,1732383300,1097,1141
2039,"CodeTON Round 9 (Div. 1 + Div. 2, Rated, Prizes!)",Harden5,4703,1732383300,1333,1313
2039,"CodeTON Round 9 (Div. 1 + Div. 2, Rated, Prizes!)",_KFC_lover,4705,1732383300,1128,1162
2039,"CodeTON Round 9 (Div. 1 + Div. 2, Rated, Prizes!)",buchu,4705,1732383300,1184,1203
2039,"CodeTON Round 9 (Div. 1 + Div. 2, Rated, Prizes!)",problem10programming,4707,1732383300,973,1109
2039,"CodeTON Round 9 (Div. 1 + Div. 2, Rated, Prizes!)",ashu_verma,4708,1732383300,840,1021
2039,"CodeTON Round 9 (Div. 1 + Div. 2, Rated, Prizes!)",joaohenalves,4709,1732383300,1211,1222
2039,"CodeTON Round 9 (Div. 1 + Div. 2, Rated, Prizes!)",win1702,4710,1732383300,1315,1300
2039,"CodeTON Round 9 (Div. 1 + Div. 2, Rated, Prizes!)",Bronyaya,4710,1732383300,1153,1180
2039,"CodeTON Round 9 (Div. 1 + Div. 2, Rated, Prizes!)",Kompotik,4710,1732383300,1187,1204
2039,"CodeTON Round 9 (Div. 1 + Div. 2, Rated, Prizes!)",jmpizza,4713,1732383300,1032,1095
2039,"CodeTON Round 9 (Div. 1 + Div. 2, Rated, Prizes!)",Zhl04,4713,1732383300,1079,1128
2039,"CodeTON Round 9 (Div. 1 + Div. 2, Rated, Prizes!)",As_dm,4715,1732383300,1333,1313
2039,"CodeTON Round 9 (Div. 1 + Div. 2, Rated, Prizes!)",codeWhizrd,4716,1732383300,882,1028
2039,"CodeTON Round 9 (Div. 1 + Div. 2, Rated, Prizes!)",nie_,4717,1732383300,1005,1131
2039,"CodeTON Round 9 (Div. 1 + Div. 2, Rated, Prizes!)",segtreefan,4717,1732383300,1352,1328
2039,"CodeTON Round 9 (Div. 1 + Div. 2, Rated, Prizes!)",Parano1d,4719,1732383300,636,904
2039,"CodeTON Round 9 (Div. 1 + Div. 2, Rated, Prizes!)",byrtho_kobi,4719,1732383300,1314,1299
2039,"CodeTON Round 9 (Div. 1 + Div. 2, Rated, Prizes!)",config________,4719,1732383300,473,793
2039,"CodeTON Round 9 (Div. 1 + Div. 2, Rated, Prizes!)",Autu_Rain,4719,1732383300,1188,1205
2039,"CodeTON Round 9 (Div. 1 + Div. 2, Rated, Prizes!)",rian1110101,4723,1732383300,1050,1107
2039,"CodeTON Round 9 (Div. 1 + Div. 2, Rated, Prizes!)",jaggs1126,4724,1732383300,1376,1346
2039,"CodeTON Round 9 (Div. 1 + Div. 2, Rated, Prizes!)",MohZoro,4725,1732383300,1145,1174
2039,"CodeTON Round 9 (Div. 1 + Div. 2, Rated, Prizes!)",Natsuya,4726,1732383300,1208,1220
2039,"CodeTON Round 9 (Div. 1 + Div. 2, Rated, Prizes!)",kyatatsu,4727,1732383300,484,801
2039,"CodeTON Round 9 (Div. 1 + Div. 2, Rated, Prizes!)",Rakib_18,4727,1732383300,1020,1086
2039,"CodeTON Round 9 (Div. 1 + Div. 2, Rated, Prizes!)",bikram_gupta,4729,1732383300,957,1044
2039,"CodeTON Round 9 (Div. 1 + Div. 2, Rated, Prizes!)",Resonce,4729,1732383300,1419,1378
2039,"CodeTON Round 9 (Div. 1 + Div. 2, Rated, Prizes!)",Gautam_100,4731,1732383300,1252,1252
2039,"CodeTON Round 9 (Div. 1 + Div. 2, Rated, Prizes!)",llyscysykr,4732,1732383300,451,776
2039,"CodeTON Round 9 (Div. 1 + Div. 2, Rated, Prizes!)",Alaa,4733,1732383300,1126,1160
2039,"CodeTON Round 9 (Div. 1 + Div. 2, Rated, Prizes!)",fxnb,4734,1732383300,995,1069
2039,"CodeTON Round 9 (Div. 1 + Div. 2, Rated, Prizes!)",Likhon_Mandal23,4734,1732383300,1110,1149
2039,"CodeTON Round 9 (Div. 1 + Div. 2, Rated, Prizes!)",RagePhoenix,4736,1732383300,1406,1368
2039,"CodeTON Round 9 (Div. 1 + Div. 2, Rated, Prizes!)",aentrenus1,4736,1732383300,1414,1374
2039,"CodeTON Round 9 (Div. 1 + Div. 2, Rated, Prizes!)",luohui468,4736,1732383300,1572,1495
2039,"CodeTON Round 9 (Div. 1 + Div. 2, Rated, Prizes!)",Duong_,4736,1732383300,1382,1350
2039,"CodeTON Round 9 (Div. 1 + Div. 2, Rated, Prizes!)",mngan,4740,1732383300,1283,1275
2039,"CodeTON Round 9 (Div. 1 + Div. 2, Rated, Prizes!)",anry09,4741,1732383300,1137,1167
2039,"CodeTON Round 9 (Div. 1 + Div. 2, Rated, Prizes!)",vld.ktk,4741,1732383300,1583,1503
2039,"CodeTON Round 9 (Div. 1 + Div. 2, Rated, Prizes!)",ph03iA_,4741,1732383300,1299,1286
2039,"CodeTON Round 9 (Div. 1 + Div. 2, Rated, Prizes!)",seg__fault,4744,1732383300,1245,1246
2039,"CodeTON Round 9 (Div. 1 + Div. 2, Rated, Prizes!)",_ritheesh_,4744,1732383300,1102,1142
2039,"CodeTON Round 9 (Div. 1 + Div. 2, Rated, Prizes!)",sunnnyy__04,4744,1732383300,1095,1137
2039,"CodeTON Round 9 (Div. 1 + Div. 2, Rated, Prizes!)",IliasTulenina,4744,1732383300,1089,1133
2039,"CodeTON Round 9 (Div. 1 + Div. 2, Rated, Prizes!)",yilingzhixing,4744,1732383300,689,942
2039,"CodeTON Round 9 (Div. 1 + Div. 2, Rated, Prizes!)",neatshit,4749,1732383300,1286,1276
2039,"CodeTON Round 9 (Div. 1 + Div. 2, Rated, Prizes!)",lelo_pudinaa,4750,1732383300,349,699
2039,"CodeTON Round 9 (Div. 1 + Div. 2, Rated, Prizes!)",NarendraTejasvi,4750,1732383300,856,1067
2039,"CodeTON Round 9 (Div. 1 + Div. 2, Rated, Prizes!)",Fidan_Nora,4750,1732383300,1054,1109
2039,"CodeTON Round 9 (Div. 1 + Div. 2, Rated, Prizes!)",Bekbolot_Ubaidullaev,4753,1732383300,1079,1126
2039,"CodeTON Round 9 (Div. 1 + Div. 2, Rated, Prizes!)",benjellounelghali99,4753,1732383300,1326,1307
2039,"CodeTON Round 9 (Div. 1 + Div. 2, Rated, Prizes!)",ShayahmetovAskar,4755,1732383300,1341,1318
2039,"CodeTON Round 9 (Div. 1 + Div. 2, Rated, Prizes!)",unmeshgoutimabehera20,4755,1732383300,1205,1217
2039,"CodeTON Round 9 (Div. 1 + Div. 2, Rated, Prizes!)",RightTwix,4757,1732383300,1074,1122
2039,"CodeTON Round 9 (Div. 1 + Div. 2, Rated, Prizes!)",008-Nurzhan-K-2027,4758,1732383300,0,473
2039,"CodeTON Round 9 (Div. 1 + Div. 2, Rated, Prizes!)",def_not_alt,4758,1732383300,1571,1493
2039,"CodeTON Round 9 (Div. 1 + Div. 2, Rated, Prizes!)",gourav987,4758,1732383300,1229,1234
2039,"CodeTON Round 9 (Div. 1 + Div. 2, Rated, Prizes!)",ali43,4761,1732383300,1049,1105
2039,"CodeTON Round 9 (Div. 1 + Div. 2, Rated, Prizes!)",pikino,4762,1732383300,1454,1404
2039,"CodeTON Round 9 (Div. 1 + Div. 2, Rated, Prizes!)",____Tourist____,4762,1732383300,1504,1442
2039,"CodeTON Round 9 (Div. 1 + Div. 2, Rated, Prizes!)",The_Rough_One,4762,1732383300,1078,1125
2039,"CodeTON Round 9 (Div. 1 + Div. 2, Rated, Prizes!)",Vicusya,4762,1732383300,1432,1387
2039,"CodeTON Round 9 (Div. 1 + Div. 2, Rated, Prizes!)",_Eren_Jaegar_,4766,1732383300,1079,1125
2039,"CodeTON Round 9 (Div. 1 + Div. 2, Rated, Prizes!)",uranus,4767,1732383300,1647,1551
2039,"CodeTON Round 9 (Div. 1 + Div. 2, Rated, Prizes!)",5046434_06,4767,1732383300,1001,1071
2039,"CodeTON Round 9 (Div. 1 + Div. 2, Rated, Prizes!)",Mss_buttercup,4767,1732383300,965,1047
2039,"CodeTON Round 9 (Div. 1 + Div. 2, Rated, Prizes!)",kalkiTheSaviour,4767,1732383300,508,818
2039,"CodeTON Round 9 (Div. 1 + Div. 2, Rated, Prizes!)",syedraihanali,4767,1732383300,407,742
2039,"CodeTON Round 9 (Div. 1 + Div. 2, Rated, Prizes!)",namansinghjarodiya,4772,1732383300,1154,1179
2039,"CodeTON Round 9 (Div. 1 + Div. 2, Rated, Prizes!)",CCying444,4772,1732383300,1379,1346
2039,"CodeTON Round 9 (Div. 1 + Div. 2, Rated, Prizes!)",bebopboi,4772,1732383300,1460,1408
2039,"CodeTON Round 9 (Div. 1 + Div. 2, Rated, Prizes!)",fengsongquan,4772,1732383300,1848,1707
2039,"CodeTON Round 9 (Div. 1 + Div. 2, Rated, Prizes!)",Mustafa_Essam,4776,1732383300,879,991
2039,"CodeTON Round 9 (Div. 1 + Div. 2, Rated, Prizes!)",Sharif_Math,4776,1732383300,1116,1151
2039,"CodeTON Round 9 (Div. 1 + Div. 2, Rated, Prizes!)",spshirzad04,4778,1732383300,1230,1234
2039,"CodeTON Round 9 (Div. 1 + Div. 2, Rated, Prizes!)",POLYMORPHIC_PHANTOM,4778,1732383300,1074,1121
2039,"CodeTON Round 9 (Div. 1 + Div. 2, Rated, Prizes!)",panwarji,4780,1732383300,1316,1298
2039,"CodeTON Round 9 (Div. 1 + Div. 2, Rated, Prizes!)",Iguanado,4781,1732383300,1049,1104
2039,"CodeTON Round 9 (Div. 1 + Div. 2, Rated, Prizes!)",Caceres.Nikita,4782,1732383300,1496,1435
2039,"CodeTON Round 9 (Div. 1 + Div. 2, Rated, Prizes!)",Ventxin,4783,1732383300,1296,1283
2039,"CodeTON Round 9 (Div. 1 + Div. 2, Rated, Prizes!)",dk-W,4783,1732383300,1153,1177
2039,"CodeTON Round 9 (Div. 1 + Div. 2, Rated, Prizes!)",Madao69,4783,1732383300,1167,1188
2039,"CodeTON Round 9 (Div. 1 + Div. 2, Rated, Prizes!)",ZeoDraxyl,4786,1732383300,1134,1163
2039,"CodeTON Round 9 (Div. 1 + Div. 2, Rated, Prizes!)",RevCoSTa,4787,1732383300,1288,1277
2039,"CodeTON Round 9 (Div. 1 + Div. 2, Rated, Prizes!)",Pappapig,4788,1732383300,1293,1280
2039,"CodeTON Round 9 (Div. 1 + Div. 2, Rated, Prizes!)",train,4788,1732383300,752,912
2039,"CodeTON Round 9 (Div. 1 + Div. 2, Rated, Prizes!)",NikhilN123,4790,1732383300,899,1003
2039,"CodeTON Round 9 (Div. 1 + Div. 2, Rated, Prizes!)",KRISTY2006,4790,1732383300,1355,1327
2039,"CodeTON Round 9 (Div. 1 + Div. 2, Rated, Prizes!)",xenon314159,4790,1732383300,1171,1227
2039,"CodeTON Round 9 (Div. 1 + Div. 2, Rated, Prizes!)",VentiLyre,4793,1732383300,1219,1225
2039,"CodeTON Round 9 (Div. 1 + Div. 2, Rated, Prizes!)",Homz,4793,1732383300,1170,1189
2039,"CodeTON Round 9 (Div. 1 + Div. 2, Rated, Prizes!)",Pallab827,4793,1732383300,1171,1190
2039,"CodeTON Round 9 (Div. 1 + Div. 2, Rated, Prizes!)",M_S_19,4796,1732383300,1200,1211
2039,"CodeTON Round 9 (Div. 1 + Div. 2, Rated, Prizes!)",aadits83_off,4797,1732383300,1205,1215
2039,"CodeTON Round 9 (Div. 1 + Div. 2, Rated, Prizes!)",Progenitor01,4798,1732383300,1065,1114
2039,"CodeTON Round 9 (Div. 1 + Div. 2, Rated, Prizes!)",thismagic,4799,1732383300,1219,1225
2039,"CodeTON Round 9 (Div. 1 + Div. 2, Rated, Prizes!)",Fuad_Hasan43,4800,1732383300,824,955
2039,"CodeTON Round 9 (Div. 1 + Div. 2, Rated, Prizes!)",_Z_H_C_,4801,1732383300,0,471
2039,"CodeTON Round 9 (Div. 1 + Div. 2, Rated, Prizes!)",Jericho_98,4801,1732383300,1130,1160
2039,"CodeTON Round 9 (Div. 1 + Div. 2, Rated, Prizes!)",SinaSP,4803,1732383300,1554,1479
2039,"CodeTON Round 9 (Div. 1 + Div. 2, Rated, Prizes!)",codeitV,4803,1732383300,944,1093
2039,"CodeTON Round 9 (Div. 1 + Div. 2, Rated, Prizes!)",Androiddinosaur,4803,1732383300,727,938
2039,"CodeTON Round 9 (Div. 1 + Div. 2, Rated, Prizes!)",sharmalavneesh3,4806,1732383300,924,1019
2039,"CodeTON Round 9 (Div. 1 + Div. 2, Rated, Prizes!)",daneil892,4807,1732383300,1328,1307
2039,"CodeTON Round 9 (Div. 1 + Div. 2, Rated, Prizes!)",TheAnonymousAMGR,4807,1732383300,961,1043
2039,"CodeTON Round 9 (Div. 1 + Div. 2, Rated, Prizes!)",ankushbag1605,4809,1732383300,1274,1303
2039,"CodeTON Round 9 (Div. 1 + Div. 2, Rated, Prizes!)",Kengkl,4809,1732383300,0,472
2039,"CodeTON Round 9 (Div. 1 + Div. 2, Rated, Prizes!)",metarudra28,4811,1732383300,911,1010
2039,"CodeTON Round 9 (Div. 1 + Div. 2, Rated, Prizes!)",Shabit,4811,1732383300,1108,1145
2039,"CodeTON Round 9 (Div. 1 + Div. 2, Rated, Prizes!)",yashjaiswal2509,4813,1732383300,1257,1253
2039,"CodeTON Round 9 (Div. 1 + Div. 2, Rated, Prizes!)",KunalBorade,4813,1732383300,1146,1171
2039,"CodeTON Round 9 (Div. 1 + Div. 2, Rated, Prizes!)",giknes,4815,1732383300,1382,1347
2039,"CodeTON Round 9 (Div. 1 + Div. 2, Rated, Prizes!)",brain_dead_47,4815,1732383300,949,1035
2039,"CodeTON Round 9 (Div. 1 + Div. 2, Rated, Prizes!)",feelme,4817,1732383300,1351,1324
2039,"CodeTON Round 9 (Div. 1 + Div. 2, Rated, Prizes!)",raushanahir0311,4817,1732383300,1114,1148
2039,"CodeTON Round 9 (Div. 1 + Div. 2, Rated, Prizes!)",devess,4819,1732383300,1166,1186
2039,"CodeTON Round 9 (Div. 1 + Div. 2, Rated, Prizes!)",Astral_Plane,4820,1732383300,1179,1271
2039,"CodeTON Round 9 (Div. 1 + Div. 2, Rated, Prizes!)",Razzle,4821,1732383300,1243,1242
2039,"CodeTON Round 9 (Div. 1 + Div. 2, Rated, Prizes!)",haiduynguyen,4821,1732383300,1032,1159
2039,"CodeTON Round 9 (Div. 1 + Div. 2, Rated, Prizes!)",rdxxx,4821,1732383300,1205,1214
2039,"CodeTON Round 9 (Div. 1 + Div. 2, Rated, Prizes!)",eugalt,4824,1732383300,1013,1078
2039,"CodeTON Round 9 (Div. 1 + Div. 2, Rated, Prizes!)",harry_potter_3112,4825,1732383300,1201,1211
2039,"CodeTON Round 9 (Div. 1 + Div. 2, Rated, Prizes!)",Shinoz,4825,1732383300,1128,1158
2039,"CodeTON Round 9 (Div. 1 + Div. 2, Rated, Prizes!)",Keshav_9835,4825,1732383300,942,1030
2039,"CodeTON Round 9 (Div. 1 + Div. 2, Rated, Prizes!)",programandcode,4828,1732383300,0,471
2039,"CodeTON Round 9 (Div. 1 + Div. 2, Rated, Prizes!)",crocell001,4829,1732383300,1214,1220
2039,"CodeTON Round 9 (Div. 1 + Div. 2, Rated, Prizes!)",VSM_123,4829,1732383300,975,1106
2039,"CodeTON Round 9 (Div. 1 + Div. 2, Rated, Prizes!)",B1naryKn1ght,4829,1732383300,852,972
2039,"CodeTON Round 9 (Div. 1 + Div. 2, Rated, Prizes!)",sujoyy19,4832,1732383300,1028,1088
2039,"CodeTON Round 9 (Div. 1 + Div. 2, Rated, Prizes!)",wctnwa,4832,1732383300,1143,1169
2039,"CodeTON Round 9 (Div. 1 + Div. 2, Rated, Prizes!)",SevenAlarm,4834,1732383300,1497,1434
2039,"CodeTON Round 9 (Div. 1 + Div. 2, Rated, Prizes!)",Bagaev,4835,1732383300,1605,1517
2039,"CodeTON Round 9 (Div. 1 + Div. 2, Rated, Prizes!)",Alex_VAA,4835,1732383300,1057,1177
2039,"CodeTON Round 9 (Div. 1 + Div. 2, Rated, Prizes!)",robertlilintek,4835,1732383300,550,848
2039,"CodeTON Round 9 (Div. 1 + Div. 2, Rated, Prizes!)",Psych_x7,4835,1732383300,1277,1266
2039,"CodeTON Round 9 (Div. 1 + Div. 2, Rated, Prizes!)",Gicks,4835,1732383300,990,1116
2039,"CodeTON Round 9 (Div. 1 + Div. 2, Rated, Prizes!)",scarecrow689,4835,1732383300,380,719
2039,"CodeTON Round 9 (Div. 1 + Div. 2, Rated, Prizes!)",ELANSARI05,4841,1732383300,1013,1111
2039,"CodeTON Round 9 (Div. 1 + Div. 2, Rated, Prizes!)",raj_mohnani,4842,1732383300,1110,1144
2039,"CodeTON Round 9 (Div. 1 + Div. 2, Rated, Prizes!)",abd360,4842,1732383300,1302,1286
2039,"CodeTON Round 9 (Div. 1 + Div. 2, Rated, Prizes!)",eRali,4842,1732383300,966,1045
2039,"CodeTON Round 9 (Div. 1 + Div. 2, Rated, Prizes!)",Kayum_gazI01,4845,1732383300,1213,1219
2039,"CodeTON Round 9 (Div. 1 + Div. 2, Rated, Prizes!)",SearchMeLater,4846,1732383300,1155,1176
2039,"CodeTON Round 9 (Div. 1 + Div. 2, Rated, Prizes!)",MuazzemHussainKhan,4847,1732383300,943,1030
2039,"CodeTON Round 9 (Div. 1 + Div. 2, Rated, Prizes!)",dhrxv._,4848,1732383300,1213,1219
2039,"CodeTON Round 9 (Div. 1 + Div. 2, Rated, Prizes!)",As1236,4849,1732383300,439,763
2039,"CodeTON Round 9 (Div. 1 + Div. 2, Rated, Prizes!)",peasantbird,4849,1732383300,904,1063
2039,"CodeTON Round 9 (Div. 1 + Div. 2, Rated, Prizes!)",Sherlocked_Potter,4849,1732383300,1367,1335
2039,"CodeTON Round 9 (Div. 1 + Div. 2, Rated, Prizes!)",A-yang,4852,1732383300,1233,1234
2039,"CodeTON Round 9 (Div. 1 + Div. 2, Rated, Prizes!)",Dinhquang06,4852,1732383300,1637,1541
2039,"CodeTON Round 9 (Div. 1 + Div. 2, Rated, Prizes!)",The_Bharadwaj,4854,1732383300,0,470
2039,"CodeTON Round 9 (Div. 1 + Div. 2, Rated, Prizes!)",fluid_practice,4855,1732383300,1032,1089
2039,"CodeTON Round 9 (Div. 1 + Div. 2, Rated, Prizes!)",mdshohed,4856,1732383300,1021,1082
2039,"CodeTON Round 9 (Div. 1 + Div. 2, Rated, Prizes!)",Sroor_1000,4856,1732383300,1061,1109
2039,"CodeTON Round 9 (Div. 1 + Div. 2, Rated, Prizes!)",LMQuan,4858,1732383300,1550,1474
2039,"CodeTON Round 9 (Div. 1 + Div. 2, Rated, Prizes!)",Stark0509,4858,1732383300,1429,1382
2039,"CodeTON Round 9 (Div. 1 + Div. 2, Rated, Prizes!)",TwindT,4860,1732383300,1127,1156
2039,"CodeTON Round 9 (Div. 1 + Div. 2, Rated, Prizes!)",borwen,4860,1732383300,1661,1559
2039,"CodeTON Round 9 (Div. 1 + Div. 2, Rated, Prizes!)",lizao,4862,1732383300,1062,1110
2039,"CodeTON Round 9 (Div. 1 + Div. 2, Rated, Prizes!)",motttttt,4863,1732383300,1042,1096
2039,"CodeTON Round 9 (Div. 1 + Div. 2, Rated, Prizes!)",Ishan_007,4864,1732383300,1253,1248
2039,"CodeTON Round 9 (Div. 1 + Div. 2, Rated, Prizes!)",Imnotndd,4864,1732383300,1318,1297
2039,"CodeTON Round 9 (Div. 1 + Div. 2, Rated, Prizes!)",zhuxy,4864,1732383300,0,470
2039,"CodeTON Round 9 (Div. 1 + Div. 2, Rated, Prizes!)",okay09,4867,1732383300,1055,1105
2039,"CodeTON Round 9 (Div. 1 + Div. 2, Rated, Prizes!)",harshgarg,4867,1732383300,1520,1451
2039,"CodeTON Round 9 (Div. 1 + Div. 2, Rated, Prizes!)",RakshitRane30,4867,1732383300,0,469
2039,"CodeTON Round 9 (Div. 1 + Div. 2, Rated, Prizes!)",ww4445,4867,1732383300,999,1066
2039,"CodeTON Round 9 (Div. 1 + Div. 2, Rated, Prizes!)",NDAKJin,4871,1732383300,1190,1201
2039,"CodeTON Round 9 (Div. 1 + Div. 2, Rated, Prizes!)",zzxuu,4872,1732383300,1107,1141
2039,"CodeTON Round 9 (Div. 1 + Div. 2, Rated, Prizes!)",Renn98,4872,1732383300,909,1065
2039,"CodeTON Round 9 (Div. 1 + Div. 2, Rated, Prizes!)",olzhas1,4872,1732383300,796,935
2039,"CodeTON Round 9 (Div. 1 + Div. 2, Rated, Prizes!)",UzByte,4875,1732383300,362,704
2039,"CodeTON Round 9 (Div. 1 + Div. 2, Rated, Prizes!)",outlander,4876,1732383300,1452,1399
2039,"CodeTON Round 9 (Div. 1 + Div. 2, Rated, Prizes!)",v3ctorSigma,4877,1732383300,1205,1212
2039,"CodeTON Round 9 (Div. 1 + Div. 2, Rated, Prizes!)",zach24,4877,1732383300,1200,1208
2039,"CodeTON Round 9 (Div. 1 + Div. 2, Rated, Prizes!)",Shamim_khandakar,4879,1732383300,1257,1250
2039,"CodeTON Round 9 (Div. 1 + Div. 2, Rated, Prizes!)",RD_TheCoder,4879,1732383300,1613,1522
2039,"CodeTON Round 9 (Div. 1 + Div. 2, Rated, Prizes!)",Laoqiang--wiLLAC,4879,1732383300,1554,1477
2039,"CodeTON Round 9 (Div. 1 + Div. 2, Rated, Prizes!)",himanshuu932,4882,1732383300,710,953
2039,"CodeTON Round 9 (Div. 1 + Div. 2, Rated, Prizes!)",_Dxop_,4882,1732383300,752,985
2039,"CodeTON Round 9 (Div. 1 + Div. 2, Rated, Prizes!)",yanmei1,4884,1732383300,0,469
2039,"CodeTON Round 9 (Div. 1 + Div. 2, Rated, Prizes!)",Stalin67,4885,1732383300,1462,1406
2039,"CodeTON Round 9 (Div. 1 + Div. 2, Rated, Prizes!)",aryan.jais20,4885,1732383300,1036,1091
2039,"CodeTON Round 9 (Div. 1 + Div. 2, Rated, Prizes!)",_shelby70,4885,1732383300,1374,1339
2039,"CodeTON Round 9 (Div. 1 + Div. 2, Rated, Prizes!)",1iKha,4885,1732383300,1001,1067
2039,"CodeTON Round 9 (Div. 1 + Div. 2, Rated, Prizes!)",trishfr,4889,1732383300,979,1052
2039,"CodeTON Round 9 (Div. 1 + Div. 2, Rated, Prizes!)",Piyush_Arora03,4889,1732383300,1096,1133
2039,"CodeTON Round 9 (Div. 1 + Div. 2, Rated, Prizes!)",Reaper08,4891,1732383300,1254,1248
2039,"CodeTON Round 9 (Div. 1 + Div. 2, Rated, Prizes!)",ro_kum,4892,1732383300,1239,1236
2039,"CodeTON Round 9 (Div. 1 + Div. 2, Rated, Prizes!)",Filip1221,4892,1732383300,1312,1292
2039,"CodeTON Round 9 (Div. 1 + Div. 2, Rated, Prizes!)",SakibHossain38,4894,1732383300,984,1055
2039,"CodeTON Round 9 (Div. 1 + Div. 2, Rated, Prizes!)",Puneeth254,4894,1732383300,1508,1441
2039,"CodeTON Round 9 (Div. 1 + Div. 2, Rated, Prizes!)",AaryanSriram,4896,1732383300,773,965
2039,"CodeTON Round 9 (Div. 1 + Div. 2, Rated, Prizes!)",7plus6,4896,1732383300,1187,1199
2039,"CodeTON Round 9 (Div. 1 + Div. 2, Rated, Prizes!)",28k,4898,1732383300,425,751
2039,"CodeTON Round 9 (Div. 1 + Div. 2, Rated, Prizes!)",wlmrh,4898,1732383300,1497,1432
2039,"CodeTON Round 9 (Div. 1 + Div. 2, Rated, Prizes!)",krutonik,4900,1732383300,1503,1437
2039,"CodeTON Round 9 (Div. 1 + Div. 2, Rated, Prizes!)",mig,4900,1732383300,1389,1350
2039,"CodeTON Round 9 (Div. 1 + Div. 2, Rated, Prizes!)",Danial.,4900,1732383300,1287,1272
2039,"CodeTON Round 9 (Div. 1 + Div. 2, Rated, Prizes!)",abra_r,4903,1732383300,1371,1336
2039,"CodeTON Round 9 (Div. 1 + Div. 2, Rated, Prizes!)",Vishesh3569,4904,1732383300,1068,1113
2039,"CodeTON Round 9 (Div. 1 + Div. 2, Rated, Prizes!)",deadeffect7,4905,1732383300,1309,1289
2039,"CodeTON Round 9 (Div. 1 + Div. 2, Rated, Prizes!)",dioxkjpde,4906,1732383300,1504,1438
2039,"CodeTON Round 9 (Div. 1 + Div. 2, Rated, Prizes!)",PriyanshuRaj1000,4907,1732383300,1071,1115
2039,"CodeTON Round 9 (Div. 1 + Div. 2, Rated, Prizes!)",SIR01,4907,1732383300,1106,1139
2039,"CodeTON Round 9 (Div. 1 + Div. 2, Rated, Prizes!)",Adiat,4907,1732383300,934,1021
2039,"CodeTON Round 9 (Div. 1 + Div. 2, Rated, Prizes!)",egor11,4910,1732383300,1150,1171
2039,"CodeTON Round 9 (Div. 1 + Div. 2, Rated, Prizes!)",lnvictus,4911,1732383300,1321,1298
2039,"CodeTON Round 9 (Div. 1 + Div. 2, Rated, Prizes!)",S9M0N_R3L3Y_GH05T,4912,1732383300,1029,1085
2039,"CodeTON Round 9 (Div. 1 + Div. 2, Rated, Prizes!)",Rushitha_Reddy_225,4913,1732383300,1065,1110
2039,"CodeTON Round 9 (Div. 1 + Div. 2, Rated, Prizes!)",wwwacwww,4914,1732383300,1130,1156
2039,"CodeTON Round 9 (Div. 1 + Div. 2, Rated, Prizes!)",bhut_ho_gya,4915,1732383300,1296,1279
2039,"CodeTON Round 9 (Div. 1 + Div. 2, Rated, Prizes!)",suplex_city,4915,1732383300,1168,1184
2039,"CodeTON Round 9 (Div. 1 + Div. 2, Rated, Prizes!)",haihaichibaola,4917,1732383300,1109,1141
2039,"CodeTON Round 9 (Div. 1 + Div. 2, Rated, Prizes!)",samchen123,4918,1732383300,1299,1281
2039,"CodeTON Round 9 (Div. 1 + Div. 2, Rated, Prizes!)",dedseczayad,4918,1732383300,1199,1207
2039,"CodeTON Round 9 (Div. 1 + Div. 2, Rated, Prizes!)",dead_1,4920,1732383300,1102,1136
2039,"CodeTON Round 9 (Div. 1 + Div. 2, Rated, Prizes!)",takade,4921,1732383300,1129,1155
2039,"CodeTON Round 9 (Div. 1 + Div. 2, Rated, Prizes!)",_DoYouKnowMe_,4921,1732383300,1222,1223
2039,"CodeTON Round 9 (Div. 1 + Div. 2, Rated, Prizes!)",laplace_daemonium,4921,1732383300,1256,1312
2039,"CodeTON Round 9 (Div. 1 + Div. 2, Rated, Prizes!)",KashiViswanath,4924,1732383300,1277,1264
2039,"CodeTON Round 9 (Div. 1 + Div. 2, Rated, Prizes!)",redreoicy,4924,1732383300,1404,1361
2039,"CodeTON Round 9 (Div. 1 + Div. 2, Rated, Prizes!)",hanhantie,4926,1732383300,948,1030
2039,"CodeTON Round 9 (Div. 1 + Div. 2, Rated, Prizes!)",Lentreo,4926,1732383300,869,978
2039,"CodeTON Round 9 (Div. 1 + Div. 2, Rated, Prizes!)",cvxbhcxb,4926,1732383300,1225,1225
2039,"CodeTON Round 9 (Div. 1 + Div. 2, Rated, Prizes!)",Muhammed_Ramadan,4929,1732383300,1278,1265
2039,"CodeTON Round 9 (Div. 1 + Div. 2, Rated, Prizes!)",walkingsky1,4930,1732383300,1025,1082
2039,"CodeTON Round 9 (Div. 1 + Div. 2, Rated, Prizes!)",_SIYAM_,4931,1732383300,420,746
2039,"CodeTON Round 9 (Div. 1 + Div. 2, Rated, Prizes!)",leo202200925,4931,1732383300,1466,1408
2039,"CodeTON Round 9 (Div. 1 + Div. 2, Rated, Prizes!)",madhavxmiglani,4931,1732383300,1028,1084
2039,"CodeTON Round 9 (Div. 1 + Div. 2, Rated, Prizes!)",noheart_inside,4931,1732383300,1265,1255
2039,"CodeTON Round 9 (Div. 1 + Div. 2, Rated, Prizes!)",anishray042,4935,1732383300,1393,1352
2039,"CodeTON Round 9 (Div. 1 + Div. 2, Rated, Prizes!)",Jackis666,4935,1732383300,1168,1183
2039,"CodeTON Round 9 (Div. 1 + Div. 2, Rated, Prizes!)",awqssl,4937,1732383300,982,1107
2039,"CodeTON Round 9 (Div. 1 + Div. 2, Rated, Prizes!)",_Mizanur,4938,1732383300,1359,1326
2039,"CodeTON Round 9 (Div. 1 + Div. 2, Rated, Prizes!)",Abdullah_Muhammad-Ali,4939,1732383300,1271,1259
2039,"CodeTON Round 9 (Div. 1 + Div. 2, Rated, Prizes!)",productsystem,4940,1732383300,1090,1127
2039,"CodeTON Round 9 (Div. 1 + Div. 2, Rated, Prizes!)",Problem8ic,4941,1732383300,1056,1103
2039,"CodeTON Round 9 (Div. 1 + Div. 2, Rated, Prizes!)",Datta19,4941,1732383300,903,1000
2039,"CodeTON Round 9 (Div. 1 + Div. 2, Rated, Prizes!)",Telugu_Renuka,4943,1732383300,977,1049
2039,"CodeTON Round 9 (Div. 1 + Div. 2, Rated, Prizes!)",Valeev_Alex,4944,1732383300,1080,1120
2039,"CodeTON Round 9 (Div. 1 + Div. 2, Rated, Prizes!)",Berke_Keles,4945,1732383300,1353,1321
2039,"CodeTON Round 9 (Div. 1 + Div. 2, Rated, Prizes!)",Mover_R,4946,1732383300,1330,1304
2039,"CodeTON Round 9 (Div. 1 + Div. 2, Rated, Prizes!)",porcelli,4947,1732383300,1282,1267
2039,"CodeTON Round 9 (Div. 1 + Div. 2, Rated, Prizes!)",_Submerge,4948,1732383300,1136,1159
2039,"CodeTON Round 9 (Div. 1 + Div. 2, Rated, Prizes!)",Artkights,4949,1732383300,1253,1283
2039,"CodeTON Round 9 (Div. 1 + Div. 2, Rated, Prizes!)",Amirben,4949,1732383300,1178,1190
2039,"CodeTON Round 9 (Div. 1 + Div. 2, Rated, Prizes!)",WintersBlizzard,4951,1732383300,1564,1482
2039,"CodeTON Round 9 (Div. 1 + Div. 2, Rated, Prizes!)",SpanNewComet,4952,1732383300,700,943
2039,"CodeTON Round 9 (Div. 1 + Div. 2, Rated, Prizes!)",Arav_Shukla,4953,1732383300,429,753
2039,"CodeTON Round 9 (Div. 1 + Div. 2, Rated, Prizes!)",Dhanush_Yarragunta,4954,1732383300,1098,1132
2039,"CodeTON Round 9 (Div. 1 + Div. 2, Rated, Prizes!)",veritaseum,4955,1732383300,1138,1161
2039,"CodeTON Round 9 (Div. 1 + Div. 2, Rated, Prizes!)",DiMsh09,4956,1732383300,1297,1278
2039,"CodeTON Round 9 (Div. 1 + Div. 2, Rated, Prizes!)",harsh580g,4957,1732383300,1020,1112
2039,"CodeTON Round 9 (Div. 1 + Div. 2, Rated, Prizes!)",Kevin_FOS,4958,1732383300,0,467
2039,"CodeTON Round 9 (Div. 1 + Div. 2, Rated, Prizes!)",__DopamIne,4958,1732383300,1303,1283
2039,"CodeTON Round 9 (Div. 1 + Div. 2, Rated, Prizes!)",this_3ssa,4960,1732383300,1299,1343
2039,"CodeTON Round 9 (Div. 1 + Div. 2, Rated, Prizes!)",Ariful101,4960,1732383300,1124,1151
2039,"CodeTON Round 9 (Div. 1 + Div. 2, Rated, Prizes!)",wwwhisper,4960,1732383300,372,709
2039,"CodeTON Round 9 (Div. 1 + Div. 2, Rated, Prizes!)",yuan200,4963,1732383300,0,466
2039,"CodeTON Round 9 (Div. 1 + Div. 2, Rated, Prizes!)",purpleskies,4964,1732383300,994,1094
2039,"CodeTON Round 9 (Div. 1 + Div. 2, Rated, Prizes!)",_Xenox_,4964,1732383300,1128,1153
2039,"CodeTON Round 9 (Div. 1 + Div. 2, Rated, Prizes!)",quziy,4966,1732383300,919,1009
2039,"CodeTON Round 9 (Div. 1 + Div. 2, Rated, Prizes!)",int_main_character,4966,1732383300,1276,1262
2039,"CodeTON Round 9 (Div. 1 + Div. 2, Rated, Prizes!)",Raqin_Shahrier,4968,1732383300,1296,1278
2039,"CodeTON Round 9 (Div. 1 + Div. 2, Rated, Prizes!)",Abdelhadi.,4968,1732383300,1103,1135
2039,"CodeTON Round 9 (Div. 1 + Div. 2, Rated, Prizes!)",Mindoongie,4970,1732383300,1117,1145
2039,"CodeTON Round 9 (Div. 1 + Div. 2, Rated, Prizes!)",QuantumC0d3r,4971,1732383300,0,466
2039,"CodeTON Round 9 (Div. 1 + Div. 2, Rated, Prizes!)",bot_maty,4971,1732383300,0,466
2039,"CodeTON Round 9 (Div. 1 + Div. 2, Rated, Prizes!)",El__Psy__Kongroo,4973,1732383300,0,466
2039,"CodeTON Round 9 (Div. 1 + Div. 2, Rated, Prizes!)",kkrmm,4974,1732383300,1030,1084
2039,"CodeTON Round 9 (Div. 1 + Div. 2, Rated, Prizes!)",Aditya_B,4974,1732383300,1089,1125
2039,"CodeTON Round 9 (Div. 1 + Div. 2, Rated, Prizes!)",Gaurb_sin,4976,1732383300,1024,1079
2039,"CodeTON Round 9 (Div. 1 + Div. 2, Rated, Prizes!)",RadientRaven,4976,1732383300,1013,1072
2039,"CodeTON Round 9 (Div. 1 + Div. 2, Rated, Prizes!)",Sara_elsayed,4978,1732383300,983,1051
2039,"CodeTON Round 9 (Div. 1 + Div. 2, Rated, Prizes!)",lys7942,4978,1732383300,844,1009
2039,"CodeTON Round 9 (Div. 1 + Div. 2, Rated, Prizes!)",ShadowMonarch,4980,1732383300,1025,1080
2039,"CodeTON Round 9 (Div. 1 + Div. 2, Rated, Prizes!)",tzzl3035,4981,1732383300,1089,1125
2039,"CodeTON Round 9 (Div. 1 + Div. 2, Rated, Prizes!)",Jvlol,4982,1732383300,661,851
2039,"CodeTON Round 9 (Div. 1 + Div. 2, Rated, Prizes!)",L_M_TY,4983,1732383300,1174,1186
2039,"CodeTON Round 9 (Div. 1 + Div. 2, Rated, Prizes!)",bkdn24.ntth,4983,1732383300,1519,1447
2039,"CodeTON Round 9 (Div. 1 + Div. 2, Rated, Prizes!)",srinand,4983,1732383300,999,1062
2039,"CodeTON Round 9 (Div. 1 + Div. 2, Rated, Prizes!)",DenisVistunov,4986,1732383300,0,466
2039,"CodeTON Round 9 (Div. 1 + Div. 2, Rated, Prizes!)",55HOSTRY55,4987,1732383300,1174,1186
2039,"CodeTON Round 9 (Div. 1 + Div. 2, Rated, Prizes!)",vtiptop,4988,1732383300,1156,1173
2039,"CodeTON Round 9 (Div. 1 + Div. 2, Rated, Prizes!)",Vivek_Prakash_Yadav,4988,1732383300,900,1054
2039,"CodeTON Round 9 (Div. 1 + Div. 2, Rated, Prizes!)",Vedanttttt_Pandey,4990,1732383300,943,1024
2039,"CodeTON Round 9 (Div. 1 + Div. 2, Rated, Prizes!)",MagzhanX,4991,1732383300,1046,1094
2039,"CodeTON Round 9 (Div. 1 + Div. 2, Rated, Prizes!)",Zamel,4991,1732383300,1283,1267
2039,"CodeTON Round 9 (Div. 1 + Div. 2, Rated, Prizes!)",RaHuL-IsLaM,4991,1732383300,1112,1141
2039,"CodeTON Round 9 (Div. 1 + Div. 2, Rated, Prizes!)",dbywsc,4994,1732383300,993,1058
2039,"CodeTON Round 9 (Div. 1 + Div. 2, Rated, Prizes!)",Introl,4995,1732383300,1258,1248
2039,"CodeTON Round 9 (Div. 1 + Div. 2, Rated, Prizes!)",Lemon4ik5687,4996,1732383300,425,748
2039,"CodeTON Round 9 (Div. 1 + Div. 2, Rated, Prizes!)",orzthxuan,4996,1732383300,1310,1287
2039,"CodeTON Round 9 (Div. 1 + Div. 2, Rated, Prizes!)",commonashishw,4996,1732383300,1171,1183
2039,"CodeTON Round 9 (Div. 1 + Div. 2, Rated, Prizes!)",GTR.3910,4996,1732383300,1172,1184
2039,"CodeTON Round 9 (Div. 1 + Div. 2, Rated, Prizes!)",Cai_J,5000,1732383300,1161,1176
2039,"CodeTON Round 9 (Div. 1 + Div. 2, Rated, Prizes!)",XmHz,5001,1732383300,1006,1066
2039,"CodeTON Round 9 (Div. 1 + Div. 2, Rated, Prizes!)",alitheofficialsofla,5001,1732383300,0,466
2039,"CodeTON Round 9 (Div. 1 + Div. 2, Rated, Prizes!)",diyorbekakhmedov,5003,1732383300,824,994
2039,"CodeTON Round 9 (Div. 1 + Div. 2, Rated, Prizes!)",Almazovich,5003,1732383300,1197,1202
2039,"CodeTON Round 9 (Div. 1 + Div. 2, Rated, Prizes!)",Grimshow,5003,1732383300,405,733
2039,"CodeTON Round 9 (Div. 1 + Div. 2, Rated, Prizes!)",rgrgtgrf,5006,1732383300,1914,1753
2039,"CodeTON Round 9 (Div. 1 + Div. 2, Rated, Prizes!)",garv1202,5007,1732383300,1075,1114
2039,"CodeTON Round 9 (Div. 1 + Div. 2, Rated, Prizes!)",Riya_Chaudhry,5008,1732383300,1283,1266
2039,"CodeTON Round 9 (Div. 1 + Div. 2, Rated, Prizes!)",_Spongey,5009,1732383300,1301,1280
2039,"CodeTON Round 9 (Div. 1 + Div. 2, Rated, Prizes!)",AlenHsiao,5010,1732383300,1150,1243
2039,"CodeTON Round 9 (Div. 1 + Div. 2, Rated, Prizes!)",Harshal_Kanani,5011,1732383300,1016,1107
2039,"CodeTON Round 9 (Div. 1 + Div. 2, Rated, Prizes!)",brusgry,5012,1732383300,1870,1718
2039,"CodeTON Round 9 (Div. 1 + Div. 2, Rated, Prizes!)",wiza_rd,5013,1732383300,1132,1155
2039,"CodeTON Round 9 (Div. 1 + Div. 2, Rated, Prizes!)",_AhmedTarek_,5013,1732383300,1134,1155
2039,"CodeTON Round 9 (Div. 1 + Div. 2, Rated, Prizes!)",Pronoy_Deb,5015,1732383300,1261,1249
2039,"CodeTON Round 9 (Div. 1 + Div. 2, Rated, Prizes!)",test_user_228,5016,1732383300,1213,1251
2039,"CodeTON Round 9 (Div. 1 + Div. 2, Rated, Prizes!)",sudhaanshu94,5017,1732383300,1137,1158
2039,"CodeTON Round 9 (Div. 1 + Div. 2, Rated, Prizes!)",atique_2.0,5018,1732383300,1051,1154
2039,"CodeTON Round 9 (Div. 1 + Div. 2, Rated, Prizes!)",Animesh_369,5019,1732383300,881,1039
2039,"CodeTON Round 9 (Div. 1 + Div. 2, Rated, Prizes!)",RED_BAVARIAN,5019,1732383300,914,1004
2039,"CodeTON Round 9 (Div. 1 + Div. 2, Rated, Prizes!)",RCTR,5021,1732383300,0,465
2039,"CodeTON Round 9 (Div. 1 + Div. 2, Rated, Prizes!)",tenperformer,5022,1732383300,1061,1103
2039,"CodeTON Round 9 (Div. 1 + Div. 2, Rated, Prizes!)",Cyfer135,5022,1732383300,1010,1068
2039,"CodeTON Round 9 (Div. 1 + Div. 2, Rated, Prizes!)",__tomasansler,5024,1732383300,1600,1508
2039,"CodeTON Round 9 (Div. 1 + Div. 2, Rated, Prizes!)",Abdullah-Arslan,5025,1732383300,1120,1145
2039,"CodeTON Round 9 (Div. 1 + Div. 2, Rated, Prizes!)",Santrixcu12,5025,1732383300,990,1055
2039,"CodeTON Round 9 (Div. 1 + Div. 2, Rated, Prizes!)",Neo00,5027,1732383300,1055,1099
2039,"CodeTON Round 9 (Div. 1 + Div. 2, Rated, Prizes!)",sanya37y,5027,1732383300,1200,1203
2039,"CodeTON Round 9 (Div. 1 + Div. 2, Rated, Prizes!)",FrostByte_,5027,1732383300,978,1046
2039,"CodeTON Round 9 (Div. 1 + Div. 2, Rated, Prizes!)",Vbs30,5027,1732383300,583,854
2039,"CodeTON Round 9 (Div. 1 + Div. 2, Rated, Prizes!)",_stack,5031,1732383300,346,687
2039,"CodeTON Round 9 (Div. 1 + Div. 2, Rated, Prizes!)",Adree,5032,1732383300,1123,1147
2039,"CodeTON Round 9 (Div. 1 + Div. 2, Rated, Prizes!)",pewpewXD,5033,1732383300,657,908
2039,"CodeTON Round 9 (Div. 1 + Div. 2, Rated, Prizes!)",MOH_LazyCoder_HSN,5033,1732383300,1070,1109
2039,"CodeTON Round 9 (Div. 1 + Div. 2, Rated, Prizes!)",gimedo8149,5033,1732383300,397,726
2039,"CodeTON Round 9 (Div. 1 + Div. 2, Rated, Prizes!)",himanshubhuker,5036,1732383300,848,961
2039,"CodeTON Round 9 (Div. 1 + Div. 2, Rated, Prizes!)",prekshaupadhyay03,5037,1732383300,958,1032
2039,"CodeTON Round 9 (Div. 1 + Div. 2, Rated, Prizes!)",tamal_63,5038,1732383300,1139,1158
2039,"CodeTON Round 9 (Div. 1 + Div. 2, Rated, Prizes!)",jpg.stdstd,5039,1732383300,1404,1357
2039,"CodeTON Round 9 (Div. 1 + Div. 2, Rated, Prizes!)",Tourist_Sea,5040,1732383300,0,464
2039,"CodeTON Round 9 (Div. 1 + Div. 2, Rated, Prizes!)",CaptainCodes,5041,1732383300,1044,1091
2039,"CodeTON Round 9 (Div. 1 + Div. 2, Rated, Prizes!)",hs00831,5042,1732383300,1149,1227
2039,"CodeTON Round 9 (Div. 1 + Div. 2, Rated, Prizes!)",Dragos__1,5043,1732383300,1165,1177
2039,"CodeTON Round 9 (Div. 1 + Div. 2, Rated, Prizes!)",TanvirAhmed10,5043,1732383300,1360,1323
2039,"CodeTON Round 9 (Div. 1 + Div. 2, Rated, Prizes!)",Shajjadul_ferdous,5045,1732383300,1138,1158
2039,"CodeTON Round 9 (Div. 1 + Div. 2, Rated, Prizes!)",Crisis_CreeD,5046,1732383300,1098,1129
2039,"CodeTON Round 9 (Div. 1 + Div. 2, Rated, Prizes!)",Student_7,5047,1732383300,1211,1211
2039,"CodeTON Round 9 (Div. 1 + Div. 2, Rated, Prizes!)",mardog666,5048,1732383300,1051,1096
2039,"CodeTON Round 9 (Div. 1 + Div. 2, Rated, Prizes!)",7oDA_ERROR,5049,1732383300,1072,1110
2039,"CodeTON Round 9 (Div. 1 + Div. 2, Rated, Prizes!)",BoyToy269,5050,1732383300,974,1042
2039,"CodeTON Round 9 (Div. 1 + Div. 2, Rated, Prizes!)",Aryvd123,5051,1732383300,998,1059
2039,"CodeTON Round 9 (Div. 1 + Div. 2, Rated, Prizes!)",tahmid_786,5051,1732383300,849,961
2039,"CodeTON Round 9 (Div. 1 + Div. 2, Rated, Prizes!)",SUNNY_AHMED,5053,1732383300,1143,1161
2039,"CodeTON Round 9 (Div. 1 + Div. 2, Rated, Prizes!)",advait_cf,5054,1732383300,1380,1403
2039,"CodeTON Round 9 (Div. 1 + Div. 2, Rated, Prizes!)",Cheesedog,5055,1732383300,0,464
2039,"CodeTON Round 9 (Div. 1 + Div. 2, Rated, Prizes!)",ikeha,5055,1732383300,1283,1265
2039,"CodeTON Round 9 (Div. 1 + Div. 2, Rated, Prizes!)",PermaPupil,5057,1732383300,1208,1208
2039,"CodeTON Round 9 (Div. 1 + Div. 2, Rated, Prizes!)",A_man007,5058,1732383300,1247,1238
2039,"CodeTON Round 9 (Div. 1 + Div. 2, Rated, Prizes!)",Sayadd,5059,1732383300,1184,1191
2039,"CodeTON Round 9 (Div. 1 + Div. 2, Rated, Prizes!)",Ares_77,5060,1732383300,914,1063
2039,"CodeTON Round 9 (Div. 1 + Div. 2, Rated, Prizes!)",Roy_2010,5061,1732383300,467,779
2039,"CodeTON Round 9 (Div. 1 + Div. 2, Rated, Prizes!)",chiyaa_,5062,1732383300,1591,1501
2039,"CodeTON Round 9 (Div. 1 + Div. 2, Rated, Prizes!)",KTTKas,5063,1732383300,1156,1170
2039,"CodeTON Round 9 (Div. 1 + Div. 2, Rated, Prizes!)",manyankg22,5063,1732383300,1082,1116
2039,"CodeTON Round 9 (Div. 1 + Div. 2, Rated, Prizes!)",youknowWHo1,5065,1732383300,0,464
2039,"CodeTON Round 9 (Div. 1 + Div. 2, Rated, Prizes!)",lxnu,5066,1732383300,1680,1569
2039,"CodeTON Round 9 (Div. 1 + Div. 2, Rated, Prizes!)",Baburaoo_ganpatraoo_apte,5067,1732383300,1233,1227
2039,"CodeTON Round 9 (Div. 1 + Div. 2, Rated, Prizes!)",Octagons,5067,1732383300,1978,1802
2039,"CodeTON Round 9 (Div. 1 + Div. 2, Rated, Prizes!)",btech10135.21,5069,1732383300,1063,1162
2039,"CodeTON Round 9 (Div. 1 + Div. 2, Rated, Prizes!)",tin.le2,5070,1732383300,1544,1464
2039,"CodeTON Round 9 (Div. 1 + Div. 2, Rated, Prizes!)",Sowvick_Paul,5071,1732383300,1049,1093
2039,"CodeTON Round 9 (Div. 1 + Div. 2, Rated, Prizes!)",akane,5072,1732383300,1800,1662
2039,"CodeTON Round 9 (Div. 1 + Div. 2, Rated, Prizes!)",ghost_coder_,5073,1732383300,939,1018
2039,"CodeTON Round 9 (Div. 1 + Div. 2, Rated, Prizes!)",DR_Zain,5074,1732383300,1240,1232
2039,"CodeTON Round 9 (Div. 1 + Div. 2, Rated, Prizes!)",btoandzWillWinVoi25,5075,1732383300,0,463
2039,"CodeTON Round 9 (Div. 1 + Div. 2, Rated, Prizes!)",FLY_lai,5075,1732383300,1759,1630
2039,"CodeTON Round 9 (Div. 1 + Div. 2, Rated, Prizes!)",gchang002,5075,1732383300,699,938
2039,"CodeTON Round 9 (Div. 1 + Div. 2, Rated, Prizes!)",catlover553,5075,1732383300,871,1069
2039,"CodeTON Round 9 (Div. 1 + Div. 2, Rated, Prizes!)",rkackwrl,5075,1732383300,728,978
2039,"CodeTON Round 9 (Div. 1 + Div. 2, Rated, Prizes!)",imtheonly1,5075,1732383300,1373,1332
2039,"CodeTON Round 9 (Div. 1 + Div. 2, Rated, Prizes!)",HelloImTuan,5081,1732383300,2175,1961
2039,"CodeTON Round 9 (Div. 1 + Div. 2, Rated, Prizes!)",zedypr,5081,1732383300,1127,1148
2039,"CodeTON Round 9 (Div. 1 + Div. 2, Rated, Prizes!)",y_miracle,5081,1732383300,0,463
2039,"CodeTON Round 9 (Div. 1 + Div. 2, Rated, Prizes!)",monkey_lover,5081,1732383300,879,979
2039,"CodeTON Round 9 (Div. 1 + Div. 2, Rated, Prizes!)",nella17,5085,1732383300,1901,1741
2039,"CodeTON Round 9 (Div. 1 + Div. 2, Rated, Prizes!)",Mier_,5085,1732383300,887,1042
2039,"CodeTON Round 9 (Div. 1 + Div. 2, Rated, Prizes!)",Rifat_Hassan,5085,1732383300,361,697
2039,"CodeTON Round 9 (Div. 1 + Div. 2, Rated, Prizes!)",linjinyi,5088,1732383300,350,689
2039,"CodeTON Round 9 (Div. 1 + Div. 2, Rated, Prizes!)",pranshul_047,5088,1732383300,1369,1329
2039,"CodeTON Round 9 (Div. 1 + Div. 2, Rated, Prizes!)",ev1sq,5090,1732383300,1696,1581
2039,"CodeTON Round 9 (Div. 1 + Div. 2, Rated, Prizes!)",mzhao,5090,1732383300,1723,1602
2039,"CodeTON Round 9 (Div. 1 + Div. 2, Rated, Prizes!)",BPENSYJPIZQ,5092,1732383300,1487,1420
2039,"CodeTON Round 9 (Div. 1 + Div. 2, Rated, Prizes!)",why_sjy,5092,1732383300,1145,1161
2039,"CodeTON Round 9 (Div. 1 + Div. 2, Rated, Prizes!)",EaslyubitsS,5094,1732383300,1101,1129
2039,"CodeTON Round 9 (Div. 1 + Div. 2, Rated, Prizes!)",hzt1,5094,1732383300,2179,1963
2039,"CodeTON Round 9 (Div. 1 + Div. 2, Rated, Prizes!)",jatinbajaj2001,5096,1732383300,1451,1391
2039,"CodeTON Round 9 (Div. 1 + Div. 2, Rated, Prizes!)",lulaalu,5096,1732383300,1445,1387
2039,"CodeTON Round 9 (Div. 1 + Div. 2, Rated, Prizes!)",carboxylBase,5096,1732383300,1548,1466
2039,"CodeTON Round 9 (Div. 1 + Div. 2, Rated, Prizes!)",Hueyyyy,5096,1732383300,1185,1253
2039,"CodeTON Round 9 (Div. 1 + Div. 2, Rated, Prizes!)",arctano,5100,1732383300,994,1054
2039,"CodeTON Round 9 (Div. 1 + Div. 2, Rated, Prizes!)",pyk278107,5100,1732383300,1521,1445
2039,"CodeTON Round 9 (Div. 1 + Div. 2, Rated, Prizes!)",MTA,5102,1732383300,1326,1296
2039,"CodeTON Round 9 (Div. 1 + Div. 2, Rated, Prizes!)",_Mauve_,5102,1732383300,800,1014
2039,"CodeTON Round 9 (Div. 1 + Div. 2, Rated, Prizes!)",sawsawnewnew,5104,1732383300,1568,1481
2039,"CodeTON Round 9 (Div. 1 + Div. 2, Rated, Prizes!)",AceTaffy258,5104,1732383300,1313,1286
2039,"CodeTON Round 9 (Div. 1 + Div. 2, Rated, Prizes!)",colesmith54,5104,1732383300,1340,1344
2039,"CodeTON Round 9 (Div. 1 + Div. 2, Rated, Prizes!)",reirugan,5104,1732383300,1811,1670
2039,"CodeTON Round 9 (Div. 1 + Div. 2, Rated, Prizes!)",the__phoenix,5104,1732383300,1645,1541
2039,"CodeTON Round 9 (Div. 1 + Div. 2, Rated, Prizes!)",pRaVsha,5104,1732383300,1523,1446
2039,"CodeTON Round 9 (Div. 1 + Div. 2, Rated, Prizes!)",gaiercop,5104,1732383300,1619,1521
2039,"CodeTON Round 9 (Div. 1 + Div. 2, Rated, Prizes!)",guptaprakhar_01,5111,1732383300,1070,1107
2039,"CodeTON Round 9 (Div. 1 + Div. 2, Rated, Prizes!)",Sai.Suraj.27,5111,1732383300,1376,1334
2039,"CodeTON Round 9 (Div. 1 + Div. 2, Rated, Prizes!)",codeout,5111,1732383300,1321,1292
2039,"CodeTON Round 9 (Div. 1 + Div. 2, Rated, Prizes!)",Nsqk,5114,1732383300,1589,1497
2039,"CodeTON Round 9 (Div. 1 + Div. 2, Rated, Prizes!)",Black-Octopus,5114,1732383300,1657,1550
2039,"CodeTON Round 9 (Div. 1 + Div. 2, Rated, Prizes!)",PaunCalin,5114,1732383300,1012,1066
2039,"CodeTON Round 9 (Div. 1 + Div. 2, Rated, Prizes!)",a_cedia,5114,1732383300,0,462
2039,"CodeTON Round 9 (Div. 1 + Div. 2, Rated, Prizes!)",ace055,5114,1732383300,1193,1196
2039,"CodeTON Round 9 (Div. 1 + Div. 2, Rated, Prizes!)",P2441M,5119,1732383300,1057,1156
2039,"CodeTON Round 9 (Div. 1 + Div. 2, Rated, Prizes!)",Mr.Squidward,5119,1732383300,1580,1490
2039,"CodeTON Round 9 (Div. 1 + Div. 2, Rated, Prizes!)",vjudge172,5119,1732383300,0,462
2039,"CodeTON Round 9 (Div. 1 + Div. 2, Rated, Prizes!)",wqweto,5119,1732383300,1542,1461
2039,"CodeTON Round 9 (Div. 1 + Div. 2, Rated, Prizes!)",TASHFIQ_TAIF,5123,1732383300,966,1034
2039,"CodeTON Round 9 (Div. 1 + Div. 2, Rated, Prizes!)",Abito,5123,1732383300,1951,1779
2039,"CodeTON Round 9 (Div. 1 + Div. 2, Rated, Prizes!)",deadpool_69,5125,1732383300,405,729
2039,"CodeTON Round 9 (Div. 1 + Div. 2, Rated, Prizes!)",WaisKamal,5125,1732383300,1295,1272
2039,"CodeTON Round 9 (Div. 1 + Div. 2, Rated, Prizes!)",oxygen_06_05,5125,1732383300,1158,1170
2039,"CodeTON Round 9 (Div. 1 + Div. 2, Rated, Prizes!)",K.M.T.H,5125,1732383300,1019,1070
2039,"CodeTON Round 9 (Div. 1 + Div. 2, Rated, Prizes!)",Newbie_For_Noobs,5129,1732383300,531,825
2039,"CodeTON Round 9 (Div. 1 + Div. 2, Rated, Prizes!)",Termiinator,5129,1732383300,1219,1214
2039,"CodeTON Round 9 (Div. 1 + Div. 2, Rated, Prizes!)",ParadoxicalAce,5129,1732383300,1136,1153
2039,"CodeTON Round 9 (Div. 1 + Div. 2, Rated, Prizes!)",atog_1905,5132,1732383300,1417,1364
2039,"CodeTON Round 9 (Div. 1 + Div. 2, Rated, Prizes!)",piyushsingh2nateyan,5132,1732383300,1054,1094
2039,"CodeTON Round 9 (Div. 1 + Div. 2, Rated, Prizes!)",Dominater09,5132,1732383300,1264,1248
2039,"CodeTON Round 9 (Div. 1 + Div. 2, Rated, Prizes!)",RegtLu,5132,1732383300,1172,1179
2039,"CodeTON Round 9 (Div. 1 + Div. 2, Rated, Prizes!)",shreyas_m,5136,1732383300,1399,1350
2039,"CodeTON Round 9 (Div. 1 + Div. 2, Rated, Prizes!)",vigza,5136,1732383300,1321,1291
2039,"CodeTON Round 9 (Div. 1 + Div. 2, Rated, Prizes!)",AmirMakaM,5136,1732383300,1623,1523
2039,"CodeTON Round 9 (Div. 1 + Div. 2, Rated, Prizes!)",sanyam2248,5139,1732383300,1639,1535
2039,"CodeTON Round 9 (Div. 1 + Div. 2, Rated, Prizes!)",r-tron18,5139,1732383300,1344,1308
2039,"CodeTON Round 9 (Div. 1 + Div. 2, Rated, Prizes!)",secret-coder,5141,1732383300,1152,1165
2039,"CodeTON Round 9 (Div. 1 + Div. 2, Rated, Prizes!)",moksh_mangal,5141,1732383300,1353,1315
2039,"CodeTON Round 9 (Div. 1 + Div. 2, Rated, Prizes!)",Syeda_Raisa_Rahman,5141,1732383300,1255,1240
2039,"CodeTON Round 9 (Div. 1 + Div. 2, Rated, Prizes!)",tnaveen,5141,1732383300,1155,1203
2039,"CodeTON Round 9 (Div. 1 + Div. 2, Rated, Prizes!)",BlueCold,5141,1732383300,1326,1295
2039,"CodeTON Round 9 (Div. 1 + Div. 2, Rated, Prizes!)",etian6795,5146,1732383300,1956,1782
2039,"CodeTON Round 9 (Div. 1 + Div. 2, Rated, Prizes!)",Zainic,5146,1732383300,1210,1207
2039,"CodeTON Round 9 (Div. 1 + Div. 2, Rated, Prizes!)",Ilia_KH,5146,1732383300,1179,1184
2039,"CodeTON Round 9 (Div. 1 + Div. 2, Rated, Prizes!)",J0KER.,5146,1732383300,1171,1178
2039,"CodeTON Round 9 (Div. 1 + Div. 2, Rated, Prizes!)",xxzzf5,5146,1732383300,1460,1397
2039,"CodeTON Round 9 (Div. 1 + Div. 2, Rated, Prizes!)",sunny_0502,5151,1732383300,1298,1273
2039,"CodeTON Round 9 (Div. 1 + Div. 2, Rated, Prizes!)",Monked_Hermit,5151,1732383300,1185,1188
2039,"CodeTON Round 9 (Div. 1 + Div. 2, Rated, Prizes!)",dipaR,5151,1732383300,1189,1191
2039,"CodeTON Round 9 (Div. 1 + Div. 2, Rated, Prizes!)",Autumn_Rain,5154,1732383300,1139,1191
2039,"CodeTON Round 9 (Div. 1 + Div. 2, Rated, Prizes!)",smsarfroz78,5154,1732383300,1278,1258
2039,"CodeTON Round 9 (Div. 1 + Div. 2, Rated, Prizes!)",mew_may_lay_lay,5154,1732383300,1355,1354
2039,"CodeTON Round 9 (Div. 1 + Div. 2, Rated, Prizes!)",kvrlearn,5154,1732383300,1375,1331
2039,"CodeTON Round 9 (Div. 1 + Div. 2, Rated, Prizes!)",bibimoni,5154,1732383300,1477,1410
2039,"CodeTON Round 9 (Div. 1 + Div. 2, Rated, Prizes!)",LordLouis04,5154,1732383300,1606,1509
2039,"CodeTON Round 9 (Div. 1 + Div. 2, Rated, Prizes!)",Saif_Ahmed008,5154,1732383300,1392,1344
2039,"CodeTON Round 9 (Div. 1 + Div. 2, Rated, Prizes!)",TukTuk_Account,5161,1732383300,1466,1401
2039,"CodeTON Round 9 (Div. 1 + Div. 2, Rated, Prizes!)",Padlovarish,5161,1732383300,1612,1513
2039,"CodeTON Round 9 (Div. 1 + Div. 2, Rated, Prizes!)",Milotic,5163,1732383300,1361,1321
2039,"CodeTON Round 9 (Div. 1 + Div. 2, Rated, Prizes!)",OnlyFirst,5163,1732383300,1294,1270
2039,"CodeTON Round 9 (Div. 1 + Div. 2, Rated, Prizes!)",xiyangdaxia,5163,1732383300,976,1039
2039,"CodeTON Round 9 (Div. 1 + Div. 2, Rated, Prizes!)",batpool,5166,1732383300,1197,1197
2039,"CodeTON Round 9 (Div. 1 + Div. 2, Rated, Prizes!)",LitScene,5166,1732383300,1226,1256
2039,"CodeTON Round 9 (Div. 1 + Div. 2, Rated, Prizes!)",redgex,5166,1732383300,0,461
2039,"CodeTON Round 9 (Div. 1 + Div. 2, Rated, Prizes!)",ahmmedfaisal586,5169,1732383300,1115,1137
2039,"CodeTON Round 9 (Div. 1 + Div. 2, Rated, Prizes!)",Thyl,5169,1732383300,1421,1366
2039,"CodeTON Round 9 (Div. 1 + Div. 2, Rated, Prizes!)",acade4,5169,1732383300,0,461
2039,"CodeTON Round 9 (Div. 1 + Div. 2, Rated, Prizes!)",FailX,5169,1732383300,1177,1182
2039,"CodeTON Round 9 (Div. 1 + Div. 2, Rated, Prizes!)",alexshao,5173,1732383300,1365,1324
2039,"CodeTON Round 9 (Div. 1 + Div. 2, Rated, Prizes!)",Ccupup,5173,1732383300,1008,1061
2039,"CodeTON Round 9 (Div. 1 + Div. 2, Rated, Prizes!)",Ramsai_5A1,5173,1732383300,1035,1080
2039,"CodeTON Round 9 (Div. 1 + Div. 2, Rated, Prizes!)",danken,5173,1732383300,1209,1205
2039,"CodeTON Round 9 (Div. 1 + Div. 2, Rated, Prizes!)",andrei22116,5173,1732383300,986,1046
2039,"CodeTON Round 9 (Div. 1 + Div. 2, Rated, Prizes!)",pledqd,5173,1732383300,1664,1554
2039,"CodeTON Round 9 (Div. 1 + Div. 2, Rated, Prizes!)",GrayJack,5179,1732383300,1200,1198
2039,"CodeTON Round 9 (Div. 1 + Div. 2, Rated, Prizes!)",whb569,5179,1732383300,1426,1370
2039,"CodeTON Round 9 (Div. 1 + Div. 2, Rated, Prizes!)",a_failed_coder,5179,1732383300,0,460
2039,"CodeTON Round 9 (Div. 1 + Div. 2, Rated, Prizes!)",rjrv,5179,1732383300,779,995
2039,"CodeTON Round 9 (Div. 1 + Div. 2, Rated, Prizes!)",HeavyCoder29,5179,1732383300,430,746
2039,"CodeTON Round 9 (Div. 1 + Div. 2, Rated, Prizes!)",ShaDiya06,5184,1732383300,1181,1184
2039,"CodeTON Round 9 (Div. 1 + Div. 2, Rated, Prizes!)",Enatsu__8,5184,1732383300,1558,1471
2039,"CodeTON Round 9 (Div. 1 + Div. 2, Rated, Prizes!)",qwq___qaq,5184,1732383300,1657,1548
2039,"CodeTON Round 9 (Div. 1 + Div. 2, Rated, Prizes!)",Masterer,5184,1732383300,1311,1282
2039,"CodeTON Round 9 (Div. 1 + Div. 2, Rated, Prizes!)",carem,5184,1732383300,1226,1217
2039,"CodeTON Round 9 (Div. 1 + Div. 2, Rated, Prizes!)",cftryharder,5189,1732383300,1258,1242
2039,"CodeTON Round 9 (Div. 1 + Div. 2, Rated, Prizes!)",What-next,5189,1732383300,1073,1106
2039,"CodeTON Round 9 (Div. 1 + Div. 2, Rated, Prizes!)",vishal231,5191,1732383300,1225,1217
2039,"CodeTON Round 9 (Div. 1 + Div. 2, Rated, Prizes!)",snowden_03,5192,1732383300,1202,1199
2039,"CodeTON Round 9 (Div. 1 + Div. 2, Rated, Prizes!)",SmHaInT,5192,1732383300,1404,1353
2039,"CodeTON Round 9 (Div. 1 + Div. 2, Rated, Prizes!)",onetap,5194,1732383300,2131,1922
2039,"CodeTON Round 9 (Div. 1 + Div. 2, Rated, Prizes!)",Union_of_Britain,5194,1732383300,1522,1443
2039,"CodeTON Round 9 (Div. 1 + Div. 2, Rated, Prizes!)",root357,5194,1732383300,1228,1219
2039,"CodeTON Round 9 (Div. 1 + Div. 2, Rated, Prizes!)",BringerOfRain,5197,1732383300,1489,1418
2039,"CodeTON Round 9 (Div. 1 + Div. 2, Rated, Prizes!)",Saurabh1628,5197,1732383300,1212,1207
2039,"CodeTON Round 9 (Div. 1 + Div. 2, Rated, Prizes!)",A_E_S,5197,1732383300,1048,1088
2039,"CodeTON Round 9 (Div. 1 + Div. 2, Rated, Prizes!)",paianshmahajan,5200,1732383300,1125,1204
2039,"CodeTON Round 9 (Div. 1 + Div. 2, Rated, Prizes!)",Ramprosad,5200,1732383300,1511,1435
2039,"CodeTON Round 9 (Div. 1 + Div. 2, Rated, Prizes!)",WiredMind,5200,1732383300,1197,1195
2039,"CodeTON Round 9 (Div. 1 + Div. 2, Rated, Prizes!)",Arafat383,5200,1732383300,1200,1198
2039,"CodeTON Round 9 (Div. 1 + Div. 2, Rated, Prizes!)",Umar_Sk,5200,1732383300,1260,1243
2039,"CodeTON Round 9 (Div. 1 + Div. 2, Rated, Prizes!)",bionicdog,5205,1732383300,1235,1224
2039,"CodeTON Round 9 (Div. 1 + Div. 2, Rated, Prizes!)",Snowball_6,5205,1732383300,1145,1157
2039,"CodeTON Round 9 (Div. 1 + Div. 2, Rated, Prizes!)",Reiva5,5205,1732383300,1531,1450
2039,"CodeTON Round 9 (Div. 1 + Div. 2, Rated, Prizes!)",Den,5208,1732383300,836,946
2039,"CodeTON Round 9 (Div. 1 + Div. 2, Rated, Prizes!)",__SADMAN__,5208,1732383300,1163,1170
2039,"CodeTON Round 9 (Div. 1 + Div. 2, Rated, Prizes!)",sweet007,5208,1732383300,1103,1162
2039,"CodeTON Round 9 (Div. 1 + Div. 2, Rated, Prizes!)",Filpe,5208,1732383300,1035,1078
2039,"CodeTON Round 9 (Div. 1 + Div. 2, Rated, Prizes!)",devansh1356,5212,1732383300,1464,1398
2039,"CodeTON Round 9 (Div. 1 + Div. 2, Rated, Prizes!)",ycperson,5212,1732383300,1548,1463
2039,"CodeTON Round 9 (Div. 1 + Div. 2, Rated, Prizes!)",ghost_7386,5212,1732383300,935,1010
2039,"CodeTON Round 9 (Div. 1 + Div. 2, Rated, Prizes!)",pikamonstruosa,5215,1732383300,996,1120
2039,"CodeTON Round 9 (Div. 1 + Div. 2, Rated, Prizes!)",SaveliyIsaev,5215,1732383300,1260,1242
2039,"CodeTON Round 9 (Div. 1 + Div. 2, Rated, Prizes!)",jatin_215,5215,1732383300,1123,1141
2039,"CodeTON Round 9 (Div. 1 + Div. 2, Rated, Prizes!)",Andrei_Kiselyov,5215,1732383300,825,939
2039,"CodeTON Round 9 (Div. 1 + Div. 2, Rated, Prizes!)",Mondschein-,5215,1732383300,998,1087
2039,"CodeTON Round 9 (Div. 1 + Div. 2, Rated, Prizes!)",Kurbonovsalmon,5220,1732383300,1302,1274
2039,"CodeTON Round 9 (Div. 1 + Div. 2, Rated, Prizes!)",yy910,5221,1732383300,1108,1130
2039,"CodeTON Round 9 (Div. 1 + Div. 2, Rated, Prizes!)",ErmiCodeforce,5221,1732383300,1307,1277
2039,"CodeTON Round 9 (Div. 1 + Div. 2, Rated, Prizes!)",Lance0,5221,1732383300,1364,1321
2039,"CodeTON Round 9 (Div. 1 + Div. 2, Rated, Prizes!)",guanglongshen,5224,1732383300,1080,1110
2039,"CodeTON Round 9 (Div. 1 + Div. 2, Rated, Prizes!)",redcoderITM,5224,1732383300,1281,1258
2039,"CodeTON Round 9 (Div. 1 + Div. 2, Rated, Prizes!)",Ebrafat,5226,1732383300,1433,1373
2039,"CodeTON Round 9 (Div. 1 + Div. 2, Rated, Prizes!)",Asharma538,5226,1732383300,1406,1353
2039,"CodeTON Round 9 (Div. 1 + Div. 2, Rated, Prizes!)",ProblemSolver__,5226,1732383300,1118,1137
2039,"CodeTON Round 9 (Div. 1 + Div. 2, Rated, Prizes!)",souviksarkar2k3,5226,1732383300,1298,1271
2039,"CodeTON Round 9 (Div. 1 + Div. 2, Rated, Prizes!)",TuSh4r,5226,1732383300,1103,1125
2039,"CodeTON Round 9 (Div. 1 + Div. 2, Rated, Prizes!)",Jipsy,5226,1732383300,1102,1125
2039,"CodeTON Round 9 (Div. 1 + Div. 2, Rated, Prizes!)",Tangil_Shawon,5226,1732383300,1163,1169
2039,"CodeTON Round 9 (Div. 1 + Div. 2, Rated, Prizes!)",samar_raj,5233,1732383300,1420,1364
2039,"CodeTON Round 9 (Div. 1 + Div. 2, Rated, Prizes!)",Satsuki,5233,1732383300,1712,1589
2039,"CodeTON Round 9 (Div. 1 + Div. 2, Rated, Prizes!)",Yes_itSMe,5233,1732383300,1316,1284
2039,"CodeTON Round 9 (Div. 1 + Div. 2, Rated, Prizes!)",noobsolver24,5233,1732383300,1062,1097
2039,"CodeTON Round 9 (Div. 1 + Div. 2, Rated, Prizes!)",sumeet291102,5233,1732383300,1282,1258
2039,"CodeTON Round 9 (Div. 1 + Div. 2, Rated, Prizes!)",-HossaM-,5233,1732383300,1272,1251
2039,"CodeTON Round 9 (Div. 1 + Div. 2, Rated, Prizes!)",JatinChahar,5239,1732383300,1207,1201
2039,"CodeTON Round 9 (Div. 1 + Div. 2, Rated, Prizes!)",wallace_QwQ,5239,1732383300,1332,1296
2039,"CodeTON Round 9 (Div. 1 + Div. 2, Rated, Prizes!)",dhruvg06,5239,1732383300,1129,1144
2039,"CodeTON Round 9 (Div. 1 + Div. 2, Rated, Prizes!)",wajdi4,5239,1732383300,953,1020
2039,"CodeTON Round 9 (Div. 1 + Div. 2, Rated, Prizes!)",position1324,5239,1732383300,441,753
2039,"CodeTON Round 9 (Div. 1 + Div. 2, Rated, Prizes!)",Gojo,5239,1732383300,1297,1269
2039,"CodeTON Round 9 (Div. 1 + Div. 2, Rated, Prizes!)",shourov,5239,1732383300,1317,1285
2039,"CodeTON Round 9 (Div. 1 + Div. 2, Rated, Prizes!)",AhmedReda,5246,1732383300,1077,1107
2039,"CodeTON Round 9 (Div. 1 + Div. 2, Rated, Prizes!)",nathdebjeet79,5246,1732383300,943,1014
2039,"CodeTON Round 9 (Div. 1 + Div. 2, Rated, Prizes!)",cpxv,5246,1732383300,1108,1129
2039,"CodeTON Round 9 (Div. 1 + Div. 2, Rated, Prizes!)",RioBluss,5249,1732383300,1359,1316
2039,"CodeTON Round 9 (Div. 1 + Div. 2, Rated, Prizes!)",bhimanshu7274,5249,1732383300,1042,1082
2039,"CodeTON Round 9 (Div. 1 + Div. 2, Rated, Prizes!)",Pili_02,5249,1732383300,1360,1317
2039,"CodeTON Round 9 (Div. 1 + Div. 2, Rated, Prizes!)",thePointyEnd,5249,1732383300,1183,1184
2039,"CodeTON Round 9 (Div. 1 + Div. 2, Rated, Prizes!)",Akik04,5249,1732383300,1102,1124
2039,"CodeTON Round 9 (Div. 1 + Div. 2, Rated, Prizes!)",tarunvyshnav,5254,1732383300,1270,1249
2039,"CodeTON Round 9 (Div. 1 + Div. 2, Rated, Prizes!)",__SchrodingersCat__,5254,1732383300,1407,1353
2039,"CodeTON Round 9 (Div. 1 + Div. 2, Rated, Prizes!)",hsqwww,5254,1732383300,855,1005
2039,"CodeTON Round 9 (Div. 1 + Div. 2, Rated, Prizes!)",rasil,5257,1732383300,1151,1160
2039,"CodeTON Round 9 (Div. 1 + Div. 2, Rated, Prizes!)",yxl1,5257,1732383300,1029,1143
2039,"CodeTON Round 9 (Div. 1 + Div. 2, Rated, Prizes!)",JFLS_LMH,5257,1732383300,1289,1263
2039,"CodeTON Round 9 (Div. 1 + Div. 2, Rated, Prizes!)",Conan_,5260,1732383300,1043,1082
2039,"CodeTON Round 9 (Div. 1 + Div. 2, Rated, Prizes!)",anagh.7,5260,1732383300,1212,1204
2039,"CodeTON Round 9 (Div. 1 + Div. 2, Rated, Prizes!)",yamr18212,5260,1732383300,1136,1148
2039,"CodeTON Round 9 (Div. 1 + Div. 2, Rated, Prizes!)",MOONHOLA_,5260,1732383300,1079,1107
2039,"CodeTON Round 9 (Div. 1 + Div. 2, Rated, Prizes!)",noari,5260,1732383300,1271,1249
2039,"CodeTON Round 9 (Div. 1 + Div. 2, Rated, Prizes!)",zobaer_shakib,5265,1732383300,1264,1244
2039,"CodeTON Round 9 (Div. 1 + Div. 2, Rated, Prizes!)",Negationist,5265,1732383300,1353,1311
2039,"CodeTON Round 9 (Div. 1 + Div. 2, Rated, Prizes!)",badvelcp,5265,1732383300,0,458
2039,"CodeTON Round 9 (Div. 1 + Div. 2, Rated, Prizes!)",dkdk,5265,1732383300,1444,1381
2039,"CodeTON Round 9 (Div. 1 + Div. 2, Rated, Prizes!)",stackvariable,5265,1732383300,682,919
2039,"CodeTON Round 9 (Div. 1 + Div. 2, Rated, Prizes!)",Oops..,5265,1732383300,435,748
2039,"CodeTON Round 9 (Div. 1 + Div. 2, Rated, Prizes!)",jungsb0415,5265,1732383300,0,458
2039,"CodeTON Round 9 (Div. 1 + Div. 2, Rated, Prizes!)",joker19102,5265,1732383300,1323,1288
2039,"CodeTON Round 9 (Div. 1 + Div. 2, Rated, Prizes!)",krishna_08,5273,1732383300,1303,1273
2039,"CodeTON Round 9 (Div. 1 + Div. 2, Rated, Prizes!)",lightsquarebishop,5273,1732383300,1105,1126
2039,"CodeTON Round 9 (Div. 1 + Div. 2, Rated, Prizes!)",madhavanv.cse2022,5275,1732383300,1023,1067
2039,"CodeTON Round 9 (Div. 1 + Div. 2, Rated, Prizes!)",shishir_dune,5275,1732383300,1106,1163
2039,"CodeTON Round 9 (Div. 1 + Div. 2, Rated, Prizes!)",tsukumo,5275,1732383300,1141,1214
2039,"CodeTON Round 9 (Div. 1 + Div. 2, Rated, Prizes!)",threetrees,5275,1732383300,0,458
2039,"CodeTON Round 9 (Div. 1 + Div. 2, Rated, Prizes!)",ThoughtNerd,5279,1732383300,1443,1380
2039,"CodeTON Round 9 (Div. 1 + Div. 2, Rated, Prizes!)",vishnuyash,5279,1732383300,1126,1141
2039,"CodeTON Round 9 (Div. 1 + Div. 2, Rated, Prizes!)",Chel_ik,5279,1732383300,0,458
2039,"CodeTON Round 9 (Div. 1 + Div. 2, Rated, Prizes!)",palaraxdope,5279,1732383300,632,882
2039,"CodeTON Round 9 (Div. 1 + Div. 2, Rated, Prizes!)",jitendrapranto,5283,1732383300,1176,1177
2039,"CodeTON Round 9 (Div. 1 + Div. 2, Rated, Prizes!)",eden67535,5283,1732383300,820,933
2039,"CodeTON Round 9 (Div. 1 + Div. 2, Rated, Prizes!)",chenzhishuo2012,5283,1732383300,1052,1088
2039,"CodeTON Round 9 (Div. 1 + Div. 2, Rated, Prizes!)",qingdian,5286,1732383300,1423,1364
2039,"CodeTON Round 9 (Div. 1 + Div. 2, Rated, Prizes!)",RishabhXHecker,5286,1732383300,1002,1052
2039,"CodeTON Round 9 (Div. 1 + Div. 2, Rated, Prizes!)",meem_358,5286,1732383300,1174,1175
2039,"CodeTON Round 9 (Div. 1 + Div. 2, Rated, Prizes!)",5saken,5286,1732383300,963,1081
2039,"CodeTON Round 9 (Div. 1 + Div. 2, Rated, Prizes!)",rohilkadam36,5286,1732383300,1096,1119
2039,"CodeTON Round 9 (Div. 1 + Div. 2, Rated, Prizes!)",dungktgg,5286,1732383300,1008,1057
2039,"CodeTON Round 9 (Div. 1 + Div. 2, Rated, Prizes!)",YouKnowCipher,5292,1732383300,1300,1270
2039,"CodeTON Round 9 (Div. 1 + Div. 2, Rated, Prizes!)",monostack,5292,1732383300,451,759
2039,"CodeTON Round 9 (Div. 1 + Div. 2, Rated, Prizes!)",agarwalrujal,5292,1732383300,1153,1160
2039,"CodeTON Round 9 (Div. 1 + Div. 2, Rated, Prizes!)",Irshad_Raza,5295,1732383300,1337,1337
2039,"CodeTON Round 9 (Div. 1 + Div. 2, Rated, Prizes!)",ankur_ankur,5295,1732383300,1202,1196
2039,"CodeTON Round 9 (Div. 1 + Div. 2, Rated, Prizes!)",Neskerd,5295,1732383300,1317,1283
2039,"CodeTON Round 9 (Div. 1 + Div. 2, Rated, Prizes!)",K.Outis,5298,1732383300,1268,1245
2039,"CodeTON Round 9 (Div. 1 + Div. 2, Rated, Prizes!)",Labib_Rafid,5298,1732383300,1105,1125
2039,"CodeTON Round 9 (Div. 1 + Div. 2, Rated, Prizes!)",J_SHADOW,5298,1732383300,1093,1116
2039,"CodeTON Round 9 (Div. 1 + Div. 2, Rated, Prizes!)",duboran,5298,1732383300,1312,1279
2039,"CodeTON Round 9 (Div. 1 + Div. 2, Rated, Prizes!)",veda_manvith,5298,1732383300,1394,1342
2039,"CodeTON Round 9 (Div. 1 + Div. 2, Rated, Prizes!)",alokpriydarshi7,5298,1732383300,1322,1287
2039,"CodeTON Round 9 (Div. 1 + Div. 2, Rated, Prizes!)",Hazi_Coder,5304,1732383300,1158,1163
2039,"CodeTON Round 9 (Div. 1 + Div. 2, Rated, Prizes!)",Adu3108,5304,1732383300,1299,1269
2039,"CodeTON Round 9 (Div. 1 + Div. 2, Rated, Prizes!)",Sinister_99,5304,1732383300,1195,1190
2039,"CodeTON Round 9 (Div. 1 + Div. 2, Rated, Prizes!)",axerel,5307,1732383300,556,825
2039,"CodeTON Round 9 (Div. 1 + Div. 2, Rated, Prizes!)",kha20221005,5307,1732383300,1245,1228
2039,"CodeTON Round 9 (Div. 1 + Div. 2, Rated, Prizes!)",chenzipeng,5309,1732383300,1058,1164
2039,"CodeTON Round 9 (Div. 1 + Div. 2, Rated, Prizes!)",Shelbyop,5309,1732383300,1071,1100
2039,"CodeTON Round 9 (Div. 1 + Div. 2, Rated, Prizes!)",Fermits,5309,1732383300,1232,1218
2039,"CodeTON Round 9 (Div. 1 + Div. 2, Rated, Prizes!)",zeroafterzero,5309,1732383300,967,1028
2039,"CodeTON Round 9 (Div. 1 + Div. 2, Rated, Prizes!)",KD_SONANI,5309,1732383300,917,994
2039,"CodeTON Round 9 (Div. 1 + Div. 2, Rated, Prizes!)",Neshwanth0.,5309,1732383300,1271,1248
2039,"CodeTON Round 9 (Div. 1 + Div. 2, Rated, Prizes!)",Avocabo,5315,1732383300,1085,1146
2039,"CodeTON Round 9 (Div. 1 + Div. 2, Rated, Prizes!)",MOUDX,5315,1732383300,1162,1166
2039,"CodeTON Round 9 (Div. 1 + Div. 2, Rated, Prizes!)",AdnanChy1,5315,1732383300,1128,1140
2039,"CodeTON Round 9 (Div. 1 + Div. 2, Rated, Prizes!)",DxKinG,5315,1732383300,1354,1311
2039,"CodeTON Round 9 (Div. 1 + Div. 2, Rated, Prizes!)",fonikos01,5315,1732383300,1488,1414
2039,"CodeTON Round 9 (Div. 1 + Div. 2, Rated, Prizes!)",Mohit_Agarwal29,5315,1732383300,1654,1542
2039,"CodeTON Round 9 (Div. 1 + Div. 2, Rated, Prizes!)",lian_zi_xian,5321,1732383300,1206,1198
2039,"CodeTON Round 9 (Div. 1 + Div. 2, Rated, Prizes!)",Yuris,5321,1732383300,1386,1335
2039,"CodeTON Round 9 (Div. 1 + Div. 2, Rated, Prizes!)",rishendraT,5323,1732383300,1573,1479
2039,"CodeTON Round 9 (Div. 1 + Div. 2, Rated, Prizes!)",XDEv11,5323,1732383300,1790,1648
2039,"CodeTON Round 9 (Div. 1 + Div. 2, Rated, Prizes!)",Mostatil,5323,1732383300,1233,1218
2039,"CodeTON Round 9 (Div. 1 + Div. 2, Rated, Prizes!)",riyaagarwal6789,5323,1732383300,1150,1157
2039,"CodeTON Round 9 (Div. 1 + Div. 2, Rated, Prizes!)",CoderVinit,5327,1732383300,1303,1271
2039,"CodeTON Round 9 (Div. 1 + Div. 2, Rated, Prizes!)",xiangnilo,5327,1732383300,1262,1240
2039,"CodeTON Round 9 (Div. 1 + Div. 2, Rated, Prizes!)",sujay_2006,5327,1732383300,1085,1109
2039,"CodeTON Round 9 (Div. 1 + Div. 2, Rated, Prizes!)",caoheyan,5327,1732383300,1333,1294
2039,"CodeTON Round 9 (Div. 1 + Div. 2, Rated, Prizes!)",Yash_Maniya,5327,1732383300,1507,1428
2039,"CodeTON Round 9 (Div. 1 + Div. 2, Rated, Prizes!)",yasmin13,5327,1732383300,922,996
2039,"CodeTON Round 9 (Div. 1 + Div. 2, Rated, Prizes!)",be3gapb,5327,1732383300,1194,1189
2039,"CodeTON Round 9 (Div. 1 + Div. 2, Rated, Prizes!)",SamuelCloud,5327,1732383300,1541,1454
2039,"CodeTON Round 9 (Div. 1 + Div. 2, Rated, Prizes!)",Retudal,5327,1732383300,1088,1111
2039,"CodeTON Round 9 (Div. 1 + Div. 2, Rated, Prizes!)",nishchay_06,5327,1732383300,1220,1208
2039,"CodeTON Round 9 (Div. 1 + Div. 2, Rated, Prizes!)",Arisbek,5337,1732383300,1235,1220
2039,"CodeTON Round 9 (Div. 1 + Div. 2, Rated, Prizes!)",harish1108,5337,1732383300,1029,1069
2039,"CodeTON Round 9 (Div. 1 + Div. 2, Rated, Prizes!)",tarun02185,5337,1732383300,837,941
2039,"CodeTON Round 9 (Div. 1 + Div. 2, Rated, Prizes!)",Gourav,5337,1732383300,1333,1294
2039,"CodeTON Round 9 (Div. 1 + Div. 2, Rated, Prizes!)",NHausleitner,5337,1732383300,420,734
2039,"CodeTON Round 9 (Div. 1 + Div. 2, Rated, Prizes!)",9mar3,5337,1732383300,1358,1313
2039,"CodeTON Round 9 (Div. 1 + Div. 2, Rated, Prizes!)",balls,5337,1732383300,965,1025
2039,"CodeTON Round 9 (Div. 1 + Div. 2, Rated, Prizes!)",podsivalenkodiana,5344,1732383300,876,1025
2039,"CodeTON Round 9 (Div. 1 + Div. 2, Rated, Prizes!)",tianwenbin,5344,1732383300,1224,1211
2039,"CodeTON Round 9 (Div. 1 + Div. 2, Rated, Prizes!)",mojitos,5344,1732383300,1302,1270
2039,"CodeTON Round 9 (Div. 1 + Div. 2, Rated, Prizes!)",xKira_,5344,1732383300,1148,1154
2039,"CodeTON Round 9 (Div. 1 + Div. 2, Rated, Prizes!)",Subhankar744,5344,1732383300,1143,1151
2039,"CodeTON Round 9 (Div. 1 + Div. 2, Rated, Prizes!)",navidash,5349,1732383300,908,986
2039,"CodeTON Round 9 (Div. 1 + Div. 2, Rated, Prizes!)",cesh.chik,5349,1732383300,1226,1212
2039,"CodeTON Round 9 (Div. 1 + Div. 2, Rated, Prizes!)",keshavjohri18,5349,1732383300,1116,1130
2039,"CodeTON Round 9 (Div. 1 + Div. 2, Rated, Prizes!)",Mohammed_Nasserr,5349,1732383300,1281,1254
2039,"CodeTON Round 9 (Div. 1 + Div. 2, Rated, Prizes!)",Marios.K.R.Marouditsis,5349,1732383300,1331,1292
2039,"CodeTON Round 9 (Div. 1 + Div. 2, Rated, Prizes!)",Estiak_Khan,5349,1732383300,971,1029
2039,"CodeTON Round 9 (Div. 1 + Div. 2, Rated, Prizes!)",saderty_,5349,1732383300,885,1071
2039,"CodeTON Round 9 (Div. 1 + Div. 2, Rated, Prizes!)",pranaykotha,5356,1732383300,1048,1082
2039,"CodeTON Round 9 (Div. 1 + Div. 2, Rated, Prizes!)",Prababamaba,5356,1732383300,1210,1200
2039,"CodeTON Round 9 (Div. 1 + Div. 2, Rated, Prizes!)",AsemoGG,5356,1732383300,1301,1269
2039,"CodeTON Round 9 (Div. 1 + Div. 2, Rated, Prizes!)",xuxuxunnn,5356,1732383300,700,930
2039,"CodeTON Round 9 (Div. 1 + Div. 2, Rated, Prizes!)",chauhan_09,5360,1732383300,877,966
2039,"CodeTON Round 9 (Div. 1 + Div. 2, Rated, Prizes!)",Warrior_313,5360,1732383300,994,1044
2039,"CodeTON Round 9 (Div. 1 + Div. 2, Rated, Prizes!)",nsadatma,5360,1732383300,1106,1123
2039,"CodeTON Round 9 (Div. 1 + Div. 2, Rated, Prizes!)",Wa_on_test233,5360,1732383300,1503,1463
2039,"CodeTON Round 9 (Div. 1 + Div. 2, Rated, Prizes!)",VNHbest,5364,1732383300,1130,1140
2039,"CodeTON Round 9 (Div. 1 + Div. 2, Rated, Prizes!)",ybc2025fangzeqi,5364,1732383300,1325,1287
2039,"CodeTON Round 9 (Div. 1 + Div. 2, Rated, Prizes!)",iq500,5364,1732383300,974,1030
2039,"CodeTON Round 9 (Div. 1 + Div. 2, Rated, Prizes!)",ydk0,5364,1732383300,1196,1189
2039,"CodeTON Round 9 (Div. 1 + Div. 2, Rated, Prizes!)",coldwheat233,5364,1732383300,1311,1276
2039,"CodeTON Round 9 (Div. 1 + Div. 2, Rated, Prizes!)",Sanoy-si,5364,1732383300,1389,1336
2039,"CodeTON Round 9 (Div. 1 + Div. 2, Rated, Prizes!)",dpsvoyager.16,5364,1732383300,1147,1153
2039,"CodeTON Round 9 (Div. 1 + Div. 2, Rated, Prizes!)",theRealSublimeTextLover,5371,1732383300,1225,1211
2039,"CodeTON Round 9 (Div. 1 + Div. 2, Rated, Prizes!)",ashish-um,5371,1732383300,1082,1106
2039,"CodeTON Round 9 (Div. 1 + Div. 2, Rated, Prizes!)",datshroud,5371,1732383300,1029,1103
2039,"CodeTON Round 9 (Div. 1 + Div. 2, Rated, Prizes!)",Tor_250,5374,1732383300,1797,1652
2039,"CodeTON Round 9 (Div. 1 + Div. 2, Rated, Prizes!)",Nithish7,5374,1732383300,1078,1139
2039,"CodeTON Round 9 (Div. 1 + Div. 2, Rated, Prizes!)",Bashir_Swed,5374,1732383300,1005,1051
2039,"CodeTON Round 9 (Div. 1 + Div. 2, Rated, Prizes!)",marinac321,5374,1732383300,1487,1411
2039,"CodeTON Round 9 (Div. 1 + Div. 2, Rated, Prizes!)",Kerolous66M,5374,1732383300,1081,1105
2039,"CodeTON Round 9 (Div. 1 + Div. 2, Rated, Prizes!)",potto70,5374,1732383300,994,1043
2039,"CodeTON Round 9 (Div. 1 + Div. 2, Rated, Prizes!)",WA___,5380,1732383300,1012,1056
2039,"CodeTON Round 9 (Div. 1 + Div. 2, Rated, Prizes!)",kathanshah743,5380,1732383300,874,1022
2039,"CodeTON Round 9 (Div. 1 + Div. 2, Rated, Prizes!)",cosme,5380,1732383300,1102,1156
2039,"CodeTON Round 9 (Div. 1 + Div. 2, Rated, Prizes!)",wdy_yyds,5380,1732383300,865,957
2039,"CodeTON Round 9 (Div. 1 + Div. 2, Rated, Prizes!)",bazaraa,5380,1732383300,1280,1252
2039,"CodeTON Round 9 (Div. 1 + Div. 2, Rated, Prizes!)",3DLY,5380,1732383300,0,455
2039,"CodeTON Round 9 (Div. 1 + Div. 2, Rated, Prizes!)",defarias25,5380,1732383300,1432,1368
2039,"CodeTON Round 9 (Div. 1 + Div. 2, Rated, Prizes!)",negative___iq,5387,1732383300,1091,1111
2039,"CodeTON Round 9 (Div. 1 + Div. 2, Rated, Prizes!)",This_is_real_WXC,5387,1732383300,1353,1307
2039,"CodeTON Round 9 (Div. 1 + Div. 2, Rated, Prizes!)",ivchenkoandrey2,5387,1732383300,1733,1601
2039,"CodeTON Round 9 (Div. 1 + Div. 2, Rated, Prizes!)",Classic_Failure,5387,1732383300,1416,1356
2039,"CodeTON Round 9 (Div. 1 + Div. 2, Rated, Prizes!)",Travller_WCKing,5387,1732383300,423,734
2039,"CodeTON Round 9 (Div. 1 + Div. 2, Rated, Prizes!)",muser,5387,1732383300,1301,1268
2039,"CodeTON Round 9 (Div. 1 + Div. 2, Rated, Prizes!)",Simurdiera_MAC,5387,1732383300,1193,1186
2039,"CodeTON Round 9 (Div. 1 + Div. 2, Rated, Prizes!)",lucasincyber,5387,1732383300,981,1090
2039,"CodeTON Round 9 (Div. 1 + Div. 2, Rated, Prizes!)",laxme191,5387,1732383300,1549,1459
2039,"CodeTON Round 9 (Div. 1 + Div. 2, Rated, Prizes!)",Paulstrz,5387,1732383300,398,715
2039,"CodeTON Round 9 (Div. 1 + Div. 2, Rated, Prizes!)",remiss,5387,1732383300,888,971
2039,"CodeTON Round 9 (Div. 1 + Div. 2, Rated, Prizes!)",readtt,5387,1732383300,960,1019
2039,"CodeTON Round 9 (Div. 1 + Div. 2, Rated, Prizes!)",dhuamanilu,5399,1732383300,1289,1259
2039,"CodeTON Round 9 (Div. 1 + Div. 2, Rated, Prizes!)",tonyhawkcxx,5400,1732383300,1073,1098
2039,"CodeTON Round 9 (Div. 1 + Div. 2, Rated, Prizes!)",SM1LE_PlZ,5400,1732383300,1408,1350
2039,"CodeTON Round 9 (Div. 1 + Div. 2, Rated, Prizes!)",abso1ute,5400,1732383300,1149,1153
2039,"CodeTON Round 9 (Div. 1 + Div. 2, Rated, Prizes!)",Libra_Minister,5403,1732383300,1101,1118
2039,"CodeTON Round 9 (Div. 1 + Div. 2, Rated, Prizes!)",_boktier_,5403,1732383300,1082,1104
2039,"CodeTON Round 9 (Div. 1 + Div. 2, Rated, Prizes!)",SilviuC25,5403,1732383300,1226,1211
2039,"CodeTON Round 9 (Div. 1 + Div. 2, Rated, Prizes!)",MarkelOff,5403,1732383300,964,1021
2039,"CodeTON Round 9 (Div. 1 + Div. 2, Rated, Prizes!)",Najmiddin13,5403,1732383300,1100,1118
2039,"CodeTON Round 9 (Div. 1 + Div. 2, Rated, Prizes!)",sachinbisht2961,5408,1732383300,1110,1124
2039,"CodeTON Round 9 (Div. 1 + Div. 2, Rated, Prizes!)",saamir_2003,5408,1732383300,1002,1047
2039,"CodeTON Round 9 (Div. 1 + Div. 2, Rated, Prizes!)",CatCoderCuteNo1VOI,5408,1732383300,1441,1375
2039,"CodeTON Round 9 (Div. 1 + Div. 2, Rated, Prizes!)",Shiva___,5408,1732383300,775,899
2039,"CodeTON Round 9 (Div. 1 + Div. 2, Rated, Prizes!)",mhr_emon,5408,1732383300,1189,1182
2039,"CodeTON Round 9 (Div. 1 + Div. 2, Rated, Prizes!)",Kuanyshh,5408,1732383300,1379,1327
2039,"CodeTON Round 9 (Div. 1 + Div. 2, Rated, Prizes!)",snneteynoewvewvewvuvu,5408,1732383300,1169,1167
2039,"CodeTON Round 9 (Div. 1 + Div. 2, Rated, Prizes!)",Keshavpareta8302,5408,1732383300,1284,1254
2039,"CodeTON Round 9 (Div. 1 + Div. 2, Rated, Prizes!)",akahisha,5408,1732383300,1101,1179
2039,"CodeTON Round 9 (Div. 1 + Div. 2, Rated, Prizes!)",Aurelius_Tzu,5408,1732383300,1065,1152
2039,"CodeTON Round 9 (Div. 1 + Div. 2, Rated, Prizes!)",EL7okooma,5408,1732383300,898,977
2039,"CodeTON Round 9 (Div. 1 + Div. 2, Rated, Prizes!)",log2N,5419,1732383300,1121,1132
2039,"CodeTON Round 9 (Div. 1 + Div. 2, Rated, Prizes!)",psy_2_2_2,5419,1732383300,1028,1065
2039,"CodeTON Round 9 (Div. 1 + Div. 2, Rated, Prizes!)",tanvirtasin,5419,1732383300,1164,1164
2039,"CodeTON Round 9 (Div. 1 + Div. 2, Rated, Prizes!)",lyz101020,5422,1732383300,594,849
2039,"CodeTON Round 9 (Div. 1 + Div. 2, Rated, Prizes!)",cubinguy,5422,1732383300,0,454
2039,"CodeTON Round 9 (Div. 1 + Div. 2, Rated, Prizes!)",light01,5422,1732383300,1000,1045
2039,"CodeTON Round 9 (Div. 1 + Div. 2, Rated, Prizes!)",AboRady,5422,1732383300,1301,1267
2039,"CodeTON Round 9 (Div. 1 + Div. 2, Rated, Prizes!)",KortVick,5422,1732383300,771,946
2039,"CodeTON Round 9 (Div. 1 + Div. 2, Rated, Prizes!)",Ahmed_Nasr129,5427,1732383300,1278,1249
2039,"CodeTON Round 9 (Div. 1 + Div. 2, Rated, Prizes!)",bcs_2023052,5428,1732383300,1148,1151
2039,"CodeTON Round 9 (Div. 1 + Div. 2, Rated, Prizes!)",Badaya_Gidada,5428,1732383300,0,453
2039,"CodeTON Round 9 (Div. 1 + Div. 2, Rated, Prizes!)",athiest07,5428,1732383300,1431,1366
2039,"CodeTON Round 9 (Div. 1 + Div. 2, Rated, Prizes!)",larby2409,5428,1732383300,1163,1241
2039,"CodeTON Round 9 (Div. 1 + Div. 2, Rated, Prizes!)",Daisuke_sunkan,5428,1732383300,1031,1067
2039,"CodeTON Round 9 (Div. 1 + Div. 2, Rated, Prizes!)",AmirTYR,5428,1732383300,1345,1301
2039,"CodeTON Round 9 (Div. 1 + Div. 2, Rated, Prizes!)",kazu_tech,5434,1732383300,1308,1272
2039,"CodeTON Round 9 (Div. 1 + Div. 2, Rated, Prizes!)",YassineEl,5434,1732383300,0,453
2039,"CodeTON Round 9 (Div. 1 + Div. 2, Rated, Prizes!)",kishore_palanisamy,5434,1732383300,1197,1188
2039,"CodeTON Round 9 (Div. 1 + Div. 2, Rated, Prizes!)",kyanhdang,5434,1732383300,1122,1132
2039,"CodeTON Round 9 (Div. 1 + Div. 2, Rated, Prizes!)",one_punch_Moon,5434,1732383300,1059,1087
2039,"CodeTON Round 9 (Div. 1 + Div. 2, Rated, Prizes!)",Dhruv985,5439,1732383300,1527,1440
2039,"CodeTON Round 9 (Div. 1 + Div. 2, Rated, Prizes!)",Arya_361,5439,1732383300,1194,1185
2039,"CodeTON Round 9 (Div. 1 + Div. 2, Rated, Prizes!)",FANTASY.,5439,1732383300,1133,1140
2039,"CodeTON Round 9 (Div. 1 + Div. 2, Rated, Prizes!)",red_carpet,5439,1732383300,1134,1141
2039,"CodeTON Round 9 (Div. 1 + Div. 2, Rated, Prizes!)",1mperator,5439,1732383300,1256,1232
2039,"CodeTON Round 9 (Div. 1 + Div. 2, Rated, Prizes!)",SyamSriBalajiT,5439,1732383300,1219,1204
2039,"CodeTON Round 9 (Div. 1 + Div. 2, Rated, Prizes!)",Chet1398,5445,1732383300,1067,1092
2039,"CodeTON Round 9 (Div. 1 + Div. 2, Rated, Prizes!)",ShabbirMFST,5445,1732383300,1069,1094
2039,"CodeTON Round 9 (Div. 1 + Div. 2, Rated, Prizes!)",speecl,5445,1732383300,1034,1069
2039,"CodeTON Round 9 (Div. 1 + Div. 2, Rated, Prizes!)",flux0k,5445,1732383300,1143,1147
2039,"CodeTON Round 9 (Div. 1 + Div. 2, Rated, Prizes!)",lucypher,5445,1732383300,1082,1103
2039,"CodeTON Round 9 (Div. 1 + Div. 2, Rated, Prizes!)",Hagry,5450,1732383300,1949,1770
2039,"CodeTON Round 9 (Div. 1 + Div. 2, Rated, Prizes!)",mysticTB,5450,1732383300,1270,1242
2039,"CodeTON Round 9 (Div. 1 + Div. 2, Rated, Prizes!)",Saidul_1,5450,1732383300,1502,1421
2039,"CodeTON Round 9 (Div. 1 + Div. 2, Rated, Prizes!)",LeeDoo,5450,1732383300,1013,1125
2039,"CodeTON Round 9 (Div. 1 + Div. 2, Rated, Prizes!)",HarshDSingh_2004,5450,1732383300,915,987
2039,"CodeTON Round 9 (Div. 1 + Div. 2, Rated, Prizes!)",KishoreKarthick,5455,1732383300,936,1001
2039,"CodeTON Round 9 (Div. 1 + Div. 2, Rated, Prizes!)",Medeali,5455,1732383300,1407,1347
2039,"CodeTON Round 9 (Div. 1 + Div. 2, Rated, Prizes!)",akasher2ndid,5455,1732383300,1060,1087
2039,"CodeTON Round 9 (Div. 1 + Div. 2, Rated, Prizes!)",ethereal_dhr,5458,1732383300,0,452
2039,"CodeTON Round 9 (Div. 1 + Div. 2, Rated, Prizes!)",_fuleli,5458,1732383300,777,986
2039,"CodeTON Round 9 (Div. 1 + Div. 2, Rated, Prizes!)",abenezer_m54,5458,1732383300,1457,1386
2039,"CodeTON Round 9 (Div. 1 + Div. 2, Rated, Prizes!)",Blank8,5458,1732383300,1273,1244
2039,"CodeTON Round 9 (Div. 1 + Div. 2, Rated, Prizes!)",v4der,5458,1732383300,1278,1248
2039,"CodeTON Round 9 (Div. 1 + Div. 2, Rated, Prizes!)",MiaoYu404,5458,1732383300,0,452
2039,"CodeTON Round 9 (Div. 1 + Div. 2, Rated, Prizes!)",aLiVe_AgAiN,5458,1732383300,1070,1093
2039,"CodeTON Round 9 (Div. 1 + Div. 2, Rated, Prizes!)",javlonbekh2007,5458,1732383300,1087,1106
2039,"CodeTON Round 9 (Div. 1 + Div. 2, Rated, Prizes!)",Hssaan_SundarSTEM,5466,1732383300,1125,1134
2039,"CodeTON Round 9 (Div. 1 + Div. 2, Rated, Prizes!)",AMBeheshti,5466,1732383300,1081,1101
2039,"CodeTON Round 9 (Div. 1 + Div. 2, Rated, Prizes!)",MehemmedSettarli,5466,1732383300,965,1020
2039,"CodeTON Round 9 (Div. 1 + Div. 2, Rated, Prizes!)",bkdn24.nck,5466,1732383300,1667,1548
2039,"CodeTON Round 9 (Div. 1 + Div. 2, Rated, Prizes!)",krutarthpatel929,5466,1732383300,1405,1346
2039,"CodeTON Round 9 (Div. 1 + Div. 2, Rated, Prizes!)",say_yas,5466,1732383300,1342,1297
2039,"CodeTON Round 9 (Div. 1 + Div. 2, Rated, Prizes!)",utkarsh.37,5466,1732383300,1276,1246
2039,"CodeTON Round 9 (Div. 1 + Div. 2, Rated, Prizes!)",pohovanasalama,5473,1732383300,1208,1194
2039,"CodeTON Round 9 (Div. 1 + Div. 2, Rated, Prizes!)",Fake_Account447,5473,1732383300,1186,1178
2039,"CodeTON Round 9 (Div. 1 + Div. 2, Rated, Prizes!)",BlueSalamander,5473,1732383300,1314,1276
2039,"CodeTON Round 9 (Div. 1 + Div. 2, Rated, Prizes!)",rahi088,5473,1732383300,1053,1081
2039,"CodeTON Round 9 (Div. 1 + Div. 2, Rated, Prizes!)",mattieK,5473,1732383300,1297,1262
2039,"CodeTON Round 9 (Div. 1 + Div. 2, Rated, Prizes!)",WoWich,5478,1732383300,504,794
2039,"CodeTON Round 9 (Div. 1 + Div. 2, Rated, Prizes!)",ADecentUsername,5478,1732383300,1141,1145
2039,"CodeTON Round 9 (Div. 1 + Div. 2, Rated, Prizes!)",j.colada,5478,1732383300,1111,1123
2039,"CodeTON Round 9 (Div. 1 + Div. 2, Rated, Prizes!)",AlexisNovo8,5478,1732383300,929,995
2039,"CodeTON Round 9 (Div. 1 + Div. 2, Rated, Prizes!)",Somefolk,5478,1732383300,1210,1196
2039,"CodeTON Round 9 (Div. 1 + Div. 2, Rated, Prizes!)",rustyBot,5478,1732383300,506,796
2039,"CodeTON Round 9 (Div. 1 + Div. 2, Rated, Prizes!)",lylia,5478,1732383300,968,1022
2039,"CodeTON Round 9 (Div. 1 + Div. 2, Rated, Prizes!)",Galymov,5485,1732383300,912,984
2039,"CodeTON Round 9 (Div. 1 + Div. 2, Rated, Prizes!)",Chintan65,5485,1732383300,1208,1194
2039,"CodeTON Round 9 (Div. 1 + Div. 2, Rated, Prizes!)",VipreshGupta,5485,1732383300,0,452
2039,"CodeTON Round 9 (Div. 1 + Div. 2, Rated, Prizes!)",vectordeepanshu,5485,1732383300,837,984
2039,"CodeTON Round 9 (Div. 1 + Div. 2, Rated, Prizes!)",moee,5485,1732383300,1021,1058
2039,"CodeTON Round 9 (Div. 1 + Div. 2, Rated, Prizes!)",Narendra_Simha18,5490,1732383300,1162,1160
2039,"CodeTON Round 9 (Div. 1 + Div. 2, Rated, Prizes!)",captain-compile,5490,1732383300,1299,1263
2039,"CodeTON Round 9 (Div. 1 + Div. 2, Rated, Prizes!)",cpismayilmmdv985,5490,1732383300,1071,1093
2039,"CodeTON Round 9 (Div. 1 + Div. 2, Rated, Prizes!)",Zeyad_3BcarenO,5490,1732383300,1370,1318
2039,"CodeTON Round 9 (Div. 1 + Div. 2, Rated, Prizes!)",Charly1616,5490,1732383300,1038,1129
2039,"CodeTON Round 9 (Div. 1 + Div. 2, Rated, Prizes!)",lw393,5490,1732383300,1446,1377
2039,"CodeTON Round 9 (Div. 1 + Div. 2, Rated, Prizes!)",--11159_p,5496,1732383300,1261,1235
2039,"CodeTON Round 9 (Div. 1 + Div. 2, Rated, Prizes!)",Mahakaal17,5496,1732383300,1151,1151
2039,"CodeTON Round 9 (Div. 1 + Div. 2, Rated, Prizes!)",exit100,5496,1732383300,1217,1201
2039,"CodeTON Round 9 (Div. 1 + Div. 2, Rated, Prizes!)",5_11N,5499,1732383300,1336,1291
2039,"CodeTON Round 9 (Div. 1 + Div. 2, Rated, Prizes!)",hbk1199,5499,1732383300,1174,1168
2039,"CodeTON Round 9 (Div. 1 + Div. 2, Rated, Prizes!)",dato_kv,5499,1732383300,1403,1409
2039,"CodeTON Round 9 (Div. 1 + Div. 2, Rated, Prizes!)",crazy0215,5499,1732383300,0,451
2039,"CodeTON Round 9 (Div. 1 + Div. 2, Rated, Prizes!)",GaleStarr,5503,1732383300,1065,1089
2039,"CodeTON Round 9 (Div. 1 + Div. 2, Rated, Prizes!)",anujkumarsinghcoder,5503,1732383300,1165,1199
2039,"CodeTON Round 9 (Div. 1 + Div. 2, Rated, Prizes!)",ga3an,5503,1732383300,1345,1298
2039,"CodeTON Round 9 (Div. 1 + Div. 2, Rated, Prizes!)",hopium,5503,1732383300,1391,1333
2039,"CodeTON Round 9 (Div. 1 + Div. 2, Rated, Prizes!)",Abdallah_Yousry,5503,1732383300,1049,1077
2039,"CodeTON Round 9 (Div. 1 + Div. 2, Rated, Prizes!)",HarshitKumarGupta,5503,1732383300,1222,1205
2039,"CodeTON Round 9 (Div. 1 + Div. 2, Rated, Prizes!)",Aman_Sisodiya,5509,1732383300,1157,1155
2039,"CodeTON Round 9 (Div. 1 + Div. 2, Rated, Prizes!)",BlackThunder_39,5509,1732383300,1250,1225
2039,"CodeTON Round 9 (Div. 1 + Div. 2, Rated, Prizes!)",Md_Abu_Taleb,5509,1732383300,1352,1303
2039,"CodeTON Round 9 (Div. 1 + Div. 2, Rated, Prizes!)",shahriar_sakib,5509,1732383300,1108,1119
2039,"CodeTON Round 9 (Div. 1 + Div. 2, Rated, Prizes!)",maityankan10,5509,1732383300,1285,1252
2039,"CodeTON Round 9 (Div. 1 + Div. 2, Rated, Prizes!)",Artronis,5509,1732383300,1396,1337
2039,"CodeTON Round 9 (Div. 1 + Div. 2, Rated, Prizes!)",369Hz,5509,1732383300,1120,1128
2039,"CodeTON Round 9 (Div. 1 + Div. 2, Rated, Prizes!)",Asif1000,5509,1732383300,1072,1093
2039,"CodeTON Round 9 (Div. 1 + Div. 2, Rated, Prizes!)",q0_0p,5517,1732383300,992,1036
2039,"CodeTON Round 9 (Div. 1 + Div. 2, Rated, Prizes!)",uttamkumarreddy123,5517,1732383300,1321,1279
2039,"CodeTON Round 9 (Div. 1 + Div. 2, Rated, Prizes!)",journeyCowsHu,5517,1732383300,1242,1219
2039,"CodeTON Round 9 (Div. 1 + Div. 2, Rated, Prizes!)",Anindya42001,5517,1732383300,1424,1359
2039,"CodeTON Round 9 (Div. 1 + Div. 2, Rated, Prizes!)",spybits,5521,1732383300,0,451
2039,"CodeTON Round 9 (Div. 1 + Div. 2, Rated, Prizes!)",Bogdan_Lukomsky,5521,1732383300,1023,1058
2039,"CodeTON Round 9 (Div. 1 + Div. 2, Rated, Prizes!)",Nasif273,5521,1732383300,1402,1341
2039,"CodeTON Round 9 (Div. 1 + Div. 2, Rated, Prizes!)",dhirajkumarbarnwal,5521,1732383300,912,982
2039,"CodeTON Round 9 (Div. 1 + Div. 2, Rated, Prizes!)",boomerr,5521,1732383300,1076,1095
2039,"CodeTON Round 9 (Div. 1 + Div. 2, Rated, Prizes!)",Subhodip_86,5521,1732383300,1181,1211
2039,"CodeTON Round 9 (Div. 1 + Div. 2, Rated, Prizes!)",hikari1234,5521,1732383300,1264,1317
2039,"CodeTON Round 9 (Div. 1 + Div. 2, Rated, Prizes!)",sbzsz,5521,1732383300,976,1094
2039,"CodeTON Round 9 (Div. 1 + Div. 2, Rated, Prizes!)",ANAS_IIUC,5521,1732383300,1158,1156
2039,"CodeTON Round 9 (Div. 1 + Div. 2, Rated, Prizes!)",7AM,5530,1732383300,1040,1070
2039,"CodeTON Round 9 (Div. 1 + Div. 2, Rated, Prizes!)",posiedon_7,5530,1732383300,1265,1236
2039,"CodeTON Round 9 (Div. 1 + Div. 2, Rated, Prizes!)",koushik79,5530,1732383300,952,1009
2039,"CodeTON Round 9 (Div. 1 + Div. 2, Rated, Prizes!)",Leeda,5530,1732383300,1546,1453
2039,"CodeTON Round 9 (Div. 1 + Div. 2, Rated, Prizes!)",sua_tuoi_dau,5530,1732383300,710,932
2039,"CodeTON Round 9 (Div. 1 + Div. 2, Rated, Prizes!)",cjrlzrh,5535,1732383300,0,450
2039,"CodeTON Round 9 (Div. 1 + Div. 2, Rated, Prizes!)",amigo123,5535,1732383300,0,450
2039,"CodeTON Round 9 (Div. 1 + Div. 2, Rated, Prizes!)",JK_9054,5535,1732383300,1268,1238
2039,"CodeTON Round 9 (Div. 1 + Div. 2, Rated, Prizes!)",Bill35,5535,1732383300,902,975
2039,"CodeTON Round 9 (Div. 1 + Div. 2, Rated, Prizes!)",suppakrit2006,5535,1732383300,1268,1238
2039,"CodeTON Round 9 (Div. 1 + Div. 2, Rated, Prizes!)",LanaDelReyyy,5535,1732383300,1073,1093
2039,"CodeTON Round 9 (Div. 1 + Div. 2, Rated, Prizes!)",AbHiNAv_N_,5541,1732383300,1211,1195
2039,"CodeTON Round 9 (Div. 1 + Div. 2, Rated, Prizes!)",b_like_karthik,5541,1732383300,1462,1387
2039,"CodeTON Round 9 (Div. 1 + Div. 2, Rated, Prizes!)",sukumar_11,5541,1732383300,1353,1303
2039,"CodeTON Round 9 (Div. 1 + Div. 2, Rated, Prizes!)",Behesht,5541,1732383300,799,962
2039,"CodeTON Round 9 (Div. 1 + Div. 2, Rated, Prizes!)",conti123,5541,1732383300,1684,1560
2039,"CodeTON Round 9 (Div. 1 + Div. 2, Rated, Prizes!)",Captcha,5546,1732383300,1066,1087
2039,"CodeTON Round 9 (Div. 1 + Div. 2, Rated, Prizes!)",madhanirahul92,5546,1732383300,1157,1154
2039,"CodeTON Round 9 (Div. 1 + Div. 2, Rated, Prizes!)",Abeke,5546,1732383300,1587,1484
2039,"CodeTON Round 9 (Div. 1 + Div. 2, Rated, Prizes!)",himanshubhardwaj169,5546,1732383300,1184,1174
2039,"CodeTON Round 9 (Div. 1 + Div. 2, Rated, Prizes!)",LiZhiyuan,5546,1732383300,734,950
2039,"CodeTON Round 9 (Div. 1 + Div. 2, Rated, Prizes!)",Promi..,5546,1732383300,1032,1064
2039,"CodeTON Round 9 (Div. 1 + Div. 2, Rated, Prizes!)",ayushgoyal855,5546,1732383300,1057,1142
2039,"CodeTON Round 9 (Div. 1 + Div. 2, Rated, Prizes!)",turing0623,5546,1732383300,879,959
2039,"CodeTON Round 9 (Div. 1 + Div. 2, Rated, Prizes!)",Ahir_Alam,5546,1732383300,1304,1265
2039,"CodeTON Round 9 (Div. 1 + Div. 2, Rated, Prizes!)",xadiye24,5555,1732383300,1337,1291
2039,"CodeTON Round 9 (Div. 1 + Div. 2, Rated, Prizes!)",tonystark1234,5555,1732383300,1594,1489
2039,"CodeTON Round 9 (Div. 1 + Div. 2, Rated, Prizes!)",OKNOTOK__,5555,1732383300,1193,1180
2039,"CodeTON Round 9 (Div. 1 + Div. 2, Rated, Prizes!)",JR__zzx,5558,1732383300,1161,1195
2039,"CodeTON Round 9 (Div. 1 + Div. 2, Rated, Prizes!)",parth23bansal,5558,1732383300,1205,1190
2039,"CodeTON Round 9 (Div. 1 + Div. 2, Rated, Prizes!)",IshyWishy17,5558,1732383300,866,1010
2039,"CodeTON Round 9 (Div. 1 + Div. 2, Rated, Prizes!)",shashikant_100,5558,1732383300,1157,1154
2039,"CodeTON Round 9 (Div. 1 + Div. 2, Rated, Prizes!)",sonnydays,5558,1732383300,1373,1318
2039,"CodeTON Round 9 (Div. 1 + Div. 2, Rated, Prizes!)",Priyanshu233,5558,1732383300,1105,1116
2039,"CodeTON Round 9 (Div. 1 + Div. 2, Rated, Prizes!)",CP_MAKES_SENIORS,5564,1732383300,1129,1133
2039,"CodeTON Round 9 (Div. 1 + Div. 2, Rated, Prizes!)",Arpit0123,5564,1732383300,1441,1370
2039,"CodeTON Round 9 (Div. 1 + Div. 2, Rated, Prizes!)",djsksbrbf,5564,1732383300,1267,1237
2039,"CodeTON Round 9 (Div. 1 + Div. 2, Rated, Prizes!)",Vrathor_95,5567,1732383300,1119,1126
2039,"CodeTON Round 9 (Div. 1 + Div. 2, Rated, Prizes!)",Gyanpapi,5567,1732383300,1144,1144
2039,"CodeTON Round 9 (Div. 1 + Div. 2, Rated, Prizes!)",Rasel.,5567,1732383300,1125,1130
2039,"CodeTON Round 9 (Div. 1 + Div. 2, Rated, Prizes!)",AnirudhSrivatsa,5567,1732383300,1109,1118
2039,"CodeTON Round 9 (Div. 1 + Div. 2, Rated, Prizes!)",hardiksinghal90775,5567,1732383300,950,1006
2039,"CodeTON Round 9 (Div. 1 + Div. 2, Rated, Prizes!)",qiuyu0_0,5572,1732383300,1030,1120
2039,"CodeTON Round 9 (Div. 1 + Div. 2, Rated, Prizes!)",JR_Riyad,5572,1732383300,1290,1254
2039,"CodeTON Round 9 (Div. 1 + Div. 2, Rated, Prizes!)",soumil_10,5572,1732383300,1107,1117
2039,"CodeTON Round 9 (Div. 1 + Div. 2, Rated, Prizes!)",Unknown_rebound,5572,1732383300,1280,1246
2039,"CodeTON Round 9 (Div. 1 + Div. 2, Rated, Prizes!)",AbhavGarg,5576,1732383300,1023,1056
2039,"CodeTON Round 9 (Div. 1 + Div. 2, Rated, Prizes!)",finn_shelby,5576,1732383300,1235,1212
2039,"CodeTON Round 9 (Div. 1 + Div. 2, Rated, Prizes!)",rohanjaiswal,5576,1732383300,1527,1436
2039,"CodeTON Round 9 (Div. 1 + Div. 2, Rated, Prizes!)",tangren,5576,1732383300,426,731
2039,"CodeTON Round 9 (Div. 1 + Div. 2, Rated, Prizes!)",Pythonja10,5576,1732383300,1245,1220
2039,"CodeTON Round 9 (Div. 1 + Div. 2, Rated, Prizes!)",jag_3548,5576,1732383300,1179,1169
2039,"CodeTON Round 9 (Div. 1 + Div. 2, Rated, Prizes!)",anirudhan_here,5582,1732383300,1012,1049
2039,"CodeTON Round 9 (Div. 1 + Div. 2, Rated, Prizes!)",Fordz,5582,1732383300,1172,1228
2039,"CodeTON Round 9 (Div. 1 + Div. 2, Rated, Prizes!)",Mahjabin7,5582,1732383300,1092,1105
2039,"CodeTON Round 9 (Div. 1 + Div. 2, Rated, Prizes!)",daviromao,5585,1732383300,1032,1062
2039,"CodeTON Round 9 (Div. 1 + Div. 2, Rated, Prizes!)",sth6,5585,1732383300,1444,1372
2039,"CodeTON Round 9 (Div. 1 + Div. 2, Rated, Prizes!)",TriumphX4,5585,1732383300,1109,1118
2039,"CodeTON Round 9 (Div. 1 + Div. 2, Rated, Prizes!)",Timur-Tomachkov-008-2028,5585,1732383300,1111,1119
2039,"CodeTON Round 9 (Div. 1 + Div. 2, Rated, Prizes!)",Abid_Shahriar_Sakif,5585,1732383300,1173,1164
2039,"CodeTON Round 9 (Div. 1 + Div. 2, Rated, Prizes!)",blueeeeee,5590,1732383300,1406,1343
2039,"CodeTON Round 9 (Div. 1 + Div. 2, Rated, Prizes!)",eargjaogjaogjaogjai,5590,1732383300,1074,1092
2039,"CodeTON Round 9 (Div. 1 + Div. 2, Rated, Prizes!)",meetjain_74,5590,1732383300,1030,1120
2039,"CodeTON Round 9 (Div. 1 + Div. 2, Rated, Prizes!)",Fingolfin42,5590,1732383300,824,971
2039,"CodeTON Round 9 (Div. 1 + Div. 2, Rated, Prizes!)",arafat7r5,5590,1732383300,1259,1230
2039,"CodeTON Round 9 (Div. 1 + Div. 2, Rated, Prizes!)",_AKIF,5590,1732383300,1084,1099
2039,"CodeTON Round 9 (Div. 1 + Div. 2, Rated, Prizes!)",secco,5596,1732383300,457,755
2039,"CodeTON Round 9 (Div. 1 + Div. 2, Rated, Prizes!)",Ryan.H,5596,1732383300,1368,1313
2039,"CodeTON Round 9 (Div. 1 + Div. 2, Rated, Prizes!)",100GODMOON,5596,1732383300,1090,1103
2039,"CodeTON Round 9 (Div. 1 + Div. 2, Rated, Prizes!)",Ramuba,5596,1732383300,1311,1269
2039,"CodeTON Round 9 (Div. 1 + Div. 2, Rated, Prizes!)",15o3,5596,1732383300,1214,1196
2039,"CodeTON Round 9 (Div. 1 + Div. 2, Rated, Prizes!)",devil_666,5596,1732383300,0,449
2039,"CodeTON Round 9 (Div. 1 + Div. 2, Rated, Prizes!)",iliasbik,5596,1732383300,1202,1187
2039,"CodeTON Round 9 (Div. 1 + Div. 2, Rated, Prizes!)",huyyyle,5603,1732383300,929,1057
2039,"CodeTON Round 9 (Div. 1 + Div. 2, Rated, Prizes!)",dadzzz,5603,1732383300,1190,1241
2039,"CodeTON Round 9 (Div. 1 + Div. 2, Rated, Prizes!)",SahaPacific,5603,1732383300,888,963
2039,"CodeTON Round 9 (Div. 1 + Div. 2, Rated, Prizes!)",takipuki,5603,1732383300,1167,1160
2039,"CodeTON Round 9 (Div. 1 + Div. 2, Rated, Prizes!)",devan_pro,5603,1732383300,712,932
2039,"CodeTON Round 9 (Div. 1 + Div. 2, Rated, Prizes!)",MI_Shafi,5608,1732383300,968,1017
2039,"CodeTON Round 9 (Div. 1 + Div. 2, Rated, Prizes!)",tmortadha,5608,1732383300,1137,1137
2039,"CodeTON Round 9 (Div. 1 + Div. 2, Rated, Prizes!)",duohereshui,5608,1732383300,1042,1069
2039,"CodeTON Round 9 (Div. 1 + Div. 2, Rated, Prizes!)",satyagyasingh,5611,1732383300,1228,1206
2039,"CodeTON Round 9 (Div. 1 + Div. 2, Rated, Prizes!)",Mastey_,5611,1732383300,1446,1373
2039,"CodeTON Round 9 (Div. 1 + Div. 2, Rated, Prizes!)",pi_pi_pikachu,5611,1732383300,1165,1196
2039,"CodeTON Round 9 (Div. 1 + Div. 2, Rated, Prizes!)",240205,5611,1732383300,1839,1679
2039,"CodeTON Round 9 (Div. 1 + Div. 2, Rated, Prizes!)",Ayanokoji_Arima,5611,1732383300,911,1043
2039,"CodeTON Round 9 (Div. 1 + Div. 2, Rated, Prizes!)",Ahmad_Hasan,5611,1732383300,898,969
2039,"CodeTON Round 9 (Div. 1 + Div. 2, Rated, Prizes!)",abdelwahab,5617,1732383300,1170,1162
2039,"CodeTON Round 9 (Div. 1 + Div. 2, Rated, Prizes!)",ansergeyg,5617,1732383300,1056,1078
2039,"CodeTON Round 9 (Div. 1 + Div. 2, Rated, Prizes!)",get-gud,5617,1732383300,1146,1144
2039,"CodeTON Round 9 (Div. 1 + Div. 2, Rated, Prizes!)",rikka4153,5620,1732383300,1151,1147
2039,"CodeTON Round 9 (Div. 1 + Div. 2, Rated, Prizes!)",the_gangleader,5621,1732383300,1133,1134
2039,"CodeTON Round 9 (Div. 1 + Div. 2, Rated, Prizes!)",Robiul_Islam_,5621,1732383300,1235,1211
2039,"CodeTON Round 9 (Div. 1 + Div. 2, Rated, Prizes!)",seetianjiangzhiwu,5621,1732383300,917,982
2039,"CodeTON Round 9 (Div. 1 + Div. 2, Rated, Prizes!)",MazenXv,5621,1732383300,1637,1521
2039,"CodeTON Round 9 (Div. 1 + Div. 2, Rated, Prizes!)",_Abdelsalam_,5621,1732383300,1011,1046
2039,"CodeTON Round 9 (Div. 1 + Div. 2, Rated, Prizes!)",mdhossin093,5626,1732383300,968,1016
2039,"CodeTON Round 9 (Div. 1 + Div. 2, Rated, Prizes!)",RAFE_WITH_AN_E,5626,1732383300,1179,1206
2039,"CodeTON Round 9 (Div. 1 + Div. 2, Rated, Prizes!)",samarth1302,5626,1732383300,1204,1187
2039,"CodeTON Round 9 (Div. 1 + Div. 2, Rated, Prizes!)",decoder001713,5626,1732383300,1077,1129
2039,"CodeTON Round 9 (Div. 1 + Div. 2, Rated, Prizes!)",2023020408,5630,1732383300,413,720
2039,"CodeTON Round 9 (Div. 1 + Div. 2, Rated, Prizes!)",xenonide,5630,1732383300,1394,1332
2039,"CodeTON Round 9 (Div. 1 + Div. 2, Rated, Prizes!)",Rjain02,5630,1732383300,1140,1139
2039,"CodeTON Round 9 (Div. 1 + Div. 2, Rated, Prizes!)",sijan,5630,1732383300,1076,1092
2039,"CodeTON Round 9 (Div. 1 + Div. 2, Rated, Prizes!)",Sheyer,5630,1732383300,1275,1241
2039,"CodeTON Round 9 (Div. 1 + Div. 2, Rated, Prizes!)",_11Xaniket,5630,1732383300,1065,1084
2039,"CodeTON Round 9 (Div. 1 + Div. 2, Rated, Prizes!)",Hanyilin,5630,1732383300,1070,1088
2039,"CodeTON Round 9 (Div. 1 + Div. 2, Rated, Prizes!)",kush080904,5630,1732383300,1252,1223
2039,"CodeTON Round 9 (Div. 1 + Div. 2, Rated, Prizes!)",redeye.codes,5630,1732383300,0,447
2039,"CodeTON Round 9 (Div. 1 + Div. 2, Rated, Prizes!)",ONNN1234,5639,1732383300,893,965
2039,"CodeTON Round 9 (Div. 1 + Div. 2, Rated, Prizes!)",manan0005,5639,1732383300,0,448
2039,"CodeTON Round 9 (Div. 1 + Div. 2, Rated, Prizes!)",shivamd.skillbee,5639,1732383300,1075,1127
2039,"CodeTON Round 9 (Div. 1 + Div. 2, Rated, Prizes!)",Carni1,5639,1732383300,1172,1162
2039,"CodeTON Round 9 (Div. 1 + Div. 2, Rated, Prizes!)",wjh123000,5639,1732383300,1143,1141
2039,"CodeTON Round 9 (Div. 1 + Div. 2, Rated, Prizes!)",andreaqtzz,5639,1732383300,1159,1153
2039,"CodeTON Round 9 (Div. 1 + Div. 2, Rated, Prizes!)",ork3649,5645,1732383300,870,1011
2039,"CodeTON Round 9 (Div. 1 + Div. 2, Rated, Prizes!)",IwPh,5645,1732383300,1348,1362
2039,"CodeTON Round 9 (Div. 1 + Div. 2, Rated, Prizes!)",cthsm,5645,1732383300,561,834
2039,"CodeTON Round 9 (Div. 1 + Div. 2, Rated, Prizes!)",clinix58,5645,1732383300,1558,1459
2039,"CodeTON Round 9 (Div. 1 + Div. 2, Rated, Prizes!)",alternate007,5645,1732383300,416,722
2039,"CodeTON Round 9 (Div. 1 + Div. 2, Rated, Prizes!)",wish-nu,5645,1732383300,1586,1480
2039,"CodeTON Round 9 (Div. 1 + Div. 2, Rated, Prizes!)",AL2710,5651,1732383300,1314,1270
2039,"CodeTON Round 9 (Div. 1 + Div. 2, Rated, Prizes!)",Mind_Reaper,5651,1732383300,1250,1221
2039,"CodeTON Round 9 (Div. 1 + Div. 2, Rated, Prizes!)",LoserX,5651,1732383300,1110,1194
2039,"CodeTON Round 9 (Div. 1 + Div. 2, Rated, Prizes!)",Aries_28,5651,1732383300,0,447
2039,"CodeTON Round 9 (Div. 1 + Div. 2, Rated, Prizes!)",tab1540,5651,1732383300,931,1057
2039,"CodeTON Round 9 (Div. 1 + Div. 2, Rated, Prizes!)",Agarwal,5651,1732383300,1122,1125
2039,"CodeTON Round 9 (Div. 1 + Div. 2, Rated, Prizes!)",miriyalasurya090,5651,1732383300,1077,1092
2039,"CodeTON Round 9 (Div. 1 + Div. 2, Rated, Prizes!)",khanhvann,5658,1732383300,1277,1241
2039,"CodeTON Round 9 (Div. 1 + Div. 2, Rated, Prizes!)",keshavmalani,5658,1732383300,1453,1377
2039,"CodeTON Round 9 (Div. 1 + Div. 2, Rated, Prizes!)",Shaykat_The_Great,5658,1732383300,1532,1439
2039,"CodeTON Round 9 (Div. 1 + Div. 2, Rated, Prizes!)",Dutch_vdl,5658,1732383300,1159,1152
2039,"CodeTON Round 9 (Div. 1 + Div. 2, Rated, Prizes!)",Future_Polymath,5662,1732383300,1050,1072
2039,"CodeTON Round 9 (Div. 1 + Div. 2, Rated, Prizes!)",SachithShibineni,5662,1732383300,1204,1186
2039,"CodeTON Round 9 (Div. 1 + Div. 2, Rated, Prizes!)",Shelby-Star,5662,1732383300,1393,1331
2039,"CodeTON Round 9 (Div. 1 + Div. 2, Rated, Prizes!)",yarinys,5662,1732383300,1240,1213
2039,"CodeTON Round 9 (Div. 1 + Div. 2, Rated, Prizes!)",rivu_10,5662,1732383300,1108,1114
2039,"CodeTON Round 9 (Div. 1 + Div. 2, Rated, Prizes!)",focuzd,5662,1732383300,899,968
2039,"CodeTON Round 9 (Div. 1 + Div. 2, Rated, Prizes!)",SADIQ_insD,5668,1732383300,1389,1328
2039,"CodeTON Round 9 (Div. 1 + Div. 2, Rated, Prizes!)",the_average_coder,5668,1732383300,1183,1170
2039,"CodeTON Round 9 (Div. 1 + Div. 2, Rated, Prizes!)",cherry-001,5668,1732383300,952,1003
2039,"CodeTON Round 9 (Div. 1 + Div. 2, Rated, Prizes!)",rathee1255,5668,1732383300,1049,1071
2039,"CodeTON Round 9 (Div. 1 + Div. 2, Rated, Prizes!)",AyanMR,5668,1732383300,1193,1178
2039,"CodeTON Round 9 (Div. 1 + Div. 2, Rated, Prizes!)",AyushMiglani,5673,1732383300,1214,1193
2039,"CodeTON Round 9 (Div. 1 + Div. 2, Rated, Prizes!)",ashwanikumarsharma,5673,1732383300,1192,1177
2039,"CodeTON Round 9 (Div. 1 + Div. 2, Rated, Prizes!)",Aidencode,5673,1732383300,1486,1403
2039,"CodeTON Round 9 (Div. 1 + Div. 2, Rated, Prizes!)",RePoh,5673,1732383300,798,956
2039,"CodeTON Round 9 (Div. 1 + Div. 2, Rated, Prizes!)",jovanmihov2,5673,1732383300,1314,1270
2039,"CodeTON Round 9 (Div. 1 + Div. 2, Rated, Prizes!)",_JAMES_,5673,1732383300,1376,1317
2039,"CodeTON Round 9 (Div. 1 + Div. 2, Rated, Prizes!)",Jia.,5679,1732383300,926,985
2039,"CodeTON Round 9 (Div. 1 + Div. 2, Rated, Prizes!)",innerrealm1611,5679,1732383300,1108,1151
2039,"CodeTON Round 9 (Div. 1 + Div. 2, Rated, Prizes!)",tanvir_005,5679,1732383300,1283,1245
2039,"CodeTON Round 9 (Div. 1 + Div. 2, Rated, Prizes!)",zeroko,5679,1732383300,1207,1188
2039,"CodeTON Round 9 (Div. 1 + Div. 2, Rated, Prizes!)",Tamzid_Tariq,5683,1732383300,1409,1342
2039,"CodeTON Round 9 (Div. 1 + Div. 2, Rated, Prizes!)",mohammad.wesam.pc,5683,1732383300,769,930
2039,"CodeTON Round 9 (Div. 1 + Div. 2, Rated, Prizes!)",oishi_161,5685,1732383300,944,997
2039,"CodeTON Round 9 (Div. 1 + Div. 2, Rated, Prizes!)",Lauhensan,5686,1732383300,802,904
2039,"CodeTON Round 9 (Div. 1 + Div. 2, Rated, Prizes!)",FaroukM,5686,1732383300,1088,1099
2039,"CodeTON Round 9 (Div. 1 + Div. 2, Rated, Prizes!)",gaurav232,5686,1732383300,1465,1386
2039,"CodeTON Round 9 (Div. 1 + Div. 2, Rated, Prizes!)",amhdaimm,5686,1732383300,1096,1105
2039,"CodeTON Round 9 (Div. 1 + Div. 2, Rated, Prizes!)",master_adii,5686,1732383300,1438,1365
2039,"CodeTON Round 9 (Div. 1 + Div. 2, Rated, Prizes!)",igennova001,5686,1732383300,1232,1206
2039,"CodeTON Round 9 (Div. 1 + Div. 2, Rated, Prizes!)",rest_in_code,5692,1732383300,1053,1073
2039,"CodeTON Round 9 (Div. 1 + Div. 2, Rated, Prizes!)",nadim.ict20,5692,1732383300,1085,1096
2039,"CodeTON Round 9 (Div. 1 + Div. 2, Rated, Prizes!)",JustGenka,5692,1732383300,1188,1210
2039,"CodeTON Round 9 (Div. 1 + Div. 2, Rated, Prizes!)",anshukit2011,5695,1732383300,1161,1152
2039,"CodeTON Round 9 (Div. 1 + Div. 2, Rated, Prizes!)",Fawkes4494d3,5695,1732383300,1196,1178
2039,"CodeTON Round 9 (Div. 1 + Div. 2, Rated, Prizes!)",mostafam.galal82,5695,1732383300,1386,1324
2039,"CodeTON Round 9 (Div. 1 + Div. 2, Rated, Prizes!)",Mezo_ZK,5695,1732383300,1264,1231
2039,"CodeTON Round 9 (Div. 1 + Div. 2, Rated, Prizes!)",prakash_618,5695,1732383300,982,1023
2039,"CodeTON Round 9 (Div. 1 + Div. 2, Rated, Prizes!)",aren_dance,5695,1732383300,1133,1131
2039,"CodeTON Round 9 (Div. 1 + Div. 2, Rated, Prizes!)",vaidurya_s,5695,1732383300,971,1015
2039,"CodeTON Round 9 (Div. 1 + Div. 2, Rated, Prizes!)",Pa121,5695,1732383300,1269,1234
2039,"CodeTON Round 9 (Div. 1 + Div. 2, Rated, Prizes!)",NOOB_CODING,5703,1732383300,831,922
2039,"CodeTON Round 9 (Div. 1 + Div. 2, Rated, Prizes!)",yzdu,5704,1732383300,1090,1177
2039,"CodeTON Round 9 (Div. 1 + Div. 2, Rated, Prizes!)",Rishi_677,5704,1732383300,1058,1076
2039,"CodeTON Round 9 (Div. 1 + Div. 2, Rated, Prizes!)",dont_catch_me,5704,1732383300,1194,1177
2039,"CodeTON Round 9 (Div. 1 + Div. 2, Rated, Prizes!)",Aditya.G_Kota,5704,1732383300,1311,1266
2039,"CodeTON Round 9 (Div. 1 + Div. 2, Rated, Prizes!)",honoured_one7,5708,1732383300,933,989
2039,"CodeTON Round 9 (Div. 1 + Div. 2, Rated, Prizes!)",BestTime,5708,1732383300,1124,1124
2039,"CodeTON Round 9 (Div. 1 + Div. 2, Rated, Prizes!)",ahsmha,5708,1732383300,1000,1035
2039,"CodeTON Round 9 (Div. 1 + Div. 2, Rated, Prizes!)",bhartigarg,5708,1732383300,0,445
2039,"CodeTON Round 9 (Div. 1 + Div. 2, Rated, Prizes!)",AlgoAce2004,5712,1732383300,1037,1061
2039,"CodeTON Round 9 (Div. 1 + Div. 2, Rated, Prizes!)",summ1tsss,5712,1732383300,983,1094
2039,"CodeTON Round 9 (Div. 1 + Div. 2, Rated, Prizes!)",darcaster,5714,1732383300,888,1023
2039,"CodeTON Round 9 (Div. 1 + Div. 2, Rated, Prizes!)",lunarlity,5714,1732383300,1518,1426
2039,"CodeTON Round 9 (Div. 1 + Div. 2, Rated, Prizes!)",majbahul,5714,1732383300,1168,1157
2039,"CodeTON Round 9 (Div. 1 + Div. 2, Rated, Prizes!)",g_47,5714,1732383300,999,1034
2039,"CodeTON Round 9 (Div. 1 + Div. 2, Rated, Prizes!)",DEtermination21,5718,1732383300,1254,1222
2039,"CodeTON Round 9 (Div. 1 + Div. 2, Rated, Prizes!)",dheeraj1,5718,1732383300,1099,1106
2039,"CodeTON Round 9 (Div. 1 + Div. 2, Rated, Prizes!)",Echo2,5718,1732383300,1015,1046
2039,"CodeTON Round 9 (Div. 1 + Div. 2, Rated, Prizes!)",Fathulloev_M,5718,1732383300,841,927
2039,"CodeTON Round 9 (Div. 1 + Div. 2, Rated, Prizes!)",unbtble,5718,1732383300,1269,1233
2039,"CodeTON Round 9 (Div. 1 + Div. 2, Rated, Prizes!)",_SIEG_,5723,1732383300,1186,1170
2039,"CodeTON Round 9 (Div. 1 + Div. 2, Rated, Prizes!)",glnthd02,5723,1732383300,1227,1266
2039,"CodeTON Round 9 (Div. 1 + Div. 2, Rated, Prizes!)",marcogoncalves,5723,1732383300,1142,1137
2039,"CodeTON Round 9 (Div. 1 + Div. 2, Rated, Prizes!)",LeGrosss,5726,1732383300,1111,1114
2039,"CodeTON Round 9 (Div. 1 + Div. 2, Rated, Prizes!)",Radeon123,5726,1732383300,1088,1097
2039,"CodeTON Round 9 (Div. 1 + Div. 2, Rated, Prizes!)",radnomoxi123,5726,1732383300,0,445
2039,"CodeTON Round 9 (Div. 1 + Div. 2, Rated, Prizes!)",Kawser_hamim,5726,1732383300,899,965
2039,"CodeTON Round 9 (Div. 1 + Div. 2, Rated, Prizes!)",sitingfake,5730,1732383300,1108,1111
2039,"CodeTON Round 9 (Div. 1 + Div. 2, Rated, Prizes!)",_HYDROGEN_,5730,1732383300,914,975
2039,"CodeTON Round 9 (Div. 1 + Div. 2, Rated, Prizes!)",drk16072000,5730,1732383300,1163,1152
2039,"CodeTON Round 9 (Div. 1 + Div. 2, Rated, Prizes!)",adarshverma27,5730,1732383300,1377,1316
2039,"CodeTON Round 9 (Div. 1 + Div. 2, Rated, Prizes!)",Effazzz,5730,1732383300,917,977
2039,"CodeTON Round 9 (Div. 1 + Div. 2, Rated, Prizes!)",NotTodayBaby,5730,1732383300,975,1016
2039,"CodeTON Round 9 (Div. 1 + Div. 2, Rated, Prizes!)",pustoi,5730,1732383300,1130,1128
2039,"CodeTON Round 9 (Div. 1 + Div. 2, Rated, Prizes!)",ekanshsingh,5737,1732383300,1073,1086
2039,"CodeTON Round 9 (Div. 1 + Div. 2, Rated, Prizes!)",leohuang05,5737,1732383300,1465,1384
2039,"CodeTON Round 9 (Div. 1 + Div. 2, Rated, Prizes!)",R0biJoy,5737,1732383300,0,445
2039,"CodeTON Round 9 (Div. 1 + Div. 2, Rated, Prizes!)",HB_Error20,5737,1732383300,991,1028
2039,"CodeTON Round 9 (Div. 1 + Div. 2, Rated, Prizes!)",Hedjerford,5741,1732383300,1125,1124
2039,"CodeTON Round 9 (Div. 1 + Div. 2, Rated, Prizes!)",jajuparikshit105,5741,1732383300,1060,1113
2039,"CodeTON Round 9 (Div. 1 + Div. 2, Rated, Prizes!)",Imtiaz,5741,1732383300,1091,1099
2039,"CodeTON Round 9 (Div. 1 + Div. 2, Rated, Prizes!)",DivijJ,5741,1732383300,1086,1095
2039,"CodeTON Round 9 (Div. 1 + Div. 2, Rated, Prizes!)",mohitshubham123,5745,1732383300,1038,1061
2039,"CodeTON Round 9 (Div. 1 + Div. 2, Rated, Prizes!)",Sealy,5745,1732383300,1377,1316
2039,"CodeTON Round 9 (Div. 1 + Div. 2, Rated, Prizes!)",Masud_Abdullah,5745,1732383300,1083,1093
2039,"CodeTON Round 9 (Div. 1 + Div. 2, Rated, Prizes!)",nishtha.shah,5745,1732383300,970,1013
2039,"CodeTON Round 9 (Div. 1 + Div. 2, Rated, Prizes!)",MrChepe,5745,1732383300,1278,1240
2039,"CodeTON Round 9 (Div. 1 + Div. 2, Rated, Prizes!)",Minhazul_Islam_Mahi,5750,1732383300,911,972
2039,"CodeTON Round 9 (Div. 1 + Div. 2, Rated, Prizes!)",Md_Majnu_Miah,5750,1732383300,872,946
2039,"CodeTON Round 9 (Div. 1 + Div. 2, Rated, Prizes!)",joynath,5750,1732383300,932,987
2039,"CodeTON Round 9 (Div. 1 + Div. 2, Rated, Prizes!)",Rakusama,5753,1732383300,1045,1065
2039,"CodeTON Round 9 (Div. 1 + Div. 2, Rated, Prizes!)",Erfan.r,5753,1732383300,1073,1085
2039,"CodeTON Round 9 (Div. 1 + Div. 2, Rated, Prizes!)",Francisco_Martin,5753,1732383300,1185,1169
2039,"CodeTON Round 9 (Div. 1 + Div. 2, Rated, Prizes!)",_Honoured_One,5753,1732383300,0,444
2039,"CodeTON Round 9 (Div. 1 + Div. 2, Rated, Prizes!)",MostofaMasud,5753,1732383300,1139,1134
2039,"CodeTON Round 9 (Div. 1 + Div. 2, Rated, Prizes!)",cdebanil,5753,1732383300,919,978
2039,"CodeTON Round 9 (Div. 1 + Div. 2, Rated, Prizes!)",SAKSHaTHOR,5753,1732383300,976,1017
2039,"CodeTON Round 9 (Div. 1 + Div. 2, Rated, Prizes!)",Venky99,5753,1732383300,1581,1474
2039,"CodeTON Round 9 (Div. 1 + Div. 2, Rated, Prizes!)",Nasr74,5761,1732383300,1080,1090
2039,"CodeTON Round 9 (Div. 1 + Div. 2, Rated, Prizes!)",Amor_Mousa,5761,1732383300,1052,1070
2039,"CodeTON Round 9 (Div. 1 + Div. 2, Rated, Prizes!)",vivid_stareium,5761,1732383300,1339,1286
2039,"CodeTON Round 9 (Div. 1 + Div. 2, Rated, Prizes!)",kuSat,5761,1732383300,1182,1167
2039,"CodeTON Round 9 (Div. 1 + Div. 2, Rated, Prizes!)",DonateIIo,5765,1732383300,1055,1072
2039,"CodeTON Round 9 (Div. 1 + Div. 2, Rated, Prizes!)",hubangyy666,5765,1732383300,922,1047
2039,"CodeTON Round 9 (Div. 1 + Div. 2, Rated, Prizes!)",HODKVV,5765,1732383300,1373,1312
2039,"CodeTON Round 9 (Div. 1 + Div. 2, Rated, Prizes!)",mingjunyi1024helloworld,5765,1732383300,918,976
2039,"CodeTON Round 9 (Div. 1 + Div. 2, Rated, Prizes!)",vansh118,5765,1732383300,1097,1103
2039,"CodeTON Round 9 (Div. 1 + Div. 2, Rated, Prizes!)",Ar_Ray,5770,1732383300,993,1028
2039,"CodeTON Round 9 (Div. 1 + Div. 2, Rated, Prizes!)",_ye_1,5770,1732383300,654,882
2039,"CodeTON Round 9 (Div. 1 + Div. 2, Rated, Prizes!)",Vimlendu2003,5770,1732383300,773,973
2039,"CodeTON Round 9 (Div. 1 + Div. 2, Rated, Prizes!)",Adamya1304,5770,1732383300,874,947
2039,"CodeTON Round 9 (Div. 1 + Div. 2, Rated, Prizes!)",Viee,5770,1732383300,966,1009
2039,"CodeTON Round 9 (Div. 1 + Div. 2, Rated, Prizes!)",SHIVAM_KUMAR__,5770,1732383300,371,683
2039,"CodeTON Round 9 (Div. 1 + Div. 2, Rated, Prizes!)",ahanaf101,5776,1732383300,1107,1109
2039,"CodeTON Round 9 (Div. 1 + Div. 2, Rated, Prizes!)",Santoon,5776,1732383300,1206,1184
2039,"CodeTON Round 9 (Div. 1 + Div. 2, Rated, Prizes!)",mahfuzrahman,5776,1732383300,1117,1117
2039,"CodeTON Round 9 (Div. 1 + Div. 2, Rated, Prizes!)",Z3k7223,5776,1732383300,682,904
2039,"CodeTON Round 9 (Div. 1 + Div. 2, Rated, Prizes!)",Daemon_,5776,1732383300,902,965
2039,"CodeTON Round 9 (Div. 1 + Div. 2, Rated, Prizes!)",ShareefAfzal,5781,1732383300,1021,1047
2039,"CodeTON Round 9 (Div. 1 + Div. 2, Rated, Prizes!)",Ri_eul,5781,1732383300,1212,1188
2039,"CodeTON Round 9 (Div. 1 + Div. 2, Rated, Prizes!)",dhushyanthan,5781,1732383300,1263,1227
2039,"CodeTON Round 9 (Div. 1 + Div. 2, Rated, Prizes!)",hsohliyt105,5781,1732383300,782,980
2039,"CodeTON Round 9 (Div. 1 + Div. 2, Rated, Prizes!)",Janaki_vallabh,5785,1732383300,895,960
2039,"CodeTON Round 9 (Div. 1 + Div. 2, Rated, Prizes!)",dolimcom,5785,1732383300,892,1012
2039,"CodeTON Round 9 (Div. 1 + Div. 2, Rated, Prizes!)",YULKET,5785,1732383300,1324,1273
2039,"CodeTON Round 9 (Div. 1 + Div. 2, Rated, Prizes!)",vellalacheruvu.raviteja,5785,1732383300,1067,1080
2039,"CodeTON Round 9 (Div. 1 + Div. 2, Rated, Prizes!)",Ishan-Mehta,5785,1732383300,1160,1148
2039,"CodeTON Round 9 (Div. 1 + Div. 2, Rated, Prizes!)",Siddhant_555,5790,1732383300,1081,1090
2039,"CodeTON Round 9 (Div. 1 + Div. 2, Rated, Prizes!)",dinyeah,5790,1732383300,857,935
2039,"CodeTON Round 9 (Div. 1 + Div. 2, Rated, Prizes!)",b.piash,5792,1732383300,896,960
2039,"CodeTON Round 9 (Div. 1 + Div. 2, Rated, Prizes!)",SergeiKo1,5793,1732383300,1104,1106
2039,"CodeTON Round 9 (Div. 1 + Div. 2, Rated, Prizes!)",whiteb,5793,1732383300,872,945
2039,"CodeTON Round 9 (Div. 1 + Div. 2, Rated, Prizes!)",tnpzzz03,5793,1732383300,1061,1075
2039,"CodeTON Round 9 (Div. 1 + Div. 2, Rated, Prizes!)",dongzimod,5793,1732383300,0,443
2039,"CodeTON Round 9 (Div. 1 + Div. 2, Rated, Prizes!)",sahisnu32,5793,1732383300,787,890
2039,"CodeTON Round 9 (Div. 1 + Div. 2, Rated, Prizes!)",Hossam_H2,5798,1732383300,966,1008
2039,"CodeTON Round 9 (Div. 1 + Div. 2, Rated, Prizes!)",ThisIsThisAndThatIsThat,5798,1732383300,704,919
2039,"CodeTON Round 9 (Div. 1 + Div. 2, Rated, Prizes!)",shanks.,5800,1732383300,824,963
2039,"CodeTON Round 9 (Div. 1 + Div. 2, Rated, Prizes!)",Maruf_Hasan235,5800,1732383300,1136,1130
2039,"CodeTON Round 9 (Div. 1 + Div. 2, Rated, Prizes!)",prosaniac,5800,1732383300,1174,1224
2039,"CodeTON Round 9 (Div. 1 + Div. 2, Rated, Prizes!)",CarlavierVN,5800,1732383300,1364,1304
2039,"CodeTON Round 9 (Div. 1 + Div. 2, Rated, Prizes!)",Noob60,5800,1732383300,1029,1052
2039,"CodeTON Round 9 (Div. 1 + Div. 2, Rated, Prizes!)",sean123xyz,5800,1732383300,1203,1246
2039,"CodeTON Round 9 (Div. 1 + Div. 2, Rated, Prizes!)",vhaohao,5806,1732383300,546,818
2039,"CodeTON Round 9 (Div. 1 + Div. 2, Rated, Prizes!)",MuhammedNashaat,5806,1732383300,980,1017
2039,"CodeTON Round 9 (Div. 1 + Div. 2, Rated, Prizes!)",Viyom10,5806,1732383300,1194,1174
2039,"CodeTON Round 9 (Div. 1 + Div. 2, Rated, Prizes!)",CalmTempest,5806,1732383300,1438,1361
2039,"CodeTON Round 9 (Div. 1 + Div. 2, Rated, Prizes!)",__Hussein__,5806,1732383300,873,945
2039,"CodeTON Round 9 (Div. 1 + Div. 2, Rated, Prizes!)",pars_2721,5806,1732383300,1081,1089
2039,"CodeTON Round 9 (Div. 1 + Div. 2, Rated, Prizes!)",tortuous,5806,1732383300,1025,1049
2039,"CodeTON Round 9 (Div. 1 + Div. 2, Rated, Prizes!)",qifan_maker,5813,1732383300,1406,1336
2039,"CodeTON Round 9 (Div. 1 + Div. 2, Rated, Prizes!)",priyanshu-thapliyal,5813,1732383300,1187,1168
2039,"CodeTON Round 9 (Div. 1 + Div. 2, Rated, Prizes!)",asukivi,5815,1732383300,0,443
2039,"CodeTON Round 9 (Div. 1 + Div. 2, Rated, Prizes!)",oojamchaudhary,5815,1732383300,1097,1164
2039,"CodeTON Round 9 (Div. 1 + Div. 2, Rated, Prizes!)",Storm29,5815,1732383300,1095,1099
2039,"CodeTON Round 9 (Div. 1 + Div. 2, Rated, Prizes!)",maharun,5818,1732383300,1164,1150
2039,"CodeTON Round 9 (Div. 1 + Div. 2, Rated, Prizes!)",lwdfks,5818,1732383300,421,721
2039,"CodeTON Round 9 (Div. 1 + Div. 2, Rated, Prizes!)",RecursiveRage,5818,1732383300,1192,1172
2039,"CodeTON Round 9 (Div. 1 + Div. 2, Rated, Prizes!)",Snakefoot,5821,1732383300,1565,1460
2039,"CodeTON Round 9 (Div. 1 + Div. 2, Rated, Prizes!)",Seredial0326,5821,1732383300,1087,1156
2039,"CodeTON Round 9 (Div. 1 + Div. 2, Rated, Prizes!)",1017530625,5823,1732383300,810,960
2039,"CodeTON Round 9 (Div. 1 + Div. 2, Rated, Prizes!)",ytt123,5823,1732383300,1258,1222
2039,"CodeTON Round 9 (Div. 1 + Div. 2, Rated, Prizes!)",Pari_na_kisu,5825,1732383300,1118,1116
2039,"CodeTON Round 9 (Div. 1 + Div. 2, Rated, Prizes!)",naeem570khandakar,5825,1732383300,929,982
2039,"CodeTON Round 9 (Div. 1 + Div. 2, Rated, Prizes!)",jsonificator,5825,1732383300,1062,1137
2039,"CodeTON Round 9 (Div. 1 + Div. 2, Rated, Prizes!)",yuki_suou,5825,1732383300,1261,1224
2039,"CodeTON Round 9 (Div. 1 + Div. 2, Rated, Prizes!)",princekumar26_,5829,1732383300,927,980
2039,"CodeTON Round 9 (Div. 1 + Div. 2, Rated, Prizes!)",_lucho,5829,1732383300,978,1015
2039,"CodeTON Round 9 (Div. 1 + Div. 2, Rated, Prizes!)",SanSahu,5829,1732383300,1203,1180
2039,"CodeTON Round 9 (Div. 1 + Div. 2, Rated, Prizes!)",mdraihanhossen,5832,1732383300,992,1025
2039,"CodeTON Round 9 (Div. 1 + Div. 2, Rated, Prizes!)",Ilyin,5832,1732383300,1251,1217
2039,"CodeTON Round 9 (Div. 1 + Div. 2, Rated, Prizes!)",AHMADUL,5832,1732383300,1164,1150
2039,"CodeTON Round 9 (Div. 1 + Div. 2, Rated, Prizes!)",Amr_Fadel,5832,1732383300,1052,1068
2039,"CodeTON Round 9 (Div. 1 + Div. 2, Rated, Prizes!)",jac_Sparrow,5836,1732383300,395,700
2039,"CodeTON Round 9 (Div. 1 + Div. 2, Rated, Prizes!)",Shohanur_1603020,5836,1732383300,1423,1349
2039,"CodeTON Round 9 (Div. 1 + Div. 2, Rated, Prizes!)",An0nyMou5,5836,1732383300,1151,1140
2039,"CodeTON Round 9 (Div. 1 + Div. 2, Rated, Prizes!)",jesser99i,5839,1732383300,615,850
2039,"CodeTON Round 9 (Div. 1 + Div. 2, Rated, Prizes!)",rajkhowamadhujya0,5839,1732383300,903,1030
2039,"CodeTON Round 9 (Div. 1 + Div. 2, Rated, Prizes!)",rajeev22,5839,1732383300,1179,1162
2039,"CodeTON Round 9 (Div. 1 + Div. 2, Rated, Prizes!)",Black_Jesus,5842,1732383300,1088,1093
2039,"CodeTON Round 9 (Div. 1 + Div. 2, Rated, Prizes!)",Mk_Rahi,5842,1732383300,1041,1059
2039,"CodeTON Round 9 (Div. 1 + Div. 2, Rated, Prizes!)",ilyakryukov,5842,1732383300,1240,1207
2039,"CodeTON Round 9 (Div. 1 + Div. 2, Rated, Prizes!)",xiaoshusheng,5842,1732383300,894,1022
2039,"CodeTON Round 9 (Div. 1 + Div. 2, Rated, Prizes!)",Mahdi17,5842,1732383300,972,1010
2039,"CodeTON Round 9 (Div. 1 + Div. 2, Rated, Prizes!)",kawsar14,5842,1732383300,922,976
2039,"CodeTON Round 9 (Div. 1 + Div. 2, Rated, Prizes!)",abhinavgangwar,5842,1732383300,1201,1177
2039,"CodeTON Round 9 (Div. 1 + Div. 2, Rated, Prizes!)",Junaid.,5842,1732383300,1088,1093
2039,"CodeTON Round 9 (Div. 1 + Div. 2, Rated, Prizes!)",Omar_Abdeen,5842,1732383300,923,976
2039,"CodeTON Round 9 (Div. 1 + Div. 2, Rated, Prizes!)",EL_BALD,5842,1732383300,867,1002
2039,"CodeTON Round 9 (Div. 1 + Div. 2, Rated, Prizes!)",raikeeri,5842,1732383300,919,1041
2039,"CodeTON Round 9 (Div. 1 + Div. 2, Rated, Prizes!)",Hussein_Yasser,5853,1732383300,1103,1104
2039,"CodeTON Round 9 (Div. 1 + Div. 2, Rated, Prizes!)",ziripo,5854,1732383300,528,802
2039,"CodeTON Round 9 (Div. 1 + Div. 2, Rated, Prizes!)",noweoky,5854,1732383300,1062,1074
2039,"CodeTON Round 9 (Div. 1 + Div. 2, Rated, Prizes!)",_Error99_,5854,1732383300,577,762
2039,"CodeTON Round 9 (Div. 1 + Div. 2, Rated, Prizes!)",sohail_hasan,5854,1732383300,1005,1033
2039,"CodeTON Round 9 (Div. 1 + Div. 2, Rated, Prizes!)",PreyPatel,5854,1732383300,800,992
2039,"CodeTON Round 9 (Div. 1 + Div. 2, Rated, Prizes!)",sy10637,5854,1732383300,1077,1147
2039,"CodeTON Round 9 (Div. 1 + Div. 2, Rated, Prizes!)",MohammadTaghizade,5860,1732383300,1411,1339
2039,"CodeTON Round 9 (Div. 1 + Div. 2, Rated, Prizes!)",Platon_Bogdan,5860,1732383300,961,1002
2039,"CodeTON Round 9 (Div. 1 + Div. 2, Rated, Prizes!)",Jim_X,5862,1732383300,429,725
2039,"CodeTON Round 9 (Div. 1 + Div. 2, Rated, Prizes!)",rautelaaditya16,5862,1732383300,1303,1256
2039,"CodeTON Round 9 (Div. 1 + Div. 2, Rated, Prizes!)",rewq,5862,1732383300,1601,1487
2039,"CodeTON Round 9 (Div. 1 + Div. 2, Rated, Prizes!)",lrkhafez01,5862,1732383300,941,988
2039,"CodeTON Round 9 (Div. 1 + Div. 2, Rated, Prizes!)",Prajwal2212,5862,1732383300,1194,1172
2039,"CodeTON Round 9 (Div. 1 + Div. 2, Rated, Prizes!)",sujalbhatu,5867,1732383300,1258,1221
2039,"CodeTON Round 9 (Div. 1 + Div. 2, Rated, Prizes!)",jashwantra,5867,1732383300,1360,1299
2039,"CodeTON Round 9 (Div. 1 + Div. 2, Rated, Prizes!)",suraj.xd,5867,1732383300,875,944
2039,"CodeTON Round 9 (Div. 1 + Div. 2, Rated, Prizes!)",_flood,5867,1732383300,1204,1179
2039,"CodeTON Round 9 (Div. 1 + Div. 2, Rated, Prizes!)",BinderiyaT,5871,1732383300,992,1023
2039,"CodeTON Round 9 (Div. 1 + Div. 2, Rated, Prizes!)",SSVCH_ink,5871,1732383300,993,1024
2039,"CodeTON Round 9 (Div. 1 + Div. 2, Rated, Prizes!)",Devanshu__Sharma,5871,1732383300,1169,1153
2039,"CodeTON Round 9 (Div. 1 + Div. 2, Rated, Prizes!)",hollence,5871,1732383300,1280,1237
2039,"CodeTON Round 9 (Div. 1 + Div. 2, Rated, Prizes!)",Anish_J,5875,1732383300,920,973
2039,"CodeTON Round 9 (Div. 1 + Div. 2, Rated, Prizes!)",rRyuga,5875,1732383300,1019,1042
2039,"CodeTON Round 9 (Div. 1 + Div. 2, Rated, Prizes!)",mohit2003praja,5875,1732383300,815,904
2039,"CodeTON Round 9 (Div. 1 + Div. 2, Rated, Prizes!)",repugnant,5875,1732383300,1022,1044
2039,"CodeTON Round 9 (Div. 1 + Div. 2, Rated, Prizes!)",kaosar_the_Joyboy,5875,1732383300,1137,1129
2039,"CodeTON Round 9 (Div. 1 + Div. 2, Rated, Prizes!)",VIIs,5880,1732383300,908,965
2039,"CodeTON Round 9 (Div. 1 + Div. 2, Rated, Prizes!)",Fahmi_Nafi_46,5880,1732383300,934,983
2039,"CodeTON Round 9 (Div. 1 + Div. 2, Rated, Prizes!)",vanshgambhir,5880,1732383300,778,880
2039,"CodeTON Round 9 (Div. 1 + Div. 2, Rated, Prizes!)",cym2023,5880,1732383300,1026,1047
2039,"CodeTON Round 9 (Div. 1 + Div. 2, Rated, Prizes!)",Ajay_2705,5884,1732383300,926,977
2039,"CodeTON Round 9 (Div. 1 + Div. 2, Rated, Prizes!)",ZIHAD_BEPARI,5884,1732383300,1151,1139
2039,"CodeTON Round 9 (Div. 1 + Div. 2, Rated, Prizes!)",Roman_Sivkov2009,5886,1732383300,943,1045
2039,"CodeTON Round 9 (Div. 1 + Div. 2, Rated, Prizes!)",Cupupyyy,5886,1732383300,356,668
2039,"CodeTON Round 9 (Div. 1 + Div. 2, Rated, Prizes!)",MisterMasha,5888,1732383300,1096,1135
2039,"CodeTON Round 9 (Div. 1 + Div. 2, Rated, Prizes!)",rickkcir100,5888,1732383300,1081,1087
2039,"CodeTON Round 9 (Div. 1 + Div. 2, Rated, Prizes!)",abhishekpan,5888,1732383300,997,1026
2039,"CodeTON Round 9 (Div. 1 + Div. 2, Rated, Prizes!)",WiseKid,5888,1732383300,1014,1038
2039,"CodeTON Round 9 (Div. 1 + Div. 2, Rated, Prizes!)",RomalTerix,5892,1732383300,1146,1134
2039,"CodeTON Round 9 (Div. 1 + Div. 2, Rated, Prizes!)",Ahmad-Al-Ateek,5892,1732383300,1172,1154
2039,"CodeTON Round 9 (Div. 1 + Div. 2, Rated, Prizes!)",btninh208,5892,1732383300,934,982
2039,"CodeTON Round 9 (Div. 1 + Div. 2, Rated, Prizes!)",N337,5892,1732383300,935,983
2039,"CodeTON Round 9 (Div. 1 + Div. 2, Rated, Prizes!)",akash66219,5892,1732383300,1049,1063
2039,"CodeTON Round 9 (Div. 1 + Div. 2, Rated, Prizes!)",Ramzi9,5897,1732383300,1189,1167
2039,"CodeTON Round 9 (Div. 1 + Div. 2, Rated, Prizes!)",wanjia40,5897,1732383300,1064,1136
2039,"CodeTON Round 9 (Div. 1 + Div. 2, Rated, Prizes!)",Pranvesh,5897,1732383300,1142,1131
2039,"CodeTON Round 9 (Div. 1 + Div. 2, Rated, Prizes!)",Qw04_Dragoknight,5897,1732383300,1157,1142
2039,"CodeTON Round 9 (Div. 1 + Div. 2, Rated, Prizes!)",xzx.com,5897,1732383300,1291,1245
2039,"CodeTON Round 9 (Div. 1 + Div. 2, Rated, Prizes!)",jived1224,5897,1732383300,1125,1119
2039,"CodeTON Round 9 (Div. 1 + Div. 2, Rated, Prizes!)",anirbanroyneil,5903,1732383300,1023,1044
2039,"CodeTON Round 9 (Div. 1 + Div. 2, Rated, Prizes!)",kutomei3,5903,1732383300,392,696
2039,"CodeTON Round 9 (Div. 1 + Div. 2, Rated, Prizes!)",Domzi1,5903,1732383300,1076,1082
2039,"CodeTON Round 9 (Div. 1 + Div. 2, Rated, Prizes!)",Amir_Jafari,5903,1732383300,1224,1193
2039,"CodeTON Round 9 (Div. 1 + Div. 2, Rated, Prizes!)",valiii,5903,1732383300,1021,1043
2039,"CodeTON Round 9 (Div. 1 + Div. 2, Rated, Prizes!)",Icarus___,5908,1732383300,987,1018
2039,"CodeTON Round 9 (Div. 1 + Div. 2, Rated, Prizes!)",Abdulla__h,5908,1732383300,891,952
2039,"CodeTON Round 9 (Div. 1 + Div. 2, Rated, Prizes!)",__byte_bender,5908,1732383300,940,986
2039,"CodeTON Round 9 (Div. 1 + Div. 2, Rated, Prizes!)",saumya1007,5911,1732383300,1056,1129
2039,"CodeTON Round 9 (Div. 1 + Div. 2, Rated, Prizes!)",_Hotoru,5911,1732383300,823,1008
2039,"CodeTON Round 9 (Div. 1 + Div. 2, Rated, Prizes!)",L-S-S,5911,1732383300,1039,1055
2039,"CodeTON Round 9 (Div. 1 + Div. 2, Rated, Prizes!)",Rabbi_hasan162,5911,1732383300,1263,1223
2039,"CodeTON Round 9 (Div. 1 + Div. 2, Rated, Prizes!)",Protagonist,5915,1732383300,1597,1482
2039,"CodeTON Round 9 (Div. 1 + Div. 2, Rated, Prizes!)",lucaski2,5915,1732383300,1370,1305
2039,"CodeTON Round 9 (Div. 1 + Div. 2, Rated, Prizes!)",KnightCurry,5915,1732383300,907,963
2039,"CodeTON Round 9 (Div. 1 + Div. 2, Rated, Prizes!)",jiankiyo,5915,1732383300,1088,1091
2039,"CodeTON Round 9 (Div. 1 + Div. 2, Rated, Prizes!)",vikky_singh,5915,1732383300,1033,1051
2039,"CodeTON Round 9 (Div. 1 + Div. 2, Rated, Prizes!)",ritesh_3822,5915,1732383300,1105,1103
2039,"CodeTON Round 9 (Div. 1 + Div. 2, Rated, Prizes!)",noob71,5921,1732383300,1071,1078
2039,"CodeTON Round 9 (Div. 1 + Div. 2, Rated, Prizes!)",yog_04,5921,1732383300,1082,1086
2039,"CodeTON Round 9 (Div. 1 + Div. 2, Rated, Prizes!)",nima.yaqmuri,5921,1732383300,0,440
2039,"CodeTON Round 9 (Div. 1 + Div. 2, Rated, Prizes!)",Yuckii_,5921,1732383300,1153,1139
2039,"CodeTON Round 9 (Div. 1 + Div. 2, Rated, Prizes!)",nob_lz,5925,1732383300,989,1019
2039,"CodeTON Round 9 (Div. 1 + Div. 2, Rated, Prizes!)",rcssssss,5925,1732383300,0,440
2039,"CodeTON Round 9 (Div. 1 + Div. 2, Rated, Prizes!)",Biologist,5925,1732383300,987,1018
2039,"CodeTON Round 9 (Div. 1 + Div. 2, Rated, Prizes!)",MrTyck,5925,1732383300,1155,1140
2039,"CodeTON Round 9 (Div. 1 + Div. 2, Rated, Prizes!)",bigfan_of_jiangly,5929,1732383300,1082,1165
2039,"CodeTON Round 9 (Div. 1 + Div. 2, Rated, Prizes!)",aWty,5929,1732383300,1277,1233
2039,"CodeTON Round 9 (Div. 1 + Div. 2, Rated, Prizes!)",AgusMango,5931,1732383300,1151,1137
2039,"CodeTON Round 9 (Div. 1 + Div. 2, Rated, Prizes!)",mmto,5931,1732383300,1150,1201
2039,"CodeTON Round 9 (Div. 1 + Div. 2, Rated, Prizes!)",gerem,5931,1732383300,1319,1266
2039,"CodeTON Round 9 (Div. 1 + Div. 2, Rated, Prizes!)",prudhvitejakaraparthi,5931,1732383300,961,999
2039,"CodeTON Round 9 (Div. 1 + Div. 2, Rated, Prizes!)",Aby0508,5931,1732383300,1265,1224
2039,"CodeTON Round 9 (Div. 1 + Div. 2, Rated, Prizes!)",DP__25__,5931,1732383300,1078,1083
2039,"CodeTON Round 9 (Div. 1 + Div. 2, Rated, Prizes!)",zhenghaoyv,5937,1732383300,665,886
2039,"CodeTON Round 9 (Div. 1 + Div. 2, Rated, Prizes!)",LuckyFan,5937,1732383300,418,715
2039,"CodeTON Round 9 (Div. 1 + Div. 2, Rated, Prizes!)",mastercoder421,5937,1732383300,0,440
2039,"CodeTON Round 9 (Div. 1 + Div. 2, Rated, Prizes!)",Priyanshu_pandey15,5937,1732383300,1169,1151
2039,"CodeTON Round 9 (Div. 1 + Div. 2, Rated, Prizes!)",Hao_pp_fan,5937,1732383300,1384,1316
2039,"CodeTON Round 9 (Div. 1 + Div. 2, Rated, Prizes!)",anukuljain42,5942,1732383300,1320,1266
2039,"CodeTON Round 9 (Div. 1 + Div. 2, Rated, Prizes!)",arf01,5942,1732383300,1032,1049
2039,"CodeTON Round 9 (Div. 1 + Div. 2, Rated, Prizes!)",snowdesert1,5944,1732383300,1295,1247
2039,"CodeTON Round 9 (Div. 1 + Div. 2, Rated, Prizes!)",bhowmik,5944,1732383300,1358,1295
2039,"CodeTON Round 9 (Div. 1 + Div. 2, Rated, Prizes!)",subah,5944,1732383300,1094,1094
2039,"CodeTON Round 9 (Div. 1 + Div. 2, Rated, Prizes!)",islam_001,5944,1732383300,1143,1130
2039,"CodeTON Round 9 (Div. 1 + Div. 2, Rated, Prizes!)",mohamed-hani,5944,1732383300,1364,1300
2039,"CodeTON Round 9 (Div. 1 + Div. 2, Rated, Prizes!)",AyushAggarwal600,5944,1732383300,962,999
2039,"CodeTON Round 9 (Div. 1 + Div. 2, Rated, Prizes!)",Sed_Miyuki,5944,1732383300,1163,1146
2039,"CodeTON Round 9 (Div. 1 + Div. 2, Rated, Prizes!)",A_M_M,5944,1732383300,900,957
2039,"CodeTON Round 9 (Div. 1 + Div. 2, Rated, Prizes!)",Azayez,5952,1732383300,1025,1044
2039,"CodeTON Round 9 (Div. 1 + Div. 2, Rated, Prizes!)",ywsndm,5952,1732383300,941,985
2039,"CodeTON Round 9 (Div. 1 + Div. 2, Rated, Prizes!)",desaidipesh2002,5952,1732383300,1090,1091
2039,"CodeTON Round 9 (Div. 1 + Div. 2, Rated, Prizes!)",jay31_patel,5952,1732383300,1045,1058
2039,"CodeTON Round 9 (Div. 1 + Div. 2, Rated, Prizes!)",learner07,5952,1732383300,922,972
2039,"CodeTON Round 9 (Div. 1 + Div. 2, Rated, Prizes!)",stibumTr,5952,1732383300,955,1052
2039,"CodeTON Round 9 (Div. 1 + Div. 2, Rated, Prizes!)",COSMIC_ATOM,5958,1732383300,889,1015
2039,"CodeTON Round 9 (Div. 1 + Div. 2, Rated, Prizes!)",3bdo_Elkamed,5958,1732383300,1106,1102
2039,"CodeTON Round 9 (Div. 1 + Div. 2, Rated, Prizes!)",giddy_quest,5958,1732383300,1084,1149
2039,"CodeTON Round 9 (Div. 1 + Div. 2, Rated, Prizes!)",imljw,5958,1732383300,1285,1239
2039,"CodeTON Round 9 (Div. 1 + Div. 2, Rated, Prizes!)",Ayon,5962,1732383300,1087,1088
2039,"CodeTON Round 9 (Div. 1 + Div. 2, Rated, Prizes!)",BoysAlgoCry,5962,1732383300,461,748
2039,"CodeTON Round 9 (Div. 1 + Div. 2, Rated, Prizes!)",MAK963,5962,1732383300,830,910
2039,"CodeTON Round 9 (Div. 1 + Div. 2, Rated, Prizes!)",TudorEL,5962,1732383300,924,973
2039,"CodeTON Round 9 (Div. 1 + Div. 2, Rated, Prizes!)",Dragon_Master,5966,1732383300,935,980
2039,"CodeTON Round 9 (Div. 1 + Div. 2, Rated, Prizes!)",ethanhunt1729,5966,1732383300,1171,1151
2039,"CodeTON Round 9 (Div. 1 + Div. 2, Rated, Prizes!)",443eb9,5966,1732383300,1183,1198
2039,"CodeTON Round 9 (Div. 1 + Div. 2, Rated, Prizes!)",ionize13,5966,1732383300,631,859
2039,"CodeTON Round 9 (Div. 1 + Div. 2, Rated, Prizes!)",Raystar,5966,1732383300,1042,1055
2039,"CodeTON Round 9 (Div. 1 + Div. 2, Rated, Prizes!)",Mr.Hacker.,5971,1732383300,1183,1160
2039,"CodeTON Round 9 (Div. 1 + Div. 2, Rated, Prizes!)",KyollBM,5971,1732383300,1040,1054
2039,"CodeTON Round 9 (Div. 1 + Div. 2, Rated, Prizes!)",Adilet.,5971,1732383300,1002,1027
2039,"CodeTON Round 9 (Div. 1 + Div. 2, Rated, Prizes!)",MonkeSuperiority,5971,1732383300,1206,1178
2039,"CodeTON Round 9 (Div. 1 + Div. 2, Rated, Prizes!)",Master_Shifu46,5971,1732383300,1088,1089
2039,"CodeTON Round 9 (Div. 1 + Div. 2, Rated, Prizes!)",MHS75,5971,1732383300,931,977
2039,"CodeTON Round 9 (Div. 1 + Div. 2, Rated, Prizes!)",D.D.T.,5977,1732383300,998,1024
2039,"CodeTON Round 9 (Div. 1 + Div. 2, Rated, Prizes!)",naman__02,5977,1732383300,1157,1140
2039,"CodeTON Round 9 (Div. 1 + Div. 2, Rated, Prizes!)",inkera5664,5979,1732383300,945,986
2039,"CodeTON Round 9 (Div. 1 + Div. 2, Rated, Prizes!)",People_machine,5979,1732383300,1184,1161
2039,"CodeTON Round 9 (Div. 1 + Div. 2, Rated, Prizes!)",ebrahim_77,5979,1732383300,1169,1149
2039,"CodeTON Round 9 (Div. 1 + Div. 2, Rated, Prizes!)",erreze,5982,1732383300,1069,1074
2039,"CodeTON Round 9 (Div. 1 + Div. 2, Rated, Prizes!)",Dogeon188,5982,1732383300,0,438
2039,"CodeTON Round 9 (Div. 1 + Div. 2, Rated, Prizes!)",StyreX,5982,1732383300,0,438
2039,"CodeTON Round 9 (Div. 1 + Div. 2, Rated, Prizes!)",AnSharma84,5982,1732383300,478,760
2039,"CodeTON Round 9 (Div. 1 + Div. 2, Rated, Prizes!)",HEMANTH_GHANTA,5982,1732383300,1244,1206
2039,"CodeTON Round 9 (Div. 1 + Div. 2, Rated, Prizes!)",prakharsingh13,5982,1732383300,1318,1263
2039,"CodeTON Round 9 (Div. 1 + Div. 2, Rated, Prizes!)",coder_cpp,5982,1732383300,1177,1155
2039,"CodeTON Round 9 (Div. 1 + Div. 2, Rated, Prizes!)",Buri_Buri_Zaemon493,5989,1732383300,818,1002
2039,"CodeTON Round 9 (Div. 1 + Div. 2, Rated, Prizes!)",cnawal07,5989,1732383300,1281,1235
2039,"CodeTON Round 9 (Div. 1 + Div. 2, Rated, Prizes!)",ZiadZaza,5989,1732383300,1508,1411
2039,"CodeTON Round 9 (Div. 1 + Div. 2, Rated, Prizes!)",tzking,5989,1732383300,914,964
2039,"CodeTON Round 9 (Div. 1 + Div. 2, Rated, Prizes!)",Maruf_68,5989,1732383300,885,945
2039,"CodeTON Round 9 (Div. 1 + Div. 2, Rated, Prizes!)",Vencas,5994,1732383300,1059,1129
2039,"CodeTON Round 9 (Div. 1 + Div. 2, Rated, Prizes!)",Zapyatochka,5994,1732383300,1281,1234
2039,"CodeTON Round 9 (Div. 1 + Div. 2, Rated, Prizes!)",Lazy_Thinker,5994,1732383300,938,981
2039,"CodeTON Round 9 (Div. 1 + Div. 2, Rated, Prizes!)",google_1234,5994,1732383300,1392,1321
2039,"CodeTON Round 9 (Div. 1 + Div. 2, Rated, Prizes!)",cecoipavel,5994,1732383300,809,953
2039,"CodeTON Round 9 (Div. 1 + Div. 2, Rated, Prizes!)",randomhand,5999,1732383300,360,668
2039,"CodeTON Round 9 (Div. 1 + Div. 2, Rated, Prizes!)",Surajshivam919810,5999,1732383300,833,910
2039,"CodeTON Round 9 (Div. 1 + Div. 2, Rated, Prizes!)",The_Binary_Brawler,5999,1732383300,848,920
2039,"CodeTON Round 9 (Div. 1 + Div. 2, Rated, Prizes!)",tryT10,6002,1732383300,0,438
2039,"CodeTON Round 9 (Div. 1 + Div. 2, Rated, Prizes!)",sudipjana777,6002,1732383300,1134,1122
2039,"CodeTON Round 9 (Div. 1 + Div. 2, Rated, Prizes!)",dhxxiifv,6002,1732383300,1387,1317
2039,"CodeTON Round 9 (Div. 1 + Div. 2, Rated, Prizes!)",HelloKitty-y,6005,1732383300,922,969
2039,"CodeTON Round 9 (Div. 1 + Div. 2, Rated, Prizes!)",Muhammad_Osama_Fahim,6005,1732383300,1134,1122
2039,"CodeTON Round 9 (Div. 1 + Div. 2, Rated, Prizes!)",Afjal_Sayed,6005,1732383300,1209,1179
2039,"CodeTON Round 9 (Div. 1 + Div. 2, Rated, Prizes!)",zirikato,6005,1732383300,891,948
2039,"CodeTON Round 9 (Div. 1 + Div. 2, Rated, Prizes!)",YooNdoo,6005,1732383300,779,875
2039,"CodeTON Round 9 (Div. 1 + Div. 2, Rated, Prizes!)",GRIF,6005,1732383300,950,989
2039,"CodeTON Round 9 (Div. 1 + Div. 2, Rated, Prizes!)",T_500XIN,6005,1732383300,1135,1122
2039,"CodeTON Round 9 (Div. 1 + Div. 2, Rated, Prizes!)",kidaem,6012,1732383300,1076,1079
2039,"CodeTON Round 9 (Div. 1 + Div. 2, Rated, Prizes!)",maile123,6012,1732383300,814,957
2039,"CodeTON Round 9 (Div. 1 + Div. 2, Rated, Prizes!)",semoga_ac,6012,1732383300,986,1049
2039,"CodeTON Round 9 (Div. 1 + Div. 2, Rated, Prizes!)",SummitClimbingDevil,6012,1732383300,1462,1375
2039,"CodeTON Round 9 (Div. 1 + Div. 2, Rated, Prizes!)",DX_3906,6016,1732383300,0,438
2039,"CodeTON Round 9 (Div. 1 + Div. 2, Rated, Prizes!)",kakake,6016,1732383300,938,1015
2039,"CodeTON Round 9 (Div. 1 + Div. 2, Rated, Prizes!)",LONKI,6016,1732383300,1202,1239
2039,"CodeTON Round 9 (Div. 1 + Div. 2, Rated, Prizes!)",AdSaw05_,6016,1732383300,1196,1169
2039,"CodeTON Round 9 (Div. 1 + Div. 2, Rated, Prizes!)",Stabgoblin,6020,1732383300,958,994
2039,"CodeTON Round 9 (Div. 1 + Div. 2, Rated, Prizes!)",StrangerbonD,6020,1732383300,1152,1135
2039,"CodeTON Round 9 (Div. 1 + Div. 2, Rated, Prizes!)",goofy_v,6020,1732383300,1250,1210
2039,"CodeTON Round 9 (Div. 1 + Div. 2, Rated, Prizes!)",Timey,6020,1732383300,1195,1168
2039,"CodeTON Round 9 (Div. 1 + Div. 2, Rated, Prizes!)",Vastaway,6024,1732383300,1270,1225
2039,"CodeTON Round 9 (Div. 1 + Div. 2, Rated, Prizes!)",HosseinMomeni,6024,1732383300,836,973
2039,"CodeTON Round 9 (Div. 1 + Div. 2, Rated, Prizes!)",wondering001,6024,1732383300,1374,1306
2039,"CodeTON Round 9 (Div. 1 + Div. 2, Rated, Prizes!)",Ifty_283,6024,1732383300,847,919
2039,"CodeTON Round 9 (Div. 1 + Div. 2, Rated, Prizes!)",MagNneto,6024,1732383300,1090,1088
2039,"CodeTON Round 9 (Div. 1 + Div. 2, Rated, Prizes!)",mengyour,6029,1732383300,501,777
2039,"CodeTON Round 9 (Div. 1 + Div. 2, Rated, Prizes!)",Quyts,6029,1732383300,1054,1062
2039,"CodeTON Round 9 (Div. 1 + Div. 2, Rated, Prizes!)",Ruheluobixieqing,6031,1732383300,1228,1193
2039,"CodeTON Round 9 (Div. 1 + Div. 2, Rated, Prizes!)",amcsz,6031,1732383300,1198,1170
2039,"CodeTON Round 9 (Div. 1 + Div. 2, Rated, Prizes!)",mahfuz_07,6031,1732383300,956,992
2039,"CodeTON Round 9 (Div. 1 + Div. 2, Rated, Prizes!)",Yedige2,6031,1732383300,1340,1279
2039,"CodeTON Round 9 (Div. 1 + Div. 2, Rated, Prizes!)",Fireflys,6031,1732383300,891,947
2039,"CodeTON Round 9 (Div. 1 + Div. 2, Rated, Prizes!)",Leoxz,6036,1732383300,1120,1110
2039,"CodeTON Round 9 (Div. 1 + Div. 2, Rated, Prizes!)",zineq,6036,1732383300,1078,1079
2039,"CodeTON Round 9 (Div. 1 + Div. 2, Rated, Prizes!)",Nandy006,6036,1732383300,1352,1288
2039,"CodeTON Round 9 (Div. 1 + Div. 2, Rated, Prizes!)",WilliamWinslow,6036,1732383300,757,892
2039,"CodeTON Round 9 (Div. 1 + Div. 2, Rated, Prizes!)",bdnerd,6036,1732383300,617,846
2039,"CodeTON Round 9 (Div. 1 + Div. 2, Rated, Prizes!)",raj8963,6036,1732383300,1102,1097
2039,"CodeTON Round 9 (Div. 1 + Div. 2, Rated, Prizes!)",CharlesJJ,6042,1732383300,0,437
2039,"CodeTON Round 9 (Div. 1 + Div. 2, Rated, Prizes!)",tomaso,6042,1732383300,1187,1161
2039,"CodeTON Round 9 (Div. 1 + Div. 2, Rated, Prizes!)",MR.Kaka87,6042,1732383300,1333,1273
2039,"CodeTON Round 9 (Div. 1 + Div. 2, Rated, Prizes!)",Axeo7520,6045,1732383300,987,1013
2039,"CodeTON Round 9 (Div. 1 + Div. 2, Rated, Prizes!)",Muzzammil314159,6045,1732383300,1181,1156
2039,"CodeTON Round 9 (Div. 1 + Div. 2, Rated, Prizes!)",_.rajababu,6045,1732383300,588,759
2039,"CodeTON Round 9 (Div. 1 + Div. 2, Rated, Prizes!)",RIFAT048,6045,1732383300,1214,1181
2039,"CodeTON Round 9 (Div. 1 + Div. 2, Rated, Prizes!)",clifong2002,6045,1732383300,1031,1045
2039,"CodeTON Round 9 (Div. 1 + Div. 2, Rated, Prizes!)",Vudy,6050,1732383300,0,437
2039,"CodeTON Round 9 (Div. 1 + Div. 2, Rated, Prizes!)",Coder_Tanish,6050,1732383300,937,978
2039,"CodeTON Round 9 (Div. 1 + Div. 2, Rated, Prizes!)",eyasir329,6052,1732383300,952,988
2039,"CodeTON Round 9 (Div. 1 + Div. 2, Rated, Prizes!)",LargeCPHumanModel,6052,1732383300,1450,1365
2039,"CodeTON Round 9 (Div. 1 + Div. 2, Rated, Prizes!)",Ragib100,6052,1732383300,1128,1116
2039,"CodeTON Round 9 (Div. 1 + Div. 2, Rated, Prizes!)",Keep_ON_Coding_2009,6052,1732383300,983,1010
2039,"CodeTON Round 9 (Div. 1 + Div. 2, Rated, Prizes!)",TengK,6052,1732383300,1212,1180
2039,"CodeTON Round 9 (Div. 1 + Div. 2, Rated, Prizes!)",Subtle_G,6057,1732383300,957,992
2039,"CodeTON Round 9 (Div. 1 + Div. 2, Rated, Prizes!)",Kaytbay,6057,1732383300,1097,1092
2039,"CodeTON Round 9 (Div. 1 + Div. 2, Rated, Prizes!)",torus711,6057,1732383300,1517,1417
2039,"CodeTON Round 9 (Div. 1 + Div. 2, Rated, Prizes!)",ahmedfouadnew,6057,1732383300,1685,1548
2039,"CodeTON Round 9 (Div. 1 + Div. 2, Rated, Prizes!)",sheepfish,6057,1732383300,415,709
2039,"CodeTON Round 9 (Div. 1 + Div. 2, Rated, Prizes!)",Lamle,6057,1732383300,1356,1291
2039,"CodeTON Round 9 (Div. 1 + Div. 2, Rated, Prizes!)",fatihm,6063,1732383300,1171,1149
2039,"CodeTON Round 9 (Div. 1 + Div. 2, Rated, Prizes!)",the_seal,6063,1732383300,996,1055
2039,"CodeTON Round 9 (Div. 1 + Div. 2, Rated, Prizes!)",So-noSlack,6063,1732383300,1114,1186
2039,"CodeTON Round 9 (Div. 1 + Div. 2, Rated, Prizes!)",FiripYamagusi,6066,1732383300,968,999
2039,"CodeTON Round 9 (Div. 1 + Div. 2, Rated, Prizes!)",WindyPoulsen,6066,1732383300,756,890
2039,"CodeTON Round 9 (Div. 1 + Div. 2, Rated, Prizes!)",siddhant1100115,6066,1732383300,1086,1148
2039,"CodeTON Round 9 (Div. 1 + Div. 2, Rated, Prizes!)",Lyr_ids,6066,1732383300,1455,1368
2039,"CodeTON Round 9 (Div. 1 + Div. 2, Rated, Prizes!)",amoxilin,6066,1732383300,989,1074
2039,"CodeTON Round 9 (Div. 1 + Div. 2, Rated, Prizes!)",The6thWall,6066,1732383300,818,898
2039,"CodeTON Round 9 (Div. 1 + Div. 2, Rated, Prizes!)",Pratham18,6066,1732383300,981,1008
2039,"CodeTON Round 9 (Div. 1 + Div. 2, Rated, Prizes!)",Bequnia,6073,1732383300,952,988
2039,"CodeTON Round 9 (Div. 1 + Div. 2, Rated, Prizes!)",decode_abhay,6073,1732383300,952,988
2039,"CodeTON Round 9 (Div. 1 + Div. 2, Rated, Prizes!)",balkytelgara,6073,1732383300,865,962
2039,"CodeTON Round 9 (Div. 1 + Div. 2, Rated, Prizes!)",MirazHossain_847,6073,1732383300,1062,1066
2039,"CodeTON Round 9 (Div. 1 + Div. 2, Rated, Prizes!)",big_mike,6073,1732383300,0,436
2039,"CodeTON Round 9 (Div. 1 + Div. 2, Rated, Prizes!)",hamxiang,6078,1732383300,1186,1159
2039,"CodeTON Round 9 (Div. 1 + Div. 2, Rated, Prizes!)",Freddie744,6078,1732383300,1116,1144
2039,"CodeTON Round 9 (Div. 1 + Div. 2, Rated, Prizes!)",Shrayasheesaha123,6078,1732383300,1032,1045
2039,"CodeTON Round 9 (Div. 1 + Div. 2, Rated, Prizes!)",XavierSewell,6081,1732383300,754,888
2039,"CodeTON Round 9 (Div. 1 + Div. 2, Rated, Prizes!)",imaginary_faye,6081,1732383300,921,966
2039,"CodeTON Round 9 (Div. 1 + Div. 2, Rated, Prizes!)",RahaZK,6081,1732383300,774,869
2039,"CodeTON Round 9 (Div. 1 + Div. 2, Rated, Prizes!)",amar31661,6081,1732383300,899,951
2039,"CodeTON Round 9 (Div. 1 + Div. 2, Rated, Prizes!)",yuanyulin,6081,1732383300,904,954
2039,"CodeTON Round 9 (Div. 1 + Div. 2, Rated, Prizes!)",Mo-Seg,6081,1732383300,1177,1218
2039,"CodeTON Round 9 (Div. 1 + Div. 2, Rated, Prizes!)",3ttili,6087,1732383300,811,892
2039,"CodeTON Round 9 (Div. 1 + Div. 2, Rated, Prizes!)",NTLE,6087,1732383300,674,807
2039,"CodeTON Round 9 (Div. 1 + Div. 2, Rated, Prizes!)",Mohd_Attili,6089,1732383300,1053,1059
2039,"CodeTON Round 9 (Div. 1 + Div. 2, Rated, Prizes!)",tAatreya7,6089,1732383300,0,436
2039,"CodeTON Round 9 (Div. 1 + Div. 2, Rated, Prizes!)",OmarRashid147,6089,1732383300,956,989
2039,"CodeTON Round 9 (Div. 1 + Div. 2, Rated, Prizes!)",yyyyyyyf,6089,1732383300,1155,1136
2039,"CodeTON Round 9 (Div. 1 + Div. 2, Rated, Prizes!)",IbnuAmin4,6089,1732383300,1149,1131
2039,"CodeTON Round 9 (Div. 1 + Div. 2, Rated, Prizes!)",Shaido,6089,1732383300,1205,1173
2039,"CodeTON Round 9 (Div. 1 + Div. 2, Rated, Prizes!)",lhwdqfjioaiovhiaiov,6095,1732383300,943,980
2039,"CodeTON Round 9 (Div. 1 + Div. 2, Rated, Prizes!)",Mr_InFerN00,6095,1732383300,1010,1028
2039,"CodeTON Round 9 (Div. 1 + Div. 2, Rated, Prizes!)",kill_me_again,6095,1732383300,1017,1033
2039,"CodeTON Round 9 (Div. 1 + Div. 2, Rated, Prizes!)",codeddresser,6095,1732383300,1004,1099
2039,"CodeTON Round 9 (Div. 1 + Div. 2, Rated, Prizes!)",ja_ya,6095,1732383300,1035,1046
2039,"CodeTON Round 9 (Div. 1 + Div. 2, Rated, Prizes!)",shanto758,6100,1732383300,1076,1076
2039,"CodeTON Round 9 (Div. 1 + Div. 2, Rated, Prizes!)",BLUEJOKE,6100,1732383300,1200,1169
2039,"CodeTON Round 9 (Div. 1 + Div. 2, Rated, Prizes!)",wdsk,6100,1732383300,979,1065
2039,"CodeTON Round 9 (Div. 1 + Div. 2, Rated, Prizes!)",Ninja7769,6100,1732383300,1042,1113
2039,"CodeTON Round 9 (Div. 1 + Div. 2, Rated, Prizes!)",Gojo1809,6100,1732383300,0,435
2039,"CodeTON Round 9 (Div. 1 + Div. 2, Rated, Prizes!)",ka_li,6105,1732383300,1042,1051
2039,"CodeTON Round 9 (Div. 1 + Div. 2, Rated, Prizes!)",ShelleyPritchard,6105,1732383300,756,889
2039,"CodeTON Round 9 (Div. 1 + Div. 2, Rated, Prizes!)",koushikad,6105,1732383300,1255,1211
2039,"CodeTON Round 9 (Div. 1 + Div. 2, Rated, Prizes!)",ZAX_80,6108,1732383300,1179,1153
2039,"CodeTON Round 9 (Div. 1 + Div. 2, Rated, Prizes!)",teja_kallari23,6108,1732383300,810,942
2039,"CodeTON Round 9 (Div. 1 + Div. 2, Rated, Prizes!)",anshuman-dubey,6108,1732383300,1155,1135
2039,"CodeTON Round 9 (Div. 1 + Div. 2, Rated, Prizes!)",ASHWINISINGH17,6108,1732383300,1374,1303
2039,"CodeTON Round 9 (Div. 1 + Div. 2, Rated, Prizes!)",Muhammadali_2009,6108,1732383300,1427,1345
2039,"CodeTON Round 9 (Div. 1 + Div. 2, Rated, Prizes!)",shuvo37,6113,1732383300,1052,1057
2039,"CodeTON Round 9 (Div. 1 + Div. 2, Rated, Prizes!)",sukhman123,6113,1732383300,787,876
2039,"CodeTON Round 9 (Div. 1 + Div. 2, Rated, Prizes!)",Rinslyr,6113,1732383300,838,961
2039,"CodeTON Round 9 (Div. 1 + Div. 2, Rated, Prizes!)",shree_swami_samarth,6113,1732383300,1342,1278
2039,"CodeTON Round 9 (Div. 1 + Div. 2, Rated, Prizes!)",Otaku_Zoldyck,6113,1732383300,690,816
2039,"CodeTON Round 9 (Div. 1 + Div. 2, Rated, Prizes!)",RishabhArora,6113,1732383300,1074,1074
2039,"CodeTON Round 9 (Div. 1 + Div. 2, Rated, Prizes!)",plain_wave,6113,1732383300,0,435
2039,"CodeTON Round 9 (Div. 1 + Div. 2, Rated, Prizes!)",pshan,6120,1732383300,385,684
2039,"CodeTON Round 9 (Div. 1 + Div. 2, Rated, Prizes!)",BoostedBot,6120,1732383300,995,1092
2039,"CodeTON Round 9 (Div. 1 + Div. 2, Rated, Prizes!)",Pavlo,6120,1732383300,1000,1020
2039,"CodeTON Round 9 (Div. 1 + Div. 2, Rated, Prizes!)",raj_mistry01,6120,1732383300,866,927
2039,"CodeTON Round 9 (Div. 1 + Div. 2, Rated, Prizes!)",mainframeKnight,6120,1732383300,469,749
2039,"CodeTON Round 9 (Div. 1 + Div. 2, Rated, Prizes!)",Arghya71,6125,1732383300,854,972
2039,"CodeTON Round 9 (Div. 1 + Div. 2, Rated, Prizes!)",hariom15102004,6125,1732383300,1264,1218
2039,"CodeTON Round 9 (Div. 1 + Div. 2, Rated, Prizes!)",Clapclapclap,6127,1732383300,1105,1161
2039,"CodeTON Round 9 (Div. 1 + Div. 2, Rated, Prizes!)",Littichoka,6127,1732383300,1072,1072
2039,"CodeTON Round 9 (Div. 1 + Div. 2, Rated, Prizes!)",DavitBakh,6129,1732383300,1065,1066
2039,"CodeTON Round 9 (Div. 1 + Div. 2, Rated, Prizes!)",cn000,6129,1732383300,1017,1093
2039,"CodeTON Round 9 (Div. 1 + Div. 2, Rated, Prizes!)",skt_code_dead,6129,1732383300,1052,1057
2039,"CodeTON Round 9 (Div. 1 + Div. 2, Rated, Prizes!)",Diana07Bello,6129,1732383300,952,985
2039,"CodeTON Round 9 (Div. 1 + Div. 2, Rated, Prizes!)",user8885Vp,6129,1732383300,1046,1053
2039,"CodeTON Round 9 (Div. 1 + Div. 2, Rated, Prizes!)",fairice,6134,1732383300,1392,1317
2039,"CodeTON Round 9 (Div. 1 + Div. 2, Rated, Prizes!)",Sqrt_-1,6134,1732383300,966,995
2039,"CodeTON Round 9 (Div. 1 + Div. 2, Rated, Prizes!)",aditya_1148,6134,1732383300,1062,1064
2039,"CodeTON Round 9 (Div. 1 + Div. 2, Rated, Prizes!)",arbitcoper,6134,1732383300,930,970
2039,"CodeTON Round 9 (Div. 1 + Div. 2, Rated, Prizes!)",forfucksake.,6138,1732383300,1100,1092
2039,"CodeTON Round 9 (Div. 1 + Div. 2, Rated, Prizes!)",patelcodeforces,6138,1732383300,784,873
2039,"CodeTON Round 9 (Div. 1 + Div. 2, Rated, Prizes!)",Kkamnyan,6140,1732383300,934,972
2039,"CodeTON Round 9 (Div. 1 + Div. 2, Rated, Prizes!)",Special_One,6140,1732383300,1075,1073
2039,"CodeTON Round 9 (Div. 1 + Div. 2, Rated, Prizes!)",Bleary,6140,1732383300,934,972
2039,"CodeTON Round 9 (Div. 1 + Div. 2, Rated, Prizes!)",Mocking_Jay_,6140,1732383300,986,1009
2039,"CodeTON Round 9 (Div. 1 + Div. 2, Rated, Prizes!)",kuxha,6140,1732383300,1033,1043
2039,"CodeTON Round 9 (Div. 1 + Div. 2, Rated, Prizes!)",Vyaduct,6140,1732383300,1079,1076
2039,"CodeTON Round 9 (Div. 1 + Div. 2, Rated, Prizes!)",Sakib_Imtiaz,6146,1732383300,908,954
2039,"CodeTON Round 9 (Div. 1 + Div. 2, Rated, Prizes!)",Inevitble,6146,1732383300,971,998
2039,"CodeTON Round 9 (Div. 1 + Div. 2, Rated, Prizes!)",wangzs,6146,1732383300,1049,1054
2039,"CodeTON Round 9 (Div. 1 + Div. 2, Rated, Prizes!)",Deepesh-Tiwari,6146,1732383300,1280,1229
2039,"CodeTON Round 9 (Div. 1 + Div. 2, Rated, Prizes!)",nasir0v,6146,1732383300,1382,1309
2039,"CodeTON Round 9 (Div. 1 + Div. 2, Rated, Prizes!)",omennia,6146,1732383300,1188,1158
2039,"CodeTON Round 9 (Div. 1 + Div. 2, Rated, Prizes!)",mcarrion1,6152,1732383300,1113,1101
2039,"CodeTON Round 9 (Div. 1 + Div. 2, Rated, Prizes!)",0nmYWaY,6152,1732383300,1194,1163
2039,"CodeTON Round 9 (Div. 1 + Div. 2, Rated, Prizes!)",FisherGo,6152,1732383300,1241,1238
2039,"CodeTON Round 9 (Div. 1 + Div. 2, Rated, Prizes!)",focus_costan,6152,1732383300,963,1066
2039,"CodeTON Round 9 (Div. 1 + Div. 2, Rated, Prizes!)",fx_tourist,6152,1732383300,973,999
2039,"CodeTON Round 9 (Div. 1 + Div. 2, Rated, Prizes!)",taimour.1,6152,1732383300,1077,1112
2039,"CodeTON Round 9 (Div. 1 + Div. 2, Rated, Prizes!)",Hataru,6152,1732383300,1466,1374
2039,"CodeTON Round 9 (Div. 1 + Div. 2, Rated, Prizes!)",jaisanan,6159,1732383300,922,963
2039,"CodeTON Round 9 (Div. 1 + Div. 2, Rated, Prizes!)",Bhuiyan.,6159,1732383300,1116,1103
2039,"CodeTON Round 9 (Div. 1 + Div. 2, Rated, Prizes!)",haque_3,6159,1732383300,1165,1141
2039,"CodeTON Round 9 (Div. 1 + Div. 2, Rated, Prizes!)",Jison_Chakma,6159,1732383300,898,947
2039,"CodeTON Round 9 (Div. 1 + Div. 2, Rated, Prizes!)",a_ho,6163,1732383300,1282,1230
2039,"CodeTON Round 9 (Div. 1 + Div. 2, Rated, Prizes!)",satan0710,6164,1732383300,758,910
2039,"CodeTON Round 9 (Div. 1 + Div. 2, Rated, Prizes!)",trunghieubnt_cg_nh,6164,1732383300,956,1046
2039,"CodeTON Round 9 (Div. 1 + Div. 2, Rated, Prizes!)",humairaislam,6164,1732383300,1038,1045
2039,"CodeTON Round 9 (Div. 1 + Div. 2, Rated, Prizes!)",dlnsy,6164,1732383300,0,434
2039,"CodeTON Round 9 (Div. 1 + Div. 2, Rated, Prizes!)",petrenslavik,6168,1732383300,1215,1179
2039,"CodeTON Round 9 (Div. 1 + Div. 2, Rated, Prizes!)",shoharab512,6168,1732383300,1091,1084
2039,"CodeTON Round 9 (Div. 1 + Div. 2, Rated, Prizes!)",ChopinF,6170,1732383300,1175,1148
2039,"CodeTON Round 9 (Div. 1 + Div. 2, Rated, Prizes!)",Jyotiprakashh,6170,1732383300,1317,1257
2039,"CodeTON Round 9 (Div. 1 + Div. 2, Rated, Prizes!)",ngbao07dona,6172,1732383300,1512,1410
2039,"CodeTON Round 9 (Div. 1 + Div. 2, Rated, Prizes!)",shashanksp851,6172,1732383300,1189,1158
2039,"CodeTON Round 9 (Div. 1 + Div. 2, Rated, Prizes!)",Manan_Bihani,6172,1732383300,1366,1295
2039,"CodeTON Round 9 (Div. 1 + Div. 2, Rated, Prizes!)",foonssk,6172,1732383300,1177,1149
2039,"CodeTON Round 9 (Div. 1 + Div. 2, Rated, Prizes!)",Bubbleawa,6176,1732383300,911,990
2039,"CodeTON Round 9 (Div. 1 + Div. 2, Rated, Prizes!)",hangz,6176,1732383300,1165,1140
2039,"CodeTON Round 9 (Div. 1 + Div. 2, Rated, Prizes!)",sharaf_makahleh,6178,1732383300,1610,1486
2039,"CodeTON Round 9 (Div. 1 + Div. 2, Rated, Prizes!)",secret_room1,6178,1732383300,827,961
2039,"CodeTON Round 9 (Div. 1 + Div. 2, Rated, Prizes!)",Arif_0.1,6178,1732383300,858,919
2039,"CodeTON Round 9 (Div. 1 + Div. 2, Rated, Prizes!)",Prat_ghost3378,6178,1732383300,763,914
2039,"CodeTON Round 9 (Div. 1 + Div. 2, Rated, Prizes!)",Frozen_H,6182,1732383300,1171,1145
2039,"CodeTON Round 9 (Div. 1 + Div. 2, Rated, Prizes!)",nooop,6182,1732383300,923,963
2039,"CodeTON Round 9 (Div. 1 + Div. 2, Rated, Prizes!)",mr__turningpoint,6184,1732383300,1111,1099
2039,"CodeTON Round 9 (Div. 1 + Div. 2, Rated, Prizes!)",linux_mint,6184,1732383300,476,753
2039,"CodeTON Round 9 (Div. 1 + Div. 2, Rated, Prizes!)",JnB,6184,1732383300,807,886
2039,"CodeTON Round 9 (Div. 1 + Div. 2, Rated, Prizes!)",Adrenaline_00,6184,1732383300,1189,1158
2039,"CodeTON Round 9 (Div. 1 + Div. 2, Rated, Prizes!)",Maruf_,6184,1732383300,782,869
2039,"CodeTON Round 9 (Div. 1 + Div. 2, Rated, Prizes!)",doubledouble,6189,1732383300,932,969
2039,"CodeTON Round 9 (Div. 1 + Div. 2, Rated, Prizes!)",Nazmul_TheDarkHorse,6189,1732383300,1019,1030
2039,"CodeTON Round 9 (Div. 1 + Div. 2, Rated, Prizes!)",return___zero,6189,1732383300,1271,1221
2039,"CodeTON Round 9 (Div. 1 + Div. 2, Rated, Prizes!)",harshsharma301a,6189,1732383300,864,923
2039,"CodeTON Round 9 (Div. 1 + Div. 2, Rated, Prizes!)",Yash_29,6193,1732383300,1109,1097
2039,"CodeTON Round 9 (Div. 1 + Div. 2, Rated, Prizes!)",Shimu_Guyue,6193,1732383300,1039,1045
2039,"CodeTON Round 9 (Div. 1 + Div. 2, Rated, Prizes!)",M1le,6193,1732383300,1129,1112
2039,"CodeTON Round 9 (Div. 1 + Div. 2, Rated, Prizes!)",VARKALA_THOMA,6196,1732383300,1120,1105
2039,"CodeTON Round 9 (Div. 1 + Div. 2, Rated, Prizes!)",racel,6197,1732383300,1179,1150
2039,"CodeTON Round 9 (Div. 1 + Div. 2, Rated, Prizes!)",parle17,6197,1732383300,1031,1040
2039,"CodeTON Round 9 (Div. 1 + Div. 2, Rated, Prizes!)",Amisha_Bharti,6199,1732383300,1249,1204
2039,"CodeTON Round 9 (Div. 1 + Div. 2, Rated, Prizes!)",sp_mehedi,6199,1732383300,1075,1071
2039,"CodeTON Round 9 (Div. 1 + Div. 2, Rated, Prizes!)",Luna_chan,6199,1732383300,0,433
2039,"CodeTON Round 9 (Div. 1 + Div. 2, Rated, Prizes!)",kunaljani,6199,1732383300,618,842
2039,"CodeTON Round 9 (Div. 1 + Div. 2, Rated, Prizes!)",pyrokines,6203,1732383300,1179,1150
2039,"CodeTON Round 9 (Div. 1 + Div. 2, Rated, Prizes!)",nhmktu,6203,1732383300,916,1028
2039,"CodeTON Round 9 (Div. 1 + Div. 2, Rated, Prizes!)",nish123_,6203,1732383300,963,990
2039,"CodeTON Round 9 (Div. 1 + Div. 2, Rated, Prizes!)",leo_pu,6206,1732383300,1233,1191
2039,"CodeTON Round 9 (Div. 1 + Div. 2, Rated, Prizes!)",maxremzi,6207,1732383300,1107,1095
2039,"CodeTON Round 9 (Div. 1 + Div. 2, Rated, Prizes!)",sadt,6207,1732383300,1130,1113
2039,"CodeTON Round 9 (Div. 1 + Div. 2, Rated, Prizes!)",iShowSpeedForces,6207,1732383300,1493,1394
2039,"CodeTON Round 9 (Div. 1 + Div. 2, Rated, Prizes!)",Shahd_Ku,6210,1732383300,981,1003
2039,"CodeTON Round 9 (Div. 1 + Div. 2, Rated, Prizes!)",neel27,6210,1732383300,1297,1241
2039,"CodeTON Round 9 (Div. 1 + Div. 2, Rated, Prizes!)",spxdiode,6210,1732383300,1189,1158
2039,"CodeTON Round 9 (Div. 1 + Div. 2, Rated, Prizes!)",ArcticFox,6213,1732383300,1248,1203
2039,"CodeTON Round 9 (Div. 1 + Div. 2, Rated, Prizes!)",Yadaavdevesh,6213,1732383300,1453,1402
2039,"CodeTON Round 9 (Div. 1 + Div. 2, Rated, Prizes!)",TheSupremacy55,6213,1732383300,944,977
2039,"CodeTON Round 9 (Div. 1 + Div. 2, Rated, Prizes!)",seer_of_c,6213,1732383300,987,1007
2039,"CodeTON Round 9 (Div. 1 + Div. 2, Rated, Prizes!)",Lexible,6217,1732383300,438,722
2039,"CodeTON Round 9 (Div. 1 + Div. 2, Rated, Prizes!)",Eul3rTurret,6217,1732383300,933,1027
2039,"CodeTON Round 9 (Div. 1 + Div. 2, Rated, Prizes!)",manish36,6217,1732383300,942,975
2039,"CodeTON Round 9 (Div. 1 + Div. 2, Rated, Prizes!)",Vilrabad,6217,1732383300,920,960
2039,"CodeTON Round 9 (Div. 1 + Div. 2, Rated, Prizes!)",Sagarnage,6221,1732383300,1107,1094
2039,"CodeTON Round 9 (Div. 1 + Div. 2, Rated, Prizes!)",Bakytz7zaN,6221,1732383300,1059,1059
2039,"CodeTON Round 9 (Div. 1 + Div. 2, Rated, Prizes!)",yRajveer,6221,1732383300,683,891
2039,"CodeTON Round 9 (Div. 1 + Div. 2, Rated, Prizes!)",MinhTri_Star,6224,1732383300,1126,1109
2039,"CodeTON Round 9 (Div. 1 + Div. 2, Rated, Prizes!)",FakeRussian,6224,1732383300,1209,1172
2039,"CodeTON Round 9 (Div. 1 + Div. 2, Rated, Prizes!)",mdmahabub55,6224,1732383300,989,1008
2039,"CodeTON Round 9 (Div. 1 + Div. 2, Rated, Prizes!)",blackpanther1729,6224,1732383300,965,991
2039,"CodeTON Round 9 (Div. 1 + Div. 2, Rated, Prizes!)",sierracharlie,6224,1732383300,852,913
2039,"CodeTON Round 9 (Div. 1 + Div. 2, Rated, Prizes!)",robayed_110,6229,1732383300,1128,1110
2039,"CodeTON Round 9 (Div. 1 + Div. 2, Rated, Prizes!)",Ali.Bghn,6229,1732383300,1078,1073
2039,"CodeTON Round 9 (Div. 1 + Div. 2, Rated, Prizes!)",wolvie758,6231,1732383300,1033,1039
2039,"CodeTON Round 9 (Div. 1 + Div. 2, Rated, Prizes!)",Nitin_dev,6231,1732383300,1019,1030
2039,"CodeTON Round 9 (Div. 1 + Div. 2, Rated, Prizes!)",Eris.sd,6233,1732383300,1079,1073
2039,"CodeTON Round 9 (Div. 1 + Div. 2, Rated, Prizes!)",bro_code,6233,1732383300,1348,1279
2039,"CodeTON Round 9 (Div. 1 + Div. 2, Rated, Prizes!)",Owaish777,6233,1732383300,1215,1176
2039,"CodeTON Round 9 (Div. 1 + Div. 2, Rated, Prizes!)",Bhanu1312,6233,1732383300,1202,1166
2039,"CodeTON Round 9 (Div. 1 + Div. 2, Rated, Prizes!)",maomaoMAOMAO,6237,1732383300,588,818
2039,"CodeTON Round 9 (Div. 1 + Div. 2, Rated, Prizes!)",_The_eRRoR_,6237,1732383300,984,1004
2039,"CodeTON Round 9 (Div. 1 + Div. 2, Rated, Prizes!)",joj00,6237,1732383300,1114,1099
2039,"CodeTON Round 9 (Div. 1 + Div. 2, Rated, Prizes!)",LamaSalah,6237,1732383300,1152,1128
2039,"CodeTON Round 9 (Div. 1 + Div. 2, Rated, Prizes!)",Ahnaf_Akib_Tanim,6237,1732383300,1290,1234
2039,"CodeTON Round 9 (Div. 1 + Div. 2, Rated, Prizes!)",SushantAhuja,6242,1732383300,987,1006
2039,"CodeTON Round 9 (Div. 1 + Div. 2, Rated, Prizes!)",PeachyGalaxy,6242,1732383300,956,984
2039,"CodeTON Round 9 (Div. 1 + Div. 2, Rated, Prizes!)",militantmind,6242,1732383300,1087,1079
2039,"CodeTON Round 9 (Div. 1 + Div. 2, Rated, Prizes!)",sa9432216,6242,1732383300,942,1032
2039,"CodeTON Round 9 (Div. 1 + Div. 2, Rated, Prizes!)",Arko408,6242,1732383300,976,998
2039,"CodeTON Round 9 (Div. 1 + Div. 2, Rated, Prizes!)",K_vinay_123,6247,1732383300,1377,1302
2039,"CodeTON Round 9 (Div. 1 + Div. 2, Rated, Prizes!)",_WhatToDo_,6247,1732383300,1261,1212
2039,"CodeTON Round 9 (Div. 1 + Div. 2, Rated, Prizes!)",Deep_Thought_Programs,6247,1732383300,830,961
2039,"CodeTON Round 9 (Div. 1 + Div. 2, Rated, Prizes!)",Biswadev,6250,1732383300,967,991
2039,"CodeTON Round 9 (Div. 1 + Div. 2, Rated, Prizes!)",Shravan6398,6250,1732383300,1226,1184
2039,"CodeTON Round 9 (Div. 1 + Div. 2, Rated, Prizes!)",RSHAM,6252,1732383300,907,949
2039,"CodeTON Round 9 (Div. 1 + Div. 2, Rated, Prizes!)",Pranav418,6253,1732383300,1127,1109
2039,"CodeTON Round 9 (Div. 1 + Div. 2, Rated, Prizes!)",jiejieya,6253,1732383300,423,710
2039,"CodeTON Round 9 (Div. 1 + Div. 2, Rated, Prizes!)",jalalcse24,6253,1732383300,0,432
2039,"CodeTON Round 9 (Div. 1 + Div. 2, Rated, Prizes!)",Angelica_dahuric,6256,1732383300,1018,1028
2039,"CodeTON Round 9 (Div. 1 + Div. 2, Rated, Prizes!)",michaelhe,6256,1732383300,711,911
2039,"CodeTON Round 9 (Div. 1 + Div. 2, Rated, Prizes!)",kingslayer17,6256,1732383300,1218,1178
2039,"CodeTON Round 9 (Div. 1 + Div. 2, Rated, Prizes!)",Ostentatious,6259,1732383300,1057,1056
2039,"CodeTON Round 9 (Div. 1 + Div. 2, Rated, Prizes!)",naman_chawda,6260,1732383300,891,1007
2039,"CodeTON Round 9 (Div. 1 + Div. 2, Rated, Prizes!)",hmz,6260,1732383300,1043,1046
2039,"CodeTON Round 9 (Div. 1 + Div. 2, Rated, Prizes!)",CQYZ2025_,6260,1732383300,1621,1493
2039,"CodeTON Round 9 (Div. 1 + Div. 2, Rated, Prizes!)",6ix9in3,6263,1732383300,655,868
2039,"CodeTON Round 9 (Div. 1 + Div. 2, Rated, Prizes!)",Always_WA14,6263,1732383300,0,431
2039,"CodeTON Round 9 (Div. 1 + Div. 2, Rated, Prizes!)",xzxxzxz,6263,1732383300,1028,1071
2039,"CodeTON Round 9 (Div. 1 + Div. 2, Rated, Prizes!)",Jian132363,6263,1732383300,941,1031
2039,"CodeTON Round 9 (Div. 1 + Div. 2, Rated, Prizes!)",mr.president,6263,1732383300,1057,1056
2039,"CodeTON Round 9 (Div. 1 + Div. 2, Rated, Prizes!)",yureki3657,6268,1732383300,1200,1164
2039,"CodeTON Round 9 (Div. 1 + Div. 2, Rated, Prizes!)",Thuan_white_hat,6268,1732383300,991,1008
2039,"CodeTON Round 9 (Div. 1 + Div. 2, Rated, Prizes!)",Ludopata,6268,1732383300,1325,1261
2039,"CodeTON Round 9 (Div. 1 + Div. 2, Rated, Prizes!)",wisteria-camellia,6271,1732383300,1072,1067
2039,"CodeTON Round 9 (Div. 1 + Div. 2, Rated, Prizes!)",_SohamK,6271,1732383300,853,978
2039,"CodeTON Round 9 (Div. 1 + Div. 2, Rated, Prizes!)",Lemom,6271,1732383300,1071,1066
2039,"CodeTON Round 9 (Div. 1 + Div. 2, Rated, Prizes!)",aayush2304,6271,1732383300,615,837
2039,"CodeTON Round 9 (Div. 1 + Div. 2, Rated, Prizes!)",RINI,6271,1732383300,1054,1053
2039,"CodeTON Round 9 (Div. 1 + Div. 2, Rated, Prizes!)",giorgustsibius,6276,1732383300,1151,1126
2039,"CodeTON Round 9 (Div. 1 + Div. 2, Rated, Prizes!)",abinjohn2003,6276,1732383300,1008,1020
2039,"CodeTON Round 9 (Div. 1 + Div. 2, Rated, Prizes!)",copycat69,6276,1732383300,0,431
2039,"CodeTON Round 9 (Div. 1 + Div. 2, Rated, Prizes!)",denyschepelyuk,6276,1732383300,1149,1125
2039,"CodeTON Round 9 (Div. 1 + Div. 2, Rated, Prizes!)",night30nk,6280,1732383300,805,880
2039,"CodeTON Round 9 (Div. 1 + Div. 2, Rated, Prizes!)",boob_lick,6280,1732383300,0,431
2039,"CodeTON Round 9 (Div. 1 + Div. 2, Rated, Prizes!)",graspppp,6280,1732383300,896,941
2039,"CodeTON Round 9 (Div. 1 + Div. 2, Rated, Prizes!)",wangchunbin,6283,1732383300,0,431
2039,"CodeTON Round 9 (Div. 1 + Div. 2, Rated, Prizes!)",Radit27GT,6283,1732383300,779,863
2039,"CodeTON Round 9 (Div. 1 + Div. 2, Rated, Prizes!)",Fahim_Gazi,6283,1732383300,828,895
2039,"CodeTON Round 9 (Div. 1 + Div. 2, Rated, Prizes!)",soyboy,6283,1732383300,0,431
2039,"CodeTON Round 9 (Div. 1 + Div. 2, Rated, Prizes!)",Nanromi,6287,1732383300,0,431
2039,"CodeTON Round 9 (Div. 1 + Div. 2, Rated, Prizes!)",Serial_Chiller,6288,1732383300,1100,1087
2039,"CodeTON Round 9 (Div. 1 + Div. 2, Rated, Prizes!)",Minhaz123,6288,1732383300,905,947
2039,"CodeTON Round 9 (Div. 1 + Div. 2, Rated, Prizes!)",frozen_coder,6288,1732383300,991,1084
2039,"CodeTON Round 9 (Div. 1 + Div. 2, Rated, Prizes!)",tinytroubles,6291,1732383300,1180,1186
2039,"CodeTON Round 9 (Div. 1 + Div. 2, Rated, Prizes!)",hasanjakir,6291,1732383300,1220,1179
2039,"CodeTON Round 9 (Div. 1 + Div. 2, Rated, Prizes!)",Deceptive_XO,6293,1732383300,1025,1032
2039,"CodeTON Round 9 (Div. 1 + Div. 2, Rated, Prizes!)",Kai_06,6293,1732383300,0,430
2039,"CodeTON Round 9 (Div. 1 + Div. 2, Rated, Prizes!)",Pavly-Makram,6293,1732383300,1075,1068
2039,"CodeTON Round 9 (Div. 1 + Div. 2, Rated, Prizes!)",qwerty_po,6296,1732383300,1623,1494
2039,"CodeTON Round 9 (Div. 1 + Div. 2, Rated, Prizes!)",tshell,6297,1732383300,1097,1085
2039,"CodeTON Round 9 (Div. 1 + Div. 2, Rated, Prizes!)",manas06,6297,1732383300,1070,1064
2039,"CodeTON Round 9 (Div. 1 + Div. 2, Rated, Prizes!)",bcyz,6299,1732383300,1072,1066
2039,"CodeTON Round 9 (Div. 1 + Div. 2, Rated, Prizes!)",_NabeelAhsan_,6300,1732383300,1122,1104
2039,"CodeTON Round 9 (Div. 1 + Div. 2, Rated, Prizes!)",aliomran,6300,1732383300,952,979
2039,"CodeTON Round 9 (Div. 1 + Div. 2, Rated, Prizes!)",dhaniya_patti,6300,1732383300,990,1006
2039,"CodeTON Round 9 (Div. 1 + Div. 2, Rated, Prizes!)",basakdeepra,6303,1732383300,957,982
2039,"CodeTON Round 9 (Div. 1 + Div. 2, Rated, Prizes!)",LHPxMango,6303,1732383300,1364,1290
2039,"CodeTON Round 9 (Div. 1 + Div. 2, Rated, Prizes!)",.ShadowMan.,6303,1732383300,876,995
2039,"CodeTON Round 9 (Div. 1 + Div. 2, Rated, Prizes!)",Tasin_t,6306,1732383300,372,668
2039,"CodeTON Round 9 (Div. 1 + Div. 2, Rated, Prizes!)",_guess_who_is_back,6306,1732383300,1222,1180
2039,"CodeTON Round 9 (Div. 1 + Div. 2, Rated, Prizes!)",Priyanshu03MM,6306,1732383300,1212,1172
2039,"CodeTON Round 9 (Div. 1 + Div. 2, Rated, Prizes!)",mohitonly,6306,1732383300,1092,1145
2039,"CodeTON Round 9 (Div. 1 + Div. 2, Rated, Prizes!)",timeisvaccum,6306,1732383300,1026,1032
2039,"CodeTON Round 9 (Div. 1 + Div. 2, Rated, Prizes!)",ilove_cp3000,6306,1732383300,962,985
2039,"CodeTON Round 9 (Div. 1 + Div. 2, Rated, Prizes!)",amine_meddeb,6312,1732383300,1184,1150
2039,"CodeTON Round 9 (Div. 1 + Div. 2, Rated, Prizes!)",myhero0382,6312,1732383300,0,430
2039,"CodeTON Round 9 (Div. 1 + Div. 2, Rated, Prizes!)",safin17.8,6312,1732383300,1245,1197
2039,"CodeTON Round 9 (Div. 1 + Div. 2, Rated, Prizes!)",falcZhang,6312,1732383300,1264,1212
2039,"CodeTON Round 9 (Div. 1 + Div. 2, Rated, Prizes!)",trippyruffle,6312,1732383300,1256,1206
2039,"CodeTON Round 9 (Div. 1 + Div. 2, Rated, Prizes!)",Andrey_Tyukh,6312,1732383300,1083,1073
2039,"CodeTON Round 9 (Div. 1 + Div. 2, Rated, Prizes!)",LovesickRaj,6318,1732383300,885,932
2039,"CodeTON Round 9 (Div. 1 + Div. 2, Rated, Prizes!)",greedyX,6318,1732383300,948,976
2039,"CodeTON Round 9 (Div. 1 + Div. 2, Rated, Prizes!)",_j.himansh,6320,1732383300,1015,1023
2039,"CodeTON Round 9 (Div. 1 + Div. 2, Rated, Prizes!)",Awwab_coder123,6321,1732383300,903,944
2039,"CodeTON Round 9 (Div. 1 + Div. 2, Rated, Prizes!)",MrAlastr,6321,1732383300,0,429
2039,"CodeTON Round 9 (Div. 1 + Div. 2, Rated, Prizes!)",Rashed_islam,6321,1732383300,843,903
2039,"CodeTON Round 9 (Div. 1 + Div. 2, Rated, Prizes!)",-NOT,6321,1732383300,857,913
2039,"CodeTON Round 9 (Div. 1 + Div. 2, Rated, Prizes!)",Black_Hole_51,6321,1732383300,1147,1122
2039,"CodeTON Round 9 (Div. 1 + Div. 2, Rated, Prizes!)",debu2211,6326,1732383300,402,691
2039,"CodeTON Round 9 (Div. 1 + Div. 2, Rated, Prizes!)",the_One_and_Only_GAD,6327,1732383300,0,430
2039,"CodeTON Round 9 (Div. 1 + Div. 2, Rated, Prizes!)",_Albaraa_,6327,1732383300,1100,1086
2039,"CodeTON Round 9 (Div. 1 + Div. 2, Rated, Prizes!)",khun_,6327,1732383300,1089,1078
2039,"CodeTON Round 9 (Div. 1 + Div. 2, Rated, Prizes!)",scx1011907,6330,1732383300,1007,1017
2039,"CodeTON Round 9 (Div. 1 + Div. 2, Rated, Prizes!)",y.seledkin,6330,1732383300,0,430
2039,"CodeTON Round 9 (Div. 1 + Div. 2, Rated, Prizes!)",Indocstere,6330,1732383300,1083,1073
2039,"CodeTON Round 9 (Div. 1 + Div. 2, Rated, Prizes!)",dhruvvurhd,6330,1732383300,1228,1184
2039,"CodeTON Round 9 (Div. 1 + Div. 2, Rated, Prizes!)",xhf,6330,1732383300,724,919
2039,"CodeTON Round 9 (Div. 1 + Div. 2, Rated, Prizes!)",Scyth_Kronos,6335,1732383300,1203,1164
2039,"CodeTON Round 9 (Div. 1 + Div. 2, Rated, Prizes!)",archer41156,6335,1732383300,1140,1182
2039,"CodeTON Round 9 (Div. 1 + Div. 2, Rated, Prizes!)",prasannakasar,6337,1732383300,935,966
2039,"CodeTON Round 9 (Div. 1 + Div. 2, Rated, Prizes!)",adityap22,6337,1732383300,0,429
2039,"CodeTON Round 9 (Div. 1 + Div. 2, Rated, Prizes!)",lusakanower,6337,1732383300,1008,1018
2039,"CodeTON Round 9 (Div. 1 + Div. 2, Rated, Prizes!)",SamX64,6340,1732383300,649,861
2039,"CodeTON Round 9 (Div. 1 + Div. 2, Rated, Prizes!)",Vansh_Motwani_IIITH,6340,1732383300,1099,1085
2039,"CodeTON Round 9 (Div. 1 + Div. 2, Rated, Prizes!)",Jahidul_CSE,6340,1732383300,662,789
2039,"CodeTON Round 9 (Div. 1 + Div. 2, Rated, Prizes!)",KartikRathore,6340,1732383300,1128,1107
2039,"CodeTON Round 9 (Div. 1 + Div. 2, Rated, Prizes!)",divyagarg,6344,1732383300,834,896
2039,"CodeTON Round 9 (Div. 1 + Div. 2, Rated, Prizes!)",almt,6344,1732383300,926,959
2039,"CodeTON Round 9 (Div. 1 + Div. 2, Rated, Prizes!)",Coder_zjb,6346,1732383300,670,877
2039,"CodeTON Round 9 (Div. 1 + Div. 2, Rated, Prizes!)",dipta-2003,6346,1732383300,1005,1015
2039,"CodeTON Round 9 (Div. 1 + Div. 2, Rated, Prizes!)",harmlesshulk,6346,1732383300,1457,1362
2039,"CodeTON Round 9 (Div. 1 + Div. 2, Rated, Prizes!)",VicMac,6346,1732383300,1454,1360
2039,"CodeTON Round 9 (Div. 1 + Div. 2, Rated, Prizes!)",charanvelumani,6346,1732383300,1112,1095
2039,"CodeTON Round 9 (Div. 1 + Div. 2, Rated, Prizes!)",Vanh1910,6351,1732383300,1315,1251
2039,"CodeTON Round 9 (Div. 1 + Div. 2, Rated, Prizes!)",Crusader_001,6351,1732383300,1015,1022
2039,"CodeTON Round 9 (Div. 1 + Div. 2, Rated, Prizes!)",Mikhailovna,6351,1732383300,1121,1102
2039,"CodeTON Round 9 (Div. 1 + Div. 2, Rated, Prizes!)",PrashamMehta,6351,1732383300,875,924
2039,"CodeTON Round 9 (Div. 1 + Div. 2, Rated, Prizes!)",Arpita6379,6355,1732383300,776,859
2039,"CodeTON Round 9 (Div. 1 + Div. 2, Rated, Prizes!)",liquidcat,6356,1732383300,382,675
2039,"CodeTON Round 9 (Div. 1 + Div. 2, Rated, Prizes!)",LONEWOLF09,6356,1732383300,1046,1045
2039,"CodeTON Round 9 (Div. 1 + Div. 2, Rated, Prizes!)",MDao,6356,1732383300,465,740
2039,"CodeTON Round 9 (Div. 1 + Div. 2, Rated, Prizes!)",S.A.ALIF,6356,1732383300,991,1005
2039,"CodeTON Round 9 (Div. 1 + Div. 2, Rated, Prizes!)",sahilkumar993277,6360,1732383300,668,875
2039,"CodeTON Round 9 (Div. 1 + Div. 2, Rated, Prizes!)",Hhw48,6360,1732383300,1147,1121
2039,"CodeTON Round 9 (Div. 1 + Div. 2, Rated, Prizes!)",EIR94326,6360,1732383300,1052,1049
2039,"CodeTON Round 9 (Div. 1 + Div. 2, Rated, Prizes!)",liuchengen,6360,1732383300,860,913
2039,"CodeTON Round 9 (Div. 1 + Div. 2, Rated, Prizes!)",Evgenchk,6364,1732383300,1282,1225
2039,"CodeTON Round 9 (Div. 1 + Div. 2, Rated, Prizes!)",lazylemon,6364,1732383300,1106,1090
2039,"CodeTON Round 9 (Div. 1 + Div. 2, Rated, Prizes!)",Snehangshu,6364,1732383300,935,965
2039,"CodeTON Round 9 (Div. 1 + Div. 2, Rated, Prizes!)",zekkrron,6367,1732383300,1173,1140
2039,"CodeTON Round 9 (Div. 1 + Div. 2, Rated, Prizes!)",HanaSoliman,6367,1732383300,1155,1127
2039,"CodeTON Round 9 (Div. 1 + Div. 2, Rated, Prizes!)",JayKushwaha,6367,1732383300,1244,1195
2039,"CodeTON Round 9 (Div. 1 + Div. 2, Rated, Prizes!)",kong_mda,6370,1732383300,1301,1239
2039,"CodeTON Round 9 (Div. 1 + Div. 2, Rated, Prizes!)",vs20_gw,6370,1732383300,1229,1183
2039,"CodeTON Round 9 (Div. 1 + Div. 2, Rated, Prizes!)",Dulal_169,6372,1732383300,1373,1296
2039,"CodeTON Round 9 (Div. 1 + Div. 2, Rated, Prizes!)",Aiyaari,6372,1732383300,0,429
2039,"CodeTON Round 9 (Div. 1 + Div. 2, Rated, Prizes!)",Unique47,6374,1732383300,797,871
2039,"CodeTON Round 9 (Div. 1 + Div. 2, Rated, Prizes!)",notaBot101,6374,1732383300,1251,1200
2039,"CodeTON Round 9 (Div. 1 + Div. 2, Rated, Prizes!)",thnam12,6374,1732383300,1147,1159
2039,"CodeTON Round 9 (Div. 1 + Div. 2, Rated, Prizes!)",Ravindra_Rinwa,6374,1732383300,1278,1221
2039,"CodeTON Round 9 (Div. 1 + Div. 2, Rated, Prizes!)",ur1,6378,1732383300,1046,1108
2039,"CodeTON Round 9 (Div. 1 + Div. 2, Rated, Prizes!)",3shry_mo,6378,1732383300,1266,1212
2039,"CodeTON Round 9 (Div. 1 + Div. 2, Rated, Prizes!)",zaynalabeden223,6380,1732383300,733,884
2039,"CodeTON Round 9 (Div. 1 + Div. 2, Rated, Prizes!)",xod,6380,1732383300,1067,1097
2039,"CodeTON Round 9 (Div. 1 + Div. 2, Rated, Prizes!)",ricezilla35,6382,1732383300,1238,1190
2039,"CodeTON Round 9 (Div. 1 + Div. 2, Rated, Prizes!)",A_Dead_Man,6382,1732383300,947,972
2039,"CodeTON Round 9 (Div. 1 + Div. 2, Rated, Prizes!)",strawHatking,6382,1732383300,989,1080
2039,"CodeTON Round 9 (Div. 1 + Div. 2, Rated, Prizes!)",liusuhang123,6382,1732383300,0,428
2039,"CodeTON Round 9 (Div. 1 + Div. 2, Rated, Prizes!)",Sort0m,6382,1732383300,1505,1400
2039,"CodeTON Round 9 (Div. 1 + Div. 2, Rated, Prizes!)",KanishkGupta2004,6382,1732383300,1097,1082
2039,"CodeTON Round 9 (Div. 1 + Div. 2, Rated, Prizes!)",Euler.,6388,1732383300,1166,1134
2039,"CodeTON Round 9 (Div. 1 + Div. 2, Rated, Prizes!)",NavnitM1611,6388,1732383300,858,911
2039,"CodeTON Round 9 (Div. 1 + Div. 2, Rated, Prizes!)",kamulboyev__diyorbek,6388,1732383300,1202,1162
2039,"CodeTON Round 9 (Div. 1 + Div. 2, Rated, Prizes!)",mamun795,6391,1732383300,933,962
2039,"CodeTON Round 9 (Div. 1 + Div. 2, Rated, Prizes!)",LHkeeper,6391,1732383300,1277,1259
2039,"CodeTON Round 9 (Div. 1 + Div. 2, Rated, Prizes!)",tanemuzzaman0084,6391,1732383300,723,823
2039,"CodeTON Round 9 (Div. 1 + Div. 2, Rated, Prizes!)",Sala_math,6394,1732383300,1159,1129
2039,"CodeTON Round 9 (Div. 1 + Div. 2, Rated, Prizes!)",stevenarellano,6394,1732383300,1110,1157
2039,"CodeTON Round 9 (Div. 1 + Div. 2, Rated, Prizes!)",_SHAHARUK_,6394,1732383300,893,934
2039,"CodeTON Round 9 (Div. 1 + Div. 2, Rated, Prizes!)",vRohith07,6397,1732383300,1070,1126
2039,"CodeTON Round 9 (Div. 1 + Div. 2, Rated, Prizes!)",Barreru_Titor,6397,1732383300,1373,1295
2039,"CodeTON Round 9 (Div. 1 + Div. 2, Rated, Prizes!)",fisherman6a,6397,1732383300,1105,1088
2039,"CodeTON Round 9 (Div. 1 + Div. 2, Rated, Prizes!)",techtrekker,6400,1732383300,1095,1080
2039,"CodeTON Round 9 (Div. 1 + Div. 2, Rated, Prizes!)",luckkk,6400,1732383300,1264,1210
2039,"CodeTON Round 9 (Div. 1 + Div. 2, Rated, Prizes!)",Al_Noman22,6400,1732383300,859,911
2039,"CodeTON Round 9 (Div. 1 + Div. 2, Rated, Prizes!)",nguyenhoangthongnbk2006,6400,1732383300,942,968
2039,"CodeTON Round 9 (Div. 1 + Div. 2, Rated, Prizes!)",Joshi_Y,6404,1732383300,1069,1060
2039,"CodeTON Round 9 (Div. 1 + Div. 2, Rated, Prizes!)",galaxy_kitty,6404,1732383300,1159,1128
2039,"CodeTON Round 9 (Div. 1 + Div. 2, Rated, Prizes!)",BakhtiyarN,6404,1732383300,1009,1016
2039,"CodeTON Round 9 (Div. 1 + Div. 2, Rated, Prizes!)",seb_the_goat,6404,1732383300,450,727
2039,"CodeTON Round 9 (Div. 1 + Div. 2, Rated, Prizes!)",gehadd,6404,1732383300,1013,1019
2039,"CodeTON Round 9 (Div. 1 + Div. 2, Rated, Prizes!)",faritu_23,6404,1732383300,1027,1029
2039,"CodeTON Round 9 (Div. 1 + Div. 2, Rated, Prizes!)",Nishu_Coder,6404,1732383300,844,901
2039,"CodeTON Round 9 (Div. 1 + Div. 2, Rated, Prizes!)",Lunjia0305,6411,1732383300,858,977
2039,"CodeTON Round 9 (Div. 1 + Div. 2, Rated, Prizes!)",Srinivas_379,6411,1732383300,977,993
2039,"CodeTON Round 9 (Div. 1 + Div. 2, Rated, Prizes!)",K32VuThiNgocAnh,6411,1732383300,0,428
2039,"CodeTON Round 9 (Div. 1 + Div. 2, Rated, Prizes!)",dasap,6414,1732383300,1058,1089
2039,"CodeTON Round 9 (Div. 1 + Div. 2, Rated, Prizes!)",pigeon4298,6415,1732383300,1144,1116
2039,"CodeTON Round 9 (Div. 1 + Div. 2, Rated, Prizes!)",AFC2002,6415,1732383300,1041,1039
2039,"CodeTON Round 9 (Div. 1 + Div. 2, Rated, Prizes!)",jadoocoder,6417,1732383300,1114,1094
2039,"CodeTON Round 9 (Div. 1 + Div. 2, Rated, Prizes!)",Arun_baghel1,6417,1732383300,854,907
2039,"CodeTON Round 9 (Div. 1 + Div. 2, Rated, Prizes!)",Amithhh,6419,1732383300,949,973
2039,"CodeTON Round 9 (Div. 1 + Div. 2, Rated, Prizes!)",zov4ik,6419,1732383300,0,427
2039,"CodeTON Round 9 (Div. 1 + Div. 2, Rated, Prizes!)",target_igm,6419,1732383300,1950,1749
2039,"CodeTON Round 9 (Div. 1 + Div. 2, Rated, Prizes!)",Jaime_012,6419,1732383300,1144,1116
2039,"CodeTON Round 9 (Div. 1 + Div. 2, Rated, Prizes!)",Ay1n_Das,6419,1732383300,1190,1152
2039,"CodeTON Round 9 (Div. 1 + Div. 2, Rated, Prizes!)",Turkeyy,6419,1732383300,1106,1088
2039,"CodeTON Round 9 (Div. 1 + Div. 2, Rated, Prizes!)",padmendray30,6425,1732383300,0,427
2039,"CodeTON Round 9 (Div. 1 + Div. 2, Rated, Prizes!)",xkcda,6425,1732383300,1068,1059
2039,"CodeTON Round 9 (Div. 1 + Div. 2, Rated, Prizes!)",shadowcase,6427,1732383300,1023,1025
2039,"CodeTON Round 9 (Div. 1 + Div. 2, Rated, Prizes!)",maffiozz0,6427,1732383300,626,841
2039,"CodeTON Round 9 (Div. 1 + Div. 2, Rated, Prizes!)",unicorn_150,6427,1732383300,805,937
2039,"CodeTON Round 9 (Div. 1 + Div. 2, Rated, Prizes!)",Devblitz,6427,1732383300,1292,1231
2039,"CodeTON Round 9 (Div. 1 + Div. 2, Rated, Prizes!)",EQUILIBRIUM17,6431,1732383300,908,1001
2039,"CodeTON Round 9 (Div. 1 + Div. 2, Rated, Prizes!)",MathModel,6432,1732383300,1084,1070
2039,"CodeTON Round 9 (Div. 1 + Div. 2, Rated, Prizes!)",adawfafawf,6432,1732383300,674,791
2039,"CodeTON Round 9 (Div. 1 + Div. 2, Rated, Prizes!)",sadaf,6432,1732383300,929,958
2039,"CodeTON Round 9 (Div. 1 + Div. 2, Rated, Prizes!)",One_Head,6435,1732383300,1138,1112
2039,"CodeTON Round 9 (Div. 1 + Div. 2, Rated, Prizes!)",lyl_ccut,6436,1732383300,984,996
2039,"CodeTON Round 9 (Div. 1 + Div. 2, Rated, Prizes!)",praveenguptaa,6436,1732383300,990,1001
2039,"CodeTON Round 9 (Div. 1 + Div. 2, Rated, Prizes!)",vimalathithan17,6436,1732383300,377,669
2039,"CodeTON Round 9 (Div. 1 + Div. 2, Rated, Prizes!)",Varshith127,6436,1732383300,1120,1098
2039,"CodeTON Round 9 (Div. 1 + Div. 2, Rated, Prizes!)",cjd666,6440,1732383300,867,971
2039,"CodeTON Round 9 (Div. 1 + Div. 2, Rated, Prizes!)",tamal_kanti123,6441,1732383300,966,984
2039,"CodeTON Round 9 (Div. 1 + Div. 2, Rated, Prizes!)",shiloh69420,6441,1732383300,1082,1068
2039,"CodeTON Round 9 (Div. 1 + Div. 2, Rated, Prizes!)",kareemalwam,6441,1732383300,908,943
2039,"CodeTON Round 9 (Div. 1 + Div. 2, Rated, Prizes!)",Forbearance,6441,1732383300,630,843
2039,"CodeTON Round 9 (Div. 1 + Div. 2, Rated, Prizes!)",harrySquires123,6445,1732383300,626,840
2039,"CodeTON Round 9 (Div. 1 + Div. 2, Rated, Prizes!)",materekh,6445,1732383300,1641,1505
2039,"CodeTON Round 9 (Div. 1 + Div. 2, Rated, Prizes!)",khansiyam216,6445,1732383300,1015,1019
2039,"CodeTON Round 9 (Div. 1 + Div. 2, Rated, Prizes!)",OrionSour_05,6445,1732383300,412,696
2039,"CodeTON Round 9 (Div. 1 + Div. 2, Rated, Prizes!)",m.olimovvv,6449,1732383300,967,984
2039,"CodeTON Round 9 (Div. 1 + Div. 2, Rated, Prizes!)",ehsanul.karim.talha,6449,1732383300,946,969
2039,"CodeTON Round 9 (Div. 1 + Div. 2, Rated, Prizes!)",omar_abdeen01,6449,1732383300,881,924
2039,"CodeTON Round 9 (Div. 1 + Div. 2, Rated, Prizes!)",Dhruva_2001,6452,1732383300,940,965
2039,"CodeTON Round 9 (Div. 1 + Div. 2, Rated, Prizes!)",Daki-sa,6453,1732383300,1173,1138
2039,"CodeTON Round 9 (Div. 1 + Div. 2, Rated, Prizes!)",_Balerion,6453,1732383300,1260,1205
2039,"CodeTON Round 9 (Div. 1 + Div. 2, Rated, Prizes!)",ysahu,6453,1732383300,1585,1461
2039,"CodeTON Round 9 (Div. 1 + Div. 2, Rated, Prizes!)",0xmar,6453,1732383300,1011,1016
2039,"CodeTON Round 9 (Div. 1 + Div. 2, Rated, Prizes!)",udaycodeforcess,6457,1732383300,810,929
2039,"CodeTON Round 9 (Div. 1 + Div. 2, Rated, Prizes!)",Sarvan_Yaduvanshi_,6457,1732383300,1163,1214
2039,"CodeTON Round 9 (Div. 1 + Div. 2, Rated, Prizes!)",SphericalCow,6457,1732383300,1167,1133
2039,"CodeTON Round 9 (Div. 1 + Div. 2, Rated, Prizes!)",silent_Joy,6460,1732383300,1047,1042
2039,"CodeTON Round 9 (Div. 1 + Div. 2, Rated, Prizes!)",Mohamed_shahata,6460,1732383300,1077,1064
2039,"CodeTON Round 9 (Div. 1 + Div. 2, Rated, Prizes!)",anikpodder,6462,1732383300,1055,1048
2039,"CodeTON Round 9 (Div. 1 + Div. 2, Rated, Prizes!)",Rafsan18,6463,1732383300,1313,1247
2039,"CodeTON Round 9 (Div. 1 + Div. 2, Rated, Prizes!)",mee01,6463,1732383300,1069,1058
2039,"CodeTON Round 9 (Div. 1 + Div. 2, Rated, Prizes!)",Sherma_Thangam_S,6465,1732383300,1093,1076
2039,"CodeTON Round 9 (Div. 1 + Div. 2, Rated, Prizes!)",DARK_CL0UD,6465,1732383300,1022,1024
2039,"CodeTON Round 9 (Div. 1 + Div. 2, Rated, Prizes!)",wck_iipi,6467,1732383300,975,989
2039,"CodeTON Round 9 (Div. 1 + Div. 2, Rated, Prizes!)",nirbhay_singh499,6467,1732383300,1228,1180
2039,"CodeTON Round 9 (Div. 1 + Div. 2, Rated, Prizes!)",Saikot,6469,1732383300,1228,1180
2039,"CodeTON Round 9 (Div. 1 + Div. 2, Rated, Prizes!)",isteak_imon,6469,1732383300,926,1013
2039,"CodeTON Round 9 (Div. 1 + Div. 2, Rated, Prizes!)",amj24,6471,1732383300,1061,1052
2039,"CodeTON Round 9 (Div. 1 + Div. 2, Rated, Prizes!)",Rakib03,6471,1732383300,1051,1044
2039,"CodeTON Round 9 (Div. 1 + Div. 2, Rated, Prizes!)",theminacious,6473,1732383300,1038,1072
2039,"CodeTON Round 9 (Div. 1 + Div. 2, Rated, Prizes!)",CanIcross1700,6473,1732383300,1027,1064
2039,"CodeTON Round 9 (Div. 1 + Div. 2, Rated, Prizes!)",Dada1312,6473,1732383300,812,876
2039,"CodeTON Round 9 (Div. 1 + Div. 2, Rated, Prizes!)",eragon_shadeslayer,6473,1732383300,1189,1149
2039,"CodeTON Round 9 (Div. 1 + Div. 2, Rated, Prizes!)",TheTechieGuy,6477,1732383300,1322,1253
2039,"CodeTON Round 9 (Div. 1 + Div. 2, Rated, Prizes!)",del1990ta,6477,1732383300,1191,1151
2039,"CodeTON Round 9 (Div. 1 + Div. 2, Rated, Prizes!)",wingbuster,6477,1732383300,0,426
2039,"CodeTON Round 9 (Div. 1 + Div. 2, Rated, Prizes!)",SevenRedSuns,6477,1732383300,1065,1055
2039,"CodeTON Round 9 (Div. 1 + Div. 2, Rated, Prizes!)",single_habla,6481,1732383300,750,836
2039,"CodeTON Round 9 (Div. 1 + Div. 2, Rated, Prizes!)",Adarsh_agrahari,6481,1732383300,992,1001
2039,"CodeTON Round 9 (Div. 1 + Div. 2, Rated, Prizes!)",dhsh1975,6483,1732383300,916,947
2039,"CodeTON Round 9 (Div. 1 + Div. 2, Rated, Prizes!)",hyp123321,6483,1732383300,1189,1149
2039,"CodeTON Round 9 (Div. 1 + Div. 2, Rated, Prizes!)",toorisk,6483,1732383300,1117,1094
2039,"CodeTON Round 9 (Div. 1 + Div. 2, Rated, Prizes!)",quandum,6486,1732383300,1293,1230
2039,"CodeTON Round 9 (Div. 1 + Div. 2, Rated, Prizes!)",404-BrainNotFound,6486,1732383300,1173,1137
2039,"CodeTON Round 9 (Div. 1 + Div. 2, Rated, Prizes!)",Miracle75,6486,1732383300,812,876
2039,"CodeTON Round 9 (Div. 1 + Div. 2, Rated, Prizes!)",ritex3_in,6489,1732383300,1091,1074
2039,"CodeTON Round 9 (Div. 1 + Div. 2, Rated, Prizes!)",mdshahriaswapno,6489,1732383300,764,844
2039,"CodeTON Round 9 (Div. 1 + Div. 2, Rated, Prizes!)",dontknow69,6491,1732383300,569,795
2039,"CodeTON Round 9 (Div. 1 + Div. 2, Rated, Prizes!)",Alraaafi,6491,1732383300,1125,1100
2039,"CodeTON Round 9 (Div. 1 + Div. 2, Rated, Prizes!)",Shoutyu,6493,1732383300,964,980
2039,"CodeTON Round 9 (Div. 1 + Div. 2, Rated, Prizes!)",KRATI_AGARWAL,6493,1732383300,652,859
2039,"CodeTON Round 9 (Div. 1 + Div. 2, Rated, Prizes!)",ArseniyLeontev,6493,1732383300,867,969
2039,"CodeTON Round 9 (Div. 1 + Div. 2, Rated, Prizes!)",CP12433,6496,1732383300,1141,1112
2039,"CodeTON Round 9 (Div. 1 + Div. 2, Rated, Prizes!)",star_xiangmy,6497,1732383300,1311,1244
2039,"CodeTON Round 9 (Div. 1 + Div. 2, Rated, Prizes!)",anshul_57,6497,1732383300,903,995
2039,"CodeTON Round 9 (Div. 1 + Div. 2, Rated, Prizes!)",jatinnekela,6497,1732383300,1205,1161
2039,"CodeTON Round 9 (Div. 1 + Div. 2, Rated, Prizes!)",Xia_third,6497,1732383300,0,426
2039,"CodeTON Round 9 (Div. 1 + Div. 2, Rated, Prizes!)",zsh260439,6497,1732383300,584,807
2039,"CodeTON Round 9 (Div. 1 + Div. 2, Rated, Prizes!)",__TAMIM,6497,1732383300,1160,1126
2039,"CodeTON Round 9 (Div. 1 + Div. 2, Rated, Prizes!)",sm_tousif21,6497,1732383300,1041,1036
2039,"CodeTON Round 9 (Div. 1 + Div. 2, Rated, Prizes!)",arsh_kat,6504,1732383300,1032,1029
2039,"CodeTON Round 9 (Div. 1 + Div. 2, Rated, Prizes!)",Abn_elsayed,6504,1732383300,1037,1033
2039,"CodeTON Round 9 (Div. 1 + Div. 2, Rated, Prizes!)",Nogaybica,6504,1732383300,477,745
2039,"CodeTON Round 9 (Div. 1 + Div. 2, Rated, Prizes!)",Calm-Down,6504,1732383300,1226,1177
2039,"CodeTON Round 9 (Div. 1 + Div. 2, Rated, Prizes!)",garv1t_sharma,6508,1732383300,1062,1116
2039,"CodeTON Round 9 (Div. 1 + Div. 2, Rated, Prizes!)",AbdelAchbani,6508,1732383300,593,813
2039,"CodeTON Round 9 (Div. 1 + Div. 2, Rated, Prizes!)",ShivendraDwivedi,6510,1732383300,818,879
2039,"CodeTON Round 9 (Div. 1 + Div. 2, Rated, Prizes!)",lxyqwq,6511,1732383300,631,842
2039,"CodeTON Round 9 (Div. 1 + Div. 2, Rated, Prizes!)",Md.Salam_Uddin,6511,1732383300,1451,1354
2039,"CodeTON Round 9 (Div. 1 + Div. 2, Rated, Prizes!)",Straw_Head,6513,1732383300,799,866
2039,"CodeTON Round 9 (Div. 1 + Div. 2, Rated, Prizes!)",Aditya_Dutta,6513,1732383300,662,866
2039,"CodeTON Round 9 (Div. 1 + Div. 2, Rated, Prizes!)",Happy_awu,6513,1732383300,925,1010
2039,"CodeTON Round 9 (Div. 1 + Div. 2, Rated, Prizes!)",vivek5148,6513,1732383300,357,651
2039,"CodeTON Round 9 (Div. 1 + Div. 2, Rated, Prizes!)",arpitsrivastava529,6517,1732383300,1131,1103
2039,"CodeTON Round 9 (Div. 1 + Div. 2, Rated, Prizes!)",HAWANX,6517,1732383300,1014,1015
2039,"CodeTON Round 9 (Div. 1 + Div. 2, Rated, Prizes!)",Tariful_3.0,6517,1732383300,1039,1034
2039,"CodeTON Round 9 (Div. 1 + Div. 2, Rated, Prizes!)",Gowtham569,6517,1732383300,1161,1126
2039,"CodeTON Round 9 (Div. 1 + Div. 2, Rated, Prizes!)",Fahmida202414081,6521,1732383300,709,862
2039,"CodeTON Round 9 (Div. 1 + Div. 2, Rated, Prizes!)",Mai_The_Hao,6521,1732383300,0,424
2039,"CodeTON Round 9 (Div. 1 + Div. 2, Rated, Prizes!)",Moksh_Jain,6521,1732383300,1000,1005
2039,"CodeTON Round 9 (Div. 1 + Div. 2, Rated, Prizes!)",Sucent,6521,1732383300,360,653
2039,"CodeTON Round 9 (Div. 1 + Div. 2, Rated, Prizes!)",Voronov-Dima_444,6525,1732383300,1401,1314
2039,"CodeTON Round 9 (Div. 1 + Div. 2, Rated, Prizes!)",raisul_rahad,6526,1732383300,1163,1128
2039,"CodeTON Round 9 (Div. 1 + Div. 2, Rated, Prizes!)",NgNhan23A1,6526,1732383300,881,921
2039,"CodeTON Round 9 (Div. 1 + Div. 2, Rated, Prizes!)",Alsidius,6526,1732383300,1080,1065
2039,"CodeTON Round 9 (Div. 1 + Div. 2, Rated, Prizes!)",gtl-1,6529,1732383300,0,425
2039,"CodeTON Round 9 (Div. 1 + Div. 2, Rated, Prizes!)",roys22127,6530,1732383300,1119,1094
2039,"CodeTON Round 9 (Div. 1 + Div. 2, Rated, Prizes!)",wonderfu1,6530,1732383300,612,827
2039,"CodeTON Round 9 (Div. 1 + Div. 2, Rated, Prizes!)",CharTara,6532,1732383300,1043,1101
2039,"CodeTON Round 9 (Div. 1 + Div. 2, Rated, Prizes!)",Sharit_2846,6532,1732383300,1297,1231
2039,"CodeTON Round 9 (Div. 1 + Div. 2, Rated, Prizes!)",Aniket_abhi,6532,1732383300,1039,1034
2039,"CodeTON Round 9 (Div. 1 + Div. 2, Rated, Prizes!)",ossamakhiar,6532,1732383300,915,944
2039,"CodeTON Round 9 (Div. 1 + Div. 2, Rated, Prizes!)",realayush,6536,1732383300,874,986
2039,"CodeTON Round 9 (Div. 1 + Div. 2, Rated, Prizes!)",ramjatan1154,6537,1732383300,1183,1143
2039,"CodeTON Round 9 (Div. 1 + Div. 2, Rated, Prizes!)",A-Muhammadali,6537,1732383300,577,800
2039,"CodeTON Round 9 (Div. 1 + Div. 2, Rated, Prizes!)",stasemv,6539,1732383300,1509,1398
2039,"CodeTON Round 9 (Div. 1 + Div. 2, Rated, Prizes!)",hs5842501,6539,1732383300,974,986
2039,"CodeTON Round 9 (Div. 1 + Div. 2, Rated, Prizes!)",kianaFakhrian,6539,1732383300,780,914
2039,"CodeTON Round 9 (Div. 1 + Div. 2, Rated, Prizes!)",Chen_HaiBing,6542,1732383300,1003,1086
2039,"CodeTON Round 9 (Div. 1 + Div. 2, Rated, Prizes!)",__LOOP__,6542,1732383300,1230,1179
2039,"CodeTON Round 9 (Div. 1 + Div. 2, Rated, Prizes!)",Ace_Azimuth_Aviator,6542,1732383300,776,850
2039,"CodeTON Round 9 (Div. 1 + Div. 2, Rated, Prizes!)",Sadasak,6542,1732383300,0,424
2039,"CodeTON Round 9 (Div. 1 + Div. 2, Rated, Prizes!)",komilovme,6546,1732383300,0,424
2039,"CodeTON Round 9 (Div. 1 + Div. 2, Rated, Prizes!)",Haagen-Dazsta,6547,1732383300,0,424
2039,"CodeTON Round 9 (Div. 1 + Div. 2, Rated, Prizes!)",V.A.V,6548,1732383300,1352,1274
2039,"CodeTON Round 9 (Div. 1 + Div. 2, Rated, Prizes!)",H.YUN.SS,6549,1732383300,1045,1037
2039,"CodeTON Round 9 (Div. 1 + Div. 2, Rated, Prizes!)",Shizuka2,6550,1732383300,1010,1011
2039,"CodeTON Round 9 (Div. 1 + Div. 2, Rated, Prizes!)",jainWin,6550,1732383300,838,891
2039,"CodeTON Round 9 (Div. 1 + Div. 2, Rated, Prizes!)",embeddedcoder,6552,1732383300,866,910
2039,"CodeTON Round 9 (Div. 1 + Div. 2, Rated, Prizes!)",lucifer3.1415,6553,1732383300,884,922
2039,"CodeTON Round 9 (Div. 1 + Div. 2, Rated, Prizes!)",Crmej,6554,1732383300,1073,1058
2039,"CodeTON Round 9 (Div. 1 + Div. 2, Rated, Prizes!)",parinavputhran,6555,1732383300,916,944
2039,"CodeTON Round 9 (Div. 1 + Div. 2, Rated, Prizes!)",nik._.ali,6555,1732383300,888,982
2039,"CodeTON Round 9 (Div. 1 + Div. 2, Rated, Prizes!)",danimania,6555,1732383300,1042,1035
2039,"CodeTON Round 9 (Div. 1 + Div. 2, Rated, Prizes!)",Asfak027,6555,1732383300,1279,1217
2039,"CodeTON Round 9 (Div. 1 + Div. 2, Rated, Prizes!)",Twenty_999,6555,1732383300,593,811
2039,"CodeTON Round 9 (Div. 1 + Div. 2, Rated, Prizes!)",sravanchaitanya,6560,1732383300,1115,1090
2039,"CodeTON Round 9 (Div. 1 + Div. 2, Rated, Prizes!)",KAREYEV,6560,1732383300,1158,1123
2039,"CodeTON Round 9 (Div. 1 + Div. 2, Rated, Prizes!)",martoartoparto,6562,1732383300,849,966
2039,"CodeTON Round 9 (Div. 1 + Div. 2, Rated, Prizes!)",Jabir_Nayan,6562,1732383300,1164,1127
2039,"CodeTON Round 9 (Div. 1 + Div. 2, Rated, Prizes!)",turjokhan535,6564,1732383300,1005,1007
2039,"CodeTON Round 9 (Div. 1 + Div. 2, Rated, Prizes!)",FreeGaza,6564,1732383300,0,424
2039,"CodeTON Round 9 (Div. 1 + Div. 2, Rated, Prizes!)",AsterAche,6566,1732383300,444,718
2039,"CodeTON Round 9 (Div. 1 + Div. 2, Rated, Prizes!)",AniruddhSaraf,6567,1732383300,884,922
2039,"CodeTON Round 9 (Div. 1 + Div. 2, Rated, Prizes!)",AtulKS,6568,1732383300,1182,1141
2039,"CodeTON Round 9 (Div. 1 + Div. 2, Rated, Prizes!)",Marwanthe0,6568,1732383300,1043,1035
2039,"CodeTON Round 9 (Div. 1 + Div. 2, Rated, Prizes!)",shubhamdhingra2003,6570,1732383300,1046,1037
2039,"CodeTON Round 9 (Div. 1 + Div. 2, Rated, Prizes!)",Whusyki,6570,1732383300,900,1005
2039,"CodeTON Round 9 (Div. 1 + Div. 2, Rated, Prizes!)",RichaMishra,6570,1732383300,1074,1059
2039,"CodeTON Round 9 (Div. 1 + Div. 2, Rated, Prizes!)",devu_2k6,6570,1732383300,1080,1063
2039,"CodeTON Round 9 (Div. 1 + Div. 2, Rated, Prizes!)",maimot,6574,1732383300,503,685
2039,"CodeTON Round 9 (Div. 1 + Div. 2, Rated, Prizes!)",dev99P,6574,1732383300,1278,1216
2039,"CodeTON Round 9 (Div. 1 + Div. 2, Rated, Prizes!)",Zenitsu_Agatsuma.,6574,1732383300,1150,1117
2039,"CodeTON Round 9 (Div. 1 + Div. 2, Rated, Prizes!)",Godbot,6577,1732383300,0,423
2039,"CodeTON Round 9 (Div. 1 + Div. 2, Rated, Prizes!)",Stereo_Heart,6578,1732383300,849,897
2039,"CodeTON Round 9 (Div. 1 + Div. 2, Rated, Prizes!)",SIAM_809,6578,1732383300,851,898
2039,"CodeTON Round 9 (Div. 1 + Div. 2, Rated, Prizes!)",thalaforareason7,6578,1732383300,1478,1373
2039,"CodeTON Round 9 (Div. 1 + Div. 2, Rated, Prizes!)",jsph,6578,1732383300,838,957
2039,"CodeTON Round 9 (Div. 1 + Div. 2, Rated, Prizes!)",Tortuga37,6582,1732383300,918,980
2039,"CodeTON Round 9 (Div. 1 + Div. 2, Rated, Prizes!)",arupratandey,6582,1732383300,1040,1032
2039,"CodeTON Round 9 (Div. 1 + Div. 2, Rated, Prizes!)",parekh,6582,1732383300,878,988
2039,"CodeTON Round 9 (Div. 1 + Div. 2, Rated, Prizes!)",Sajjad_Jisun,6585,1732383300,902,933
2039,"CodeTON Round 9 (Div. 1 + Div. 2, Rated, Prizes!)",THE_GOAT_coder,6585,1732383300,1257,1199
2039,"CodeTON Round 9 (Div. 1 + Div. 2, Rated, Prizes!)",adilakhmetov,6585,1732383300,0,423
2039,"CodeTON Round 9 (Div. 1 + Div. 2, Rated, Prizes!)",ALingyyDs,6588,1732383300,861,974
2039,"CodeTON Round 9 (Div. 1 + Div. 2, Rated, Prizes!)",Fox24,6589,1732383300,1129,1100
2039,"CodeTON Round 9 (Div. 1 + Div. 2, Rated, Prizes!)",zhuzk,6589,1732383300,439,713
2039,"CodeTON Round 9 (Div. 1 + Div. 2, Rated, Prizes!)",cookheisenberg,6589,1732383300,789,856
2039,"CodeTON Round 9 (Div. 1 + Div. 2, Rated, Prizes!)",Lilith_Shadeimp,6589,1732383300,1049,1039
2039,"CodeTON Round 9 (Div. 1 + Div. 2, Rated, Prizes!)",zihad535,6589,1732383300,825,880
2039,"CodeTON Round 9 (Div. 1 + Div. 2, Rated, Prizes!)",prembansal,6594,1732383300,1052,1041
2039,"CodeTON Round 9 (Div. 1 + Div. 2, Rated, Prizes!)",Avto11,6595,1732383300,805,867
2039,"CodeTON Round 9 (Div. 1 + Div. 2, Rated, Prizes!)",thod,6596,1732383300,1116,1090
2039,"CodeTON Round 9 (Div. 1 + Div. 2, Rated, Prizes!)",Hacker_Dt,6596,1732383300,1072,1056
2039,"CodeTON Round 9 (Div. 1 + Div. 2, Rated, Prizes!)",Godelian,6598,1732383300,811,936
2039,"CodeTON Round 9 (Div. 1 + Div. 2, Rated, Prizes!)",zy233,6599,1732383300,763,840
2039,"CodeTON Round 9 (Div. 1 + Div. 2, Rated, Prizes!)",GordenSoul,6600,1732383300,1154,1119
2039,"CodeTON Round 9 (Div. 1 + Div. 2, Rated, Prizes!)",TAMIM_CSE_53,6600,1732383300,1109,1084
2039,"CodeTON Round 9 (Div. 1 + Div. 2, Rated, Prizes!)",dhaw4l,6600,1732383300,1065,1050
2039,"CodeTON Round 9 (Div. 1 + Div. 2, Rated, Prizes!)",Dima_1171,6603,1732383300,509,768
2039,"CodeTON Round 9 (Div. 1 + Div. 2, Rated, Prizes!)",PrinceSingh1005,6604,1732383300,996,999
2039,"CodeTON Round 9 (Div. 1 + Div. 2, Rated, Prizes!)",singhal1808,6604,1732383300,1170,1198
2039,"CodeTON Round 9 (Div. 1 + Div. 2, Rated, Prizes!)",Hasan_K_Shama,6604,1732383300,1165,1127
2039,"CodeTON Round 9 (Div. 1 + Div. 2, Rated, Prizes!)",_MH_,6607,1732383300,966,977
2039,"CodeTON Round 9 (Div. 1 + Div. 2, Rated, Prizes!)",BabyKehdi_Jaguar_LELO,6607,1732383300,821,876
2039,"CodeTON Round 9 (Div. 1 + Div. 2, Rated, Prizes!)",vicky168,6607,1732383300,1112,1086
2039,"CodeTON Round 9 (Div. 1 + Div. 2, Rated, Prizes!)",abdul-alim,6610,1732383300,999,1001
2039,"CodeTON Round 9 (Div. 1 + Div. 2, Rated, Prizes!)",porkBarrel,6611,1732383300,940,995
2039,"CodeTON Round 9 (Div. 1 + Div. 2, Rated, Prizes!)",pTaran17,6611,1732383300,916,942
2039,"CodeTON Round 9 (Div. 1 + Div. 2, Rated, Prizes!)",stranger2004,6613,1732383300,974,983
2039,"CodeTON Round 9 (Div. 1 + Div. 2, Rated, Prizes!)",_Looper_,6613,1732383300,1025,1020
2039,"CodeTON Round 9 (Div. 1 + Div. 2, Rated, Prizes!)",atik7788,6615,1732383300,944,961
2039,"CodeTON Round 9 (Div. 1 + Div. 2, Rated, Prizes!)",kira_007,6616,1732383300,1364,1282
2039,"CodeTON Round 9 (Div. 1 + Div. 2, Rated, Prizes!)",pawanrock5756,6616,1732383300,1269,1208
2039,"CodeTON Round 9 (Div. 1 + Div. 2, Rated, Prizes!)",darsh_sodani007,6618,1732383300,606,820
2039,"CodeTON Round 9 (Div. 1 + Div. 2, Rated, Prizes!)",EnAnsari,6618,1732383300,1200,1154
2039,"CodeTON Round 9 (Div. 1 + Div. 2, Rated, Prizes!)",lukinalexey,6620,1732383300,1085,1065
2039,"CodeTON Round 9 (Div. 1 + Div. 2, Rated, Prizes!)",AMIN_AL_ISLAM,6620,1732383300,787,854
2039,"CodeTON Round 9 (Div. 1 + Div. 2, Rated, Prizes!)",happyglitch,6620,1732383300,0,422
2039,"CodeTON Round 9 (Div. 1 + Div. 2, Rated, Prizes!)",rahulgavhar,6623,1732383300,1014,1012
2039,"CodeTON Round 9 (Div. 1 + Div. 2, Rated, Prizes!)",catci142,6624,1732383300,690,885
2039,"CodeTON Round 9 (Div. 1 + Div. 2, Rated, Prizes!)",suvrodroy_,6625,1732383300,452,723
2039,"CodeTON Round 9 (Div. 1 + Div. 2, Rated, Prizes!)",vetruvian_,6625,1732383300,1042,1032
2039,"CodeTON Round 9 (Div. 1 + Div. 2, Rated, Prizes!)",NII00K,6627,1732383300,1090,1069
2039,"CodeTON Round 9 (Div. 1 + Div. 2, Rated, Prizes!)",ratio_golden,6627,1732383300,420,697
2039,"CodeTON Round 9 (Div. 1 + Div. 2, Rated, Prizes!)",wbhhabib,6629,1732383300,844,892
2039,"CodeTON Round 9 (Div. 1 + Div. 2, Rated, Prizes!)",yemos,6629,1732383300,400,682
2039,"CodeTON Round 9 (Div. 1 + Div. 2, Rated, Prizes!)",vladdobro07,6631,1732383300,675,873
2039,"CodeTON Round 9 (Div. 1 + Div. 2, Rated, Prizes!)",oreshn1k,6631,1732383300,741,824
2039,"CodeTON Round 9 (Div. 1 + Div. 2, Rated, Prizes!)",LONGTIANYI,6633,1732383300,896,1000
2039,"CodeTON Round 9 (Div. 1 + Div. 2, Rated, Prizes!)",Tomke,6634,1732383300,1496,1386
2039,"CodeTON Round 9 (Div. 1 + Div. 2, Rated, Prizes!)",kman_ish,6635,1732383300,649,853
2039,"CodeTON Round 9 (Div. 1 + Div. 2, Rated, Prizes!)",Hemonto839,6635,1732383300,978,985
2039,"CodeTON Round 9 (Div. 1 + Div. 2, Rated, Prizes!)",De3b0o,6637,1732383300,1724,1566
2039,"CodeTON Round 9 (Div. 1 + Div. 2, Rated, Prizes!)",NandosIsOk,6638,1732383300,812,869
2039,"CodeTON Round 9 (Div. 1 + Div. 2, Rated, Prizes!)",xyron,6638,1732383300,669,867
2039,"CodeTON Round 9 (Div. 1 + Div. 2, Rated, Prizes!)",Kyrillos_Ashraf,6638,1732383300,1295,1227
2039,"CodeTON Round 9 (Div. 1 + Div. 2, Rated, Prizes!)",Aniyadream,6641,1732383300,971,980
2039,"CodeTON Round 9 (Div. 1 + Div. 2, Rated, Prizes!)",ghazal.falah.lary..,6642,1732383300,1045,1034
2039,"CodeTON Round 9 (Div. 1 + Div. 2, Rated, Prizes!)",Satyam_yadav,6643,1732383300,1044,1033
2039,"CodeTON Round 9 (Div. 1 + Div. 2, Rated, Prizes!)",john_coding_as_learning,6643,1732383300,1039,1029
2039,"CodeTON Round 9 (Div. 1 + Div. 2, Rated, Prizes!)",RikiSabe,6645,1732383300,1496,1386
2039,"CodeTON Round 9 (Div. 1 + Div. 2, Rated, Prizes!)",_isomorphism,6646,1732383300,484,747
2039,"CodeTON Round 9 (Div. 1 + Div. 2, Rated, Prizes!)",Legerdemain,6646,1732383300,0,422
2039,"CodeTON Round 9 (Div. 1 + Div. 2, Rated, Prizes!)",yaghyesh52,6648,1732383300,1005,1004
2039,"CodeTON Round 9 (Div. 1 + Div. 2, Rated, Prizes!)",ahmadilloahmatov555,6649,1732383300,0,422
2039,"CodeTON Round 9 (Div. 1 + Div. 2, Rated, Prizes!)",killeraa,6649,1732383300,793,856
2039,"CodeTON Round 9 (Div. 1 + Div. 2, Rated, Prizes!)",shivampratap54451,6651,1732383300,868,978
2039,"CodeTON Round 9 (Div. 1 + Div. 2, Rated, Prizes!)",kdshankit11058,6652,1732383300,1034,1025
2039,"CodeTON Round 9 (Div. 1 + Div. 2, Rated, Prizes!)",samuel_18hirut,6652,1732383300,976,983
2039,"CodeTON Round 9 (Div. 1 + Div. 2, Rated, Prizes!)",titanslayer2746,6652,1732383300,999,1000
2039,"CodeTON Round 9 (Div. 1 + Div. 2, Rated, Prizes!)",leoasd,6655,1732383300,0,421
2039,"CodeTON Round 9 (Div. 1 + Div. 2, Rated, Prizes!)",feitiandog,6656,1732383300,841,943
2039,"CodeTON Round 9 (Div. 1 + Div. 2, Rated, Prizes!)",Pirates__,6656,1732383300,1222,1170
2039,"CodeTON Round 9 (Div. 1 + Div. 2, Rated, Prizes!)",chi_hiro,6658,1732383300,1007,1005
2039,"CodeTON Round 9 (Div. 1 + Div. 2, Rated, Prizes!)",sgaskdgakjldshga,6658,1732383300,953,966
2039,"CodeTON Round 9 (Div. 1 + Div. 2, Rated, Prizes!)",ldorado534,6658,1732383300,992,994
2039,"CodeTON Round 9 (Div. 1 + Div. 2, Rated, Prizes!)",QKnot,6661,1732383300,780,847
2039,"CodeTON Round 9 (Div. 1 + Div. 2, Rated, Prizes!)",RahulBisht,6661,1732383300,904,931
2039,"CodeTON Round 9 (Div. 1 + Div. 2, Rated, Prizes!)",ArminAmirfatahi,6663,1732383300,1037,1092
2039,"CodeTON Round 9 (Div. 1 + Div. 2, Rated, Prizes!)",radwk21,6663,1732383300,1176,1134
2039,"CodeTON Round 9 (Div. 1 + Div. 2, Rated, Prizes!)",hussainbastamia,6663,1732383300,1135,1102
2039,"CodeTON Round 9 (Div. 1 + Div. 2, Rated, Prizes!)",cxg11,6666,1732383300,1017,1012
2039,"CodeTON Round 9 (Div. 1 + Div. 2, Rated, Prizes!)",hand-kerchief,6667,1732383300,663,773
2039,"CodeTON Round 9 (Div. 1 + Div. 2, Rated, Prizes!)",NielChristian,6667,1732383300,935,1014
2039,"CodeTON Round 9 (Div. 1 + Div. 2, Rated, Prizes!)",stuti_sharma_03,6669,1732383300,0,421
2039,"CodeTON Round 9 (Div. 1 + Div. 2, Rated, Prizes!)",Ayushman01,6669,1732383300,1009,1006
2039,"CodeTON Round 9 (Div. 1 + Div. 2, Rated, Prizes!)",Iktear,6669,1732383300,1175,1133
2039,"CodeTON Round 9 (Div. 1 + Div. 2, Rated, Prizes!)",Msol,6672,1732383300,1073,1055
2039,"CodeTON Round 9 (Div. 1 + Div. 2, Rated, Prizes!)",Sohan_,6672,1732383300,926,946
2039,"CodeTON Round 9 (Div. 1 + Div. 2, Rated, Prizes!)",rishank.goyal,6674,1732383300,940,1081
2039,"CodeTON Round 9 (Div. 1 + Div. 2, Rated, Prizes!)",STARS_RAY56,6675,1732383300,798,859
2039,"CodeTON Round 9 (Div. 1 + Div. 2, Rated, Prizes!)",jubair7,6675,1732383300,1224,1171
2039,"CodeTON Round 9 (Div. 1 + Div. 2, Rated, Prizes!)",Q1anAnAn,6675,1732383300,1045,1071
2039,"CodeTON Round 9 (Div. 1 + Div. 2, Rated, Prizes!)",Drkway,6678,1732383300,1003,1002
2039,"CodeTON Round 9 (Div. 1 + Div. 2, Rated, Prizes!)",Baconguy228,6678,1732383300,357,646
2039,"CodeTON Round 9 (Div. 1 + Div. 2, Rated, Prizes!)",Chomachok,6678,1732383300,1069,1051
2039,"CodeTON Round 9 (Div. 1 + Div. 2, Rated, Prizes!)",rkaiser,6678,1732383300,1004,1003
2039,"CodeTON Round 9 (Div. 1 + Div. 2, Rated, Prizes!)",BISMILLAHIRRAHMANIRRAHIM,6678,1732383300,1237,1181
2039,"CodeTON Round 9 (Div. 1 + Div. 2, Rated, Prizes!)",RickAstley69,6678,1732383300,504,762
2039,"CodeTON Round 9 (Div. 1 + Div. 2, Rated, Prizes!)",Shafi705,6684,1732383300,829,879
2039,"CodeTON Round 9 (Div. 1 + Div. 2, Rated, Prizes!)",ty23nlcwhxz,6685,1732383300,1042,1030
2039,"CodeTON Round 9 (Div. 1 + Div. 2, Rated, Prizes!)",mahbub14,6686,1732383300,1003,1001
2039,"CodeTON Round 9 (Div. 1 + Div. 2, Rated, Prizes!)",malformed,6686,1732383300,965,974
2039,"CodeTON Round 9 (Div. 1 + Div. 2, Rated, Prizes!)",ammar011,6686,1732383300,844,889
2039,"CodeTON Round 9 (Div. 1 + Div. 2, Rated, Prizes!)",humanityio,6689,1732383300,379,663
2039,"CodeTON Round 9 (Div. 1 + Div. 2, Rated, Prizes!)",LanternCX,6689,1732383300,1066,1114
2039,"CodeTON Round 9 (Div. 1 + Div. 2, Rated, Prizes!)",ravshanbe,6689,1732383300,0,421
2039,"CodeTON Round 9 (Div. 1 + Div. 2, Rated, Prizes!)",HoshinoAkuamarin,6692,1732383300,1026,1018
2039,"CodeTON Round 9 (Div. 1 + Div. 2, Rated, Prizes!)",Dior_Ezboll,6693,1732383300,1164,1123
2039,"CodeTON Round 9 (Div. 1 + Div. 2, Rated, Prizes!)",Jahid_19,6694,1732383300,823,875
2039,"CodeTON Round 9 (Div. 1 + Div. 2, Rated, Prizes!)",Zenitsu_40,6694,1732383300,820,873
2039,"CodeTON Round 9 (Div. 1 + Div. 2, Rated, Prizes!)",norcx,6694,1732383300,0,420
2039,"CodeTON Round 9 (Div. 1 + Div. 2, Rated, Prizes!)",Izumi_3900,6694,1732383300,1024,1054
2039,"CodeTON Round 9 (Div. 1 + Div. 2, Rated, Prizes!)",oktamov_shohjahon,6694,1732383300,748,825
2039,"CodeTON Round 9 (Div. 1 + Div. 2, Rated, Prizes!)",echikawa,6694,1732383300,934,951
2039,"CodeTON Round 9 (Div. 1 + Div. 2, Rated, Prizes!)",Timur_Latypov2186,6700,1732383300,911,934
2039,"CodeTON Round 9 (Div. 1 + Div. 2, Rated, Prizes!)",Instu,6701,1732383300,1218,1165
2039,"CodeTON Round 9 (Div. 1 + Div. 2, Rated, Prizes!)",hujiale,6701,1732383300,1126,1094
2039,"CodeTON Round 9 (Div. 1 + Div. 2, Rated, Prizes!)",vaibhavyadavv32,6703,1732383300,1122,1091
2039,"CodeTON Round 9 (Div. 1 + Div. 2, Rated, Prizes!)",YassaTalaat101,6703,1732383300,747,927
2039,"CodeTON Round 9 (Div. 1 + Div. 2, Rated, Prizes!)",DigiTalDreamar,6705,1732383300,1005,1002
2039,"CodeTON Round 9 (Div. 1 + Div. 2, Rated, Prizes!)",Kokomi1,6706,1732383300,367,653
2039,"CodeTON Round 9 (Div. 1 + Div. 2, Rated, Prizes!)",alphasb556,6706,1732383300,1082,1060
2039,"CodeTON Round 9 (Div. 1 + Div. 2, Rated, Prizes!)",Tesss,6708,1732383300,688,881
2039,"CodeTON Round 9 (Div. 1 + Div. 2, Rated, Prizes!)",AA7med_N3GEH,6709,1732383300,1141,1105
2039,"CodeTON Round 9 (Div. 1 + Div. 2, Rated, Prizes!)",t9unkubj,6709,1732383300,2287,2022
2039,"CodeTON Round 9 (Div. 1 + Div. 2, Rated, Prizes!)",YumYumYum,6709,1732383300,0,420
2039,"CodeTON Round 9 (Div. 1 + Div. 2, Rated, Prizes!)",AlgoAce_4C3,6712,1732383300,795,855
2039,"CodeTON Round 9 (Div. 1 + Div. 2, Rated, Prizes!)",Aerysaint,6713,1732383300,1081,1060
2039,"CodeTON Round 9 (Div. 1 + Div. 2, Rated, Prizes!)",pomposka,6714,1732383300,0,420
2039,"CodeTON Round 9 (Div. 1 + Div. 2, Rated, Prizes!)",bitcoder23,6715,1732383300,1128,1134
2039,"CodeTON Round 9 (Div. 1 + Div. 2, Rated, Prizes!)",samsonite,6716,1732383300,963,971
2039,"CodeTON Round 9 (Div. 1 + Div. 2, Rated, Prizes!)",s_h_rudra88,6716,1732383300,955,965
2039,"CodeTON Round 9 (Div. 1 + Div. 2, Rated, Prizes!)",kingfisher-2,6716,1732383300,948,960
2039,"CodeTON Round 9 (Div. 1 + Div. 2, Rated, Prizes!)",goddddgg,6716,1732383300,419,694
2039,"CodeTON Round 9 (Div. 1 + Div. 2, Rated, Prizes!)",sharma.d.hirdesh,6720,1732383300,1328,1251
2039,"CodeTON Round 9 (Div. 1 + Div. 2, Rated, Prizes!)",green_lucozade,6721,1732383300,1028,1019
2039,"CodeTON Round 9 (Div. 1 + Div. 2, Rated, Prizes!)",Surya__1234,6721,1732383300,1320,1332
2039,"CodeTON Round 9 (Div. 1 + Div. 2, Rated, Prizes!)",aditya2105,6721,1732383300,951,1041
2039,"CodeTON Round 9 (Div. 1 + Div. 2, Rated, Prizes!)",ragibmondal,6724,1732383300,1085,1128
2039,"CodeTON Round 9 (Div. 1 + Div. 2, Rated, Prizes!)",codetheus,6724,1732383300,1039,1027
2039,"CodeTON Round 9 (Div. 1 + Div. 2, Rated, Prizes!)",Yumi0606,6724,1732383300,645,847
2039,"CodeTON Round 9 (Div. 1 + Div. 2, Rated, Prizes!)",jayeshjoshi2005,6727,1732383300,1054,1038
2039,"CodeTON Round 9 (Div. 1 + Div. 2, Rated, Prizes!)",M.N0ThinG,6728,1732383300,1114,1084
2039,"CodeTON Round 9 (Div. 1 + Div. 2, Rated, Prizes!)",JB__,6728,1732383300,818,937
2039,"CodeTON Round 9 (Div. 1 + Div. 2, Rated, Prizes!)",Pop_951,6728,1732383300,1073,1053
2039,"CodeTON Round 9 (Div. 1 + Div. 2, Rated, Prizes!)",Himanshu_Bisht_,6731,1732383300,860,898
2039,"CodeTON Round 9 (Div. 1 + Div. 2, Rated, Prizes!)",otuka,6732,1732383300,1555,1430
2039,"CodeTON Round 9 (Div. 1 + Div. 2, Rated, Prizes!)",xyz_mc1234,6733,1732383300,865,959
2039,"CodeTON Round 9 (Div. 1 + Div. 2, Rated, Prizes!)",ShuOverflow,6734,1732383300,933,949
2039,"CodeTON Round 9 (Div. 1 + Div. 2, Rated, Prizes!)",Imtiaz_rafi,6734,1732383300,1006,1002
2039,"CodeTON Round 9 (Div. 1 + Div. 2, Rated, Prizes!)",Jasiek,6734,1732383300,1036,1024
2039,"CodeTON Round 9 (Div. 1 + Div. 2, Rated, Prizes!)",sagarth764,6737,1732383300,845,887
2039,"CodeTON Round 9 (Div. 1 + Div. 2, Rated, Prizes!)",speedtype,6737,1732383300,1159,1118
2039,"CodeTON Round 9 (Div. 1 + Div. 2, Rated, Prizes!)",sc.rora,6739,1732383300,0,419
2039,"CodeTON Round 9 (Div. 1 + Div. 2, Rated, Prizes!)",ayman707,6739,1732383300,1032,1021
2039,"CodeTON Round 9 (Div. 1 + Div. 2, Rated, Prizes!)",himmi_r10,6741,1732383300,1167,1124
2039,"CodeTON Round 9 (Div. 1 + Div. 2, Rated, Prizes!)",hovuviettruong,6742,1732383300,953,963
2039,"CodeTON Round 9 (Div. 1 + Div. 2, Rated, Prizes!)",Siaospeed,6743,1732383300,1070,1050
2039,"CodeTON Round 9 (Div. 1 + Div. 2, Rated, Prizes!)",swingky5654,6744,1732383300,1141,1104
2039,"CodeTON Round 9 (Div. 1 + Div. 2, Rated, Prizes!)",Amirmotk,6745,1732383300,1000,997
2039,"CodeTON Round 9 (Div. 1 + Div. 2, Rated, Prizes!)",amrit_raj_27,6745,1732383300,1078,1056
2039,"CodeTON Round 9 (Div. 1 + Div. 2, Rated, Prizes!)",CS230832,6747,1732383300,0,419
2039,"CodeTON Round 9 (Div. 1 + Div. 2, Rated, Prizes!)",testdata1234,6748,1732383300,1101,1073
2039,"CodeTON Round 9 (Div. 1 + Div. 2, Rated, Prizes!)",Panta_Iilisha,6749,1732383300,807,861
2039,"CodeTON Round 9 (Div. 1 + Div. 2, Rated, Prizes!)",HeXagonX95,6749,1732383300,874,980
2039,"CodeTON Round 9 (Div. 1 + Div. 2, Rated, Prizes!)",Jovial_Kanwadia,6751,1732383300,1241,1221
2039,"CodeTON Round 9 (Div. 1 + Div. 2, Rated, Prizes!)",ucupp,6751,1732383300,969,1037
2039,"CodeTON Round 9 (Div. 1 + Div. 2, Rated, Prizes!)",JustWondering1,6753,1732383300,687,784
2039,"CodeTON Round 9 (Div. 1 + Div. 2, Rated, Prizes!)",JHON_THE_DON,6753,1732383300,884,914
2039,"CodeTON Round 9 (Div. 1 + Div. 2, Rated, Prizes!)",DIVYESH_ODEDARA,6755,1732383300,832,878
2039,"CodeTON Round 9 (Div. 1 + Div. 2, Rated, Prizes!)",Alnur7,6755,1732383300,848,888
2039,"CodeTON Round 9 (Div. 1 + Div. 2, Rated, Prizes!)",qianshiyo,6757,1732383300,1021,1012
2039,"CodeTON Round 9 (Div. 1 + Div. 2, Rated, Prizes!)",l000ser,6758,1732383300,810,863
2039,"CodeTON Round 9 (Div. 1 + Div. 2, Rated, Prizes!)",july77351,6759,1732383300,771,900
2039,"CodeTON Round 9 (Div. 1 + Div. 2, Rated, Prizes!)",supahaxxa,6759,1732383300,929,945
2039,"CodeTON Round 9 (Div. 1 + Div. 2, Rated, Prizes!)",nissan_1709,6761,1732383300,1089,1063
2039,"CodeTON Round 9 (Div. 1 + Div. 2, Rated, Prizes!)",_Code_No.Name_,6762,1732383300,1155,1114
2039,"CodeTON Round 9 (Div. 1 + Div. 2, Rated, Prizes!)",Joy4057,6762,1732383300,941,953
2039,"CodeTON Round 9 (Div. 1 + Div. 2, Rated, Prizes!)",qiufengyu,6762,1732383300,825,907
2039,"CodeTON Round 9 (Div. 1 + Div. 2, Rated, Prizes!)",goldybrar,6765,1732383300,1312,1237
2039,"CodeTON Round 9 (Div. 1 + Div. 2, Rated, Prizes!)",good_or_bad,6765,1732383300,1112,1167
2039,"CodeTON Round 9 (Div. 1 + Div. 2, Rated, Prizes!)",amalia.g,6765,1732383300,943,955
2039,"CodeTON Round 9 (Div. 1 + Div. 2, Rated, Prizes!)",Zpk9blm,6768,1732383300,1241,1181
2039,"CodeTON Round 9 (Div. 1 + Div. 2, Rated, Prizes!)",chotonbarmon3,6769,1732383300,1146,1107
2039,"CodeTON Round 9 (Div. 1 + Div. 2, Rated, Prizes!)",lnqi,6769,1732383300,417,692
2039,"CodeTON Round 9 (Div. 1 + Div. 2, Rated, Prizes!)",wish_rajput,6771,1732383300,1474,1365
2039,"CodeTON Round 9 (Div. 1 + Div. 2, Rated, Prizes!)",YasuoGod,6772,1732383300,862,932
2039,"CodeTON Round 9 (Div. 1 + Div. 2, Rated, Prizes!)",ragu.,6772,1732383300,1030,1018
2039,"CodeTON Round 9 (Div. 1 + Div. 2, Rated, Prizes!)",Rupam_09,6772,1732383300,1316,1240
2039,"CodeTON Round 9 (Div. 1 + Div. 2, Rated, Prizes!)",Cocane,6772,1732383300,794,962
2039,"CodeTON Round 9 (Div. 1 + Div. 2, Rated, Prizes!)",___S_O_H_I_D_U_L___,6772,1732383300,756,827
2039,"CodeTON Round 9 (Div. 1 + Div. 2, Rated, Prizes!)",Take,6777,1732383300,911,932
2039,"CodeTON Round 9 (Div. 1 + Div. 2, Rated, Prizes!)",auy7,6778,1732383300,595,806
2039,"CodeTON Round 9 (Div. 1 + Div. 2, Rated, Prizes!)",RxylonOP,6778,1732383300,949,959
2039,"CodeTON Round 9 (Div. 1 + Div. 2, Rated, Prizes!)",philikote,6780,1732383300,1022,1012
2039,"CodeTON Round 9 (Div. 1 + Div. 2, Rated, Prizes!)",mahi_pal,6781,1732383300,870,903
2039,"CodeTON Round 9 (Div. 1 + Div. 2, Rated, Prizes!)",KudoConan,6782,1732383300,1017,1009
2039,"CodeTON Round 9 (Div. 1 + Div. 2, Rated, Prizes!)",SADMAN,6783,1732383300,1011,1003
2039,"CodeTON Round 9 (Div. 1 + Div. 2, Rated, Prizes!)",Vogel04,6783,1732383300,381,662
2039,"CodeTON Round 9 (Div. 1 + Div. 2, Rated, Prizes!)",shubham73,6785,1732383300,948,958
2039,"CodeTON Round 9 (Div. 1 + Div. 2, Rated, Prizes!)",manish_kopparapu,6785,1732383300,1043,1028
2039,"CodeTON Round 9 (Div. 1 + Div. 2, Rated, Prizes!)",the_Ali_mhz,6787,1732383300,1050,1033
2039,"CodeTON Round 9 (Div. 1 + Div. 2, Rated, Prizes!)",ABOELMAGDD,6788,1732383300,972,975
2039,"CodeTON Round 9 (Div. 1 + Div. 2, Rated, Prizes!)",Trumpsunderwear,6788,1732383300,999,995
2039,"CodeTON Round 9 (Div. 1 + Div. 2, Rated, Prizes!)",_infinite_loop,6788,1732383300,889,915
2039,"CodeTON Round 9 (Div. 1 + Div. 2, Rated, Prizes!)",mahmudulsakib2019,6788,1732383300,1064,1044
2039,"CodeTON Round 9 (Div. 1 + Div. 2, Rated, Prizes!)",malharkulkarni2004,6792,1732383300,1074,1051
2039,"CodeTON Round 9 (Div. 1 + Div. 2, Rated, Prizes!)",Heliuss,6793,1732383300,634,836
2039,"CodeTON Round 9 (Div. 1 + Div. 2, Rated, Prizes!)",low_bug,6794,1732383300,825,871
2039,"CodeTON Round 9 (Div. 1 + Div. 2, Rated, Prizes!)",alibaba436,6795,1732383300,487,746
2039,"CodeTON Round 9 (Div. 1 + Div. 2, Rated, Prizes!)",fdgbatarse,6795,1732383300,995,991
2039,"CodeTON Round 9 (Div. 1 + Div. 2, Rated, Prizes!)",xingzhizhu,6795,1732383300,835,934
2039,"CodeTON Round 9 (Div. 1 + Div. 2, Rated, Prizes!)",BakTR,6798,1732383300,1037,1023
2039,"CodeTON Round 9 (Div. 1 + Div. 2, Rated, Prizes!)",Youssef_Ayman,6799,1732383300,1050,1033
2039,"CodeTON Round 9 (Div. 1 + Div. 2, Rated, Prizes!)",Rengoku596,6799,1732383300,356,642
2039,"CodeTON Round 9 (Div. 1 + Div. 2, Rated, Prizes!)",nmerajov,6799,1732383300,842,953
2039,"CodeTON Round 9 (Div. 1 + Div. 2, Rated, Prizes!)",wangzifan,6802,1732383300,786,845
2039,"CodeTON Round 9 (Div. 1 + Div. 2, Rated, Prizes!)",b0nkimch0ndro,6803,1732383300,977,978
2039,"CodeTON Round 9 (Div. 1 + Div. 2, Rated, Prizes!)",Chess_player,6803,1732383300,1008,1001
2039,"CodeTON Round 9 (Div. 1 + Div. 2, Rated, Prizes!)",Vardan_2021110,6805,1732383300,969,972
2039,"CodeTON Round 9 (Div. 1 + Div. 2, Rated, Prizes!)",Realmchan,6806,1732383300,1013,1005
2039,"CodeTON Round 9 (Div. 1 + Div. 2, Rated, Prizes!)",akhil_nakka,6806,1732383300,679,830
2039,"CodeTON Round 9 (Div. 1 + Div. 2, Rated, Prizes!)",MapleCC,6806,1732383300,849,958
2039,"CodeTON Round 9 (Div. 1 + Div. 2, Rated, Prizes!)",Maple_XQ,6809,1732383300,929,943
2039,"CodeTON Round 9 (Div. 1 + Div. 2, Rated, Prizes!)",t122329,6809,1732383300,672,865
2039,"CodeTON Round 9 (Div. 1 + Div. 2, Rated, Prizes!)",ArmandoReyes08,6811,1732383300,927,941
2039,"CodeTON Round 9 (Div. 1 + Div. 2, Rated, Prizes!)",Rdr_Kartik,6812,1732383300,1099,1070
2039,"CodeTON Round 9 (Div. 1 + Div. 2, Rated, Prizes!)",cml2,6813,1732383300,886,971
2039,"CodeTON Round 9 (Div. 1 + Div. 2, Rated, Prizes!)",banikparishmita,6814,1732383300,843,883
2039,"CodeTON Round 9 (Div. 1 + Div. 2, Rated, Prizes!)",115108,6815,1732383300,839,880
2039,"CodeTON Round 9 (Div. 1 + Div. 2, Rated, Prizes!)",_Lost_Cause_,6816,1732383300,1109,1077
2039,"CodeTON Round 9 (Div. 1 + Div. 2, Rated, Prizes!)",liwanling,6816,1732383300,803,855
2039,"CodeTON Round 9 (Div. 1 + Div. 2, Rated, Prizes!)",Enternials,6818,1732383300,875,904
2039,"CodeTON Round 9 (Div. 1 + Div. 2, Rated, Prizes!)",Make_Money_Fuck_Enemy_2,6819,1732383300,1108,1076
2039,"CodeTON Round 9 (Div. 1 + Div. 2, Rated, Prizes!)",danhhanma,6819,1732383300,871,902
2039,"CodeTON Round 9 (Div. 1 + Div. 2, Rated, Prizes!)",--hmzabanna--,6821,1732383300,393,671
2039,"CodeTON Round 9 (Div. 1 + Div. 2, Rated, Prizes!)",Sigma_1018,6822,1732383300,0,417
2039,"CodeTON Round 9 (Div. 1 + Div. 2, Rated, Prizes!)",AKAeclipse,6823,1732383300,931,1005
2039,"CodeTON Round 9 (Div. 1 + Div. 2, Rated, Prizes!)",jagbarrameda,6824,1732383300,1222,1164
2039,"CodeTON Round 9 (Div. 1 + Div. 2, Rated, Prizes!)",Samurai.X,6825,1732383300,0,417
2039,"CodeTON Round 9 (Div. 1 + Div. 2, Rated, Prizes!)",saeedbaf,6825,1732383300,847,885
2039,"CodeTON Round 9 (Div. 1 + Div. 2, Rated, Prizes!)",RNG_BOzi,6827,1732383300,918,1011
2039,"CodeTON Round 9 (Div. 1 + Div. 2, Rated, Prizes!)",xyxi,6827,1732383300,556,800
2039,"CodeTON Round 9 (Div. 1 + Div. 2, Rated, Prizes!)",__.Fischer.__,6829,1732383300,968,970
2039,"CodeTON Round 9 (Div. 1 + Div. 2, Rated, Prizes!)",mksaadi,6830,1732383300,998,992
2039,"CodeTON Round 9 (Div. 1 + Div. 2, Rated, Prizes!)",SAYEM234,6830,1732383300,882,909
2039,"CodeTON Round 9 (Div. 1 + Div. 2, Rated, Prizes!)",lgm_,6830,1732383300,1416,1318
2039,"CodeTON Round 9 (Div. 1 + Div. 2, Rated, Prizes!)",Najmul_Huda_,6833,1732383300,847,885
2039,"CodeTON Round 9 (Div. 1 + Div. 2, Rated, Prizes!)",purple_spider513,6834,1732383300,866,898
2039,"CodeTON Round 9 (Div. 1 + Div. 2, Rated, Prizes!)",arafat03,6834,1732383300,1014,1004
2039,"CodeTON Round 9 (Div. 1 + Div. 2, Rated, Prizes!)",width,6836,1732383300,629,831
2039,"CodeTON Round 9 (Div. 1 + Div. 2, Rated, Prizes!)",Nasif_Iqbal,6837,1732383300,1102,1071
2039,"CodeTON Round 9 (Div. 1 + Div. 2, Rated, Prizes!)",octtastic,6838,1732383300,839,935
2039,"CodeTON Round 9 (Div. 1 + Div. 2, Rated, Prizes!)",DylanT,6838,1732383300,1374,1285
2039,"CodeTON Round 9 (Div. 1 + Div. 2, Rated, Prizes!)",Iridium1234,6840,1732383300,810,859
2039,"CodeTON Round 9 (Div. 1 + Div. 2, Rated, Prizes!)",uddhavjaju,6841,1732383300,1021,1009
2039,"CodeTON Round 9 (Div. 1 + Div. 2, Rated, Prizes!)",mamali,6841,1732383300,919,934
2039,"CodeTON Round 9 (Div. 1 + Div. 2, Rated, Prizes!)",lightph,6841,1732383300,971,1053
2039,"CodeTON Round 9 (Div. 1 + Div. 2, Rated, Prizes!)",yunmengze,6844,1732383300,878,964
2039,"CodeTON Round 9 (Div. 1 + Div. 2, Rated, Prizes!)",Kamruzzaman,6845,1732383300,1140,1100
2039,"CodeTON Round 9 (Div. 1 + Div. 2, Rated, Prizes!)",_Shir0_,6846,1732383300,1149,1107
2039,"CodeTON Round 9 (Div. 1 + Div. 2, Rated, Prizes!)",coder_hub_123,6847,1732383300,764,892
2039,"CodeTON Round 9 (Div. 1 + Div. 2, Rated, Prizes!)",nvvy,6848,1732383300,1105,1073
2039,"CodeTON Round 9 (Div. 1 + Div. 2, Rated, Prizes!)",sainadthpagadala,6849,1732383300,1161,1116
2039,"CodeTON Round 9 (Div. 1 + Div. 2, Rated, Prizes!)",shivsharansanjawad,6849,1732383300,779,903
2039,"CodeTON Round 9 (Div. 1 + Div. 2, Rated, Prizes!)",MONA7124,6849,1732383300,625,741
2039,"CodeTON Round 9 (Div. 1 + Div. 2, Rated, Prizes!)",192.168.Open,6852,1732383300,642,840
2039,"CodeTON Round 9 (Div. 1 + Div. 2, Rated, Prizes!)",armanfcou,6852,1732383300,830,872
2039,"CodeTON Round 9 (Div. 1 + Div. 2, Rated, Prizes!)",obhamy,6854,1732383300,661,855
2039,"CodeTON Round 9 (Div. 1 + Div. 2, Rated, Prizes!)",The_Last_Run,6855,1732383300,1134,1095
2039,"CodeTON Round 9 (Div. 1 + Div. 2, Rated, Prizes!)",xiaopengyoujiu,6856,1732383300,934,944
2039,"CodeTON Round 9 (Div. 1 + Div. 2, Rated, Prizes!)",ilazhg,6857,1732383300,420,691
2039,"CodeTON Round 9 (Div. 1 + Div. 2, Rated, Prizes!)",streak_toddler,6858,1732383300,0,417
2039,"CodeTON Round 9 (Div. 1 + Div. 2, Rated, Prizes!)",Matrix_Maverick,6858,1732383300,505,759
2039,"CodeTON Round 9 (Div. 1 + Div. 2, Rated, Prizes!)",usefmahmud,6860,1732383300,1161,1116
2039,"CodeTON Round 9 (Div. 1 + Div. 2, Rated, Prizes!)",Sumanth_1439,6861,1732383300,1207,1152
2039,"CodeTON Round 9 (Div. 1 + Div. 2, Rated, Prizes!)",Hasspo,6862,1732383300,1548,1422
2039,"CodeTON Round 9 (Div. 1 + Div. 2, Rated, Prizes!)",Kerolos_NG,6863,1732383300,914,930
2039,"CodeTON Round 9 (Div. 1 + Div. 2, Rated, Prizes!)",raidivyank08,6863,1732383300,863,967
2039,"CodeTON Round 9 (Div. 1 + Div. 2, Rated, Prizes!)",FP7317,6865,1732383300,679,869
2039,"CodeTON Round 9 (Div. 1 + Div. 2, Rated, Prizes!)",osnovakomix,6865,1732383300,595,803
2039,"CodeTON Round 9 (Div. 1 + Div. 2, Rated, Prizes!)",Ermachev_Egor,6865,1732383300,901,957
2039,"CodeTON Round 9 (Div. 1 + Div. 2, Rated, Prizes!)",Zhangyl,6868,1732383300,1251,1186
2039,"CodeTON Round 9 (Div. 1 + Div. 2, Rated, Prizes!)",gqc4722,6869,1732383300,723,904
2039,"CodeTON Round 9 (Div. 1 + Div. 2, Rated, Prizes!)",minhajul5090,6870,1732383300,942,950
2039,"CodeTON Round 9 (Div. 1 + Div. 2, Rated, Prizes!)",pbhanuA321,6871,1732383300,1035,1019
2039,"CodeTON Round 9 (Div. 1 + Div. 2, Rated, Prizes!)",benkyochuu,6872,1732383300,1038,1021
2039,"CodeTON Round 9 (Div. 1 + Div. 2, Rated, Prizes!)",Hoopoe404,6872,1732383300,1007,997
2039,"CodeTON Round 9 (Div. 1 + Div. 2, Rated, Prizes!)",Ayan_Sohail...,6874,1732383300,459,645
2039,"CodeTON Round 9 (Div. 1 + Div. 2, Rated, Prizes!)",thanhtrnnn,6875,1732383300,1024,1010
2039,"CodeTON Round 9 (Div. 1 + Div. 2, Rated, Prizes!)",sharma_111,6876,1732383300,764,827
2039,"CodeTON Round 9 (Div. 1 + Div. 2, Rated, Prizes!)",_Abyss,6877,1732383300,1005,1127
2039,"CodeTON Round 9 (Div. 1 + Div. 2, Rated, Prizes!)",Liuoolong,6877,1732383300,844,952
2039,"CodeTON Round 9 (Div. 1 + Div. 2, Rated, Prizes!)",qweoksdfjkldsf,6879,1732383300,1617,1476
2039,"CodeTON Round 9 (Div. 1 + Div. 2, Rated, Prizes!)",Heryos,6879,1732383300,996,989
2039,"CodeTON Round 9 (Div. 1 + Div. 2, Rated, Prizes!)",Aisha_Ramadan,6881,1732383300,962,964
2039,"CodeTON Round 9 (Div. 1 + Div. 2, Rated, Prizes!)",22h51a7314,6881,1732383300,883,943
2039,"CodeTON Round 9 (Div. 1 + Div. 2, Rated, Prizes!)",sajidzamanme,6883,1732383300,1107,1073
2039,"CodeTON Round 9 (Div. 1 + Div. 2, Rated, Prizes!)",Mehemmed.nabiyev,6883,1732383300,764,827
2039,"CodeTON Round 9 (Div. 1 + Div. 2, Rated, Prizes!)",cruuvitn,6883,1732383300,1164,1117
2039,"CodeTON Round 9 (Div. 1 + Div. 2, Rated, Prizes!)",kimbix,6886,1732383300,629,829
2039,"CodeTON Round 9 (Div. 1 + Div. 2, Rated, Prizes!)",aaryaveer.bhardwaj,6887,1732383300,892,913
2039,"CodeTON Round 9 (Div. 1 + Div. 2, Rated, Prizes!)",ahnaf.hasan.mahmud,6888,1732383300,925,937
2039,"CodeTON Round 9 (Div. 1 + Div. 2, Rated, Prizes!)",HELLOProgrammer112,6888,1732383300,782,838
2039,"CodeTON Round 9 (Div. 1 + Div. 2, Rated, Prizes!)",lovesosa,6888,1732383300,1160,1114
2039,"CodeTON Round 9 (Div. 1 + Div. 2, Rated, Prizes!)",cankjaca,6891,1732383300,959,961
2039,"CodeTON Round 9 (Div. 1 + Div. 2, Rated, Prizes!)",sohel440,6892,1732383300,1125,1087
2039,"CodeTON Round 9 (Div. 1 + Div. 2, Rated, Prizes!)",zahariduma,6892,1732383300,947,953
2039,"CodeTON Round 9 (Div. 1 + Div. 2, Rated, Prizes!)",trion_leninster,6894,1732383300,1049,1029
2039,"CodeTON Round 9 (Div. 1 + Div. 2, Rated, Prizes!)",SlavaGabrielyan,6895,1732383300,896,916
2039,"CodeTON Round 9 (Div. 1 + Div. 2, Rated, Prizes!)",samura1ox,6895,1732383300,0,416
2039,"CodeTON Round 9 (Div. 1 + Div. 2, Rated, Prizes!)",Sarthak_Sach,6895,1732383300,1158,1112
2039,"CodeTON Round 9 (Div. 1 + Div. 2, Rated, Prizes!)",hogwarts_legacy,6895,1732383300,0,416
2039,"CodeTON Round 9 (Div. 1 + Div. 2, Rated, Prizes!)",Dennis_Jason,6899,1732383300,1220,1161
2039,"CodeTON Round 9 (Div. 1 + Div. 2, Rated, Prizes!)",xuchangyyds,6900,1732383300,0,416
2039,"CodeTON Round 9 (Div. 1 + Div. 2, Rated, Prizes!)",harshit_singhal,6901,1732383300,1325,1244
2039,"CodeTON Round 9 (Div. 1 + Div. 2, Rated, Prizes!)",Toronto.Tokyo,6901,1732383300,1085,1056
2039,"CodeTON Round 9 (Div. 1 + Div. 2, Rated, Prizes!)",Mahmudunnabi_Fahim,6903,1732383300,1166,1118
2039,"CodeTON Round 9 (Div. 1 + Div. 2, Rated, Prizes!)",Bashboshy,6904,1732383300,828,925
2039,"CodeTON Round 9 (Div. 1 + Div. 2, Rated, Prizes!)",Abdullah_Khalaf,6905,1732383300,1182,1131
2039,"CodeTON Round 9 (Div. 1 + Div. 2, Rated, Prizes!)",aisky,6906,1732383300,652,755
2039,"CodeTON Round 9 (Div. 1 + Div. 2, Rated, Prizes!)",Tsuki_w,6907,1732383300,1098,1066
2039,"CodeTON Round 9 (Div. 1 + Div. 2, Rated, Prizes!)",Asgar_Fataymamode,6908,1732383300,957,1040
2039,"CodeTON Round 9 (Div. 1 + Div. 2, Rated, Prizes!)",Araz_-05-,6909,1732383300,335,622
2039,"CodeTON Round 9 (Div. 1 + Div. 2, Rated, Prizes!)",KGF320,6909,1732383300,405,678
2039,"CodeTON Round 9 (Div. 1 + Div. 2, Rated, Prizes!)",Catarina031105,6911,1732383300,931,1019
2039,"CodeTON Round 9 (Div. 1 + Div. 2, Rated, Prizes!)",atikarik,6912,1732383300,872,898
2039,"CodeTON Round 9 (Div. 1 + Div. 2, Rated, Prizes!)",SolveXJo,6913,1732383300,788,895
2039,"CodeTON Round 9 (Div. 1 + Div. 2, Rated, Prizes!)",jiaqiangliu,6914,1732383300,867,895
2039,"CodeTON Round 9 (Div. 1 + Div. 2, Rated, Prizes!)",Loading_Error,6915,1732383300,719,796
2039,"CodeTON Round 9 (Div. 1 + Div. 2, Rated, Prizes!)",yzqz,6916,1732383300,1259,1191
2039,"CodeTON Round 9 (Div. 1 + Div. 2, Rated, Prizes!)",shado33,6917,1732383300,1006,1033
2039,"CodeTON Round 9 (Div. 1 + Div. 2, Rated, Prizes!)",tracktor,6918,1732383300,764,825
2039,"CodeTON Round 9 (Div. 1 + Div. 2, Rated, Prizes!)",https_,6919,1732383300,739,809
2039,"CodeTON Round 9 (Div. 1 + Div. 2, Rated, Prizes!)",pro_coder2.0,6920,1732383300,509,670
2039,"CodeTON Round 9 (Div. 1 + Div. 2, Rated, Prizes!)",saniadislam,6921,1732383300,396,671
2039,"CodeTON Round 9 (Div. 1 + Div. 2, Rated, Prizes!)",__Mahatab,6922,1732383300,870,897
2039,"CodeTON Round 9 (Div. 1 + Div. 2, Rated, Prizes!)",Issakwwp,6923,1732383300,860,890
2039,"CodeTON Round 9 (Div. 1 + Div. 2, Rated, Prizes!)",Nafi__Code,6924,1732383300,859,889
2039,"CodeTON Round 9 (Div. 1 + Div. 2, Rated, Prizes!)",RODES,6925,1732383300,907,984
2039,"CodeTON Round 9 (Div. 1 + Div. 2, Rated, Prizes!)",alty_ab,6926,1732383300,1114,1077
2039,"CodeTON Round 9 (Div. 1 + Div. 2, Rated, Prizes!)",Rabbi-02,6927,1732383300,692,778
2039,"CodeTON Round 9 (Div. 1 + Div. 2, Rated, Prizes!)",Devansh1212,6928,1732383300,357,639
2039,"CodeTON Round 9 (Div. 1 + Div. 2, Rated, Prizes!)",zeroxzp,6928,1732383300,1217,1157
2039,"CodeTON Round 9 (Div. 1 + Div. 2, Rated, Prizes!)",hxxxh,6930,1732383300,0,415
2039,"CodeTON Round 9 (Div. 1 + Div. 2, Rated, Prizes!)",apqzl,6931,1732383300,369,649
2039,"CodeTON Round 9 (Div. 1 + Div. 2, Rated, Prizes!)",voldy2225,6932,1732383300,0,414
2039,"CodeTON Round 9 (Div. 1 + Div. 2, Rated, Prizes!)",jsmes_arther,6933,1732383300,1076,1048
2039,"CodeTON Round 9 (Div. 1 + Div. 2, Rated, Prizes!)",Mainul36,6934,1732383300,665,761
2039,"CodeTON Round 9 (Div. 1 + Div. 2, Rated, Prizes!)",etsofia69,6934,1732383300,784,904
2039,"CodeTON Round 9 (Div. 1 + Div. 2, Rated, Prizes!)",anasmultani,6936,1732383300,892,912
2039,"CodeTON Round 9 (Div. 1 + Div. 2, Rated, Prizes!)",ddtrgyewhh,6937,1732383300,570,782
2039,"CodeTON Round 9 (Div. 1 + Div. 2, Rated, Prizes!)",Panda007,6938,1732383300,369,649
2039,"CodeTON Round 9 (Div. 1 + Div. 2, Rated, Prizes!)",jabra203,6939,1732383300,425,693
2039,"CodeTON Round 9 (Div. 1 + Div. 2, Rated, Prizes!)",hesoyamchik,6940,1732383300,1672,1519
2039,"CodeTON Round 9 (Div. 1 + Div. 2, Rated, Prizes!)",dhruvchavda1403,6941,1732383300,650,844
2039,"CodeTON Round 9 (Div. 1 + Div. 2, Rated, Prizes!)",AAALLQ,6942,1732383300,767,879
2039,"CodeTON Round 9 (Div. 1 + Div. 2, Rated, Prizes!)",binaryBuster,6943,1732383300,1094,1061
2039,"CodeTON Round 9 (Div. 1 + Div. 2, Rated, Prizes!)",HIKIGAI_HACHIMAN,6944,1732383300,823,863
2039,"CodeTON Round 9 (Div. 1 + Div. 2, Rated, Prizes!)",Arafat_Rahman_CSE_CSTU,6945,1732383300,0,414
2039,"CodeTON Round 9 (Div. 1 + Div. 2, Rated, Prizes!)",kunal_4455,6946,1732383300,996,987
2039,"CodeTON Round 9 (Div. 1 + Div. 2, Rated, Prizes!)",lingexe,6946,1732383300,0,414
2039,"CodeTON Round 9 (Div. 1 + Div. 2, Rated, Prizes!)",acanoku,6948,1732383300,1023,1045
2039,"CodeTON Round 9 (Div. 1 + Div. 2, Rated, Prizes!)",A.Dabdoub3,6948,1732383300,1176,1125
2039,"CodeTON Round 9 (Div. 1 + Div. 2, Rated, Prizes!)",platinumdragon,6948,1732383300,1345,1259
2039,"CodeTON Round 9 (Div. 1 + Div. 2, Rated, Prizes!)",ZyadH1,6948,1732383300,1267,1196
2039,"CodeTON Round 9 (Div. 1 + Div. 2, Rated, Prizes!)",NicoLadendorf,6948,1732383300,1614,1472
2039,"CodeTON Round 9 (Div. 1 + Div. 2, Rated, Prizes!)",druhan_shah,6948,1732383300,1234,1170
2039,"CodeTON Round 9 (Div. 1 + Div. 2, Rated, Prizes!)",Barkaat,6948,1732383300,1544,1417
2039,"CodeTON Round 9 (Div. 1 + Div. 2, Rated, Prizes!)",newusercf,6948,1732383300,1803,1622
2039,"CodeTON Round 9 (Div. 1 + Div. 2, Rated, Prizes!)",kavliaros7,6948,1732383300,1195,1140
2039,"CodeTON Round 9 (Div. 1 + Div. 2, Rated, Prizes!)",fakegustavgiri,6948,1732383300,1124,1152
2039,"CodeTON Round 9 (Div. 1 + Div. 2, Rated, Prizes!)",Xmaoao,6948,1732383300,1427,1324
2039,"CodeTON Round 9 (Div. 1 + Div. 2, Rated, Prizes!)",CH23B050,6948,1732383300,1362,1272
2039,"CodeTON Round 9 (Div. 1 + Div. 2, Rated, Prizes!)",molekula,6960,1732383300,1196,1140
2039,"CodeTON Round 9 (Div. 1 + Div. 2, Rated, Prizes!)",devspector,6960,1732383300,0,414
2039,"CodeTON Round 9 (Div. 1 + Div. 2, Rated, Prizes!)",combozuko,6960,1732383300,1516,1394
2039,"CodeTON Round 9 (Div. 1 + Div. 2, Rated, Prizes!)",am_25,6960,1732383300,1667,1514
2039,"CodeTON Round 9 (Div. 1 + Div. 2, Rated, Prizes!)",rescue,6960,1732383300,927,935
2039,"CodeTON Round 9 (Div. 1 + Div. 2, Rated, Prizes!)",Rezaren,6960,1732383300,1051,1027
2039,"CodeTON Round 9 (Div. 1 + Div. 2, Rated, Prizes!)",deepandark,6960,1732383300,1290,1214
2039,"CodeTON Round 9 (Div. 1 + Div. 2, Rated, Prizes!)",_asunaa,6960,1732383300,1238,1173
2039,"CodeTON Round 9 (Div. 1 + Div. 2, Rated, Prizes!)",whr123,6960,1732383300,1355,1266
2039,"CodeTON Round 9 (Div. 1 + Div. 2, Rated, Prizes!)",Muhimen,6960,1732383300,1385,1290
2039,"CodeTON Round 9 (Div. 1 + Div. 2, Rated, Prizes!)",alysonNBS,6960,1732383300,1542,1415
2039,"CodeTON Round 9 (Div. 1 + Div. 2, Rated, Prizes!)",haman_pakrah87,6960,1732383300,1027,1009
2039,"CodeTON Round 9 (Div. 1 + Div. 2, Rated, Prizes!)",mohsen_soleman,6960,1732383300,1250,1182
2039,"CodeTON Round 9 (Div. 1 + Div. 2, Rated, Prizes!)",pure,6960,1732383300,1027,1009
2039,"CodeTON Round 9 (Div. 1 + Div. 2, Rated, Prizes!)",P47H4N,6960,1732383300,1013,998
2039,"CodeTON Round 9 (Div. 1 + Div. 2, Rated, Prizes!)",buouuuu,6960,1732383300,1624,1480
2039,"CodeTON Round 9 (Div. 1 + Div. 2, Rated, Prizes!)",AnuCool01,6960,1732383300,939,943
2039,"CodeTON Round 9 (Div. 1 + Div. 2, Rated, Prizes!)",momitulmahir,6960,1732383300,1080,1049
2039,"CodeTON Round 9 (Div. 1 + Div. 2, Rated, Prizes!)",pvpwarrior,6960,1732383300,1245,1178
2039,"CodeTON Round 9 (Div. 1 + Div. 2, Rated, Prizes!)",AIR_COLOR5,6960,1732383300,1627,1482
2039,"CodeTON Round 9 (Div. 1 + Div. 2, Rated, Prizes!)",candy0014,6960,1732383300,1926,1719
2039,"CodeTON Round 9 (Div. 1 + Div. 2, Rated, Prizes!)",absx,6960,1732383300,1310,1230
2039,"CodeTON Round 9 (Div. 1 + Div. 2, Rated, Prizes!)",Hbayeb,6982,1732383300,973,968
2039,"CodeTON Round 9 (Div. 1 + Div. 2, Rated, Prizes!)",tHe_bAbA_yEgA,6982,1732383300,813,854
2039,"CodeTON Round 9 (Div. 1 + Div. 2, Rated, Prizes!)",subcoder,6982,1732383300,1058,1032
2039,"CodeTON Round 9 (Div. 1 + Div. 2, Rated, Prizes!)",CheatPlusPlus14,6982,1732383300,536,780
2039,"CodeTON Round 9 (Div. 1 + Div. 2, Rated, Prizes!)",podyapolskiy.yaroslav,6982,1732383300,1238,1172
2039,"CodeTON Round 9 (Div. 1 + Div. 2, Rated, Prizes!)",ZGonce819,6982,1732383300,922,967
2039,"CodeTON Round 9 (Div. 1 + Div. 2, Rated, Prizes!)",minahttoe,6982,1732383300,1048,1024
2039,"CodeTON Round 9 (Div. 1 + Div. 2, Rated, Prizes!)",bmz,6982,1732383300,1171,1119
2039,"CodeTON Round 9 (Div. 1 + Div. 2, Rated, Prizes!)",Isho_k,6982,1732383300,1093,1058
2039,"CodeTON Round 9 (Div. 1 + Div. 2, Rated, Prizes!)",ZeRo_BuG_,6982,1732383300,986,977
2039,"CodeTON Round 9 (Div. 1 + Div. 2, Rated, Prizes!)",mathiassuganda,6982,1732383300,1207,1148
2039,"CodeTON Round 9 (Div. 1 + Div. 2, Rated, Prizes!)",warowl,6982,1732383300,1251,1182
2039,"CodeTON Round 9 (Div. 1 + Div. 2, Rated, Prizes!)",DzadzoD,6982,1732383300,1594,1456
2039,"CodeTON Round 9 (Div. 1 + Div. 2, Rated, Prizes!)",Matong123,6982,1732383300,1013,998
2039,"CodeTON Round 9 (Div. 1 + Div. 2, Rated, Prizes!)",KitijaK,6982,1732383300,1057,1031
2039,"CodeTON Round 9 (Div. 1 + Div. 2, Rated, Prizes!)",Bardia10,6982,1732383300,964,961
2039,"CodeTON Round 9 (Div. 1 + Div. 2, Rated, Prizes!)",Konchi_Babaa__,6982,1732383300,1333,1247
2039,"CodeTON Round 9 (Div. 1 + Div. 2, Rated, Prizes!)",nikanghadiri,6982,1732383300,857,884
2039,"CodeTON Round 9 (Div. 1 + Div. 2, Rated, Prizes!)",aryanth,6982,1732383300,1579,1444
2039,"CodeTON Round 9 (Div. 1 + Div. 2, Rated, Prizes!)",Kevin_D,6982,1732383300,0,413
2039,"CodeTON Round 9 (Div. 1 + Div. 2, Rated, Prizes!)",JinnyW,6982,1732383300,2337,2102
2039,"CodeTON Round 9 (Div. 1 + Div. 2, Rated, Prizes!)",PRV_double2d,6982,1732383300,695,878
2039,"CodeTON Round 9 (Div. 1 + Div. 2, Rated, Prizes!)",wfchen,6982,1732383300,995,984
2039,"CodeTON Round 9 (Div. 1 + Div. 2, Rated, Prizes!)",VSS_103693abdullah.khan,6982,1732383300,350,632
2039,"CodeTON Round 9 (Div. 1 + Div. 2, Rated, Prizes!)",lJonathan,6982,1732383300,905,918
2039,"CodeTON Round 9 (Div. 1 + Div. 2, Rated, Prizes!)",NaifH,6982,1732383300,1006,992
2039,"CodeTON Round 9 (Div. 1 + Div. 2, Rated, Prizes!)",AGENT_D,7008,1732383300,386,659
2039,"CodeTON Round 9 (Div. 1 + Div. 2, Rated, Prizes!)",arijit_7,7008,1732383300,877,896
2039,"CodeTON Round 9 (Div. 1 + Div. 2, Rated, Prizes!)",chenhr,7008,1732383300,966,961
2039,"CodeTON Round 9 (Div. 1 + Div. 2, Rated, Prizes!)",Silverz,7008,1732383300,1003,988
2039,"CodeTON Round 9 (Div. 1 + Div. 2, Rated, Prizes!)",Yzm_,7008,1732383300,0,412
2039,"CodeTON Round 9 (Div. 1 + Div. 2, Rated, Prizes!)",AnriArkania,7008,1732383300,1009,993
2039,"CodeTON Round 9 (Div. 1 + Div. 2, Rated, Prizes!)",lilpluton,7008,1732383300,1234,1168
2039,"CodeTON Round 9 (Div. 1 + Div. 2, Rated, Prizes!)",baishakhmahfiz,7008,1732383300,983,973
2039,"CodeTON Round 9 (Div. 1 + Div. 2, Rated, Prizes!)",Dalle,7008,1732383300,1223,1159
2039,"CodeTON Round 9 (Div. 1 + Div. 2, Rated, Prizes!)",denchik.2akkaunt,7008,1732383300,1210,1218
2039,"CodeTON Round 9 (Div. 1 + Div. 2, Rated, Prizes!)",GenShin-impact-start,7008,1732383300,0,412
2039,"CodeTON Round 9 (Div. 1 + Div. 2, Rated, Prizes!)",tiwaryadarsh692,7008,1732383300,563,801
2039,"CodeTON Round 9 (Div. 1 + Div. 2, Rated, Prizes!)",Drumil,7008,1732383300,789,836
2039,"CodeTON Round 9 (Div. 1 + Div. 2, Rated, Prizes!)",NotMazuong,7008,1732383300,434,698
2039,"CodeTON Round 9 (Div. 1 + Div. 2, Rated, Prizes!)",Dragonhearteed,7008,1732383300,940,942
2039,"CodeTON Round 9 (Div. 1 + Div. 2, Rated, Prizes!)",LteShuai,7008,1732383300,1093,1057
2039,"CodeTON Round 9 (Div. 1 + Div. 2, Rated, Prizes!)",Jumaev_Gaisar,7008,1732383300,1253,1183
2039,"CodeTON Round 9 (Div. 1 + Div. 2, Rated, Prizes!)",ShishirV,7008,1732383300,1049,1062
2039,"CodeTON Round 9 (Div. 1 + Div. 2, Rated, Prizes!)",jebanai,7008,1732383300,1094,1097
2039,"CodeTON Round 9 (Div. 1 + Div. 2, Rated, Prizes!)",Din_ED,7008,1732383300,990,978
2039,"CodeTON Round 9 (Div. 1 + Div. 2, Rated, Prizes!)",TheRZ,7008,1732383300,389,662
2039,"CodeTON Round 9 (Div. 1 + Div. 2, Rated, Prizes!)",newvortex,7008,1732383300,1142,1095
2039,"CodeTON Round 9 (Div. 1 + Div. 2, Rated, Prizes!)",Victoredel,7008,1732383300,1559,1427
2039,"CodeTON Round 9 (Div. 1 + Div. 2, Rated, Prizes!)",mattferrer,7008,1732383300,1043,1085
2039,"CodeTON Round 9 (Div. 1 + Div. 2, Rated, Prizes!)",duuyy,7008,1732383300,841,906
2039,"CodeTON Round 9 (Div. 1 + Div. 2, Rated, Prizes!)",Wanderer116,7008,1732383300,825,860
2039,"CodeTON Round 9 (Div. 1 + Div. 2, Rated, Prizes!)",Zelenusik,7008,1732383300,1024,1004
2039,"CodeTON Round 9 (Div. 1 + Div. 2, Rated, Prizes!)",havlialb,7008,1732383300,1245,1177
2039,"CodeTON Round 9 (Div. 1 + Div. 2, Rated, Prizes!)",PlumEvo,7008,1732383300,1024,1004
2039,"CodeTON Round 9 (Div. 1 + Div. 2, Rated, Prizes!)",shreyassn,7008,1732383300,975,1050
2039,"CodeTON Round 9 (Div. 1 + Div. 2, Rated, Prizes!)",ByteBlade2104,7008,1732383300,975,967
2039,"CodeTON Round 9 (Div. 1 + Div. 2, Rated, Prizes!)",Bhawna_Chauhan_,7008,1732383300,1132,1087
2039,"CodeTON Round 9 (Div. 1 + Div. 2, Rated, Prizes!)",hsa1as,7008,1732383300,0,412
2039,"CodeTON Round 9 (Div. 1 + Div. 2, Rated, Prizes!)",kyqcn,7008,1732383300,810,850
2039,"CodeTON Round 9 (Div. 1 + Div. 2, Rated, Prizes!)",Raihan_Freeze,7008,1732383300,717,894
2039,"CodeTON Round 9 (Div. 1 + Div. 2, Rated, Prizes!)",bAAAAzzigarrr,7008,1732383300,1184,1128
2039,"CodeTON Round 9 (Div. 1 + Div. 2, Rated, Prizes!)",mvr_sin_theta,7008,1732383300,1121,1079
2039,"CodeTON Round 9 (Div. 1 + Div. 2, Rated, Prizes!)",Tupac_Shakur,7008,1732383300,1184,1128
2039,"CodeTON Round 9 (Div. 1 + Div. 2, Rated, Prizes!)",ding_don_dino,7008,1732383300,1552,1421
2039,"CodeTON Round 9 (Div. 1 + Div. 2, Rated, Prizes!)",Th3_Ch0sen_One,7047,1732383300,1138,1091
2039,"CodeTON Round 9 (Div. 1 + Div. 2, Rated, Prizes!)",0biwan_kenobi,7047,1732383300,1046,1020
2039,"CodeTON Round 9 (Div. 1 + Div. 2, Rated, Prizes!)",Prabhu23123,7047,1732383300,1211,1148
2039,"CodeTON Round 9 (Div. 1 + Div. 2, Rated, Prizes!)",shivamx18,7047,1732383300,0,411
2039,"CodeTON Round 9 (Div. 1 + Div. 2, Rated, Prizes!)",VERYCOOL_BOY,7047,1732383300,1278,1202
2039,"CodeTON Round 9 (Div. 1 + Div. 2, Rated, Prizes!)",Hany_Osama,7047,1732383300,1099,1060
2039,"CodeTON Round 9 (Div. 1 + Div. 2, Rated, Prizes!)",Nomia,7047,1732383300,1352,1261
2039,"CodeTON Round 9 (Div. 1 + Div. 2, Rated, Prizes!)",Osman_001,7047,1732383300,1090,1054
2039,"CodeTON Round 9 (Div. 1 + Div. 2, Rated, Prizes!)",Barryb0513,7047,1732383300,933,998
2039,"CodeTON Round 9 (Div. 1 + Div. 2, Rated, Prizes!)",ArminAfzali,7047,1732383300,1155,1173
2039,"CodeTON Round 9 (Div. 1 + Div. 2, Rated, Prizes!)",mug1waara,7047,1732383300,615,812
2039,"CodeTON Round 9 (Div. 1 + Div. 2, Rated, Prizes!)",rollup,7047,1732383300,1257,1185
2039,"CodeTON Round 9 (Div. 1 + Div. 2, Rated, Prizes!)",AY_ALFRM,7047,1732383300,1082,1047
2039,"CodeTON Round 9 (Div. 1 + Div. 2, Rated, Prizes!)",qmwneb,7047,1732383300,504,752
2039,"CodeTON Round 9 (Div. 1 + Div. 2, Rated, Prizes!)",Kiyotaka_Ayanokoji9716,7047,1732383300,991,978
2039,"CodeTON Round 9 (Div. 1 + Div. 2, Rated, Prizes!)",ChenCXxx,7047,1732383300,1215,1222
2039,"CodeTON Round 9 (Div. 1 + Div. 2, Rated, Prizes!)",discontinuous,7047,1732383300,1148,1098
2039,"CodeTON Round 9 (Div. 1 + Div. 2, Rated, Prizes!)",Kiritmak,7047,1732383300,1257,1185
2039,"CodeTON Round 9 (Div. 1 + Div. 2, Rated, Prizes!)",i.am_anas,7047,1732383300,0,411
2039,"CodeTON Round 9 (Div. 1 + Div. 2, Rated, Prizes!)",Trn115,7047,1732383300,1396,1296
2039,"CodeTON Round 9 (Div. 1 + Div. 2, Rated, Prizes!)",Niom,7047,1732383300,481,734
2039,"CodeTON Round 9 (Div. 1 + Div. 2, Rated, Prizes!)",RohitGupta165,7047,1732383300,833,864
2039,"CodeTON Round 9 (Div. 1 + Div. 2, Rated, Prizes!)",harshsbhandari,7047,1732383300,987,975
2039,"CodeTON Round 9 (Div. 1 + Div. 2, Rated, Prizes!)",AmrElkhodari,7047,1732383300,1160,1108
2039,"CodeTON Round 9 (Div. 1 + Div. 2, Rated, Prizes!)",BrianHuang06,7047,1732383300,0,411
2039,"CodeTON Round 9 (Div. 1 + Div. 2, Rated, Prizes!)",Adarsh23078090,7047,1732383300,891,905
2039,"CodeTON Round 9 (Div. 1 + Div. 2, Rated, Prizes!)",a1b1a2b2,7047,1732383300,1097,1059
2039,"CodeTON Round 9 (Div. 1 + Div. 2, Rated, Prizes!)",Seif_samir,7047,1732383300,1115,1073
2039,"CodeTON Round 9 (Div. 1 + Div. 2, Rated, Prizes!)",ib_,7047,1732383300,1274,1199
2039,"CodeTON Round 9 (Div. 1 + Div. 2, Rated, Prizes!)",nttung42,7047,1732383300,0,411
2039,"CodeTON Round 9 (Div. 1 + Div. 2, Rated, Prizes!)",octopus,7047,1732383300,1205,1144
2039,"CodeTON Round 9 (Div. 1 + Div. 2, Rated, Prizes!)",dinesh.4213,7047,1732383300,1090,1054
2039,"CodeTON Round 9 (Div. 1 + Div. 2, Rated, Prizes!)",samakshagarwal11,7047,1732383300,1132,1086
2039,"CodeTON Round 9 (Div. 1 + Div. 2, Rated, Prizes!)",Yerugulan,7047,1732383300,984,972
2039,"CodeTON Round 9 (Div. 1 + Div. 2, Rated, Prizes!)",LOGIC-MASTER_1e24817,7047,1732383300,968,961
2039,"CodeTON Round 9 (Div. 1 + Div. 2, Rated, Prizes!)",I_m_lipon,7047,1732383300,1127,1082
2039,"CodeTON Round 9 (Div. 1 + Div. 2, Rated, Prizes!)",secretwood01,7047,1732383300,1216,1152
2039,"CodeTON Round 9 (Div. 1 + Div. 2, Rated, Prizes!)",justachillguy,7047,1732383300,681,864
2039,"CodeTON Round 9 (Div. 1 + Div. 2, Rated, Prizes!)",KnightRaider,7047,1732383300,781,828
2039,"CodeTON Round 9 (Div. 1 + Div. 2, Rated, Prizes!)",Shaker_32,7047,1732383300,1284,1207
2039,"CodeTON Round 9 (Div. 1 + Div. 2, Rated, Prizes!)",rishavsanjay,7047,1732383300,1176,1121
2039,"CodeTON Round 9 (Div. 1 + Div. 2, Rated, Prizes!)",TopCloser_fan,7047,1732383300,1614,1470
2039,"CodeTON Round 9 (Div. 1 + Div. 2, Rated, Prizes!)",Sathi13,7047,1732383300,933,935
2039,"CodeTON Round 9 (Div. 1 + Div. 2, Rated, Prizes!)",Okay_07,7090,1732383300,813,848
2039,"CodeTON Round 9 (Div. 1 + Div. 2, Rated, Prizes!)",mistick152,7090,1732383300,1262,1188
2039,"CodeTON Round 9 (Div. 1 + Div. 2, Rated, Prizes!)",cftwo11,7090,1732383300,0,410
2039,"CodeTON Round 9 (Div. 1 + Div. 2, Rated, Prizes!)",tsioftas,7090,1732383300,1455,1342
2039,"CodeTON Round 9 (Div. 1 + Div. 2, Rated, Prizes!)",Saarc,7090,1732383300,1096,1057
2039,"CodeTON Round 9 (Div. 1 + Div. 2, Rated, Prizes!)",SUDHANVA7,7090,1732383300,1191,1131
2039,"CodeTON Round 9 (Div. 1 + Div. 2, Rated, Prizes!)",andawz,7090,1732383300,615,811
2039,"CodeTON Round 9 (Div. 1 + Div. 2, Rated, Prizes!)",abo_naderr,7090,1732383300,849,932
2039,"CodeTON Round 9 (Div. 1 + Div. 2, Rated, Prizes!)",_GGhost_,7090,1732383300,846,930
2039,"CodeTON Round 9 (Div. 1 + Div. 2, Rated, Prizes!)",ChocoByte__,7090,1732383300,743,801
2039,"CodeTON Round 9 (Div. 1 + Div. 2, Rated, Prizes!)",sososonoob,7090,1732383300,1146,1095
2039,"CodeTON Round 9 (Div. 1 + Div. 2, Rated, Prizes!)",FARHADUL_ISLAM,7090,1732383300,1065,1033
2039,"CodeTON Round 9 (Div. 1 + Div. 2, Rated, Prizes!)",_JG_,7090,1732383300,1276,1199
2039,"CodeTON Round 9 (Div. 1 + Div. 2, Rated, Prizes!)",Mehryad,7090,1732383300,1161,1108
2039,"CodeTON Round 9 (Div. 1 + Div. 2, Rated, Prizes!)",Iqra,7090,1732383300,874,890
2039,"CodeTON Round 9 (Div. 1 + Div. 2, Rated, Prizes!)",dtgG1856_7,7090,1732383300,1082,1046
2039,"CodeTON Round 9 (Div. 1 + Div. 2, Rated, Prizes!)",Shamek0n,7090,1732383300,1182,1124
2039,"CodeTON Round 9 (Div. 1 + Div. 2, Rated, Prizes!)",nuh-uh,7090,1732383300,540,780
2039,"CodeTON Round 9 (Div. 1 + Div. 2, Rated, Prizes!)",WillM,7090,1732383300,1231,1163
2039,"CodeTON Round 9 (Div. 1 + Div. 2, Rated, Prizes!)",oloy,7090,1732383300,1629,1481
2039,"CodeTON Round 9 (Div. 1 + Div. 2, Rated, Prizes!)",Aruzhan_Kracotka,7090,1732383300,754,921
2039,"CodeTON Round 9 (Div. 1 + Div. 2, Rated, Prizes!)",iknkai,7090,1732383300,1049,1020
2039,"CodeTON Round 9 (Div. 1 + Div. 2, Rated, Prizes!)",amn9130,7090,1732383300,942,939
2039,"CodeTON Round 9 (Div. 1 + Div. 2, Rated, Prizes!)",bomaydjtgay,7090,1732383300,1223,1157
2039,"CodeTON Round 9 (Div. 1 + Div. 2, Rated, Prizes!)",3omda_,7090,1732383300,922,925
2039,"CodeTON Round 9 (Div. 1 + Div. 2, Rated, Prizes!)",gvineeth1552,7090,1732383300,1073,1039
2039,"CodeTON Round 9 (Div. 1 + Div. 2, Rated, Prizes!)",Firaol_Bulo,7090,1732383300,1169,1114
2039,"CodeTON Round 9 (Div. 1 + Div. 2, Rated, Prizes!)",niloychowdhury,7090,1732383300,1222,1156
2039,"CodeTON Round 9 (Div. 1 + Div. 2, Rated, Prizes!)",LiGhT_YaGaMi9716,7090,1732383300,931,931
2039,"CodeTON Round 9 (Div. 1 + Div. 2, Rated, Prizes!)",hydropek,7090,1732383300,1067,1171
2039,"CodeTON Round 9 (Div. 1 + Div. 2, Rated, Prizes!)",Renko114,7090,1732383300,580,783
2039,"CodeTON Round 9 (Div. 1 + Div. 2, Rated, Prizes!)",slysly,7090,1732383300,941,976
2039,"CodeTON Round 9 (Div. 1 + Div. 2, Rated, Prizes!)",princebombastic,7090,1732383300,1133,1085
2039,"CodeTON Round 9 (Div. 1 + Div. 2, Rated, Prizes!)",Saikot_Das,7090,1732383300,824,855
2039,"CodeTON Round 9 (Div. 1 + Div. 2, Rated, Prizes!)",noir_kalakaar,7090,1732383300,1026,1003
2039,"CodeTON Round 9 (Div. 1 + Div. 2, Rated, Prizes!)",WiseAndrei4,7090,1732383300,971,999
2039,"CodeTON Round 9 (Div. 1 + Div. 2, Rated, Prizes!)",wanderer1028,7090,1732383300,1609,1464
2039,"CodeTON Round 9 (Div. 1 + Div. 2, Rated, Prizes!)",SuperJimmy,7090,1732383300,1061,1030
2039,"CodeTON Round 9 (Div. 1 + Div. 2, Rated, Prizes!)",bhaskar.govil.14,7090,1732383300,424,688
2039,"CodeTON Round 9 (Div. 1 + Div. 2, Rated, Prizes!)",JNP008,7090,1732383300,1104,1063
2039,"CodeTON Round 9 (Div. 1 + Div. 2, Rated, Prizes!)",zoidzium,7090,1732383300,1487,1368
2039,"CodeTON Round 9 (Div. 1 + Div. 2, Rated, Prizes!)",ahmedismail_20,7090,1732383300,885,899
2039,"CodeTON Round 9 (Div. 1 + Div. 2, Rated, Prizes!)",Parikshit_Namdev,7090,1732383300,1126,1080
2039,"CodeTON Round 9 (Div. 1 + Div. 2, Rated, Prizes!)",cfigm,7090,1732383300,0,410
2039,"CodeTON Round 9 (Div. 1 + Div. 2, Rated, Prizes!)",coco_12,7090,1732383300,767,884
2039,"CodeTON Round 9 (Div. 1 + Div. 2, Rated, Prizes!)",itz_Akshay,7090,1732383300,0,410
2039,"CodeTON Round 9 (Div. 1 + Div. 2, Rated, Prizes!)",vip551,7090,1732383300,804,841
2039,"CodeTON Round 9 (Div. 1 + Div. 2, Rated, Prizes!)",T.S.Joy,7137,1732383300,1147,1095
2039,"CodeTON Round 9 (Div. 1 + Div. 2, Rated, Prizes!)",Xiao_H,7137,1732383300,1120,1074
2039,"CodeTON Round 9 (Div. 1 + Div. 2, Rated, Prizes!)",Tawfiq_wahed,7137,1732383300,1006,986
2039,"CodeTON Round 9 (Div. 1 + Div. 2, Rated, Prizes!)",Dilip_24,7137,1732383300,775,821
2039,"CodeTON Round 9 (Div. 1 + Div. 2, Rated, Prizes!)",raviVaar,7137,1732383300,959,951
2039,"CodeTON Round 9 (Div. 1 + Div. 2, Rated, Prizes!)",anuragak021,7137,1732383300,924,925
2039,"CodeTON Round 9 (Div. 1 + Div. 2, Rated, Prizes!)",BleedBlue,7137,1732383300,1010,989
2039,"CodeTON Round 9 (Div. 1 + Div. 2, Rated, Prizes!)",bestows,7137,1732383300,907,913
2039,"CodeTON Round 9 (Div. 1 + Div. 2, Rated, Prizes!)",joaoc,7137,1732383300,1211,1146
2039,"CodeTON Round 9 (Div. 1 + Div. 2, Rated, Prizes!)",alshariaralif2004,7137,1732383300,795,834
2039,"CodeTON Round 9 (Div. 1 + Div. 2, Rated, Prizes!)",L1UP,7137,1732383300,981,1052
2039,"CodeTON Round 9 (Div. 1 + Div. 2, Rated, Prizes!)",r012_533,7137,1732383300,1153,1100
2039,"CodeTON Round 9 (Div. 1 + Div. 2, Rated, Prizes!)",p4kun,7137,1732383300,1031,1044
2039,"CodeTON Round 9 (Div. 1 + Div. 2, Rated, Prizes!)",Ether,7137,1732383300,1232,1163
2039,"CodeTON Round 9 (Div. 1 + Div. 2, Rated, Prizes!)",HuynhMinh,7137,1732383300,994,977
2039,"CodeTON Round 9 (Div. 1 + Div. 2, Rated, Prizes!)",abcdef_Z,7137,1732383300,991,975
2039,"CodeTON Round 9 (Div. 1 + Div. 2, Rated, Prizes!)",saksham34e,7137,1732383300,1001,983
2039,"CodeTON Round 9 (Div. 1 + Div. 2, Rated, Prizes!)",A_Normal_Guy_,7137,1732383300,971,960
2039,"CodeTON Round 9 (Div. 1 + Div. 2, Rated, Prizes!)",WafyLuxe,7137,1732383300,1289,1208
2039,"CodeTON Round 9 (Div. 1 + Div. 2, Rated, Prizes!)",yerkegyan,7137,1732383300,947,942
2039,"CodeTON Round 9 (Div. 1 + Div. 2, Rated, Prizes!)",Siddharth7i,7137,1732383300,802,839
2039,"CodeTON Round 9 (Div. 1 + Div. 2, Rated, Prizes!)",Noskash,7137,1732383300,1090,1051
2039,"CodeTON Round 9 (Div. 1 + Div. 2, Rated, Prizes!)",charged_creeper,7137,1732383300,639,829
2039,"CodeTON Round 9 (Div. 1 + Div. 2, Rated, Prizes!)",mhmohamed977,7137,1732383300,1116,1071
2039,"CodeTON Round 9 (Div. 1 + Div. 2, Rated, Prizes!)",red_light,7137,1732383300,335,615
2039,"CodeTON Round 9 (Div. 1 + Div. 2, Rated, Prizes!)",Advaith_12,7137,1732383300,774,875
2039,"CodeTON Round 9 (Div. 1 + Div. 2, Rated, Prizes!)",sdh_02,7137,1732383300,929,929
2039,"CodeTON Round 9 (Div. 1 + Div. 2, Rated, Prizes!)",cq__2436,7137,1732383300,661,846
2039,"CodeTON Round 9 (Div. 1 + Div. 2, Rated, Prizes!)",Sreven,7137,1732383300,944,940
2039,"CodeTON Round 9 (Div. 1 + Div. 2, Rated, Prizes!)",mate0,7137,1732383300,802,839
2039,"CodeTON Round 9 (Div. 1 + Div. 2, Rated, Prizes!)",Aryan__K,7137,1732383300,1152,1099
2039,"CodeTON Round 9 (Div. 1 + Div. 2, Rated, Prizes!)",The_DeepDas,7137,1732383300,715,843
2039,"CodeTON Round 9 (Div. 1 + Div. 2, Rated, Prizes!)",lovroSam,7169,1732383300,1405,1300
2039,"CodeTON Round 9 (Div. 1 + Div. 2, Rated, Prizes!)",Fahmid-404,7169,1732383300,1002,981
2039,"CodeTON Round 9 (Div. 1 + Div. 2, Rated, Prizes!)",tertospacko.cp,7169,1732383300,771,884
2039,"CodeTON Round 9 (Div. 1 + Div. 2, Rated, Prizes!)",shi-bal,7169,1732383300,1152,1097
2039,"CodeTON Round 9 (Div. 1 + Div. 2, Rated, Prizes!)",jinxihexi_,7169,1732383300,1086,1046
2039,"CodeTON Round 9 (Div. 1 + Div. 2, Rated, Prizes!)",B4TMAN,7169,1732383300,1060,1026
2039,"CodeTON Round 9 (Div. 1 + Div. 2, Rated, Prizes!)",Segment.Tree,7169,1732383300,1193,1130
2039,"CodeTON Round 9 (Div. 1 + Div. 2, Rated, Prizes!)",ENGINEER_X,7169,1732383300,785,825
2039,"CodeTON Round 9 (Div. 1 + Div. 2, Rated, Prizes!)",bimat,7169,1732383300,1033,1005
2039,"CodeTON Round 9 (Div. 1 + Div. 2, Rated, Prizes!)",Karthik_Gutti,7169,1732383300,1081,1042
2039,"CodeTON Round 9 (Div. 1 + Div. 2, Rated, Prizes!)",Nikhil_Patidar687,7169,1732383300,729,788
2039,"CodeTON Round 9 (Div. 1 + Div. 2, Rated, Prizes!)",I_am_waqib_,7169,1732383300,1008,986
2039,"CodeTON Round 9 (Div. 1 + Div. 2, Rated, Prizes!)",Wangyizecss,7169,1732383300,648,834
2039,"CodeTON Round 9 (Div. 1 + Div. 2, Rated, Prizes!)",kanika_262,7169,1732383300,750,801
2039,"CodeTON Round 9 (Div. 1 + Div. 2, Rated, Prizes!)",piyu_skimmer,7169,1732383300,0,408
2039,"CodeTON Round 9 (Div. 1 + Div. 2, Rated, Prizes!)",Ultr4_Instinct,7169,1732383300,1250,1176
2039,"CodeTON Round 9 (Div. 1 + Div. 2, Rated, Prizes!)",khoiduong2913,7169,1732383300,880,891
2039,"CodeTON Round 9 (Div. 1 + Div. 2, Rated, Prizes!)",chaotique,7169,1732383300,1370,1272
2039,"CodeTON Round 9 (Div. 1 + Div. 2, Rated, Prizes!)",LightClear,7169,1732383300,832,932
2039,"CodeTON Round 9 (Div. 1 + Div. 2, Rated, Prizes!)",Griffith,7169,1732383300,1004,983
2039,"CodeTON Round 9 (Div. 1 + Div. 2, Rated, Prizes!)",HatKid21,7169,1732383300,1056,1023
2039,"CodeTON Round 9 (Div. 1 + Div. 2, Rated, Prizes!)",Depressed_C0der,7169,1732383300,1143,1091
2039,"CodeTON Round 9 (Div. 1 + Div. 2, Rated, Prizes!)",thedoorgoesboom,7169,1732383300,0,408
2039,"CodeTON Round 9 (Div. 1 + Div. 2, Rated, Prizes!)",avi_boy,7169,1732383300,1369,1271
2039,"CodeTON Round 9 (Div. 1 + Div. 2, Rated, Prizes!)",LazyLambda,7169,1732383300,1085,1045
2039,"CodeTON Round 9 (Div. 1 + Div. 2, Rated, Prizes!)",prateek100200,7169,1732383300,1050,1018
2039,"CodeTON Round 9 (Div. 1 + Div. 2, Rated, Prizes!)",imransihab0,7169,1732383300,932,928
2039,"CodeTON Round 9 (Div. 1 + Div. 2, Rated, Prizes!)",so_long,7169,1732383300,1141,1089
2039,"CodeTON Round 9 (Div. 1 + Div. 2, Rated, Prizes!)",Sunny_5491,7169,1732383300,792,830
2039,"CodeTON Round 9 (Div. 1 + Div. 2, Rated, Prizes!)",shogunexe,7169,1732383300,1246,1213
2039,"CodeTON Round 9 (Div. 1 + Div. 2, Rated, Prizes!)",te3fi,7169,1732383300,1224,1155
2039,"CodeTON Round 9 (Div. 1 + Div. 2, Rated, Prizes!)",Hamcker,7169,1732383300,1018,994
2039,"CodeTON Round 9 (Div. 1 + Div. 2, Rated, Prizes!)",pablo-acha,7169,1732383300,1110,1065
2039,"CodeTON Round 9 (Div. 1 + Div. 2, Rated, Prizes!)",chyragym,7169,1732383300,1029,1002
2039,"CodeTON Round 9 (Div. 1 + Div. 2, Rated, Prizes!)",QWQsyc,7169,1732383300,0,408
2039,"CodeTON Round 9 (Div. 1 + Div. 2, Rated, Prizes!)",ankonroy,7169,1732383300,1229,1159
2039,"CodeTON Round 9 (Div. 1 + Div. 2, Rated, Prizes!)",mnsarker116,7169,1732383300,871,921
2039,"CodeTON Round 9 (Div. 1 + Div. 2, Rated, Prizes!)",mkrtich_2010_,7169,1732383300,923,922
2039,"CodeTON Round 9 (Div. 1 + Div. 2, Rated, Prizes!)",camille000000,7169,1732383300,675,856
2039,"CodeTON Round 9 (Div. 1 + Div. 2, Rated, Prizes!)",Shakuu,7169,1732383300,0,408
2039,"CodeTON Round 9 (Div. 1 + Div. 2, Rated, Prizes!)",JDqwq,7169,1732383300,787,897
2039,"CodeTON Round 9 (Div. 1 + Div. 2, Rated, Prizes!)",ltghung24,7169,1732383300,614,808
2039,"CodeTON Round 9 (Div. 1 + Div. 2, Rated, Prizes!)",iamsazidh,7169,1732383300,673,854
2039,"CodeTON Round 9 (Div. 1 + Div. 2, Rated, Prizes!)",chauhanbikash789,7169,1732383300,869,883
2039,"CodeTON Round 9 (Div. 1 + Div. 2, Rated, Prizes!)",LoneWalker,7169,1732383300,964,1037
2039,"CodeTON Round 9 (Div. 1 + Div. 2, Rated, Prizes!)",Eusebia,7169,1732383300,815,845
2039,"CodeTON Round 9 (Div. 1 + Div. 2, Rated, Prizes!)",chakriyvs,7169,1732383300,923,922
2039,"CodeTON Round 9 (Div. 1 + Div. 2, Rated, Prizes!)",Yo_brow,7169,1732383300,411,675
2039,"CodeTON Round 9 (Div. 1 + Div. 2, Rated, Prizes!)",B-127,7169,1732383300,1346,1252
2039,"CodeTON Round 9 (Div. 1 + Div. 2, Rated, Prizes!)",bitwise_alexorr,7169,1732383300,1031,1004
2039,"CodeTON Round 9 (Div. 1 + Div. 2, Rated, Prizes!)",Prakharg_8651,7169,1732383300,0,408
2039,"CodeTON Round 9 (Div. 1 + Div. 2, Rated, Prizes!)",black_hat_inside,7169,1732383300,1341,1249
2039,"CodeTON Round 9 (Div. 1 + Div. 2, Rated, Prizes!)",sungso376,7169,1732383300,479,730
2039,"CodeTON Round 9 (Div. 1 + Div. 2, Rated, Prizes!)",in_your_thoughts,7222,1732383300,868,942
2039,"CodeTON Round 9 (Div. 1 + Div. 2, Rated, Prizes!)",Dark_Mind,7222,1732383300,981,963
2039,"CodeTON Round 9 (Div. 1 + Div. 2, Rated, Prizes!)",huutho27102005,7222,1732383300,716,887
2039,"CodeTON Round 9 (Div. 1 + Div. 2, Rated, Prizes!)",Info_coder_sys,7222,1732383300,947,976
2039,"CodeTON Round 9 (Div. 1 + Div. 2, Rated, Prizes!)",Namanush,7222,1732383300,1024,996
2039,"CodeTON Round 9 (Div. 1 + Div. 2, Rated, Prizes!)",ohooo1,7222,1732383300,833,931
2039,"CodeTON Round 9 (Div. 1 + Div. 2, Rated, Prizes!)",adiroy2,7222,1732383300,1185,1122
2039,"CodeTON Round 9 (Div. 1 + Div. 2, Rated, Prizes!)",SCHBoomer,7222,1732383300,998,977
2039,"CodeTON Round 9 (Div. 1 + Div. 2, Rated, Prizes!)",Kovi_coder,7222,1732383300,1172,1112
2039,"CodeTON Round 9 (Div. 1 + Div. 2, Rated, Prizes!)",cnujiji,7222,1732383300,1091,1048
2039,"CodeTON Round 9 (Div. 1 + Div. 2, Rated, Prizes!)",au3799,7222,1732383300,1301,1215
2039,"CodeTON Round 9 (Div. 1 + Div. 2, Rated, Prizes!)",18218498874,7222,1732383300,899,903
2039,"CodeTON Round 9 (Div. 1 + Div. 2, Rated, Prizes!)",tertospacko,7222,1732383300,758,804
2039,"CodeTON Round 9 (Div. 1 + Div. 2, Rated, Prizes!)",Coeldesu,7222,1732383300,661,843
2039,"CodeTON Round 9 (Div. 1 + Div. 2, Rated, Prizes!)",Flickyyy,7222,1732383300,1219,1150
2039,"CodeTON Round 9 (Div. 1 + Div. 2, Rated, Prizes!)",testers,7222,1732383300,0,407
2039,"CodeTON Round 9 (Div. 1 + Div. 2, Rated, Prizes!)",ljeek,7222,1732383300,660,842
2039,"CodeTON Round 9 (Div. 1 + Div. 2, Rated, Prizes!)",HJC___666,7222,1732383300,414,676
2039,"CodeTON Round 9 (Div. 1 + Div. 2, Rated, Prizes!)",TaufiQ,7222,1732383300,1063,1026
2039,"CodeTON Round 9 (Div. 1 + Div. 2, Rated, Prizes!)",atpug_ayir,7222,1732383300,816,844
2039,"CodeTON Round 9 (Div. 1 + Div. 2, Rated, Prizes!)",a1234b,7222,1732383300,897,901
2039,"CodeTON Round 9 (Div. 1 + Div. 2, Rated, Prizes!)",nhbao2207,7222,1732383300,1115,1067
2039,"CodeTON Round 9 (Div. 1 + Div. 2, Rated, Prizes!)",infinity08,7222,1732383300,346,621
2039,"CodeTON Round 9 (Div. 1 + Div. 2, Rated, Prizes!)",SeidHub,7222,1732383300,1225,1154
2039,"CodeTON Round 9 (Div. 1 + Div. 2, Rated, Prizes!)",Ebnesamit,7222,1732383300,890,896
2039,"CodeTON Round 9 (Div. 1 + Div. 2, Rated, Prizes!)",cpverse,7222,1732383300,1092,1049
2039,"CodeTON Round 9 (Div. 1 + Div. 2, Rated, Prizes!)",ZnZrYb,7222,1732383300,713,885
2039,"CodeTON Round 9 (Div. 1 + Div. 2, Rated, Prizes!)",Pulokkumar,7222,1732383300,990,970
2039,"CodeTON Round 9 (Div. 1 + Div. 2, Rated, Prizes!)",Rajeev123Ranjan,7222,1732383300,1034,1004
2039,"CodeTON Round 9 (Div. 1 + Div. 2, Rated, Prizes!)",SatyamChoudhary,7222,1732383300,969,954
2039,"CodeTON Round 9 (Div. 1 + Div. 2, Rated, Prizes!)",v0krom,7222,1732383300,786,894
2039,"CodeTON Round 9 (Div. 1 + Div. 2, Rated, Prizes!)",As_Duck,7222,1732383300,894,899
2039,"CodeTON Round 9 (Div. 1 + Div. 2, Rated, Prizes!)",Jabir.Ahmed,7222,1732383300,948,939
2039,"CodeTON Round 9 (Div. 1 + Div. 2, Rated, Prizes!)",coderkingrahul,7222,1732383300,1098,1054
2039,"CodeTON Round 9 (Div. 1 + Div. 2, Rated, Prizes!)",moha1111,7222,1732383300,1084,1043
2039,"CodeTON Round 9 (Div. 1 + Div. 2, Rated, Prizes!)",pratikranjan,7222,1732383300,1165,1107
2039,"CodeTON Round 9 (Div. 1 + Div. 2, Rated, Prizes!)",zmzzzz,7222,1732383300,834,932
2039,"CodeTON Round 9 (Div. 1 + Div. 2, Rated, Prizes!)",faradawn,7222,1732383300,912,994
2039,"CodeTON Round 9 (Div. 1 + Div. 2, Rated, Prizes!)",Charleszzy,7222,1732383300,1131,1080
2039,"CodeTON Round 9 (Div. 1 + Div. 2, Rated, Prizes!)",whopassby,7222,1732383300,1482,1361
2039,"CodeTON Round 9 (Div. 1 + Div. 2, Rated, Prizes!)",SebasKoria,7222,1732383300,1373,1273
2039,"CodeTON Round 9 (Div. 1 + Div. 2, Rated, Prizes!)",justin_lingyyy,7222,1732383300,973,1023
2039,"CodeTON Round 9 (Div. 1 + Div. 2, Rated, Prizes!)",ShonenDev,7222,1732383300,1168,1109
2039,"CodeTON Round 9 (Div. 1 + Div. 2, Rated, Prizes!)",tomxi,7222,1732383300,1298,1253
2039,"CodeTON Round 9 (Div. 1 + Div. 2, Rated, Prizes!)",Zihad_Hossain,7222,1732383300,1081,1040
2039,"CodeTON Round 9 (Div. 1 + Div. 2, Rated, Prizes!)",singhsupriya711,7222,1732383300,846,865
2039,"CodeTON Round 9 (Div. 1 + Div. 2, Rated, Prizes!)",Sergey2006,7222,1732383300,607,800
2039,"CodeTON Round 9 (Div. 1 + Div. 2, Rated, Prizes!)",Jeevith_P,7222,1732383300,980,963
2039,"CodeTON Round 9 (Div. 1 + Div. 2, Rated, Prizes!)",Mihir_Kotecha,7270,1732383300,900,901
2039,"CodeTON Round 9 (Div. 1 + Div. 2, Rated, Prizes!)",VespertineFlower,7270,1732383300,1165,1105
2039,"CodeTON Round 9 (Div. 1 + Div. 2, Rated, Prizes!)",stinca,7270,1732383300,943,933
2039,"CodeTON Round 9 (Div. 1 + Div. 2, Rated, Prizes!)",Srivastava_ji,7270,1732383300,359,630
2039,"CodeTON Round 9 (Div. 1 + Div. 2, Rated, Prizes!)",AnurakRana,7270,1732383300,1062,1024
2039,"CodeTON Round 9 (Div. 1 + Div. 2, Rated, Prizes!)",_foo_,7270,1732383300,1197,1131
2039,"CodeTON Round 9 (Div. 1 + Div. 2, Rated, Prizes!)",bura_t1,7270,1732383300,1350,1253
2039,"CodeTON Round 9 (Div. 1 + Div. 2, Rated, Prizes!)",RohitYuvaraJJadekar,7270,1732383300,1229,1156
2039,"CodeTON Round 9 (Div. 1 + Div. 2, Rated, Prizes!)",ZuiLeiTianShan,7270,1732383300,1265,1185
2039,"CodeTON Round 9 (Div. 1 + Div. 2, Rated, Prizes!)",lakvedant,7270,1732383300,927,921
2039,"CodeTON Round 9 (Div. 1 + Div. 2, Rated, Prizes!)",Rabeirou,7270,1732383300,1107,1099
2039,"CodeTON Round 9 (Div. 1 + Div. 2, Rated, Prizes!)",tssysh,7270,1732383300,881,968
2039,"CodeTON Round 9 (Div. 1 + Div. 2, Rated, Prizes!)",levelNext,7270,1732383300,1021,993
2039,"CodeTON Round 9 (Div. 1 + Div. 2, Rated, Prizes!)",abncdf,7270,1732383300,614,804
2039,"CodeTON Round 9 (Div. 1 + Div. 2, Rated, Prizes!)",its_og,7270,1732383300,0,406
2039,"CodeTON Round 9 (Div. 1 + Div. 2, Rated, Prizes!)",razva23,7270,1732383300,919,979
2039,"CodeTON Round 9 (Div. 1 + Div. 2, Rated, Prizes!)",imshreyam,7270,1732383300,939,930
2039,"CodeTON Round 9 (Div. 1 + Div. 2, Rated, Prizes!)",gadagedegadagadao,7270,1732383300,1384,1281
2039,"CodeTON Round 9 (Div. 1 + Div. 2, Rated, Prizes!)",huycoal2025,7270,1732383300,371,640
2039,"CodeTON Round 9 (Div. 1 + Div. 2, Rated, Prizes!)",Heles,7270,1732383300,652,733
2039,"CodeTON Round 9 (Div. 1 + Div. 2, Rated, Prizes!)",coding_menace,7270,1732383300,356,628
2039,"CodeTON Round 9 (Div. 1 + Div. 2, Rated, Prizes!)",Panther,7270,1732383300,964,987
2039,"CodeTON Round 9 (Div. 1 + Div. 2, Rated, Prizes!)",NIRMAL_SINGH_BHANDARI,7270,1732383300,832,853
2039,"CodeTON Round 9 (Div. 1 + Div. 2, Rated, Prizes!)",ManasaP9,7270,1732383300,759,920
2039,"CodeTON Round 9 (Div. 1 + Div. 2, Rated, Prizes!)",wjh1234,7270,1732383300,1228,1155
2039,"CodeTON Round 9 (Div. 1 + Div. 2, Rated, Prizes!)",tripurari5678,7270,1732383300,862,953
2039,"CodeTON Round 9 (Div. 1 + Div. 2, Rated, Prizes!)",AMIR_B,7270,1732383300,0,406
2039,"CodeTON Round 9 (Div. 1 + Div. 2, Rated, Prizes!)",weizixuan,7270,1732383300,1037,1093
2039,"CodeTON Round 9 (Div. 1 + Div. 2, Rated, Prizes!)",atanas,7270,1732383300,1004,980
2039,"CodeTON Round 9 (Div. 1 + Div. 2, Rated, Prizes!)",Rahul_lrnit,7270,1732383300,1087,1043
2039,"CodeTON Round 9 (Div. 1 + Div. 2, Rated, Prizes!)",Swapnil_Shukla,7270,1732383300,930,923
2039,"CodeTON Round 9 (Div. 1 + Div. 2, Rated, Prizes!)",tasnimul,7270,1732383300,809,911
2039,"CodeTON Round 9 (Div. 1 + Div. 2, Rated, Prizes!)",slkapoor,7270,1732383300,350,623
2039,"CodeTON Round 9 (Div. 1 + Div. 2, Rated, Prizes!)",zowi,7270,1732383300,646,829
2039,"CodeTON Round 9 (Div. 1 + Div. 2, Rated, Prizes!)",bAd_hoc,7270,1732383300,1088,1113
2039,"CodeTON Round 9 (Div. 1 + Div. 2, Rated, Prizes!)",AR_TUFAN,7270,1732383300,898,900
2039,"CodeTON Round 9 (Div. 1 + Div. 2, Rated, Prizes!)",Ivan1503,7270,1732383300,1108,1060
2039,"CodeTON Round 9 (Div. 1 + Div. 2, Rated, Prizes!)",Rey_sh,7270,1732383300,977,958
2039,"CodeTON Round 9 (Div. 1 + Div. 2, Rated, Prizes!)",dinglz,7270,1732383300,870,941
2039,"CodeTON Round 9 (Div. 1 + Div. 2, Rated, Prizes!)",Dewan_Abir_Mahmud,7270,1732383300,840,858
2039,"CodeTON Round 9 (Div. 1 + Div. 2, Rated, Prizes!)",Alamin_20,7270,1732383300,899,900
2039,"CodeTON Round 9 (Div. 1 + Div. 2, Rated, Prizes!)",Fatu_m,7270,1732383300,415,675
2039,"CodeTON Round 9 (Div. 1 + Div. 2, Rated, Prizes!)",pranjalchabra0,7270,1732383300,0,406
2039,"CodeTON Round 9 (Div. 1 + Div. 2, Rated, Prizes!)",mat_eternals,7270,1732383300,950,976
2039,"CodeTON Round 9 (Div. 1 + Div. 2, Rated, Prizes!)",JorgeMartinez,7270,1732383300,977,958
2039,"CodeTON Round 9 (Div. 1 + Div. 2, Rated, Prizes!)",OldAndy,7270,1732383300,999,1043
2039,"CodeTON Round 9 (Div. 1 + Div. 2, Rated, Prizes!)",Na_On,7270,1732383300,939,930
2039,"CodeTON Round 9 (Div. 1 + Div. 2, Rated, Prizes!)",nikhilchaturvedi07,7270,1732383300,965,949
2039,"CodeTON Round 9 (Div. 1 + Div. 2, Rated, Prizes!)",Yiluoke,7270,1732383300,747,794
2039,"CodeTON Round 9 (Div. 1 + Div. 2, Rated, Prizes!)",blinkdev5060,7270,1732383300,0,406
2039,"CodeTON Round 9 (Div. 1 + Div. 2, Rated, Prizes!)",dddamnit,7270,1732383300,1006,981
2039,"CodeTON Round 9 (Div. 1 + Div. 2, Rated, Prizes!)",hhello,7321,1732383300,810,910
2039,"CodeTON Round 9 (Div. 1 + Div. 2, Rated, Prizes!)",kaisen_,7321,1732383300,0,405
2039,"CodeTON Round 9 (Div. 1 + Div. 2, Rated, Prizes!)",_cherrybomb,7321,1732383300,375,642
2039,"CodeTON Round 9 (Div. 1 + Div. 2, Rated, Prizes!)",ekalabya,7321,1732383300,0,405
2039,"CodeTON Round 9 (Div. 1 + Div. 2, Rated, Prizes!)",S_J07,7321,1732383300,911,908
2039,"CodeTON Round 9 (Div. 1 + Div. 2, Rated, Prizes!)",lllu,7321,1732383300,1102,1093
2039,"CodeTON Round 9 (Div. 1 + Div. 2, Rated, Prizes!)",afyuda6,7321,1732383300,1299,1211
2039,"CodeTON Round 9 (Div. 1 + Div. 2, Rated, Prizes!)",AyBarnwal,7321,1732383300,834,913
2039,"CodeTON Round 9 (Div. 1 + Div. 2, Rated, Prizes!)",Temurbek_01,7321,1732383300,1132,1078
2039,"CodeTON Round 9 (Div. 1 + Div. 2, Rated, Prizes!)",REEED,7321,1732383300,658,735
2039,"CodeTON Round 9 (Div. 1 + Div. 2, Rated, Prizes!)",lamocha,7321,1732383300,1220,1148
2039,"CodeTON Round 9 (Div. 1 + Div. 2, Rated, Prizes!)",sparse_brainer,7321,1732383300,948,935
2039,"CodeTON Round 9 (Div. 1 + Div. 2, Rated, Prizes!)",_sultan_ul_arfin_,7321,1732383300,955,940
2039,"CodeTON Round 9 (Div. 1 + Div. 2, Rated, Prizes!)",Motiky007,7321,1732383300,1095,1048
2039,"CodeTON Round 9 (Div. 1 + Div. 2, Rated, Prizes!)",oppoadityabh,7321,1732383300,571,681
2039,"CodeTON Round 9 (Div. 1 + Div. 2, Rated, Prizes!)",JATINOP7,7321,1732383300,1003,1045
2039,"CodeTON Round 9 (Div. 1 + Div. 2, Rated, Prizes!)",kjwle7,7321,1732383300,394,657
2039,"CodeTON Round 9 (Div. 1 + Div. 2, Rated, Prizes!)",Arpit_Upadhyay,7321,1732383300,1172,1109
2039,"CodeTON Round 9 (Div. 1 + Div. 2, Rated, Prizes!)",028_Chandan,7321,1732383300,1114,1063
2039,"CodeTON Round 9 (Div. 1 + Div. 2, Rated, Prizes!)",marzan3100,7321,1732383300,987,965
2039,"CodeTON Round 9 (Div. 1 + Div. 2, Rated, Prizes!)",honeybutterwaffle,7321,1732383300,1128,1074
2039,"CodeTON Round 9 (Div. 1 + Div. 2, Rated, Prizes!)",HCCoder,7321,1732383300,1166,1105
2039,"CodeTON Round 9 (Div. 1 + Div. 2, Rated, Prizes!)",hassan_nawaz,7321,1732383300,1041,1006
2039,"CodeTON Round 9 (Div. 1 + Div. 2, Rated, Prizes!)",Sarthak297,7321,1732383300,982,961
2039,"CodeTON Round 9 (Div. 1 + Div. 2, Rated, Prizes!)",Dhanush_arch,7321,1732383300,1036,1002
2039,"CodeTON Round 9 (Div. 1 + Div. 2, Rated, Prizes!)",al3515,7321,1732383300,0,405
2039,"CodeTON Round 9 (Div. 1 + Div. 2, Rated, Prizes!)",Kirmada_324,7321,1732383300,871,941
2039,"CodeTON Round 9 (Div. 1 + Div. 2, Rated, Prizes!)",HeadAche__,7321,1732383300,941,929
2039,"CodeTON Round 9 (Div. 1 + Div. 2, Rated, Prizes!)",Roshan_jha,7321,1732383300,996,972
2039,"CodeTON Round 9 (Div. 1 + Div. 2, Rated, Prizes!)",V1yom,7321,1732383300,362,632
2039,"CodeTON Round 9 (Div. 1 + Div. 2, Rated, Prizes!)",SYnthetic,7321,1732383300,933,924
2039,"CodeTON Round 9 (Div. 1 + Div. 2, Rated, Prizes!)",wanna_try,7321,1732383300,1051,1014
2039,"CodeTON Round 9 (Div. 1 + Div. 2, Rated, Prizes!)",krohit22,7321,1732383300,1041,1006
2039,"CodeTON Round 9 (Div. 1 + Div. 2, Rated, Prizes!)",spami,7321,1732383300,1084,1039
2039,"CodeTON Round 9 (Div. 1 + Div. 2, Rated, Prizes!)",999663,7321,1732383300,0,405
2039,"CodeTON Round 9 (Div. 1 + Div. 2, Rated, Prizes!)",rahul_ghosh,7321,1732383300,964,947
2039,"CodeTON Round 9 (Div. 1 + Div. 2, Rated, Prizes!)",tmz09,7321,1732383300,828,848
2039,"CodeTON Round 9 (Div. 1 + Div. 2, Rated, Prizes!)",spatham,7321,1732383300,738,786
2039,"CodeTON Round 9 (Div. 1 + Div. 2, Rated, Prizes!)",Shafahid,7321,1732383300,1035,1002
2039,"CodeTON Round 9 (Div. 1 + Div. 2, Rated, Prizes!)",vaibhavsetiya,7321,1732383300,749,794
2039,"CodeTON Round 9 (Div. 1 + Div. 2, Rated, Prizes!)",minhtien118,7321,1732383300,926,1003
2039,"CodeTON Round 9 (Div. 1 + Div. 2, Rated, Prizes!)",bobbyCodes,7362,1732383300,879,945
2039,"CodeTON Round 9 (Div. 1 + Div. 2, Rated, Prizes!)",shakib,7362,1732383300,954,937
2039,"CodeTON Round 9 (Div. 1 + Div. 2, Rated, Prizes!)",rajon_mbstu,7362,1732383300,813,835
2039,"CodeTON Round 9 (Div. 1 + Div. 2, Rated, Prizes!)",MAD_N0_1,7362,1732383300,1058,1018
2039,"CodeTON Round 9 (Div. 1 + Div. 2, Rated, Prizes!)",TawratNibir,7362,1732383300,831,847
2039,"CodeTON Round 9 (Div. 1 + Div. 2, Rated, Prizes!)",furyfist,7362,1732383300,940,927
2039,"CodeTON Round 9 (Div. 1 + Div. 2, Rated, Prizes!)",ReyadV2.0,7362,1732383300,763,800
2039,"CodeTON Round 9 (Div. 1 + Div. 2, Rated, Prizes!)",medbar,7362,1732383300,1073,1029
2039,"CodeTON Round 9 (Div. 1 + Div. 2, Rated, Prizes!)",extruder,7362,1732383300,1114,1062
2039,"CodeTON Round 9 (Div. 1 + Div. 2, Rated, Prizes!)",songsang2024,7362,1732383300,0,403
2039,"CodeTON Round 9 (Div. 1 + Div. 2, Rated, Prizes!)",Iron_man_bd,7362,1732383300,788,891
2039,"CodeTON Round 9 (Div. 1 + Div. 2, Rated, Prizes!)",I_hate_ma_life,7362,1732383300,1138,1081
2039,"CodeTON Round 9 (Div. 1 + Div. 2, Rated, Prizes!)",Born_To_Laugh,7362,1732383300,886,969
2039,"CodeTON Round 9 (Div. 1 + Div. 2, Rated, Prizes!)",FIAZE_AHAMED,7362,1732383300,931,920
2039,"CodeTON Round 9 (Div. 1 + Div. 2, Rated, Prizes!)",mani_kanta__p,7362,1732383300,987,962
2039,"CodeTON Round 9 (Div. 1 + Div. 2, Rated, Prizes!)",finalventure,7362,1732383300,0,403
2039,"CodeTON Round 9 (Div. 1 + Div. 2, Rated, Prizes!)",shuji204,7362,1732383300,1307,1216
2039,"CodeTON Round 9 (Div. 1 + Div. 2, Rated, Prizes!)",orkag,7362,1732383300,1142,1154
2039,"CodeTON Round 9 (Div. 1 + Div. 2, Rated, Prizes!)",_BILIEVE_,7362,1732383300,993,967
2039,"CodeTON Round 9 (Div. 1 + Div. 2, Rated, Prizes!)",August,7362,1732383300,793,821
2039,"CodeTON Round 9 (Div. 1 + Div. 2, Rated, Prizes!)",rochakagrahari,7362,1732383300,680,855
2039,"CodeTON Round 9 (Div. 1 + Div. 2, Rated, Prizes!)",HazeraRitu,7362,1732383300,886,887
2039,"CodeTON Round 9 (Div. 1 + Div. 2, Rated, Prizes!)",naveen_8801,7362,1732383300,1070,1027
2039,"CodeTON Round 9 (Div. 1 + Div. 2, Rated, Prizes!)",teens_contestant,7362,1732383300,781,870
2039,"CodeTON Round 9 (Div. 1 + Div. 2, Rated, Prizes!)",zero_orez,7362,1732383300,1346,1248
2039,"CodeTON Round 9 (Div. 1 + Div. 2, Rated, Prizes!)",shaker-500,7362,1732383300,967,948
2039,"CodeTON Round 9 (Div. 1 + Div. 2, Rated, Prizes!)",DSTJZ,7362,1732383300,976,1021
2039,"CodeTON Round 9 (Div. 1 + Div. 2, Rated, Prizes!)",UhOh,7362,1732383300,697,868
2039,"CodeTON Round 9 (Div. 1 + Div. 2, Rated, Prizes!)",Mountain_Planet,7362,1732383300,899,896
2039,"CodeTON Round 9 (Div. 1 + Div. 2, Rated, Prizes!)",x-fresher,7362,1732383300,1002,1042
2039,"CodeTON Round 9 (Div. 1 + Div. 2, Rated, Prizes!)",casuael_,7362,1732383300,1177,1112
2039,"CodeTON Round 9 (Div. 1 + Div. 2, Rated, Prizes!)",d3v.souparno.ch28,7362,1732383300,966,1013
2039,"CodeTON Round 9 (Div. 1 + Div. 2, Rated, Prizes!)",sayem.shuvo999,7362,1732383300,807,831
2039,"CodeTON Round 9 (Div. 1 + Div. 2, Rated, Prizes!)",Faraz.F.A,7362,1732383300,954,937
2039,"CodeTON Round 9 (Div. 1 + Div. 2, Rated, Prizes!)",just_anormal_guy,7362,1732383300,397,658
2039,"CodeTON Round 9 (Div. 1 + Div. 2, Rated, Prizes!)",DarkBlade,7362,1732383300,1065,1023
2039,"CodeTON Round 9 (Div. 1 + Div. 2, Rated, Prizes!)",Bokl2002,7362,1732383300,1072,1028
2039,"CodeTON Round 9 (Div. 1 + Div. 2, Rated, Prizes!)",4sln,7362,1732383300,601,791
2039,"CodeTON Round 9 (Div. 1 + Div. 2, Rated, Prizes!)",Big.DragoN,7362,1732383300,983,960
2039,"CodeTON Round 9 (Div. 1 + Div. 2, Rated, Prizes!)",arnabc13,7362,1732383300,1003,975
2039,"CodeTON Round 9 (Div. 1 + Div. 2, Rated, Prizes!)",Kageyama_29,7362,1732383300,1191,1123
2039,"CodeTON Round 9 (Div. 1 + Div. 2, Rated, Prizes!)",pankaj_c,7362,1732383300,1131,1075
2039,"CodeTON Round 9 (Div. 1 + Div. 2, Rated, Prizes!)",rajesh-1920,7362,1732383300,1199,1129
2039,"CodeTON Round 9 (Div. 1 + Div. 2, Rated, Prizes!)",zxting,7362,1732383300,335,608
2039,"CodeTON Round 9 (Div. 1 + Div. 2, Rated, Prizes!)",_ronak_,7362,1732383300,642,824
2039,"CodeTON Round 9 (Div. 1 + Div. 2, Rated, Prizes!)",MubtasimSajid,7362,1732383300,1047,1009
2039,"CodeTON Round 9 (Div. 1 + Div. 2, Rated, Prizes!)",twj_ink,7362,1732383300,998,971
2039,"CodeTON Round 9 (Div. 1 + Div. 2, Rated, Prizes!)",bwbingyi,7362,1732383300,0,403
2039,"CodeTON Round 9 (Div. 1 + Div. 2, Rated, Prizes!)",karthik_g_k,7362,1732383300,1037,1001
2039,"CodeTON Round 9 (Div. 1 + Div. 2, Rated, Prizes!)",LTL1541,7362,1732383300,414,672
2039,"CodeTON Round 9 (Div. 1 + Div. 2, Rated, Prizes!)",lynx17,7362,1732383300,906,902
2039,"CodeTON Round 9 (Div. 1 + Div. 2, Rated, Prizes!)",Dhrubo_Paul,7362,1732383300,1062,1021
2039,"CodeTON Round 9 (Div. 1 + Div. 2, Rated, Prizes!)",sunny009,7362,1732383300,752,793
2039,"CodeTON Round 9 (Div. 1 + Div. 2, Rated, Prizes!)",yanshisharma,7362,1732383300,930,985
2039,"CodeTON Round 9 (Div. 1 + Div. 2, Rated, Prizes!)",Martinien_ENSAF,7416,1732383300,1062,1019
2039,"CodeTON Round 9 (Div. 1 + Div. 2, Rated, Prizes!)",Kalagh,7416,1732383300,1029,993
2039,"CodeTON Round 9 (Div. 1 + Div. 2, Rated, Prizes!)",COMET.w,7416,1732383300,349,618
2039,"CodeTON Round 9 (Div. 1 + Div. 2, Rated, Prizes!)",nikhs114,7416,1732383300,1055,1053
2039,"CodeTON Round 9 (Div. 1 + Div. 2, Rated, Prizes!)",shreyasrajiv327,7416,1732383300,0,402
2039,"CodeTON Round 9 (Div. 1 + Div. 2, Rated, Prizes!)",RezaYazdi,7416,1732383300,1286,1198
2039,"CodeTON Round 9 (Div. 1 + Div. 2, Rated, Prizes!)",Shadid_H_Niloy,7416,1732383300,801,824
2039,"CodeTON Round 9 (Div. 1 + Div. 2, Rated, Prizes!)",anasalaa4869,7416,1732383300,992,965
2039,"CodeTON Round 9 (Div. 1 + Div. 2, Rated, Prizes!)",dangerouszombie,7416,1732383300,1217,1143
2039,"CodeTON Round 9 (Div. 1 + Div. 2, Rated, Prizes!)",marlpzg,7416,1732383300,993,966
2039,"CodeTON Round 9 (Div. 1 + Div. 2, Rated, Prizes!)",SiyamBhuiyan,7416,1732383300,999,970
2039,"CodeTON Round 9 (Div. 1 + Div. 2, Rated, Prizes!)",domovoi,7416,1732383300,1283,1196
2039,"CodeTON Round 9 (Div. 1 + Div. 2, Rated, Prizes!)",Machinist99,7416,1732383300,783,812
2039,"CodeTON Round 9 (Div. 1 + Div. 2, Rated, Prizes!)",inverno_yt,7416,1732383300,804,902
2039,"CodeTON Round 9 (Div. 1 + Div. 2, Rated, Prizes!)",panzian,7416,1732383300,886,922
2039,"CodeTON Round 9 (Div. 1 + Div. 2, Rated, Prizes!)",yangyunzhe,7416,1732383300,1021,987
2039,"CodeTON Round 9 (Div. 1 + Div. 2, Rated, Prizes!)",anke2017,7416,1732383300,0,402
2039,"CodeTON Round 9 (Div. 1 + Div. 2, Rated, Prizes!)",samen05,7416,1732383300,356,624
2039,"CodeTON Round 9 (Div. 1 + Div. 2, Rated, Prizes!)",ayush25khanna,7416,1732383300,1071,1026
2039,"CodeTON Round 9 (Div. 1 + Div. 2, Rated, Prizes!)",Kuonj1_C4t,7416,1732383300,839,913
2039,"CodeTON Round 9 (Div. 1 + Div. 2, Rated, Prizes!)",zuzo_is_still_a_noob,7416,1732383300,921,910
2039,"CodeTON Round 9 (Div. 1 + Div. 2, Rated, Prizes!)",Potemashu,7416,1732383300,431,685
2039,"CodeTON Round 9 (Div. 1 + Div. 2, Rated, Prizes!)",saifalrahman,7416,1732383300,981,956
2039,"CodeTON Round 9 (Div. 1 + Div. 2, Rated, Prizes!)",focus_2025,7416,1732383300,1083,1036
2039,"CodeTON Round 9 (Div. 1 + Div. 2, Rated, Prizes!)",lit1numyt_,7416,1732383300,1037,1000
2039,"CodeTON Round 9 (Div. 1 + Div. 2, Rated, Prizes!)",nicowilliams,7416,1732383300,804,902
2039,"CodeTON Round 9 (Div. 1 + Div. 2, Rated, Prizes!)",mhidi,7416,1732383300,807,828
2039,"CodeTON Round 9 (Div. 1 + Div. 2, Rated, Prizes!)",tahmid955,7416,1732383300,823,839
2039,"CodeTON Round 9 (Div. 1 + Div. 2, Rated, Prizes!)",saberky,7416,1732383300,768,874
2039,"CodeTON Round 9 (Div. 1 + Div. 2, Rated, Prizes!)",10FilaTov01,7416,1732383300,1065,1021
2039,"CodeTON Round 9 (Div. 1 + Div. 2, Rated, Prizes!)",naodmulu,7416,1732383300,866,870
2039,"CodeTON Round 9 (Div. 1 + Div. 2, Rated, Prizes!)",PranjalGupta280,7416,1732383300,864,869
2039,"CodeTON Round 9 (Div. 1 + Div. 2, Rated, Prizes!)",cornoide,7416,1732383300,393,654
2039,"CodeTON Round 9 (Div. 1 + Div. 2, Rated, Prizes!)",Arjungr8,7416,1732383300,1071,1026
2039,"CodeTON Round 9 (Div. 1 + Div. 2, Rated, Prizes!)",Rohidul,7416,1732383300,636,715
2039,"CodeTON Round 9 (Div. 1 + Div. 2, Rated, Prizes!)",Xzzzzzzb,7416,1732383300,1175,1149
2039,"CodeTON Round 9 (Div. 1 + Div. 2, Rated, Prizes!)",Praveen2112,7416,1732383300,786,814
2039,"CodeTON Round 9 (Div. 1 + Div. 2, Rated, Prizes!)",San-43,7416,1732383300,624,808
2039,"CodeTON Round 9 (Div. 1 + Div. 2, Rated, Prizes!)",rocketman11,7416,1732383300,877,915
2039,"CodeTON Round 9 (Div. 1 + Div. 2, Rated, Prizes!)",e_mur0d_,7416,1732383300,908,901
2039,"CodeTON Round 9 (Div. 1 + Div. 2, Rated, Prizes!)",rspk,7416,1732383300,927,915
2039,"CodeTON Round 9 (Div. 1 + Div. 2, Rated, Prizes!)",Sage_Eklavya,7416,1732383300,0,402
2039,"CodeTON Round 9 (Div. 1 + Div. 2, Rated, Prizes!)",Nurmyrat,7416,1732383300,971,949
2039,"CodeTON Round 9 (Div. 1 + Div. 2, Rated, Prizes!)",Madhav_2023,7416,1732383300,909,902
2039,"CodeTON Round 9 (Div. 1 + Div. 2, Rated, Prizes!)",Dongchy666,7416,1732383300,1026,1030
2039,"CodeTON Round 9 (Div. 1 + Div. 2, Rated, Prizes!)",DaniilD,7461,1732383300,1310,1217
2039,"CodeTON Round 9 (Div. 1 + Div. 2, Rated, Prizes!)",Tian_Ming_Yo,7461,1732383300,0,401
2039,"CodeTON Round 9 (Div. 1 + Div. 2, Rated, Prizes!)",r_umesh,7461,1732383300,993,964
2039,"CodeTON Round 9 (Div. 1 + Div. 2, Rated, Prizes!)",eargle,7461,1732383300,0,401
2039,"CodeTON Round 9 (Div. 1 + Div. 2, Rated, Prizes!)",19CSE025,7461,1732383300,449,602
2039,"CodeTON Round 9 (Div. 1 + Div. 2, Rated, Prizes!)",manas011,7461,1732383300,975,950
2039,"CodeTON Round 9 (Div. 1 + Div. 2, Rated, Prizes!)",evan0410,7461,1732383300,866,868
2039,"CodeTON Round 9 (Div. 1 + Div. 2, Rated, Prizes!)",Ankit0704,7461,1732383300,400,658
2039,"CodeTON Round 9 (Div. 1 + Div. 2, Rated, Prizes!)",saniulislamsony15,7461,1732383300,932,917
2039,"CodeTON Round 9 (Div. 1 + Div. 2, Rated, Prizes!)",suryareddy0907,7461,1732383300,906,898
2039,"CodeTON Round 9 (Div. 1 + Div. 2, Rated, Prizes!)",beThe1,7461,1732383300,837,848
2039,"CodeTON Round 9 (Div. 1 + Div. 2, Rated, Prizes!)",LastAccount,7461,1732383300,861,998
2039,"CodeTON Round 9 (Div. 1 + Div. 2, Rated, Prizes!)",cf_wind,7461,1732383300,1164,1099
2039,"CodeTON Round 9 (Div. 1 + Div. 2, Rated, Prizes!)",h21939013,7461,1732383300,899,930
2039,"CodeTON Round 9 (Div. 1 + Div. 2, Rated, Prizes!)",-Naoki,7461,1732383300,838,910
2039,"CodeTON Round 9 (Div. 1 + Div. 2, Rated, Prizes!)",NITUL_,7461,1732383300,1158,1094
2039,"CodeTON Round 9 (Div. 1 + Div. 2, Rated, Prizes!)",Crystal_Tanishq,7461,1732383300,942,925
2039,"CodeTON Round 9 (Div. 1 + Div. 2, Rated, Prizes!)",yunzhong240924,7461,1732383300,1211,1137
2039,"CodeTON Round 9 (Div. 1 + Div. 2, Rated, Prizes!)",Dash10107,7461,1732383300,418,673
2039,"CodeTON Round 9 (Div. 1 + Div. 2, Rated, Prizes!)",Arif.30,7461,1732383300,802,823
2039,"CodeTON Round 9 (Div. 1 + Div. 2, Rated, Prizes!)",yuanzhan,7461,1732383300,625,808
2039,"CodeTON Round 9 (Div. 1 + Div. 2, Rated, Prizes!)",Lo0ser_42,7461,1732383300,1128,1070
2039,"CodeTON Round 9 (Div. 1 + Div. 2, Rated, Prizes!)",Checkmate.,7461,1732383300,1180,1112
2039,"CodeTON Round 9 (Div. 1 + Div. 2, Rated, Prizes!)",vishalkumar.singh.cer21,7461,1732383300,1092,1041
2039,"CodeTON Round 9 (Div. 1 + Div. 2, Rated, Prizes!)",mustakimmahde,7461,1732383300,641,820
2039,"CodeTON Round 9 (Div. 1 + Div. 2, Rated, Prizes!)",H1ggs,7461,1732383300,349,617
2039,"CodeTON Round 9 (Div. 1 + Div. 2, Rated, Prizes!)",fahim_7272,7461,1732383300,1154,1091
2039,"CodeTON Round 9 (Div. 1 + Div. 2, Rated, Prizes!)",jimaa_,7461,1732383300,1135,1075
2039,"CodeTON Round 9 (Div. 1 + Div. 2, Rated, Prizes!)",cfwxh,7461,1732383300,867,933
2039,"CodeTON Round 9 (Div. 1 + Div. 2, Rated, Prizes!)",batryzhan,7461,1732383300,762,868
2039,"CodeTON Round 9 (Div. 1 + Div. 2, Rated, Prizes!)",Muyuxii,7461,1732383300,1094,1043
2039,"CodeTON Round 9 (Div. 1 + Div. 2, Rated, Prizes!)",AbhidiptaRoy2004,7461,1732383300,811,829
2039,"CodeTON Round 9 (Div. 1 + Div. 2, Rated, Prizes!)",alexwerner9,7461,1732383300,360,626
2039,"CodeTON Round 9 (Div. 1 + Div. 2, Rated, Prizes!)",zenha,7461,1732383300,670,735
2039,"CodeTON Round 9 (Div. 1 + Div. 2, Rated, Prizes!)",Sleep_Mode_Reborn,7461,1732383300,955,935
2039,"CodeTON Round 9 (Div. 1 + Div. 2, Rated, Prizes!)",junak_paul123,7461,1732383300,1036,998
2039,"CodeTON Round 9 (Div. 1 + Div. 2, Rated, Prizes!)",__Anshul__,7461,1732383300,1109,1055
2039,"CodeTON Round 9 (Div. 1 + Div. 2, Rated, Prizes!)",spidey777,7461,1732383300,999,969
2039,"CodeTON Round 9 (Div. 1 + Div. 2, Rated, Prizes!)",SiddharthVarma,7461,1732383300,388,649
2039,"CodeTON Round 9 (Div. 1 + Div. 2, Rated, Prizes!)",santi3223,7461,1732383300,1163,1098
2039,"CodeTON Round 9 (Div. 1 + Div. 2, Rated, Prizes!)",amanbadone,7461,1732383300,807,826
2039,"CodeTON Round 9 (Div. 1 + Div. 2, Rated, Prizes!)",Maliha225,7461,1732383300,852,858
2039,"CodeTON Round 9 (Div. 1 + Div. 2, Rated, Prizes!)",de_god,7461,1732383300,0,401
2039,"CodeTON Round 9 (Div. 1 + Div. 2, Rated, Prizes!)",Siam84,7504,1732383300,845,852
2039,"CodeTON Round 9 (Div. 1 + Div. 2, Rated, Prizes!)",_jahnavi_andey_,7504,1732383300,801,897
2039,"CodeTON Round 9 (Div. 1 + Div. 2, Rated, Prizes!)",Manasa1012,7504,1732383300,1009,975
2039,"CodeTON Round 9 (Div. 1 + Div. 2, Rated, Prizes!)",Edelm1ro,7504,1732383300,436,687
2039,"CodeTON Round 9 (Div. 1 + Div. 2, Rated, Prizes!)",moderax_draxx,7504,1732383300,882,879
2039,"CodeTON Round 9 (Div. 1 + Div. 2, Rated, Prizes!)",MakSiRp0,7504,1732383300,382,643
2039,"CodeTON Round 9 (Div. 1 + Div. 2, Rated, Prizes!)",anuragkr24,7504,1732383300,1103,1049
2039,"CodeTON Round 9 (Div. 1 + Div. 2, Rated, Prizes!)",_PIASH,7504,1732383300,817,832
2039,"CodeTON Round 9 (Div. 1 + Div. 2, Rated, Prizes!)",mucha_locha,7504,1732383300,902,893
2039,"CodeTON Round 9 (Div. 1 + Div. 2, Rated, Prizes!)",supernova.,7504,1732383300,1155,1091
2039,"CodeTON Round 9 (Div. 1 + Div. 2, Rated, Prizes!)",mastersaksham12345,7504,1732383300,1094,1042
2039,"CodeTON Round 9 (Div. 1 + Div. 2, Rated, Prizes!)",ATAUR_103,7504,1732383300,869,870
2039,"CodeTON Round 9 (Div. 1 + Div. 2, Rated, Prizes!)",karthik.86516,7504,1732383300,817,962
2039,"CodeTON Round 9 (Div. 1 + Div. 2, Rated, Prizes!)",ak476666,7504,1732383300,356,622
2039,"CodeTON Round 9 (Div. 1 + Div. 2, Rated, Prizes!)",hasanmubarok,7504,1732383300,981,954
2039,"CodeTON Round 9 (Div. 1 + Div. 2, Rated, Prizes!)",RoyaleWithCheese069,7504,1732383300,1025,988
2039,"CodeTON Round 9 (Div. 1 + Div. 2, Rated, Prizes!)",dhanshri-sp,7504,1732383300,837,926
2039,"CodeTON Round 9 (Div. 1 + Div. 2, Rated, Prizes!)",KushaK,7504,1732383300,921,908
2039,"CodeTON Round 9 (Div. 1 + Div. 2, Rated, Prizes!)",muhtasim_apon,7504,1732383300,1038,998
2039,"CodeTON Round 9 (Div. 1 + Div. 2, Rated, Prizes!)",gcaltair,7504,1732383300,0,400
2039,"CodeTON Round 9 (Div. 1 + Div. 2, Rated, Prizes!)",Nitish66,7504,1732383300,954,933
2039,"CodeTON Round 9 (Div. 1 + Div. 2, Rated, Prizes!)",mowafaq_1.0,7504,1732383300,598,785
2039,"CodeTON Round 9 (Div. 1 + Div. 2, Rated, Prizes!)",tauhid_musa_rieon,7504,1732383300,666,730
2039,"CodeTON Round 9 (Div. 1 + Div. 2, Rated, Prizes!)",srepuriya24,7504,1732383300,810,905
2039,"CodeTON Round 9 (Div. 1 + Div. 2, Rated, Prizes!)",roberaf329,7504,1732383300,0,400
2039,"CodeTON Round 9 (Div. 1 + Div. 2, Rated, Prizes!)",hongweihaodang,7504,1732383300,608,793
2039,"CodeTON Round 9 (Div. 1 + Div. 2, Rated, Prizes!)",exdeathlight,7504,1732383300,1189,1118
2039,"CodeTON Round 9 (Div. 1 + Div. 2, Rated, Prizes!)",bcbcb66,7504,1732383300,925,911
2039,"CodeTON Round 9 (Div. 1 + Div. 2, Rated, Prizes!)",Decimator69,7504,1732383300,755,789
2039,"CodeTON Round 9 (Div. 1 + Div. 2, Rated, Prizes!)",eeeeeeeeeeeeeeee,7504,1732383300,0,400
2039,"CodeTON Round 9 (Div. 1 + Div. 2, Rated, Prizes!)",Jahdoda,7504,1732383300,1120,1063
2039,"CodeTON Round 9 (Div. 1 + Div. 2, Rated, Prizes!)",Dworak,7504,1732383300,349,616
2039,"CodeTON Round 9 (Div. 1 + Div. 2, Rated, Prizes!)",drimmovka,7536,1732383300,0,400
2039,"CodeTON Round 9 (Div. 1 + Div. 2, Rated, Prizes!)",iwillgo,7536,1732383300,996,963
2039,"CodeTON Round 9 (Div. 1 + Div. 2, Rated, Prizes!)",SudhanshuSM,7536,1732383300,861,899
2039,"CodeTON Round 9 (Div. 1 + Div. 2, Rated, Prizes!)",yes_It_Is_accepted,7536,1732383300,386,645
2039,"CodeTON Round 9 (Div. 1 + Div. 2, Rated, Prizes!)",msaadi.abdellah,7536,1732383300,846,851
2039,"CodeTON Round 9 (Div. 1 + Div. 2, Rated, Prizes!)",Maisoon,7536,1732383300,882,877
2039,"CodeTON Round 9 (Div. 1 + Div. 2, Rated, Prizes!)",prashant_1609,7536,1732383300,845,850
2039,"CodeTON Round 9 (Div. 1 + Div. 2, Rated, Prizes!)",Ahmedkhan_313,7536,1732383300,789,810
2039,"CodeTON Round 9 (Div. 1 + Div. 2, Rated, Prizes!)",limx,7536,1732383300,0,400
2039,"CodeTON Round 9 (Div. 1 + Div. 2, Rated, Prizes!)",ymh06,7536,1732383300,1314,1218
2039,"CodeTON Round 9 (Div. 1 + Div. 2, Rated, Prizes!)",Zareen_Tasnim_Refah,7536,1732383300,1001,968
2039,"CodeTON Round 9 (Div. 1 + Div. 2, Rated, Prizes!)",NLsosad,7536,1732383300,1150,1126
2039,"CodeTON Round 9 (Div. 1 + Div. 2, Rated, Prizes!)",natsirt05,7536,1732383300,1211,1135
2039,"CodeTON Round 9 (Div. 1 + Div. 2, Rated, Prizes!)",blueforces,7536,1732383300,723,765
2039,"CodeTON Round 9 (Div. 1 + Div. 2, Rated, Prizes!)",liop,7536,1732383300,914,901
2039,"CodeTON Round 9 (Div. 1 + Div. 2, Rated, Prizes!)",https_rising,7536,1732383300,0,400
2039,"CodeTON Round 9 (Div. 1 + Div. 2, Rated, Prizes!)",Rafie78,7536,1732383300,732,771
2039,"CodeTON Round 9 (Div. 1 + Div. 2, Rated, Prizes!)",317,7536,1732383300,796,815
2039,"CodeTON Round 9 (Div. 1 + Div. 2, Rated, Prizes!)",sdcodes,7536,1732383300,1311,1216
2039,"CodeTON Round 9 (Div. 1 + Div. 2, Rated, Prizes!)",NaiTension,7536,1732383300,935,917
2039,"CodeTON Round 9 (Div. 1 + Div. 2, Rated, Prizes!)",Nick_der_grosse1,7536,1732383300,415,669
2039,"CodeTON Round 9 (Div. 1 + Div. 2, Rated, Prizes!)",MaybeExpert,7536,1732383300,967,941
2039,"CodeTON Round 9 (Div. 1 + Div. 2, Rated, Prizes!)",vedasreekanikicharla,7536,1732383300,906,895
2039,"CodeTON Round 9 (Div. 1 + Div. 2, Rated, Prizes!)",Outsider0451,7536,1732383300,752,785
2039,"CodeTON Round 9 (Div. 1 + Div. 2, Rated, Prizes!)",SwatiNandha,7536,1732383300,832,841
2039,"CodeTON Round 9 (Div. 1 + Div. 2, Rated, Prizes!)",Zorojuro,7536,1732383300,805,822
2039,"CodeTON Round 9 (Div. 1 + Div. 2, Rated, Prizes!)",watermelonsha,7536,1732383300,935,917
2039,"CodeTON Round 9 (Div. 1 + Div. 2, Rated, Prizes!)",daddymonil,7536,1732383300,906,895
2039,"CodeTON Round 9 (Div. 1 + Div. 2, Rated, Prizes!)",kkiilla,7536,1732383300,0,400
2039,"CodeTON Round 9 (Div. 1 + Div. 2, Rated, Prizes!)",albertalbert,7536,1732383300,836,844
2039,"CodeTON Round 9 (Div. 1 + Div. 2, Rated, Prizes!)",LIPUZHOU,7536,1732383300,892,885
2039,"CodeTON Round 9 (Div. 1 + Div. 2, Rated, Prizes!)",Boom_Wuhuhu,7536,1732383300,615,797
2039,"CodeTON Round 9 (Div. 1 + Div. 2, Rated, Prizes!)",BobaTea,7536,1732383300,1021,1074
2039,"CodeTON Round 9 (Div. 1 + Div. 2, Rated, Prizes!)",ridarfx,7536,1732383300,1196,1122
2039,"CodeTON Round 9 (Div. 1 + Div. 2, Rated, Prizes!)",ai_li,7536,1732383300,0,400
2039,"CodeTON Round 9 (Div. 1 + Div. 2, Rated, Prizes!)",matinanad,7536,1732383300,1127,1107
2039,"CodeTON Round 9 (Div. 1 + Div. 2, Rated, Prizes!)",Adel_Nasyf,7536,1732383300,0,400
2039,"CodeTON Round 9 (Div. 1 + Div. 2, Rated, Prizes!)",lewis_liu,7536,1732383300,921,993
2039,"CodeTON Round 9 (Div. 1 + Div. 2, Rated, Prizes!)",Dra-Carys,7536,1732383300,977,949
2039,"CodeTON Round 9 (Div. 1 + Div. 2, Rated, Prizes!)",Phantom_7,7536,1732383300,349,615
2039,"CodeTON Round 9 (Div. 1 + Div. 2, Rated, Prizes!)",Shivraj44,7576,1732383300,752,783
2039,"CodeTON Round 9 (Div. 1 + Div. 2, Rated, Prizes!)",ferrocene,7576,1732383300,981,951
2039,"CodeTON Round 9 (Div. 1 + Div. 2, Rated, Prizes!)",aarfazafar2,7576,1732383300,425,676
2039,"CodeTON Round 9 (Div. 1 + Div. 2, Rated, Prizes!)",karim002,7576,1732383300,1188,1115
2039,"CodeTON Round 9 (Div. 1 + Div. 2, Rated, Prizes!)",Heba_Mustafa,7576,1732383300,1245,1161
2039,"CodeTON Round 9 (Div. 1 + Div. 2, Rated, Prizes!)",udit_7,7576,1732383300,899,889
2039,"CodeTON Round 9 (Div. 1 + Div. 2, Rated, Prizes!)",elreytilin88,7576,1732383300,763,791
2039,"CodeTON Round 9 (Div. 1 + Div. 2, Rated, Prizes!)",Ammar.IT,7576,1732383300,1016,978
2039,"CodeTON Round 9 (Div. 1 + Div. 2, Rated, Prizes!)",ResurrectionEye,7576,1732383300,629,808
2039,"CodeTON Round 9 (Div. 1 + Div. 2, Rated, Prizes!)",glacierlv,7576,1732383300,645,820
2039,"CodeTON Round 9 (Div. 1 + Div. 2, Rated, Prizes!)",The_Red_Beast,7576,1732383300,976,947
2039,"CodeTON Round 9 (Div. 1 + Div. 2, Rated, Prizes!)",aparkhi,7576,1732383300,835,841
2039,"CodeTON Round 9 (Div. 1 + Div. 2, Rated, Prizes!)",cant_beat,7576,1732383300,646,822
2039,"CodeTON Round 9 (Div. 1 + Div. 2, Rated, Prizes!)",ZORRO1,7576,1732383300,1227,1147
2039,"CodeTON Round 9 (Div. 1 + Div. 2, Rated, Prizes!)",Owasim_Akram,7576,1732383300,886,879
2039,"CodeTON Round 9 (Div. 1 + Div. 2, Rated, Prizes!)",hasanimam64,7576,1732383300,818,830
2039,"CodeTON Round 9 (Div. 1 + Div. 2, Rated, Prizes!)",keetarp_panda,7576,1732383300,954,930
2039,"CodeTON Round 9 (Div. 1 + Div. 2, Rated, Prizes!)",acorneo,7576,1732383300,0,399
2039,"CodeTON Round 9 (Div. 1 + Div. 2, Rated, Prizes!)",Anogh,7576,1732383300,928,911
2039,"CodeTON Round 9 (Div. 1 + Div. 2, Rated, Prizes!)",MARTIIROSYAN,7576,1732383300,928,911
2039,"CodeTON Round 9 (Div. 1 + Div. 2, Rated, Prizes!)",apple666,7576,1732383300,921,905
2039,"CodeTON Round 9 (Div. 1 + Div. 2, Rated, Prizes!)",someone_new_2304,7576,1732383300,939,919
2039,"CodeTON Round 9 (Div. 1 + Div. 2, Rated, Prizes!)",dontTryToFindMe,7576,1732383300,1122,1062
2039,"CodeTON Round 9 (Div. 1 + Div. 2, Rated, Prizes!)",voyager_G,7576,1732383300,913,937
2039,"CodeTON Round 9 (Div. 1 + Div. 2, Rated, Prizes!)",hoangtranducphat,7576,1732383300,774,798
2039,"CodeTON Round 9 (Div. 1 + Div. 2, Rated, Prizes!)",absolutenewbie,7576,1732383300,877,956
2039,"CodeTON Round 9 (Div. 1 + Div. 2, Rated, Prizes!)",TheGrayed,7576,1732383300,346,612
2039,"CodeTON Round 9 (Div. 1 + Div. 2, Rated, Prizes!)",Qingke12138,7576,1732383300,0,399
2039,"CodeTON Round 9 (Div. 1 + Div. 2, Rated, Prizes!)",Readyone,7576,1732383300,773,797
2039,"CodeTON Round 9 (Div. 1 + Div. 2, Rated, Prizes!)",kriti.19,7576,1732383300,882,941
2039,"CodeTON Round 9 (Div. 1 + Div. 2, Rated, Prizes!)",VulpisFoglia,7576,1732383300,403,658
2039,"CodeTON Round 9 (Div. 1 + Div. 2, Rated, Prizes!)",Happiness_3,7576,1732383300,600,784
2039,"CodeTON Round 9 (Div. 1 + Div. 2, Rated, Prizes!)",beng3qidong,7608,1732383300,828,872
2039,"CodeTON Round 9 (Div. 1 + Div. 2, Rated, Prizes!)",hantina,7608,1732383300,474,716
2039,"CodeTON Round 9 (Div. 1 + Div. 2, Rated, Prizes!)",ABC_Time_Limit_786,7608,1732383300,786,805
2039,"CodeTON Round 9 (Div. 1 + Div. 2, Rated, Prizes!)",singhaarushi27,7608,1732383300,815,887
2039,"CodeTON Round 9 (Div. 1 + Div. 2, Rated, Prizes!)",prashikk0,7608,1732383300,1288,1195
2039,"CodeTON Round 9 (Div. 1 + Div. 2, Rated, Prizes!)",IEC2024046,7608,1732383300,885,877
2039,"CodeTON Round 9 (Div. 1 + Div. 2, Rated, Prizes!)",xiaojianhua1110,7608,1732383300,1361,1255
2039,"CodeTON Round 9 (Div. 1 + Div. 2, Rated, Prizes!)",ismister,7608,1732383300,818,890
2039,"CodeTON Round 9 (Div. 1 + Div. 2, Rated, Prizes!)",adam-al-rahman,7608,1732383300,932,912
2039,"CodeTON Round 9 (Div. 1 + Div. 2, Rated, Prizes!)",flashtel18,7608,1732383300,935,914
2039,"CodeTON Round 9 (Div. 1 + Div. 2, Rated, Prizes!)",zw_zy,7608,1732383300,0,398
2039,"CodeTON Round 9 (Div. 1 + Div. 2, Rated, Prizes!)",SuperSunShine,7608,1732383300,1038,994
2039,"CodeTON Round 9 (Div. 1 + Div. 2, Rated, Prizes!)",OmarGoher,7608,1732383300,988,955
2039,"CodeTON Round 9 (Div. 1 + Div. 2, Rated, Prizes!)",capyslay,7608,1732383300,792,887
2039,"CodeTON Round 9 (Div. 1 + Div. 2, Rated, Prizes!)",gorillachoppa,7608,1732383300,1126,1136
2039,"CodeTON Round 9 (Div. 1 + Div. 2, Rated, Prizes!)",Ppp...,7608,1732383300,966,938
2039,"CodeTON Round 9 (Div. 1 + Div. 2, Rated, Prizes!)",harsh_kumar_arya,7608,1732383300,873,868
2039,"CodeTON Round 9 (Div. 1 + Div. 2, Rated, Prizes!)",emper0r_24,7608,1732383300,802,816
2039,"CodeTON Round 9 (Div. 1 + Div. 2, Rated, Prizes!)",mohamedomarasser9,7608,1732383300,878,936
2039,"CodeTON Round 9 (Div. 1 + Div. 2, Rated, Prizes!)",HARSHISBEAST,7608,1732383300,1092,1037
2039,"CodeTON Round 9 (Div. 1 + Div. 2, Rated, Prizes!)",nabihaparvez11,7608,1732383300,995,961
2039,"CodeTON Round 9 (Div. 1 + Div. 2, Rated, Prizes!)",Wittyicon,7608,1732383300,659,720
2039,"CodeTON Round 9 (Div. 1 + Div. 2, Rated, Prizes!)",akarsh911,7608,1732383300,0,398
2039,"CodeTON Round 9 (Div. 1 + Div. 2, Rated, Prizes!)",stepanycevgleb,7608,1732383300,1085,1032
2039,"CodeTON Round 9 (Div. 1 + Div. 2, Rated, Prizes!)",Coffee_Maker,7608,1732383300,1052,1005
2039,"CodeTON Round 9 (Div. 1 + Div. 2, Rated, Prizes!)",JustNoobkkk,7608,1732383300,1025,984
2039,"CodeTON Round 9 (Div. 1 + Div. 2, Rated, Prizes!)",MournInk,7608,1732383300,1112,1124
2039,"CodeTON Round 9 (Div. 1 + Div. 2, Rated, Prizes!)",me_error,7608,1732383300,1013,974
2039,"CodeTON Round 9 (Div. 1 + Div. 2, Rated, Prizes!)",abo0d,7608,1732383300,682,735
2039,"CodeTON Round 9 (Div. 1 + Div. 2, Rated, Prizes!)",Roka_,7608,1732383300,1086,1032
2039,"CodeTON Round 9 (Div. 1 + Div. 2, Rated, Prizes!)",yinyao,7608,1732383300,0,398
2039,"CodeTON Round 9 (Div. 1 + Div. 2, Rated, Prizes!)",dcccccc_______,7608,1732383300,566,756
2039,"CodeTON Round 9 (Div. 1 + Div. 2, Rated, Prizes!)",saidul07,7608,1732383300,840,844
2039,"CodeTON Round 9 (Div. 1 + Div. 2, Rated, Prizes!)",CodeCypher40,7641,1732383300,0,397
2039,"CodeTON Round 9 (Div. 1 + Div. 2, Rated, Prizes!)",Shreyas_14,7641,1732383300,372,631
2039,"CodeTON Round 9 (Div. 1 + Div. 2, Rated, Prizes!)",Mosken,7641,1732383300,422,672
2039,"CodeTON Round 9 (Div. 1 + Div. 2, Rated, Prizes!)",satyamcseforces,7641,1732383300,836,839
2039,"CodeTON Round 9 (Div. 1 + Div. 2, Rated, Prizes!)",sara.mohammed,7641,1732383300,388,644
2039,"CodeTON Round 9 (Div. 1 + Div. 2, Rated, Prizes!)",Danousger,7641,1732383300,846,846
2039,"CodeTON Round 9 (Div. 1 + Div. 2, Rated, Prizes!)",Ego_Donando,7641,1732383300,996,1029
2039,"CodeTON Round 9 (Div. 1 + Div. 2, Rated, Prizes!)",cdfrs,7641,1732383300,830,834
2039,"CodeTON Round 9 (Div. 1 + Div. 2, Rated, Prizes!)",gamma_tester,7641,1732383300,782,878
2039,"CodeTON Round 9 (Div. 1 + Div. 2, Rated, Prizes!)",Matin.a.z,7641,1732383300,876,868
2039,"CodeTON Round 9 (Div. 1 + Div. 2, Rated, Prizes!)",kamlesh_kaparvena,7641,1732383300,985,951
2039,"CodeTON Round 9 (Div. 1 + Div. 2, Rated, Prizes!)",hzc_17,7641,1732383300,649,822
2039,"CodeTON Round 9 (Div. 1 + Div. 2, Rated, Prizes!)",Bushra_Alkhder,7641,1732383300,760,784
2039,"CodeTON Round 9 (Div. 1 + Div. 2, Rated, Prizes!)",krishna7777,7641,1732383300,741,844
2039,"CodeTON Round 9 (Div. 1 + Div. 2, Rated, Prizes!)",Muhammad-Shahzaib,7641,1732383300,1069,1017
2039,"CodeTON Round 9 (Div. 1 + Div. 2, Rated, Prizes!)",creazydiamond,7641,1732383300,0,397
2039,"CodeTON Round 9 (Div. 1 + Div. 2, Rated, Prizes!)",priyan17singh,7641,1732383300,962,933
2039,"CodeTON Round 9 (Div. 1 + Div. 2, Rated, Prizes!)",Gopta,7641,1732383300,815,823
2039,"CodeTON Round 9 (Div. 1 + Div. 2, Rated, Prizes!)",ph2nkhang,7641,1732383300,960,932
2039,"CodeTON Round 9 (Div. 1 + Div. 2, Rated, Prizes!)",mmm1212,7641,1732383300,418,669
2039,"CodeTON Round 9 (Div. 1 + Div. 2, Rated, Prizes!)",manishkujur,7641,1732383300,707,748
2039,"CodeTON Round 9 (Div. 1 + Div. 2, Rated, Prizes!)",Fifiliko_213,7641,1732383300,1001,963
2039,"CodeTON Round 9 (Div. 1 + Div. 2, Rated, Prizes!)",MehulBhundiya,7641,1732383300,355,617
2039,"CodeTON Round 9 (Div. 1 + Div. 2, Rated, Prizes!)",greninjaa,7641,1732383300,798,890
2039,"CodeTON Round 9 (Div. 1 + Div. 2, Rated, Prizes!)",mahmudul99,7641,1732383300,898,884
2039,"CodeTON Round 9 (Div. 1 + Div. 2, Rated, Prizes!)",ZioCecio,7641,1732383300,1141,1115
2039,"CodeTON Round 9 (Div. 1 + Div. 2, Rated, Prizes!)",Tratoplay,7641,1732383300,948,1011
2039,"CodeTON Round 9 (Div. 1 + Div. 2, Rated, Prizes!)",Asad_Jafri,7641,1732383300,968,938
2039,"CodeTON Round 9 (Div. 1 + Div. 2, Rated, Prizes!)",maurya_deepak,7641,1732383300,678,845
2039,"CodeTON Round 9 (Div. 1 + Div. 2, Rated, Prizes!)",nguyenbui2009,7641,1732383300,977,945
2039,"CodeTON Round 9 (Div. 1 + Div. 2, Rated, Prizes!)",ratatatata,7641,1732383300,0,397
2039,"CodeTON Round 9 (Div. 1 + Div. 2, Rated, Prizes!)",return_aikansh,7641,1732383300,812,821
2039,"CodeTON Round 9 (Div. 1 + Div. 2, Rated, Prizes!)",_sari,7641,1732383300,422,672
2039,"CodeTON Round 9 (Div. 1 + Div. 2, Rated, Prizes!)",prit_zalavadiya,7641,1732383300,912,933
2039,"CodeTON Round 9 (Div. 1 + Div. 2, Rated, Prizes!)",dsr369,7641,1732383300,868,861
2039,"CodeTON Round 9 (Div. 1 + Div. 2, Rated, Prizes!)",nniinnaa,7641,1732383300,866,860
2039,"CodeTON Round 9 (Div. 1 + Div. 2, Rated, Prizes!)",MeatyCousin,7641,1732383300,1000,1032
2039,"CodeTON Round 9 (Div. 1 + Div. 2, Rated, Prizes!)",Sakura__YAMAUCHI,7641,1732383300,906,890
2039,"CodeTON Round 9 (Div. 1 + Div. 2, Rated, Prizes!)",salvation_1,7641,1732383300,588,772
2039,"CodeTON Round 9 (Div. 1 + Div. 2, Rated, Prizes!)",BuryTheLight,7641,1732383300,886,875
2039,"CodeTON Round 9 (Div. 1 + Div. 2, Rated, Prizes!)",tohar_papa,7641,1732383300,1039,1033
2039,"CodeTON Round 9 (Div. 1 + Div. 2, Rated, Prizes!)",splitcabbage,7641,1732383300,840,842
2039,"CodeTON Round 9 (Div. 1 + Div. 2, Rated, Prizes!)",scutxdx,7641,1732383300,774,871
2039,"CodeTON Round 9 (Div. 1 + Div. 2, Rated, Prizes!)",etaw_salai_na,7641,1732383300,658,716
2039,"CodeTON Round 9 (Div. 1 + Div. 2, Rated, Prizes!)",fek34mig,7641,1732383300,424,673
2039,"CodeTON Round 9 (Div. 1 + Div. 2, Rated, Prizes!)",_Sinwaar,7641,1732383300,390,646
2039,"CodeTON Round 9 (Div. 1 + Div. 2, Rated, Prizes!)",woodghost,7641,1732383300,590,774
2039,"CodeTON Round 9 (Div. 1 + Div. 2, Rated, Prizes!)",prvnaidu,7641,1732383300,982,1017
2039,"CodeTON Round 9 (Div. 1 + Div. 2, Rated, Prizes!)",codeNaru,7641,1732383300,389,556
2039,"CodeTON Round 9 (Div. 1 + Div. 2, Rated, Prizes!)",qminh1908,7690,1732383300,749,902
2039,"CodeTON Round 9 (Div. 1 + Div. 2, Rated, Prizes!)",obyazan,7690,1732383300,898,950
2039,"CodeTON Round 9 (Div. 1 + Div. 2, Rated, Prizes!)",the_sergeant,7690,1732383300,0,397
2039,"CodeTON Round 9 (Div. 1 + Div. 2, Rated, Prizes!)",mamine27,7690,1732383300,665,719
2039,"CodeTON Round 9 (Div. 1 + Div. 2, Rated, Prizes!)",tefo_,7690,1732383300,0,397
2039,"CodeTON Round 9 (Div. 1 + Div. 2, Rated, Prizes!)",harshitupreti18,7690,1732383300,896,881
2039,"CodeTON Round 9 (Div. 1 + Div. 2, Rated, Prizes!)",cbcbcb,7690,1732383300,1201,1122
2039,"CodeTON Round 9 (Div. 1 + Div. 2, Rated, Prizes!)",SiamArif,7690,1732383300,1182,1107
2039,"CodeTON Round 9 (Div. 1 + Div. 2, Rated, Prizes!)",hstrop,7690,1732383300,838,838
2039,"CodeTON Round 9 (Div. 1 + Div. 2, Rated, Prizes!)",ssalat,7690,1732383300,661,831
2039,"CodeTON Round 9 (Div. 1 + Div. 2, Rated, Prizes!)",bye_bye,7690,1732383300,583,767
2039,"CodeTON Round 9 (Div. 1 + Div. 2, Rated, Prizes!)",SHUBH_101,7690,1732383300,832,834
2039,"CodeTON Round 9 (Div. 1 + Div. 2, Rated, Prizes!)",OPEC,7690,1732383300,863,856
2039,"CodeTON Round 9 (Div. 1 + Div. 2, Rated, Prizes!)",p_2626,7690,1732383300,0,397
2039,"CodeTON Round 9 (Div. 1 + Div. 2, Rated, Prizes!)",malakksalah,7690,1732383300,720,756
2039,"CodeTON Round 9 (Div. 1 + Div. 2, Rated, Prizes!)",keye,7690,1732383300,960,999
2039,"CodeTON Round 9 (Div. 1 + Div. 2, Rated, Prizes!)",munnibadnamhui,7690,1732383300,760,783
2039,"CodeTON Round 9 (Div. 1 + Div. 2, Rated, Prizes!)",azam_78,7690,1732383300,679,846
2039,"CodeTON Round 9 (Div. 1 + Div. 2, Rated, Prizes!)",sparsh_15,7690,1732383300,794,807
2039,"CodeTON Round 9 (Div. 1 + Div. 2, Rated, Prizes!)",sabbir2.0,7690,1732383300,841,841
2039,"CodeTON Round 9 (Div. 1 + Div. 2, Rated, Prizes!)",notTraitor,7690,1732383300,0,397
2039,"CodeTON Round 9 (Div. 1 + Div. 2, Rated, Prizes!)",Beevee,7690,1732383300,358,619
2039,"CodeTON Round 9 (Div. 1 + Div. 2, Rated, Prizes!)",wangzihan1026,7690,1732383300,1120,1057
2039,"CodeTON Round 9 (Div. 1 + Div. 2, Rated, Prizes!)",ehtesam75,7690,1732383300,952,924
2039,"CodeTON Round 9 (Div. 1 + Div. 2, Rated, Prizes!)",sriram6132,7690,1732383300,1007,967
2039,"CodeTON Round 9 (Div. 1 + Div. 2, Rated, Prizes!)",Abduhamid_1,7690,1732383300,1014,1012
2039,"CodeTON Round 9 (Div. 1 + Div. 2, Rated, Prizes!)",TechWizard23,7690,1732383300,820,907
2039,"CodeTON Round 9 (Div. 1 + Div. 2, Rated, Prizes!)",Afaz,7690,1732383300,759,782
2039,"CodeTON Round 9 (Div. 1 + Div. 2, Rated, Prizes!)",mihh,7690,1732383300,1047,998
2039,"CodeTON Round 9 (Div. 1 + Div. 2, Rated, Prizes!)",nicobh12,7719,1732383300,668,836
2039,"CodeTON Round 9 (Div. 1 + Div. 2, Rated, Prizes!)",ujjwaltwitx,7719,1732383300,1030,984
2039,"CodeTON Round 9 (Div. 1 + Div. 2, Rated, Prizes!)",xuanquanna,7719,1732383300,349,611
2039,"CodeTON Round 9 (Div. 1 + Div. 2, Rated, Prizes!)",Adam_04,7719,1732383300,1018,1067
2039,"CodeTON Round 9 (Div. 1 + Div. 2, Rated, Prizes!)",TaffyACE,7719,1732383300,1119,1055
2039,"CodeTON Round 9 (Div. 1 + Div. 2, Rated, Prizes!)",Suix,7719,1732383300,0,396
2039,"CodeTON Round 9 (Div. 1 + Div. 2, Rated, Prizes!)",abhi2509,7719,1732383300,949,921
2039,"CodeTON Round 9 (Div. 1 + Div. 2, Rated, Prizes!)",pushpendra_2028,7719,1732383300,920,899
2039,"CodeTON Round 9 (Div. 1 + Div. 2, Rated, Prizes!)",abhilashreddy45,7719,1732383300,971,938
2039,"CodeTON Round 9 (Div. 1 + Div. 2, Rated, Prizes!)",_Kost,7719,1732383300,0,396
2039,"CodeTON Round 9 (Div. 1 + Div. 2, Rated, Prizes!)",Munir__,7719,1732383300,675,724
2039,"CodeTON Round 9 (Div. 1 + Div. 2, Rated, Prizes!)",oxxxyporotist,7719,1732383300,0,396
2039,"CodeTON Round 9 (Div. 1 + Div. 2, Rated, Prizes!)",uvii,7719,1732383300,700,740
2039,"CodeTON Round 9 (Div. 1 + Div. 2, Rated, Prizes!)",anas_pro,7719,1732383300,1045,996
2039,"CodeTON Round 9 (Div. 1 + Div. 2, Rated, Prizes!)",Dragon521,7719,1732383300,994,1048
2039,"CodeTON Round 9 (Div. 1 + Div. 2, Rated, Prizes!)",Hasan22_1,7719,1732383300,864,856
2039,"CodeTON Round 9 (Div. 1 + Div. 2, Rated, Prizes!)",christian.barry,7719,1732383300,0,396
2039,"CodeTON Round 9 (Div. 1 + Div. 2, Rated, Prizes!)",Mohamed5027,7719,1732383300,946,987
2039,"CodeTON Round 9 (Div. 1 + Div. 2, Rated, Prizes!)",KIING,7719,1732383300,746,772
2039,"CodeTON Round 9 (Div. 1 + Div. 2, Rated, Prizes!)",cl_2,7719,1732383300,389,644
2039,"CodeTON Round 9 (Div. 1 + Div. 2, Rated, Prizes!)",ghifyzz,7719,1732383300,0,396
2039,"CodeTON Round 9 (Div. 1 + Div. 2, Rated, Prizes!)",Aka_sh_,7719,1732383300,883,870
2039,"CodeTON Round 9 (Div. 1 + Div. 2, Rated, Prizes!)",dashk11,7719,1732383300,821,825
2039,"CodeTON Round 9 (Div. 1 + Div. 2, Rated, Prizes!)",Cheater_,7719,1732383300,807,815
2039,"CodeTON Round 9 (Div. 1 + Div. 2, Rated, Prizes!)",Abhikansh,7719,1732383300,0,396
2039,"CodeTON Round 9 (Div. 1 + Div. 2, Rated, Prizes!)",gde_papa,7719,1732383300,889,875
2039,"CodeTON Round 9 (Div. 1 + Div. 2, Rated, Prizes!)",velyadu,7719,1732383300,399,652
2039,"CodeTON Round 9 (Div. 1 + Div. 2, Rated, Prizes!)",arinmishra,7719,1732383300,693,736
2039,"CodeTON Round 9 (Div. 1 + Div. 2, Rated, Prizes!)",_GANGSTER_2024,7719,1732383300,916,896
2039,"CodeTON Round 9 (Div. 1 + Div. 2, Rated, Prizes!)",jenyafross,7748,1732383300,910,890
2039,"CodeTON Round 9 (Div. 1 + Div. 2, Rated, Prizes!)",leatrix,7748,1732383300,0,395
2039,"CodeTON Round 9 (Div. 1 + Div. 2, Rated, Prizes!)",Xhita,7748,1732383300,644,815
2039,"CodeTON Round 9 (Div. 1 + Div. 2, Rated, Prizes!)",arunimadeb050,7748,1732383300,892,876
2039,"CodeTON Round 9 (Div. 1 + Div. 2, Rated, Prizes!)",nguyennhat182006,7748,1732383300,979,1012
2039,"CodeTON Round 9 (Div. 1 + Div. 2, Rated, Prizes!)",ATEF_GH,7748,1732383300,1141,1072
2039,"CodeTON Round 9 (Div. 1 + Div. 2, Rated, Prizes!)",mr_krish__324,7748,1732383300,349,610
2039,"CodeTON Round 9 (Div. 1 + Div. 2, Rated, Prizes!)",dreamfighter.baby,7748,1732383300,0,395
2039,"CodeTON Round 9 (Div. 1 + Div. 2, Rated, Prizes!)",foobren21,7748,1732383300,676,723
2039,"CodeTON Round 9 (Div. 1 + Div. 2, Rated, Prizes!)",dikshantbadawadagi,7748,1732383300,925,901
2039,"CodeTON Round 9 (Div. 1 + Div. 2, Rated, Prizes!)",ranjit.choudhary0123,7748,1732383300,809,815
2039,"CodeTON Round 9 (Div. 1 + Div. 2, Rated, Prizes!)",Younikron,7748,1732383300,839,837
2039,"CodeTON Round 9 (Div. 1 + Div. 2, Rated, Prizes!)",hades453,7748,1732383300,1009,967
2039,"CodeTON Round 9 (Div. 1 + Div. 2, Rated, Prizes!)",LinusTorvalds_gnu,7748,1732383300,995,956
2039,"CodeTON Round 9 (Div. 1 + Div. 2, Rated, Prizes!)",I-Nobody,7748,1732383300,725,756
2039,"CodeTON Round 9 (Div. 1 + Div. 2, Rated, Prizes!)",DummDank,7748,1732383300,0,395
2039,"CodeTON Round 9 (Div. 1 + Div. 2, Rated, Prizes!)",Mrkimedo,7748,1732383300,913,892
2039,"CodeTON Round 9 (Div. 1 + Div. 2, Rated, Prizes!)",krypton5246,7748,1732383300,763,859
2039,"CodeTON Round 9 (Div. 1 + Div. 2, Rated, Prizes!)",yoaky,7748,1732383300,393,646
2039,"CodeTON Round 9 (Div. 1 + Div. 2, Rated, Prizes!)",DarkAngelu,7748,1732383300,1307,1208
2039,"CodeTON Round 9 (Div. 1 + Div. 2, Rated, Prizes!)",Abhishektwts,7748,1732383300,844,840
2039,"CodeTON Round 9 (Div. 1 + Div. 2, Rated, Prizes!)",ggarabs,7748,1732383300,1110,1119
2039,"CodeTON Round 9 (Div. 1 + Div. 2, Rated, Prizes!)",parkermaya1,7748,1732383300,891,914
2039,"CodeTON Round 9 (Div. 1 + Div. 2, Rated, Prizes!)",GreyWoodPigeonInUsst,7748,1732383300,389,643
2039,"CodeTON Round 9 (Div. 1 + Div. 2, Rated, Prizes!)",rakesh_1620,7748,1732383300,833,832
2039,"CodeTON Round 9 (Div. 1 + Div. 2, Rated, Prizes!)",Leadd,7748,1732383300,1144,1075
2039,"CodeTON Round 9 (Div. 1 + Div. 2, Rated, Prizes!)",Alif_rashid,7748,1732383300,941,914
2039,"CodeTON Round 9 (Div. 1 + Div. 2, Rated, Prizes!)",Viking_coder,7748,1732383300,903,884
2039,"CodeTON Round 9 (Div. 1 + Div. 2, Rated, Prizes!)",hhdqirui,7748,1732383300,985,947
2039,"CodeTON Round 9 (Div. 1 + Div. 2, Rated, Prizes!)",Dauoo,7748,1732383300,0,395
2039,"CodeTON Round 9 (Div. 1 + Div. 2, Rated, Prizes!)",Und3rCov3r,7778,1732383300,1285,1189
2039,"CodeTON Round 9 (Div. 1 + Div. 2, Rated, Prizes!)",Hungezezez,7778,1732383300,587,768
2039,"CodeTON Round 9 (Div. 1 + Div. 2, Rated, Prizes!)",zyc_ovo,7778,1732383300,0,394
2039,"CodeTON Round 9 (Div. 1 + Div. 2, Rated, Prizes!)",urs_satyam,7778,1732383300,943,953
2039,"CodeTON Round 9 (Div. 1 + Div. 2, Rated, Prizes!)",shawon0055,7778,1732383300,0,394
2039,"CodeTON Round 9 (Div. 1 + Div. 2, Rated, Prizes!)",Niaze_negative_33,7778,1732383300,651,706
2039,"CodeTON Round 9 (Div. 1 + Div. 2, Rated, Prizes!)",Siddharth61,7778,1732383300,913,891
2039,"CodeTON Round 9 (Div. 1 + Div. 2, Rated, Prizes!)",phnmihducctin,7778,1732383300,1398,1281
2039,"CodeTON Round 9 (Div. 1 + Div. 2, Rated, Prizes!)",harshitdohare,7778,1732383300,901,882
2039,"CodeTON Round 9 (Div. 1 + Div. 2, Rated, Prizes!)",dima_gorobets,7778,1732383300,950,919
2039,"CodeTON Round 9 (Div. 1 + Div. 2, Rated, Prizes!)",HuoKec,7778,1732383300,711,869
2039,"CodeTON Round 9 (Div. 1 + Div. 2, Rated, Prizes!)",shenmi666,7778,1732383300,807,812
2039,"CodeTON Round 9 (Div. 1 + Div. 2, Rated, Prizes!)",nk--3,7778,1732383300,818,820
2039,"CodeTON Round 9 (Div. 1 + Div. 2, Rated, Prizes!)",mkasiam,7778,1732383300,732,834
2039,"CodeTON Round 9 (Div. 1 + Div. 2, Rated, Prizes!)",wuyou18268683423,7778,1732383300,637,697
2039,"CodeTON Round 9 (Div. 1 + Div. 2, Rated, Prizes!)",bietyeu10nguoi,7778,1732383300,967,1024
2039,"CodeTON Round 9 (Div. 1 + Div. 2, Rated, Prizes!)",m_shahin,7778,1732383300,1061,1007
2039,"CodeTON Round 9 (Div. 1 + Div. 2, Rated, Prizes!)",JereGod,7778,1732383300,1012,968
2039,"CodeTON Round 9 (Div. 1 + Div. 2, Rated, Prizes!)",satyammthakur,7778,1732383300,1007,1057
2039,"CodeTON Round 9 (Div. 1 + Div. 2, Rated, Prizes!)",arifin_fuad_kashfy,7778,1732383300,775,790
2039,"CodeTON Round 9 (Div. 1 + Div. 2, Rated, Prizes!)",crazykills,7778,1732383300,626,800
2039,"CodeTON Round 9 (Div. 1 + Div. 2, Rated, Prizes!)",Mohamad_Ahmad_taieb,7799,1732383300,915,892
2039,"CodeTON Round 9 (Div. 1 + Div. 2, Rated, Prizes!)",7calculus,7799,1732383300,349,609
2039,"CodeTON Round 9 (Div. 1 + Div. 2, Rated, Prizes!)",Harikaran14,7799,1732383300,870,858
2039,"CodeTON Round 9 (Div. 1 + Div. 2, Rated, Prizes!)",harsha4p28,7799,1732383300,765,859
2039,"CodeTON Round 9 (Div. 1 + Div. 2, Rated, Prizes!)",kalattar040,7799,1732383300,582,763
2039,"CodeTON Round 9 (Div. 1 + Div. 2, Rated, Prizes!)",vusal,7799,1732383300,978,1010
2039,"CodeTON Round 9 (Div. 1 + Div. 2, Rated, Prizes!)",odenzberg,7799,1732383300,686,848
2039,"CodeTON Round 9 (Div. 1 + Div. 2, Rated, Prizes!)",RitikaBaliyan8,7799,1732383300,352,611
2039,"CodeTON Round 9 (Div. 1 + Div. 2, Rated, Prizes!)",peakyPirate,7799,1732383300,0,394
2039,"CodeTON Round 9 (Div. 1 + Div. 2, Rated, Prizes!)",RUTHVIK0811,7799,1732383300,760,855
2039,"CodeTON Round 9 (Div. 1 + Div. 2, Rated, Prizes!)",siddharthchandrakar007,7799,1732383300,949,918
2039,"CodeTON Round 9 (Div. 1 + Div. 2, Rated, Prizes!)",pushkaryadav,7799,1732383300,1059,1045
2039,"CodeTON Round 9 (Div. 1 + Div. 2, Rated, Prizes!)",Hantur,7799,1732383300,597,670
2039,"CodeTON Round 9 (Div. 1 + Div. 2, Rated, Prizes!)",COME___BACK,7799,1732383300,1268,1174
2039,"CodeTON Round 9 (Div. 1 + Div. 2, Rated, Prizes!)",WallHero,7799,1732383300,797,804
2039,"CodeTON Round 9 (Div. 1 + Div. 2, Rated, Prizes!)",VRADASH,7799,1732383300,902,882
2039,"CodeTON Round 9 (Div. 1 + Div. 2, Rated, Prizes!)",HailStorm---,7799,1732383300,377,632
2039,"CodeTON Round 9 (Div. 1 + Div. 2, Rated, Prizes!)",Adriano4fk,7799,1732383300,925,900
2039,"CodeTON Round 9 (Div. 1 + Div. 2, Rated, Prizes!)",Aliswiftla,7799,1732383300,395,647
2039,"CodeTON Round 9 (Div. 1 + Div. 2, Rated, Prizes!)",FromPluto,7799,1732383300,1037,987
2039,"CodeTON Round 9 (Div. 1 + Div. 2, Rated, Prizes!)",Zhang_tianxing,7799,1732383300,0,394
2039,"CodeTON Round 9 (Div. 1 + Div. 2, Rated, Prizes!)",MMuch,7799,1732383300,0,394
2039,"CodeTON Round 9 (Div. 1 + Div. 2, Rated, Prizes!)",HubaIt,7799,1732383300,401,652
2039,"CodeTON Round 9 (Div. 1 + Div. 2, Rated, Prizes!)",BadLinn,7799,1732383300,0,394
2039,"CodeTON Round 9 (Div. 1 + Div. 2, Rated, Prizes!)",agr_im09,7799,1732383300,0,394
2039,"CodeTON Round 9 (Div. 1 + Div. 2, Rated, Prizes!)",WayzzJr,7799,1732383300,1300,1201
2039,"CodeTON Round 9 (Div. 1 + Div. 2, Rated, Prizes!)",awasthi_suryansh,7799,1732383300,1002,959
2039,"CodeTON Round 9 (Div. 1 + Div. 2, Rated, Prizes!)",Nightmares_saber,7826,1732383300,1027,978
2039,"CodeTON Round 9 (Div. 1 + Div. 2, Rated, Prizes!)",isratjahan0244,7826,1732383300,1090,1028
2039,"CodeTON Round 9 (Div. 1 + Div. 2, Rated, Prizes!)",ohi_cse,7826,1732383300,818,855
2039,"CodeTON Round 9 (Div. 1 + Div. 2, Rated, Prizes!)",02HarshRawat,7826,1732383300,1038,987
2039,"CodeTON Round 9 (Div. 1 + Div. 2, Rated, Prizes!)",sharmaankit9089,7826,1732383300,890,872
2039,"CodeTON Round 9 (Div. 1 + Div. 2, Rated, Prizes!)",PriashisG,7826,1732383300,976,1008
2039,"CodeTON Round 9 (Div. 1 + Div. 2, Rated, Prizes!)",Is_R_at,7826,1732383300,881,865
2039,"CodeTON Round 9 (Div. 1 + Div. 2, Rated, Prizes!)",Gautam_90,7826,1732383300,942,912
2039,"CodeTON Round 9 (Div. 1 + Div. 2, Rated, Prizes!)",akif078,7826,1732383300,852,843
2039,"CodeTON Round 9 (Div. 1 + Div. 2, Rated, Prizes!)",XoXoDipti,7826,1732383300,935,906
2039,"CodeTON Round 9 (Div. 1 + Div. 2, Rated, Prizes!)",loganwick.jr,7826,1732383300,798,804
2039,"CodeTON Round 9 (Div. 1 + Div. 2, Rated, Prizes!)",I.am.Moana.Of.Motunui,7826,1732383300,594,666
2039,"CodeTON Round 9 (Div. 1 + Div. 2, Rated, Prizes!)",RobertoArcieri,7826,1732383300,439,682
2039,"CodeTON Round 9 (Div. 1 + Div. 2, Rated, Prizes!)",priyansh2552,7826,1732383300,1079,1020
2039,"CodeTON Round 9 (Div. 1 + Div. 2, Rated, Prizes!)",_aviralsingh61103,7826,1732383300,1146,1074
2039,"CodeTON Round 9 (Div. 1 + Div. 2, Rated, Prizes!)",abderrahmen_zaway,7826,1732383300,372,627
2039,"CodeTON Round 9 (Div. 1 + Div. 2, Rated, Prizes!)",witch524,7826,1732383300,0,393
2039,"CodeTON Round 9 (Div. 1 + Div. 2, Rated, Prizes!)",player1028,7826,1732383300,770,863
2039,"CodeTON Round 9 (Div. 1 + Div. 2, Rated, Prizes!)",_MMU_,7826,1732383300,977,939
2039,"CodeTON Round 9 (Div. 1 + Div. 2, Rated, Prizes!)",Twir,7826,1732383300,0,393
2039,"CodeTON Round 9 (Div. 1 + Div. 2, Rated, Prizes!)",bitcoder_74,7826,1732383300,781,791
2039,"CodeTON Round 9 (Div. 1 + Div. 2, Rated, Prizes!)",Mr_X_69,7826,1732383300,363,620
2039,"CodeTON Round 9 (Div. 1 + Div. 2, Rated, Prizes!)",algo_aspirant,7826,1732383300,0,393
2039,"CodeTON Round 9 (Div. 1 + Div. 2, Rated, Prizes!)",vaibhav108d,7826,1732383300,963,928
2039,"CodeTON Round 9 (Div. 1 + Div. 2, Rated, Prizes!)",RizzFarmer,7826,1732383300,816,899
2039,"CodeTON Round 9 (Div. 1 + Div. 2, Rated, Prizes!)",alirezabayat6,7826,1732383300,0,393
2039,"CodeTON Round 9 (Div. 1 + Div. 2, Rated, Prizes!)",Kutmanali,7852,1732383300,486,600
2039,"CodeTON Round 9 (Div. 1 + Div. 2, Rated, Prizes!)",F.J,7852,1732383300,2102,1848
2039,"CodeTON Round 9 (Div. 1 + Div. 2, Rated, Prizes!)",sachink13y,7852,1732383300,967,930
2039,"CodeTON Round 9 (Div. 1 + Div. 2, Rated, Prizes!)",basanaboyinadanush,7852,1732383300,762,777
2039,"CodeTON Round 9 (Div. 1 + Div. 2, Rated, Prizes!)",tamdesu,7852,1732383300,990,948
2039,"CodeTON Round 9 (Div. 1 + Div. 2, Rated, Prizes!)",Argon_18,7852,1732383300,0,393
2039,"CodeTON Round 9 (Div. 1 + Div. 2, Rated, Prizes!)",abhiguptaofficial30,7852,1732383300,617,791
2039,"CodeTON Round 9 (Div. 1 + Div. 2, Rated, Prizes!)",danger_06,7852,1732383300,793,799
2039,"CodeTON Round 9 (Div. 1 + Div. 2, Rated, Prizes!)",FirstImpression,7852,1732383300,883,954
2039,"CodeTON Round 9 (Div. 1 + Div. 2, Rated, Prizes!)",nandalsahil023,7852,1732383300,686,847
2039,"CodeTON Round 9 (Div. 1 + Div. 2, Rated, Prizes!)",JUN4Y3D,7852,1732383300,688,726
2039,"CodeTON Round 9 (Div. 1 + Div. 2, Rated, Prizes!)",AwH-24,7852,1732383300,802,888
2039,"CodeTON Round 9 (Div. 1 + Div. 2, Rated, Prizes!)",Aditya_Anmol,7852,1732383300,353,611
2039,"CodeTON Round 9 (Div. 1 + Div. 2, Rated, Prizes!)",XIhs_aj,7852,1732383300,0,393
2039,"CodeTON Round 9 (Div. 1 + Div. 2, Rated, Prizes!)",Hemanth_202003,7852,1732383300,1047,1065
2039,"CodeTON Round 9 (Div. 1 + Div. 2, Rated, Prizes!)",forevermei,7852,1732383300,1023,1014
2039,"CodeTON Round 9 (Div. 1 + Div. 2, Rated, Prizes!)",jaunecitron,7852,1732383300,940,909
2039,"CodeTON Round 9 (Div. 1 + Div. 2, Rated, Prizes!)",chapstick,7852,1732383300,1147,1074
2039,"CodeTON Round 9 (Div. 1 + Div. 2, Rated, Prizes!)",sahilkk0135,7852,1732383300,0,393
2039,"CodeTON Round 9 (Div. 1 + Div. 2, Rated, Prizes!)",keshavrairai2004,7871,1732383300,767,859
2039,"CodeTON Round 9 (Div. 1 + Div. 2, Rated, Prizes!)",prideKun,7871,1732383300,1032,981
2039,"CodeTON Round 9 (Div. 1 + Div. 2, Rated, Prizes!)",Hoach,7871,1732383300,403,652
2039,"CodeTON Round 9 (Div. 1 + Div. 2, Rated, Prizes!)",Pa_tien_ce,7871,1732383300,1039,986
2039,"CodeTON Round 9 (Div. 1 + Div. 2, Rated, Prizes!)",galibhaskar,7871,1732383300,423,668
2039,"CodeTON Round 9 (Div. 1 + Div. 2, Rated, Prizes!)",kelenjo,7871,1732383300,638,807
2039,"CodeTON Round 9 (Div. 1 + Div. 2, Rated, Prizes!)",Pial0101,7871,1732383300,632,688
2039,"CodeTON Round 9 (Div. 1 + Div. 2, Rated, Prizes!)",CatsAndTea,7871,1732383300,0,392
2039,"CodeTON Round 9 (Div. 1 + Div. 2, Rated, Prizes!)",h.lafkih,7871,1732383300,636,806
2039,"CodeTON Round 9 (Div. 1 + Div. 2, Rated, Prizes!)",ayush62,7871,1732383300,0,392
2039,"CodeTON Round 9 (Div. 1 + Div. 2, Rated, Prizes!)",raetaylor,7871,1732383300,750,768
2039,"CodeTON Round 9 (Div. 1 + Div. 2, Rated, Prizes!)",Neonty,7871,1732383300,964,1020
2039,"CodeTON Round 9 (Div. 1 + Div. 2, Rated, Prizes!)",Dru.-_-,7871,1732383300,812,812
2039,"CodeTON Round 9 (Div. 1 + Div. 2, Rated, Prizes!)",tuturuturu,7871,1732383300,791,797
2039,"CodeTON Round 9 (Div. 1 + Div. 2, Rated, Prizes!)",Zihan13,7871,1732383300,816,814
2039,"CodeTON Round 9 (Div. 1 + Div. 2, Rated, Prizes!)",DhvanitVaghani,7871,1732383300,749,844
2039,"CodeTON Round 9 (Div. 1 + Div. 2, Rated, Prizes!)",JN4YD,7871,1732383300,908,884
2039,"CodeTON Round 9 (Div. 1 + Div. 2, Rated, Prizes!)",aakashk1905,7871,1732383300,1034,1054
2039,"CodeTON Round 9 (Div. 1 + Div. 2, Rated, Prizes!)",kokozzz,7871,1732383300,589,767
2039,"CodeTON Round 9 (Div. 1 + Div. 2, Rated, Prizes!)",Ksheetiz,7890,1732383300,0,392
2039,"CodeTON Round 9 (Div. 1 + Div. 2, Rated, Prizes!)",aves_chan,7890,1732383300,1009,1002
2039,"CodeTON Round 9 (Div. 1 + Div. 2, Rated, Prizes!)",Jes124,7890,1732383300,870,997
2039,"CodeTON Round 9 (Div. 1 + Div. 2, Rated, Prizes!)",Ord1Nary,7890,1732383300,1162,1086
2039,"CodeTON Round 9 (Div. 1 + Div. 2, Rated, Prizes!)",aditya.aparadh,7890,1732383300,1039,986
2039,"CodeTON Round 9 (Div. 1 + Div. 2, Rated, Prizes!)",L_rakib,7890,1732383300,582,761
2039,"CodeTON Round 9 (Div. 1 + Div. 2, Rated, Prizes!)",Shahiduzzaman81,7890,1732383300,536,627
2039,"CodeTON Round 9 (Div. 1 + Div. 2, Rated, Prizes!)",amanpatel04,7890,1732383300,730,753
2039,"CodeTON Round 9 (Div. 1 + Div. 2, Rated, Prizes!)",VVarn_2005,7890,1732383300,848,838
2039,"CodeTON Round 9 (Div. 1 + Div. 2, Rated, Prizes!)",Pyrawn,7890,1732383300,897,875
2039,"CodeTON Round 9 (Div. 1 + Div. 2, Rated, Prizes!)",Eldeeb_,7890,1732383300,1314,1210
2039,"CodeTON Round 9 (Div. 1 + Div. 2, Rated, Prizes!)",gjit515,7890,1732383300,788,793
2039,"CodeTON Round 9 (Div. 1 + Div. 2, Rated, Prizes!)",darkMoon15,7890,1732383300,1193,1111
2039,"CodeTON Round 9 (Div. 1 + Div. 2, Rated, Prizes!)",Mohaimen_Hridoy,7890,1732383300,765,778
2039,"CodeTON Round 9 (Div. 1 + Div. 2, Rated, Prizes!)",wemby,7890,1732383300,602,777
2039,"CodeTON Round 9 (Div. 1 + Div. 2, Rated, Prizes!)",Terr,7890,1732383300,0,392
2039,"CodeTON Round 9 (Div. 1 + Div. 2, Rated, Prizes!)",EusoufCSE12,7906,1732383300,833,826
2039,"CodeTON Round 9 (Div. 1 + Div. 2, Rated, Prizes!)",Srm__,7906,1732383300,657,702
2039,"CodeTON Round 9 (Div. 1 + Div. 2, Rated, Prizes!)",thiagochan,7906,1732383300,836,893
2039,"CodeTON Round 9 (Div. 1 + Div. 2, Rated, Prizes!)",Ismail2184,7906,1732383300,729,751
2039,"CodeTON Round 9 (Div. 1 + Div. 2, Rated, Prizes!)",dyor,7906,1732383300,907,972
2039,"CodeTON Round 9 (Div. 1 + Div. 2, Rated, Prizes!)",ZeldaandLink,7906,1732383300,1283,1185
2039,"CodeTON Round 9 (Div. 1 + Div. 2, Rated, Prizes!)",xf519ffi77,7906,1732383300,387,638
2039,"CodeTON Round 9 (Div. 1 + Div. 2, Rated, Prizes!)",ben7bkya0xEssam,7906,1732383300,0,391
2039,"CodeTON Round 9 (Div. 1 + Div. 2, Rated, Prizes!)",Rokun,7906,1732383300,999,954
2039,"CodeTON Round 9 (Div. 1 + Div. 2, Rated, Prizes!)",Mr_Noob_Coder,7906,1732383300,1059,1001
2039,"CodeTON Round 9 (Div. 1 + Div. 2, Rated, Prizes!)",yungchie,7906,1732383300,0,391
2039,"CodeTON Round 9 (Div. 1 + Div. 2, Rated, Prizes!)",venusmars2004,7906,1732383300,491,598
2039,"CodeTON Round 9 (Div. 1 + Div. 2, Rated, Prizes!)",Farid_7,7906,1732383300,812,810
2039,"CodeTON Round 9 (Div. 1 + Div. 2, Rated, Prizes!)",Rana106,7906,1732383300,663,706
2039,"CodeTON Round 9 (Div. 1 + Div. 2, Rated, Prizes!)",frozen_king,7906,1732383300,1165,1087
2039,"CodeTON Round 9 (Div. 1 + Div. 2, Rated, Prizes!)",M0untainKing,7906,1732383300,776,784
2039,"CodeTON Round 9 (Div. 1 + Div. 2, Rated, Prizes!)",datelong,7906,1732383300,804,804
2039,"CodeTON Round 9 (Div. 1 + Div. 2, Rated, Prizes!)",cpmcksjfkd,7906,1732383300,0,391
2039,"CodeTON Round 9 (Div. 1 + Div. 2, Rated, Prizes!)",ansh__05,7906,1732383300,665,707
2039,"CodeTON Round 9 (Div. 1 + Div. 2, Rated, Prizes!)",Hadi_hh,7906,1732383300,995,950
2039,"CodeTON Round 9 (Div. 1 + Div. 2, Rated, Prizes!)",manindersinghjaat11,7906,1732383300,801,802
2039,"CodeTON Round 9 (Div. 1 + Div. 2, Rated, Prizes!)",Tadepalli_Ganesh,7906,1732383300,726,748
2039,"CodeTON Round 9 (Div. 1 + Div. 2, Rated, Prizes!)",Roperie,7906,1732383300,897,874
2039,"CodeTON Round 9 (Div. 1 + Div. 2, Rated, Prizes!)",shaurya_0211,7906,1732383300,707,863
2039,"CodeTON Round 9 (Div. 1 + Div. 2, Rated, Prizes!)",karanveerksb,7930,1732383300,634,802
2039,"CodeTON Round 9 (Div. 1 + Div. 2, Rated, Prizes!)",issolanki025,7930,1732383300,608,781
2039,"CodeTON Round 9 (Div. 1 + Div. 2, Rated, Prizes!)",ww16,7930,1732383300,394,643
2039,"CodeTON Round 9 (Div. 1 + Div. 2, Rated, Prizes!)",satyajitkhuntia,7930,1732383300,0,391
2039,"CodeTON Round 9 (Div. 1 + Div. 2, Rated, Prizes!)",manish0710,7930,1732383300,0,391
2039,"CodeTON Round 9 (Div. 1 + Div. 2, Rated, Prizes!)",Pratham_math,7930,1732383300,1019,1040
2039,"CodeTON Round 9 (Div. 1 + Div. 2, Rated, Prizes!)",Anhquantran,7930,1732383300,768,777
2039,"CodeTON Round 9 (Div. 1 + Div. 2, Rated, Prizes!)",nhan0123456,7930,1732383300,846,834
2039,"CodeTON Round 9 (Div. 1 + Div. 2, Rated, Prizes!)",GM_alien11115,7930,1732383300,1062,1003
2039,"CodeTON Round 9 (Div. 1 + Div. 2, Rated, Prizes!)",Madu,7930,1732383300,944,909
2039,"CodeTON Round 9 (Div. 1 + Div. 2, Rated, Prizes!)",Anas45,7930,1732383300,1058,1000
2039,"CodeTON Round 9 (Div. 1 + Div. 2, Rated, Prizes!)",zhz_vite,7930,1732383300,1011,962
2039,"CodeTON Round 9 (Div. 1 + Div. 2, Rated, Prizes!)",matintavakoli,7930,1732383300,935,903
2039,"CodeTON Round 9 (Div. 1 + Div. 2, Rated, Prizes!)",nabeelqureshi,7930,1732383300,834,891
2039,"CodeTON Round 9 (Div. 1 + Div. 2, Rated, Prizes!)",NTihomirov,7930,1732383300,1013,1003
2039,"CodeTON Round 9 (Div. 1 + Div. 2, Rated, Prizes!)",nobody98,7930,1732383300,971,930
2039,"CodeTON Round 9 (Div. 1 + Div. 2, Rated, Prizes!)",Fl4mingo,7930,1732383300,774,844
2039,"CodeTON Round 9 (Div. 1 + Div. 2, Rated, Prizes!)",eileenahmadkhan8,7930,1732383300,921,891
2039,"CodeTON Round 9 (Div. 1 + Div. 2, Rated, Prizes!)",llcxmn,7930,1732383300,1264,1168
2039,"CodeTON Round 9 (Div. 1 + Div. 2, Rated, Prizes!)",lithiumpilled,7930,1732383300,1272,1174
2039,"CodeTON Round 9 (Div. 1 + Div. 2, Rated, Prizes!)",ShanC,7950,1732383300,1105,1037
2039,"CodeTON Round 9 (Div. 1 + Div. 2, Rated, Prizes!)",Ali-Sul22,7950,1732383300,0,391
2039,"CodeTON Round 9 (Div. 1 + Div. 2, Rated, Prizes!)",o_elyas,7950,1732383300,641,808
2039,"CodeTON Round 9 (Div. 1 + Div. 2, Rated, Prizes!)",Osalotioman,7950,1732383300,731,750
2039,"CodeTON Round 9 (Div. 1 + Div. 2, Rated, Prizes!)",Tagen,7950,1732383300,479,589
2039,"CodeTON Round 9 (Div. 1 + Div. 2, Rated, Prizes!)",proro,7950,1732383300,759,770
2039,"CodeTON Round 9 (Div. 1 + Div. 2, Rated, Prizes!)",Chaice731,7950,1732383300,0,391
2039,"CodeTON Round 9 (Div. 1 + Div. 2, Rated, Prizes!)",A_A_Jubair,7950,1732383300,878,925
2039,"CodeTON Round 9 (Div. 1 + Div. 2, Rated, Prizes!)",mosaab2011,7950,1732383300,837,827
2039,"CodeTON Round 9 (Div. 1 + Div. 2, Rated, Prizes!)",Mephiston,7950,1732383300,379,630
2039,"CodeTON Round 9 (Div. 1 + Div. 2, Rated, Prizes!)",WhiteBread,7950,1732383300,890,867
2039,"CodeTON Round 9 (Div. 1 + Div. 2, Rated, Prizes!)",_Randooom_,7950,1732383300,864,847
2039,"CodeTON Round 9 (Div. 1 + Div. 2, Rated, Prizes!)",raghavjeyan,7950,1732383300,0,391
2039,"CodeTON Round 9 (Div. 1 + Div. 2, Rated, Prizes!)",wjl2023,7950,1732383300,1097,1030
2039,"CodeTON Round 9 (Div. 1 + Div. 2, Rated, Prizes!)",DodgyYet,7950,1732383300,628,797
2039,"CodeTON Round 9 (Div. 1 + Div. 2, Rated, Prizes!)",RMolanoD7,7950,1732383300,0,391
2039,"CodeTON Round 9 (Div. 1 + Div. 2, Rated, Prizes!)",WillOfHeaven,7950,1732383300,1073,1011
2039,"CodeTON Round 9 (Div. 1 + Div. 2, Rated, Prizes!)",KrishRox,7950,1732383300,589,765
2039,"CodeTON Round 9 (Div. 1 + Div. 2, Rated, Prizes!)",Zulkar_Jahin_Nizu,7950,1732383300,896,872
2039,"CodeTON Round 9 (Div. 1 + Div. 2, Rated, Prizes!)",Nightout,7969,1732383300,858,842
2039,"CodeTON Round 9 (Div. 1 + Div. 2, Rated, Prizes!)",ah686634,7969,1732383300,734,751
2039,"CodeTON Round 9 (Div. 1 + Div. 2, Rated, Prizes!)",Bahrom0311,7969,1732383300,0,390
2039,"CodeTON Round 9 (Div. 1 + Div. 2, Rated, Prizes!)",K-Marjona,7969,1732383300,832,822
2039,"CodeTON Round 9 (Div. 1 + Div. 2, Rated, Prizes!)",Vheath,7969,1732383300,840,915
2039,"CodeTON Round 9 (Div. 1 + Div. 2, Rated, Prizes!)",Delication,7969,1732383300,1093,1100
2039,"CodeTON Round 9 (Div. 1 + Div. 2, Rated, Prizes!)",neil2A,7969,1732383300,648,813
2039,"CodeTON Round 9 (Div. 1 + Div. 2, Rated, Prizes!)",boom_is_art,7969,1732383300,0,390
2039,"CodeTON Round 9 (Div. 1 + Div. 2, Rated, Prizes!)",k0ur05h,7969,1732383300,1158,1080
2039,"CodeTON Round 9 (Div. 1 + Div. 2, Rated, Prizes!)",Sori_VN,7969,1732383300,748,822
2039,"CodeTON Round 9 (Div. 1 + Div. 2, Rated, Prizes!)",jnnie,7969,1732383300,857,929
2039,"CodeTON Round 9 (Div. 1 + Div. 2, Rated, Prizes!)",NegiPriyanka,7969,1732383300,0,390
2039,"CodeTON Round 9 (Div. 1 + Div. 2, Rated, Prizes!)",dan_1310,7969,1732383300,0,390
2039,"CodeTON Round 9 (Div. 1 + Div. 2, Rated, Prizes!)",Mr.Robot147,7969,1732383300,941,906
2039,"CodeTON Round 9 (Div. 1 + Div. 2, Rated, Prizes!)",cgpa,7969,1732383300,607,779
2039,"CodeTON Round 9 (Div. 1 + Div. 2, Rated, Prizes!)",Aniket_Gupta_8828,7969,1732383300,823,901
2039,"CodeTON Round 9 (Div. 1 + Div. 2, Rated, Prizes!)",XieShangZhi,7969,1732383300,834,823
2039,"CodeTON Round 9 (Div. 1 + Div. 2, Rated, Prizes!)",samriddhi.agrawal_cs23,7969,1732383300,745,759
2039,"CodeTON Round 9 (Div. 1 + Div. 2, Rated, Prizes!)",Badast,7969,1732383300,389,637
2039,"CodeTON Round 9 (Div. 1 + Div. 2, Rated, Prizes!)",rishi_5906,7969,1732383300,585,761
2039,"CodeTON Round 9 (Div. 1 + Div. 2, Rated, Prizes!)",w_c_an,7969,1732383300,981,937
2039,"CodeTON Round 9 (Div. 1 + Div. 2, Rated, Prizes!)",016-Batyrzhan-A-2027,7969,1732383300,787,852
2039,"CodeTON Round 9 (Div. 1 + Div. 2, Rated, Prizes!)",ilikeeggs,7969,1732383300,889,865
2039,"CodeTON Round 9 (Div. 1 + Div. 2, Rated, Prizes!)",ignacio_benq,7969,1732383300,1043,987
2039,"CodeTON Round 9 (Div. 1 + Div. 2, Rated, Prizes!)",wael241224,7969,1732383300,0,390
2039,"CodeTON Round 9 (Div. 1 + Div. 2, Rated, Prizes!)",Farzzii,7994,1732383300,738,753
2039,"CodeTON Round 9 (Div. 1 + Div. 2, Rated, Prizes!)",tekka_ity,7994,1732383300,881,926
2039,"CodeTON Round 9 (Div. 1 + Div. 2, Rated, Prizes!)",Tasnia_Maha,7994,1732383300,835,823
2039,"CodeTON Round 9 (Div. 1 + Div. 2, Rated, Prizes!)",FikreyohanesAbera,7994,1732383300,0,390
2039,"CodeTON Round 9 (Div. 1 + Div. 2, Rated, Prizes!)",sc2.serral,7994,1732383300,0,390
2039,"CodeTON Round 9 (Div. 1 + Div. 2, Rated, Prizes!)",osmangani1osm,7994,1732383300,953,914
2039,"CodeTON Round 9 (Div. 1 + Div. 2, Rated, Prizes!)",Kuroneko_CIHL,7994,1732383300,1031,976
2039,"CodeTON Round 9 (Div. 1 + Div. 2, Rated, Prizes!)",anandjha38506,7994,1732383300,897,871
2039,"CodeTON Round 9 (Div. 1 + Div. 2, Rated, Prizes!)",RomasZ09,7994,1732383300,824,815
2039,"CodeTON Round 9 (Div. 1 + Div. 2, Rated, Prizes!)",vaibhav22556,7994,1732383300,793,793
2039,"CodeTON Round 9 (Div. 1 + Div. 2, Rated, Prizes!)",lotus_pjl,7994,1732383300,1103,1075
2039,"CodeTON Round 9 (Div. 1 + Div. 2, Rated, Prizes!)",Tayyib_Mubeen,7994,1732383300,972,929
2039,"CodeTON Round 9 (Div. 1 + Div. 2, Rated, Prizes!)",game-money,7994,1732383300,778,864
2039,"CodeTON Round 9 (Div. 1 + Div. 2, Rated, Prizes!)",duongpham_2027,7994,1732383300,622,791
2039,"CodeTON Round 9 (Div. 1 + Div. 2, Rated, Prizes!)",mikrokosmos,7994,1732383300,970,927
2039,"CodeTON Round 9 (Div. 1 + Div. 2, Rated, Prizes!)",pwwddx,7994,1732383300,858,841
2039,"CodeTON Round 9 (Div. 1 + Div. 2, Rated, Prizes!)",Jannat_chugh,8010,1732383300,793,791
2039,"CodeTON Round 9 (Div. 1 + Div. 2, Rated, Prizes!)",Geekie213_,8010,1732383300,735,829
2039,"CodeTON Round 9 (Div. 1 + Div. 2, Rated, Prizes!)",STGWinteam,8010,1732383300,895,937
2039,"CodeTON Round 9 (Div. 1 + Div. 2, Rated, Prizes!)",pgb1311,8010,1732383300,0,389
2039,"CodeTON Round 9 (Div. 1 + Div. 2, Rated, Prizes!)",noshin_tamanna,8010,1732383300,892,866
2039,"CodeTON Round 9 (Div. 1 + Div. 2, Rated, Prizes!)",Qusay_Eed04,8010,1732383300,0,389
2039,"CodeTON Round 9 (Div. 1 + Div. 2, Rated, Prizes!)",msr11,8010,1732383300,814,807
2039,"CodeTON Round 9 (Div. 1 + Div. 2, Rated, Prizes!)",steve2382,8010,1732383300,0,389
2039,"CodeTON Round 9 (Div. 1 + Div. 2, Rated, Prizes!)",Seaple,8010,1732383300,0,389
2039,"CodeTON Round 9 (Div. 1 + Div. 2, Rated, Prizes!)",irfanhbhy,8010,1732383300,1206,1118
2039,"CodeTON Round 9 (Div. 1 + Div. 2, Rated, Prizes!)",yuxyn,8010,1732383300,409,653
2039,"CodeTON Round 9 (Div. 1 + Div. 2, Rated, Prizes!)",Nisarg_Patel,8010,1732383300,620,672
2039,"CodeTON Round 9 (Div. 1 + Div. 2, Rated, Prizes!)",Sourav.VK18,8010,1732383300,1218,1129
2039,"CodeTON Round 9 (Div. 1 + Div. 2, Rated, Prizes!)",risav68111,8010,1732383300,747,758
2039,"CodeTON Round 9 (Div. 1 + Div. 2, Rated, Prizes!)",TFS_here,8010,1732383300,824,814
2039,"CodeTON Round 9 (Div. 1 + Div. 2, Rated, Prizes!)",engineerXtreme,8010,1732383300,856,838
2039,"CodeTON Round 9 (Div. 1 + Div. 2, Rated, Prizes!)",Priyanshu___812___,8010,1732383300,916,885
2039,"CodeTON Round 9 (Div. 1 + Div. 2, Rated, Prizes!)",jatin_saini,8010,1732383300,1112,1041
2039,"CodeTON Round 9 (Div. 1 + Div. 2, Rated, Prizes!)",zzzz_zzzzzzz,8010,1732383300,0,389
2039,"CodeTON Round 9 (Div. 1 + Div. 2, Rated, Prizes!)",michaelx,8010,1732383300,0,389
2039,"CodeTON Round 9 (Div. 1 + Div. 2, Rated, Prizes!)",Tntlr09,8010,1732383300,0,389
2039,"CodeTON Round 9 (Div. 1 + Div. 2, Rated, Prizes!)",Atri_Nagisa,8010,1732383300,0,389
2039,"CodeTON Round 9 (Div. 1 + Div. 2, Rated, Prizes!)",syzy_111xx,8010,1732383300,772,858
2039,"CodeTON Round 9 (Div. 1 + Div. 2, Rated, Prizes!)",omvrat969663,8010,1732383300,684,841
2039,"CodeTON Round 9 (Div. 1 + Div. 2, Rated, Prizes!)",Devesh_06,8010,1732383300,814,872
2039,"CodeTON Round 9 (Div. 1 + Div. 2, Rated, Prizes!)",venketeswar99,8010,1732383300,0,389
2039,"CodeTON Round 9 (Div. 1 + Div. 2, Rated, Prizes!)",test2023,8010,1732383300,830,906
2039,"CodeTON Round 9 (Div. 1 + Div. 2, Rated, Prizes!)",urminhirpara,8010,1732383300,993,945
2039,"CodeTON Round 9 (Div. 1 + Div. 2, Rated, Prizes!)",askm,8038,1732383300,1006,1026
2039,"CodeTON Round 9 (Div. 1 + Div. 2, Rated, Prizes!)",mdarafat1819,8038,1732383300,955,914
2039,"CodeTON Round 9 (Div. 1 + Div. 2, Rated, Prizes!)",ishraq,8038,1732383300,605,661
2039,"CodeTON Round 9 (Div. 1 + Div. 2, Rated, Prizes!)",ceouetav,8038,1732383300,688,716
2039,"CodeTON Round 9 (Div. 1 + Div. 2, Rated, Prizes!)",Prashant_thakur77,8038,1732383300,944,906
2039,"CodeTON Round 9 (Div. 1 + Div. 2, Rated, Prizes!)",oscarspk,8038,1732383300,1195,1109
2039,"CodeTON Round 9 (Div. 1 + Div. 2, Rated, Prizes!)",Naim077,8038,1732383300,850,833
2039,"CodeTON Round 9 (Div. 1 + Div. 2, Rated, Prizes!)",Pkm6805,8038,1732383300,801,797
2039,"CodeTON Round 9 (Div. 1 + Div. 2, Rated, Prizes!)",Ashraful305,8038,1732383300,1138,1062
2039,"CodeTON Round 9 (Div. 1 + Div. 2, Rated, Prizes!)",BooMeR1OP,8038,1732383300,0,389
2039,"CodeTON Round 9 (Div. 1 + Div. 2, Rated, Prizes!)",Siabul_Hassan_Siyam,8038,1732383300,977,932
2039,"CodeTON Round 9 (Div. 1 + Div. 2, Rated, Prizes!)",kirtinasha999,8038,1732383300,660,698
2039,"CodeTON Round 9 (Div. 1 + Div. 2, Rated, Prizes!)",mishkatul.ferdousi,8038,1732383300,905,875
2039,"CodeTON Round 9 (Div. 1 + Div. 2, Rated, Prizes!)",pedrocas,8038,1732383300,1179,1096
2039,"CodeTON Round 9 (Div. 1 + Div. 2, Rated, Prizes!)",cutebali,8038,1732383300,0,389
2039,"CodeTON Round 9 (Div. 1 + Div. 2, Rated, Prizes!)",tonny.mmu23,8053,1732383300,412,655
2039,"CodeTON Round 9 (Div. 1 + Div. 2, Rated, Prizes!)",ORION2020,8053,1732383300,349,603
2039,"CodeTON Round 9 (Div. 1 + Div. 2, Rated, Prizes!)",Pixelneer,8053,1732383300,1098,1029
2039,"CodeTON Round 9 (Div. 1 + Div. 2, Rated, Prizes!)",Hershel,8053,1732383300,1106,1035
2039,"CodeTON Round 9 (Div. 1 + Div. 2, Rated, Prizes!)",sunajit,8053,1732383300,870,938
2039,"CodeTON Round 9 (Div. 1 + Div. 2, Rated, Prizes!)",Riff_sr,8053,1732383300,885,859
2039,"CodeTON Round 9 (Div. 1 + Div. 2, Rated, Prizes!)",XX_taha_,8053,1732383300,899,909
2039,"CodeTON Round 9 (Div. 1 + Div. 2, Rated, Prizes!)",yihsunphys,8053,1732383300,463,697
2039,"CodeTON Round 9 (Div. 1 + Div. 2, Rated, Prizes!)",harshchaubey_23,8053,1732383300,983,936
2039,"CodeTON Round 9 (Div. 1 + Div. 2, Rated, Prizes!)",Mike_HXW,8053,1732383300,885,859
2039,"CodeTON Round 9 (Div. 1 + Div. 2, Rated, Prizes!)",Matin005,8053,1732383300,852,834
2039,"CodeTON Round 9 (Div. 1 + Div. 2, Rated, Prizes!)",anirudh13,8053,1732383300,390,637
2039,"CodeTON Round 9 (Div. 1 + Div. 2, Rated, Prizes!)",mayiyuzhe,8065,1732383300,0,388
2039,"CodeTON Round 9 (Div. 1 + Div. 2, Rated, Prizes!)",namasteforcesfromyogesh,8065,1732383300,872,848
2039,"CodeTON Round 9 (Div. 1 + Div. 2, Rated, Prizes!)",MuqsitAli,8065,1732383300,718,735
2039,"CodeTON Round 9 (Div. 1 + Div. 2, Rated, Prizes!)",Kushal2773,8065,1732383300,300,479
2039,"CodeTON Round 9 (Div. 1 + Div. 2, Rated, Prizes!)",Bennjay_mygo,8065,1732383300,1293,1230
2039,"CodeTON Round 9 (Div. 1 + Div. 2, Rated, Prizes!)",Laiba07,8065,1732383300,871,847
2039,"CodeTON Round 9 (Div. 1 + Div. 2, Rated, Prizes!)",ojalkumar7,8065,1732383300,988,939
2039,"CodeTON Round 9 (Div. 1 + Div. 2, Rated, Prizes!)",_Hieren,8065,1732383300,1049,988
2039,"CodeTON Round 9 (Div. 1 + Div. 2, Rated, Prizes!)",AzeTurk810,8065,1732383300,961,957
2039,"CodeTON Round 9 (Div. 1 + Div. 2, Rated, Prizes!)",NSR_55,8065,1732383300,971,925
2039,"CodeTON Round 9 (Div. 1 + Div. 2, Rated, Prizes!)",Anikdey,8065,1732383300,809,800
2039,"CodeTON Round 9 (Div. 1 + Div. 2, Rated, Prizes!)",dharmendra23101,8065,1732383300,900,869
2039,"CodeTON Round 9 (Div. 1 + Div. 2, Rated, Prizes!)",limengchao,8065,1732383300,642,805
2039,"CodeTON Round 9 (Div. 1 + Div. 2, Rated, Prizes!)",Sayedzahur,8065,1732383300,995,945
2039,"CodeTON Round 9 (Div. 1 + Div. 2, Rated, Prizes!)",julianschiebener,8065,1732383300,408,651
2039,"CodeTON Round 9 (Div. 1 + Div. 2, Rated, Prizes!)",_pheoniX,8065,1732383300,0,388
2039,"CodeTON Round 9 (Div. 1 + Div. 2, Rated, Prizes!)",rasheed_ashen_one,8065,1732383300,868,845
2039,"CodeTON Round 9 (Div. 1 + Div. 2, Rated, Prizes!)",InderjeetSingh,8065,1732383300,1098,1028
2039,"CodeTON Round 9 (Div. 1 + Div. 2, Rated, Prizes!)",Nihat_07,8065,1732383300,826,879
2039,"CodeTON Round 9 (Div. 1 + Div. 2, Rated, Prizes!)",FlappyBob,8065,1732383300,0,388
2039,"CodeTON Round 9 (Div. 1 + Div. 2, Rated, Prizes!)",Runneso,8065,1732383300,1035,1050
2039,"CodeTON Round 9 (Div. 1 + Div. 2, Rated, Prizes!)",Priyanshu_07_,8065,1732383300,931,894
2039,"CodeTON Round 9 (Div. 1 + Div. 2, Rated, Prizes!)",UriyDorofeev2024,8087,1732383300,380,628
2039,"CodeTON Round 9 (Div. 1 + Div. 2, Rated, Prizes!)",Laboratory,8087,1732383300,1201,1113
2039,"CodeTON Round 9 (Div. 1 + Div. 2, Rated, Prizes!)",ameenshafi717,8087,1732383300,362,613
2039,"CodeTON Round 9 (Div. 1 + Div. 2, Rated, Prizes!)",shahipeasant,8087,1732383300,712,808
2039,"CodeTON Round 9 (Div. 1 + Div. 2, Rated, Prizes!)",irshadsiddi,8087,1732383300,832,817
2039,"CodeTON Round 9 (Div. 1 + Div. 2, Rated, Prizes!)",AcrSahil,8087,1732383300,751,758
2039,"CodeTON Round 9 (Div. 1 + Div. 2, Rated, Prizes!)",dermale,8087,1732383300,895,865
2039,"CodeTON Round 9 (Div. 1 + Div. 2, Rated, Prizes!)",hitanshu326,8087,1732383300,680,708
2039,"CodeTON Round 9 (Div. 1 + Div. 2, Rated, Prizes!)",Lakshay122006,8087,1732383300,718,735
2039,"CodeTON Round 9 (Div. 1 + Div. 2, Rated, Prizes!)",Jubayed5604,8087,1732383300,801,794
2039,"CodeTON Round 9 (Div. 1 + Div. 2, Rated, Prizes!)",pcoder376,8097,1732383300,831,883
2039,"CodeTON Round 9 (Div. 1 + Div. 2, Rated, Prizes!)",KKT-awa,8097,1732383300,0,387
2039,"CodeTON Round 9 (Div. 1 + Div. 2, Rated, Prizes!)",Ronja7,8097,1732383300,731,743
2039,"CodeTON Round 9 (Div. 1 + Div. 2, Rated, Prizes!)",Firewall_Rebels,8097,1732383300,780,778
2039,"CodeTON Round 9 (Div. 1 + Div. 2, Rated, Prizes!)",hacker117,8097,1732383300,387,633
2039,"CodeTON Round 9 (Div. 1 + Div. 2, Rated, Prizes!)",HackHarbinger,8097,1732383300,787,868
2039,"CodeTON Round 9 (Div. 1 + Div. 2, Rated, Prizes!)",NSTNur1s,8097,1732383300,0,387
2039,"CodeTON Round 9 (Div. 1 + Div. 2, Rated, Prizes!)",_abbdullah,8097,1732383300,906,873
2039,"CodeTON Round 9 (Div. 1 + Div. 2, Rated, Prizes!)",Rustic_22,8097,1732383300,648,810
2039,"CodeTON Round 9 (Div. 1 + Div. 2, Rated, Prizes!)",FradBro,8097,1732383300,984,935
2039,"CodeTON Round 9 (Div. 1 + Div. 2, Rated, Prizes!)",tvimal002,8107,1732383300,1089,1020
2039,"CodeTON Round 9 (Div. 1 + Div. 2, Rated, Prizes!)",hoaicaochi,8107,1732383300,370,619
2039,"CodeTON Round 9 (Div. 1 + Div. 2, Rated, Prizes!)",heniex,8107,1732383300,601,771
2039,"CodeTON Round 9 (Div. 1 + Div. 2, Rated, Prizes!)",lic-a,8107,1732383300,657,817
2039,"CodeTON Round 9 (Div. 1 + Div. 2, Rated, Prizes!)",Aries_Casper_175,8107,1732383300,1035,976
2039,"CodeTON Round 9 (Div. 1 + Div. 2, Rated, Prizes!)",AkshatOP,8107,1732383300,1037,978
2039,"CodeTON Round 9 (Div. 1 + Div. 2, Rated, Prizes!)",cdlake,8107,1732383300,401,644
2039,"CodeTON Round 9 (Div. 1 + Div. 2, Rated, Prizes!)",saianudra,8107,1732383300,826,878
2039,"CodeTON Round 9 (Div. 1 + Div. 2, Rated, Prizes!)",rras,8107,1732383300,728,740
2039,"CodeTON Round 9 (Div. 1 + Div. 2, Rated, Prizes!)",k.i.t,8107,1732383300,725,738
2039,"CodeTON Round 9 (Div. 1 + Div. 2, Rated, Prizes!)",AkshatJain481,8107,1732383300,857,835
2039,"CodeTON Round 9 (Div. 1 + Div. 2, Rated, Prizes!)",sumitaj556,8118,1732383300,1051,988
2039,"CodeTON Round 9 (Div. 1 + Div. 2, Rated, Prizes!)",Arshia_Rzv,8118,1732383300,607,775
2039,"CodeTON Round 9 (Div. 1 + Div. 2, Rated, Prizes!)",rohansarkar888,8118,1732383300,701,720
2039,"CodeTON Round 9 (Div. 1 + Div. 2, Rated, Prizes!)",fatema1010,8118,1732383300,730,741
2039,"CodeTON Round 9 (Div. 1 + Div. 2, Rated, Prizes!)",Yashasvi09,8118,1732383300,857,834
2039,"CodeTON Round 9 (Div. 1 + Div. 2, Rated, Prizes!)",amitommiter,8118,1732383300,805,794
2039,"CodeTON Round 9 (Div. 1 + Div. 2, Rated, Prizes!)",hieungao288,8118,1732383300,0,387
2039,"CodeTON Round 9 (Div. 1 + Div. 2, Rated, Prizes!)",ashutoshmishra61679,8118,1732383300,909,874
2039,"CodeTON Round 9 (Div. 1 + Div. 2, Rated, Prizes!)",Anshverma598,8118,1732383300,981,931
2039,"CodeTON Round 9 (Div. 1 + Div. 2, Rated, Prizes!)",setayesh.malakooti,8118,1732383300,838,820
2039,"CodeTON Round 9 (Div. 1 + Div. 2, Rated, Prizes!)",shah99,8118,1732383300,852,831
2039,"CodeTON Round 9 (Div. 1 + Div. 2, Rated, Prizes!)",3omdaughh,8118,1732383300,1004,950
2039,"CodeTON Round 9 (Div. 1 + Div. 2, Rated, Prizes!)",cmurarita,8118,1732383300,929,890
2039,"CodeTON Round 9 (Div. 1 + Div. 2, Rated, Prizes!)",BLWxHardikk,8118,1732383300,1116,1041
2039,"CodeTON Round 9 (Div. 1 + Div. 2, Rated, Prizes!)",Robin-Sajeb,8118,1732383300,765,765
2039,"CodeTON Round 9 (Div. 1 + Div. 2, Rated, Prizes!)",haspeem,8118,1732383300,960,1010
2039,"CodeTON Round 9 (Div. 1 + Div. 2, Rated, Prizes!)",plato_001,8118,1732383300,922,885
2039,"CodeTON Round 9 (Div. 1 + Div. 2, Rated, Prizes!)",Datta2006,8118,1732383300,0,387
2039,"CodeTON Round 9 (Div. 1 + Div. 2, Rated, Prizes!)",aabb0721,8118,1732383300,399,643
2039,"CodeTON Round 9 (Div. 1 + Div. 2, Rated, Prizes!)",vector_r7,8118,1732383300,800,791
2039,"CodeTON Round 9 (Div. 1 + Div. 2, Rated, Prizes!)",Adijain149,8138,1732383300,914,917
2039,"CodeTON Round 9 (Div. 1 + Div. 2, Rated, Prizes!)",samir981,8138,1732383300,952,1003
2039,"CodeTON Round 9 (Div. 1 + Div. 2, Rated, Prizes!)",SaQrHack,8138,1732383300,858,835
2039,"CodeTON Round 9 (Div. 1 + Div. 2, Rated, Prizes!)",pokemon.ayush,8138,1732383300,886,856
2039,"CodeTON Round 9 (Div. 1 + Div. 2, Rated, Prizes!)",TLsyc47,8138,1732383300,591,761
2039,"CodeTON Round 9 (Div. 1 + Div. 2, Rated, Prizes!)",Ganesh07,8138,1732383300,596,766
2039,"CodeTON Round 9 (Div. 1 + Div. 2, Rated, Prizes!)",pyarajanglijanwar,8138,1732383300,849,895
2039,"CodeTON Round 9 (Div. 1 + Div. 2, Rated, Prizes!)",salwabaki0017,8138,1732383300,788,868
2039,"CodeTON Round 9 (Div. 1 + Div. 2, Rated, Prizes!)",rudra_826,8138,1732383300,667,696
2039,"CodeTON Round 9 (Div. 1 + Div. 2, Rated, Prizes!)",VBStudi0s,8138,1732383300,0,386
2039,"CodeTON Round 9 (Div. 1 + Div. 2, Rated, Prizes!)",Final_Meet,8138,1732383300,0,386
2039,"CodeTON Round 9 (Div. 1 + Div. 2, Rated, Prizes!)",anurag_ck,8149,1732383300,588,759
2039,"CodeTON Round 9 (Div. 1 + Div. 2, Rated, Prizes!)",Candy-an,8149,1732383300,361,610
2039,"CodeTON Round 9 (Div. 1 + Div. 2, Rated, Prizes!)",lynu,8149,1732383300,335,589
2039,"CodeTON Round 9 (Div. 1 + Div. 2, Rated, Prizes!)",pratik.patil9113,8149,1732383300,849,827
2039,"CodeTON Round 9 (Div. 1 + Div. 2, Rated, Prizes!)",husbaki,8149,1732383300,711,860
2039,"CodeTON Round 9 (Div. 1 + Div. 2, Rated, Prizes!)",rtx_its_on,8149,1732383300,0,386
2039,"CodeTON Round 9 (Div. 1 + Div. 2, Rated, Prizes!)",chandandutt44,8149,1732383300,351,602
2039,"CodeTON Round 9 (Div. 1 + Div. 2, Rated, Prizes!)",SaikatHossain,8149,1732383300,622,787
2039,"CodeTON Round 9 (Div. 1 + Div. 2, Rated, Prizes!)",priyanshu_kumar01,8149,1732383300,832,904
2039,"CodeTON Round 9 (Div. 1 + Div. 2, Rated, Prizes!)",chetan3327,8149,1732383300,1150,1068
2039,"CodeTON Round 9 (Div. 1 + Div. 2, Rated, Prizes!)",ratul49,8149,1732383300,349,601
2039,"CodeTON Round 9 (Div. 1 + Div. 2, Rated, Prizes!)",Sir_A_Rafay_Pow_Infinity,8149,1732383300,652,685
2039,"CodeTON Round 9 (Div. 1 + Div. 2, Rated, Prizes!)",Di_Lorenzo.,8149,1732383300,853,830
2039,"CodeTON Round 9 (Div. 1 + Div. 2, Rated, Prizes!)",quangthenpc,8149,1732383300,896,863
2039,"CodeTON Round 9 (Div. 1 + Div. 2, Rated, Prizes!)",SixPackPenguin,8149,1732383300,548,617
2039,"CodeTON Round 9 (Div. 1 + Div. 2, Rated, Prizes!)",liuyuning,8149,1732383300,0,386
2039,"CodeTON Round 9 (Div. 1 + Div. 2, Rated, Prizes!)",__agakishiyev_,8149,1732383300,838,909
2039,"CodeTON Round 9 (Div. 1 + Div. 2, Rated, Prizes!)",GrAyy,8166,1732383300,844,823
2039,"CodeTON Round 9 (Div. 1 + Div. 2, Rated, Prizes!)",tsnX_7,8166,1732383300,1075,1006
2039,"CodeTON Round 9 (Div. 1 + Div. 2, Rated, Prizes!)",xlct,8166,1732383300,853,898
2039,"CodeTON Round 9 (Div. 1 + Div. 2, Rated, Prizes!)",Alexandr,8166,1732383300,1066,999
2039,"CodeTON Round 9 (Div. 1 + Div. 2, Rated, Prizes!)",Mr_Aaka,8166,1732383300,0,386
2039,"CodeTON Round 9 (Div. 1 + Div. 2, Rated, Prizes!)",mmmmen,8166,1732383300,0,386
2039,"CodeTON Round 9 (Div. 1 + Div. 2, Rated, Prizes!)",Ankitsahu564,8166,1732383300,847,893
2039,"CodeTON Round 9 (Div. 1 + Div. 2, Rated, Prizes!)",likerun,8166,1732383300,1195,1147
2039,"CodeTON Round 9 (Div. 1 + Div. 2, Rated, Prizes!)",Saad_Nabil_Rimeh,8166,1732383300,809,796
2039,"CodeTON Round 9 (Div. 1 + Div. 2, Rated, Prizes!)",Proxyy,8166,1732383300,921,882
2039,"CodeTON Round 9 (Div. 1 + Div. 2, Rated, Prizes!)",keshob016,8176,1732383300,826,809
2039,"CodeTON Round 9 (Div. 1 + Div. 2, Rated, Prizes!)",Eggyf,8176,1732383300,954,980
2039,"CodeTON Round 9 (Div. 1 + Div. 2, Rated, Prizes!)",yosora,8176,1732383300,0,386
2039,"CodeTON Round 9 (Div. 1 + Div. 2, Rated, Prizes!)",jiangqvweihuan,8176,1732383300,349,600
2039,"CodeTON Round 9 (Div. 1 + Div. 2, Rated, Prizes!)",a_neuron,8176,1732383300,782,862
2039,"CodeTON Round 9 (Div. 1 + Div. 2, Rated, Prizes!)",buhsan,8176,1732383300,667,694
2039,"CodeTON Round 9 (Div. 1 + Div. 2, Rated, Prizes!)",PixelCode01,8176,1732383300,622,663
2039,"CodeTON Round 9 (Div. 1 + Div. 2, Rated, Prizes!)",suryansh0_0,8176,1732383300,680,835
2039,"CodeTON Round 9 (Div. 1 + Div. 2, Rated, Prizes!)",GeoffreyTodd,8176,1732383300,754,792
2039,"CodeTON Round 9 (Div. 1 + Div. 2, Rated, Prizes!)",skipped_,8185,1732383300,1124,1046
2039,"CodeTON Round 9 (Div. 1 + Div. 2, Rated, Prizes!)",NISHKRIYO,8185,1732383300,0,385
2039,"CodeTON Round 9 (Div. 1 + Div. 2, Rated, Prizes!)",MoCkZeTa,8185,1732383300,1122,1044
2039,"CodeTON Round 9 (Div. 1 + Div. 2, Rated, Prizes!)",reishika,8185,1732383300,770,766
2039,"CodeTON Round 9 (Div. 1 + Div. 2, Rated, Prizes!)",ThinkAlone,8185,1732383300,0,385
2039,"CodeTON Round 9 (Div. 1 + Div. 2, Rated, Prizes!)",Watson_TP,8185,1732383300,1110,1034
2039,"CodeTON Round 9 (Div. 1 + Div. 2, Rated, Prizes!)",Herbert_lyw,8185,1732383300,736,880
2039,"CodeTON Round 9 (Div. 1 + Div. 2, Rated, Prizes!)",nosleep1,8185,1732383300,967,958
2039,"CodeTON Round 9 (Div. 1 + Div. 2, Rated, Prizes!)",arpanpal92,8185,1732383300,931,889
2039,"CodeTON Round 9 (Div. 1 + Div. 2, Rated, Prizes!)",surjayan_kar,8185,1732383300,1254,1154
2039,"CodeTON Round 9 (Div. 1 + Div. 2, Rated, Prizes!)",Toslim_Aman,8185,1732383300,929,887
2039,"CodeTON Round 9 (Div. 1 + Div. 2, Rated, Prizes!)",Md.Shorif_mia,8185,1732383300,953,907
2039,"CodeTON Round 9 (Div. 1 + Div. 2, Rated, Prizes!)",anonymous_2605,8185,1732383300,1106,1031
2039,"CodeTON Round 9 (Div. 1 + Div. 2, Rated, Prizes!)",locphanthanh488,8198,1732383300,918,879
2039,"CodeTON Round 9 (Div. 1 + Div. 2, Rated, Prizes!)",algosupport,8198,1732383300,0,385
2039,"CodeTON Round 9 (Div. 1 + Div. 2, Rated, Prizes!)",dangduycvak32,8200,1732383300,0,385
2039,"CodeTON Round 9 (Div. 1 + Div. 2, Rated, Prizes!)",bsse1510,8200,1732383300,0,385
2039,"CodeTON Round 9 (Div. 1 + Div. 2, Rated, Prizes!)",bhargava_ram,8200,1732383300,917,948
2039,"CodeTON Round 9 (Div. 1 + Div. 2, Rated, Prizes!)",saurabh_16,8200,1732383300,728,735
2039,"CodeTON Round 9 (Div. 1 + Div. 2, Rated, Prizes!)",Lets_Do_CP,8200,1732383300,591,760
2039,"CodeTON Round 9 (Div. 1 + Div. 2, Rated, Prizes!)",Marean,8200,1732383300,992,1011
2039,"CodeTON Round 9 (Div. 1 + Div. 2, Rated, Prizes!)",2PuNCheez,8200,1732383300,1217,1123
2039,"CodeTON Round 9 (Div. 1 + Div. 2, Rated, Prizes!)",MarvinJohnson,8200,1732383300,757,793
2039,"CodeTON Round 9 (Div. 1 + Div. 2, Rated, Prizes!)",Moiz_khan,8200,1732383300,745,831
2039,"CodeTON Round 9 (Div. 1 + Div. 2, Rated, Prizes!)",Gathvik,8209,1732383300,616,657
2039,"CodeTON Round 9 (Div. 1 + Div. 2, Rated, Prizes!)",nishant_mj,8209,1732383300,864,929
2039,"CodeTON Round 9 (Div. 1 + Div. 2, Rated, Prizes!)",JeffreyWaites,8209,1732383300,740,780
2039,"CodeTON Round 9 (Div. 1 + Div. 2, Rated, Prizes!)",Noalkomi,8209,1732383300,1079,1008
2039,"CodeTON Round 9 (Div. 1 + Div. 2, Rated, Prizes!)",QHhee,8209,1732383300,1019,1057
2039,"CodeTON Round 9 (Div. 1 + Div. 2, Rated, Prizes!)",Dark_Hourse,8209,1732383300,967,918
2039,"CodeTON Round 9 (Div. 1 + Div. 2, Rated, Prizes!)",FuturisticCoder,8209,1732383300,582,752
2039,"CodeTON Round 9 (Div. 1 + Div. 2, Rated, Prizes!)",RSOjhy,8209,1732383300,0,385
2039,"CodeTON Round 9 (Div. 1 + Div. 2, Rated, Prizes!)",znss,8217,1732383300,0,384
2039,"CodeTON Round 9 (Div. 1 + Div. 2, Rated, Prizes!)",GeraldMorales,8217,1732383300,754,789
2039,"CodeTON Round 9 (Div. 1 + Div. 2, Rated, Prizes!)",DAKSHB405,8217,1732383300,0,384
2039,"CodeTON Round 9 (Div. 1 + Div. 2, Rated, Prizes!)",Cavee,8217,1732383300,921,880
2039,"CodeTON Round 9 (Div. 1 + Div. 2, Rated, Prizes!)",Detroy,8217,1732383300,0,384
2039,"CodeTON Round 9 (Div. 1 + Div. 2, Rated, Prizes!)",RobertDu,8217,1732383300,756,791
2039,"CodeTON Round 9 (Div. 1 + Div. 2, Rated, Prizes!)",gojoAraAra,8217,1732383300,915,875
2039,"CodeTON Round 9 (Div. 1 + Div. 2, Rated, Prizes!)",ssssgoku,8217,1732383300,771,851
2039,"CodeTON Round 9 (Div. 1 + Div. 2, Rated, Prizes!)",talhaatif573,8217,1732383300,841,818
2039,"CodeTON Round 9 (Div. 1 + Div. 2, Rated, Prizes!)",sponge.bob_,8217,1732383300,0,384
2039,"CodeTON Round 9 (Div. 1 + Div. 2, Rated, Prizes!)",unknown_junayed,8217,1732383300,1084,1012
2039,"CodeTON Round 9 (Div. 1 + Div. 2, Rated, Prizes!)",mirziyobm1,8217,1732383300,719,865
2039,"CodeTON Round 9 (Div. 1 + Div. 2, Rated, Prizes!)",Tamimur_Rahman009,8217,1732383300,856,829
2039,"CodeTON Round 9 (Div. 1 + Div. 2, Rated, Prizes!)",jojo33,8217,1732383300,597,764
2039,"CodeTON Round 9 (Div. 1 + Div. 2, Rated, Prizes!)",kidieu000,8217,1732383300,406,646
2039,"CodeTON Round 9 (Div. 1 + Div. 2, Rated, Prizes!)",imitrix,8217,1732383300,889,854
2039,"CodeTON Round 9 (Div. 1 + Div. 2, Rated, Prizes!)",Adii,8217,1732383300,968,917
2039,"CodeTON Round 9 (Div. 1 + Div. 2, Rated, Prizes!)",guptaknights1820,8217,1732383300,1133,1052
2039,"CodeTON Round 9 (Div. 1 + Div. 2, Rated, Prizes!)",Cooldude8646,8217,1732383300,0,384
2039,"CodeTON Round 9 (Div. 1 + Div. 2, Rated, Prizes!)",Andy_FG,8217,1732383300,846,890
2039,"CodeTON Round 9 (Div. 1 + Div. 2, Rated, Prizes!)",fzzz03,8217,1732383300,909,942
2039,"CodeTON Round 9 (Div. 1 + Div. 2, Rated, Prizes!)",123xc,8238,1732383300,1177,1089
2039,"CodeTON Round 9 (Div. 1 + Div. 2, Rated, Prizes!)",dhruvgupta3307,8238,1732383300,1154,1069
2039,"CodeTON Round 9 (Div. 1 + Div. 2, Rated, Prizes!)",ictburhan709,8240,1732383300,377,622
2039,"CodeTON Round 9 (Div. 1 + Div. 2, Rated, Prizes!)",Aryanwastaken,8240,1732383300,422,659
2039,"CodeTON Round 9 (Div. 1 + Div. 2, Rated, Prizes!)",Magical-Cat-Man,8240,1732383300,356,604
2039,"CodeTON Round 9 (Div. 1 + Div. 2, Rated, Prizes!)",ElmerMcCain,8240,1732383300,757,792
2039,"CodeTON Round 9 (Div. 1 + Div. 2, Rated, Prizes!)",Noor_here,8240,1732383300,1158,1073
2039,"CodeTON Round 9 (Div. 1 + Div. 2, Rated, Prizes!)",saidaaa,8240,1732383300,805,857
2039,"CodeTON Round 9 (Div. 1 + Div. 2, Rated, Prizes!)",rubiat,8240,1732383300,668,691
2039,"CodeTON Round 9 (Div. 1 + Div. 2, Rated, Prizes!)",Ashab_Raiyan,8247,1732383300,742,827
2039,"CodeTON Round 9 (Div. 1 + Div. 2, Rated, Prizes!)",amitsabnis2004,8247,1732383300,764,759
2039,"CodeTON Round 9 (Div. 1 + Div. 2, Rated, Prizes!)",Xx2happy2xX,8247,1732383300,923,977
2039,"CodeTON Round 9 (Div. 1 + Div. 2, Rated, Prizes!)",SharafatKarim,8247,1732383300,895,858
2039,"CodeTON Round 9 (Div. 1 + Div. 2, Rated, Prizes!)",neev586,8247,1732383300,0,384
2039,"CodeTON Round 9 (Div. 1 + Div. 2, Rated, Prizes!)",Groud,8247,1732383300,806,857
2039,"CodeTON Round 9 (Div. 1 + Div. 2, Rated, Prizes!)",sk_rakib,8253,1732383300,921,878
2039,"CodeTON Round 9 (Div. 1 + Div. 2, Rated, Prizes!)",Iftikhar_Shams_Niloy,8253,1732383300,401,641
2039,"CodeTON Round 9 (Div. 1 + Div. 2, Rated, Prizes!)",GreenT2,8253,1732383300,0,384
2039,"CodeTON Round 9 (Div. 1 + Div. 2, Rated, Prizes!)",alikansoh856,8253,1732383300,398,639
2039,"CodeTON Round 9 (Div. 1 + Div. 2, Rated, Prizes!)",encodeworld,8253,1732383300,349,598
2039,"CodeTON Round 9 (Div. 1 + Div. 2, Rated, Prizes!)",5y3b,8253,1732383300,388,631
2039,"CodeTON Round 9 (Div. 1 + Div. 2, Rated, Prizes!)",boliyin,8253,1732383300,0,384
2039,"CodeTON Round 9 (Div. 1 + Div. 2, Rated, Prizes!)",kut_man,8253,1732383300,705,796
2039,"CodeTON Round 9 (Div. 1 + Div. 2, Rated, Prizes!)",Rahat48,8253,1732383300,896,859
2039,"CodeTON Round 9 (Div. 1 + Div. 2, Rated, Prizes!)",GrimReaper27,8253,1732383300,1105,1028
2039,"CodeTON Round 9 (Div. 1 + Div. 2, Rated, Prizes!)",MuhammadJon_SundarStem,8253,1732383300,839,815
2039,"CodeTON Round 9 (Div. 1 + Div. 2, Rated, Prizes!)",markapuramakhil,8253,1732383300,0,384
2039,"CodeTON Round 9 (Div. 1 + Div. 2, Rated, Prizes!)",intermin,8253,1732383300,0,384
2039,"CodeTON Round 9 (Div. 1 + Div. 2, Rated, Prizes!)",songsuijie,8266,1732383300,365,611
2039,"CodeTON Round 9 (Div. 1 + Div. 2, Rated, Prizes!)",Z_E_R_O_0,8267,1732383300,0,384
2039,"CodeTON Round 9 (Div. 1 + Div. 2, Rated, Prizes!)",brisbane,8267,1732383300,670,824
2039,"CodeTON Round 9 (Div. 1 + Div. 2, Rated, Prizes!)",SpongeCodes,8267,1732383300,993,936
2039,"CodeTON Round 9 (Div. 1 + Div. 2, Rated, Prizes!)",Rigle,8267,1732383300,1069,998
2039,"CodeTON Round 9 (Div. 1 + Div. 2, Rated, Prizes!)",Wallfl0wer,8267,1732383300,953,976
2039,"CodeTON Round 9 (Div. 1 + Div. 2, Rated, Prizes!)",AlanMartinez,8267,1732383300,754,788
2039,"CodeTON Round 9 (Div. 1 + Div. 2, Rated, Prizes!)",016-Yergulan-M-2027,8267,1732383300,799,784
2039,"CodeTON Round 9 (Div. 1 + Div. 2, Rated, Prizes!)",Antonvishnar,8267,1732383300,369,615
2039,"CodeTON Round 9 (Div. 1 + Div. 2, Rated, Prizes!)",tryeasy,8267,1732383300,910,909
2039,"CodeTON Round 9 (Div. 1 + Div. 2, Rated, Prizes!)",YashKambaria777,8267,1732383300,395,636
2039,"CodeTON Round 9 (Div. 1 + Div. 2, Rated, Prizes!)",fnellen,8267,1732383300,353,601
2039,"CodeTON Round 9 (Div. 1 + Div. 2, Rated, Prizes!)",BIG_old_guy,8278,1732383300,0,383
2039,"CodeTON Round 9 (Div. 1 + Div. 2, Rated, Prizes!)",Arjun_UiU,8278,1732383300,800,784
2039,"CodeTON Round 9 (Div. 1 + Div. 2, Rated, Prizes!)",Error40404,8278,1732383300,645,803
2039,"CodeTON Round 9 (Div. 1 + Div. 2, Rated, Prizes!)",ZebraJet,8278,1732383300,585,632
2039,"CodeTON Round 9 (Div. 1 + Div. 2, Rated, Prizes!)",deenmdatif0210,8278,1732383300,817,797
2039,"CodeTON Round 9 (Div. 1 + Div. 2, Rated, Prizes!)",LawrenceNoriega,8278,1732383300,756,788
2039,"CodeTON Round 9 (Div. 1 + Div. 2, Rated, Prizes!)",cfpl6,8278,1732383300,608,772
2039,"CodeTON Round 9 (Div. 1 + Div. 2, Rated, Prizes!)",Vladelets_Vselennoy,8278,1732383300,640,798
2039,"CodeTON Round 9 (Div. 1 + Div. 2, Rated, Prizes!)",Kilua,8278,1732383300,981,999
2039,"CodeTON Round 9 (Div. 1 + Div. 2, Rated, Prizes!)",Loser_life,8278,1732383300,575,626
2039,"CodeTON Round 9 (Div. 1 + Div. 2, Rated, Prizes!)",WagOne,8278,1732383300,751,747
2039,"CodeTON Round 9 (Div. 1 + Div. 2, Rated, Prizes!)",Clover.hzy,8278,1732383300,0,383
2039,"CodeTON Round 9 (Div. 1 + Div. 2, Rated, Prizes!)",santGom05,8290,1732383300,924,880
2039,"CodeTON Round 9 (Div. 1 + Div. 2, Rated, Prizes!)",ngc2727,8290,1732383300,0,383
2039,"CodeTON Round 9 (Div. 1 + Div. 2, Rated, Prizes!)",dggcrypt,8290,1732383300,385,627
2039,"CodeTON Round 9 (Div. 1 + Div. 2, Rated, Prizes!)",krishnasai1,8290,1732383300,1062,991
2039,"CodeTON Round 9 (Div. 1 + Div. 2, Rated, Prizes!)",OscarStansel,8290,1732383300,757,788
2039,"CodeTON Round 9 (Div. 1 + Div. 2, Rated, Prizes!)",tfgkk,8290,1732383300,826,803
2039,"CodeTON Round 9 (Div. 1 + Div. 2, Rated, Prizes!)",jafarbekyusupov,8290,1732383300,1093,1092
2039,"CodeTON Round 9 (Div. 1 + Div. 2, Rated, Prizes!)",rachitbit,8290,1732383300,927,882
2039,"CodeTON Round 9 (Div. 1 + Div. 2, Rated, Prizes!)",JessePinkman__,8290,1732383300,735,735
2039,"CodeTON Round 9 (Div. 1 + Div. 2, Rated, Prizes!)",Turb0cyb0rg,8299,1732383300,1017,955
2039,"CodeTON Round 9 (Div. 1 + Div. 2, Rated, Prizes!)",gao_,8299,1732383300,358,605
2039,"CodeTON Round 9 (Div. 1 + Div. 2, Rated, Prizes!)",Kinder_1,8299,1732383300,1014,952
2039,"CodeTON Round 9 (Div. 1 + Div. 2, Rated, Prizes!)",SaiDharahas,8299,1732383300,808,789
2039,"CodeTON Round 9 (Div. 1 + Div. 2, Rated, Prizes!)",swaraj0,8299,1732383300,816,834
2039,"CodeTON Round 9 (Div. 1 + Div. 2, Rated, Prizes!)",slowslowslowT0T,8299,1732383300,977,922
2039,"CodeTON Round 9 (Div. 1 + Div. 2, Rated, Prizes!)",belema_007,8299,1732383300,735,734
2039,"CodeTON Round 9 (Div. 1 + Div. 2, Rated, Prizes!)",GSG2604,8306,1732383300,0,383
2039,"CodeTON Round 9 (Div. 1 + Div. 2, Rated, Prizes!)",phib,8306,1732383300,646,803
2039,"CodeTON Round 9 (Div. 1 + Div. 2, Rated, Prizes!)",Fahad06,8306,1732383300,1316,1203
2039,"CodeTON Round 9 (Div. 1 + Div. 2, Rated, Prizes!)",Complexity_MR_01,8306,1732383300,895,856
2039,"CodeTON Round 9 (Div. 1 + Div. 2, Rated, Prizes!)",SM61,8306,1732383300,825,801
2039,"CodeTON Round 9 (Div. 1 + Div. 2, Rated, Prizes!)",A_a_s_h_u_,8306,1732383300,872,838
2039,"CodeTON Round 9 (Div. 1 + Div. 2, Rated, Prizes!)",chengche,8306,1732383300,368,613
2039,"CodeTON Round 9 (Div. 1 + Div. 2, Rated, Prizes!)",_abdullah.790_,8306,1732383300,410,648
2039,"CodeTON Round 9 (Div. 1 + Div. 2, Rated, Prizes!)",Saksham_Garg48,8306,1732383300,1010,948
2039,"CodeTON Round 9 (Div. 1 + Div. 2, Rated, Prizes!)",WayneOrtiz,8306,1732383300,787,772
2039,"CodeTON Round 9 (Div. 1 + Div. 2, Rated, Prizes!)",ACE_DX3906,8306,1732383300,0,383
2039,"CodeTON Round 9 (Div. 1 + Div. 2, Rated, Prizes!)",razog,8306,1732383300,670,823
2039,"CodeTON Round 9 (Div. 1 + Div. 2, Rated, Prizes!)",nursultanO6,8318,1732383300,370,614
2039,"CodeTON Round 9 (Div. 1 + Div. 2, Rated, Prizes!)",rohan2210,8318,1732383300,670,822
2039,"CodeTON Round 9 (Div. 1 + Div. 2, Rated, Prizes!)",smartymayank777,8318,1732383300,708,714
2039,"CodeTON Round 9 (Div. 1 + Div. 2, Rated, Prizes!)",Aryan_Sandal2517,8318,1732383300,993,1008
2039,"CodeTON Round 9 (Div. 1 + Div. 2, Rated, Prizes!)",Lakshya29J,8318,1732383300,929,883
2039,"CodeTON Round 9 (Div. 1 + Div. 2, Rated, Prizes!)",Kiana423,8318,1732383300,843,884
2039,"CodeTON Round 9 (Div. 1 + Div. 2, Rated, Prizes!)",yuanhen...,8324,1732383300,885,848
2039,"CodeTON Round 9 (Div. 1 + Div. 2, Rated, Prizes!)",S_I_Tanvir,8325,1732383300,353,599
2039,"CodeTON Round 9 (Div. 1 + Div. 2, Rated, Prizes!)",GaurangRanjan,8325,1732383300,771,759
2039,"CodeTON Round 9 (Div. 1 + Div. 2, Rated, Prizes!)",Imran71,8325,1732383300,900,931
2039,"CodeTON Round 9 (Div. 1 + Div. 2, Rated, Prizes!)",Onicito,8325,1732383300,395,634
2039,"CodeTON Round 9 (Div. 1 + Div. 2, Rated, Prizes!)",namanxashish,8325,1732383300,839,851
2039,"CodeTON Round 9 (Div. 1 + Div. 2, Rated, Prizes!)",Suraj0710,8325,1732383300,392,632
2039,"CodeTON Round 9 (Div. 1 + Div. 2, Rated, Prizes!)",mad571,8325,1732383300,656,810
2039,"CodeTON Round 9 (Div. 1 + Div. 2, Rated, Prizes!)",JoeWebster,8325,1732383300,786,771
2039,"CodeTON Round 9 (Div. 1 + Div. 2, Rated, Prizes!)",KetanSaini,8325,1732383300,830,804
2039,"CodeTON Round 9 (Div. 1 + Div. 2, Rated, Prizes!)",sajjad_,8334,1732383300,870,875
2039,"CodeTON Round 9 (Div. 1 + Div. 2, Rated, Prizes!)",LH3223chen,8334,1732383300,0,382
2039,"CodeTON Round 9 (Div. 1 + Div. 2, Rated, Prizes!)",aksa001,8334,1732383300,911,908
2039,"CodeTON Round 9 (Div. 1 + Div. 2, Rated, Prizes!)",wuwuu-555,8334,1732383300,614,775
2039,"CodeTON Round 9 (Div. 1 + Div. 2, Rated, Prizes!)",mohitraikk,8334,1732383300,0,382
2039,"CodeTON Round 9 (Div. 1 + Div. 2, Rated, Prizes!)",MAieshAdnan,8334,1732383300,384,625
2039,"CodeTON Round 9 (Div. 1 + Div. 2, Rated, Prizes!)",YC_J,8334,1732383300,0,382
2039,"CodeTON Round 9 (Div. 1 + Div. 2, Rated, Prizes!)",Zeeshan-Haider,8334,1732383300,0,382
2039,"CodeTON Round 9 (Div. 1 + Div. 2, Rated, Prizes!)",R3make,8334,1732383300,589,755
2039,"CodeTON Round 9 (Div. 1 + Div. 2, Rated, Prizes!)",GermanGladkikh,8334,1732383300,977,921
2039,"CodeTON Round 9 (Div. 1 + Div. 2, Rated, Prizes!)",Esanov,8344,1732383300,0,382
2039,"CodeTON Round 9 (Div. 1 + Div. 2, Rated, Prizes!)",SuperBrainy007,8344,1732383300,1014,951
2039,"CodeTON Round 9 (Div. 1 + Div. 2, Rated, Prizes!)",zzzjjjyyy,8344,1732383300,1042,973
2039,"CodeTON Round 9 (Div. 1 + Div. 2, Rated, Prizes!)",mateeee,8344,1732383300,720,720
2039,"CodeTON Round 9 (Div. 1 + Div. 2, Rated, Prizes!)",JohnSammons,8344,1732383300,806,785
2039,"CodeTON Round 9 (Div. 1 + Div. 2, Rated, Prizes!)",pigheart,8344,1732383300,0,382
2039,"CodeTON Round 9 (Div. 1 + Div. 2, Rated, Prizes!)",caiyajie2024,8344,1732383300,0,382
2039,"CodeTON Round 9 (Div. 1 + Div. 2, Rated, Prizes!)",v_r_86,8344,1732383300,1096,1059
2039,"CodeTON Round 9 (Div. 1 + Div. 2, Rated, Prizes!)",one-of-the-coders,8344,1732383300,651,805
2039,"CodeTON Round 9 (Div. 1 + Div. 2, Rated, Prizes!)",mahedi_04,8344,1732383300,869,874
2039,"CodeTON Round 9 (Div. 1 + Div. 2, Rated, Prizes!)",bielmandelli,8344,1732383300,358,603
2039,"CodeTON Round 9 (Div. 1 + Div. 2, Rated, Prizes!)",dragonslaye1324,8344,1732383300,0,382
2039,"CodeTON Round 9 (Div. 1 + Div. 2, Rated, Prizes!)",LEGEND_LONE_WOLF,8344,1732383300,576,743
2039,"CodeTON Round 9 (Div. 1 + Div. 2, Rated, Prizes!)",iiser.ayush,8344,1732383300,911,867
2039,"CodeTON Round 9 (Div. 1 + Div. 2, Rated, Prizes!)",sujal777,8358,1732383300,0,382
2039,"CodeTON Round 9 (Div. 1 + Div. 2, Rated, Prizes!)",RingedRocket392,8358,1732383300,364,608
2039,"CodeTON Round 9 (Div. 1 + Div. 2, Rated, Prizes!)",chrisnortiya,8358,1732383300,639,796
2039,"CodeTON Round 9 (Div. 1 + Div. 2, Rated, Prizes!)",arifcse2,8358,1732383300,711,714
2039,"CodeTON Round 9 (Div. 1 + Div. 2, Rated, Prizes!)",Trung_NR,8358,1732383300,896,854
2039,"CodeTON Round 9 (Div. 1 + Div. 2, Rated, Prizes!)",deemployed,8358,1732383300,0,382
2039,"CodeTON Round 9 (Div. 1 + Div. 2, Rated, Prizes!)",JamesEndo,8358,1732383300,928,880
2039,"CodeTON Round 9 (Div. 1 + Div. 2, Rated, Prizes!)",soham_1817,8365,1732383300,1048,1020
2039,"CodeTON Round 9 (Div. 1 + Div. 2, Rated, Prizes!)",adityajha15052,8365,1732383300,1093,1015
2039,"CodeTON Round 9 (Div. 1 + Div. 2, Rated, Prizes!)",iamReza.,8365,1732383300,923,917
2039,"CodeTON Round 9 (Div. 1 + Div. 2, Rated, Prizes!)",JefferyWeathers,8365,1732383300,809,787
2039,"CodeTON Round 9 (Div. 1 + Div. 2, Rated, Prizes!)",mjaiswal,8365,1732383300,1167,1077
2039,"CodeTON Round 9 (Div. 1 + Div. 2, Rated, Prizes!)",FelipeKirby,8365,1732383300,818,793
2039,"CodeTON Round 9 (Div. 1 + Div. 2, Rated, Prizes!)",Hossain_Ahmed,8365,1732383300,1038,970
2039,"CodeTON Round 9 (Div. 1 + Div. 2, Rated, Prizes!)",bajigarkumar,8372,1732383300,570,737
2039,"CodeTON Round 9 (Div. 1 + Div. 2, Rated, Prizes!)",blackbinary,8372,1732383300,746,738
2039,"CodeTON Round 9 (Div. 1 + Div. 2, Rated, Prizes!)",S_Vishy13,8372,1732383300,0,381
2039,"CodeTON Round 9 (Div. 1 + Div. 2, Rated, Prizes!)",YouKnowLog1e7,8372,1732383300,894,852
2039,"CodeTON Round 9 (Div. 1 + Div. 2, Rated, Prizes!)",AR219,8372,1732383300,401,639
2039,"CodeTON Round 9 (Div. 1 + Div. 2, Rated, Prizes!)",NeckitKA,8372,1732383300,1037,1010
2039,"CodeTON Round 9 (Div. 1 + Div. 2, Rated, Prizes!)",liaoz123,8372,1732383300,2188,1912
2039,"CodeTON Round 9 (Div. 1 + Div. 2, Rated, Prizes!)",SkTasnimUrRahman,8372,1732383300,817,792
2039,"CodeTON Round 9 (Div. 1 + Div. 2, Rated, Prizes!)",devansh_codes,8372,1732383300,0,381
2039,"CodeTON Round 9 (Div. 1 + Div. 2, Rated, Prizes!)",vedantdhole04,8372,1732383300,871,905
2039,"CodeTON Round 9 (Div. 1 + Div. 2, Rated, Prizes!)",shivansh1078,8372,1732383300,861,922
2039,"CodeTON Round 9 (Div. 1 + Div. 2, Rated, Prizes!)",Teja_dayana,8372,1732383300,733,728
2039,"CodeTON Round 9 (Div. 1 + Div. 2, Rated, Prizes!)",Yerassyl12,8372,1732383300,366,609
2039,"CodeTON Round 9 (Div. 1 + Div. 2, Rated, Prizes!)",newspeak,8372,1732383300,992,931
2039,"CodeTON Round 9 (Div. 1 + Div. 2, Rated, Prizes!)",Diamond_in_the_rough,8386,1732383300,685,693
2039,"CodeTON Round 9 (Div. 1 + Div. 2, Rated, Prizes!)",masonhuang0320,8386,1732383300,751,829
2039,"CodeTON Round 9 (Div. 1 + Div. 2, Rated, Prizes!)",manhstr208,8388,1732383300,1064,990
2039,"CodeTON Round 9 (Div. 1 + Div. 2, Rated, Prizes!)",PrachiJha_23,8388,1732383300,862,827
2039,"CodeTON Round 9 (Div. 1 + Div. 2, Rated, Prizes!)",BOT_GIAN,8388,1732383300,976,918
2039,"CodeTON Round 9 (Div. 1 + Div. 2, Rated, Prizes!)",DawlyRajput_24,8388,1732383300,814,789
2039,"CodeTON Round 9 (Div. 1 + Div. 2, Rated, Prizes!)",luoxingzhi,8392,1732383300,0,381
2039,"CodeTON Round 9 (Div. 1 + Div. 2, Rated, Prizes!)",Frendem,8392,1732383300,839,808
2039,"CodeTON Round 9 (Div. 1 + Div. 2, Rated, Prizes!)",shradheyasoni1,8392,1732383300,946,992
2039,"CodeTON Round 9 (Div. 1 + Div. 2, Rated, Prizes!)",Devasis11,8392,1732383300,356,600
2039,"CodeTON Round 9 (Div. 1 + Div. 2, Rated, Prizes!)",Sandeep_Tiwari_09,8392,1732383300,965,909
2039,"CodeTON Round 9 (Div. 1 + Div. 2, Rated, Prizes!)",Rey_Springfield,8392,1732383300,898,855
2039,"CodeTON Round 9 (Div. 1 + Div. 2, Rated, Prizes!)",Ethanhunt032,8392,1732383300,918,871
2039,"CodeTON Round 9 (Div. 1 + Div. 2, Rated, Prizes!)",mosaab_elouaryarhli2011,8399,1732383300,347,479
2039,"CodeTON Round 9 (Div. 1 + Div. 2, Rated, Prizes!)",kragon11,8399,1732383300,376,617
2039,"CodeTON Round 9 (Div. 1 + Div. 2, Rated, Prizes!)",Pulkit_Aggarwal,8399,1732383300,0,381
2039,"CodeTON Round 9 (Div. 1 + Div. 2, Rated, Prizes!)",mayank.mikki18,8399,1732383300,1095,1016
2039,"CodeTON Round 9 (Div. 1 + Div. 2, Rated, Prizes!)",Md_R_Umar_Farooq,8403,1732383300,0,381
2039,"CodeTON Round 9 (Div. 1 + Div. 2, Rated, Prizes!)",pratik_kulkarni,8404,1732383300,877,838
2039,"CodeTON Round 9 (Div. 1 + Div. 2, Rated, Prizes!)",Bilal-Hassan-Goku,8404,1732383300,620,648
2039,"CodeTON Round 9 (Div. 1 + Div. 2, Rated, Prizes!)",Ziad_ayman22,8404,1732383300,590,754
2039,"CodeTON Round 9 (Div. 1 + Div. 2, Rated, Prizes!)",bot_nobita,8404,1732383300,1005,941
2039,"CodeTON Round 9 (Div. 1 + Div. 2, Rated, Prizes!)",raj1729,8404,1732383300,0,381
2039,"CodeTON Round 9 (Div. 1 + Div. 2, Rated, Prizes!)",uP_faLL,8404,1732383300,0,381
2039,"CodeTON Round 9 (Div. 1 + Div. 2, Rated, Prizes!)",prayag2,8410,1732383300,395,633
2039,"CodeTON Round 9 (Div. 1 + Div. 2, Rated, Prizes!)",ALPHA_004,8410,1732383300,846,813
2039,"CodeTON Round 9 (Div. 1 + Div. 2, Rated, Prizes!)",chao.x,8410,1732383300,1064,990
2039,"CodeTON Round 9 (Div. 1 + Div. 2, Rated, Prizes!)",ShirnkenlKuzniy,8410,1732383300,0,381
2039,"CodeTON Round 9 (Div. 1 + Div. 2, Rated, Prizes!)",BanPian_ZhiQian,8410,1732383300,617,776
2039,"CodeTON Round 9 (Div. 1 + Div. 2, Rated, Prizes!)",Abka1rino,8410,1732383300,856,821
2039,"CodeTON Round 9 (Div. 1 + Div. 2, Rated, Prizes!)",Lenneo,8416,1732383300,734,727
2039,"CodeTON Round 9 (Div. 1 + Div. 2, Rated, Prizes!)",CTV,8416,1732383300,592,754
2039,"CodeTON Round 9 (Div. 1 + Div. 2, Rated, Prizes!)",pikkisitra,8416,1732383300,598,759
2039,"CodeTON Round 9 (Div. 1 + Div. 2, Rated, Prizes!)",Tagizade,8416,1732383300,892,849
2039,"CodeTON Round 9 (Div. 1 + Div. 2, Rated, Prizes!)",Kenniene,8416,1732383300,882,841
2039,"CodeTON Round 9 (Div. 1 + Div. 2, Rated, Prizes!)",IljinS,8416,1732383300,906,859
2039,"CodeTON Round 9 (Div. 1 + Div. 2, Rated, Prizes!)",RED_CODER123,8416,1732383300,700,702
2039,"CodeTON Round 9 (Div. 1 + Div. 2, Rated, Prizes!)",shahriarrafsun,8416,1732383300,991,929
2039,"CodeTON Round 9 (Div. 1 + Div. 2, Rated, Prizes!)",0623szs,8416,1732383300,1241,1137
2039,"CodeTON Round 9 (Div. 1 + Div. 2, Rated, Prizes!)",Test11111d,8416,1732383300,837,876
2039,"CodeTON Round 9 (Div. 1 + Div. 2, Rated, Prizes!)",iotaaaaaaaaa,8416,1732383300,737,816
2039,"CodeTON Round 9 (Div. 1 + Div. 2, Rated, Prizes!)",CoderLuc,8416,1732383300,871,929
2039,"CodeTON Round 9 (Div. 1 + Div. 2, Rated, Prizes!)",yangmingchang,8416,1732383300,0,380
2039,"CodeTON Round 9 (Div. 1 + Div. 2, Rated, Prizes!)",BitFlipper,8416,1732383300,1043,972
2039,"CodeTON Round 9 (Div. 1 + Div. 2, Rated, Prizes!)",M2724CP,8430,1732383300,819,791
2039,"CodeTON Round 9 (Div. 1 + Div. 2, Rated, Prizes!)",Sarav_24,8430,1732383300,817,790
2039,"CodeTON Round 9 (Div. 1 + Div. 2, Rated, Prizes!)",greenLine_065,8432,1732383300,542,594
2039,"CodeTON Round 9 (Div. 1 + Div. 2, Rated, Prizes!)",Uncle_Fed,8432,1732383300,700,701
2039,"CodeTON Round 9 (Div. 1 + Div. 2, Rated, Prizes!)",mohamed_el_mostafi,8432,1732383300,950,969
2039,"CodeTON Round 9 (Div. 1 + Div. 2, Rated, Prizes!)",KedaarK,8432,1732383300,735,874
2039,"CodeTON Round 9 (Div. 1 + Div. 2, Rated, Prizes!)",P4checo,8432,1732383300,0,380
2039,"CodeTON Round 9 (Div. 1 + Div. 2, Rated, Prizes!)",borabora,8432,1732383300,598,759
2039,"CodeTON Round 9 (Div. 1 + Div. 2, Rated, Prizes!)",musicalmegugu,8432,1732383300,632,788
2039,"CodeTON Round 9 (Div. 1 + Div. 2, Rated, Prizes!)",small-swallow,8432,1732383300,0,380
2039,"CodeTON Round 9 (Div. 1 + Div. 2, Rated, Prizes!)",nancysun0415,8432,1732383300,346,591
2039,"CodeTON Round 9 (Div. 1 + Div. 2, Rated, Prizes!)",kartikrana,8441,1732383300,963,946
2039,"CodeTON Round 9 (Div. 1 + Div. 2, Rated, Prizes!)",lazerbean,8441,1732383300,779,760
2039,"CodeTON Round 9 (Div. 1 + Div. 2, Rated, Prizes!)",skaran_1911,8441,1732383300,594,756
2039,"CodeTON Round 9 (Div. 1 + Div. 2, Rated, Prizes!)",kkrish901290,8441,1732383300,0,380
2039,"CodeTON Round 9 (Div. 1 + Div. 2, Rated, Prizes!)",Sibayan_mitra,8441,1732383300,721,803
2039,"CodeTON Round 9 (Div. 1 + Div. 2, Rated, Prizes!)",Nightwing,8446,1732383300,936,883
2039,"CodeTON Round 9 (Div. 1 + Div. 2, Rated, Prizes!)",Shakib_Ahmed,8446,1732383300,676,684
2039,"CodeTON Round 9 (Div. 1 + Div. 2, Rated, Prizes!)",MinhajHasan,8448,1732383300,858,821
2039,"CodeTON Round 9 (Div. 1 + Div. 2, Rated, Prizes!)",MyriadQ_,8448,1732383300,836,804
2039,"CodeTON Round 9 (Div. 1 + Div. 2, Rated, Prizes!)",Wamiq.27,8448,1732383300,741,730
2039,"CodeTON Round 9 (Div. 1 + Div. 2, Rated, Prizes!)",logic_w,8448,1732383300,872,832
2039,"CodeTON Round 9 (Div. 1 + Div. 2, Rated, Prizes!)",shanco7,8452,1732383300,844,808
2039,"CodeTON Round 9 (Div. 1 + Div. 2, Rated, Prizes!)",faisal.ab.67,8452,1732383300,965,906
2039,"CodeTON Round 9 (Div. 1 + Div. 2, Rated, Prizes!)",alitarek1,8452,1732383300,844,905
2039,"CodeTON Round 9 (Div. 1 + Div. 2, Rated, Prizes!)",ms999,8452,1732383300,356,599
2039,"CodeTON Round 9 (Div. 1 + Div. 2, Rated, Prizes!)",Abu-Saeed,8452,1732383300,965,947
2039,"CodeTON Round 9 (Div. 1 + Div. 2, Rated, Prizes!)",nematov1548,8452,1732383300,964,947
2039,"CodeTON Round 9 (Div. 1 + Div. 2, Rated, Prizes!)",abir_just_cse,8452,1732383300,356,599
2039,"CodeTON Round 9 (Div. 1 + Div. 2, Rated, Prizes!)",Octopus9417,8452,1732383300,824,793
2039,"CodeTON Round 9 (Div. 1 + Div. 2, Rated, Prizes!)",sarthakkharka808,8452,1732383300,655,806
2039,"CodeTON Round 9 (Div. 1 + Div. 2, Rated, Prizes!)",omar_15,8452,1732383300,406,641
2039,"CodeTON Round 9 (Div. 1 + Div. 2, Rated, Prizes!)",SoyEtiago,8452,1732383300,368,609
2039,"CodeTON Round 9 (Div. 1 + Div. 2, Rated, Prizes!)",Gaurav_Rathod,8452,1732383300,750,826
2039,"CodeTON Round 9 (Div. 1 + Div. 2, Rated, Prizes!)",medha_j,8452,1732383300,857,819
2039,"CodeTON Round 9 (Div. 1 + Div. 2, Rated, Prizes!)",Abdullah1008,8452,1732383300,773,754
2039,"CodeTON Round 9 (Div. 1 + Div. 2, Rated, Prizes!)",ishfak_akbar,8452,1732383300,942,887
2039,"CodeTON Round 9 (Div. 1 + Div. 2, Rated, Prizes!)",kl_zju24,8467,1732383300,0,379
2039,"CodeTON Round 9 (Div. 1 + Div. 2, Rated, Prizes!)",anchalsingh810,8467,1732383300,977,957
2039,"CodeTON Round 9 (Div. 1 + Div. 2, Rated, Prizes!)",AnChii33,8467,1732383300,779,851
2039,"CodeTON Round 9 (Div. 1 + Div. 2, Rated, Prizes!)",funa4i,8470,1732383300,1011,943
2039,"CodeTON Round 9 (Div. 1 + Div. 2, Rated, Prizes!)",fiee2,8470,1732383300,0,379
2039,"CodeTON Round 9 (Div. 1 + Div. 2, Rated, Prizes!)",_RedemptionArc_,8470,1732383300,866,825
2039,"CodeTON Round 9 (Div. 1 + Div. 2, Rated, Prizes!)",Mahfuz2411,8470,1732383300,1029,958
2039,"CodeTON Round 9 (Div. 1 + Div. 2, Rated, Prizes!)",rampkroctzzcc,8470,1732383300,710,852
2039,"CodeTON Round 9 (Div. 1 + Div. 2, Rated, Prizes!)",Pulkeshin,8475,1732383300,979,917
2039,"CodeTON Round 9 (Div. 1 + Div. 2, Rated, Prizes!)",JigSaW__,8476,1732383300,1094,1012
2039,"CodeTON Round 9 (Div. 1 + Div. 2, Rated, Prizes!)",elysia_miao,8476,1732383300,648,800
2039,"CodeTON Round 9 (Div. 1 + Div. 2, Rated, Prizes!)",Denis06F,8476,1732383300,971,951
2039,"CodeTON Round 9 (Div. 1 + Div. 2, Rated, Prizes!)",Mo_yasser11,8476,1732383300,0,379
2039,"CodeTON Round 9 (Div. 1 + Div. 2, Rated, Prizes!)",farhanlabibahan,8476,1732383300,839,875
2039,"CodeTON Round 9 (Div. 1 + Div. 2, Rated, Prizes!)",AtlaSalmon,8476,1732383300,793,862
2039,"CodeTON Round 9 (Div. 1 + Div. 2, Rated, Prizes!)",BlackFlag313,8476,1732383300,687,689
2039,"CodeTON Round 9 (Div. 1 + Div. 2, Rated, Prizes!)",SahilH,8476,1732383300,696,695
2039,"CodeTON Round 9 (Div. 1 + Div. 2, Rated, Prizes!)",manav2031,8484,1732383300,803,775
2039,"CodeTON Round 9 (Div. 1 + Div. 2, Rated, Prizes!)",myself,8484,1732383300,751,736
2039,"CodeTON Round 9 (Div. 1 + Div. 2, Rated, Prizes!)",stardustlove,8484,1732383300,1082,1002
2039,"CodeTON Round 9 (Div. 1 + Div. 2, Rated, Prizes!)",ruslanovaselbi18,8487,1732383300,761,782
2039,"CodeTON Round 9 (Div. 1 + Div. 2, Rated, Prizes!)",siegreich,8487,1732383300,797,771
2039,"CodeTON Round 9 (Div. 1 + Div. 2, Rated, Prizes!)",nsudhir,8487,1732383300,694,693
2039,"CodeTON Round 9 (Div. 1 + Div. 2, Rated, Prizes!)",liamTang,8490,1732383300,825,793
2039,"CodeTON Round 9 (Div. 1 + Div. 2, Rated, Prizes!)",Damon_123,8491,1732383300,852,814
2039,"CodeTON Round 9 (Div. 1 + Div. 2, Rated, Prizes!)",vivekchandwani7,8491,1732383300,1000,934
2039,"CodeTON Round 9 (Div. 1 + Div. 2, Rated, Prizes!)",mohansaisankar,8491,1732383300,665,814
2039,"CodeTON Round 9 (Div. 1 + Div. 2, Rated, Prizes!)",zezohaiderh,8494,1732383300,768,840
2039,"CodeTON Round 9 (Div. 1 + Div. 2, Rated, Prizes!)",knightofthe7kingdoms,8494,1732383300,401,636
2039,"CodeTON Round 9 (Div. 1 + Div. 2, Rated, Prizes!)",fggggsdf,8496,1732383300,821,789
2039,"CodeTON Round 9 (Div. 1 + Div. 2, Rated, Prizes!)",Romzik,8496,1732383300,859,891
2039,"CodeTON Round 9 (Div. 1 + Div. 2, Rated, Prizes!)",igrqb,8496,1732383300,0,379
2039,"CodeTON Round 9 (Div. 1 + Div. 2, Rated, Prizes!)",tarunguyen.tnh,8496,1732383300,610,768
2039,"CodeTON Round 9 (Div. 1 + Div. 2, Rated, Prizes!)",Asif-Khan,8496,1732383300,805,776
2039,"CodeTON Round 9 (Div. 1 + Div. 2, Rated, Prizes!)",fast_run,8496,1732383300,0,379
2039,"CodeTON Round 9 (Div. 1 + Div. 2, Rated, Prizes!)",CF_Kate,8496,1732383300,362,603
2039,"CodeTON Round 9 (Div. 1 + Div. 2, Rated, Prizes!)",AC_or_WA000,8496,1732383300,0,379
2039,"CodeTON Round 9 (Div. 1 + Div. 2, Rated, Prizes!)",vadlamudinithinnaidu,8504,1732383300,1058,982
2039,"CodeTON Round 9 (Div. 1 + Div. 2, Rated, Prizes!)",dizoMania,8504,1732383300,943,886
2039,"CodeTON Round 9 (Div. 1 + Div. 2, Rated, Prizes!)",JaiShivShankar,8506,1732383300,643,795
2039,"CodeTON Round 9 (Div. 1 + Div. 2, Rated, Prizes!)",srinidhi_12345,8506,1732383300,0,378
2039,"CodeTON Round 9 (Div. 1 + Div. 2, Rated, Prizes!)",bvv_ramaraju,8506,1732383300,880,908
2039,"CodeTON Round 9 (Div. 1 + Div. 2, Rated, Prizes!)",khanhanoccho,8506,1732383300,998,1007
2039,"CodeTON Round 9 (Div. 1 + Div. 2, Rated, Prizes!)",fedi.benothmen3,8506,1732383300,0,378
2039,"CodeTON Round 9 (Div. 1 + Div. 2, Rated, Prizes!)",Mohamed-Moemen-Masry,8511,1732383300,873,829
2039,"CodeTON Round 9 (Div. 1 + Div. 2, Rated, Prizes!)",olyahmed_680,8511,1732383300,372,611
2039,"CodeTON Round 9 (Div. 1 + Div. 2, Rated, Prizes!)",Raising_Heaven,8511,1732383300,349,592
2039,"CodeTON Round 9 (Div. 1 + Div. 2, Rated, Prizes!)",YZNing,8511,1732383300,0,378
2039,"CodeTON Round 9 (Div. 1 + Div. 2, Rated, Prizes!)",aesopW,8515,1732383300,0,378
2039,"CodeTON Round 9 (Div. 1 + Div. 2, Rated, Prizes!)",pratham_2502,8515,1732383300,991,925
2039,"CodeTON Round 9 (Div. 1 + Div. 2, Rated, Prizes!)",ugly_parrot,8515,1732383300,0,378
2039,"CodeTON Round 9 (Div. 1 + Div. 2, Rated, Prizes!)",PlanetEarth,8515,1732383300,938,882
2039,"CodeTON Round 9 (Div. 1 + Div. 2, Rated, Prizes!)",zh2023,8515,1732383300,789,764
2039,"CodeTON Round 9 (Div. 1 + Div. 2, Rated, Prizes!)",pavithrareddy_123,8520,1732383300,601,759
2039,"CodeTON Round 9 (Div. 1 + Div. 2, Rated, Prizes!)",tushardogra19,8520,1732383300,746,730
2039,"CodeTON Round 9 (Div. 1 + Div. 2, Rated, Prizes!)",ayush_8840,8520,1732383300,0,378
2039,"CodeTON Round 9 (Div. 1 + Div. 2, Rated, Prizes!)",alvyne,8520,1732383300,819,786
2039,"CodeTON Round 9 (Div. 1 + Div. 2, Rated, Prizes!)",Andis2CF,8520,1732383300,838,873
2039,"CodeTON Round 9 (Div. 1 + Div. 2, Rated, Prizes!)",vanisthebest,8525,1732383300,349,592
2039,"CodeTON Round 9 (Div. 1 + Div. 2, Rated, Prizes!)",Spondon_ABC,8525,1732383300,844,846
2039,"CodeTON Round 9 (Div. 1 + Div. 2, Rated, Prizes!)",_JINX_,8525,1732383300,823,789
2039,"CodeTON Round 9 (Div. 1 + Div. 2, Rated, Prizes!)",Eric.092,8525,1732383300,896,847
2039,"CodeTON Round 9 (Div. 1 + Div. 2, Rated, Prizes!)",Shahbaz001,8525,1732383300,978,956
2039,"CodeTON Round 9 (Div. 1 + Div. 2, Rated, Prizes!)",Sanya2,8530,1732383300,736,721
2039,"CodeTON Round 9 (Div. 1 + Div. 2, Rated, Prizes!)",mqrnKNOetoNOOB,8530,1732383300,873,828
2039,"CodeTON Round 9 (Div. 1 + Div. 2, Rated, Prizes!)",Faiyaz_10,8530,1732383300,0,378
2039,"CodeTON Round 9 (Div. 1 + Div. 2, Rated, Prizes!)",jf.jui,8530,1732383300,838,800
2039,"CodeTON Round 9 (Div. 1 + Div. 2, Rated, Prizes!)",Iceberg.,8530,1732383300,778,754
2039,"CodeTON Round 9 (Div. 1 + Div. 2, Rated, Prizes!)",OM_11,8535,1732383300,1001,933
2039,"CodeTON Round 9 (Div. 1 + Div. 2, Rated, Prizes!)",jjasperruby,8535,1732383300,934,878
2039,"CodeTON Round 9 (Div. 1 + Div. 2, Rated, Prizes!)",mhh3H,8535,1732383300,964,944
2039,"CodeTON Round 9 (Div. 1 + Div. 2, Rated, Prizes!)",mby,8538,1732383300,754,827
2039,"CodeTON Round 9 (Div. 1 + Div. 2, Rated, Prizes!)",Hazemkisuke,8538,1732383300,0,378
2039,"CodeTON Round 9 (Div. 1 + Div. 2, Rated, Prizes!)",SamShah,8538,1732383300,790,857
2039,"CodeTON Round 9 (Div. 1 + Div. 2, Rated, Prizes!)",RahimAshraf,8538,1732383300,759,739
2039,"CodeTON Round 9 (Div. 1 + Div. 2, Rated, Prizes!)",chill_guy_chimtu,8542,1732383300,401,635
2039,"CodeTON Round 9 (Div. 1 + Div. 2, Rated, Prizes!)",gRaine,8542,1732383300,951,932
2039,"CodeTON Round 9 (Div. 1 + Div. 2, Rated, Prizes!)",sandeepOG,8542,1732383300,793,765
2039,"CodeTON Round 9 (Div. 1 + Div. 2, Rated, Prizes!)",rahulrathod,8545,1732383300,638,650
2039,"CodeTON Round 9 (Div. 1 + Div. 2, Rated, Prizes!)",non_newtonian,8545,1732383300,0,378
2039,"CodeTON Round 9 (Div. 1 + Div. 2, Rated, Prizes!)",ultimateLoser,8545,1732383300,354,595
2039,"CodeTON Round 9 (Div. 1 + Div. 2, Rated, Prizes!)",coolgamersandeep,8545,1732383300,1138,1048
2039,"CodeTON Round 9 (Div. 1 + Div. 2, Rated, Prizes!)",noob_rahim,8545,1732383300,609,629
2039,"CodeTON Round 9 (Div. 1 + Div. 2, Rated, Prizes!)",ishmam259,8550,1732383300,868,824
2039,"CodeTON Round 9 (Div. 1 + Div. 2, Rated, Prizes!)",anand_2703,8550,1732383300,783,796
2039,"CodeTON Round 9 (Div. 1 + Div. 2, Rated, Prizes!)",chenyanhan,8550,1732383300,918,864
2039,"CodeTON Round 9 (Div. 1 + Div. 2, Rated, Prizes!)",CF_hack,8553,1732383300,0,377
2039,"CodeTON Round 9 (Div. 1 + Div. 2, Rated, Prizes!)",Akshay_987,8553,1732383300,0,377
2039,"CodeTON Round 9 (Div. 1 + Div. 2, Rated, Prizes!)",username_0789,8553,1732383300,0,377
2039,"CodeTON Round 9 (Div. 1 + Div. 2, Rated, Prizes!)",BaranGh,8553,1732383300,827,791
2039,"CodeTON Round 9 (Div. 1 + Div. 2, Rated, Prizes!)",chuichuifeng,8553,1732383300,909,856
2039,"CodeTON Round 9 (Div. 1 + Div. 2, Rated, Prizes!)",zeaman,8553,1732383300,569,731
2039,"CodeTON Round 9 (Div. 1 + Div. 2, Rated, Prizes!)",plumb,8553,1732383300,859,915
2039,"CodeTON Round 9 (Div. 1 + Div. 2, Rated, Prizes!)",TanbirHasan01,8553,1732383300,906,928
2039,"CodeTON Round 9 (Div. 1 + Div. 2, Rated, Prizes!)",MateArevadze,8561,1732383300,1011,941
2039,"CodeTON Round 9 (Div. 1 + Div. 2, Rated, Prizes!)",mustafaansari,8561,1732383300,631,783
2039,"CodeTON Round 9 (Div. 1 + Div. 2, Rated, Prizes!)",AKOvinno,8561,1732383300,803,772
2039,"CodeTON Round 9 (Div. 1 + Div. 2, Rated, Prizes!)",piyushkhattar14,8561,1732383300,1028,954
2039,"CodeTON Round 9 (Div. 1 + Div. 2, Rated, Prizes!)",ramya62,8561,1732383300,726,803
2039,"CodeTON Round 9 (Div. 1 + Div. 2, Rated, Prizes!)",Windows__XP,8566,1732383300,927,870
2039,"CodeTON Round 9 (Div. 1 + Div. 2, Rated, Prizes!)",dhruv.kaushal166,8566,1732383300,864,820
2039,"CodeTON Round 9 (Div. 1 + Div. 2, Rated, Prizes!)",cjtnacl,8568,1732383300,0,377
2039,"CodeTON Round 9 (Div. 1 + Div. 2, Rated, Prizes!)",m0j0j0j0,8568,1732383300,0,377
2039,"CodeTON Round 9 (Div. 1 + Div. 2, Rated, Prizes!)",kudo_shin73,8568,1732383300,403,636
2039,"CodeTON Round 9 (Div. 1 + Div. 2, Rated, Prizes!)",aakhu_bansal,8571,1732383300,765,742
2039,"CodeTON Round 9 (Div. 1 + Div. 2, Rated, Prizes!)",anirban2005,8571,1732383300,945,927
2039,"CodeTON Round 9 (Div. 1 + Div. 2, Rated, Prizes!)",Sir-Muhammad-Aayan,8571,1732383300,699,691
2039,"CodeTON Round 9 (Div. 1 + Div. 2, Rated, Prizes!)",doppelganger1729,8571,1732383300,1465,1320
2039,"CodeTON Round 9 (Div. 1 + Div. 2, Rated, Prizes!)",999dgml,8571,1732383300,356,596
2039,"CodeTON Round 9 (Div. 1 + Div. 2, Rated, Prizes!)",AI_Arafat118,8571,1732383300,893,917
2039,"CodeTON Round 9 (Div. 1 + Div. 2, Rated, Prizes!)",nour__eldien,8571,1732383300,1104,1018
2039,"CodeTON Round 9 (Div. 1 + Div. 2, Rated, Prizes!)",assaduzzaman,8578,1732383300,759,806
2039,"CodeTON Round 9 (Div. 1 + Div. 2, Rated, Prizes!)",nefrttUnknown,8578,1732383300,755,734
2039,"CodeTON Round 9 (Div. 1 + Div. 2, Rated, Prizes!)",TanvirArif,8578,1732383300,844,843
2039,"CodeTON Round 9 (Div. 1 + Div. 2, Rated, Prizes!)",shahdtheabat,8578,1732383300,365,604
2039,"CodeTON Round 9 (Div. 1 + Div. 2, Rated, Prizes!)",Shafeen_code4ever,8578,1732383300,0,376
2039,"CodeTON Round 9 (Div. 1 + Div. 2, Rated, Prizes!)",HelpMeeeeeeeee,8578,1732383300,798,862
2039,"CodeTON Round 9 (Div. 1 + Div. 2, Rated, Prizes!)",chu1423,8578,1732383300,0,376
2039,"CodeTON Round 9 (Div. 1 + Div. 2, Rated, Prizes!)",mbh_013,8578,1732383300,912,899
2039,"CodeTON Round 9 (Div. 1 + Div. 2, Rated, Prizes!)",Rexx31,8586,1732383300,586,610
2039,"CodeTON Round 9 (Div. 1 + Div. 2, Rated, Prizes!)",Ankita_13,8586,1732383300,910,856
2039,"CodeTON Round 9 (Div. 1 + Div. 2, Rated, Prizes!)",mavlonbekxolnazarov,8586,1732383300,1024,950
2039,"CodeTON Round 9 (Div. 1 + Div. 2, Rated, Prizes!)",mmfz,8589,1732383300,0,377
2039,"CodeTON Round 9 (Div. 1 + Div. 2, Rated, Prizes!)",zyxabcd,8589,1732383300,694,836
2039,"CodeTON Round 9 (Div. 1 + Div. 2, Rated, Prizes!)",Jinash26,8591,1732383300,930,947
2039,"CodeTON Round 9 (Div. 1 + Div. 2, Rated, Prizes!)",fzy1139950253,8591,1732383300,1089,1047
2039,"CodeTON Round 9 (Div. 1 + Div. 2, Rated, Prizes!)",minimoh,8591,1732383300,355,595
2039,"CodeTON Round 9 (Div. 1 + Div. 2, Rated, Prizes!)",is_accepted,8591,1732383300,699,690
2039,"CodeTON Round 9 (Div. 1 + Div. 2, Rated, Prizes!)",QAQzzj,8591,1732383300,408,640
2039,"CodeTON Round 9 (Div. 1 + Div. 2, Rated, Prizes!)",UAD,8596,1732383300,360,599
2039,"CodeTON Round 9 (Div. 1 + Div. 2, Rated, Prizes!)",rawhi01,8596,1732383300,0,376
2039,"CodeTON Round 9 (Div. 1 + Div. 2, Rated, Prizes!)",VivekSahu,8596,1732383300,429,657
2039,"CodeTON Round 9 (Div. 1 + Div. 2, Rated, Prizes!)",amitkumar4104,8596,1732383300,0,376
2039,"CodeTON Round 9 (Div. 1 + Div. 2, Rated, Prizes!)",cvd1,8596,1732383300,1486,1410
2039,"CodeTON Round 9 (Div. 1 + Div. 2, Rated, Prizes!)",VSS240100330_AbdurRehman,8596,1732383300,351,592
2039,"CodeTON Round 9 (Div. 1 + Div. 2, Rated, Prizes!)",_Aniruddhan_,8596,1732383300,737,872
2039,"CodeTON Round 9 (Div. 1 + Div. 2, Rated, Prizes!)",STRANGER_001,8596,1732383300,655,658
2039,"CodeTON Round 9 (Div. 1 + Div. 2, Rated, Prizes!)",zhao1219,8604,1732383300,0,376
2039,"CodeTON Round 9 (Div. 1 + Div. 2, Rated, Prizes!)",519A,8605,1732383300,826,787
2039,"CodeTON Round 9 (Div. 1 + Div. 2, Rated, Prizes!)",letinma,8605,1732383300,0,376
2039,"CodeTON Round 9 (Div. 1 + Div. 2, Rated, Prizes!)",sakethreddy168,8605,1732383300,965,900
2039,"CodeTON Round 9 (Div. 1 + Div. 2, Rated, Prizes!)",Heavenlysorrow27,8605,1732383300,0,376
2039,"CodeTON Round 9 (Div. 1 + Div. 2, Rated, Prizes!)",mdtahmidrahman,8605,1732383300,818,781
2039,"CodeTON Round 9 (Div. 1 + Div. 2, Rated, Prizes!)",chandu420,8610,1732383300,817,780
2039,"CodeTON Round 9 (Div. 1 + Div. 2, Rated, Prizes!)",ADIB3883,8610,1732383300,966,901
2039,"CodeTON Round 9 (Div. 1 + Div. 2, Rated, Prizes!)",SamMartin1110,8610,1732383300,760,891
2039,"CodeTON Round 9 (Div. 1 + Div. 2, Rated, Prizes!)",elmir_aga,8613,1732383300,746,725
2039,"CodeTON Round 9 (Div. 1 + Div. 2, Rated, Prizes!)",Ahbbxjaiq,8613,1732383300,0,376
2039,"CodeTON Round 9 (Div. 1 + Div. 2, Rated, Prizes!)",towsifsami525,8613,1732383300,0,376
2039,"CodeTON Round 9 (Div. 1 + Div. 2, Rated, Prizes!)",IshrakChowdhury,8613,1732383300,874,866
2039,"CodeTON Round 9 (Div. 1 + Div. 2, Rated, Prizes!)",ikun-_-666,8613,1732383300,0,376
2039,"CodeTON Round 9 (Div. 1 + Div. 2, Rated, Prizes!)",bakedoreo45,8613,1732383300,1078,995
2039,"CodeTON Round 9 (Div. 1 + Div. 2, Rated, Prizes!)",Shoyo_Deb,8613,1732383300,708,696
2039,"CodeTON Round 9 (Div. 1 + Div. 2, Rated, Prizes!)",daredevil123pass,8613,1732383300,0,376
2039,"CodeTON Round 9 (Div. 1 + Div. 2, Rated, Prizes!)",subado,8621,1732383300,905,850
2039,"CodeTON Round 9 (Div. 1 + Div. 2, Rated, Prizes!)",santhosshi,8621,1732383300,0,376
2039,"CodeTON Round 9 (Div. 1 + Div. 2, Rated, Prizes!)",pree_tomb,8623,1732383300,911,855
2039,"CodeTON Round 9 (Div. 1 + Div. 2, Rated, Prizes!)",Avid.Angler,8623,1732383300,844,801
2039,"CodeTON Round 9 (Div. 1 + Div. 2, Rated, Prizes!)",fufuaifufu,8623,1732383300,371,608
2039,"CodeTON Round 9 (Div. 1 + Div. 2, Rated, Prizes!)",LLlXXxYYy,8626,1732383300,629,780
2039,"CodeTON Round 9 (Div. 1 + Div. 2, Rated, Prizes!)",kyrie_future,8627,1732383300,634,784
2039,"CodeTON Round 9 (Div. 1 + Div. 2, Rated, Prizes!)",nahid56564456,8628,1732383300,0,376
2039,"CodeTON Round 9 (Div. 1 + Div. 2, Rated, Prizes!)",funend,8628,1732383300,0,376
2039,"CodeTON Round 9 (Div. 1 + Div. 2, Rated, Prizes!)",Anik_071,8628,1732383300,664,663
2039,"CodeTON Round 9 (Div. 1 + Div. 2, Rated, Prizes!)",Amigo79,8628,1732383300,1231,1124
2039,"CodeTON Round 9 (Div. 1 + Div. 2, Rated, Prizes!)",manikanta_01,8632,1732383300,812,775
2039,"CodeTON Round 9 (Div. 1 + Div. 2, Rated, Prizes!)",vismay__yerunkar,8632,1732383300,869,821
2039,"CodeTON Round 9 (Div. 1 + Div. 2, Rated, Prizes!)",d1nku,8632,1732383300,0,376
2039,"CodeTON Round 9 (Div. 1 + Div. 2, Rated, Prizes!)",fidachyo,8635,1732383300,858,853
2039,"CodeTON Round 9 (Div. 1 + Div. 2, Rated, Prizes!)",zipill,8635,1732383300,0,376
2039,"CodeTON Round 9 (Div. 1 + Div. 2, Rated, Prizes!)",hamzaahmadkhan_24,8635,1732383300,726,709
2039,"CodeTON Round 9 (Div. 1 + Div. 2, Rated, Prizes!)",Harshit_Shubh,8638,1732383300,877,827
2039,"CodeTON Round 9 (Div. 1 + Div. 2, Rated, Prizes!)",hy-kun,8638,1732383300,0,375
2039,"CodeTON Round 9 (Div. 1 + Div. 2, Rated, Prizes!)",Toukennn,8638,1732383300,380,615
2039,"CodeTON Round 9 (Div. 1 + Div. 2, Rated, Prizes!)",Goryuten_metsu,8638,1732383300,356,595
2039,"CodeTON Round 9 (Div. 1 + Div. 2, Rated, Prizes!)",suryanshubansal,8638,1732383300,355,594
2039,"CodeTON Round 9 (Div. 1 + Div. 2, Rated, Prizes!)",ARIBA_HASAN,8643,1732383300,0,375
2039,"CodeTON Round 9 (Div. 1 + Div. 2, Rated, Prizes!)",saaad,8644,1732383300,756,731
2039,"CodeTON Round 9 (Div. 1 + Div. 2, Rated, Prizes!)",None_Po,8644,1732383300,1063,981
2039,"CodeTON Round 9 (Div. 1 + Div. 2, Rated, Prizes!)",Zain_2009,8644,1732383300,0,375
2039,"CodeTON Round 9 (Div. 1 + Div. 2, Rated, Prizes!)",08_Osman,8644,1732383300,826,786
2039,"CodeTON Round 9 (Div. 1 + Div. 2, Rated, Prizes!)",olwesel,8648,1732383300,720,795
2039,"CodeTON Round 9 (Div. 1 + Div. 2, Rated, Prizes!)",Rezwan_Molla,8648,1732383300,0,376
2039,"CodeTON Round 9 (Div. 1 + Div. 2, Rated, Prizes!)",stillcyb3rnaut,8648,1732383300,860,813
2039,"CodeTON Round 9 (Div. 1 + Div. 2, Rated, Prizes!)",Mahesh_coder_01,8648,1732383300,897,945
2039,"CodeTON Round 9 (Div. 1 + Div. 2, Rated, Prizes!)",windlights33,8652,1732383300,0,375
2039,"CodeTON Round 9 (Div. 1 + Div. 2, Rated, Prizes!)",Dev_ouR,8652,1732383300,1043,964
2039,"CodeTON Round 9 (Div. 1 + Div. 2, Rated, Prizes!)",hammam_77,8652,1732383300,985,915
2039,"CodeTON Round 9 (Div. 1 + Div. 2, Rated, Prizes!)",sa.tahaa,8655,1732383300,822,782
2039,"CodeTON Round 9 (Div. 1 + Div. 2, Rated, Prizes!)",Radsteel,8655,1732383300,868,819
2039,"CodeTON Round 9 (Div. 1 + Div. 2, Rated, Prizes!)",abhishekbainsla190,8655,1732383300,0,375
2039,"CodeTON Round 9 (Div. 1 + Div. 2, Rated, Prizes!)",shuvo_ahammed,8655,1732383300,753,728
2039,"CodeTON Round 9 (Div. 1 + Div. 2, Rated, Prizes!)",Korticz,8655,1732383300,1065,1025
2039,"CodeTON Round 9 (Div. 1 + Div. 2, Rated, Prizes!)",jutonium,8655,1732383300,975,907
2039,"CodeTON Round 9 (Div. 1 + Div. 2, Rated, Prizes!)",moh57810053,8655,1732383300,0,375
2039,"CodeTON Round 9 (Div. 1 + Div. 2, Rated, Prizes!)",satyam070,8662,1732383300,805,840
2039,"CodeTON Round 9 (Div. 1 + Div. 2, Rated, Prizes!)",one_any_01,8662,1732383300,0,375
2039,"CodeTON Round 9 (Div. 1 + Div. 2, Rated, Prizes!)",neptunns,8664,1732383300,1116,1103
2039,"CodeTON Round 9 (Div. 1 + Div. 2, Rated, Prizes!)",Sathwika_25,8664,1732383300,350,590
2039,"CodeTON Round 9 (Div. 1 + Div. 2, Rated, Prizes!)",sofialimon,8666,1732383300,870,820
2039,"CodeTON Round 9 (Div. 1 + Div. 2, Rated, Prizes!)",BISWAJIT,8667,1732383300,775,745
2039,"CodeTON Round 9 (Div. 1 + Div. 2, Rated, Prizes!)",SafarovX1,8667,1732383300,390,623
2039,"CodeTON Round 9 (Div. 1 + Div. 2, Rated, Prizes!)",yangyanming,8667,1732383300,389,622
2039,"CodeTON Round 9 (Div. 1 + Div. 2, Rated, Prizes!)",Satyam__07,8670,1732383300,674,667
2039,"CodeTON Round 9 (Div. 1 + Div. 2, Rated, Prizes!)",juruoyige,8670,1732383300,0,374
2039,"CodeTON Round 9 (Div. 1 + Div. 2, Rated, Prizes!)",the_hokage,8670,1732383300,982,912
2039,"CodeTON Round 9 (Div. 1 + Div. 2, Rated, Prizes!)",Saiful1234,8670,1732383300,744,721
2039,"CodeTON Round 9 (Div. 1 + Div. 2, Rated, Prizes!)",devanshmishra123,8670,1732383300,715,698
2039,"CodeTON Round 9 (Div. 1 + Div. 2, Rated, Prizes!)",ShakifNiaz,8675,1732383300,896,916
2039,"CodeTON Round 9 (Div. 1 + Div. 2, Rated, Prizes!)",Dima357,8675,1732383300,1118,1027
2039,"CodeTON Round 9 (Div. 1 + Div. 2, Rated, Prizes!)",litch07,8675,1732383300,0,375
2039,"CodeTON Round 9 (Div. 1 + Div. 2, Rated, Prizes!)",Dd-g,8678,1732383300,0,375
2039,"CodeTON Round 9 (Div. 1 + Div. 2, Rated, Prizes!)",qu-ngx,8678,1732383300,626,776
2039,"CodeTON Round 9 (Div. 1 + Div. 2, Rated, Prizes!)",omegaaaaaaaaa,8678,1732383300,0,375
2039,"CodeTON Round 9 (Div. 1 + Div. 2, Rated, Prizes!)",IDKAnyThingAnyWays,8678,1732383300,0,375
2039,"CodeTON Round 9 (Div. 1 + Div. 2, Rated, Prizes!)",Bhanuman,8682,1732383300,798,762
2039,"CodeTON Round 9 (Div. 1 + Div. 2, Rated, Prizes!)",am_percent,8683,1732383300,0,375
2039,"CodeTON Round 9 (Div. 1 + Div. 2, Rated, Prizes!)",Raj_1_,8684,1732383300,430,657
2039,"CodeTON Round 9 (Div. 1 + Div. 2, Rated, Prizes!)",talha_muammar,8684,1732383300,629,779
2039,"CodeTON Round 9 (Div. 1 + Div. 2, Rated, Prizes!)",nabajitboro777,8686,1732383300,0,374
2039,"CodeTON Round 9 (Div. 1 + Div. 2, Rated, Prizes!)",codemaster___7,8686,1732383300,867,817
2039,"CodeTON Round 9 (Div. 1 + Div. 2, Rated, Prizes!)",_TheGoat_,8688,1732383300,1078,993
2039,"CodeTON Round 9 (Div. 1 + Div. 2, Rated, Prizes!)",L9G9ND,8689,1732383300,809,770
2039,"CodeTON Round 9 (Div. 1 + Div. 2, Rated, Prizes!)",roman0102,8690,1732383300,864,815
2039,"CodeTON Round 9 (Div. 1 + Div. 2, Rated, Prizes!)",24qry,8691,1732383300,0,374
2039,"CodeTON Round 9 (Div. 1 + Div. 2, Rated, Prizes!)",mansi_saxena_coder,8691,1732383300,346,586
2039,"CodeTON Round 9 (Div. 1 + Div. 2, Rated, Prizes!)",mednour844,8691,1732383300,0,374
2039,"CodeTON Round 9 (Div. 1 + Div. 2, Rated, Prizes!)",yasnaj_,8694,1732383300,791,828
2039,"CodeTON Round 9 (Div. 1 + Div. 2, Rated, Prizes!)",memotr22,8694,1732383300,356,594
2039,"CodeTON Round 9 (Div. 1 + Div. 2, Rated, Prizes!)",Cherycherry,8694,1732383300,1154,1057
2039,"CodeTON Round 9 (Div. 1 + Div. 2, Rated, Prizes!)",phamhuy050407,8694,1732383300,673,665
2039,"CodeTON Round 9 (Div. 1 + Div. 2, Rated, Prizes!)",XT_Error406,8698,1732383300,515,555
2039,"CodeTON Round 9 (Div. 1 + Div. 2, Rated, Prizes!)",jeff_ton,8698,1732383300,0,374
2039,"CodeTON Round 9 (Div. 1 + Div. 2, Rated, Prizes!)",sah45,8700,1732383300,620,771
2039,"CodeTON Round 9 (Div. 1 + Div. 2, Rated, Prizes!)",Sheker_20,8700,1732383300,795,758
2039,"CodeTON Round 9 (Div. 1 + Div. 2, Rated, Prizes!)",Ui_Umi,8700,1732383300,754,727
2039,"CodeTON Round 9 (Div. 1 + Div. 2, Rated, Prizes!)",phamnguyentoan,8700,1732383300,431,657
2039,"CodeTON Round 9 (Div. 1 + Div. 2, Rated, Prizes!)",mohibulJesan,8704,1732383300,789,754
2039,"CodeTON Round 9 (Div. 1 + Div. 2, Rated, Prizes!)",jin_kazama01,8705,1732383300,0,374
2039,"CodeTON Round 9 (Div. 1 + Div. 2, Rated, Prizes!)",benyamin_mehrizi,8706,1732383300,846,800
2039,"CodeTON Round 9 (Div. 1 + Div. 2, Rated, Prizes!)",Khadija_Saeed,8707,1732383300,0,374
2039,"CodeTON Round 9 (Div. 1 + Div. 2, Rated, Prizes!)",jabirstain3,8707,1732383300,722,770
2039,"CodeTON Round 9 (Div. 1 + Div. 2, Rated, Prizes!)",priyanshdhurwey512,8709,1732383300,780,818
2039,"CodeTON Round 9 (Div. 1 + Div. 2, Rated, Prizes!)",Limon4ick5667,8709,1732383300,718,699
2039,"CodeTON Round 9 (Div. 1 + Div. 2, Rated, Prizes!)",tsmftxnikhil1434,8709,1732383300,0,374
2039,"CodeTON Round 9 (Div. 1 + Div. 2, Rated, Prizes!)",tahastem00,8712,1732383300,0,374
2039,"CodeTON Round 9 (Div. 1 + Div. 2, Rated, Prizes!)",_Mohammad_Akeel_Kayyali_,8712,1732383300,589,744
2039,"CodeTON Round 9 (Div. 1 + Div. 2, Rated, Prizes!)",Gerarcod,8712,1732383300,796,759
2039,"CodeTON Round 9 (Div. 1 + Div. 2, Rated, Prizes!)",Arafat1000,8715,1732383300,953,887
2039,"CodeTON Round 9 (Div. 1 + Div. 2, Rated, Prizes!)",beautifulman,8716,1732383300,1083,996
2039,"CodeTON Round 9 (Div. 1 + Div. 2, Rated, Prizes!)",Syncali,8716,1732383300,662,806
2039,"CodeTON Round 9 (Div. 1 + Div. 2, Rated, Prizes!)",asmitj0009,8716,1732383300,0,373
2039,"CodeTON Round 9 (Div. 1 + Div. 2, Rated, Prizes!)",Gopal,8716,1732383300,1100,1011
2039,"CodeTON Round 9 (Div. 1 + Div. 2, Rated, Prizes!)",dehnavi,8716,1732383300,0,373
2039,"CodeTON Round 9 (Div. 1 + Div. 2, Rated, Prizes!)",anuj_huehue,8721,1732383300,568,589
2039,"CodeTON Round 9 (Div. 1 + Div. 2, Rated, Prizes!)",gotcha101,8721,1732383300,928,866
2039,"CodeTON Round 9 (Div. 1 + Div. 2, Rated, Prizes!)",ldga,8721,1732383300,898,841
2039,"CodeTON Round 9 (Div. 1 + Div. 2, Rated, Prizes!)",esTeY,8724,1732383300,632,781
2039,"CodeTON Round 9 (Div. 1 + Div. 2, Rated, Prizes!)",blazor,8724,1732383300,0,374
2039,"CodeTON Round 9 (Div. 1 + Div. 2, Rated, Prizes!)",BowTamer,8726,1732383300,359,596
2039,"CodeTON Round 9 (Div. 1 + Div. 2, Rated, Prizes!)",KaSo06,8726,1732383300,680,821
2039,"CodeTON Round 9 (Div. 1 + Div. 2, Rated, Prizes!)",Lizaanwar40,8726,1732383300,730,801
2039,"CodeTON Round 9 (Div. 1 + Div. 2, Rated, Prizes!)",smandanial4,8726,1732383300,574,731
2039,"CodeTON Round 9 (Div. 1 + Div. 2, Rated, Prizes!)",surya45,8730,1732383300,680,821
2039,"CodeTON Round 9 (Div. 1 + Div. 2, Rated, Prizes!)",AbhijeetRaj,8730,1732383300,879,825
2039,"CodeTON Round 9 (Div. 1 + Div. 2, Rated, Prizes!)",sahedbatman,8730,1732383300,770,809
2039,"CodeTON Round 9 (Div. 1 + Div. 2, Rated, Prizes!)",Theon_n,8730,1732383300,652,798
2039,"CodeTON Round 9 (Div. 1 + Div. 2, Rated, Prizes!)",CMRIT25_21R01A66E5,8734,1732383300,1083,996
2039,"CodeTON Round 9 (Div. 1 + Div. 2, Rated, Prizes!)",todh_dunga_podh_dunga,8734,1732383300,800,761
2039,"CodeTON Round 9 (Div. 1 + Div. 2, Rated, Prizes!)",Joyboy45,8736,1732383300,850,801
2039,"CodeTON Round 9 (Div. 1 + Div. 2, Rated, Prizes!)",ZY8693,8736,1732383300,0,373
2039,"CodeTON Round 9 (Div. 1 + Div. 2, Rated, Prizes!)",dreckiez,8738,1732383300,787,751
2039,"CodeTON Round 9 (Div. 1 + Div. 2, Rated, Prizes!)",Shakyawal_S,8738,1732383300,898,916
2039,"CodeTON Round 9 (Div. 1 + Div. 2, Rated, Prizes!)",error0000,8740,1732383300,949,882
2039,"CodeTON Round 9 (Div. 1 + Div. 2, Rated, Prizes!)",adnaanonline,8741,1732383300,335,575
2039,"CodeTON Round 9 (Div. 1 + Div. 2, Rated, Prizes!)",Noborita,8741,1732383300,1285,1167
2039,"CodeTON Round 9 (Div. 1 + Div. 2, Rated, Prizes!)",045-Arys.BIL-Erdau-2027,8741,1732383300,622,624
2039,"CodeTON Round 9 (Div. 1 + Div. 2, Rated, Prizes!)",004dpn,8741,1732383300,903,844
2039,"CodeTON Round 9 (Div. 1 + Div. 2, Rated, Prizes!)",laober,8741,1732383300,0,373
2039,"CodeTON Round 9 (Div. 1 + Div. 2, Rated, Prizes!)",DNCoding2112,8746,1732383300,581,736
2039,"CodeTON Round 9 (Div. 1 + Div. 2, Rated, Prizes!)",Anupj_mmmut,8746,1732383300,482,529
2039,"CodeTON Round 9 (Div. 1 + Div. 2, Rated, Prizes!)",dipto_008,8746,1732383300,759,728
2039,"CodeTON Round 9 (Div. 1 + Div. 2, Rated, Prizes!)",xcrown,8746,1732383300,885,870
2039,"CodeTON Round 9 (Div. 1 + Div. 2, Rated, Prizes!)",veyis_112,8750,1732383300,889,908
2039,"CodeTON Round 9 (Div. 1 + Div. 2, Rated, Prizes!)",lehwleh,8751,1732383300,413,641
2039,"CodeTON Round 9 (Div. 1 + Div. 2, Rated, Prizes!)",lit2023007,8751,1732383300,860,883
2039,"CodeTON Round 9 (Div. 1 + Div. 2, Rated, Prizes!)",luck_xxkp,8753,1732383300,0,373
2039,"CodeTON Round 9 (Div. 1 + Div. 2, Rated, Prizes!)",Abhishek733,8753,1732383300,0,373
2039,"CodeTON Round 9 (Div. 1 + Div. 2, Rated, Prizes!)",BLUR_DEVIL,8755,1732383300,1036,955
2039,"CodeTON Round 9 (Div. 1 + Div. 2, Rated, Prizes!)",soyorinO-o,8756,1732383300,639,786
2039,"CodeTON Round 9 (Div. 1 + Div. 2, Rated, Prizes!)",Arefin_Mahim,8756,1732383300,922,859
2039,"CodeTON Round 9 (Div. 1 + Div. 2, Rated, Prizes!)",logicalerrorinmind0,8758,1732383300,786,748
2039,"CodeTON Round 9 (Div. 1 + Div. 2, Rated, Prizes!)",dharmaajay2222,8758,1732383300,353,590
2039,"CodeTON Round 9 (Div. 1 + Div. 2, Rated, Prizes!)",Jack_L,8760,1732383300,646,791
2039,"CodeTON Round 9 (Div. 1 + Div. 2, Rated, Prizes!)",codeAxe7839,8761,1732383300,692,675
2039,"CodeTON Round 9 (Div. 1 + Div. 2, Rated, Prizes!)",youngboy12th11,8761,1732383300,0,373
2039,"CodeTON Round 9 (Div. 1 + Div. 2, Rated, Prizes!)",lord_vinayak,8761,1732383300,877,897
2039,"CodeTON Round 9 (Div. 1 + Div. 2, Rated, Prizes!)",Salah_aldeen_alqadri,8764,1732383300,980,908
2039,"CodeTON Round 9 (Div. 1 + Div. 2, Rated, Prizes!)",ZeeshanHaider,8764,1732383300,694,677
2039,"CodeTON Round 9 (Div. 1 + Div. 2, Rated, Prizes!)",Maha_D_Rahman,8766,1732383300,556,576
2039,"CodeTON Round 9 (Div. 1 + Div. 2, Rated, Prizes!)",naman_9045,8766,1732383300,711,690
2039,"CodeTON Round 9 (Div. 1 + Div. 2, Rated, Prizes!)",Saiful241,8766,1732383300,927,863
2039,"CodeTON Round 9 (Div. 1 + Div. 2, Rated, Prizes!)",shyam_darapu,8766,1732383300,357,593
2039,"CodeTON Round 9 (Div. 1 + Div. 2, Rated, Prizes!)",arjodeep,8770,1732383300,788,749
2039,"CodeTON Round 9 (Div. 1 + Div. 2, Rated, Prizes!)",4jat5hatru,8771,1732383300,645,790
2039,"CodeTON Round 9 (Div. 1 + Div. 2, Rated, Prizes!)",alpamis,8771,1732383300,797,829
2039,"CodeTON Round 9 (Div. 1 + Div. 2, Rated, Prizes!)",codervipul,8771,1732383300,369,603
2039,"CodeTON Round 9 (Div. 1 + Div. 2, Rated, Prizes!)",jirimon3,8774,1732383300,786,847
2039,"CodeTON Round 9 (Div. 1 + Div. 2, Rated, Prizes!)",Sreeja203,8774,1732383300,628,776
2039,"CodeTON Round 9 (Div. 1 + Div. 2, Rated, Prizes!)",Mriamk2012,8774,1732383300,740,711
2039,"CodeTON Round 9 (Div. 1 + Div. 2, Rated, Prizes!)",Guidecoder,8774,1732383300,0,373
2039,"CodeTON Round 9 (Div. 1 + Div. 2, Rated, Prizes!)",Crocubott01,8778,1732383300,790,823
2039,"CodeTON Round 9 (Div. 1 + Div. 2, Rated, Prizes!)",gorunovila82,8779,1732383300,0,372
2039,"CodeTON Round 9 (Div. 1 + Div. 2, Rated, Prizes!)",aishwarya_37,8779,1732383300,622,770
2039,"CodeTON Round 9 (Div. 1 + Div. 2, Rated, Prizes!)",yashthegr8,8781,1732383300,569,725
2039,"CodeTON Round 9 (Div. 1 + Div. 2, Rated, Prizes!)",yourretromoon,8781,1732383300,615,764
2039,"CodeTON Round 9 (Div. 1 + Div. 2, Rated, Prizes!)",Mo_3leem,8783,1732383300,936,870
2039,"CodeTON Round 9 (Div. 1 + Div. 2, Rated, Prizes!)",yi100887,8784,1732383300,0,372
2039,"CodeTON Round 9 (Div. 1 + Div. 2, Rated, Prizes!)",ayush_rr7,8784,1732383300,825,852
2039,"CodeTON Round 9 (Div. 1 + Div. 2, Rated, Prizes!)",Shayan-To,8786,1732383300,1266,1150
2039,"CodeTON Round 9 (Div. 1 + Div. 2, Rated, Prizes!)",Eigen_Value,8787,1732383300,723,698
2039,"CodeTON Round 9 (Div. 1 + Div. 2, Rated, Prizes!)",pilar_,8788,1732383300,356,592
2039,"CodeTON Round 9 (Div. 1 + Div. 2, Rated, Prizes!)",nazmulcp17,8789,1732383300,794,753
2039,"CodeTON Round 9 (Div. 1 + Div. 2, Rated, Prizes!)",krishgarg,8790,1732383300,859,806
2039,"CodeTON Round 9 (Div. 1 + Div. 2, Rated, Prizes!)",Defined1,8791,1732383300,1059,1017
2039,"CodeTON Round 9 (Div. 1 + Div. 2, Rated, Prizes!)",parth_0007,8792,1732383300,0,372
2039,"CodeTON Round 9 (Div. 1 + Div. 2, Rated, Prizes!)",EyeCatcher,8792,1732383300,798,857
2039,"CodeTON Round 9 (Div. 1 + Div. 2, Rated, Prizes!)",DAKThang,8794,1732383300,0,372
2039,"CodeTON Round 9 (Div. 1 + Div. 2, Rated, Prizes!)",manyadx777,8794,1732383300,910,889
2039,"CodeTON Round 9 (Div. 1 + Div. 2, Rated, Prizes!)",ehanayaz,8796,1732383300,1061,1053
2039,"CodeTON Round 9 (Div. 1 + Div. 2, Rated, Prizes!)",Parthtaneja,8796,1732383300,840,790
2039,"CodeTON Round 9 (Div. 1 + Div. 2, Rated, Prizes!)",Mohanedx123,8796,1732383300,1015,936
2039,"CodeTON Round 9 (Div. 1 + Div. 2, Rated, Prizes!)",Programming23,8799,1732383300,855,878
2039,"CodeTON Round 9 (Div. 1 + Div. 2, Rated, Prizes!)",manish_soni03,8799,1732383300,1109,1016
2039,"CodeTON Round 9 (Div. 1 + Div. 2, Rated, Prizes!)",amilion,8801,1732383300,0,372
2039,"CodeTON Round 9 (Div. 1 + Div. 2, Rated, Prizes!)",khageshwar,8802,1732383300,731,703
2039,"CodeTON Round 9 (Div. 1 + Div. 2, Rated, Prizes!)",Antarkarati,8803,1732383300,579,733
2039,"CodeTON Round 9 (Div. 1 + Div. 2, Rated, Prizes!)",Rahi_PUC,8804,1732383300,784,844
2039,"CodeTON Round 9 (Div. 1 + Div. 2, Rated, Prizes!)",Shah.eer,8805,1732383300,969,897
2039,"CodeTON Round 9 (Div. 1 + Div. 2, Rated, Prizes!)",shuchita318,8806,1732383300,676,660
2039,"CodeTON Round 9 (Div. 1 + Div. 2, Rated, Prizes!)",seuristic,8807,1732383300,444,666
2039,"CodeTON Round 9 (Div. 1 + Div. 2, Rated, Prizes!)",Ansh_Yadav,8808,1732383300,866,810
2039,"CodeTON Round 9 (Div. 1 + Div. 2, Rated, Prizes!)",kstbyev,8808,1732383300,335,573
2039,"CodeTON Round 9 (Div. 1 + Div. 2, Rated, Prizes!)",nawal_cp,8810,1732383300,793,751
2039,"CodeTON Round 9 (Div. 1 + Div. 2, Rated, Prizes!)",Findsol,8811,1732383300,640,632
2039,"CodeTON Round 9 (Div. 1 + Div. 2, Rated, Prizes!)",robiulahamed,8812,1732383300,595,599
2039,"CodeTON Round 9 (Div. 1 + Div. 2, Rated, Prizes!)",shiyu66666666,8813,1732383300,754,720
2039,"CodeTON Round 9 (Div. 1 + Div. 2, Rated, Prizes!)",roushankr200,8814,1732383300,391,621
2039,"CodeTON Round 9 (Div. 1 + Div. 2, Rated, Prizes!)",ankitranjan10may,8815,1732383300,801,757
2039,"CodeTON Round 9 (Div. 1 + Div. 2, Rated, Prizes!)",vevoz,8816,1732383300,0,353
2039,"CodeTON Round 9 (Div. 1 + Div. 2, Rated, Prizes!)",fardinkamal62,8816,1732383300,570,702
2039,"CodeTON Round 9 (Div. 1 + Div. 2, Rated, Prizes!)",yurocky,8816,1732383300,0,353
2039,"CodeTON Round 9 (Div. 1 + Div. 2, Rated, Prizes!)",Gaomer,8816,1732383300,1811,1587
2039,"CodeTON Round 9 (Div. 1 + Div. 2, Rated, Prizes!)",Musfirat,8816,1732383300,583,714
2039,"CodeTON Round 9 (Div. 1 + Div. 2, Rated, Prizes!)",Arthur1448,8816,1732383300,902,890
2039,"CodeTON Round 9 (Div. 1 + Div. 2, Rated, Prizes!)",mayank0_3,8816,1732383300,980,874
2039,"CodeTON Round 9 (Div. 1 + Div. 2, Rated, Prizes!)",ADDICTED_MAN,8816,1732383300,941,838
2039,"CodeTON Round 9 (Div. 1 + Div. 2, Rated, Prizes!)",Sree_Shivani,8816,1732383300,731,771
2039,"CodeTON Round 9 (Div. 1 + Div. 2, Rated, Prizes!)",Rathi__1307,8816,1732383300,808,760
2039,"CodeTON Round 9 (Div. 1 + Div. 2, Rated, Prizes!)",abhishek325,8816,1732383300,566,481
2039,"CodeTON Round 9 (Div. 1 + Div. 2, Rated, Prizes!)",A7med_667,8816,1732383300,803,708
2039,"CodeTON Round 9 (Div. 1 + Div. 2, Rated, Prizes!)",zxyyyy,8816,1732383300,0,353
2039,"CodeTON Round 9 (Div. 1 + Div. 2, Rated, Prizes!)",prosenjit_mondol,8816,1732383300,880,781
2039,"CodeTON Round 9 (Div. 1 + Div. 2, Rated, Prizes!)",Hasaaan,8816,1732383300,488,405
2039,"CodeTON Round 9 (Div. 1 + Div. 2, Rated, Prizes!)",Wali05,8816,1732383300,915,902
2039,"CodeTON Round 9 (Div. 1 + Div. 2, Rated, Prizes!)",tareque101,8816,1732383300,779,733
2039,"CodeTON Round 9 (Div. 1 + Div. 2, Rated, Prizes!)",Oaqader4,8816,1732383300,755,663
2039,"CodeTON Round 9 (Div. 1 + Div. 2, Rated, Prizes!)",lokeshreddy_mallela,8816,1732383300,0,353
2039,"CodeTON Round 9 (Div. 1 + Div. 2, Rated, Prizes!)",aiconq,8816,1732383300,824,776
2039,"CodeTON Round 9 (Div. 1 + Div. 2, Rated, Prizes!)",Fenil412,8816,1732383300,902,802
2039,"CodeTON Round 9 (Div. 1 + Div. 2, Rated, Prizes!)",20050808Ff,8816,1732383300,650,562
2039,"CodeTON Round 9 (Div. 1 + Div. 2, Rated, Prizes!)",ayesha800,8816,1732383300,814,719
2039,"CodeTON Round 9 (Div. 1 + Div. 2, Rated, Prizes!)",omar_naji_alh,8816,1732383300,0,353
2039,"CodeTON Round 9 (Div. 1 + Div. 2, Rated, Prizes!)",rajeshkumarjashti,8816,1732383300,0,353
2039,"CodeTON Round 9 (Div. 1 + Div. 2, Rated, Prizes!)",Runtime_Right,8816,1732383300,589,719
2039,"CodeTON Round 9 (Div. 1 + Div. 2, Rated, Prizes!)",shweta_44,8816,1732383300,763,800
2039,"CodeTON Round 9 (Div. 1 + Div. 2, Rated, Prizes!)",sujaldarla,8816,1732383300,356,573
2039,"CodeTON Round 9 (Div. 1 + Div. 2, Rated, Prizes!)",AjunaPrasad,8816,1732383300,0,353
2039,"CodeTON Round 9 (Div. 1 + Div. 2, Rated, Prizes!)",linhkarma,8816,1732383300,830,734
2039,"CodeTON Round 9 (Div. 1 + Div. 2, Rated, Prizes!)",tanjill,8816,1732383300,670,582
2039,"CodeTON Round 9 (Div. 1 + Div. 2, Rated, Prizes!)",afsinnarpiii,8816,1732383300,740,697
2039,"CodeTON Round 9 (Div. 1 + Div. 2, Rated, Prizes!)",yasaswini_12,8816,1732383300,593,722
2039,"CodeTON Round 9 (Div. 1 + Div. 2, Rated, Prizes!)",PaRsHvMeShIyA,8816,1732383300,751,659
2039,"CodeTON Round 9 (Div. 1 + Div. 2, Rated, Prizes!)",samihanishat19,8816,1732383300,784,690
2039,"CodeTON Round 9 (Div. 1 + Div. 2, Rated, Prizes!)",subratadas,8816,1732383300,1014,905
2039,"CodeTON Round 9 (Div. 1 + Div. 2, Rated, Prizes!)",anibubi12,8816,1732383300,-31,-30
2039,"CodeTON Round 9 (Div. 1 + Div. 2, Rated, Prizes!)",RIT03,8816,1732383300,595,725
2039,"CodeTON Round 9 (Div. 1 + Div. 2, Rated, Prizes!)",_To_Ma_To_,8816,1732383300,749,705
2039,"CodeTON Round 9 (Div. 1 + Div. 2, Rated, Prizes!)",ANOnymou5,8816,1732383300,0,353
2039,"CodeTON Round 9 (Div. 1 + Div. 2, Rated, Prizes!)",adi_rg,8816,1732383300,985,878
2039,"CodeTON Round 9 (Div. 1 + Div. 2, Rated, Prizes!)",yasmina09,8816,1732383300,366,582
2039,"CodeTON Round 9 (Div. 1 + Div. 2, Rated, Prizes!)",krishnagupta79658,8816,1732383300,0,353
2039,"CodeTON Round 9 (Div. 1 + Div. 2, Rated, Prizes!)",ShivamG93,8816,1732383300,1136,1016
2039,"CodeTON Round 9 (Div. 1 + Div. 2, Rated, Prizes!)",22y71a0514,8816,1732383300,366,582
2039,"CodeTON Round 9 (Div. 1 + Div. 2, Rated, Prizes!)",ZainUlHaq,8816,1732383300,734,643
2039,"CodeTON Round 9 (Div. 1 + Div. 2, Rated, Prizes!)",feiyu05,8816,1732383300,0,353
2039,"CodeTON Round 9 (Div. 1 + Div. 2, Rated, Prizes!)",Abdunur-T-003-28,8816,1732383300,373,589
2039,"CodeTON Round 9 (Div. 1 + Div. 2, Rated, Prizes!)",_unknown_guy,8816,1732383300,1002,895
2039,"CodeTON Round 9 (Div. 1 + Div. 2, Rated, Prizes!)",22211a6631,8816,1732383300,815,720
2039,"CodeTON Round 9 (Div. 1 + Div. 2, Rated, Prizes!)",blengebre2121,8816,1732383300,0,353
2039,"CodeTON Round 9 (Div. 1 + Div. 2, Rated, Prizes!)",rakor,8816,1732383300,0,353
2039,"CodeTON Round 9 (Div. 1 + Div. 2, Rated, Prizes!)",utks18,8816,1732383300,1030,920
2039,"CodeTON Round 9 (Div. 1 + Div. 2, Rated, Prizes!)",Jagritee_0103,8816,1732383300,0,353
2039,"CodeTON Round 9 (Div. 1 + Div. 2, Rated, Prizes!)",Abdulrahman_12_,8816,1732383300,383,597
2039,"CodeTON Round 9 (Div. 1 + Div. 2, Rated, Prizes!)",Kartavya_181710,8816,1732383300,823,818
2039,"CodeTON Round 9 (Div. 1 + Div. 2, Rated, Prizes!)",harman9898,8816,1732383300,0,353
2039,"CodeTON Round 9 (Div. 1 + Div. 2, Rated, Prizes!)",_epsilon_003,8816,1732383300,351,569
2039,"CodeTON Round 9 (Div. 1 + Div. 2, Rated, Prizes!)",Calc2,8816,1732383300,984,924
2039,"CodeTON Round 9 (Div. 1 + Div. 2, Rated, Prizes!)",I-Love-Algorithmes,8816,1732383300,754,662
2039,"CodeTON Round 9 (Div. 1 + Div. 2, Rated, Prizes!)",jacinto5940304,8816,1732383300,0,353
2039,"CodeTON Round 9 (Div. 1 + Div. 2, Rated, Prizes!)",devanshu005,8816,1732383300,784,781
2039,"CodeTON Round 9 (Div. 1 + Div. 2, Rated, Prizes!)",Andrew_sun,8816,1732383300,747,656
2039,"CodeTON Round 9 (Div. 1 + Div. 2, Rated, Prizes!)",SabrinaSakander,8816,1732383300,902,802
2039,"CodeTON Round 9 (Div. 1 + Div. 2, Rated, Prizes!)",Subodh_yadav,8816,1732383300,781,688
2039,"CodeTON Round 9 (Div. 1 + Div. 2, Rated, Prizes!)",22r01a67a5,8816,1732383300,718,759
2039,"CodeTON Round 9 (Div. 1 + Div. 2, Rated, Prizes!)",vineetvadrevu,8816,1732383300,783,819
2039,"CodeTON Round 9 (Div. 1 + Div. 2, Rated, Prizes!)",yugb2804,8816,1732383300,741,742
2039,"CodeTON Round 9 (Div. 1 + Div. 2, Rated, Prizes!)",sam_Ag,8816,1732383300,0,353
2039,"CodeTON Round 9 (Div. 1 + Div. 2, Rated, Prizes!)",MultiplyGoxus,8816,1732383300,1162,1123
2039,"CodeTON Round 9 (Div. 1 + Div. 2, Rated, Prizes!)",x_dcode,8816,1732383300,0,353
2039,"CodeTON Round 9 (Div. 1 + Div. 2, Rated, Prizes!)",Shandilya09,8816,1732383300,764,671
2039,"CodeTON Round 9 (Div. 1 + Div. 2, Rated, Prizes!)",VSS201592_AbdulRahmanM,8816,1732383300,570,702
2039,"CodeTON Round 9 (Div. 1 + Div. 2, Rated, Prizes!)",Samiajannat,8816,1732383300,807,759
2039,"CodeTON Round 9 (Div. 1 + Div. 2, Rated, Prizes!)",nurmohammod,8816,1732383300,568,700
2039,"CodeTON Round 9 (Div. 1 + Div. 2, Rated, Prizes!)",Raad1,8816,1732383300,801,754
2039,"CodeTON Round 9 (Div. 1 + Div. 2, Rated, Prizes!)",George_Joseph,8816,1732383300,898,845
2039,"CodeTON Round 9 (Div. 1 + Div. 2, Rated, Prizes!)",fuckkkk2,8816,1732383300,689,808
2039,"CodeTON Round 9 (Div. 1 + Div. 2, Rated, Prizes!)",nihisiva25,8816,1732383300,645,558
2039,"CodeTON Round 9 (Div. 1 + Div. 2, Rated, Prizes!)",Ayush9120,8816,1732383300,907,996
2039,"CodeTON Round 9 (Div. 1 + Div. 2, Rated, Prizes!)",NHVKhang,8816,1732383300,1280,1144
2039,"CodeTON Round 9 (Div. 1 + Div. 2, Rated, Prizes!)",mdanas8200,8816,1732383300,356,573
2039,"CodeTON Round 9 (Div. 1 + Div. 2, Rated, Prizes!)",yuviking04,8816,1732383300,354,572
2039,"CodeTON Round 9 (Div. 1 + Div. 2, Rated, Prizes!)",ParadoxJunior,8816,1732383300,848,840
2039,"CodeTON Round 9 (Div. 1 + Div. 2, Rated, Prizes!)",GoD_Arceus,8816,1732383300,0,353
2039,"CodeTON Round 9 (Div. 1 + Div. 2, Rated, Prizes!)",TAZDIK_HOSSAIN,8816,1732383300,600,729
2039,"CodeTON Round 9 (Div. 1 + Div. 2, Rated, Prizes!)",Rishitha7,8816,1732383300,618,532
2039,"CodeTON Round 9 (Div. 1 + Div. 2, Rated, Prizes!)",Prapta222,8816,1732383300,0,353
2039,"CodeTON Round 9 (Div. 1 + Div. 2, Rated, Prizes!)",praveenya923,8816,1732383300,755,793
2039,"CodeTON Round 9 (Div. 1 + Div. 2, Rated, Prizes!)",happy0000,8816,1732383300,1043,932
2039,"CodeTON Round 9 (Div. 1 + Div. 2, Rated, Prizes!)",Half_Gojo,8816,1732383300,811,844
2039,"CodeTON Round 9 (Div. 1 + Div. 2, Rated, Prizes!)",banothujamuna1,8816,1732383300,0,353
2039,"CodeTON Round 9 (Div. 1 + Div. 2, Rated, Prizes!)",__TenZzz__,8816,1732383300,879,780
2039,"CodeTON Round 9 (Div. 1 + Div. 2, Rated, Prizes!)",ErtungaYusuf,8816,1732383300,0,353
2039,"CodeTON Round 9 (Div. 1 + Div. 2, Rated, Prizes!)",whatashort178,8816,1732383300,859,762
2039,"CodeTON Round 9 (Div. 1 + Div. 2, Rated, Prizes!)",Manikiran1818,8816,1732383300,614,741
2039,"CodeTON Round 9 (Div. 1 + Div. 2, Rated, Prizes!)",JahidemonHaSan,8816,1732383300,353,570
2039,"CodeTON Round 9 (Div. 1 + Div. 2, Rated, Prizes!)",latha_k12,8816,1732383300,698,609
2039,"CodeTON Round 9 (Div. 1 + Div. 2, Rated, Prizes!)",defvoid,8816,1732383300,679,799
2039,"CodeTON Round 9 (Div. 1 + Div. 2, Rated, Prizes!)",shreyash0815,8816,1732383300,0,353
2039,"CodeTON Round 9 (Div. 1 + Div. 2, Rated, Prizes!)",JA_Tech,8816,1732383300,826,777
2039,"CodeTON Round 9 (Div. 1 + Div. 2, Rated, Prizes!)",Ahmad_Kurbonov,8816,1732383300,0,353
2039,"CodeTON Round 9 (Div. 1 + Div. 2, Rated, Prizes!)",code_cracker15,8816,1732383300,0,353
2039,"CodeTON Round 9 (Div. 1 + Div. 2, Rated, Prizes!)",FOYSAL_sm,8816,1732383300,0,353
2039,"CodeTON Round 9 (Div. 1 + Div. 2, Rated, Prizes!)",krishnag78,8816,1732383300,632,545
2039,"CodeTON Round 9 (Div. 1 + Div. 2, Rated, Prizes!)",244chentian,8816,1732383300,750,788
2039,"CodeTON Round 9 (Div. 1 + Div. 2, Rated, Prizes!)",yadubir12,8816,1732383300,954,850
2039,"CodeTON Round 9 (Div. 1 + Div. 2, Rated, Prizes!)",gayathri_895,8816,1732383300,0,353
2039,"CodeTON Round 9 (Div. 1 + Div. 2, Rated, Prizes!)",chrisl,8816,1732383300,797,831
2039,"CodeTON Round 9 (Div. 1 + Div. 2, Rated, Prizes!)",Fadak-14,8816,1732383300,335,555
2039,"CodeTON Round 9 (Div. 1 + Div. 2, Rated, Prizes!)",prasadjoshi,8816,1732383300,0,353
2039,"CodeTON Round 9 (Div. 1 + Div. 2, Rated, Prizes!)",Ideserveall,8816,1732383300,0,353
2039,"CodeTON Round 9 (Div. 1 + Div. 2, Rated, Prizes!)",ASDRKB,8816,1732383300,844,748
2039,"CodeTON Round 9 (Div. 1 + Div. 2, Rated, Prizes!)",Ali_Haider___,8816,1732383300,0,353
2039,"CodeTON Round 9 (Div. 1 + Div. 2, Rated, Prizes!)",ashadujjaman2617,8816,1732383300,829,733
2039,"CodeTON Round 9 (Div. 1 + Div. 2, Rated, Prizes!)",Sigmarule,8816,1732383300,0,353
2039,"CodeTON Round 9 (Div. 1 + Div. 2, Rated, Prizes!)",srujanavallakati,8816,1732383300,769,805
2039,"CodeTON Round 9 (Div. 1 + Div. 2, Rated, Prizes!)",vedapriya17,8816,1732383300,370,586
2039,"CodeTON Round 9 (Div. 1 + Div. 2, Rated, Prizes!)",Ollys_OGGY,8816,1732383300,498,415
2039,"CodeTON Round 9 (Div. 1 + Div. 2, Rated, Prizes!)",Hiisokaa,8816,1732383300,132,56
2039,"CodeTON Round 9 (Div. 1 + Div. 2, Rated, Prizes!)",1ISLAM1i,8816,1732383300,733,773
2039,"CodeTON Round 9 (Div. 1 + Div. 2, Rated, Prizes!)",ruski,8816,1732383300,0,353
2039,"CodeTON Round 9 (Div. 1 + Div. 2, Rated, Prizes!)",happy.rishi2004,8816,1732383300,0,353
2039,"CodeTON Round 9 (Div. 1 + Div. 2, Rated, Prizes!)",Ab_IrOverflows,8816,1732383300,383,597
2039,"CodeTON Round 9 (Div. 1 + Div. 2, Rated, Prizes!)",gazi_shahtaz,8816,1732383300,850,753
2039,"CodeTON Round 9 (Div. 1 + Div. 2, Rated, Prizes!)",sakib75,8816,1732383300,900,800
2039,"CodeTON Round 9 (Div. 1 + Div. 2, Rated, Prizes!)",tan_inverse,8816,1732383300,931,829
2039,"CodeTON Round 9 (Div. 1 + Div. 2, Rated, Prizes!)",NamanSinghRana,8816,1732383300,360,577
2039,"CodeTON Round 9 (Div. 1 + Div. 2, Rated, Prizes!)",ta815587,8816,1732383300,838,742
2039,"CodeTON Round 9 (Div. 1 + Div. 2, Rated, Prizes!)",ritamjana_16,8816,1732383300,0,353
2039,"CodeTON Round 9 (Div. 1 + Div. 2, Rated, Prizes!)",anandumbb,8816,1732383300,0,353
2039,"CodeTON Round 9 (Div. 1 + Div. 2, Rated, Prizes!)",Chaitu521456,8816,1732383300,632,757
2039,"CodeTON Round 9 (Div. 1 + Div. 2, Rated, Prizes!)",Mohamed__Gamal,8816,1732383300,379,593
2039,"CodeTON Round 9 (Div. 1 + Div. 2, Rated, Prizes!)",akheroes,8816,1732383300,349,567
2039,"CodeTON Round 9 (Div. 1 + Div. 2, Rated, Prizes!)",Kashvi_Agarwal,8816,1732383300,921,942
2039,"CodeTON Round 9 (Div. 1 + Div. 2, Rated, Prizes!)",mohityadaviitb,8816,1732383300,1013,905
2039,"CodeTON Round 9 (Div. 1 + Div. 2, Rated, Prizes!)",suman077,8816,1732383300,0,353
2039,"CodeTON Round 9 (Div. 1 + Div. 2, Rated, Prizes!)",Tigrel,8816,1732383300,580,711
2039,"CodeTON Round 9 (Div. 1 + Div. 2, Rated, Prizes!)",stuck_behind,8816,1732383300,700,611
2039,"CodeTON Round 9 (Div. 1 + Div. 2, Rated, Prizes!)",Rinkeshkumarsinha,8816,1732383300,724,634
2039,"CodeTON Round 9 (Div. 1 + Div. 2, Rated, Prizes!)",Chuba,8816,1732383300,361,578
2039,"CodeTON Round 9 (Div. 1 + Div. 2, Rated, Prizes!)",Big_Mash,8816,1732383300,814,720
2039,"CodeTON Round 9 (Div. 1 + Div. 2, Rated, Prizes!)",AmirDarawsha,8816,1732383300,752,790
2039,"CodeTON Round 9 (Div. 1 + Div. 2, Rated, Prizes!)",NRBL21,8816,1732383300,724,765
2039,"CodeTON Round 9 (Div. 1 + Div. 2, Rated, Prizes!)",mennatullah.wahba,8816,1732383300,885,874
2039,"CodeTON Round 9 (Div. 1 + Div. 2, Rated, Prizes!)",2200030289cseh,8816,1732383300,716,626
2039,"CodeTON Round 9 (Div. 1 + Div. 2, Rated, Prizes!)",asik456,8816,1732383300,0,353
2039,"CodeTON Round 9 (Div. 1 + Div. 2, Rated, Prizes!)",rahul810050,8816,1732383300,832,736
2039,"CodeTON Round 9 (Div. 1 + Div. 2, Rated, Prizes!)",sakshithyadav,8816,1732383300,422,631
2039,"CodeTON Round 9 (Div. 1 + Div. 2, Rated, Prizes!)",Zukhriddinovic,8816,1732383300,387,601
2039,"CodeTON Round 9 (Div. 1 + Div. 2, Rated, Prizes!)",yasinarafat1396,8816,1732383300,600,729
2039,"CodeTON Round 9 (Div. 1 + Div. 2, Rated, Prizes!)",Siddharth_777,8816,1732383300,972,867
2039,"CodeTON Round 9 (Div. 1 + Div. 2, Rated, Prizes!)",rawat_shivx48,8816,1732383300,619,533
2039,"CodeTON Round 9 (Div. 1 + Div. 2, Rated, Prizes!)",notgodfather,8816,1732383300,397,609
2039,"CodeTON Round 9 (Div. 1 + Div. 2, Rated, Prizes!)",d4vl1k,8816,1732383300,768,805
2039,"CodeTON Round 9 (Div. 1 + Div. 2, Rated, Prizes!)",vovanarh29,8816,1732383300,0,353
2039,"CodeTON Round 9 (Div. 1 + Div. 2, Rated, Prizes!)",B_Jez,8816,1732383300,801,797
2039,"CodeTON Round 9 (Div. 1 + Div. 2, Rated, Prizes!)",Only_Up_Official,8816,1732383300,645,769
2039,"CodeTON Round 9 (Div. 1 + Div. 2, Rated, Prizes!)",tudor_holota,8816,1732383300,662,784
2039,"CodeTON Round 9 (Div. 1 + Div. 2, Rated, Prizes!)",DMinh296,8816,1732383300,638,763
2039,"CodeTON Round 9 (Div. 1 + Div. 2, Rated, Prizes!)",amysteriousbeaver,8816,1732383300,346,564
2039,"CodeTON Round 9 (Div. 1 + Div. 2, Rated, Prizes!)",Rufuz,8816,1732383300,0,353
2039,"CodeTON Round 9 (Div. 1 + Div. 2, Rated, Prizes!)",Jesiya,8816,1732383300,0,353
2039,"CodeTON Round 9 (Div. 1 + Div. 2, Rated, Prizes!)",bsdsf22a025,8816,1732383300,389,603
2039,"CodeTON Round 9 (Div. 1 + Div. 2, Rated, Prizes!)",Mahadi_Alam,8816,1732383300,349,567
2039,"CodeTON Round 9 (Div. 1 + Div. 2, Rated, Prizes!)",prudhvi_18,8816,1732383300,735,644
2039,"CodeTON Round 9 (Div. 1 + Div. 2, Rated, Prizes!)",Heisenberg_313,8816,1732383300,568,483
2039,"CodeTON Round 9 (Div. 1 + Div. 2, Rated, Prizes!)",Aditya_Patki,8816,1732383300,0,353
2039,"CodeTON Round 9 (Div. 1 + Div. 2, Rated, Prizes!)",xSloOoOm_2003,8816,1732383300,364,580
2039,"CodeTON Round 9 (Div. 1 + Div. 2, Rated, Prizes!)",Sushanth_Goud,8816,1732383300,795,829
2039,"CodeTON Round 9 (Div. 1 + Div. 2, Rated, Prizes!)",sufyanali__,8816,1732383300,0,353
2039,"CodeTON Round 9 (Div. 1 + Div. 2, Rated, Prizes!)",2210030128_Sohan,8816,1732383300,795,701
2039,"CodeTON Round 9 (Div. 1 + Div. 2, Rated, Prizes!)",arif10001,8816,1732383300,0,353
2039,"CodeTON Round 9 (Div. 1 + Div. 2, Rated, Prizes!)",Bhuvan_S,8816,1732383300,353,570
2039,"CodeTON Round 9 (Div. 1 + Div. 2, Rated, Prizes!)",code-r123,8816,1732383300,471,390
2039,"CodeTON Round 9 (Div. 1 + Div. 2, Rated, Prizes!)",msaadsbr,8816,1732383300,1049,938
2039,"CodeTON Round 9 (Div. 1 + Div. 2, Rated, Prizes!)",anil905,8816,1732383300,0,353
2039,"CodeTON Round 9 (Div. 1 + Div. 2, Rated, Prizes!)",HackHustlerKartik,8816,1732383300,757,868
2039,"CodeTON Round 9 (Div. 1 + Div. 2, Rated, Prizes!)",abenabu389,8816,1732383300,828,822
2039,"CodeTON Round 9 (Div. 1 + Div. 2, Rated, Prizes!)",Mistakenn,8816,1732383300,0,353
2039,"CodeTON Round 9 (Div. 1 + Div. 2, Rated, Prizes!)",V357163,8816,1732383300,0,353
2039,"CodeTON Round 9 (Div. 1 + Div. 2, Rated, Prizes!)",aakshayjoshi892,8816,1732383300,627,754
2039,"CodeTON Round 9 (Div. 1 + Div. 2, Rated, Prizes!)",soul_of_darkness,8816,1732383300,695,606
2039,"CodeTON Round 9 (Div. 1 + Div. 2, Rated, Prizes!)",_soulmate,8816,1732383300,786,783
2039,"CodeTON Round 9 (Div. 1 + Div. 2, Rated, Prizes!)",Mirae_09,8816,1732383300,0,353
2039,"CodeTON Round 9 (Div. 1 + Div. 2, Rated, Prizes!)",Kklu,8816,1732383300,927,825
2039,"CodeTON Round 9 (Div. 1 + Div. 2, Rated, Prizes!)",ZERO111,8816,1732383300,0,353
2039,"CodeTON Round 9 (Div. 1 + Div. 2, Rated, Prizes!)",amreeneusra03,8816,1732383300,877,825
2039,"CodeTON Round 9 (Div. 1 + Div. 2, Rated, Prizes!)",Monstiez,8816,1732383300,0,353
2039,"CodeTON Round 9 (Div. 1 + Div. 2, Rated, Prizes!)",12211039cse,8816,1732383300,0,353
2039,"CodeTON Round 9 (Div. 1 + Div. 2, Rated, Prizes!)",fane,8816,1732383300,750,659
2039,"CodeTON Round 9 (Div. 1 + Div. 2, Rated, Prizes!)",souravpalit,8816,1732383300,781,816
2039,"CodeTON Round 9 (Div. 1 + Div. 2, Rated, Prizes!)",kruthika_reddy7,8816,1732383300,0,353
2039,"CodeTON Round 9 (Div. 1 + Div. 2, Rated, Prizes!)",dedboi,8816,1732383300,0,353
2039,"CodeTON Round 9 (Div. 1 + Div. 2, Rated, Prizes!)",Arju_,8816,1732383300,840,791
2039,"CodeTON Round 9 (Div. 1 + Div. 2, Rated, Prizes!)",Zero_Kelvin,8816,1732383300,817,722
2039,"CodeTON Round 9 (Div. 1 + Div. 2, Rated, Prizes!)",Akshihasaada,8816,1732383300,0,353
2039,"CodeTON Round 9 (Div. 1 + Div. 2, Rated, Prizes!)",VSS201492_NoorFatima,8816,1732383300,0,353
2039,"CodeTON Round 9 (Div. 1 + Div. 2, Rated, Prizes!)",sathwik34,8816,1732383300,630,756
2039,"CodeTON Round 9 (Div. 1 + Div. 2, Rated, Prizes!)",thezer0,8816,1732383300,365,581
2039,"CodeTON Round 9 (Div. 1 + Div. 2, Rated, Prizes!)",yogeshbora7,8816,1732383300,1019,910
2039,"CodeTON Round 9 (Div. 1 + Div. 2, Rated, Prizes!)",Ritam137,8816,1732383300,0,353
2039,"CodeTON Round 9 (Div. 1 + Div. 2, Rated, Prizes!)",maryam.hosseini_,8816,1732383300,0,353
2039,"CodeTON Round 9 (Div. 1 + Div. 2, Rated, Prizes!)",rajibmandal43,8816,1732383300,0,353
2039,"CodeTON Round 9 (Div. 1 + Div. 2, Rated, Prizes!)",raihan127,8816,1732383300,754,662
2039,"CodeTON Round 9 (Div. 1 + Div. 2, Rated, Prizes!)",Ziyovuddin_Unarov,8816,1732383300,0,353
2039,"CodeTON Round 9 (Div. 1 + Div. 2, Rated, Prizes!)",aastha.mewar2801,8816,1732383300,451,369
2039,"CodeTON Round 9 (Div. 1 + Div. 2, Rated, Prizes!)",shreifmohamed,8816,1732383300,779,815
2039,"CodeTON Round 9 (Div. 1 + Div. 2, Rated, Prizes!)",sad_duan,8816,1732383300,582,713
2039,"CodeTON Round 9 (Div. 1 + Div. 2, Rated, Prizes!)",Cydra_36,8816,1732383300,775,682
2039,"CodeTON Round 9 (Div. 1 + Div. 2, Rated, Prizes!)",bobobor,8816,1732383300,0,353
2039,"CodeTON Round 9 (Div. 1 + Div. 2, Rated, Prizes!)",priyanka_rao,8816,1732383300,753,661
2039,"CodeTON Round 9 (Div. 1 + Div. 2, Rated, Prizes!)",Rahul_2005,8816,1732383300,351,569
2039,"CodeTON Round 9 (Div. 1 + Div. 2, Rated, Prizes!)",zouhair_toufani,8816,1732383300,870,772
2039,"CodeTON Round 9 (Div. 1 + Div. 2, Rated, Prizes!)",ku1hua,8816,1732383300,373,589
2039,"CodeTON Round 9 (Div. 1 + Div. 2, Rated, Prizes!)",durgamvinay43,8816,1732383300,781,779
2039,"CodeTON Round 9 (Div. 1 + Div. 2, Rated, Prizes!)",srineel_9,8816,1732383300,574,705
2039,"CodeTON Round 9 (Div. 1 + Div. 2, Rated, Prizes!)",matija13795,8816,1732383300,668,789
2039,"CodeTON Round 9 (Div. 1 + Div. 2, Rated, Prizes!)",SAIHAN.,8816,1732383300,0,353
2039,"CodeTON Round 9 (Div. 1 + Div. 2, Rated, Prizes!)",xxxwenhhh_,8816,1732383300,566,698
2039,"CodeTON Round 9 (Div. 1 + Div. 2, Rated, Prizes!)",Dhrumil_Patel,8816,1732383300,0,353
2039,"CodeTON Round 9 (Div. 1 + Div. 2, Rated, Prizes!)",mritesh108,8816,1732383300,789,695
2039,"CodeTON Round 9 (Div. 1 + Div. 2, Rated, Prizes!)",Misbah2019,8816,1732383300,561,694
2039,"CodeTON Round 9 (Div. 1 + Div. 2, Rated, Prizes!)",-Romeo,8816,1732383300,351,569
2039,"CodeTON Round 9 (Div. 1 + Div. 2, Rated, Prizes!)",Thanmai_S,8816,1732383300,847,797
2039,"CodeTON Round 9 (Div. 1 + Div. 2, Rated, Prizes!)",227r1a05f9,8816,1732383300,570,485
2039,"CodeTON Round 9 (Div. 1 + Div. 2, Rated, Prizes!)",aashnamathias,8816,1732383300,335,554
2039,"CodeTON Round 9 (Div. 1 + Div. 2, Rated, Prizes!)",Antukanu,8816,1732383300,805,710
2039,"CodeTON Round 9 (Div. 1 + Div. 2, Rated, Prizes!)",Rakobay,8816,1732383300,1174,1050
2039,"CodeTON Round 9 (Div. 1 + Div. 2, Rated, Prizes!)",rkebgdf345,8816,1732383300,0,353
2039,"CodeTON Round 9 (Div. 1 + Div. 2, Rated, Prizes!)",Jyothirmayee_ch,8816,1732383300,544,460
2039,"CodeTON Round 9 (Div. 1 + Div. 2, Rated, Prizes!)",yccc0530,8816,1732383300,356,573
2039,"CodeTON Round 9 (Div. 1 + Div. 2, Rated, Prizes!)",Aftab_Ahmed_Fahim,8816,1732383300,398,610
2039,"CodeTON Round 9 (Div. 1 + Div. 2, Rated, Prizes!)",who_kaushlendra,8816,1732383300,0,353
2039,"CodeTON Round 9 (Div. 1 + Div. 2, Rated, Prizes!)",fine2006,8816,1732383300,0,353
2039,"CodeTON Round 9 (Div. 1 + Div. 2, Rated, Prizes!)",JohnFarrellwww,8816,1732383300,1033,923
2039,"CodeTON Round 9 (Div. 1 + Div. 2, Rated, Prizes!)",SMTYON,8816,1732383300,0,353
2039,"CodeTON Round 9 (Div. 1 + Div. 2, Rated, Prizes!)",langphamdng,8816,1732383300,699,817
2039,"CodeTON Round 9 (Div. 1 + Div. 2, Rated, Prizes!)",leonhardriema,8816,1732383300,349,567
2039,"CodeTON Round 9 (Div. 1 + Div. 2, Rated, Prizes!)",divyasrujana_.15,8816,1732383300,715,756
2039,"CodeTON Round 9 (Div. 1 + Div. 2, Rated, Prizes!)",hongzhenbo,8816,1732383300,391,604
2039,"CodeTON Round 9 (Div. 1 + Div. 2, Rated, Prizes!)",bdy01,8816,1732383300,0,353
2039,"CodeTON Round 9 (Div. 1 + Div. 2, Rated, Prizes!)",VSS102262_EshalAsad,8816,1732383300,0,353
2039,"CodeTON Round 9 (Div. 1 + Div. 2, Rated, Prizes!)",coder_arindam,8816,1732383300,595,510
2039,"CodeTON Round 9 (Div. 1 + Div. 2, Rated, Prizes!)",ariv_l.,8816,1732383300,875,776
2039,"CodeTON Round 9 (Div. 1 + Div. 2, Rated, Prizes!)",ylt_23wh5a0413,8816,1732383300,680,592
2039,"CodeTON Round 9 (Div. 1 + Div. 2, Rated, Prizes!)",gidov10556,8816,1732383300,397,609
2039,"CodeTON Round 9 (Div. 1 + Div. 2, Rated, Prizes!)",WebGhost02,8816,1732383300,383,597
2039,"CodeTON Round 9 (Div. 1 + Div. 2, Rated, Prizes!)",Aashish_Jha,8816,1732383300,846,749
2039,"CodeTON Round 9 (Div. 1 + Div. 2, Rated, Prizes!)",GecePanteri,8816,1732383300,0,353
2039,"CodeTON Round 9 (Div. 1 + Div. 2, Rated, Prizes!)",Ciriya,8816,1732383300,736,645
2039,"CodeTON Round 9 (Div. 1 + Div. 2, Rated, Prizes!)",Ahmedhossam10,8816,1732383300,0,353
2039,"CodeTON Round 9 (Div. 1 + Div. 2, Rated, Prizes!)",georgopolgoregopal1,8816,1732383300,0,353
2039,"CodeTON Round 9 (Div. 1 + Div. 2, Rated, Prizes!)",ChuVanKhanh,8816,1732383300,643,556
2039,"CodeTON Round 9 (Div. 1 + Div. 2, Rated, Prizes!)",Arif275m,8816,1732383300,761,799
2039,"CodeTON Round 9 (Div. 1 + Div. 2, Rated, Prizes!)",237r1a05b4,8816,1732383300,781,778
2039,"CodeTON Round 9 (Div. 1 + Div. 2, Rated, Prizes!)",rishabhsharma2207,8816,1732383300,719,629
2039,"CodeTON Round 9 (Div. 1 + Div. 2, Rated, Prizes!)",TurjoyTushar,8816,1732383300,551,685
2039,"CodeTON Round 9 (Div. 1 + Div. 2, Rated, Prizes!)",LiGHTiNiNG_BOT,8816,1732383300,0,353
2039,"CodeTON Round 9 (Div. 1 + Div. 2, Rated, Prizes!)",238r1a05bf,8816,1732383300,367,583
2039,"CodeTON Round 9 (Div. 1 + Div. 2, Rated, Prizes!)",saragassanomari.2005,8816,1732383300,839,743
2039,"CodeTON Round 9 (Div. 1 + Div. 2, Rated, Prizes!)",tharun19,8816,1732383300,0,353
2039,"CodeTON Round 9 (Div. 1 + Div. 2, Rated, Prizes!)",VSS105610_MuhammadAhmad,8816,1732383300,0,353
2039,"CodeTON Round 9 (Div. 1 + Div. 2, Rated, Prizes!)",bakr01,8816,1732383300,800,796
2039,"CodeTON Round 9 (Div. 1 + Div. 2, Rated, Prizes!)",kowsickk,8816,1732383300,625,538
2039,"CodeTON Round 9 (Div. 1 + Div. 2, Rated, Prizes!)",khan.kaka,8816,1732383300,981,875
2039,"CodeTON Round 9 (Div. 1 + Div. 2, Rated, Prizes!)",Sweet_array345,8816,1732383300,392,605
2039,"CodeTON Round 9 (Div. 1 + Div. 2, Rated, Prizes!)",AndreyZyryanov2024,8816,1732383300,396,608
2039,"CodeTON Round 9 (Div. 1 + Div. 2, Rated, Prizes!)",mominul643,8816,1732383300,586,716
2039,"CodeTON Round 9 (Div. 1 + Div. 2, Rated, Prizes!)",_Syss_,8816,1732383300,1179,1137
2039,"CodeTON Round 9 (Div. 1 + Div. 2, Rated, Prizes!)",klu-2200032913,8816,1732383300,396,608
2039,"CodeTON Round 9 (Div. 1 + Div. 2, Rated, Prizes!)",R_pavithra,8816,1732383300,568,483
2039,"CodeTON Round 9 (Div. 1 + Div. 2, Rated, Prizes!)",VSS101266_MHaroon,8816,1732383300,619,746
2039,"CodeTON Round 9 (Div. 1 + Div. 2, Rated, Prizes!)",atharv_more3,8816,1732383300,0,353
2039,"CodeTON Round 9 (Div. 1 + Div. 2, Rated, Prizes!)",22r01a7346,8816,1732383300,0,353
2039,"CodeTON Round 9 (Div. 1 + Div. 2, Rated, Prizes!)",ZolpiE,8816,1732383300,586,501
2039,"CodeTON Round 9 (Div. 1 + Div. 2, Rated, Prizes!)",Anshu04,8816,1732383300,0,353
2039,"CodeTON Round 9 (Div. 1 + Div. 2, Rated, Prizes!)",Hank0924,8816,1732383300,795,829
2039,"CodeTON Round 9 (Div. 1 + Div. 2, Rated, Prizes!)",youjun_0619,8816,1732383300,0,353
2039,"CodeTON Round 9 (Div. 1 + Div. 2, Rated, Prizes!)",HoangLan,8816,1732383300,356,573
2039,"CodeTON Round 9 (Div. 1 + Div. 2, Rated, Prizes!)",Mody_mo975,8816,1732383300,0,353
2039,"CodeTON Round 9 (Div. 1 + Div. 2, Rated, Prizes!)",bhavani1505,8816,1732383300,335,555
2039,"CodeTON Round 9 (Div. 1 + Div. 2, Rated, Prizes!)",VSS100603_DuaFatima,8816,1732383300,0,353
2039,"CodeTON Round 9 (Div. 1 + Div. 2, Rated, Prizes!)",ajmorbi,8816,1732383300,335,555
2039,"CodeTON Round 9 (Div. 1 + Div. 2, Rated, Prizes!)",pH-XD_ToRn,8816,1732383300,838,788
2039,"CodeTON Round 9 (Div. 1 + Div. 2, Rated, Prizes!)",T3554R4CT,8816,1732383300,1060,947
2039,"CodeTON Round 9 (Div. 1 + Div. 2, Rated, Prizes!)",HansDieter,8816,1732383300,0,353
2039,"CodeTON Round 9 (Div. 1 + Div. 2, Rated, Prizes!)",alamin20cse,8816,1732383300,559,475
2039,"CodeTON Round 9 (Div. 1 + Div. 2, Rated, Prizes!)",anandarao,8816,1732383300,349,567
2039,"CodeTON Round 9 (Div. 1 + Div. 2, Rated, Prizes!)",moriom_c,8816,1732383300,666,579
2039,"CodeTON Round 9 (Div. 1 + Div. 2, Rated, Prizes!)",pro_digi,8816,1732383300,744,652
2039,"CodeTON Round 9 (Div. 1 + Div. 2, Rated, Prizes!)",AsifJishan,8816,1732383300,720,630
2039,"CodeTON Round 9 (Div. 1 + Div. 2, Rated, Prizes!)",Mohamed_Azoz,8816,1732383300,0,353
2039,"CodeTON Round 9 (Div. 1 + Div. 2, Rated, Prizes!)",mtemp9898,8816,1732383300,1104,988
2039,"CodeTON Round 9 (Div. 1 + Div. 2, Rated, Prizes!)",Kavazaki,8816,1732383300,1079,965
2039,"CodeTON Round 9 (Div. 1 + Div. 2, Rated, Prizes!)",asimafirdous3,8816,1732383300,969,910
2039,"CodeTON Round 9 (Div. 1 + Div. 2, Rated, Prizes!)",VEER_DODIYA,8816,1732383300,561,694
2039,"CodeTON Round 9 (Div. 1 + Div. 2, Rated, Prizes!)",Shjaber,8816,1732383300,0,353
2039,"CodeTON Round 9 (Div. 1 + Div. 2, Rated, Prizes!)",Vinayaka_nirati,8816,1732383300,894,841
2039,"CodeTON Round 9 (Div. 1 + Div. 2, Rated, Prizes!)",vampire93,8816,1732383300,801,835
2039,"CodeTON Round 9 (Div. 1 + Div. 2, Rated, Prizes!)",I_Love_Balym,8816,1732383300,398,610
2039,"CodeTON Round 9 (Div. 1 + Div. 2, Rated, Prizes!)",Nurain,8816,1732383300,793,699
2039,"CodeTON Round 9 (Div. 1 + Div. 2, Rated, Prizes!)",imran_islam12,8816,1732383300,927,825
2039,"CodeTON Round 9 (Div. 1 + Div. 2, Rated, Prizes!)",prashanth2124,8816,1732383300,853,756
2039,"CodeTON Round 9 (Div. 1 + Div. 2, Rated, Prizes!)",klahari,8816,1732383300,373,589
2039,"CodeTON Round 9 (Div. 1 + Div. 2, Rated, Prizes!)",eyosiace,8816,1732383300,0,353
2039,"CodeTON Round 9 (Div. 1 + Div. 2, Rated, Prizes!)",hungcubuso1vn,8816,1732383300,318,239
2039,"CodeTON Round 9 (Div. 1 + Div. 2, Rated, Prizes!)",237r1a0579,8816,1732383300,0,353
2039,"CodeTON Round 9 (Div. 1 + Div. 2, Rated, Prizes!)",Intelligence10,8816,1732383300,596,511
2039,"CodeTON Round 9 (Div. 1 + Div. 2, Rated, Prizes!)",codeforces.ai,8816,1732383300,988,968
2039,"CodeTON Round 9 (Div. 1 + Div. 2, Rated, Prizes!)",apst666,8816,1732383300,0,353
2039,"CodeTON Round 9 (Div. 1 + Div. 2, Rated, Prizes!)",VSS203523_Ayesha,8816,1732383300,335,555
2039,"CodeTON Round 9 (Div. 1 + Div. 2, Rated, Prizes!)",kamran_11b,8816,1732383300,949,845
2039,"CodeTON Round 9 (Div. 1 + Div. 2, Rated, Prizes!)",preetiyadav7850,8816,1732383300,0,353
2039,"CodeTON Round 9 (Div. 1 + Div. 2, Rated, Prizes!)",amen_meb,8816,1732383300,607,735
2039,"CodeTON Round 9 (Div. 1 + Div. 2, Rated, Prizes!)",alimullah1765,8816,1732383300,0,353
2039,"CodeTON Round 9 (Div. 1 + Div. 2, Rated, Prizes!)",2210040093,8816,1732383300,759,667
2039,"CodeTON Round 9 (Div. 1 + Div. 2, Rated, Prizes!)",shreyaprakash,8816,1732383300,0,353
2039,"CodeTON Round 9 (Div. 1 + Div. 2, Rated, Prizes!)",Do_or_Die_07,8816,1732383300,764,672
2039,"CodeTON Round 9 (Div. 1 + Div. 2, Rated, Prizes!)",robotOne,8816,1732383300,0,353
2039,"CodeTON Round 9 (Div. 1 + Div. 2, Rated, Prizes!)",VSS200844_MAyyanali321,8816,1732383300,0,353
2039,"CodeTON Round 9 (Div. 1 + Div. 2, Rated, Prizes!)",Prakash_Kumar7782,8816,1732383300,864,767
2039,"CodeTON Round 9 (Div. 1 + Div. 2, Rated, Prizes!)",praneethkatukuri,8816,1732383300,335,555
2039,"CodeTON Round 9 (Div. 1 + Div. 2, Rated, Prizes!)",Isa2011,8816,1732383300,870,861
2039,"CodeTON Round 9 (Div. 1 + Div. 2, Rated, Prizes!)",altfoxie,8816,1732383300,659,782
2039,"CodeTON Round 9 (Div. 1 + Div. 2, Rated, Prizes!)",VC17_22,8816,1732383300,730,770
2039,"CodeTON Round 9 (Div. 1 + Div. 2, Rated, Prizes!)",GowthamG04,8816,1732383300,648,561
2039,"CodeTON Round 9 (Div. 1 + Div. 2, Rated, Prizes!)",segmentation_coder,8816,1732383300,993,886
2039,"CodeTON Round 9 (Div. 1 + Div. 2, Rated, Prizes!)",Harshitha_Yallamati,8816,1732383300,0,353
2039,"CodeTON Round 9 (Div. 1 + Div. 2, Rated, Prizes!)",ElectroBoy,8816,1732383300,0,353
2039,"CodeTON Round 9 (Div. 1 + Div. 2, Rated, Prizes!)",LYZZYX,8816,1732383300,1000,1012
2039,"CodeTON Round 9 (Div. 1 + Div. 2, Rated, Prizes!)",parthiv_karangiya,8816,1732383300,0,353
2039,"CodeTON Round 9 (Div. 1 + Div. 2, Rated, Prizes!)",22R01A7345,8816,1732383300,625,539
2039,"CodeTON Round 9 (Div. 1 + Div. 2, Rated, Prizes!)",shadowstorm43,8816,1732383300,0,353
2039,"CodeTON Round 9 (Div. 1 + Div. 2, Rated, Prizes!)",kemz_1,8816,1732383300,576,707
2039,"CodeTON Round 9 (Div. 1 + Div. 2, Rated, Prizes!)",Ekhwan42,8816,1732383300,715,626
2039,"CodeTON Round 9 (Div. 1 + Div. 2, Rated, Prizes!)",justaninternetuser,8816,1732383300,335,554
2039,"CodeTON Round 9 (Div. 1 + Div. 2, Rated, Prizes!)",koushik2k04kkc,8816,1732383300,814,767
2039,"CodeTON Round 9 (Div. 1 + Div. 2, Rated, Prizes!)",Asraful-Alam,8816,1732383300,0,353
2039,"CodeTON Round 9 (Div. 1 + Div. 2, Rated, Prizes!)",a.nabilfri,8816,1732383300,356,573
2039,"CodeTON Round 9 (Div. 1 + Div. 2, Rated, Prizes!)",omarBat,8816,1732383300,599,728
2039,"CodeTON Round 9 (Div. 1 + Div. 2, Rated, Prizes!)",Foysal_001,8816,1732383300,727,767
2039,"CodeTON Round 9 (Div. 1 + Div. 2, Rated, Prizes!)",theroar,8816,1732383300,841,745
2039,"CodeTON Round 9 (Div. 1 + Div. 2, Rated, Prizes!)",srimaha_28,8816,1732383300,0,353
2039,"CodeTON Round 9 (Div. 1 + Div. 2, Rated, Prizes!)",Jahid_122,8816,1732383300,358,575
2039,"CodeTON Round 9 (Div. 1 + Div. 2, Rated, Prizes!)",MahabubHasanMahin,8816,1732383300,773,771
2039,"CodeTON Round 9 (Div. 1 + Div. 2, Rated, Prizes!)",-robby-,8816,1732383300,793,699
2039,"CodeTON Round 9 (Div. 1 + Div. 2, Rated, Prizes!)",sindhus,8816,1732383300,0,353
2039,"CodeTON Round 9 (Div. 1 + Div. 2, Rated, Prizes!)",aruzanturgalieva107,8816,1732383300,606,734
2039,"CodeTON Round 9 (Div. 1 + Div. 2, Rated, Prizes!)",19862829529,8816,1732383300,661,784
2039,"CodeTON Round 9 (Div. 1 + Div. 2, Rated, Prizes!)",sourabh__2001,8816,1732383300,351,569
2039,"CodeTON Round 9 (Div. 1 + Div. 2, Rated, Prizes!)",27Zain.Khalid,8816,1732383300,837,787
2039,"CodeTON Round 9 (Div. 1 + Div. 2, Rated, Prizes!)",Samruddhibg108,8816,1732383300,764,672
2039,"CodeTON Round 9 (Div. 1 + Div. 2, Rated, Prizes!)",XG123321,8816,1732383300,1543,1368
2039,"CodeTON Round 9 (Div. 1 + Div. 2, Rated, Prizes!)",morshaline_1,8816,1732383300,817,722
2039,"CodeTON Round 9 (Div. 1 + Div. 2, Rated, Prizes!)",3li_mo7sn,8816,1732383300,1039,928
2039,"CodeTON Round 9 (Div. 1 + Div. 2, Rated, Prizes!)",Sergey18,8816,1732383300,822,817
2039,"CodeTON Round 9 (Div. 1 + Div. 2, Rated, Prizes!)",Mr_tbk,8816,1732383300,760,798
2039,"CodeTON Round 9 (Div. 1 + Div. 2, Rated, Prizes!)",mahin661,8816,1732383300,1124,1005
2039,"CodeTON Round 9 (Div. 1 + Div. 2, Rated, Prizes!)",dreniveliu2005,8816,1732383300,0,353
2039,"CodeTON Round 9 (Div. 1 + Div. 2, Rated, Prizes!)",vijaypavan34,8816,1732383300,780,687
2039,"CodeTON Round 9 (Div. 1 + Div. 2, Rated, Prizes!)",Abhijith.kore,8816,1732383300,842,835
2039,"CodeTON Round 9 (Div. 1 + Div. 2, Rated, Prizes!)",linrunxinnn,8816,1732383300,379,593
2039,"CodeTON Round 9 (Div. 1 + Div. 2, Rated, Prizes!)",Mohamed_Bb17,8816,1732383300,17,-6
2039,"CodeTON Round 9 (Div. 1 + Div. 2, Rated, Prizes!)",meherankitkumar,8816,1732383300,0,353
2039,"CodeTON Round 9 (Div. 1 + Div. 2, Rated, Prizes!)",amadeuss,8816,1732383300,356,573
2039,"CodeTON Round 9 (Div. 1 + Div. 2, Rated, Prizes!)",GT0SRT,8816,1732383300,768,676
2039,"CodeTON Round 9 (Div. 1 + Div. 2, Rated, Prizes!)",iamshafin121,8816,1732383300,875,777
2039,"CodeTON Round 9 (Div. 1 + Div. 2, Rated, Prizes!)",NEXUS018,8816,1732383300,355,572
2039,"CodeTON Round 9 (Div. 1 + Div. 2, Rated, Prizes!)",Sarayu06,8816,1732383300,821,816
2039,"CodeTON Round 9 (Div. 1 + Div. 2, Rated, Prizes!)",Abdalazeez44,8816,1732383300,0,353
2039,"CodeTON Round 9 (Div. 1 + Div. 2, Rated, Prizes!)",katezoye,8816,1732383300,0,353
2039,"CodeTON Round 9 (Div. 1 + Div. 2, Rated, Prizes!)",aryankmr7906,8816,1732383300,573,705
2039,"CodeTON Round 9 (Div. 1 + Div. 2, Rated, Prizes!)",gaurang_69_sharma,8816,1732383300,0,353
2039,"CodeTON Round 9 (Div. 1 + Div. 2, Rated, Prizes!)",MHIR__,8816,1732383300,974,868
2039,"CodeTON Round 9 (Div. 1 + Div. 2, Rated, Prizes!)",Saloni22,8816,1732383300,771,679
2039,"CodeTON Round 9 (Div. 1 + Div. 2, Rated, Prizes!)",aviO7,8816,1732383300,924,868
2039,"CodeTON Round 9 (Div. 1 + Div. 2, Rated, Prizes!)",Azmain_999,8816,1732383300,757,795
2039,"CodeTON Round 9 (Div. 1 + Div. 2, Rated, Prizes!)",malware2101,8816,1732383300,0,353
2039,"CodeTON Round 9 (Div. 1 + Div. 2, Rated, Prizes!)",ABDULRAHMANHERAFI,8816,1732383300,711,622
2039,"CodeTON Round 9 (Div. 1 + Div. 2, Rated, Prizes!)",D.nilesh,8816,1732383300,360,577
2039,"CodeTON Round 9 (Div. 1 + Div. 2, Rated, Prizes!)",Fardin2.0,8816,1732383300,0,353
2039,"CodeTON Round 9 (Div. 1 + Div. 2, Rated, Prizes!)",himanshukrdev007,8816,1732383300,346,564
2039,"CodeTON Round 9 (Div. 1 + Div. 2, Rated, Prizes!)",Aurora_12,8816,1732383300,872,863
2039,"CodeTON Round 9 (Div. 1 + Div. 2, Rated, Prizes!)",emklaus,8816,1732383300,904,803
2039,"CodeTON Round 9 (Div. 1 + Div. 2, Rated, Prizes!)",SpreadSheets600,8816,1732383300,0,353
2039,"CodeTON Round 9 (Div. 1 + Div. 2, Rated, Prizes!)",Ravikanth27,8816,1732383300,349,567
2039,"CodeTON Round 9 (Div. 1 + Div. 2, Rated, Prizes!)",dzfvbdfvvfdfv,8816,1732383300,0,353
2039,"CodeTON Round 9 (Div. 1 + Div. 2, Rated, Prizes!)",SAMI1595,8816,1732383300,585,716
2039,"CodeTON Round 9 (Div. 1 + Div. 2, Rated, Prizes!)",shashankjukuri,8816,1732383300,1088,973
2039,"CodeTON Round 9 (Div. 1 + Div. 2, Rated, Prizes!)",swathi.yadav,8816,1732383300,803,756
2039,"CodeTON Round 9 (Div. 1 + Div. 2, Rated, Prizes!)",TacticalTaco,8816,1732383300,1021,912
2039,"CodeTON Round 9 (Div. 1 + Div. 2, Rated, Prizes!)",anhdung040709,8816,1732383300,393,605
2039,"CodeTON Round 9 (Div. 1 + Div. 2, Rated, Prizes!)",liuguan1111,8816,1732383300,0,353
2039,"CodeTON Round 9 (Div. 1 + Div. 2, Rated, Prizes!)",nony.cu66,8816,1732383300,0,353
2039,"CodeTON Round 9 (Div. 1 + Div. 2, Rated, Prizes!)",aa0ede0bed,8816,1732383300,615,743
2039,"CodeTON Round 9 (Div. 1 + Div. 2, Rated, Prizes!)",ankadalaroopa,8816,1732383300,564,696
2039,"CodeTON Round 9 (Div. 1 + Div. 2, Rated, Prizes!)",nazmul_fiz,8816,1732383300,0,353
2039,"CodeTON Round 9 (Div. 1 + Div. 2, Rated, Prizes!)",c4mdax,8816,1732383300,0,353
2039,"CodeTON Round 9 (Div. 1 + Div. 2, Rated, Prizes!)",iam2mhs,8816,1732383300,792,826
2039,"CodeTON Round 9 (Div. 1 + Div. 2, Rated, Prizes!)",jeanlvcandiii,8816,1732383300,1067,999
2039,"CodeTON Round 9 (Div. 1 + Div. 2, Rated, Prizes!)",zhsraD,8816,1732383300,0,353
2039,"CodeTON Round 9 (Div. 1 + Div. 2, Rated, Prizes!)",Hossam_turki10,8816,1732383300,0,353
2039,"CodeTON Round 9 (Div. 1 + Div. 2, Rated, Prizes!)",cheems_die,8816,1732383300,717,627
2039,"CodeTON Round 9 (Div. 1 + Div. 2, Rated, Prizes!)",Ameer.Mialeh,8816,1732383300,391,604
2039,"CodeTON Round 9 (Div. 1 + Div. 2, Rated, Prizes!)",abhiailen,8816,1732383300,829,733
2039,"CodeTON Round 9 (Div. 1 + Div. 2, Rated, Prizes!)",mizida,8816,1732383300,1064,951
2039,"CodeTON Round 9 (Div. 1 + Div. 2, Rated, Prizes!)",joshiravi,8816,1732383300,0,353
2039,"CodeTON Round 9 (Div. 1 + Div. 2, Rated, Prizes!)",Big_Chungus_yo,8816,1732383300,890,837
2039,"CodeTON Round 9 (Div. 1 + Div. 2, Rated, Prizes!)",thaibeo123,8816,1732383300,1636,1445
2039,"CodeTON Round 9 (Div. 1 + Div. 2, Rated, Prizes!)",mohamed7070,8816,1732383300,627,541
2039,"CodeTON Round 9 (Div. 1 + Div. 2, Rated, Prizes!)",mdbadshasheikh2022,8816,1732383300,584,715
2039,"CodeTON Round 9 (Div. 1 + Div. 2, Rated, Prizes!)",Meirbek-009-28,8816,1732383300,702,745
2039,"CodeTON Round 9 (Div. 1 + Div. 2, Rated, Prizes!)",Kattanavya04,8816,1732383300,605,734
2039,"CodeTON Round 9 (Div. 1 + Div. 2, Rated, Prizes!)",Mehran_usb,8816,1732383300,683,594
2039,"CodeTON Round 9 (Div. 1 + Div. 2, Rated, Prizes!)",magdalenaf,8816,1732383300,785,692
2039,"CodeTON Round 9 (Div. 1 + Div. 2, Rated, Prizes!)",Kayrat_Ospanov,8816,1732383300,351,569
2039,"CodeTON Round 9 (Div. 1 + Div. 2, Rated, Prizes!)",HiddenAce,8816,1732383300,353,570
2039,"CodeTON Round 9 (Div. 1 + Div. 2, Rated, Prizes!)",_PRO_CHALLENGER,8816,1732383300,788,695
2039,"CodeTON Round 9 (Div. 1 + Div. 2, Rated, Prizes!)",freakadi,8816,1732383300,0,353
2039,"CodeTON Round 9 (Div. 1 + Div. 2, Rated, Prizes!)",XingDian,8816,1732383300,0,353
2039,"CodeTON Round 9 (Div. 1 + Div. 2, Rated, Prizes!)",codex108,8816,1732383300,910,856
2039,"CodeTON Round 9 (Div. 1 + Div. 2, Rated, Prizes!)",VSS100373_MIbrahim,8816,1732383300,0,353
2039,"CodeTON Round 9 (Div. 1 + Div. 2, Rated, Prizes!)",pleasebugmenot.dev,8816,1732383300,0,353
2039,"CodeTON Round 9 (Div. 1 + Div. 2, Rated, Prizes!)",Moyeenul_Islam,8816,1732383300,577,493
2039,"CodeTON Round 9 (Div. 1 + Div. 2, Rated, Prizes!)",makaka_2012,8816,1732383300,383,597
2039,"CodeTON Round 9 (Div. 1 + Div. 2, Rated, Prizes!)",Punit.chaurasia,8816,1732383300,356,573
2039,"CodeTON Round 9 (Div. 1 + Div. 2, Rated, Prizes!)",tahmid.haque,8816,1732383300,439,358
2039,"CodeTON Round 9 (Div. 1 + Div. 2, Rated, Prizes!)",Pillutla_Chaitanya,8816,1732383300,697,608
2039,"CodeTON Round 9 (Div. 1 + Div. 2, Rated, Prizes!)",dapaoyou,8816,1732383300,0,353
2039,"CodeTON Round 9 (Div. 1 + Div. 2, Rated, Prizes!)",iftekhar11,8816,1732383300,808,761
2039,"CodeTON Round 9 (Div. 1 + Div. 2, Rated, Prizes!)",051-adilet-s-2028,8816,1732383300,601,730
2039,"CodeTON Round 9 (Div. 1 + Div. 2, Rated, Prizes!)",moneysky,8816,1732383300,0,353
2039,"CodeTON Round 9 (Div. 1 + Div. 2, Rated, Prizes!)",czxsguhyb,8816,1732383300,0,353
2039,"CodeTON Round 9 (Div. 1 + Div. 2, Rated, Prizes!)",Shamkhalil,8816,1732383300,885,786
2039,"CodeTON Round 9 (Div. 1 + Div. 2, Rated, Prizes!)",nybchen,8816,1732383300,0,353
2039,"CodeTON Round 9 (Div. 1 + Div. 2, Rated, Prizes!)",sabbir04,8816,1732383300,751,659
2039,"CodeTON Round 9 (Div. 1 + Div. 2, Rated, Prizes!)",GafuroV_IsmoiL,8816,1732383300,711,622
2039,"CodeTON Round 9 (Div. 1 + Div. 2, Rated, Prizes!)",Jay9874,8816,1732383300,711,752
2039,"CodeTON Round 9 (Div. 1 + Div. 2, Rated, Prizes!)",KingofCSES,8816,1732383300,911,810
2039,"CodeTON Round 9 (Div. 1 + Div. 2, Rated, Prizes!)",rohiee_,8816,1732383300,353,570
2039,"CodeTON Round 9 (Div. 1 + Div. 2, Rated, Prizes!)",raghuveera,8816,1732383300,586,716
2039,"CodeTON Round 9 (Div. 1 + Div. 2, Rated, Prizes!)",Suryacoder,8816,1732383300,0,353
2039,"CodeTON Round 9 (Div. 1 + Div. 2, Rated, Prizes!)",Ashadul_islam6156,8816,1732383300,0,353
2039,"CodeTON Round 9 (Div. 1 + Div. 2, Rated, Prizes!)",prayangshuuu,8816,1732383300,973,868
2039,"CodeTON Round 9 (Div. 1 + Div. 2, Rated, Prizes!)",joy55,8816,1732383300,878,868
2039,"CodeTON Round 9 (Div. 1 + Div. 2, Rated, Prizes!)",Dipta78,8816,1732383300,740,779
2039,"CodeTON Round 9 (Div. 1 + Div. 2, Rated, Prizes!)",Oditi_Ritchil,8816,1732383300,782,689
2039,"CodeTON Round 9 (Div. 1 + Div. 2, Rated, Prizes!)",Balerion_The_II,8816,1732383300,751,707
2039,"CodeTON Round 9 (Div. 1 + Div. 2, Rated, Prizes!)",VSS201187_Hadia_N.c,8816,1732383300,0,353
2039,"CodeTON Round 9 (Div. 1 + Div. 2, Rated, Prizes!)",ION32,8816,1732383300,634,759
2039,"CodeTON Round 9 (Div. 1 + Div. 2, Rated, Prizes!)",dindina05,8816,1732383300,0,353
2039,"CodeTON Round 9 (Div. 1 + Div. 2, Rated, Prizes!)",Joy_Boyy,8816,1732383300,613,740
2039,"CodeTON Round 9 (Div. 1 + Div. 2, Rated, Prizes!)",shivabalajipatel,8816,1732383300,863,765
2039,"CodeTON Round 9 (Div. 1 + Div. 2, Rated, Prizes!)",VSS204108_MShaheerAbd,8816,1732383300,0,353
2039,"CodeTON Round 9 (Div. 1 + Div. 2, Rated, Prizes!)",galactus1,8816,1732383300,929,827
2039,"CodeTON Round 9 (Div. 1 + Div. 2, Rated, Prizes!)",na0x3,8816,1732383300,662,784
2039,"CodeTON Round 9 (Div. 1 + Div. 2, Rated, Prizes!)",Nirnita724,8816,1732383300,963,905
2039,"CodeTON Round 9 (Div. 1 + Div. 2, Rated, Prizes!)",abu_abdullah,8816,1732383300,0,353
2039,"CodeTON Round 9 (Div. 1 + Div. 2, Rated, Prizes!)",jakaria92,8816,1732383300,569,484
2039,"CodeTON Round 9 (Div. 1 + Div. 2, Rated, Prizes!)",javohir_192,8816,1732383300,944,841
2039,"CodeTON Round 9 (Div. 1 + Div. 2, Rated, Prizes!)",Abhiaero,8816,1732383300,0,353
2039,"CodeTON Round 9 (Div. 1 + Div. 2, Rated, Prizes!)",dwip_nandi,8816,1732383300,777,684
2039,"CodeTON Round 9 (Div. 1 + Div. 2, Rated, Prizes!)",adi115181,8816,1732383300,958,854
2039,"CodeTON Round 9 (Div. 1 + Div. 2, Rated, Prizes!)",patel26meet,8816,1732383300,849,841
2039,"CodeTON Round 9 (Div. 1 + Div. 2, Rated, Prizes!)",4ams_mostafa,8816,1732383300,0,353
2039,"CodeTON Round 9 (Div. 1 + Div. 2, Rated, Prizes!)",Samarthpd21,8816,1732383300,833,737
2039,"CodeTON Round 9 (Div. 1 + Div. 2, Rated, Prizes!)",_NotGarbage_,8816,1732383300,0,353
2039,"CodeTON Round 9 (Div. 1 + Div. 2, Rated, Prizes!)",madrid1832,8816,1732383300,640,765
2039,"CodeTON Round 9 (Div. 1 + Div. 2, Rated, Prizes!)",Sanjos,8816,1732383300,0,353
2039,"CodeTON Round 9 (Div. 1 + Div. 2, Rated, Prizes!)",narendardadi17,8816,1732383300,591,721
2039,"CodeTON Round 9 (Div. 1 + Div. 2, Rated, Prizes!)",mache,8816,1732383300,0,353
2039,"CodeTON Round 9 (Div. 1 + Div. 2, Rated, Prizes!)",GarudShah,8816,1732383300,1006,898
2039,"CodeTON Round 9 (Div. 1 + Div. 2, Rated, Prizes!)",sri-here,8816,1732383300,760,668
2039,"CodeTON Round 9 (Div. 1 + Div. 2, Rated, Prizes!)",jaggudixit686,8816,1732383300,1188,1063
2039,"CodeTON Round 9 (Div. 1 + Div. 2, Rated, Prizes!)",sarthak03052005,8816,1732383300,0,353
2039,"CodeTON Round 9 (Div. 1 + Div. 2, Rated, Prizes!)",Sandeep_chithaluri,8816,1732383300,688,600
2039,"CodeTON Round 9 (Div. 1 + Div. 2, Rated, Prizes!)",kurubasai2005,8816,1732383300,387,601
2039,"CodeTON Round 9 (Div. 1 + Div. 2, Rated, Prizes!)",Tr.Hieu,8816,1732383300,974,914
2039,"CodeTON Round 9 (Div. 1 + Div. 2, Rated, Prizes!)",I_will_back_,8816,1732383300,1510,1341
2039,"CodeTON Round 9 (Div. 1 + Div. 2, Rated, Prizes!)",WindyYuFeng,8816,1732383300,0,353
2039,"CodeTON Round 9 (Div. 1 + Div. 2, Rated, Prizes!)",Samay10,8816,1732383300,944,841
2039,"CodeTON Round 9 (Div. 1 + Div. 2, Rated, Prizes!)",SKPal2024,8816,1732383300,706,748
2039,"CodeTON Round 9 (Div. 1 + Div. 2, Rated, Prizes!)",aditya.kkmj,8816,1732383300,601,730
2039,"CodeTON Round 9 (Div. 1 + Div. 2, Rated, Prizes!)",crawmacncheese,8816,1732383300,0,353
2039,"CodeTON Round 9 (Div. 1 + Div. 2, Rated, Prizes!)",divyanshuraj607,8816,1732383300,799,705
2039,"CodeTON Round 9 (Div. 1 + Div. 2, Rated, Prizes!)",ricardofilho,8816,1732383300,405,616
2039,"CodeTON Round 9 (Div. 1 + Div. 2, Rated, Prizes!)",FNBarisha,8816,1732383300,567,699
2039,"CodeTON Round 9 (Div. 1 + Div. 2, Rated, Prizes!)",ZhannurM,8816,1732383300,821,816
2039,"CodeTON Round 9 (Div. 1 + Div. 2, Rated, Prizes!)",2210030326,8816,1732383300,923,821
2039,"CodeTON Round 9 (Div. 1 + Div. 2, Rated, Prizes!)",farmmm,8816,1732383300,274,196
2039,"CodeTON Round 9 (Div. 1 + Div. 2, Rated, Prizes!)",Osman_112,8816,1732383300,1088,973
2039,"CodeTON Round 9 (Div. 1 + Div. 2, Rated, Prizes!)",dks05,8816,1732383300,0,353
2039,"CodeTON Round 9 (Div. 1 + Div. 2, Rated, Prizes!)",sbpalash,8816,1732383300,630,756
2039,"CodeTON Round 9 (Div. 1 + Div. 2, Rated, Prizes!)",Md.Solaiman,8816,1732383300,550,467
2039,"CodeTON Round 9 (Div. 1 + Div. 2, Rated, Prizes!)",rainboy,8816,1732383300,2232,1935
2039,"CodeTON Round 9 (Div. 1 + Div. 2, Rated, Prizes!)",rishabhkrpandey,8816,1732383300,647,771
2039,"CodeTON Round 9 (Div. 1 + Div. 2, Rated, Prizes!)",SV_Coder,8816,1732383300,516,434
2039,"CodeTON Round 9 (Div. 1 + Div. 2, Rated, Prizes!)",IvanT23,8816,1732383300,919,818
2039,"CodeTON Round 9 (Div. 1 + Div. 2, Rated, Prizes!)",AboMatar,8816,1732383300,883,784
2039,"CodeTON Round 9 (Div. 1 + Div. 2, Rated, Prizes!)",insaider1000,8816,1732383300,570,702
2039,"CodeTON Round 9 (Div. 1 + Div. 2, Rated, Prizes!)",abrokib_16,8816,1732383300,0,353
2039,"CodeTON Round 9 (Div. 1 + Div. 2, Rated, Prizes!)",kunal_8931,8816,1732383300,948,845
2039,"CodeTON Round 9 (Div. 1 + Div. 2, Rated, Prizes!)",manikjain28july,8816,1732383300,361,577
2039,"CodeTON Round 9 (Div. 1 + Div. 2, Rated, Prizes!)",naveenkumar27204,8816,1732383300,581,712
2039,"CodeTON Round 9 (Div. 1 + Div. 2, Rated, Prizes!)",krishagrawal,8816,1732383300,621,748
2039,"CodeTON Round 9 (Div. 1 + Div. 2, Rated, Prizes!)",anter_nath,8816,1732383300,566,698
2039,"CodeTON Round 9 (Div. 1 + Div. 2, Rated, Prizes!)",gaurav_khivasara,8816,1732383300,778,776
2039,"CodeTON Round 9 (Div. 1 + Div. 2, Rated, Prizes!)",jhrifat10,8816,1732383300,0,353
2039,"CodeTON Round 9 (Div. 1 + Div. 2, Rated, Prizes!)",A_._._A,8816,1732383300,0,353
2039,"CodeTON Round 9 (Div. 1 + Div. 2, Rated, Prizes!)",abhi29,8816,1732383300,887,788
2039,"CodeTON Round 9 (Div. 1 + Div. 2, Rated, Prizes!)",arsalan_0024,8816,1732383300,379,593
2039,"CodeTON Round 9 (Div. 1 + Div. 2, Rated, Prizes!)",Hieptrau,8816,1732383300,0,353
2039,"CodeTON Round 9 (Div. 1 + Div. 2, Rated, Prizes!)",dAn13,8816,1732383300,356,573
2039,"CodeTON Round 9 (Div. 1 + Div. 2, Rated, Prizes!)",abishekn.ymc2022,8816,1732383300,654,777
2039,"CodeTON Round 9 (Div. 1 + Div. 2, Rated, Prizes!)",Talin69,8816,1732383300,627,754
2039,"CodeTON Round 9 (Div. 1 + Div. 2, Rated, Prizes!)",Mohana_Geethika,8816,1732383300,0,353
2039,"CodeTON Round 9 (Div. 1 + Div. 2, Rated, Prizes!)",sakethbainagari,8816,1732383300,396,608
2039,"CodeTON Round 9 (Div. 1 + Div. 2, Rated, Prizes!)",rajaryan619,8816,1732383300,814,847
2039,"CodeTON Round 9 (Div. 1 + Div. 2, Rated, Prizes!)",_essam_sami_,8816,1732383300,509,427
2039,"CodeTON Round 9 (Div. 1 + Div. 2, Rated, Prizes!)",Slamaa,8816,1732383300,859,761
2039,"CodeTON Round 9 (Div. 1 + Div. 2, Rated, Prizes!)",AmalHemi,8816,1732383300,0,353
2039,"CodeTON Round 9 (Div. 1 + Div. 2, Rated, Prizes!)",dombaleumadevi,8816,1732383300,721,762
2039,"CodeTON Round 9 (Div. 1 + Div. 2, Rated, Prizes!)",sai_pallavi08,8816,1732383300,730,770
2039,"CodeTON Round 9 (Div. 1 + Div. 2, Rated, Prizes!)",Kavish_Vachheta_01,8816,1732383300,0,353
2039,"CodeTON Round 9 (Div. 1 + Div. 2, Rated, Prizes!)",file1997,8816,1732383300,0,353
2039,"CodeTON Round 9 (Div. 1 + Div. 2, Rated, Prizes!)",anki_29,8816,1732383300,335,555
2039,"CodeTON Round 9 (Div. 1 + Div. 2, Rated, Prizes!)",belarus777,8816,1732383300,0,353
2039,"CodeTON Round 9 (Div. 1 + Div. 2, Rated, Prizes!)",Vansh042006,8816,1732383300,0,353
2039,"CodeTON Round 9 (Div. 1 + Div. 2, Rated, Prizes!)",kuluk_2.0,8816,1732383300,1070,957
2039,"CodeTON Round 9 (Div. 1 + Div. 2, Rated, Prizes!)",khanhquan10,8816,1732383300,789,824
2039,"CodeTON Round 9 (Div. 1 + Div. 2, Rated, Prizes!)",Whitel0ne,8816,1732383300,335,555
2039,"CodeTON Round 9 (Div. 1 + Div. 2, Rated, Prizes!)",jamal1223124,8816,1732383300,584,714
2039,"CodeTON Round 9 (Div. 1 + Div. 2, Rated, Prizes!)",Jalik_2010,8816,1732383300,0,353
2039,"CodeTON Round 9 (Div. 1 + Div. 2, Rated, Prizes!)",The_Black_Bird,8816,1732383300,590,505
2039,"CodeTON Round 9 (Div. 1 + Div. 2, Rated, Prizes!)",SubhilloVorukh,8816,1732383300,0,353
2039,"CodeTON Round 9 (Div. 1 + Div. 2, Rated, Prizes!)",shivam999876,8816,1732383300,354,572
2039,"CodeTON Round 9 (Div. 1 + Div. 2, Rated, Prizes!)",genegene,8816,1732383300,0,353
2039,"CodeTON Round 9 (Div. 1 + Div. 2, Rated, Prizes!)",salama305,8816,1732383300,948,932
2039,"CodeTON Round 9 (Div. 1 + Div. 2, Rated, Prizes!)",jon_abraham56,8816,1732383300,626,752
2039,"CodeTON Round 9 (Div. 1 + Div. 2, Rated, Prizes!)",rishabh_jawade,8816,1732383300,0,353
2039,"CodeTON Round 9 (Div. 1 + Div. 2, Rated, Prizes!)",w3bob,8816,1732383300,773,771
2039,"CodeTON Round 9 (Div. 1 + Div. 2, Rated, Prizes!)",VSS201672_Khawar,8816,1732383300,0,353
2039,"CodeTON Round 9 (Div. 1 + Div. 2, Rated, Prizes!)",chakaponi,8816,1732383300,0,353
2039,"CodeTON Round 9 (Div. 1 + Div. 2, Rated, Prizes!)",Anupam_Mahato,8816,1732383300,0,353
2039,"CodeTON Round 9 (Div. 1 + Div. 2, Rated, Prizes!)",Aminul_Islam_Tayef,8816,1732383300,427,636
2039,"CodeTON Round 9 (Div. 1 + Div. 2, Rated, Prizes!)",wahidrock,8816,1732383300,800,796
2039,"CodeTON Round 9 (Div. 1 + Div. 2, Rated, Prizes!)",pankajbind,8816,1732383300,0,353
2039,"CodeTON Round 9 (Div. 1 + Div. 2, Rated, Prizes!)",Slay_Manity7,8816,1732383300,878,868
2039,"CodeTON Round 9 (Div. 1 + Div. 2, Rated, Prizes!)",raptorlake,8816,1732383300,615,743
2039,"CodeTON Round 9 (Div. 1 + Div. 2, Rated, Prizes!)",sumku,8816,1732383300,0,353
2039,"CodeTON Round 9 (Div. 1 + Div. 2, Rated, Prizes!)",cCyuanshen,8816,1732383300,0,353
2039,"CodeTON Round 9 (Div. 1 + Div. 2, Rated, Prizes!)",Krish_Dobariya,8816,1732383300,841,745
2039,"CodeTON Round 9 (Div. 1 + Div. 2, Rated, Prizes!)",suryaja29,8816,1732383300,723,633
2039,"CodeTON Round 9 (Div. 1 + Div. 2, Rated, Prizes!)",kalapatihemanth2006,8816,1732383300,0,353
2039,"CodeTON Round 9 (Div. 1 + Div. 2, Rated, Prizes!)",rahulk.ug22.cs,8816,1732383300,746,785
2039,"CodeTON Round 9 (Div. 1 + Div. 2, Rated, Prizes!)",solitaryMan,8816,1732383300,832,736
2039,"CodeTON Round 9 (Div. 1 + Div. 2, Rated, Prizes!)",dazai05,8816,1732383300,932,830
2039,"CodeTON Round 9 (Div. 1 + Div. 2, Rated, Prizes!)",ani_r,8816,1732383300,767,765
2039,"CodeTON Round 9 (Div. 1 + Div. 2, Rated, Prizes!)",sowmya_0410,8816,1732383300,274,196
2039,"CodeTON Round 9 (Div. 1 + Div. 2, Rated, Prizes!)",DoDo05,8816,1732383300,1060,948
2039,"CodeTON Round 9 (Div. 1 + Div. 2, Rated, Prizes!)",mrpolite,8816,1732383300,820,815
2039,"CodeTON Round 9 (Div. 1 + Div. 2, Rated, Prizes!)",Droid210,8816,1732383300,0,353
2039,"CodeTON Round 9 (Div. 1 + Div. 2, Rated, Prizes!)",bharathh30,8816,1732383300,952,935
2039,"CodeTON Round 9 (Div. 1 + Div. 2, Rated, Prizes!)",mnamratha05,8816,1732383300,700,743
2039,"CodeTON Round 9 (Div. 1 + Div. 2, Rated, Prizes!)",K_Badsha,8816,1732383300,644,768
2039,"CodeTON Round 9 (Div. 1 + Div. 2, Rated, Prizes!)",tarachandjakhar,8816,1732383300,751,751
2039,"CodeTON Round 9 (Div. 1 + Div. 2, Rated, Prizes!)",Zholdybaevaa,8816,1732383300,356,573
2039,"CodeTON Round 9 (Div. 1 + Div. 2, Rated, Prizes!)",shamunur,8816,1732383300,464,384
2039,"CodeTON Round 9 (Div. 1 + Div. 2, Rated, Prizes!)",belal_azam,8816,1732383300,1049,937
2039,"CodeTON Round 9 (Div. 1 + Div. 2, Rated, Prizes!)",0om_mo2,8816,1732383300,374,589
2039,"CodeTON Round 9 (Div. 1 + Div. 2, Rated, Prizes!)",p_jatt,8816,1732383300,1237,1106
2039,"CodeTON Round 9 (Div. 1 + Div. 2, Rated, Prizes!)",Bayan_3,8816,1732383300,549,465
2039,"CodeTON Round 9 (Div. 1 + Div. 2, Rated, Prizes!)",PA1MA,8816,1732383300,0,353
2039,"CodeTON Round 9 (Div. 1 + Div. 2, Rated, Prizes!)",CloudLeopard,8816,1732383300,961,944
2039,"CodeTON Round 9 (Div. 1 + Div. 2, Rated, Prizes!)",Naeem34245,8816,1732383300,1044,978
2039,"CodeTON Round 9 (Div. 1 + Div. 2, Rated, Prizes!)",abduvahhob_011,8816,1732383300,387,600
2039,"CodeTON Round 9 (Div. 1 + Div. 2, Rated, Prizes!)",sn0vvl4nd3r,8816,1732383300,486,686
2039,"CodeTON Round 9 (Div. 1 + Div. 2, Rated, Prizes!)",ssahas,8816,1732383300,374,589
2039,"CodeTON Round 9 (Div. 1 + Div. 2, Rated, Prizes!)",mayankdk605,8816,1732383300,921,908
2039,"CodeTON Round 9 (Div. 1 + Div. 2, Rated, Prizes!)",kagenojitsuryokusha,8816,1732383300,0,353
2039,"CodeTON Round 9 (Div. 1 + Div. 2, Rated, Prizes!)",veertejani101,8816,1732383300,861,763
2039,"CodeTON Round 9 (Div. 1 + Div. 2, Rated, Prizes!)",edisonxiong23,8816,1732383300,821,726
2039,"CodeTON Round 9 (Div. 1 + Div. 2, Rated, Prizes!)",mouhanned2750,8816,1732383300,961,944
2039,"CodeTON Round 9 (Div. 1 + Div. 2, Rated, Prizes!)",dm6288,8816,1732383300,358,575
2039,"CodeTON Round 9 (Div. 1 + Div. 2, Rated, Prizes!)",Darkerkiller,8816,1732383300,854,803
2039,"CodeTON Round 9 (Div. 1 + Div. 2, Rated, Prizes!)",Samiya123,8816,1732383300,827,821
2039,"CodeTON Round 9 (Div. 1 + Div. 2, Rated, Prizes!)",19856645473,8816,1732383300,0,353
2039,"CodeTON Round 9 (Div. 1 + Div. 2, Rated, Prizes!)",anadi25,8816,1732383300,671,583
2039,"CodeTON Round 9 (Div. 1 + Div. 2, Rated, Prizes!)",Arafat0012,8816,1732383300,632,545
2039,"CodeTON Round 9 (Div. 1 + Div. 2, Rated, Prizes!)",Shubham_Yaadav,8816,1732383300,0,353
2039,"CodeTON Round 9 (Div. 1 + Div. 2, Rated, Prizes!)",VSS100772_MArhamAli,8816,1732383300,0,353
2039,"CodeTON Round 9 (Div. 1 + Div. 2, Rated, Prizes!)",ShubinEgor,8816,1732383300,0,353
2039,"CodeTON Round 9 (Div. 1 + Div. 2, Rated, Prizes!)",Rit_123,8816,1732383300,0,353
2039,"CodeTON Round 9 (Div. 1 + Div. 2, Rated, Prizes!)",givemebalenciaga,8816,1732383300,910,809
2039,"CodeTON Round 9 (Div. 1 + Div. 2, Rated, Prizes!)",AVenetsky,8816,1732383300,0,353
2039,"CodeTON Round 9 (Div. 1 + Div. 2, Rated, Prizes!)",shabab_sa,8816,1732383300,819,724
2039,"CodeTON Round 9 (Div. 1 + Div. 2, Rated, Prizes!)",vishva34,8816,1732383300,775,774
2039,"CodeTON Round 9 (Div. 1 + Div. 2, Rated, Prizes!)",Rapidfire395,8816,1732383300,0,353
2039,"CodeTON Round 9 (Div. 1 + Div. 2, Rated, Prizes!)",suro_2605,8816,1732383300,0,353
2039,"CodeTON Round 9 (Div. 1 + Div. 2, Rated, Prizes!)",Sagarrr,8816,1732383300,570,702
2039,"CodeTON Round 9 (Div. 1 + Div. 2, Rated, Prizes!)",kaminomahoutukai,8816,1732383300,1018,909
2039,"CodeTON Round 9 (Div. 1 + Div. 2, Rated, Prizes!)",alsaim199,8816,1732383300,875,776
2039,"CodeTON Round 9 (Div. 1 + Div. 2, Rated, Prizes!)",wOo_oOw,8816,1732383300,0,353
2039,"CodeTON Round 9 (Div. 1 + Div. 2, Rated, Prizes!)",ComradeZero,8816,1732383300,797,704
2039,"CodeTON Round 9 (Div. 1 + Div. 2, Rated, Prizes!)",Dcoder19,8816,1732383300,0,353
2039,"CodeTON Round 9 (Div. 1 + Div. 2, Rated, Prizes!)",abdallah_atef18,8816,1732383300,588,718
2039,"CodeTON Round 9 (Div. 1 + Div. 2, Rated, Prizes!)",Mahdi_Proch,8816,1732383300,0,353
2039,"CodeTON Round 9 (Div. 1 + Div. 2, Rated, Prizes!)",shafin117,8816,1732383300,784,781
2039,"CodeTON Round 9 (Div. 1 + Div. 2, Rated, Prizes!)",Nameis_Abedin,8816,1732383300,734,774
2039,"CodeTON Round 9 (Div. 1 + Div. 2, Rated, Prizes!)",kamleshbaheti_,8816,1732383300,924,910
2039,"CodeTON Round 9 (Div. 1 + Div. 2, Rated, Prizes!)",22wh1a1233,8816,1732383300,584,715
2039,"CodeTON Round 9 (Div. 1 + Div. 2, Rated, Prizes!)",mohitxshrivastava,8816,1732383300,349,567
2039,"CodeTON Round 9 (Div. 1 + Div. 2, Rated, Prizes!)",VSS200843_AbeeraSab-,8816,1732383300,0,353
2039,"CodeTON Round 9 (Div. 1 + Div. 2, Rated, Prizes!)",Read-Islam2024,8816,1732383300,0,353
2039,"CodeTON Round 9 (Div. 1 + Div. 2, Rated, Prizes!)",simmarahul,8816,1732383300,385,599
2039,"CodeTON Round 9 (Div. 1 + Div. 2, Rated, Prizes!)",Farhan34,8816,1732383300,500,417
2039,"CodeTON Round 9 (Div. 1 + Div. 2, Rated, Prizes!)",akhila678,8816,1732383300,379,593
2039,"CodeTON Round 9 (Div. 1 + Div. 2, Rated, Prizes!)",Abhyansh,8816,1732383300,580,711
2039,"CodeTON Round 9 (Div. 1 + Div. 2, Rated, Prizes!)",Leonid_Konovalov,8816,1732383300,0,353
2039,"CodeTON Round 9 (Div. 1 + Div. 2, Rated, Prizes!)",dinmohammadtoufik,8816,1732383300,335,554
2039,"CodeTON Round 9 (Div. 1 + Div. 2, Rated, Prizes!)",chennuharshini07,8816,1732383300,786,692
2039,"CodeTON Round 9 (Div. 1 + Div. 2, Rated, Prizes!)",zpzbbj79,8816,1732383300,356,573
2039,"CodeTON Round 9 (Div. 1 + Div. 2, Rated, Prizes!)",GAARA_,8816,1732383300,0,353
2039,"CodeTON Round 9 (Div. 1 + Div. 2, Rated, Prizes!)",Spaindiace,8816,1732383300,778,776
2039,"CodeTON Round 9 (Div. 1 + Div. 2, Rated, Prizes!)",athulvnr,8816,1732383300,837,741
2039,"CodeTON Round 9 (Div. 1 + Div. 2, Rated, Prizes!)",iavar,8816,1732383300,0,353
2039,"CodeTON Round 9 (Div. 1 + Div. 2, Rated, Prizes!)",nosochek8098,8816,1732383300,0,353
2039,"CodeTON Round 9 (Div. 1 + Div. 2, Rated, Prizes!)",shivam325,8816,1732383300,0,353
2039,"CodeTON Round 9 (Div. 1 + Div. 2, Rated, Prizes!)",PaRaDoX_CSTU,8816,1732383300,728,638
2039,"CodeTON Round 9 (Div. 1 + Div. 2, Rated, Prizes!)",akilhossain400,8816,1732383300,622,536
2039,"CodeTON Round 9 (Div. 1 + Div. 2, Rated, Prizes!)",VuttaradhiGhayini,8816,1732383300,353,570
2039,"CodeTON Round 9 (Div. 1 + Div. 2, Rated, Prizes!)",ratul_cse18,8816,1732383300,723,763
2039,"CodeTON Round 9 (Div. 1 + Div. 2, Rated, Prizes!)",Shiv_1_am,8816,1732383300,831,825
2039,"CodeTON Round 9 (Div. 1 + Div. 2, Rated, Prizes!)",5782,8816,1732383300,0,353
2039,"CodeTON Round 9 (Div. 1 + Div. 2, Rated, Prizes!)",rahulstudy1000,8816,1732383300,1006,944
2039,"CodeTON Round 9 (Div. 1 + Div. 2, Rated, Prizes!)",Newbie2025,8816,1732383300,368,584
2039,"CodeTON Round 9 (Div. 1 + Div. 2, Rated, Prizes!)",farhazulmullick99,8816,1732383300,0,353
2039,"CodeTON Round 9 (Div. 1 + Div. 2, Rated, Prizes!)",Snigdho1978,8816,1732383300,1460,1299
2039,"CodeTON Round 9 (Div. 1 + Div. 2, Rated, Prizes!)",Mohith_1,8816,1732383300,724,765
2039,"CodeTON Round 9 (Div. 1 + Div. 2, Rated, Prizes!)",PainKiller,8816,1732383300,0,353
2039,"CodeTON Round 9 (Div. 1 + Div. 2, Rated, Prizes!)",Ardak-3010,8816,1732383300,0,353
2039,"CodeTON Round 9 (Div. 1 + Div. 2, Rated, Prizes!)",SHANKS_17,8816,1732383300,1022,913
2039,"CodeTON Round 9 (Div. 1 + Div. 2, Rated, Prizes!)",suppriyansh,8816,1732383300,0,353
2039,"CodeTON Round 9 (Div. 1 + Div. 2, Rated, Prizes!)",VSS106633_AhmedAliChohan,8816,1732383300,0,353
2039,"CodeTON Round 9 (Div. 1 + Div. 2, Rated, Prizes!)",versionbd,8816,1732383300,912,811
2039,"CodeTON Round 9 (Div. 1 + Div. 2, Rated, Prizes!)",indu_madapathi2323,8816,1732383300,799,795
2039,"CodeTON Round 9 (Div. 1 + Div. 2, Rated, Prizes!)",tirthankar_03,8816,1732383300,356,573
2039,"CodeTON Round 9 (Div. 1 + Div. 2, Rated, Prizes!)",AA2155,8816,1732383300,0,353
2039,"CodeTON Round 9 (Div. 1 + Div. 2, Rated, Prizes!)",Anshu0052,8816,1732383300,0,353
2039,"CodeTON Round 9 (Div. 1 + Div. 2, Rated, Prizes!)",kl2200032267,8816,1732383300,602,731
2039,"CodeTON Round 9 (Div. 1 + Div. 2, Rated, Prizes!)",VTSemicolon,8816,1732383300,704,822
2039,"CodeTON Round 9 (Div. 1 + Div. 2, Rated, Prizes!)",mohitprajapati2444,8816,1732383300,0,353
2039,"CodeTON Round 9 (Div. 1 + Div. 2, Rated, Prizes!)",Kunal_HV_Jadhav,8816,1732383300,0,353
2039,"CodeTON Round 9 (Div. 1 + Div. 2, Rated, Prizes!)",R-I-T-Z,8816,1732383300,586,716
2039,"CodeTON Round 9 (Div. 1 + Div. 2, Rated, Prizes!)",schnehowebking01,8816,1732383300,780,778
2039,"CodeTON Round 9 (Div. 1 + Div. 2, Rated, Prizes!)",alexcoder0309,8816,1732383300,0,353
2039,"CodeTON Round 9 (Div. 1 + Div. 2, Rated, Prizes!)",Charan_sai7,8816,1732383300,571,703
2039,"CodeTON Round 9 (Div. 1 + Div. 2, Rated, Prizes!)",Noobie909,8816,1732383300,349,567
2039,"CodeTON Round 9 (Div. 1 + Div. 2, Rated, Prizes!)",LASRI_Abderrahmane,8816,1732383300,0,353
2039,"CodeTON Round 9 (Div. 1 + Div. 2, Rated, Prizes!)",sachkim957,8816,1732383300,594,723
2039,"CodeTON Round 9 (Div. 1 + Div. 2, Rated, Prizes!)",habebo,8816,1732383300,773,809
2039,"CodeTON Round 9 (Div. 1 + Div. 2, Rated, Prizes!)",Orucov,8816,1732383300,735,691
2039,"CodeTON Round 9 (Div. 1 + Div. 2, Rated, Prizes!)",Cyber_Flare,8816,1732383300,847,840
2039,"CodeTON Round 9 (Div. 1 + Div. 2, Rated, Prizes!)",khadijaruma3456,8816,1732383300,792,698
2039,"CodeTON Round 9 (Div. 1 + Div. 2, Rated, Prizes!)",mdbd644,8816,1732383300,695,606
2039,"CodeTON Round 9 (Div. 1 + Div. 2, Rated, Prizes!)",vignesh190904,8816,1732383300,0,353
2039,"CodeTON Round 9 (Div. 1 + Div. 2, Rated, Prizes!)",Najmul_Hasan,8816,1732383300,471,674
2039,"CodeTON Round 9 (Div. 1 + Div. 2, Rated, Prizes!)",Its_afridi,8816,1732383300,907,806
2039,"CodeTON Round 9 (Div. 1 + Div. 2, Rated, Prizes!)",Mohit-Kumar,8816,1732383300,947,931
2039,"CodeTON Round 9 (Div. 1 + Div. 2, Rated, Prizes!)",muhammadumarsarfraz2010,8816,1732383300,0,353
2039,"CodeTON Round 9 (Div. 1 + Div. 2, Rated, Prizes!)",zarintasnimripti07,8816,1732383300,350,568
2039,"CodeTON Round 9 (Div. 1 + Div. 2, Rated, Prizes!)",nguyenkhangninh99,8816,1732383300,1653,1459
2039,"CodeTON Round 9 (Div. 1 + Div. 2, Rated, Prizes!)",sriharshach,8816,1732383300,388,601
2039,"CodeTON Round 9 (Div. 1 + Div. 2, Rated, Prizes!)",Labantch,8816,1732383300,0,353
2039,"CodeTON Round 9 (Div. 1 + Div. 2, Rated, Prizes!)",Code_Client,8816,1732383300,385,599
2039,"CodeTON Round 9 (Div. 1 + Div. 2, Rated, Prizes!)",plant_trees,8816,1732383300,1632,1441
2039,"CodeTON Round 9 (Div. 1 + Div. 2, Rated, Prizes!)",stoz,8816,1732383300,683,727
2039,"CodeTON Round 9 (Div. 1 + Div. 2, Rated, Prizes!)",Shivam_Yadav11,8816,1732383300,578,710
2039,"CodeTON Round 9 (Div. 1 + Div. 2, Rated, Prizes!)",ektropia,8816,1732383300,0,353
2039,"CodeTON Round 9 (Div. 1 + Div. 2, Rated, Prizes!)",Omarcse26,8816,1732383300,718,759
2039,"CodeTON Round 9 (Div. 1 + Div. 2, Rated, Prizes!)",Shuvo73,8816,1732383300,639,552
2039,"CodeTON Round 9 (Div. 1 + Div. 2, Rated, Prizes!)",one_minus_one,8816,1732383300,601,730
2039,"CodeTON Round 9 (Div. 1 + Div. 2, Rated, Prizes!)",fuhadh,8816,1732383300,794,829
2039,"CodeTON Round 9 (Div. 1 + Div. 2, Rated, Prizes!)",jokeeee,8816,1732383300,804,710
2039,"CodeTON Round 9 (Div. 1 + Div. 2, Rated, Prizes!)",w1rdz,8816,1732383300,0,353
2039,"CodeTON Round 9 (Div. 1 + Div. 2, Rated, Prizes!)",Nurai_serdaliqyzy05,8816,1732383300,0,353
2039,"CodeTON Round 9 (Div. 1 + Div. 2, Rated, Prizes!)",Vyshnavi_Velaga,8816,1732383300,0,353
2039,"CodeTON Round 9 (Div. 1 + Div. 2, Rated, Prizes!)",Galileo_22,8816,1732383300,455,373
2039,"CodeTON Round 9 (Div. 1 + Div. 2, Rated, Prizes!)",S0MS0MM1dA,8816,1732383300,681,593
2039,"CodeTON Round 9 (Div. 1 + Div. 2, Rated, Prizes!)",abdelfatah11,8816,1732383300,432,640
2039,"CodeTON Round 9 (Div. 1 + Div. 2, Rated, Prizes!)",ayoayoagboola,8816,1732383300,777,813
2039,"CodeTON Round 9 (Div. 1 + Div. 2, Rated, Prizes!)",null_value,8816,1732383300,1033,923
2039,"CodeTON Round 9 (Div. 1 + Div. 2, Rated, Prizes!)",Bhushan_20,8816,1732383300,583,714
2039,"CodeTON Round 9 (Div. 1 + Div. 2, Rated, Prizes!)",mdeasintuha,8816,1732383300,1180,1056
2039,"CodeTON Round 9 (Div. 1 + Div. 2, Rated, Prizes!)",abdiko,8816,1732383300,359,576
2039,"CodeTON Round 9 (Div. 1 + Div. 2, Rated, Prizes!)",nic2032cf,8816,1732383300,356,573
2039,"CodeTON Round 9 (Div. 1 + Div. 2, Rated, Prizes!)",AryanRanavat,8816,1732383300,0,353
2039,"CodeTON Round 9 (Div. 1 + Div. 2, Rated, Prizes!)",Byte_Forge,8816,1732383300,996,975
2039,"CodeTON Round 9 (Div. 1 + Div. 2, Rated, Prizes!)",alexljw,8816,1732383300,813,718
2039,"CodeTON Round 9 (Div. 1 + Div. 2, Rated, Prizes!)",brute_force08,8816,1732383300,976,871
2039,"CodeTON Round 9 (Div. 1 + Div. 2, Rated, Prizes!)",Nikulin1000,8816,1732383300,570,702
2039,"CodeTON Round 9 (Div. 1 + Div. 2, Rated, Prizes!)",yujue,8816,1732383300,850,842
2039,"CodeTON Round 9 (Div. 1 + Div. 2, Rated, Prizes!)",Shesir,8816,1732383300,865,767
2039,"CodeTON Round 9 (Div. 1 + Div. 2, Rated, Prizes!)",qwerty8173,8816,1732383300,793,790
2039,"CodeTON Round 9 (Div. 1 + Div. 2, Rated, Prizes!)",dummysassy00,8816,1732383300,596,725
2039,"CodeTON Round 9 (Div. 1 + Div. 2, Rated, Prizes!)",satyasrivemana2,8816,1732383300,792,698
2039,"CodeTON Round 9 (Div. 1 + Div. 2, Rated, Prizes!)",GauravPawarR,8816,1732383300,960,856
2039,"CodeTON Round 9 (Div. 1 + Div. 2, Rated, Prizes!)",238r1a05f7,8816,1732383300,792,698
2039,"CodeTON Round 9 (Div. 1 + Div. 2, Rated, Prizes!)",milk81,8816,1732383300,1253,1120
2039,"CodeTON Round 9 (Div. 1 + Div. 2, Rated, Prizes!)",kauvva_biryani,8816,1732383300,419,628
2039,"CodeTON Round 9 (Div. 1 + Div. 2, Rated, Prizes!)",Ahmed_Aasim,8816,1732383300,765,673
2039,"CodeTON Round 9 (Div. 1 + Div. 2, Rated, Prizes!)",date_3.0,8816,1732383300,717,627
2039,"CodeTON Round 9 (Div. 1 + Div. 2, Rated, Prizes!)",sachin_bhe,8816,1732383300,900,800
2039,"CodeTON Round 9 (Div. 1 + Div. 2, Rated, Prizes!)",YellowSnowMan,8816,1732383300,868,770
2039,"CodeTON Round 9 (Div. 1 + Div. 2, Rated, Prizes!)",NIXININE,8816,1732383300,0,353
2039,"CodeTON Round 9 (Div. 1 + Div. 2, Rated, Prizes!)",aditi75432,8816,1732383300,797,703
2039,"CodeTON Round 9 (Div. 1 + Div. 2, Rated, Prizes!)",abdmalla1996,8816,1732383300,601,730
2039,"CodeTON Round 9 (Div. 1 + Div. 2, Rated, Prizes!)",-Nothridoy-,8816,1732383300,840,743
2039,"CodeTON Round 9 (Div. 1 + Div. 2, Rated, Prizes!)",Gabriel_Santoso,8816,1732383300,723,763
2039,"CodeTON Round 9 (Div. 1 + Div. 2, Rated, Prizes!)",Apurba_21,8816,1732383300,734,774
2039,"CodeTON Round 9 (Div. 1 + Div. 2, Rated, Prizes!)",MJbhai,8816,1732383300,820,922
2039,"CodeTON Round 9 (Div. 1 + Div. 2, Rated, Prizes!)",S0A0D,8816,1732383300,884,874
2039,"CodeTON Round 9 (Div. 1 + Div. 2, Rated, Prizes!)",CasperTwin05,8816,1732383300,566,698
2039,"CodeTON Round 9 (Div. 1 + Div. 2, Rated, Prizes!)",stubborn_2002,8816,1732383300,0,353
2039,"CodeTON Round 9 (Div. 1 + Div. 2, Rated, Prizes!)",Omer2710,8816,1732383300,0,353
2039,"CodeTON Round 9 (Div. 1 + Div. 2, Rated, Prizes!)",Ishu_Agrawal,8816,1732383300,0,353
2039,"CodeTON Round 9 (Div. 1 + Div. 2, Rated, Prizes!)",tdima123456,8816,1732383300,570,702
2039,"CodeTON Round 9 (Div. 1 + Div. 2, Rated, Prizes!)",chocoscoding,8816,1732383300,0,353
2039,"CodeTON Round 9 (Div. 1 + Div. 2, Rated, Prizes!)",Oier_GzsJAY,8816,1732383300,818,850
2039,"CodeTON Round 9 (Div. 1 + Div. 2, Rated, Prizes!)",ksindusree,8816,1732383300,724,764
2039,"CodeTON Round 9 (Div. 1 + Div. 2, Rated, Prizes!)",Zhanik369,8816,1732383300,0,353
2039,"CodeTON Round 9 (Div. 1 + Div. 2, Rated, Prizes!)",JDChian,8816,1732383300,630,756
2039,"CodeTON Round 9 (Div. 1 + Div. 2, Rated, Prizes!)",guptasamarth200,8816,1732383300,353,570
2039,"CodeTON Round 9 (Div. 1 + Div. 2, Rated, Prizes!)",Ahmad.Salaheldin,8816,1732383300,849,752
2039,"CodeTON Round 9 (Div. 1 + Div. 2, Rated, Prizes!)",afia_ema,8816,1732383300,777,684
2039,"CodeTON Round 9 (Div. 1 + Div. 2, Rated, Prizes!)",farhan_mugdho,8816,1732383300,362,578
2039,"CodeTON Round 9 (Div. 1 + Div. 2, Rated, Prizes!)",Shoking_End,8816,1732383300,805,838
2039,"CodeTON Round 9 (Div. 1 + Div. 2, Rated, Prizes!)",Princeton911,8816,1732383300,381,596
2039,"CodeTON Round 9 (Div. 1 + Div. 2, Rated, Prizes!)",acars123,8816,1732383300,394,607
2039,"CodeTON Round 9 (Div. 1 + Div. 2, Rated, Prizes!)",MecShablaw,8816,1732383300,389,603
2039,"CodeTON Round 9 (Div. 1 + Div. 2, Rated, Prizes!)",Coffee.toffee,8816,1732383300,618,532
2039,"CodeTON Round 9 (Div. 1 + Div. 2, Rated, Prizes!)",Dmiitry,8816,1732383300,0,353
2039,"CodeTON Round 9 (Div. 1 + Div. 2, Rated, Prizes!)",_MUH_84,8816,1732383300,730,639
2039,"CodeTON Round 9 (Div. 1 + Div. 2, Rated, Prizes!)",sowrab55,8816,1732383300,546,462
2039,"CodeTON Round 9 (Div. 1 + Div. 2, Rated, Prizes!)",zpxd123,8816,1732383300,799,705
2039,"CodeTON Round 9 (Div. 1 + Div. 2, Rated, Prizes!)",jashwanthkishor05,8816,1732383300,0,353
2039,"CodeTON Round 9 (Div. 1 + Div. 2, Rated, Prizes!)",adi.tya_57,8816,1732383300,929,873
2039,"CodeTON Round 9 (Div. 1 + Div. 2, Rated, Prizes!)",l.alzahrani04,8816,1732383300,721,631
2039,"CodeTON Round 9 (Div. 1 + Div. 2, Rated, Prizes!)",faraz_,8816,1732383300,580,711
2039,"CodeTON Round 9 (Div. 1 + Div. 2, Rated, Prizes!)",Firetruck,8816,1732383300,605,733
2039,"CodeTON Round 9 (Div. 1 + Div. 2, Rated, Prizes!)",krishi1112,8816,1732383300,0,353
2039,"CodeTON Round 9 (Div. 1 + Div. 2, Rated, Prizes!)",md_nayeemuddin,8816,1732383300,711,621
2039,"CodeTON Round 9 (Div. 1 + Div. 2, Rated, Prizes!)",2200030434,8816,1732383300,754,792
2039,"CodeTON Round 9 (Div. 1 + Div. 2, Rated, Prizes!)",0xkafkaa,8816,1732383300,685,804
2039,"CodeTON Round 9 (Div. 1 + Div. 2, Rated, Prizes!)",Vyom_2811,8816,1732383300,758,796
2039,"CodeTON Round 9 (Div. 1 + Div. 2, Rated, Prizes!)",ruminator_143,8816,1732383300,572,704
2039,"CodeTON Round 9 (Div. 1 + Div. 2, Rated, Prizes!)",SenoWaheed,8816,1732383300,365,581
2039,"CodeTON Round 9 (Div. 1 + Div. 2, Rated, Prizes!)",Nitish23,8816,1732383300,0,353
2039,"CodeTON Round 9 (Div. 1 + Div. 2, Rated, Prizes!)",sidbo_t,8816,1732383300,595,725
2039,"CodeTON Round 9 (Div. 1 + Div. 2, Rated, Prizes!)",rejbe32,8816,1732383300,807,712
2039,"CodeTON Round 9 (Div. 1 + Div. 2, Rated, Prizes!)",ahmad.eskhan,8816,1732383300,643,556
2039,"CodeTON Round 9 (Div. 1 + Div. 2, Rated, Prizes!)",Nov12th_PhanTanLong,8816,1732383300,0,353
2039,"CodeTON Round 9 (Div. 1 + Div. 2, Rated, Prizes!)",LonerBoy,8816,1732383300,592,722
2039,"CodeTON Round 9 (Div. 1 + Div. 2, Rated, Prizes!)",salim007,8816,1732383300,924,822
2039,"CodeTON Round 9 (Div. 1 + Div. 2, Rated, Prizes!)",TTTT_TTTT,8816,1732383300,713,623
2039,"CodeTON Round 9 (Div. 1 + Div. 2, Rated, Prizes!)",duttamarisha66,8816,1732383300,0,353
2039,"CodeTON Round 9 (Div. 1 + Div. 2, Rated, Prizes!)",vaishnavi465,8816,1732383300,386,599
2039,"CodeTON Round 9 (Div. 1 + Div. 2, Rated, Prizes!)",Vyshnavi.V,8816,1732383300,0,353
2039,"CodeTON Round 9 (Div. 1 + Div. 2, Rated, Prizes!)",77translate,8816,1732383300,0,353
2039,"CodeTON Round 9 (Div. 1 + Div. 2, Rated, Prizes!)",gatlapriyanka,8816,1732383300,596,725
2039,"CodeTON Round 9 (Div. 1 + Div. 2, Rated, Prizes!)",JrMelloXOmega,8816,1732383300,725,766
2039,"CodeTON Round 9 (Div. 1 + Div. 2, Rated, Prizes!)",babubhai22,8816,1732383300,0,353
2039,"CodeTON Round 9 (Div. 1 + Div. 2, Rated, Prizes!)",avaneeshb,8816,1732383300,0,353
2039,"CodeTON Round 9 (Div. 1 + Div. 2, Rated, Prizes!)",deep_0504,8816,1732383300,741,742
2039,"CodeTON Round 9 (Div. 1 + Div. 2, Rated, Prizes!)",kushsaraf,8816,1732383300,595,725
2039,"CodeTON Round 9 (Div. 1 + Div. 2, Rated, Prizes!)",Raju_kr,8816,1732383300,634,759
2039,"CodeTON Round 9 (Div. 1 + Div. 2, Rated, Prizes!)",harikesht845tri,8816,1732383300,0,353
2039,"CodeTON Round 9 (Div. 1 + Div. 2, Rated, Prizes!)",JifX96,8816,1732383300,630,756
2039,"CodeTON Round 9 (Div. 1 + Div. 2, Rated, Prizes!)",Harishikesh,8816,1732383300,735,775
2039,"CodeTON Round 9 (Div. 1 + Div. 2, Rated, Prizes!)",_U_Turn_,8816,1732383300,782,736
2039,"CodeTON Round 9 (Div. 1 + Div. 2, Rated, Prizes!)",naitik.pandey2024,8816,1732383300,349,567
2039,"CodeTON Round 9 (Div. 1 + Div. 2, Rated, Prizes!)",mdsajjad,8816,1732383300,590,720
2039,"CodeTON Round 9 (Div. 1 + Div. 2, Rated, Prizes!)",fuchsia_wn,8816,1732383300,917,815
2039,"CodeTON Round 9 (Div. 1 + Div. 2, Rated, Prizes!)",mohityadaviitbombay,8816,1732383300,843,747
2039,"CodeTON Round 9 (Div. 1 + Div. 2, Rated, Prizes!)",Kr.Anurag,8816,1732383300,0,353
2039,"CodeTON Round 9 (Div. 1 + Div. 2, Rated, Prizes!)",galanoski,8816,1732383300,951,847
2039,"CodeTON Round 9 (Div. 1 + Div. 2, Rated, Prizes!)",5f5u5c5k5,8816,1732383300,1152,1031
2039,"CodeTON Round 9 (Div. 1 + Div. 2, Rated, Prizes!)",ahmad_S_S_S_,8816,1732383300,0,353
2039,"CodeTON Round 9 (Div. 1 + Div. 2, Rated, Prizes!)",mrfaster9999,8816,1732383300,0,353
2039,"CodeTON Round 9 (Div. 1 + Div. 2, Rated, Prizes!)",anshumansingh7333,8816,1732383300,1044,979
2039,"CodeTON Round 9 (Div. 1 + Div. 2, Rated, Prizes!)",Md_Shah_Newaz,8816,1732383300,366,582
2039,"CodeTON Round 9 (Div. 1 + Div. 2, Rated, Prizes!)",Ajith2307,8816,1732383300,0,353
2039,"CodeTON Round 9 (Div. 1 + Div. 2, Rated, Prizes!)",tiny_pixel,8816,1732383300,564,697
2039,"CodeTON Round 9 (Div. 1 + Div. 2, Rated, Prizes!)",nazerinKabir,8816,1732383300,0,353
2039,"CodeTON Round 9 (Div. 1 + Div. 2, Rated, Prizes!)",Khandeh_h,8816,1732383300,636,762
2039,"CodeTON Round 9 (Div. 1 + Div. 2, Rated, Prizes!)",Ribal21,8816,1732383300,851,880
2039,"CodeTON Round 9 (Div. 1 + Div. 2, Rated, Prizes!)",H4B1B,8816,1732383300,682,593
2039,"CodeTON Round 9 (Div. 1 + Div. 2, Rated, Prizes!)",issahil404,8816,1732383300,864,767
2039,"CodeTON Round 9 (Div. 1 + Div. 2, Rated, Prizes!)",unsigned_char,8816,1732383300,765,673
2039,"CodeTON Round 9 (Div. 1 + Div. 2, Rated, Prizes!)",Pahlavonov,8816,1732383300,358,575
2039,"CodeTON Round 9 (Div. 1 + Div. 2, Rated, Prizes!)",GJLH5,8816,1732383300,0,353
2039,"CodeTON Round 9 (Div. 1 + Div. 2, Rated, Prizes!)",Sajib_20,8816,1732383300,818,850
2039,"CodeTON Round 9 (Div. 1 + Div. 2, Rated, Prizes!)",TemoTech,8816,1732383300,576,707
2039,"CodeTON Round 9 (Div. 1 + Div. 2, Rated, Prizes!)",3Smileee,8816,1732383300,367,583
2039,"CodeTON Round 9 (Div. 1 + Div. 2, Rated, Prizes!)",antiquark007,8816,1732383300,700,610
2039,"CodeTON Round 9 (Div. 1 + Div. 2, Rated, Prizes!)",jef_22_12,8816,1732383300,712,622
2039,"CodeTON Round 9 (Div. 1 + Div. 2, Rated, Prizes!)",polar_api,8816,1732383300,393,605
2039,"CodeTON Round 9 (Div. 1 + Div. 2, Rated, Prizes!)",Cloudy_Sky_,8816,1732383300,939,837
2039,"CodeTON Round 9 (Div. 1 + Div. 2, Rated, Prizes!)",vss200938_HamzaFarooq,8816,1732383300,363,579
2039,"CodeTON Round 9 (Div. 1 + Div. 2, Rated, Prizes!)",Gpmr5,8816,1732383300,0,353
2039,"CodeTON Round 9 (Div. 1 + Div. 2, Rated, Prizes!)",abdelrahmamsobhy244,8816,1732383300,646,559
2039,"CodeTON Round 9 (Div. 1 + Div. 2, Rated, Prizes!)",Lucky04,8816,1732383300,0,353
2039,"CodeTON Round 9 (Div. 1 + Div. 2, Rated, Prizes!)",MariaAngelica,8816,1732383300,835,866
2039,"CodeTON Round 9 (Div. 1 + Div. 2, Rated, Prizes!)",bolem_26,8816,1732383300,0,353
2039,"CodeTON Round 9 (Div. 1 + Div. 2, Rated, Prizes!)",Abhinay_2005,8816,1732383300,378,592
2039,"CodeTON Round 9 (Div. 1 + Div. 2, Rated, Prizes!)",big_hongbao,8816,1732383300,1313,1173
2039,"CodeTON Round 9 (Div. 1 + Div. 2, Rated, Prizes!)",akshaykumarbandi2,8816,1732383300,0,353
2039,"CodeTON Round 9 (Div. 1 + Div. 2, Rated, Prizes!)",23h51a66x8Lakshmi,8816,1732383300,598,727
2039,"CodeTON Round 9 (Div. 1 + Div. 2, Rated, Prizes!)",sangamsiddharth05,8816,1732383300,779,686
2039,"CodeTON Round 9 (Div. 1 + Div. 2, Rated, Prizes!)",codernirob307,8816,1732383300,853,756
2039,"CodeTON Round 9 (Div. 1 + Div. 2, Rated, Prizes!)",aliostraa,8816,1732383300,379,594
2039,"CodeTON Round 9 (Div. 1 + Div. 2, Rated, Prizes!)",youngo,8816,1732383300,353,570
2039,"CodeTON Round 9 (Div. 1 + Div. 2, Rated, Prizes!)",ai.Pranto,8816,1732383300,772,770
2039,"CodeTON Round 9 (Div. 1 + Div. 2, Rated, Prizes!)",Tanjil_1151,8816,1732383300,0,353
2039,"CodeTON Round 9 (Div. 1 + Div. 2, Rated, Prizes!)",finister101,8816,1732383300,346,565
2039,"CodeTON Round 9 (Div. 1 + Div. 2, Rated, Prizes!)",TalhaWillDie,8816,1732383300,0,353
2039,"CodeTON Round 9 (Div. 1 + Div. 2, Rated, Prizes!)",Dinara.Amangeldina,8816,1732383300,356,573
2039,"CodeTON Round 9 (Div. 1 + Div. 2, Rated, Prizes!)",samanwoy28,8816,1732383300,765,802
2039,"CodeTON Round 9 (Div. 1 + Div. 2, Rated, Prizes!)",herunze,8816,1732383300,961,902
2039,"CodeTON Round 9 (Div. 1 + Div. 2, Rated, Prizes!)",Phoenix_AJ_43,8816,1732383300,490,690
2039,"CodeTON Round 9 (Div. 1 + Div. 2, Rated, Prizes!)",shivam811,8816,1732383300,957,853
2039,"CodeTON Round 9 (Div. 1 + Div. 2, Rated, Prizes!)",hamimsiddiq915,8816,1732383300,0,353
2039,"CodeTON Round 9 (Div. 1 + Div. 2, Rated, Prizes!)",hasanmahin025,8816,1732383300,342,262
2039,"CodeTON Round 9 (Div. 1 + Div. 2, Rated, Prizes!)",sangishettysaicharan,8816,1732383300,0,353
2039,"CodeTON Round 9 (Div. 1 + Div. 2, Rated, Prizes!)",pankaj4152,8816,1732383300,797,832
2039,"CodeTON Round 9 (Div. 1 + Div. 2, Rated, Prizes!)",Codemaster06,8816,1732383300,869,771
2039,"CodeTON Round 9 (Div. 1 + Div. 2, Rated, Prizes!)",shivagya101,8816,1732383300,463,666
2039,"CodeTON Round 9 (Div. 1 + Div. 2, Rated, Prizes!)",taha2002,8816,1732383300,832,736
2039,"CodeTON Round 9 (Div. 1 + Div. 2, Rated, Prizes!)",Abdullah_Jubayer,8816,1732383300,632,757
2039,"CodeTON Round 9 (Div. 1 + Div. 2, Rated, Prizes!)",_yo_boii,8816,1732383300,1131,1012
2039,"CodeTON Round 9 (Div. 1 + Div. 2, Rated, Prizes!)",Ryan0306,8816,1732383300,396,608
2039,"CodeTON Round 9 (Div. 1 + Div. 2, Rated, Prizes!)",mahinhussain1201,8816,1732383300,987,880
2039,"CodeTON Round 9 (Div. 1 + Div. 2, Rated, Prizes!)",Yuriko,8816,1732383300,906,852
2039,"CodeTON Round 9 (Div. 1 + Div. 2, Rated, Prizes!)",nafi_cse0123,8816,1732383300,375,590
2039,"CodeTON Round 9 (Div. 1 + Div. 2, Rated, Prizes!)",VSS203970_AbdullahHammad,8816,1732383300,737,777
2039,"CodeTON Round 9 (Div. 1 + Div. 2, Rated, Prizes!)",infantslayer9402,8816,1732383300,0,353
2039,"CodeTON Round 9 (Div. 1 + Div. 2, Rated, Prizes!)",jm8hit,8816,1732383300,929,874
2039,"CodeTON Round 9 (Div. 1 + Div. 2, Rated, Prizes!)",pinkiphogat317,8816,1732383300,354,572
2039,"CodeTON Round 9 (Div. 1 + Div. 2, Rated, Prizes!)",dreaploud49854,8816,1732383300,768,805
2039,"CodeTON Round 9 (Div. 1 + Div. 2, Rated, Prizes!)",Twila,8816,1732383300,566,698
2039,"CodeTON Round 9 (Div. 1 + Div. 2, Rated, Prizes!)",hanmantyadav93,8816,1732383300,0,353
2039,"CodeTON Round 9 (Div. 1 + Div. 2, Rated, Prizes!)",DAMNmike,9668,1732383300,501,418
